tree
version=v4
num_class=1
num_tree_per_iteration=1
label_index=0
max_feature_idx=19
objective=binary sigmoid:1
feature_names=Column_0 Column_1 Column_2 Column_3 Column_4 Column_5 Column_6 Column_7 Column_8 Column_9 Column_10 Column_11 Column_12 Column_13 Column_14 Column_15 Column_16 Column_17 Column_18 Column_19
feature_infos=[-0.91508762771119423:7.0404518550796169] [-0.46788383202069578:6.6643569046021334] [-0.92054779236879358:5.1268348622768052] [-0.91271091458958975:6.7725639620893938] [-0.8389956940549731:5.3553138834546701] [-0.94284547286533937:4.8696029838040351] [-0.5673653222038556:6.4679881781968618] [-0.94787700940038411:4.8313250393264084] [-0.92553063824557524:6.1022664625274965] [-1.2150052413878143:5.1499359400615203] [-0.57318528154511317:5.2685207674935697] [-0.83257341816451269:8.0214820819002917] [-0.78706086075038684:8.3305758855641265] [-0.69819215684554692:10.15423525762716] [-0.81263271840903983:5.8024941841778999] [-0.89407771284560411:9.5578668560404303] [-0.86840115939698026:4.7246176223357788] [-1.0775879163691886:5.1054635482127058] [-0.3969285831964906:7.2748914461335783] [-0.69872711861371695:7.8830203429830856]
tree_sizes=5850 6170 6318 6099 6302 6099 6206 6005 6189 6204 6329 6136 6124 6349 6310 6227 6318 5805 5910 6225 6228 6116 6471 6262 6436 6138 6015 6358 6344 6225 6343 6349 6054 6344 6244 6248 6025 6353 6228 6251 6463 6467 6470

Tree=0
num_leaves=55
num_cat=0
split_feature=6 6 12 12 12 12 18 10 6 6 9 9 9 5 12 12 9 9 9 9 13 12 19 13 14 1 7 14 16 17 17 17 16 19 7 8 13 8 17 11 14 12 7 9 19 5 11 14 17 14 11 13 19 19
split_gain=97.766 69.4264 41.5328 47.804 71.4508 43.8485 30.9593 29.3401 20.3702 48.0523 18.0792 23.7538 17.1337 12.2477 11.0545 14.176 7.96971 7.23657 21.3387 11.6615 6.41473 6.38881 6.35677 5.45035 5.33599 6.65097 5.33078 5.12682 4.87074 4.68743 4.4578 4.44228 4.38145 3.52517 3.17818 2.82121 2.13523 2.07781 5.12409 3.07828 5.08459 2.61466 2.19804 1.89454 1.79975 7.78931 2.36656 1.71116 1.66518 1.48515 1.27124 1.02284 0.836838 0.777491
threshold=1.1081371963059292 1.0000000180025095e-35 0.17801059672451677 0.26219677601548752 1.1757611839043363 -0.34575964419814237 2.0526260135183807 1.2149215584515309 1.2542964825776466 2.6334570907901278 -0.33603232399438682 -0.392864883803548 0.46386256416071397 1.0000000180025095e-35 1.2621052038919347 2.1571760052470088 -1.0634559918575055 1.1907897666116798 0.50160030042552717 1.3840102860569372 0.25610715865347239 0.50680777385786213 0.48892764846010045 0.11464822818632221 1.299535957043829 1.3746164464340265 0.59400985988474508 0.25543740237401924 -0.049422989737855201 0.89662177220015649 -0.074905646800934991 0.40643718090243475 0.21525010972440192 -1.0000000180025095e-35 0.15927761984010497 -0.16289974088139661 0.25610715865347239 0.5202769471564771 -0.074905646800934991 0.33513483740603406 0.25543740237401924 0.17801059672451677 0.15927761984010497 -1.0000000180025095e-35 0.48892764846010045 1.0000000180025095e-35 -1.0000000180025095e-35 -0.10857649325808362 0.40643718090243475 0.25543740237401924 -1.0000000180025095e-35 0.25610715865347239 0.19885253181540949 0.084157558916148872
decision_type=2 2 2 2 2 2 2 2 2 2 2 2 2 2 2 2 2 2 2 2 2 2 2 2 2 2 2 2 2 2 2 2 2 2 2 2 2 2 2 2 2 2 2 2 2 2 2 2 2 2 2 2 2 2
left_child=1 2 5 24 35 6 7 10 37 -10 11 16 48 -9 27 -16 34 18 32 -19 -11 26 -17 31 25 29 53 43 -8 44 -15 52 -14 -13 -1 47 -26 39 -39 49 41 -41 -42 -6 45 -4 -46 -5 -12 -2 -31 -51 -7 -3
right_child=8 21 3 4 14 23 28 13 9 20 12 33 17 30 15 22 -18 19 -20 -21 -22 -23 -24 -25 36 -27 -28 -29 -30 50 -32 -33 -34 -35 -36 -37 -38 38 -40 40 42 -43 -44 -45 46 -47 -48 -49 -50 51 -52 -53 -54 -55
leaf_value=-0.30233948520694459 -0.49910175529665179 -0.15592715378927813 -0.33222839283816374 -0.26600202724535615 -0.53587046190711474 -0.15592715378927824 -0.4243179448271055 -0.3552242063995088 -0.20867551102059828 -0.43800913478538378 -0.17424416578224955 -0.40752686277737904 -0.39003502928006101 -0.42018355528900542 -0.26855202429957181 -0.38240107690427999 -0.22103840720670598 -0.43057825625514401 -0.17365958029362699 -0.27331082161733089 -0.57263916838327467 -0.29663510869807241 -0.51581480377260225 -0.30087046516985178 -0.36807145428363569 -0.57263916838327467 -0.25694824982037262 -0.40471044815933016 -0.5369209963797259 -0.48701341336798615 -0.53885170838315799 -0.26010515905500864 -0.2875204234194273 -0.50506424826963425 -0.3887956346594455 -0.15592715378927807 -0.45007681294045232 -0.38644869590935127 -0.52055016750241012 -0.48003649996427883 -0.47647485885422824 -0.57263916838327467 -0.39404830709814981 -0.4589904388411567 -0.42839270374520605 -0.47647485885422824 -0.51828542832756253 -0.19561401306525719 -0.23530087218476931 -0.57263916838327467 -0.54712618839367233 -0.51581480377260225 -0.1992219093553147 -0.19338441423367617
leaf_weight=8.8790337294340151 10.198890194296839 11.518746376037599 6.2393210083246258 6.3593079298734665 8.1591121703386289 8.6390597820282036 7.0792296379804602 11.038798719644548 9.4789683967828768 7.7991513013839704 10.918811678886415 6.359307974576951 10.678837910294538 4.9194646626710883 8.8790337145328539 11.038798734545709 7.6791642755270031 10.558850988745691 11.278772503137587 8.5190728902816755 6.4792949706315994 9.2389945536851865 5.2794255167245856 8.2790990173816663 6.5992818474769575 6.7192688584327689 11.878707259893416 8.0391251742839795 8.3990860581397992 8.759046867489813 8.8790338337421399 10.55885089933872 6.8392557054758063 8.879033818840977 8.1591121107339841 8.9990206062793714 6.1193341016769409 5.639386311173439 5.7593732923269254 6.4792949408292788 6.2393210530281049 5.7593733072280884 6.719268798828125 5.279425501823428 6.2393210381269455 9.3589815795421583 5.5193994045257551 7.5591773241758364 7.559177339076995 7.9191382974386197 5.8793602436780921 5.2794255167245865 9.2389945089817029 10.678837805986403
leaf_count=29 40 32 21 20 33 24 26 38 28 29 31 23 38 18 28 39 23 39 32 27 27 30 21 27 23 28 37 29 34 34 36 33 22 35 29 25 23 20 23 25 24 24 24 20 23 36 22 22 23 33 24 21 27 31
internal_value=-0.36434 -0.341567 -0.357921 -0.400917 -0.344166 -0.327194 -0.351666 -0.33588 -0.461596 -0.383225 -0.313017 -0.36616 -0.281016 -0.433735 -0.415167 -0.370236 -0.30562 -0.312586 -0.280941 -0.360352 -0.499102 -0.222878 -0.425564 -0.229465 -0.465206 -0.480265 -0.202881 -0.467879 -0.48542 -0.465485 -0.496544 -0.208676 -0.350012 -0.46436 -0.343741 -0.199562 -0.407527 -0.49263 -0.454205 -0.501644 -0.477391 -0.523614 -0.433735 -0.505668 -0.441046 -0.418776 -0.470587 -0.227774 -0.199222 -0.527762 -0.511157 -0.549909 -0.178301 -0.173947
internal_weight=441.432 357.681 314.366 131.026 69.5924 183.34 146.624 131.146 83.7509 23.7574 106.308 39.9557 66.3528 24.8373 46.6749 25.1973 24.7173 47.8748 28.7969 19.0779 14.2784 43.3153 16.3182 36.716 61.4333 48.7147 34.0763 21.4777 15.4783 41.9954 13.7985 28.4369 17.5181 15.2383 17.0381 22.9175 12.7186 59.9935 11.3988 48.5947 25.1973 12.2387 12.9586 13.4385 27.357 15.5983 11.7587 13.9185 18.478 23.3975 14.6384 13.1986 17.8781 22.1976
internal_count=1533 1215 1085 471 237 614 503 443 318 84 351 139 212 92 170 88 81 158 92 66 56 130 60 111 234 188 100 82 60 160 54 84 60 58 58 67 46 234 43 191 97 49 48 53 102 57 45 42 54 94 58 54 51 63
is_linear=0
shrinkage=1


Tree=1
num_leaves=58
num_cat=0
split_feature=6 6 9 9 9 9 6 6 9 9 9 13 13 13 10 10 13 16 15 0 5 8 5 5 3 7 7 3 7 2 3 3 2 13 10 8 5 17 13 4 9 0 7 16 2 17 5 8 8 2 16 9 8 16 7 0 16
split_gain=78.7191 53.5433 30.3474 46.5126 35.0394 36.0922 16.8978 38.2044 16.8169 48.7522 16.9918 13.2618 15.7362 12.1921 9.60515 8.99871 8.50838 8.1824 7.62956 7.04736 7.03359 6.03036 5.93255 7.79234 5.67672 5.62042 5.50013 5.3059 5.59001 4.69469 4.58678 3.82343 3.80367 4.54052 3.52017 3.35064 3.89229 3.28243 3.2002 3.12642 2.95269 3.12903 2.47878 2.26763 2.07778 1.93328 1.87728 3.1278 1.68191 2.60643 1.60019 1.37624 1.31983 1.20128 1.1645 0.969837 0.332682
threshold=1.1081371963059292 1.0000000180025095e-35 -0.33603232399438682 0.46386256416071397 -0.392864883803548 -1.0634559918575055 1.2542964825776466 2.6334570907901278 0.50160030042552717 1.1907897666116798 1.3840102860569372 0.25610715865347239 -0.50554564972274063 0.32084858651811182 1.2149215584515309 1.2149215584515309 0.744436489684006 1.2988929893092223 -0.22363772847440952 0.95516529197754285 -0.15679900582765652 0.030871546344070588 0.96338332630223633 1.0000000180025095e-35 -0.68667160991670739 0.15927761984010497 -1.0000000180025095e-35 1.0332391105599126 1.254278575018448 0.25113679234470332 -1.0000000180025095e-35 0.51787994787957314 -0.1481904258167277 -0.058478930022438057 1.2149215584515309 0.98727373093371651 -0.07511957389031014 -0.32310879021791356 0.25610715865347239 0.34117012405629238 -0.13111940759880697 0.24982950298607473 1.254278575018448 -0.049422989737855201 -1.0000000180025095e-35 -0.074905646800934991 1.0000000180025095e-35 -1.0000000180025095e-35 0.030871546344070588 1.3837975777639731 0.21525010972440192 0.16220254180710408 -0.19048131487327064 -0.29945634789918546 1.0000000180025095e-35 -0.13236436709461427 0.21525010972440192
decision_type=2 2 2 2 2 2 2 2 2 2 2 2 2 2 2 2 2 2 2 2 2 2 2 2 2 2 2 2 2 2 2 2 2 2 2 2 2 2 2 2 2 2 2 2 2 2 2 2 2 2 2 2 2 2 2 2 2
left_child=1 2 4 16 5 11 29 -8 19 54 14 12 15 56 21 17 40 35 -15 22 -7 -11 23 26 -9 43 -5 28 30 34 38 32 51 -34 46 36 -1 -23 -6 -32 -4 53 -28 -12 -29 -30 -2 -48 55 -50 -25 -3 -22 -42 -10 -31 -13
right_child=6 31 3 8 27 20 7 24 9 10 25 13 -14 18 -16 -17 -18 -19 -20 -21 52 37 -24 50 -26 -27 42 44 45 48 39 -33 33 -35 -36 -37 -38 -39 -40 -41 41 -43 -44 -45 -46 -47 47 -49 49 -51 -52 -53 -54 -55 -56 -57 -58
leaf_value=0.15782550247937091 0.0007198077328844809 0.21185690823818293 0.2248927412225844 -0.069207780171958805 -0.1421075278392408 0.077830381902207618 0.1720183857990234 -0.16069781511054385 0.21559240653595518 0.05790134717788864 0.16155719493142007 -0.10487407086101404 0.18501524453220142 0.088730686715132248 -0.14111329533393754 -0.091616903158007884 0.066813210889612992 -0.047849680066555156 -0.059758562279268485 0.089067993648509286 0.21539280774747283 -0.10844440103599017 0.049206434072840595 -0.13932670634483268 -0.03154796824030677 0.0084190041451032375 0.075035921239429246 -0.072089554948676318 0.058752447064785988 -0.1094696859889473 0.021891972872686197 0.21228390317936308 0.15748120308437374 0.057771615709475505 -0.10732287830920295 0.0092688338688299461 0.054571439518884081 -0.0051536276591200606 -0.053659752389284304 -0.063801273551508914 0.15257955334195869 0.10947103996386734 -0.012287827410551559 0.081875332467352624 -0.16388293737126652 -0.017842762822981917 -0.0064522250938431561 -0.1097317860647507 -0.12136877821890675 -0.032055006845781331 -0.066999905744320201 0.15200306074742942 0.15936359853491441 0.20624014619159659 0.1704200460375303 -0.16025941787516529 -0.13919896353881386
leaf_weight=6.3364362567663219 10.068062826991087 7.2764178663492194 10.73037540912628 7.7633356899023047 8.0963805466890317 9.355152830481531 9.7682726085186022 5.8658780157566062 10.97945047914982 9.3444600701332146 6.7026621103286752 4.9992873817682284 6.6248763948678961 6.9781520217657089 6.5341323614120475 6.2694525867700568 7.9791890084743491 7.6334431916475287 6.8638627976179105 6.9825139194726935 8.000792324543001 5.2556602954864529 9.7802833318710309 6.0606765151023847 8.1070907115936262 6.7449567615985861 7.4336162954568881 4.8775589317083359 6.0589625984430313 8.8011350929737073 8.0661902874708229 10.642377480864523 10.233727753162382 8.2477112412452716 8.3476316630840284 5.8871368020772925 8.6137646585702914 7.4204747527837709 8.2684650123119336 9.016701787710188 6.773608639836314 7.7724153995513907 5.7768623679876328 7.6453264653682718 4.987312510609625 7.2244073003530485 5.8585760593414324 5.8706791400909388 7.5262756347656232 5.7742864489555359 6.1762184053659439 8.1380588263273221 8.8600320965051633 10.861715823411943 11.883672684431074 6.563372507691386 6.4883336275815964
leaf_count=19 37 20 29 30 34 30 28 25 30 32 20 20 19 23 27 25 26 29 26 23 22 21 34 25 31 24 25 19 21 36 29 29 30 27 34 21 29 27 32 35 20 24 21 25 21 27 22 24 31 22 24 24 26 30 34 28 27
internal_value=0.0371801 0.0573435 0.0428804 0.0722321 0.0101725 0.0479565 -0.0509086 0.0202991 0.0405211 0.0712822 0.0156387 0.00888043 0.0437746 -0.0481043 -0.0346417 0.0168404 0.160272 0.0407234 0.0150991 -0.00411276 0.147368 -0.00304862 -0.019247 -0.039406 -0.0857653 0.0837063 -0.00240681 -0.0518555 -0.0377876 -0.0796547 -0.0595835 0.159994 0.143577 0.112984 -0.0521031 0.0731708 0.0983342 -0.0479791 -0.0974186 -0.0233387 0.180908 0.162332 0.0368498 0.119099 -0.118497 0.0170947 -0.0309558 -0.0581453 -0.108629 -0.0825942 -0.102822 0.180257 0.185951 0.185629 0.192113 -0.131166 -0.124261
internal_weight=443.198 360.647 316.108 166.602 149.507 92.9107 82.5513 23.7412 122.484 72.5108 49.6477 66.6947 41.3651 25.3296 28.5547 34.7402 44.1173 28.4708 13.842 49.9735 26.216 22.0206 42.991 33.2107 13.973 21.0929 20.9738 56.596 46.7311 58.81 33.4477 44.5383 33.8959 18.4814 30.1449 20.8373 14.9502 12.6761 16.3648 17.0829 36.1381 25.4077 13.2105 14.348 9.86487 13.2834 21.7973 11.7293 28.6651 13.3006 12.2369 15.4145 16.8608 17.6353 22.8631 15.3645 11.4876
internal_count=1533 1215 1085 551 534 316 318 84 422 240 176 238 142 96 107 123 129 98 49 182 78 80 159 125 56 69 76 218 178 234 130 130 101 57 117 69 48 48 66 64 103 74 46 45 40 48 83 46 117 53 49 44 48 50 64 64 47
is_linear=0
shrinkage=0.1


Tree=2
num_leaves=59
num_cat=0
split_feature=12 12 12 12 8 8 8 8 17 8 3 5 5 14 14 9 9 16 15 13 7 9 8 12 16 15 15 16 17 13 3 14 10 19 14 9 15 19 5 5 13 0 17 9 17 17 9 14 15 4 9 9 9 15 11 5 0 15
split_gain=45.598 50.0242 47.4171 66.7391 24.3156 33.3946 20.6253 29.293 19.5416 13.948 11.773 12.6051 13.1358 10.2971 11.9415 9.43769 8.45338 7.06481 6.89652 5.81533 4.47046 4.44106 4.76827 4.04628 6.23299 3.95178 3.92078 8.39678 7.18286 3.76573 3.57463 4.62096 5.0887 3.42183 3.24151 3.04989 3.00604 2.99784 2.83536 2.74095 3.28295 3.78136 2.65927 2.75181 2.24298 2.17975 2.15933 2.15728 1.98623 1.61955 1.61291 1.60954 3.98741 1.42338 1.11914 0.956626 0.476877 0.31999
threshold=0.17801059672451677 -0.60615175164226287 0.26219677601548752 1.1757611839043363 0.095755636731179136 0.98727373093371651 0.030871546344070588 -0.48671781063857461 -0.074905646800934991 1.1052276912347561 1.1599846638261024 0.24386033185113432 0.96338332630223633 -0.28749086924717565 0.25543740237401924 -0.17540030339815002 0.46386256416071397 0.026644938271029126 0.82897760905810303 0.89766112469287884 -0.058179522705504985 -0.81680815613516233 0.98727373093371651 1.2621052038919347 1.0000000180025095e-35 -0.06435009324458639 -0.33787095014697827 -1.0000000180025095e-35 0.89662177220015649 -0.13095146259552759 0.5629540850312954 1.299535957043829 1.0000000180025095e-35 -1.0000000180025095e-35 0.25543740237401924 0.46386256416071397 -0.06435009324458639 -1.0000000180025095e-35 1.0000000180025095e-35 -0.32421931806144694 0.11464822818632221 0.065913433180951622 0.40643718090243475 -0.7519494054961936 0.068997147222877933 -0.074905646800934991 0.16220254180710408 0.25543740237401924 -0.06435009324458639 0.34117012405629238 -1.0000000180025095e-35 -0.56175859805330608 0.091481680340020535 -0.06435009324458639 -1.0000000180025095e-35 -1.0000000180025095e-35 -0.72862976431221627 -0.06435009324458639
decision_type=2 2 2 2 2 2 2 2 2 2 2 2 2 2 2 2 2 2 2 2 2 2 2 2 2 2 2 2 2 2 2 2 2 2 2 2 2 2 2 2 2 2 2 2 2 2 2 2 2 2 2 2 2 2 2 2 2 2
left_child=1 4 21 39 6 56 7 10 9 -7 11 18 -13 23 -15 20 45 25 26 42 -16 38 30 50 -25 -10 28 -28 -1 -11 31 32 36 44 -18 -20 -23 -38 -2 -4 41 -41 51 -44 -14 -8 -9 -32 -47 -36 53 -3 -53 -5 -19 -24 -6 -40
right_child=2 19 3 13 5 8 16 46 17 29 -12 12 33 14 15 -17 34 54 35 -21 -22 22 55 24 -26 -27 27 -29 -30 -31 47 -33 -34 -35 49 -37 37 -39 57 40 -42 -43 43 -45 -46 48 -48 -49 -50 -51 -52 52 -54 -55 -56 -57 -58 -59
leaf_value=-0.13517863286078621 -0.060431125915846109 0.19829169732575413 0.19546315768842631 -0.15500234455829254 0.16592141453422016 0.0033961557983198569 -0.13822069834023817 0.11859889935948549 0.071682124396875282 0.10749396444866642 0.1246485078530236 0.17903611650233686 -0.075200823348218024 0.13070757101237154 -0.13655825215767067 0.054268419079262692 -0.056935322287549543 -0.048097692077121244 -0.14279639784622469 0.05587760943579341 -0.013029416896974073 -0.159725959768272 -0.076011410061974011 -0.079695983253059988 0.051354073013238348 -0.028198372040254882 0.11389066106474542 -0.041158357040052031 0.0260687439139092 0.1993004305761894 0.05789916970688587 0.010754754497925734 -0.010275536209446713 0.065518059322763902 0.056219553819919027 -0.047435999712453228 -0.11142179899654817 -0.023562238332597012 -0.1592503960980218 0.20786472902377021 0.08172890113409681 0.10776132409115853 0.070760128450147869 0.15194122872935736 0.016702808193173636 -0.020129988758197076 0.18794820809177198 -0.0272351773783393 -0.096562112339530493 -0.012865790938671531 -0.052968481293874208 0.091968188949532417 0.18810630912248999 -0.082153347533610241 -0.11193057901791081 -0.13364141242448552 0.19756388683358775 -0.12306977900251551
leaf_weight=5.5167844146490079 7.5585517734289196 13.339127376675608 11.099366411566733 4.796058937907218 7.1001745462417629 9.8335131555795687 6.6594400554895428 9.2883482277393359 7.9949013888835907 9.2907598018646258 7.813192516565322 6.0778522193431881 5.0551450401544606 7.6523689031600979 5.9653140008449581 10.615415468811984 6.9684118628501919 5.1664969027042389 7.1802196800708753 6.8165581524372092 5.7569814920425442 5.5808618664741507 5.2757346481084824 7.8635703176259977 6.7400491535663605 7.8513761609792727 6.0852282196283332 8.1987320482730883 5.5334823876619339 8.6069554537534696 5.4279693067073804 9.3918852210044843 10.015402689576151 6.4175160676240894 7.9335727542638761 6.2936412990093231 9.2274435758590663 6.7058845013380095 5.1123351752758035 8.2130527496337908 7.7025871127843848 6.9810582101345053 6.3446553945541408 12.213077560067175 5.5945161283016205 5.2796261906623849 8.6910359561443311 6.5901414006948471 9.5501169264316523 5.9293858259916306 7.0906275808811214 6.8237925767898586 11.730638533830641 6.0850398540496817 5.863973453640936 6.3438401669263822 14.468099698424338 4.6842414289712879
leaf_count=23 30 36 30 21 20 36 28 28 27 29 24 17 20 23 25 36 27 20 30 22 21 24 21 30 23 30 19 31 20 24 19 34 38 22 27 24 38 26 22 22 24 21 20 35 20 20 24 25 39 22 28 21 32 25 24 27 39 20
internal_value=0.0334525 0.0598863 -0.00557567 0.0418983 0.036927 0.0817939 0.0106497 0.0383052 0.0401829 0.0990748 0.00897372 -0.00561456 0.0527937 -0.019384 0.022897 -0.0140364 -0.0466899 -0.0205813 -0.0404491 0.142571 -0.0758915 -0.0615385 -0.049466 -0.0583095 -0.0192121 0.0221942 -0.00970608 0.0248954 -0.0544331 0.151643 -0.0367337 -0.0508158 -0.0691562 0.00783705 -0.00129675 -0.0982535 -0.0965666 -0.0744442 -0.106447 0.154681 0.134911 0.161871 0.154284 0.124186 -0.0269217 -0.0906936 0.152122 0.0112157 -0.0693511 0.0266708 -0.0900796 0.171797 0.152749 -0.114263 -0.0820323 -0.107475 0.187147 -0.141951
internal_weight=441.986 263.51 178.476 96.5615 206.242 76.1763 130.066 87.7457 54.608 27.7312 69.7663 61.9531 23.145 62.5654 29.9901 22.3377 42.3206 26.8767 38.8081 57.2678 11.7223 81.9143 64.5592 32.5753 14.6036 15.8463 25.3342 14.284 11.0503 17.8977 52.9396 40.9215 31.5296 17.0672 20.8314 13.4739 21.5142 15.9333 17.3551 33.9961 22.8967 15.1941 50.4513 18.5577 10.6497 21.4892 17.9794 12.0181 14.8297 13.863 17.9717 31.8936 18.5544 10.8811 11.0305 11.6196 21.5683 9.79658
internal_count=1533 880 653 329 714 249 465 302 190 89 250 226 79 232 105 82 163 101 147 166 46 324 252 127 53 57 93 50 43 53 204 160 126 62 76 54 88 64 72 97 67 43 144 55 40 87 52 44 59 49 74 89 53 46 44 48 59 42
is_linear=0
shrinkage=0.1


Tree=3
num_leaves=57
num_cat=0
split_feature=6 6 12 12 12 18 10 6 6 13 5 7 10 18 15 15 14 15 13 13 3 3 14 15 17 12 12 17 7 2 7 7 15 10 9 1 2 7 14 11 15 14 3 12 5 9 2 19 2 15 3 9 19 7 19 12
split_gain=56.951 34.7391 23.4929 26.7437 38.9311 24.38 15.1035 11.5224 27.1581 11.4199 11.0536 9.03835 7.96515 8.34975 6.58816 7.33808 5.99011 5.40617 5.26284 5.06981 4.90018 6.63851 6.2788 4.85396 4.41925 4.38605 4.30573 4.17645 3.97991 3.94627 3.87116 3.40791 3.34828 3.12357 3.07213 2.88026 2.56425 2.41584 2.07122 4.2738 4.21459 1.85951 1.54127 2.50506 1.5113 1.50469 1.3993 1.23724 1.11178 1.01002 0.950504 0.66705 0.620301 0.568545 0.409151 0.125222
threshold=1.1081371963059292 1.0000000180025095e-35 0.17801059672451677 0.26219677601548752 1.1757611839043363 2.0526260135183807 1.2149215584515309 1.2542964825776466 2.6334570907901278 1.242720838925129 1.0000000180025095e-35 -0.1410360253346036 0.29246872236169535 0.90674379438756814 0.82897760905810303 1.0000000180025095e-35 -0.28749086924717565 -0.06435009324458639 0.25610715865347239 0.25610715865347239 0.84535719564974132 1.1599846638261024 -0.07725386737433447 -0.06435009324458639 -1.0000000180025095e-35 0.50680777385786213 1.6789711539640562 0.89662177220015649 0.15927761984010497 0.25113679234470332 0.59400985988474508 0.15927761984010497 -0.06435009324458639 1.2149215584515309 0.46386256416071397 1.3746164464340265 -1.0000000180025095e-35 -0.058179522705504985 -0.10857649325808362 0.33513483740603406 0.82897760905810303 -1.0000000180025095e-35 0.095466499557789394 0.17801059672451677 -0.11181065477303556 -0.52639498484917358 -0.076265808289082762 -1.0000000180025095e-35 0.25113679234470332 -0.06435009324458639 -1.0000000180025095e-35 1.0000000180025095e-35 0.084157558916148872 0.15927761984010497 0.48892764846010045 0.17801059672451677
decision_type=2 2 2 2 2 2 2 2 2 2 2 2 2 2 2 2 2 2 2 2 2 2 2 2 2 2 2 2 2 2 2 2 2 2 2 2 2 2 2 2 2 2 2 2 2 2 2 2 2 2 2 2 2 2 2 2
left_child=1 2 5 27 45 6 9 29 -9 12 32 -11 13 14 15 20 26 -12 -10 37 22 -22 24 -7 -1 30 34 35 -16 33 52 -24 -8 41 -6 38 -25 -18 40 -40 49 55 43 -31 -33 -5 -14 -44 -29 -4 -26 -47 -3 -43 -50 -2
right_child=7 25 3 4 16 23 10 8 18 11 17 -13 46 -15 28 -17 19 -19 -20 -21 21 -23 31 36 50 -27 -28 48 -30 42 -32 44 -34 -35 -36 -37 -38 -39 39 -41 -42 53 47 -45 -46 51 -48 -49 54 -51 -52 -53 -54 -55 -56 -57
leaf_value=-0.0027498300965370678 -0.044328902305547931 0.18596797561793313 -0.046972212538727617 0.10864219336836714 -0.11720385987111699 0.013262252396695774 0.11793967893174247 0.13963849366564732 -0.023596540479736236 0.074416182007664727 -0.0035243802039921046 -0.074039196711177854 0.11925808927860429 0.17235964001423987 0.063134930343307014 0.15985352904828085 0.028134385303304227 -0.12879945370343857 -0.14917705360319466 -0.040657387335499756 -0.045058670330878507 0.079967459802235102 0.16246896969643482 -0.054221779834514906 0.060647936031896749 0.069601916538386641 0.0061924025065417413 -0.05868621348253255 -0.025488009852828217 -0.035117784905197041 0.10068341762969291 0.13074937493479485 0.016177749705104695 -0.097987315323293356 -0.020917252262658628 -0.088458415856914996 -0.15489635896340245 0.10995328965733309 0.050021019665105998 -0.048434045145935418 0.0286410287261844 -0.019111037236046183 -0.091739854679128444 -0.12330661286554828 0.065419281999885601 0.18604722672354823 0.17688910417442039 -0.15074851601239964 -0.12740411925998565 -0.10724643270460309 0.11574519267546571 0.14631333336214045 0.15308088693833033 0.026446735863349488 -0.086846441867489965 -0.0662626561602878
leaf_weight=9.0579058825969714 5.3029159456491506 11.906952232122423 5.3465467691421518 6.7123754769563702 8.4753469824790972 5.7913965284824362 6.480038583278656 9.835638567805292 7.6128305196762067 8.6686314046382922 7.4598961919546127 7.7832869738340369 6.841996148228648 9.445832282304762 11.326404213905336 11.797699749469755 8.7337273359298706 6.4002022147178632 5.9417769014835358 7.1201830804347983 7.1674562096595791 10.422305196523665 12.021146878600129 5.3928312808275214 6.1000719517469406 9.5906850844621641 10.109404817223547 7.6742833852767971 9.1698986142873746 7.5177921056747454 12.33929532766342 5.8031584322452501 6.4533819556236285 8.031356140971182 5.4409331381320944 6.8721445351839057 4.7658775299787512 6.1499394178390512 9.8848307132720965 7.9589458256959906 5.5052755922079077 5.4195691347122192 7.3177838921546936 5.6355721801519394 9.0837547183036822 7.8104691505432156 10.964890837669371 6.906984403729437 5.5492755621671659 5.7918214499950418 6.433087781071654 9.2040251642465574 11.064886525273321 5.5389323830604553 4.5079478770494461 5.112130880355835
leaf_count=32 21 32 21 20 37 21 20 28 29 28 28 30 20 26 37 33 30 28 27 27 27 33 34 21 20 30 36 31 34 30 37 18 23 34 21 29 21 19 35 31 20 21 31 25 30 21 30 31 24 24 20 26 31 20 19 21
internal_value=0.0302692 0.047305 0.0355288 0.00275129 0.0446829 0.0583782 0.0695397 -0.0459245 0.0131431 0.082526 0.000672581 0.00418299 0.092785 0.0825528 0.0739304 0.0872052 -0.00895328 -0.0613729 -0.0786458 0.0287421 0.0742366 0.029022 0.0906351 -0.0598002 0.0504675 0.129572 -0.0434764 -0.0467486 0.0234857 -0.0702558 0.14586 0.122866 0.0671636 -0.0448182 -0.0795581 -0.0293414 -0.101452 0.061942 -0.0175615 0.00610663 -0.0429362 -0.0248392 -0.0975765 -0.0729024 0.090886 0.148736 0.154745 -0.120392 -0.0873515 -0.0783141 0.0889286 0.164553 0.170127 0.00391596 -0.109225 -0.0550949
internal_weight=438.754 358.58 313.679 128.847 69.7564 184.831 168.881 80.1733 23.3902 142.088 26.7935 16.4519 125.636 107.829 98.3829 77.8866 46.0295 13.8601 13.5546 22.0038 66.0889 17.5898 48.4991 15.9501 21.5911 44.9018 24.0257 59.0911 20.4963 56.783 35.3111 26.9081 12.9334 29.4049 13.9163 41.3596 10.1587 14.8837 34.4874 17.8438 16.6436 21.3735 27.3781 13.1534 14.8869 23.7269 17.8069 14.2248 17.7315 11.1384 12.5332 17.0145 22.9718 10.9585 10.0572 10.415
internal_count=1533 1215 1085 471 237 614 551 318 84 452 99 58 394 344 318 247 170 56 56 76 214 60 154 63 72 130 94 234 71 234 100 82 43 117 58 160 42 49 131 66 65 83 117 55 48 67 50 62 74 45 40 47 63 41 43 42
is_linear=0
shrinkage=0.1


Tree=4
num_leaves=59
num_cat=0
split_feature=6 6 17 17 17 17 7 7 9 9 6 6 7 15 10 0 13 19 7 13 5 3 5 8 0 8 16 9 2 13 5 2 2 4 11 3 2 11 13 3 4 0 16 8 10 5 4 9 9 15 4 3 2 13 8 5 7 3
split_gain=46.7348 28.579 16.9235 32.1119 32.7645 22.5849 16.4098 22.5645 13.1401 11.8834 9.57942 22.425 7.76465 6.56684 6.55857 7.72958 6.40969 6.91469 5.50002 6.82866 9.4239 4.98275 4.91745 4.87361 5.12765 4.87296 7.57916 4.82417 4.20066 3.84456 3.6585 3.46647 3.22056 5.55554 3.06012 2.93948 2.90951 3.33847 3.33841 2.88764 3.49713 3.23341 3.17677 2.82102 2.68056 2.48407 2.46964 2.19064 1.73618 1.53908 2.12428 1.50064 1.46436 0.776299 0.48396 0.43257 0.262729 0.0418685
threshold=1.1081371963059292 1.0000000180025095e-35 -0.074905646800934991 1.0000000180025095e-35 0.89662177220015649 -0.53879681174552219 0.24925121690930521 0.15927761984010497 -0.33603232399438682 0.16220254180710408 1.2542964825776466 2.6334570907901278 -0.1410360253346036 -0.06435009324458639 0.75742311751293845 -0.13236436709461427 0.89766112469287884 0.48892764846010045 0.83150929517763228 0.16117009442026073 -1.0000000180025095e-35 -0.68667160991670739 -0.15679900582765652 0.030871546344070588 0.065913433180951622 0.98727373093371651 -0.1540740688139359 -0.392864883803548 0.25113679234470332 -0.084609913672573381 1.0000000180025095e-35 0.25113679234470332 0.17999228795962072 0.10206334094805948 -0.078694862611494845 0.51787994787957314 -0.1481904258167277 0.076136005918138336 -0.058478930022438057 -0.28507757123584715 0.34117012405629238 0.36153118812822721 0.21525010972440192 0.5202769471564771 1.2149215584515309 -1.0000000180025095e-35 0.34117012405629238 -0.13111940759880697 -0.039661567762561543 -0.06435009324458639 -1.0000000180025095e-35 0.095466499557789394 0.25113679234470332 0.25610715865347239 -1.0000000180025095e-35 1.0000000180025095e-35 -1.0000000180025095e-35 -0.12395578344627232
decision_type=2 2 2 2 2 2 2 2 2 2 2 2 2 2 2 2 2 2 2 2 2 2 2 2 2 2 2 2 2 2 2 2 2 2 2 2 2 2 2 2 2 2 2 2 2 2 2 2 2 2 2 2 2 2 2 2 2 2
left_child=1 2 5 27 32 6 7 12 23 -10 31 -12 14 -9 16 -16 17 29 -8 20 -20 -13 34 28 30 26 -11 52 -6 -1 -25 44 33 47 -7 36 37 -3 -38 46 45 42 -42 51 49 -41 55 -5 -24 -2 -51 54 -4 -15 -33 -29 -53 -21
right_child=10 35 3 4 8 22 18 13 9 25 11 21 -14 53 15 -17 -18 -19 19 57 -22 -23 48 24 -26 -27 -28 39 -30 -31 -32 43 -34 -35 -36 -37 38 -39 -40 40 41 -43 -44 -45 -46 -47 -48 -49 -50 50 -52 56 -54 -55 -56 -57 -58 -59
leaf_value=0.013865403098682106 0.0084673340776607094 0.086557170085252932 -0.13126443345977043 0.10065261307608733 0.047610448188944249 0.034513064737378717 0.16686865371201454 -0.0036991934791499453 0.17109147920992471 -0.02680164014948638 0.12726520215357076 -0.1471730024426168 0.12856842295101628 -0.15923479637117244 -0.13467395998264126 0.030055078047306855 0.12702720315204391 -0.0639784483299497 0.20425290217225164 0.0033146725722068868 0.041273584182744114 -0.022039873098138041 0.18821853860519838 -0.035520870830252176 0.012545547979136762 -0.059339611558957395 0.099110548737870494 -0.068288900108414846 -0.046666186669041855 0.11638361458279929 -0.13788978601882856 -0.097881465240528515 0.16230475704355674 0.16436026179505192 0.12251297798994312 0.16428729592862246 0.11524633138854085 0.17984312750770703 0.029992551460757064 0.057393134555366203 -0.0228296323263939 0.015738414196332737 -0.13089031523194505 -0.01870500516078406 -0.091178860125346733 -0.016829237089343401 -0.021714406871738246 0.017559055819467644 0.13060729818442421 -0.0021220261060048164 -0.086037779416196475 -0.11375822054297613 -0.06348139339593166 -0.10782431131397135 -0.055230546133181818 -0.10816397618188928 -0.14472770161367537 0.015717929155054041
leaf_weight=8.5368253439664823 9.1163537502288854 7.2657917141914359 6.3883738219737989 6.3125040829181653 10.48655788600445 7.1110055744648006 7.5013543218374243 5.6243362277746227 6.8951361626386634 8.2210099548101461 9.7183015346527117 5.363624632358551 8.2220291346311551 6.2370247542858106 5.0416986644268036 6.548077777028082 7.4962840527296057 6.7794462591409674 6.4563882499933234 5.3294765204191208 7.8755571246147182 7.8241573274135572 9.6332314014434832 5.8022024482488659 6.0286336392164221 5.5984452962875357 11.423636645078659 4.7875507622957247 8.6038074791431409 6.4006741493940416 8.7648898214101774 6.071194052696228 14.038008898496626 8.2342481613159162 8.8940671533346158 10.462239325046538 10.243083521723745 8.1277489960193616 8.3272615522146243 8.6902184933423996 5.4516506642103213 5.7908535450696936 5.430437371134758 4.4801070839166632 7.781174808740615 9.3720974922180176 9.624006584286688 6.3788707405328786 11.446494057774542 5.7759027183055904 6.3147316575050327 4.7964317649602917 6.360400527715683 5.5514350682497025 4.7356025278568321 6.3011711537837982 6.3870298713445619 5.5616598427295667
leaf_count=30 35 22 28 19 36 23 21 21 19 31 28 25 24 27 21 23 23 26 18 20 27 31 26 23 23 22 36 19 34 20 39 27 39 23 26 29 30 22 27 30 21 21 23 18 34 36 37 21 33 22 26 22 26 23 20 27 30 20
internal_value=0.027509 0.0429121 0.0322022 0.011626 0.0458597 0.0586287 0.0337304 0.0051803 0.00721292 0.0547434 -0.0423979 0.0120046 0.0399124 -0.0926064 0.0220477 -0.0416041 0.0473003 0.01978 0.0916933 0.0693362 0.114694 -0.072933 0.125205 -0.0312778 -0.0650162 0.022963 0.0464181 -0.0419798 0.00512106 0.0577942 -0.0971153 -0.0648678 0.12525 0.100392 0.0834149 0.117941 0.103665 0.135812 0.0770171 -0.0292266 -0.0116043 -0.0446299 -0.0767546 -0.0910309 -0.0409771 0.0188809 -0.0587791 0.0588886 0.156935 -0.0225572 -0.0459498 -0.105766 -0.0974473 -0.135025 -0.0791916 -0.0909479 -0.131445 0.00964851
internal_weight=434.023 355.658 311.232 174.985 106.788 136.247 99.1623 66.4378 71.8243 32.1382 78.3646 22.9061 49.025 17.4128 40.803 11.5898 29.2132 21.7169 32.7244 25.2231 14.3319 13.1878 37.0848 39.6861 20.5957 25.2431 19.6446 68.1968 19.0904 14.9375 14.5671 55.4585 34.9636 20.9256 16.0051 44.4261 33.9639 15.3935 18.5703 55.448 34.7353 16.6729 10.8821 26.4704 28.9882 18.0623 20.7127 12.6914 21.0797 21.207 12.0906 21.9903 12.7488 11.7885 10.8068 11.0887 11.1835 10.8911
internal_count=1533 1215 1085 633 365 452 344 238 263 108 318 84 167 71 143 44 99 76 106 85 45 56 108 155 85 89 67 268 70 50 62 234 102 63 49 130 101 44 57 214 131 65 44 117 117 66 83 40 59 83 48 99 54 50 47 46 52 40
is_linear=0
shrinkage=0.1


Tree=5
num_leaves=57
num_cat=0
split_feature=6 6 12 12 12 12 9 9 11 3 10 15 11 5 1 14 0 0 17 10 9 5 0 6 9 13 17 16 5 5 12 13 15 8 3 1 0 11 8 13 8 8 0 15 1 9 13 9 5 1 17 13 14 19 16 19
split_gain=38.4832 23.7887 16.7771 18.7302 28.6638 15.0427 9.85533 14.8695 13.6943 8.61993 8.19847 5.71303 5.49 4.50719 4.45113 4.2932 4.67085 4.50907 4.26671 4.70169 5.04783 4.11546 4.05533 3.93402 3.79339 3.72135 3.65624 3.61377 7.09566 5.71778 3.56994 3.52993 3.06947 2.73938 2.6763 2.49688 2.98676 6.49728 2.44691 2.43617 2.23182 2.17366 2.07186 3.06904 2.44194 1.8689 1.79759 1.68968 1.63799 2.11634 1.53851 1.47873 1.20981 1.05514 0.906318 0.897663
threshold=1.1081371963059292 1.0000000180025095e-35 0.17801059672451677 0.26219677601548752 1.1757611839043363 -0.34575964419814237 -0.33603232399438682 0.46386256416071397 1.7343589361922753 1.1599846638261024 1.2149215584515309 0.82897760905810303 -0.3183210206652487 -1.0000000180025095e-35 0.92460058491607233 -0.28749086924717565 -0.5095223832006236 0.24982950298607473 -0.074905646800934991 0.75742311751293845 -0.59366604819591162 0.24386033185113432 -0.33262906236255968 2.6334570907901278 -0.27075348723744247 -0.022761076004973079 0.89662177220015649 0.21525010972440192 -0.07511957389031014 0.042604304038957201 0.50680777385786213 -1.0000000180025095e-35 -0.25638497730180054 -0.064274718728634925 1.0000000180025095e-35 1.3746164464340265 0.36153118812822721 0.33513483740603406 -1.0000000180025095e-35 -1.0000000180025095e-35 0.90154721717518915 -0.16289974088139661 0.60900403108297951 0.82897760905810303 1.3746164464340265 0.50160030042552717 -1.0000000180025095e-35 0.46386256416071397 0.40961683071420324 1.0000000180025095e-35 0.40643718090243475 0.25610715865347239 -0.10857649325808362 0.48892764846010045 -1.0000000180025095e-35 0.23253280163503365
decision_type=2 2 2 2 2 2 2 2 2 2 2 2 2 2 2 2 2 2 2 2 2 2 2 2 2 2 2 2 2 2 2 2 2 2 2 2 2 2 2 2 2 2 2 2 2 2 2 2 2 2 2 2 2 2 2 2
left_child=1 2 5 26 41 6 8 34 11 18 12 14 21 45 27 22 -17 -18 19 20 -2 33 -6 42 -22 50 35 29 -29 -1 47 -13 -27 -9 -8 36 37 38 -4 -30 -35 52 43 44 46 -14 -20 48 49 -3 -7 -39 -5 -28 -12 -24
right_child=9 30 3 4 15 25 7 10 -10 -11 54 31 13 -15 -16 16 17 -19 23 -21 24 -23 55 -25 -26 32 53 28 39 -31 -32 -33 -34 40 -36 -37 -38 51 -40 -41 -42 -43 -44 -45 -46 -47 -48 -49 -50 -51 -52 -53 -54 -55 -56 -57
leaf_value=-0.038467478506875097 0.087177117146814684 0.054668245027737886 0.062990667590742372 0.071379421050652175 0.018082065303832395 0.16046573013389887 0.087169469758894697 -0.069278645631960359 0.13480501967550471 0.071693635753440704 -0.018089167032412534 -0.023596486653955848 0.062538357940192899 0.024514546975447121 0.059103980737187069 -0.037390729187748432 0.10920722234816585 -0.0061997165556144608 -0.040694996335889931 -0.089853273383220605 -0.083964695065943923 0.08490065718868936 -0.045963431618362638 -0.14385309617866487 0.018261330202827799 0.017468862564953502 -0.10183932400585044 0.053615895673876257 -0.13436612888821148 0.089166289125248613 0.054087340175910582 -0.12619594095152953 0.10311737648176998 0.059724768196288483 0.16239332496894934 -0.080717830282355879 0.029532510011100133 -0.051848671445077044 -0.028593605399736412 -0.038630380397207481 -0.028068236509910201 0.16626467594599459 -0.098927807405004564 -0.10257268455780642 -0.087836185780999818 0.12919187640110794 0.025487132373347123 0.15644548784873258 0.14486722737671867 0.12885823763497739 0.10236461960998573 -0.1240973633414658 0.1302534523299177 -0.051817216833439143 -0.074949812877455183 -0.094364262704002499
leaf_weight=7.4276376366615313 5.5325863957405135 8.243158623576166 5.9926785975694656 6.4698261171579361 8.0845820456743258 11.094003945589067 7.8704248666763332 5.563520744442946 7.0567817091941825 6.4222947210073462 6.0702292174100876 7.496745377779007 6.278165057301524 10.087592005729677 11.20552211999893 8.1941799521446246 7.63454622030258 6.0829590111970901 7.9438616335392043 6.9021154046058646 6.2589771747589156 5.9529961794614783 7.901060223579405 6.0419790595769873 8.6421028524637169 6.4046293497085598 9.4817015081644076 4.7663365602493242 6.1253818273544258 6.6544640064239502 9.5419825166463834 6.0672185570001584 12.069843292236326 5.826779827475546 11.851603850722311 6.5982472747564307 10.937683030962942 5.6796946972608549 5.6845031082630175 4.6956320554018092 5.7560941278934479 8.9179503321647626 8.8489423841238004 6.6648572981357566 4.760960027575492 12.749468713998793 8.4903328865766561 10.592377066612242 8.0672559887170774 7.2063378095626822 7.7353374660015097 5.6518856436014175 7.5792453140020388 7.594209447503089 5.2084830552339536 7.4401645064353943
leaf_count=28 19 26 21 20 30 31 24 21 21 22 23 29 21 35 38 30 24 22 34 31 27 19 32 29 33 21 42 17 27 22 30 27 36 19 33 29 40 23 22 19 21 25 39 30 21 38 33 30 23 21 23 25 22 32 21 32
internal_value=0.0250823 0.0390685 0.0292752 0.00121293 0.0366354 0.0486898 0.0340937 0.0565276 0.00373636 -0.0391902 0.0329686 -0.0132537 0.0496694 0.0785516 0.00540761 -0.00947143 0.0223465 0.0580306 -0.0493509 -0.0184952 0.0056083 0.0132653 -0.0392328 -0.0690806 -0.0246772 0.105312 -0.0407775 -0.0148724 -0.0480445 0.0218456 0.108156 -0.0694897 0.0734252 -0.0116056 0.132374 -0.02443 -0.0134892 -0.0339404 0.018407 -0.0928229 0.0160961 0.127652 -0.0567737 -0.0433847 -0.0247729 0.1072 -0.00650359 0.123282 0.108345 0.0892738 0.136597 -0.0878844 0.103141 -0.0795929 -0.0443473 -0.0694368
internal_weight=428.1 351.591 307.94 125.925 68.3045 182.015 144.711 83.2154 61.4957 76.509 63.4933 54.4389 52.2146 29.1152 40.875 45.3375 21.9117 13.7175 70.0867 27.3358 20.4337 23.0994 23.4258 42.7509 14.9011 37.3038 57.6206 29.6695 15.5874 14.0821 43.6511 13.564 18.4745 17.1464 19.722 40.5447 33.9464 23.0088 11.6772 10.821 11.5829 22.967 36.709 27.86 21.1952 19.0276 16.4342 34.1091 23.5168 15.4495 18.8293 11.3316 14.0491 17.0759 11.2787 15.3412
internal_count=1533 1215 1085 471 237 614 503 275 228 318 218 207 174 94 151 170 76 46 296 110 79 80 94 186 60 111 234 113 63 50 130 56 57 61 57 160 131 91 43 46 40 67 157 118 88 59 67 100 70 47 54 48 42 74 44 64
is_linear=0
shrinkage=0.1


Tree=6
num_leaves=58
num_cat=0
split_feature=6 6 18 12 12 12 10 13 6 6 13 12 5 5 9 5 13 3 10 17 9 5 14 3 12 7 8 14 5 14 17 9 19 13 13 5 7 3 8 17 3 11 8 17 11 14 3 5 14 11 11 14 17 13 0 19 13
split_gain=31.7383 19.9357 14.1822 16.846 13.0054 23.5693 10.0789 8.10756 7.7299 17.1573 7.26444 7.48888 8.50011 21.8917 6.07484 5.3367 4.69901 4.39095 4.09107 4.46291 5.71132 4.0332 3.86865 3.518 3.15185 3.58276 3.00922 2.94443 8.94286 2.75141 4.02903 2.63893 2.55302 2.52457 2.32434 2.20075 2.17964 2.1483 2.10732 1.69118 2.96624 2.7815 1.65201 4.01541 2.96943 4.01536 3.13492 2.51355 1.50031 1.47938 1.31289 1.00985 1.00961 0.878275 0.780066 0.65281 0.247456
threshold=1.1081371963059292 1.0000000180025095e-35 2.0526260135183807 0.17801059672451677 0.26219677601548752 1.1757611839043363 2.9480560705878083 1.242720838925129 1.2542964825776466 2.6334570907901278 0.32084858651811182 -0.34575964419814237 1.0000000180025095e-35 0.042604304038957201 1.1907897666116798 0.96338332630223633 0.25610715865347239 0.095466499557789394 0.75742311751293845 -0.074905646800934991 -0.17540030339815002 0.96338332630223633 1.299535957043829 0.20551963579183244 0.50680777385786213 0.59400985988474508 1.2796173318713386 0.0360219119238386 1.0638297011940541 0.51250950271717599 0.068997147222877933 -0.392864883803548 0.48892764846010045 -0.022761076004973079 -1.0000000180025095e-35 -0.23358871550082974 -0.058179522705504985 -0.39807416774765825 -0.16289974088139661 0.89662177220015649 1.0332391105599126 0.33513483740603406 0.5202769471564771 -0.074905646800934991 0.33513483740603406 -1.0000000180025095e-35 0.095466499557789394 -1.0000000180025095e-35 0.25543740237401924 0.12532913827649839 -1.0000000180025095e-35 1.0000000180025095e-35 -0.2530316306812086 0.25610715865347239 -0.13236436709461427 0.084157558916148872 -1.0000000180025095e-35
decision_type=2 2 2 2 2 2 2 2 2 2 2 2 2 2 2 2 2 2 2 2 2 2 2 2 2 2 2 2 2 2 2 2 2 2 2 2 2 2 2 2 2 2 2 2 2 2 2 2 2 2 2 2 2 2 2 2 2
left_child=1 2 3 6 22 38 7 10 42 -10 11 12 14 17 26 -15 -11 -14 19 35 -21 32 31 36 25 55 29 28 -17 30 -1 -5 37 52 -20 -7 -9 -4 51 40 41 -33 44 -44 48 47 -47 -46 56 -32 -19 -6 -13 -50 -43 -3 -2
right_child=8 24 21 4 5 18 -8 23 9 16 -12 33 13 15 -16 27 -18 50 34 20 -22 -23 -24 -25 -26 -27 -28 -29 -30 -31 49 39 -34 -35 -36 -37 -38 -39 -40 -41 -42 54 43 -45 45 46 -48 -49 53 -51 -52 -53 -54 -55 -56 -57 -58
leaf_value=0.016557101138730188 -0.079110699823023878 0.15574522496312879 -0.040329087421928478 -0.10306721425271495 0.06394313635289034 0.0092219791188725524 -0.072042003807576097 0.003782048611002356 0.11532242418963067 -0.011432216042197289 0.14302749696102676 0.15769492866812596 -0.0012464473431816256 0.13643991849744475 0.007671200688247554 -0.08386077900885458 -0.13609944102073476 -0.067950286278624497 -0.016291909950500671 -0.08602225076113873 0.033516851553496964 -0.11171203665881768 0.019214576592308998 0.046051688313755113 0.048871459094836214 0.070264739020853867 0.14922850048636324 0.082604247003198059 0.090712142280813368 0.13907234290133885 0.13570905169171496 -0.0042086311151549698 -0.0756463205239193 0.067948546115796649 -0.10564796662301097 0.091254491690211825 -0.085669008776156977 0.037603276530147743 0.15621377809399958 -0.075138163172970049 0.045344043489870693 -0.1105375748594679 0.039337432248311453 -0.08481966574024577 -0.14028488539162737 0.043884562253738581 -0.059975194250161935 -0.041717736745169431 -0.14027684673444313 0.068543055134590691 -0.1325266779198648 0.11887756362602485 0.10882659011043215 -0.083857151928910453 -0.051773560135294244 0.12070494588758574 -0.045991739304293476
leaf_weight=9.8487952351570183 4.4805338084697723 10.964105486869814 6.5013538897037542 7.290975257754325 6.3897762298584002 6.2356608062982559 6.1289022117853156 5.6424227654933929 9.4778997153043765 7.2752710431814176 11.56278260052204 7.2856867611408278 7.3266121447086361 8.9232742190361041 9.7934178560972196 5.4237460196018237 5.1733819097280502 6.641354739665986 5.8009416162967682 8.0218584686517698 7.9657000750303277 6.4583861827850333 10.632217913866041 8.6274103373289091 9.5061849504709226 11.912527859210966 8.3037975430488569 10.927186250686644 6.3935309946537018 6.393303081393241 6.3777451366186124 9.8022169917821937 6.0075583159923545 10.90868119895458 5.8434607833623868 6.8772880285978317 5.2667055726051348 7.7581885159015673 8.5607129931449872 8.3653926849365217 5.0290187746286383 4.5130202323198301 5.3671710193157196 5.0612995177507383 4.6321387290954572 6.8237234503030777 5.0622769445180893 5.8602682352066058 6.6944071948528272 6.7499853223562241 5.9860308170318577 7.0256836265325546 10.072211518883705 4.6935730278491974 4.5228233635425568 10.322488903999327 4.5440384745597857
leaf_count=34 20 32 27 34 20 22 25 20 28 29 33 21 28 26 34 22 27 27 22 34 28 28 39 29 30 37 24 36 21 19 19 38 26 34 25 22 21 28 25 37 18 21 20 23 23 26 22 26 33 22 26 21 30 21 19 31 20
internal_value=0.0228968 0.0356604 0.026678 0.0333794 0.00362582 0.0339796 0.0537853 0.0586522 -0.0360229 0.0139442 0.067135 0.0602446 0.047293 0.0192076 0.0778366 0.0709004 -0.0632411 -0.0628307 -0.0110405 0.00900381 -0.0264626 -0.042895 -0.0343324 -0.00166594 0.0996409 0.114178 0.0960764 0.0451874 0.0105888 0.0810485 0.0649032 -0.0487371 -0.0209655 0.105647 -0.0611331 0.0522452 -0.0394031 0.00207157 0.117449 -0.0364477 -0.0228867 -0.0411016 -0.0566095 -0.0209203 -0.0653072 -0.0401481 -0.000349565 -0.0852327 -0.0928892 0.101174 -0.0985628 0.0927123 0.129338 -0.117023 -0.0811237 0.138753 -0.0624347
internal_weight=422.037 346.891 304.186 277.46 112.877 62.7211 164.584 158.455 75.146 21.9266 138.918 127.355 99.0888 51.6217 47.467 31.6677 12.4487 19.954 40.7449 29.1005 15.9876 26.7255 50.1557 19.5365 42.7053 33.1991 37.6736 22.7445 11.8173 29.3698 22.9765 39.5234 20.2671 28.2666 11.6444 13.1129 10.9091 14.2595 21.9762 32.2325 23.8671 18.8381 53.2194 10.4285 42.791 22.3784 11.886 10.4924 20.4126 13.1277 12.6274 13.4155 17.3579 11.388 9.03584 21.2866 9.02457
internal_count=1533 1215 1085 976 425 219 551 526 318 84 456 423 338 186 152 105 56 81 153 106 62 109 206 70 130 100 118 79 43 94 75 167 81 85 47 44 41 55 66 133 96 78 234 43 191 97 48 49 94 41 53 41 51 54 40 63 40
is_linear=0
shrinkage=0.1


Tree=7
num_leaves=56
num_cat=0
split_feature=6 6 18 12 12 12 2 2 2 14 2 2 2 6 2 0 2 2 14 15 7 7 9 7 12 17 3 9 14 19 8 14 15 12 7 3 17 4 3 8 4 0 15 17 13 14 1 0 17 0 14 17 19 13 15
split_gain=26.2855 16.805 11.6895 13.8385 10.7439 19.9033 7.84696 13.6414 16.088 9.05238 8.98475 8.72289 7.62905 5.77757 5.70085 5.26665 4.62332 3.85494 4.08653 6.31165 3.79442 5.19657 3.90035 3.58167 3.44015 3.43583 3.11067 5.01782 3.11042 5.14365 3.06642 3.06311 2.94288 2.82005 3.29313 2.67046 2.58121 2.26214 2.239 1.97877 1.81784 2.75581 1.52883 1.49982 1.42311 1.12072 1.77543 1.08743 1.02763 1.00192 0.947825 0.969231 0.628405 0.324401 0.100119
threshold=1.1081371963059292 1.0000000180025095e-35 2.0526260135183807 0.17801059672451677 0.26219677601548752 1.1757611839043363 1.472113642368482 0.33213249292539976 0.25113679234470332 -0.34594378434015949 -0.41307512204888314 1.5147477327178238 0.25113679234470332 1.2542964825776466 0.33213249292539976 -0.24265195580074897 0.25113679234470332 0.33213249292539976 -0.28749086924717565 -0.10153288604839845 0.15927761984010497 0.24925121690930521 0.40189349681812325 -0.26770470250727463 -0.045348709468323041 0.89662177220015649 0.14859480478027123 0.64901233818789372 1.299535957043829 -1.0000000180025095e-35 0.030871546344070588 1.299535957043829 -0.22363772847440952 0.50680777385786213 0.59400985988474508 1.0332391105599126 -0.074905646800934991 -1.0000000180025095e-35 1.0332391105599126 -0.16289974088139661 -1.0000000180025095e-35 -0.13236436709461427 -0.06435009324458639 -0.074905646800934991 0.25610715865347239 0.25543740237401924 0.48414192598519284 -0.20249042368751632 -0.19356613322059224 -0.13236436709461427 1.299535957043829 0.89662177220015649 0.084157558916148872 -1.0000000180025095e-35 -0.06435009324458639
decision_type=2 2 2 2 2 2 2 2 2 2 2 2 2 2 2 2 2 2 2 2 2 2 2 2 2 2 2 2 2 2 2 2 2 2 2 2 2 2 2 2 2 2 2 2 2 2 2 2 2 2 2 2 2 2 2
left_child=1 2 3 6 25 39 7 8 9 10 26 42 13 28 49 -16 24 18 19 36 35 -22 -23 -18 -4 31 27 -1 29 44 -20 38 -15 34 52 45 -7 -27 40 48 -5 -42 -8 -10 -2 -11 -47 -9 -6 54 51 -45 -3 -51 -14
right_child=12 33 16 4 5 17 11 47 43 20 -12 -13 14 32 15 -17 23 -19 30 -21 21 22 -24 -25 -26 37 -28 -29 -30 -31 -32 -33 -34 -35 -36 -37 -38 -39 -40 -41 41 -43 -44 50 -46 46 -48 -49 -50 53 -52 -53 -54 -55 -56
leaf_value=-0.087865551608082237 -0.04671127613687278 0.14775961697684481 -0.049401031756415047 -0.087859967212478213 0.057468881765026902 0.036114835796841653 -0.094090339812724286 0.11305922847261325 -0.04795638411204492 0.15204792989832919 0.10729960176878149 0.064614304989064467 -0.066963449974191167 0.1124697088085771 -0.079381920391367766 0.044186576485313211 -0.14746360068399814 0.061480995880296242 0.045846537222385644 -0.13120178907119992 -0.012559166978314874 0.042695347051058818 0.14294542156859555 -0.038715182473360477 0.050472000330736733 -0.035866493083072958 0.034096656088020379 0.035708673818812625 0.038654477119147768 0.027142032602918021 -0.044731379195777465 0.035807839529998331 0.011451620957880382 0.04419908301226666 0.064142865769717908 0.05913646678101802 -0.061052604826885737 -0.11867142624967884 0.018457462598139122 0.14816099862551146 -0.083695477507472665 0.0098864600747731162 -0.026523285527538278 -0.044813192051478351 -0.10792095944295443 0.074290869762503875 0.14495091482200706 0.16050509717688427 0.11343533544902509 -0.13942395112521666 0.029144780007770356 0.011470555296369894 0.11264970022827708 -0.10370003974167029 -0.087450869201251558
leaf_weight=8.1036106050014514 7.5308042764663714 10.428445577621462 6.8817994445562363 7.4201393574476269 6.5708570331335068 5.8596287220716476 6.0360427349805832 9.9091533720493334 10.762251928448679 11.393470048904421 9.8106538355350477 10.56017132103443 4.0111700147390366 5.1064723432064056 7.0005375593900681 6.7992293983697873 5.1308497041463852 6.3478664457797995 10.315596267580988 6.9103054851293573 6.8189201354980495 7.8642120659351331 7.6620904207229614 7.3916299194097501 6.9138750731945056 6.9743911176919937 10.797531038522719 5.5271387547254553 5.5282206237316123 6.7836693376302746 5.8611602187156668 8.8064307272434217 6.6257078200578672 9.4623184353113157 11.753030568361281 7.0395202338695517 5.1250767260789871 6.2608309835195524 6.6572187244892111 8.1447206735610944 5.1111222207546225 8.1877039372921008 7.5219725519418734 6.3529709726572055 7.6638499796390533 7.0445398241281492 7.1805865615606308 9.425521254539488 6.5524325370788592 5.7705210596322996 6.666978418827056 5.9019285887479782 9.9728021770715696 4.5432383269071615 5.8846952915191633
leaf_count=33 33 32 28 33 21 21 24 30 41 33 30 35 19 16 31 27 24 21 35 31 26 26 23 31 26 31 37 19 22 27 22 31 27 30 37 23 23 30 25 25 24 32 29 25 35 23 21 27 20 29 24 22 31 23 29
internal_value=0.0209766 0.0326383 0.0243724 0.0304978 0.00330366 0.0311364 0.049105 0.0582864 0.0456213 0.0668337 0.0264663 -0.00352857 -0.0333802 -0.00333476 -0.0680456 -0.018499 -0.0392806 -0.0100668 -0.0233967 -0.0563243 0.0919619 0.0602091 0.0921679 -0.0832728 0.000651589 -0.0314396 -0.00599722 -0.0377574 -0.0283951 -0.0452601 0.0130284 -0.0154922 0.0554201 0.0921852 0.106307 0.113688 -0.00922007 -0.0750368 -0.0319945 0.109443 -0.0482053 -0.0260798 -0.0566042 -0.0181514 -0.0775841 0.128677 0.109959 0.136189 0.0854128 -0.101878 -0.00119919 -0.0177071 0.130597 -0.123687 -0.0791465
internal_weight=414.668 341.419 299.803 273.485 111.105 61.6876 162.379 138.261 118.926 89.2423 34.2389 24.1182 73.2481 39.2387 34.0094 13.7998 26.3182 40.4196 34.0718 17.895 55.0033 22.3452 15.5263 12.5225 13.7957 49.4178 24.4283 13.6307 27.5065 21.9783 16.1768 36.1826 11.7322 41.6166 32.1543 32.6581 10.9847 13.2352 27.3762 21.268 20.719 13.2988 13.558 29.6841 15.1947 25.6186 14.2251 19.3347 13.1233 20.2096 18.9219 12.2549 20.4012 10.3138 9.89587
internal_count=1533 1215 1085 976 425 219 551 463 406 294 119 88 318 160 158 58 109 153 132 75 175 75 49 55 54 206 89 52 117 95 57 145 43 130 100 100 44 61 114 66 89 56 53 112 68 77 44 57 41 100 71 47 63 52 48
is_linear=0
shrinkage=0.1


Tree=8
num_leaves=58
num_cat=0
split_feature=6 6 13 13 13 13 14 7 7 3 3 2 8 1 0 2 8 4 15 8 6 3 3 13 15 2 7 0 13 2 3 15 10 8 15 12 7 2 12 3 15 0 0 0 4 2 3 11 14 13 3 19 14 0 8 4 7
split_gain=21.7757 14.2219 10.1138 12.1915 12.2079 15.8237 10.0113 7.34016 9.80368 6.62449 11.5686 6.47719 6.35171 6.33125 5.61216 6.97241 5.35456 5.02287 5.61952 4.31561 5.2577 4.04607 5.11938 4.035 3.75607 3.74107 4.96735 5.06888 3.03278 2.79577 2.73877 2.65785 2.63116 2.62907 2.57915 2.52812 2.68602 2.2523 2.22566 2.22208 2.02245 1.88276 3.48207 1.87383 1.64043 1.62199 1.56768 1.28669 1.5829 1.52237 1.09412 0.940115 0.888063 0.777231 0.564616 0.268443 0.111839
threshold=1.1081371963059292 1.0000000180025095e-35 1.242720838925129 0.32084858651811182 0.25610715865347239 -0.50554564972274063 0.41407641440668236 0.24925121690930521 0.15927761984010497 0.14859480478027123 1.0332391105599126 0.25113679234470332 0.98727373093371651 0.92460058491607233 -0.3844553984100324 0.56105941593525921 0.19152687331393811 0.34117012405629238 -0.06435009324458639 0.98727373093371651 1.2542964825776466 0.095466499557789394 -0.16248206640306403 0.63815446130136821 0.075026587581508916 0.25113679234470332 0.15927761984010497 -0.13236436709461427 1.3768844315187077 0.25113679234470332 0.51787994787957314 0.49976095253425945 0.69547190746449661 -0.16289974088139661 -0.06435009324458639 0.17801059672451677 0.15927761984010497 -0.035037735812963926 0.17801059672451677 -1.0000000180025095e-35 -0.22363772847440952 0.24982950298607473 1.3510943941076541 0.24982950298607473 -1.0000000180025095e-35 0.060834540974736818 1.0332391105599126 0.48094342338110135 0.25543740237401924 -1.0000000180025095e-35 -0.68667160991670739 -1.0000000180025095e-35 -0.28749086924717565 -1.0000000180025095e-35 -0.25588495988921872 0.34117012405629238 1.254278575018448
decision_type=2 2 2 2 2 2 2 2 2 2 2 2 2 2 2 2 2 2 2 2 2 2 2 2 2 2 2 2 2 2 2 2 2 2 2 2 2 2 2 2 2 2 2 2 2 2 2 2 2 2 2 2 2 2 2 2 2
left_child=1 2 3 4 5 6 9 8 29 14 -11 17 24 28 15 37 47 19 -19 20 -2 22 41 -5 -12 35 34 -28 44 50 33 43 -30 40 -27 46 -37 -1 -23 -20 -3 51 -43 45 -4 -7 -6 48 49 -13 -8 -16 -35 -40 -44 -50 -29
right_child=11 30 13 23 25 31 7 -9 -10 10 12 16 -14 -15 21 -17 -18 18 39 -21 -22 38 -24 -25 -26 26 27 56 32 -31 -32 -33 -34 52 -36 36 -38 -39 53 -41 -42 42 54 -45 -46 -47 -48 -49 55 -51 -52 -53 -54 -55 -56 -57 -58
leaf_value=-0.13657388490580163 0.010059460642231224 0.0060961183693086871 -0.11672855039310336 0.15958759448484816 0.074051179013306087 0.13408130585643629 0.068842622689734276 0.14041731213171119 -0.067930879138756714 0.14038854077869709 0.0089230313594937712 -0.1004182075719986 -0.06222972397724174 0.042303199446636248 0.0014409094323879629 0.026099915822712164 0.021179162798936012 0.017731205889772252 -0.04453696213578015 -0.046193777139358183 0.12899681697528331 0.0039405993155068554 0.09764821776728147 0.066017752873105587 0.11192662655048338 0.053371370486725724 -0.015553936120456337 -0.14436460897815215 0.027268809556350429 0.020865394110524009 0.13408039068300195 0.1532401978317699 -0.067694746238802769 0.077660339185710442 -0.039319370625754441 -0.065374826832948943 0.015894825298052601 -0.05508905323828639 -0.035059457024393774 -0.14155535587439905 0.07465676966590562 0.068123694167494309 0.0088704335764941324 0.047191354492329307 -0.048917676780198066 0.067092143938383558 0.0040095035092084976 -0.036956830773075454 -0.10010404498874562 -0.027015348847523876 0.12341663100611389 -0.054494038160125852 0.12862700200730492 -0.090812183831262841 -0.03726219738980318 -0.1334149522979845 -0.12154590928516354
leaf_weight=6.5773881971836099 9.4514017254114169 7.367787420749667 7.4204502105712873 8.1769021302461642 6.6791780143976229 8.6114902049303108 6.9961379617452639 10.005355730652807 6.4150087982416144 9.2725704908370954 9.6462009847164172 6.2663022875785845 8.2454769313335401 9.4707794636487943 7.0140751302242279 7.3994845151901236 6.1077151447534552 8.3160701394081133 4.5423905700445175 5.5020983815193167 6.1255515515804282 10.332840800285341 8.0100030004978162 10.56091360747814 5.5928006768226615 5.5658748596906662 6.4223301857709876 4.3107399493455869 6.4634463489055616 7.0335381776094428 9.0271019935607892 7.4003160893917075 5.3184292912483215 6.5018218606710434 6.5167523175477999 7.0590688288211849 9.5939630419015867 7.0045778453350076 5.1319012194871902 4.9153680354356748 10.3420103341341 10.335889860987665 5.4953622817993129 8.5499520897865278 6.8705084472894704 6.2287636101245871 6.1267883330583572 5.0307645648717871 3.8160410672426206 5.1457058489322698 7.735446453094486 5.2567632347345334 7.2098636925220507 4.8764182329177839 5.1292392015457171 6.6093385219573975 4.2808775007724762
leaf_count=30 39 25 32 24 23 26 23 30 26 28 37 31 34 33 26 27 24 33 21 23 20 38 25 34 18 20 26 21 23 26 29 22 21 21 28 31 38 30 22 24 33 36 21 28 28 20 23 23 19 25 24 22 22 21 21 36 19
internal_value=0.0192291 0.029925 0.0223039 0.0291538 0.0231091 0.0355808 0.0224576 0.0668375 0.0407129 0.00776233 0.0458132 -0.0307422 0.00847125 -0.0277238 -0.00733427 -0.0520007 -0.0633377 -0.00307717 -0.0422333 0.0299392 0.0568309 0.00788379 0.0258853 0.10685 0.0467259 -0.017532 -0.0443492 -0.0827586 -0.0531606 0.0727344 0.085533 0.101007 -0.0155985 0.0715858 0.00337872 0.0071345 -0.0185546 -0.09455 -0.028614 -0.0949592 0.0461336 0.00858777 0.0267999 0.0844809 -0.0841279 0.105965 0.040541 -0.0825502 -0.0930537 -0.0673207 0.097499 -0.0225213 0.10446 -0.0622242 -0.013401 -0.121222 -0.132995
internal_weight=407.411 335.583 295.134 259.59 240.853 184.297 153.506 38.1855 28.1801 115.321 32.757 71.8287 23.4845 35.5436 82.5639 20.9815 32.9759 38.8529 17.7738 21.0791 15.577 61.5825 41.2413 18.7378 15.239 56.5556 27.0966 15.0139 26.0728 21.7651 40.4486 30.7905 11.7819 31.4215 12.0826 29.459 16.653 13.582 20.3412 9.45776 17.7098 33.2313 20.9605 23.3902 14.291 14.8403 12.806 26.8682 21.8374 11.412 14.7316 12.2708 13.7117 10.0083 10.6246 10.4254 8.59162
internal_count=1533 1215 1085 948 890 661 565 129 99 436 117 318 89 137 319 87 158 160 78 82 59 232 151 58 55 229 114 66 104 73 130 96 44 101 48 115 69 60 81 45 58 126 78 74 60 46 46 134 111 56 47 48 43 43 42 55 40
is_linear=0
shrinkage=0.1


Tree=9
num_leaves=58
num_cat=0
split_feature=6 18 10 6 13 18 14 15 13 3 9 9 9 13 2 4 3 16 4 0 9 16 14 4 3 8 15 16 0 2 16 5 8 15 9 13 3 14 13 3 3 17 0 17 0 2 16 4 16 9 15 2 3 4 2 2 2
split_gain=18.0306 12.1142 13.0379 10.2247 9.05161 9.00988 8.29754 7.43544 6.63362 5.71757 5.15558 6.57896 6.29873 6.37444 6.34837 5.03288 4.7336 4.64153 7.53937 4.59865 4.49876 4.18713 4.71959 4.16979 3.87082 3.72126 3.65972 6.76207 4.08555 3.21729 5.00342 3.61845 3.1593 3.47983 3.07685 3.03274 3.01076 2.94426 2.56836 3.4619 2.56041 2.54604 2.39938 2.28412 2.22071 2.07771 2.32343 3.41829 2.05966 1.97313 1.5078 1.30702 1.2248 0.940331 0.866893 0.63355 0.0285304
threshold=1.1081371963059292 2.0526260135183807 2.9480560705878083 1.0000000180025095e-35 1.242720838925129 0.78363026246689382 0.41407641440668236 0.44679572343142954 0.32084858651811182 1.1599846638261024 -0.33603232399438682 0.46386256416071397 -0.392864883803548 0.16117009442026073 -0.41307512204888314 0.53941300601779307 0.095466499557789394 0.21525010972440192 0.068028672939764737 -0.13236436709461427 0.64901233818789372 -0.1832528769770439 -0.28749086924717565 0.34117012405629238 0.39601454416007448 0.5202769471564771 -0.06435009324458639 1.2988929893092223 1.0000000180025095e-35 0.25113679234470332 -0.049422989737855201 0.40961683071420324 0.030871546344070588 0.49976095253425945 0.56222000023765062 0.25610715865347239 0.095466499557789394 -0.16383760962056926 -1.0000000180025095e-35 0.095466499557789394 0.20551963579183244 -0.074905646800934991 -0.13236436709461427 -0.074905646800934991 1.0000000180025095e-35 -0.1481904258167277 -0.049422989737855201 -1.0000000180025095e-35 0.21525010972440192 0.16220254180710408 -0.14689432547736384 1.0000000180025095e-35 0.095466499557789394 0.53941300601779307 -1.0000000180025095e-35 0.25113679234470332 0.25113679234470332
decision_type=2 2 2 2 2 2 2 2 2 2 2 2 2 2 2 2 2 2 2 2 2 2 2 2 2 2 2 2 2 2 2 2 2 2 2 2 2 2 2 2 2 2 2 2 2 2 2 2 2 2 2 2 2 2 2 2 2
left_child=1 2 3 4 5 6 8 20 10 23 12 40 13 14 48 16 43 18 -3 -18 21 22 -6 29 38 36 28 32 34 31 -31 35 33 -28 -13 -2 44 -34 39 -14 -12 -16 -19 -8 55 49 -47 -48 -1 -5 -7 -45 -43 56 -40 -25 -38
right_child=9 17 -4 45 7 50 15 -9 -10 -11 11 26 24 -15 41 -17 19 42 -20 -21 -22 -23 -24 25 -26 -27 27 -29 -30 30 -32 -33 37 -35 -36 -37 53 -39 54 -41 -42 52 -44 51 -46 46 47 -49 -50 -51 -52 -53 -54 -55 -56 -57 -58
leaf_value=0.020035010403623991 0.030858516420284449 0.075703057847747168 -0.093817097598613633 0.14817519341535701 -0.13605230460594001 0.079424908382512538 0.12355877444590745 -0.13025079941374607 0.10098299206962065 0.062878678340683475 0.052377507018093718 -0.03547919171888432 -0.10287478159890982 -0.074659291252363799 0.09775927778773745 0.12330945789400927 0.065244761996594708 -0.032695327799331916 -0.07252207926057333 -0.036135379068450824 0.069060195862377119 0.029064683891352312 -0.0047964028350940859 0.0072873467077640593 -0.12328344504237648 0.0046047802659011797 -0.018438860398961449 -0.1012180246938867 0.090499094554299664 0.010638754064125983 -0.1130715256781997 0.068999291106838737 -0.057742189197554562 0.08283045196598407 0.052655272845353707 -0.075676827996842527 -0.13966603793235807 0.029570249446267263 0.04176674879283146 -0.0061434513961851527 0.13222564004880485 0.065795766633860858 -0.11973740588324887 0.018783819463281216 -0.10903163501180724 0.10527797054469501 -0.021320710152886582 0.081353485918584434 -0.065766192430455603 0.07866086350986988 0.14568053049012497 0.084405105497113483 0.0023892672373821708 -0.077937144792740984 -0.014947787797736929 -0.044512762458373295 -0.12771039006068682
leaf_weight=5.2940350919961912 5.4447482228279167 6.9962481111288088 7.8871951252222052 7.7693947851657894 5.0336886346340233 6.4643366187810898 8.0313035398721695 5.1868859082460395 9.5635681301355344 6.2616902142763129 8.610932260751726 7.2410333007574108 6.868614688515664 5.9766052067279807 12.238179028034208 11.972066432237623 8.4584361016750353 5.7425696551799774 6.7349497675895691 9.499032795429228 7.0574089139699927 8.3986980170011538 6.010616734623909 4.5169646441936511 4.6199931353330603 6.6565326899290076 5.1248624175786999 5.8419711142778388 11.700474649667738 6.7856845855712891 6.3088984936475736 7.55062511563301 8.0054821819066948 10.0417393296957 8.7447690665721876 5.2471900880336761 4.5815272033214551 7.4620480835437801 5.373238667845726 8.0196437984704971 7.5255602598190299 5.9258471578359622 7.0609809309244138 5.50544573366642 3.9530987739562979 8.533413842320444 5.5698830634355545 7.7602065056562406 5.9333388805389404 8.6064741015434247 7.3289123177528364 6.7647720128297806 6.2697153985500336 4.6178995519876471 5.4073094129562396 4.9471000730991364 3.5369153767824173
leaf_count=19 21 25 34 24 22 21 26 23 30 22 29 29 33 27 39 38 29 24 28 36 24 31 22 19 22 28 19 25 39 30 33 28 33 35 31 24 23 27 21 32 24 20 35 19 20 28 20 25 25 29 23 23 24 24 23 25 21
internal_value=0.0176128 0.0274104 0.033073 0.0364571 0.0292918 0.0363151 0.0312203 -0.0207584 0.0201973 -0.0283298 0.015122 0.0325394 -0.00432294 0.0209165 0.0369345 0.066724 0.0490172 -0.0373855 0.00300082 0.0116173 0.000672339 -0.024151 -0.0646192 -0.0372331 -0.0390193 -0.06215 0.0181849 -0.00262218 0.0455978 -0.011145 -0.0489642 0.0160018 0.0161802 0.0486111 0.0127333 -0.0214249 -0.0791403 -0.0156198 -0.0238531 -0.0507699 0.0896162 0.0655352 -0.0806978 0.0820989 -0.0460832 0.0847077 0.0645343 0.0384518 -0.0253084 0.111641 0.114629 0.0549619 0.0331986 -0.113964 0.0133199 -0.0197898 -0.134457
internal_weight=400.571 330.162 303.627 295.74 257.501 225.813 212.02 31.6873 161.789 70.4089 152.225 80.2989 71.9265 41.6377 35.6611 50.2311 38.259 26.5347 13.7312 17.9575 26.5004 19.443 11.0443 64.1472 30.2888 32.81 64.1624 36.4761 27.6863 31.3371 13.0946 18.2426 30.6341 15.1666 15.9858 10.6919 26.1535 15.4675 25.6688 14.8883 16.1365 24.4337 12.8036 20.3015 13.4172 38.2394 21.8635 13.3301 11.2274 16.3759 13.7932 12.2702 12.1956 12.7363 10.7805 9.46406 8.11844
internal_count=1533 1215 1103 1069 943 821 777 122 606 318 576 291 285 154 127 171 133 112 53 65 99 75 44 296 131 160 238 139 99 136 63 73 114 54 60 45 132 60 109 65 53 83 59 68 64 126 73 45 44 53 44 42 44 68 44 44 44
is_linear=0
shrinkage=0.1


Tree=10
num_leaves=59
num_cat=0
split_feature=6 12 18 4 12 12 7 7 7 7 17 4 17 14 2 2 9 4 2 16 5 17 6 6 9 7 16 17 13 14 19 16 5 7 5 14 2 5 3 9 14 9 17 11 5 11 13 2 2 14 7 11 5 3 4 14 12 12
split_gain=14.9346 10.4907 11.4196 10.112 11.9489 14.3064 7.75833 14.6282 12.7096 7.61406 7.08096 6.88035 6.71272 5.11275 4.81895 5.24179 4.63332 4.96186 4.34019 4.05732 3.51735 3.45527 3.45024 3.88658 3.08564 2.827 2.51522 2.50953 3.23093 2.39047 4.31044 4.74034 2.31261 2.61351 2.15962 2.14418 7.9016 2.46676 2.11973 2.27517 1.94716 2.56509 2.32717 1.87671 1.82113 1.90917 1.67985 1.65883 1.57433 1.4756 1.44407 1.29849 1.62073 1.02895 0.967764 0.918313 0.429508 0.000526413
threshold=1.1081371963059292 0.17801059672451677 2.0526260135183807 1.8648695977151097 0.34012217807398887 1.1757611839043363 0.15927761984010497 0.24925121690930521 -0.45861794349918089 0.59400985988474508 0.89662177220015649 -1.0000000180025095e-35 0.6729576142832373 -0.21106134679641178 0.25113679234470332 0.33213249292539976 0.56222000023765062 0.53941300601779307 -0.11382916321176882 0.21525010972440192 0.042604304038957201 -0.074905646800934991 1.2542964825776466 2.6334570907901278 -0.392864883803548 -0.17693357475781948 -0.049422989737855201 1.0000000180025095e-35 0.25610715865347239 1.299535957043829 -1.0000000180025095e-35 0.21525010972440192 -0.32421931806144694 -0.058179522705504985 -0.07511957389031014 -0.10857649325808362 0.25113679234470332 1.0000000180025095e-35 -0.22923636398189767 -0.48698326905363931 0.25543740237401924 1.1907897666116798 -0.074905646800934991 0.33513483740603406 -1.0000000180025095e-35 0.33513483740603406 -1.0000000180025095e-35 0.17999228795962072 1.0000000180025095e-35 1.299535957043829 0.15927761984010497 0.12532913827649839 -0.26661068829528262 -1.0000000180025095e-35 -1.0000000180025095e-35 -0.34594378434015949 -0.045348709468323041 0.17801059672451677
decision_type=2 2 2 2 2 2 2 2 2 2 2 2 2 2 2 2 2 2 2 2 2 2 2 2 2 2 2 2 2 2 2 2 2 2 2 2 2 2 2 2 2 2 2 2 2 2 2 2 2 2 2 2 2 2 2 2 2 2
left_child=1 2 6 4 24 32 8 10 13 -9 53 -4 18 16 22 44 17 47 34 21 38 48 29 -24 54 -23 -17 28 -21 30 31 -2 -6 -34 -11 36 -26 -37 -20 -40 -15 42 -42 -12 57 -46 -33 -1 -7 -39 -38 52 -10 -8 -3 -54 -53 -16
right_child=14 3 11 -5 5 19 7 9 51 12 43 -13 -14 40 15 26 -18 -19 20 27 -22 25 23 -25 35 -27 -28 -29 -30 -31 -32 46 33 -35 -36 37 50 49 39 -41 41 -43 -44 -45 45 -47 -48 -49 -50 -51 -52 56 55 -55 -56 -57 -58 -59
leaf_value=-0.094477787714989492 -0.14012730148725575 -0.055349054633450391 0.015650528098470031 0.1332913398153063 0.13028891320528632 0.032786939845018896 -0.12579299112350151 0.14781853496282474 0.055617762152718381 0.12860084291087232 0.061120967432378964 -0.12048908306269346 -0.053720166388696124 0.10649363808281349 -0.1314987345791431 0.029326403048678493 0.067278821991960946 0.051926164538164024 0.055104285203656046 0.03936816049727495 0.085547014325108264 -0.12039626031352864 0.099713335294080829 -0.017155369164407852 0.012601524849315896 -0.024939306674633604 -0.059845167137225458 0.081518545259761141 -0.056728661872637524 0.036417550896231492 0.028812597522427982 0.020215241802751395 0.028656437081779181 0.10775602969786441 0.055127426866740284 0.031758305304581284 -0.067732835052824153 -0.065339071614978192 0.027098368013591612 -0.057827218933489015 0.10353731990006665 -0.00065407773313502738 0.034827316259948969 -0.023370076232297959 -0.10494217820964279 -0.022044854280053788 -0.067554092731170287 -0.023883629496440364 -0.037821767888313512 0.0050615521711007199 -0.14447480715172228 0.14531732418590268 0.084881775539756135 -0.068763563113040174 -0.1168854700718302 0.13237204561619723 0.11109259690508987 -0.12975077167010982
leaf_weight=6.0421618670225197 5.5992337763309505 4.7395928204059601 8.465457156300543 5.6751316040754309 7.7600741088390377 6.8543049395084381 5.1676645129919061 7.108598291873931 7.3487405180931118 8.2665180563926715 5.2585925757884961 6.6116362363100043 6.9821483194828025 7.7991413921117774 3.5084390640258833 7.7414050698280334 8.4266731142997724 6.3038425743579856 5.4888720512390163 9.0704546123743075 7.2431037724018088 6.3709366768598548 5.9495285600423795 5.4543185234069824 9.8726283758878726 6.0474432706832895 5.3486797958612424 5.4842467457056037 5.6957026720046988 5.5547605454921714 6.7096243649721172 4.5070082843303689 9.2626511901617086 7.6080664992332432 7.7520686388015738 9.7247785478830355 4.1502548456191999 7.0804619640111905 5.7808641493320483 6.9435524195432663 9.6863427013158816 7.346447378396987 10.037228688597681 5.2570290565490723 5.8004504591226578 5.3320821672677994 4.2246915102004978 7.4117002487182617 5.8552356958389282 5.1375406384468079 5.9923621267080307 9.379962354898451 7.1273943781852749 8.1582504659891129 5.5463703721761686 9.4975166469812375 6.0202968865633002 3.3853951543569565
leaf_count=24 28 22 33 19 26 24 23 23 25 26 19 32 27 26 20 31 29 22 19 34 24 28 19 24 40 24 27 20 24 22 27 19 32 25 27 37 20 32 20 27 32 26 36 21 33 27 21 29 23 19 29 30 24 34 28 31 20 20
internal_value=0.0161159 0.0250969 0.0395818 0.00280128 -0.00325622 0.0237507 0.0465163 0.0230565 0.0647035 0.0511708 -0.0424676 -0.0440497 0.0369928 0.0368675 -0.0260945 -0.0552741 0.00519446 -0.0212846 0.0522639 -0.00955378 0.0266028 -0.036397 -0.00220009 0.0438165 -0.0394466 -0.0739111 -0.00710959 0.0237549 0.00230104 -0.0219316 -0.0373359 -0.0683061 0.085109 0.0643274 0.093044 -0.0274138 -0.0510832 -0.00582353 0.00316176 -0.0192444 0.0624684 0.0497843 0.0685711 0.0188817 -0.0902495 -0.0652373 -0.0222505 -0.0555876 0.000257784 -0.0357364 -0.113073 0.10928 0.0947253 -0.090879 -0.0885306 0.112012 0.131938 -0.13064
internal_weight=393.956 324.84 196.912 127.928 122.253 70.0091 181.835 79.4073 102.427 55.5657 23.8415 15.0771 48.4571 63.0535 69.1156 31.1165 28.1844 19.7577 41.475 45.3783 25.4564 25.1279 37.9992 11.4038 52.244 12.4184 13.0901 20.2504 14.7662 26.5953 21.0406 14.3309 24.6308 16.8707 16.0186 41.958 20.0152 21.9428 18.2133 12.7244 34.8692 27.07 19.7236 10.5156 18.0264 11.1325 8.7317 13.4539 12.7095 12.218 10.1426 39.3739 23.9737 13.3259 10.286 16.6249 15.4003 6.89383
internal_count=1533 1215 709 506 487 260 644 290 354 193 97 65 170 224 318 158 104 75 143 177 90 99 160 43 227 52 58 78 58 117 95 68 83 57 53 177 89 88 66 47 120 94 68 40 100 60 40 53 47 51 49 130 80 57 50 55 50 40
is_linear=0
shrinkage=0.1


Tree=11
num_leaves=57
num_cat=0
split_feature=6 6 2 2 2 2 2 17 17 13 5 17 11 11 18 2 2 0 11 10 0 0 19 13 10 13 7 4 11 16 5 13 17 11 17 4 7 17 14 5 2 11 14 11 13 5 11 11 8 8 0 7 16 19 14 7
split_gain=12.4081 8.38694 8.25166 11.6598 19.966 11.8285 11.7328 9.68252 9.74833 7.00125 5.42255 4.76765 7.19422 4.54807 4.46828 4.10398 4.49068 4.08642 3.81796 4.14919 4.32437 3.56401 3.54808 3.46294 3.40497 4.31378 3.73324 3.37837 3.13222 3.06957 2.82218 2.76119 2.64327 2.61135 2.58878 5.90957 2.26581 2.05744 3.12554 5.5254 1.91226 4.01018 3.32796 2.43037 1.87636 1.86409 2.62784 1.85724 1.73154 1.56818 1.05832 0.715762 0.623919 0.522359 0.499727 0.449072
threshold=1.1081371963059292 1.0000000180025095e-35 2.2405885853738421 0.33213249292539976 0.25113679234470332 1.0062046745976532 1.5147477327178238 -0.074905646800934991 1.0000000180025095e-35 0.25610715865347239 -0.32421931806144694 -0.28436424397797733 -0.12310680499981991 0.1801534499328997 2.0526260135183807 1.0000000180025095e-35 0.33213249292539976 -0.24265195580074897 0.39013623017243665 0.69547190746449661 -0.26956752129811823 0.36153118812822721 0.19885253181540949 0.25610715865347239 1.2149215584515309 0.25610715865347239 -1.0000000180025095e-35 -1.0000000180025095e-35 0.33513483740603406 -0.049422989737855201 -0.20697496712985486 0.4164092481184774 -0.074905646800934991 -1.0000000180025095e-35 1.0570333136344032 -0.28415534458314107 0.15927761984010497 1.9173276367876666 1.299535957043829 0.96338332630223633 -0.1481904258167277 -0.078694862611494845 1.0000000180025095e-35 0.076136005918138336 -1.0000000180025095e-35 -0.15679900582765652 0.12532913827649839 0.33513483740603406 -0.11089909933406329 -0.19048131487327064 -0.33262906236255968 0.087439176934963683 0.091194032580101267 0.48892764846010045 0.25543740237401924 -1.0000000180025095e-35
decision_type=2 2 2 2 2 2 2 2 2 2 2 2 2 2 2 2 2 2 2 2 2 2 2 2 2 2 2 2 2 2 2 2 2 2 2 2 2 2 2 2 2 2 2 2 2 2 2 2 2 2 2 2 2 2 2 2
left_child=1 2 3 4 7 50 10 9 21 11 44 12 30 29 32 24 45 -18 19 20 -11 23 48 -9 25 26 -2 -26 -12 51 -1 -27 36 -23 35 -31 -6 38 39 47 43 -42 -43 -3 -7 -17 -47 55 -15 -14 -5 -10 -51 -38 -25 -34
right_child=15 40 -4 5 14 6 -8 8 13 18 28 -13 49 22 -16 16 17 -19 -20 -21 -22 33 -24 54 27 31 -28 -29 -30 34 -32 -33 37 -35 -36 -37 53 -39 -40 -41 41 42 -44 -45 -46 46 -48 -49 -50 52 -52 -53 -54 -55 -56 -57
leaf_value=-0.040767549110369512 0.10314558615631633 0.056140554988663674 -0.081000604916267774 0.09390755808713297 -0.022738304504899665 -0.090120982634360192 0.12748158471947865 -0.12442719603607731 0.063612076156226591 0.085024562582842717 0.070383328110543875 0.14434067207238593 0.061578896075221157 -0.019113313389083009 -0.11652655679230195 -0.12698224502774033 -0.063495024747840079 0.048693038581620801 0.089282455097188351 -0.058525166747332137 -0.019476701070357594 -0.039438738126881277 -0.065717358181153346 -0.056005572807099051 0.0034828096668284288 -0.066892550695867289 0.0038119701903746141 -0.11538391137163165 -0.018416353746498176 -0.06606672389132888 0.048008380827946728 0.030431359104437505 -0.041293577235373288 0.0535316712286735 0.070610863505838242 0.06885718016917379 -0.11922925066041357 -0.071526737439051039 0.049614717078733848 0.064724310877985122 0.10071341006725508 -0.04199850391912411 0.06024548870149541 0.1358308154145339 -0.011625727328960014 -0.10719619232449128 -0.010743762560613858 -0.086926387845462597 0.060112684278766565 0.13924391393963789 0.14548241523469432 0.11133826000342789 0.096892457363054185 -0.072076541724877791 -0.011911609503381694 0.0010218795882516031
leaf_weight=6.3511686176061621 7.3425989151000959 7.8714776784181577 8.3090768903493863 5.9952691644430187 8.1287330389022845 6.3763190507888794 9.2375434637069684 7.0120670944452348 5.521642938256262 7.4243750125169781 10.017105326056482 9.1103106141090375 6.829113543033599 4.9443928748369226 6.6186998635530463 6.4081530421972319 6.3891188651323318 6.601375073194502 5.9132235646247855 8.1304895877838117 8.4859014749526995 7.1089691370725632 6.9930866062641135 4.9917542934417707 5.0398412793874741 7.299037501215933 7.8055472671985662 4.5493943095207197 6.582334727048873 6.5638060420751536 8.2096931338310224 4.8535707294940948 5.4254281073808714 5.2540451139211637 8.9285737425088865 6.4226060062646919 4.5380370616912824 5.3462492674589148 7.9799042642116538 5.4979273825883856 8.7884342223405838 5.918508917093277 6.8889569491147995 7.4483500868082047 5.8293401151895541 5.7079880088567734 5.5919924974441528 7.7083630859851828 6.2403952628374109 7.6584090143442172 11.828641578555105 7.2925123125314713 6.3732732236385345 4.8713465332984924 5.2983578592538834 4.6638474762439772
leaf_count=25 26 28 36 20 31 26 30 34 19 25 37 30 24 19 34 40 31 27 20 33 32 29 30 23 22 34 32 24 27 26 30 20 23 19 31 23 21 24 28 22 30 22 24 26 23 34 28 37 23 25 38 25 21 21 22 19
internal_value=0.0147932 0.0230414 0.0171742 0.0201546 0.00970223 0.0609109 0.0294149 0.0285355 0.00495326 0.0546778 -0.00203422 0.0798222 0.0632283 0.0306818 -0.0389648 -0.0241272 -0.0511395 -0.00648445 0.0172961 -0.000410194 0.0292878 -0.0409328 -0.00984405 -0.0702322 -0.00164851 0.0163571 0.0519609 -0.0529108 0.0351707 0.0518938 0.00928602 -0.0280228 -0.0294862 7.19115e-05 0.0291603 0.000661721 -0.0614097 -0.0141981 -0.00439831 -0.0229005 0.0678626 0.0486932 0.0129971 0.0948852 -0.0526322 -0.0838979 -0.059465 -0.049969 0.0250897 0.10088 0.128135 0.090773 0.120008 -0.0948177 -0.0333017 -0.0217329
internal_weight=386.517 318.928 282.012 273.703 217.837 55.8666 38.0426 157.058 82.5722 74.486 28.8051 44.532 35.4217 52.907 60.7785 67.5886 30.6986 12.9905 29.954 24.0408 15.9103 29.6652 18.1779 17.3022 36.89 27.3008 15.1481 9.58924 16.5994 34.7291 14.5609 12.1526 54.1598 12.363 21.915 12.9864 17.5381 36.6217 31.2755 23.2956 36.9157 21.5959 12.8075 15.3198 12.2057 17.7081 11.3 17.7976 11.1848 20.8608 17.8239 12.8142 14.0317 9.40938 10.2901 10.0893
internal_count=1533 1215 1085 1049 848 201 143 588 323 265 113 155 125 196 260 318 160 58 110 90 57 127 72 79 158 112 58 46 64 124 55 54 226 48 80 49 73 153 129 101 130 76 46 54 49 102 62 79 42 70 58 44 46 42 45 42
is_linear=0
shrinkage=0.1


Tree=12
num_leaves=57
num_cat=0
split_feature=6 13 17 13 13 13 18 9 15 17 9 9 16 16 16 9 7 15 7 15 1 17 6 6 17 15 9 16 1 8 14 16 17 2 16 10 15 10 19 13 8 17 14 7 2 15 14 0 16 14 9 9 8 19 5 5
split_gain=10.3142 7.3408 8.32103 7.1859 8.79045 10.024 7.83444 6.36752 5.97913 6.04132 6.21535 4.93879 4.64756 4.01273 7.94657 6.17684 5.75287 5.17696 3.91234 6.73549 3.90289 3.87802 3.76607 10.6974 5.69033 3.31438 3.29529 4.20091 2.70404 2.59675 2.29965 2.19934 2.03792 1.94022 2.31388 2.57951 2.32236 2.04206 2.39482 2.26975 1.87713 2.82899 1.81278 1.75306 5.04413 3.19537 1.75453 1.46396 1.28558 1.27971 0.997947 0.612927 0.34756 0.137903 0.112511 0.0933827
threshold=1.1081371963059292 1.242720838925129 -0.65401024697367516 0.32084858651811182 0.25610715865347239 -0.50554564972274063 2.0526260135183807 -0.392864883803548 2.1687601236207597 1.9173276367876666 1.1907897666116798 1.3840102860569372 -0.049422989737855201 0.21525010972440192 0.35230157900345077 0.46386256416071397 -0.72560000752627662 -0.22363772847440952 1.0000000180025095e-35 -0.19715511392299456 0.81447878794261586 -0.32310879021791356 1.2542964825776466 2.1403146036076484 -0.074905646800934991 0.82897760905810303 0.64901233818789372 -0.1832528769770439 0.74666544301880611 -0.19048131487327064 -0.60060963227250008 1.2988929893092223 0.068997147222877933 0.25113679234470332 1.2988929893092223 1.2149215584515309 -1.0000000180025095e-35 0.29246872236169535 0.48892764846010045 -1.0000000180025095e-35 0.030871546344070588 -0.074905646800934991 0.081963968262304884 -1.0000000180025095e-35 0.25113679234470332 -0.06435009324458639 0.25543740237401924 0.24982950298607473 -0.049422989737855201 0.25543740237401924 -0.392864883803548 -0.17540030339815002 -1.0000000180025095e-35 0.48892764846010045 -1.0000000180025095e-35 -0.15679900582765652
decision_type=2 2 2 2 2 2 2 2 2 2 2 2 2 2 2 2 2 2 2 2 2 2 2 2 2 2 2 2 2 2 2 2 2 2 2 2 2 2 2 2 2 2 2 2 2 2 2 2 2 2 2 2 2 2 2 2
left_child=1 3 26 4 5 6 8 49 9 10 13 21 -5 16 15 -15 17 -1 32 -20 42 -12 33 -24 -25 40 27 -3 30 -11 51 43 -16 34 35 36 -2 38 39 -35 50 -42 -4 45 54 -9 -46 55 -8 -6 -18 -7 -21 -47 -45 -32
right_child=22 2 20 12 7 28 48 31 -10 29 11 -13 -14 14 18 -17 25 -19 19 52 -22 -23 23 24 -26 -27 -28 -29 -30 -31 47 -33 -34 37 -36 -37 -38 -39 -40 -41 41 -43 -44 44 46 53 -48 -49 -50 -51 -52 -53 -54 -55 -56 -57
leaf_value=-0.063896393881766808 0.045900603293793772 -0.060025327760998975 -0.066588691230502942 0.12667094588790029 -0.13387363841501101 0.032964341579534089 -0.026504206705529477 0.080879556386108692 -0.079780277455936285 0.0050608097678255014 -0.12136311698251903 0.043559169932761738 0.03337965007142598 -0.087256632367146522 0.055540689778161102 0.033363741612629887 0.14862371953368964 0.057156673595692847 0.092035774123067307 -0.016512131517369379 0.008906982996275771 -0.0096961246267555368 0.1214721716043201 0.025440839959357659 -0.10627683010624139 0.031236067995421102 0.08947093622493224 0.057654109482201968 0.03284289963501022 -0.090503870441533435 0.12525924730782309 -0.061256343633851629 0.12525895320062583 -0.095884986216250939 -0.081604903738029422 -0.060707035683395784 -0.035444781424666602 -0.012847202862581807 -0.12765139659260377 0.0093894206297710295 0.10784336406583209 0.020976754006602375 -0.14137663739213774 0.044683275045046163 -0.10781061994621477 -0.013312245347569524 -0.023622729717293553 0.075591067368896481 -0.091809846231115655 -0.05770904192058908 0.098933612220041864 0.079268026191427809 -0.054775791260452747 0.0091216231014173126 0.025157509147102738 0.14295866150537989
leaf_weight=5.5798498392105094 9.7668397128582018 6.1462692618370065 8.6060675829648989 11.250172302126886 3.8562268614768964 5.7020870447158813 6.4967146068811417 7.7673169076442745 5.0794358849525443 6.15944704413414 4.7764921337366095 10.087030559778212 10.164914116263388 8.8163410574197769 8.7759056389331835 8.1886702030897141 8.0805316269397753 9.6299403607845218 7.4365644007921246 4.9079206883907327 4.9289036542177191 8.9138462692499179 6.3355947136878994 6.9542769789695749 6.2073722854256603 9.0523628741502744 5.8411419689655295 5.9896922707557687 10.66719891130924 5.2814490050077421 5.9364744722843179 4.9479661136865607 8.0281423330306989 4.2829780727624893 4.8721426576375952 6.0056855678558341 5.4782202541828182 6.2932523116469374 6.2632189616560927 3.9247138500213641 10.064381837844842 5.9747359305620273 5.1989185214042655 5.4315080195665333 4.5871649831533414 5.8904850035905785 5.3775056302547455 6.6513029634952536 5.6236452311277372 5.1549158468842506 8.0863997787237221 5.7330352365970629 4.5976913720369312 5.1233215630054474 6.4620170593261799 5.987379878759385
leaf_count=22 38 26 37 39 22 20 27 28 21 24 22 36 36 41 33 31 26 35 26 20 18 34 20 29 35 34 20 22 39 25 20 22 28 25 23 31 25 35 39 18 35 24 24 19 23 24 21 24 28 25 29 20 20 20 25 20
internal_value=0.013578 0.0211705 -0.0208428 0.0267521 0.0220781 0.0317729 0.0204809 -0.0134913 0.0268309 0.0306327 0.036719 -0.00953583 0.0823892 0.0469767 0.0265705 -0.0291726 0.0653169 0.0127473 0.0546599 0.0207498 -0.0674804 -0.0486562 -0.0222253 0.0147109 -0.0366806 0.0846965 0.0277581 -0.00194475 0.0760883 -0.0390546 0.0914599 0.00169191 0.0888486 -0.0375846 -0.0194484 -0.00519783 0.0166696 -0.0604013 -0.0810821 -0.0455454 0.099723 0.0754847 -0.0947536 0.00935606 -0.00989609 0.0317625 -0.062378 0.113179 -0.0568049 -0.0903029 0.12377 0.0561788 -0.0350196 -0.00287662 0.0340745 0.134147
internal_weight=379.424 313.039 36.711 276.328 254.913 200.315 159.637 54.5984 147.517 142.438 130.997 23.7774 21.4151 107.219 50.7512 17.005 56.4682 15.2098 33.7462 16.9422 18.7339 13.6903 66.3843 19.4972 13.1616 41.2584 17.9771 12.136 40.6775 11.4409 30.0103 45.5873 16.804 46.8871 26.1229 21.2507 15.2451 20.7642 14.4709 8.20769 32.206 16.0391 13.805 40.6393 21.8582 18.7811 9.96467 18.5752 12.1204 9.01114 16.1669 11.4351 9.50561 11.0138 11.8935 11.9239
internal_count=1533 1215 147 1068 993 764 621 229 566 545 496 92 75 404 199 72 205 57 127 66 79 56 318 84 64 148 68 48 143 49 104 182 61 234 117 94 63 117 82 43 114 59 61 160 88 72 44 64 55 47 55 40 40 44 44 40
is_linear=0
shrinkage=0.1


Tree=13
num_leaves=59
num_cat=0
split_feature=12 4 7 7 7 0 12 12 0 7 19 6 9 9 8 8 4 1 13 16 13 15 8 10 8 2 2 16 12 9 6 17 13 16 8 16 15 15 8 12 15 13 16 13 8 15 17 9 6 15 4 2 2 0 2 8 19 9
split_gain=9.24364 9.71468 9.40872 14.3872 9.90813 9.75215 8.89659 15.3671 6.26094 4.02543 6.18926 4.57307 3.81615 3.77563 3.77494 5.40947 4.3743 4.12462 3.57603 3.34174 3.03663 3.26585 2.96853 4.55567 3.45753 3.29662 2.89045 2.74623 6.5525 3.75979 3.61854 3.94893 2.62785 2.83861 2.53652 3.16424 2.53545 4.49824 2.48035 2.40097 4.07516 2.16402 1.92684 1.85765 1.75034 4.91507 4.36042 2.67704 2.13148 1.55748 1.28338 1.0743 0.955346 0.872204 0.764383 0.364579 0.0940586 0.0147232
threshold=0.17801059672451677 1.9841814109541247 0.15927761984010497 -0.45861794349918089 0.24925121690930521 -0.091116904384945963 0.26219677601548752 1.1757611839043363 -0.13236436709461427 1.403659538954902 0.15706251643725175 0.21128904151879019 1.3840102860569372 -0.81680815613516233 0.095755636731179136 0.98727373093371651 0.28828305599644694 0.92460058491607233 -0.058478930022438057 1.0000000180025095e-35 -0.084609913672573381 -0.19715511392299456 0.98727373093371651 1.0000000180025095e-35 -0.76184081105219548 0.25113679234470332 0.25113679234470332 0.35230157900345077 1.4380755930958047 -0.17540030339815002 0.72035339318953329 -0.074905646800934991 0.63815446130136821 0.56025302176910852 -0.48671781063857461 -1.0000000180025095e-35 -0.06435009324458639 -1.0000000180025095e-35 0.095755636731179136 1.8360680351030554 -0.19715511392299456 0.035240992361629815 0.76955517992126998 -1.0000000180025095e-35 0.98727373093371651 -0.06435009324458639 -1.0000000180025095e-35 0.46386256416071397 1.1081371963059292 -0.25638497730180054 -1.0000000180025095e-35 -1.0000000180025095e-35 0.25113679234470332 0.60900403108297951 -0.035037735812963926 -1.0000000180025095e-35 -0.45022134399865221 -0.27075348723744247
decision_type=2 2 2 2 2 2 2 2 2 2 2 2 2 2 2 2 2 2 2 2 2 2 2 2 2 2 2 2 2 2 2 2 2 2 2 2 2 2 2 2 2 2 2 2 2 2 2 2 2 2 2 2 2 2 2 2 2 2
left_child=2 6 3 12 44 8 13 32 9 10 11 -6 14 43 16 -16 17 18 -1 -12 21 -17 23 25 -25 36 -18 29 -29 30 31 -9 33 50 35 -5 -15 -38 41 40 -31 -7 56 -2 46 -46 48 -48 52 -28 -8 -24 -4 55 -33 -27 -36 -58
right_child=1 -3 4 34 5 38 7 27 -10 -11 19 -13 -14 22 15 20 26 -19 -20 -21 -22 -23 51 24 -26 53 49 28 -30 39 -32 54 -34 -35 42 -37 37 -39 -40 -41 -42 -43 -44 -45 45 -47 47 -49 -50 -51 -52 -53 -54 -55 -56 -57 57 -59
leaf_value=0.03847522992270902 -0.0534402727239797 0.11987706982004549 -0.081262502370201856 0.006845094648670641 -0.0069700795361070577 0.092641366292567695 0.13944057320708927 0.013519457300093596 -0.080858391196432067 0.074907563972415617 0.09779673082878744 -0.1307341538274647 0.082533352767055784 0.054173134480304155 0.11452472965003753 0.036953292373295338 -0.00059056976301485951 0.078409500291235876 -0.056625385694636723 -0.003311544296886711 0.054873293853379648 -0.070814745547763402 -0.041362011396490761 -0.010424595237220998 0.097570922550944114 -0.070695304370234996 -0.030359455290534756 -0.064709015769570291 0.08502580282643607 0.093419451528733849 -0.13139622771674442 -0.054839086694595342 0.01308184778911557 0.027923085711796559 0.1182063948207291 0.1115156007108839 -0.094950015974445412 0.026775911067274755 0.12692099480730387 -0.046354619725498758 -0.022466082738682416 0.012809487256514894 0.065013932548476469 -0.13096033963309936 0.074974256067630585 -0.065091792014416144 -0.048314527700987868 0.045346530161300413 -0.031843430043163382 -0.11048867477374069 0.080580366313655505 -0.1089166983124112 -0.14427051511041897 -0.10808480735484588 -0.11380665369204673 -0.032376502160321306 0.13658199939652596 0.12991910567760759
leaf_weight=8.1959277093410474 6.8647498264908791 5.8393386900424948 4.3580613136291486 6.0814350694417953 8.2843982279300707 7.4285093098878878 8.2978434711694735 8.0488931238651293 7.9583126977086058 9.0331733971834165 6.3737857937812787 4.6676097959280005 8.9632140398025495 4.9274450689554241 7.4920965433120754 5.3232408761978176 9.3464434146881121 8.6663475483655912 7.6395349949598339 6.7103965282440186 10.430731967091555 5.9608138203620937 4.3404104560613632 6.9096076786518097 5.1922008097171766 6.0425307601690248 4.0927419438958168 5.018336169421671 6.9979997724294662 5.276361659169198 5.3658255860209456 4.5392476469278336 5.5127021372318259 5.2837900668382636 6.4163789451122311 5.5003616064786893 5.7643143832683572 6.4135929942131051 7.7614569813013068 7.0324053019285193 7.141831830143933 6.2544006556272507 6.391567885875701 5.6236556023359281 4.496855691075325 5.6569972336292249 7.2584413141012192 5.2653924971818924 4.3489608168601999 5.9554093629121763 6.6916207969188717 5.1437893360853177 5.3735228329896927 4.4206259399652472 4.2626034468412382 4.214904576539996 6.054206535220148 7.3340815901756287
leaf_count=31 36 21 20 24 32 26 29 31 37 33 23 23 31 19 27 20 38 30 32 26 39 26 20 31 20 30 18 25 23 18 29 21 20 20 24 19 27 25 27 28 30 24 23 33 17 27 33 19 23 32 25 27 27 23 21 21 21 28
internal_value=0.0124667 -0.00659015 0.0254974 0.0444575 0.00305082 0.0266737 -0.0116717 0.0108521 -0.000782953 0.0173886 -0.0025674 -0.0515718 0.0209495 -0.0388508 0.0133987 0.0412573 -0.00513723 0.0229482 -0.00740436 0.045942 0.0159783 -0.0199753 -0.0272684 -0.0163044 0.0359102 -0.0361856 -0.0406185 -0.0196245 0.0224926 -0.0317706 -0.0598775 -0.0371037 0.0743011 0.0909479 0.0955247 0.0565546 -0.00635221 -0.0308421 0.0817648 0.000333221 0.0267725 0.0561505 0.112754 -0.0883483 -0.0383824 -0.00306048 -0.0518634 -0.00893663 -0.0900444 -0.077851 0.113164 -0.0780005 -0.116054 -0.0709525 -0.0833962 -0.0549496 0.128161 0.132932
internal_weight=372.241 151.167 221.075 119.845 101.23 64.472 145.327 79.4695 43.0277 35.0694 26.0362 12.952 82.0665 65.8578 73.1033 29.2069 43.8964 24.5018 15.8355 13.0842 21.7148 11.2841 53.3694 43.8852 12.1018 31.7834 19.3946 53.6835 12.0163 41.6672 22.2166 16.8507 25.786 20.2733 37.778 11.5818 17.1054 12.1779 21.4444 19.4506 12.4182 13.6829 26.1962 12.4884 36.7582 10.1539 26.6044 12.5238 14.0805 10.0482 14.9895 9.4842 9.73158 14.6781 8.80185 10.2574 19.8047 13.3883
internal_count=1533 653 880 463 417 251 632 320 174 137 104 55 324 312 293 112 181 93 63 49 85 46 243 196 51 145 88 226 48 178 102 73 94 74 139 43 71 52 77 76 48 50 96 69 166 44 122 52 70 50 54 47 47 74 42 51 73 49
is_linear=0
shrinkage=0.1


Tree=14
num_leaves=59
num_cat=0
split_feature=8 8 8 8 17 8 10 2 2 2 4 17 3 14 1 4 16 14 7 10 18 15 14 0 0 7 14 17 11 14 14 11 19 14 0 3 4 1 0 17 0 11 14 3 11 19 16 11 17 0 3 17 15 0 8 2 15 11
split_gain=7.37484 20.7807 11.6181 10.2466 9.98439 9.07195 8.76923 6.09577 7.30687 8.68282 6.81185 6.82693 6.22885 5.22666 4.72411 4.3397 4.32296 3.81283 3.81442 4.55176 5.03639 3.78161 3.48415 3.4836 3.482 3.47173 3.06648 4.39571 3.04504 4.2066 2.93832 2.72428 2.70357 3.18834 2.59937 2.59152 3.14592 2.57143 2.70989 2.39214 2.11375 3.85458 2.738 2.15318 2.07089 2.05186 1.74803 1.68927 1.6651 1.31769 0.979891 0.87434 0.834971 0.700959 0.537092 0.327153 0.21117 0.397641
threshold=0.095755636731179136 0.98727373093371651 0.030871546344070588 -0.76184081105219548 -0.074905646800934991 1.1769412895690745 2.9480560705878083 0.25113679234470332 0.33213249292539976 1.472113642368482 0.53941300601779307 -0.074905646800934991 1.1599846638261024 0.51250950271717599 0.99610843054145271 0.34117012405629238 0.026644938271029126 1.6089750557295897 1.0155741748934362 0.75742311751293845 1.2361142077967815 -0.06435009324458639 -0.16383760962056926 -0.26956752129811823 0.065913433180951622 -0.72560000752627662 0.25543740237401924 0.89662177220015649 0.031750625696313498 0.25543740237401924 0.081963968262304884 1.0000000180025095e-35 0.48892764846010045 0.25543740237401924 -0.72862976431221627 0.14859480478027123 0.10206334094805948 2.2279319926450554 -0.13236436709461427 0.89662177220015649 0.60900403108297951 0.33513483740603406 0.25543740237401924 0.095466499557789394 0.29203329523171856 0.48892764846010045 -0.35101843961007151 0.33513483740603406 -0.074905646800934991 0.24982950298607473 -0.092799679096215754 0.13524081485154218 1.0000000180025095e-35 -1.0000000180025095e-35 1.8553516286206373 -1.0000000180025095e-35 -0.22363772847440952 -0.27027006146639704
decision_type=2 2 2 2 2 2 2 2 2 2 2 2 2 2 2 2 2 2 2 2 2 2 2 2 2 2 2 2 2 2 2 2 2 2 2 2 2 2 2 2 2 2 2 2 2 2 2 2 2 2 2 2 2 2 2 2 2 2
left_child=2 34 3 6 5 21 7 12 32 23 11 -11 14 16 17 26 24 18 19 20 28 -3 -21 -10 39 30 27 53 29 -1 -5 -7 48 -34 52 36 49 38 -16 -6 42 -42 55 -44 -28 -30 -46 -13 -9 -27 -18 -52 -2 -4 -33 -17 57 -36
right_child=1 4 15 25 13 31 -8 8 9 10 -12 47 -14 -15 37 40 50 -19 -20 22 -22 -23 -24 -25 -26 35 44 -29 45 -31 -32 54 33 -35 56 -37 -38 -39 -40 -41 41 -43 43 -45 46 -47 -48 -49 -50 -51 51 -53 -54 -55 -56 -57 -58 -59
leaf_value=0.075846018124580278 0.035616970140636119 0.038447362548567759 -0.056994175134096117 -0.030278580529787508 -1.4270824571077092e-05 0.041250673355903572 -0.10675964359829918 -0.14027978796073517 0.022595621180156657 0.041786570238253752 0.084241898486588043 -0.062428667539509 0.11467746325728012 0.056726777002277254 -0.014465627013999472 -0.13724949804387113 -0.055082329165287797 0.10781923482580627 0.086170886144051065 -0.08492846548638143 0.10908051395149576 -0.066749598298957213 0.021563776170077223 0.130981008843994 0.060768584232090354 0.060644417055144589 -0.019555066792057957 0.026209863094118713 -0.078824379287465496 -0.028817803001376381 0.067289043450000266 0.090246657795728297 -0.085380534390689086 0.015050777717872355 0.094372550864842156 0.13035352211620654 0.12039334744067934 0.013717007825949255 -0.12196004486039608 -0.090548268377902683 -0.066959826907450379 0.053193791863784291 -0.0017734363327226929 -0.0811064397451325 0.0013707420451969192 0.012064788074109689 0.077348770001062217 -0.14301768558596037 -0.062415622533794506 -0.0026383314185577118 -0.13882529136589855 -0.076256360255138558 0.088810234049765083 -0.11096169951137552 0.13100131658235833 -0.099348515771925772 0.13603982737259065 0.13136480312397433
leaf_weight=10.503492534160619 5.4490585327148455 6.0503591299057007 4.8777893260121337 6.4282785356044752 6.7106691896915454 9.555574908852579 6.9059294313192359 4.538314625620842 5.4080706536769867 4.7271717935800579 4.3407269120216361 5.149141848087309 7.196480691432952 5.8623235523700705 5.111801579594613 4.3683959543704987 7.2528476864099529 5.7942622900009146 7.9906285107135764 7.2654971033334732 6.5771432071924201 7.8518751561641675 5.3232696801424009 6.5655227601528185 4.9047524929046622 7.9437412321567589 9.1813211292028445 5.8626753166317931 4.8668431490659696 6.0530438870191565 5.9377803802490234 6.16537097096443 5.402110815048216 7.6195639446377754 5.203303739428522 7.5317921936511985 6.2056756466627112 7.8312298059463492 4.3331768959760675 5.1646704524755478 7.1868630424141866 4.2481644749641418 5.9935159683227521 7.9711865335702896 5.4908719658851606 5.0727737694978714 6.7513845711946487 5.2560977637767792 6.9557315856218356 5.6169304251670837 4.0651867687702161 4.9563745930790901 6.4367077201604843 4.7508108615875235 6.8003672063350677 4.7580582424998301 8.0546961277723295 6.5810784101486206
leaf_count=38 21 24 24 24 30 36 35 25 20 18 16 24 25 23 22 24 35 20 30 33 24 35 22 22 20 29 39 25 20 25 21 24 29 36 20 29 23 30 20 26 34 18 27 38 22 20 25 28 36 22 21 24 23 24 22 28 30 25
internal_value=0.0114505 0.0335127 0.00229125 0.0154295 0.00492424 0.0425534 0.00324358 0.0086744 -0.0168889 0.0150156 -0.0261882 -0.057865 0.0257215 -0.0302941 0.0173776 -0.031998 -0.0457276 0.0307545 0.0224318 0.0112778 0.0307567 -0.0209671 -0.0398973 0.082027 -0.0101127 0.0605269 -0.00816222 -0.0420562 0.0113144 0.0375811 0.0165702 0.0817641 -0.0578133 -0.0266137 0.101405 0.0804393 0.0614199 -0.0286521 -0.063782 -0.0393882 -0.0574829 -0.0223222 -0.0748949 -0.0470575 0.0163463 -0.0324383 0.0432713 -0.103137 -0.0931595 0.0344322 -0.0824491 -0.10445 0.0644237 -0.0836221 0.111622 -0.11749 0.123561 0.115031
internal_weight=364.958 107.065 257.893 186.452 75.3404 36.4235 146.788 139.882 55.9625 31.4467 19.4731 15.1324 83.9196 38.9168 76.7232 71.441 33.0545 59.447 53.6527 45.6621 33.0733 13.9022 12.5888 11.9736 16.7801 39.6642 36.9149 15.4913 26.4962 16.5565 12.3661 22.5213 24.5157 13.0217 31.7248 27.2981 19.7663 17.2762 9.44498 11.8753 34.5262 11.435 23.0912 13.9647 21.4236 9.93962 12.2423 10.4052 11.494 13.5607 16.2744 9.02156 11.8858 9.6286 12.9657 9.12645 19.8391 11.7844
internal_count=1533 439 1094 766 320 141 618 583 254 128 86 70 329 179 304 328 156 232 212 182 127 59 55 42 76 148 159 73 103 63 45 82 126 65 119 103 74 72 42 56 169 52 117 65 86 40 47 52 61 51 80 45 44 48 46 52 75 45
is_linear=0
shrinkage=0.1


Tree=15
num_leaves=58
num_cat=0
split_feature=12 7 7 7 7 0 12 12 7 19 11 10 13 15 8 0 14 18 16 15 12 11 8 16 13 1 3 8 16 11 0 19 0 3 11 16 16 17 17 7 13 7 8 15 17 6 0 7 0 15 19 3 3 14 16 11 12
split_gain=6.77819 7.28627 11.1627 7.11131 8.46514 6.32117 5.99449 11.3044 4.67371 5.67515 4.1044 3.44661 4.56245 3.94635 11.0806 3.34847 7.72516 2.92853 4.70899 3.25647 2.84256 2.69266 2.38757 2.76812 2.35982 2.3427 2.31031 2.27491 2.23453 2.00674 1.98786 1.94889 2.97594 4.4021 4.37841 1.87193 1.75274 2.06658 2.19169 1.66733 1.6129 1.53725 1.39866 3.80346 3.60261 1.9342 1.25226 1.21024 1.11832 0.884494 0.800869 2.40097 0.567151 0.486843 0.469147 0.131673 0.00349105
threshold=0.17801059672451677 0.15927761984010497 -0.45861794349918089 0.24925121690930521 0.59400985988474508 -0.091116904384945963 0.26219677601548752 1.1757611839043363 1.403659538954902 0.15706251643725175 1.2715663092593881 0.75742311751293845 0.11464822818632221 -0.06435009324458639 0.030871546344070588 1.1322972788807577 1.0000000180025095e-35 2.0526260135183807 1.2988929893092223 1.6566932293296104 2.1571760052470088 0.031750625696313498 -0.48671781063857461 -1.0000000180025095e-35 0.63815446130136821 1.3746164464340265 0.095466499557789394 0.98727373093371651 0.56025302176910852 -0.27027006146639704 -0.13236436709461427 1.6765732208110624 -0.13236436709461427 0.095466499557789394 0.33513483740603406 0.76955517992126998 0.29016028168771169 -0.074905646800934991 1.0000000180025095e-35 -1.0000000180025095e-35 -1.0000000180025095e-35 1.0155741748934362 0.98727373093371651 -0.06435009324458639 -1.0000000180025095e-35 1.1081371963059292 -0.26956752129811823 -0.058179522705504985 -0.13236436709461427 -0.14689432547736384 -1.0000000180025095e-35 1.0332391105599126 -1.0000000180025095e-35 -0.07725386737433447 0.21525010972440192 0.48094342338110135 -0.34575964419814237
decision_type=2 2 2 2 2 2 2 2 2 2 2 2 2 2 2 2 2 2 2 2 2 2 2 2 2 2 2 2 2 2 2 2 2 2 2 2 2 2 2 2 2 2 2 2 2 2 2 2 2 2 2 2 2 2 2 2 2
left_child=1 2 15 42 -5 8 25 24 9 21 11 13 -13 20 30 17 -17 18 19 36 -9 -6 23 -4 28 27 -27 31 47 -7 -15 32 34 39 -2 55 37 46 -39 -34 -40 -11 44 -44 45 52 -1 -8 -29 -10 51 -35 -3 -16 -46 56 -24
right_child=6 3 22 4 5 29 7 10 49 41 -12 12 -14 14 53 16 -18 -19 -20 -21 -22 -23 35 -25 -26 26 -28 48 -30 -31 -32 -33 33 50 -36 -37 -38 38 40 -41 -42 -43 43 -45 54 -47 -48 -49 -50 -51 -52 -53 -54 -55 -56 -57 -58
leaf_value=0.10231393405486935 0.086340315552989585 -0.13664046817532682 0.0017932809379190352 0.13479326929526683 -0.12225032870307968 0.018174251242279907 0.072304384968224167 0.080906143219093313 0.015976782435834971 0.047216036773735648 -0.090990301735138446 0.0048012631519905495 -0.11876660241062104 0.090562647997503701 -0.13039755885646026 -0.090486012239138325 0.055515213990491877 -0.033170821370791234 -0.037501651317122013 -0.031918772902307706 -0.0053665278219854774 -0.036548716460984794 0.12464627738947619 0.10245555861066671 0.0095680759226763543 -0.13151762322631255 -0.030730826629261434 -0.10078259656963989 0.03089151593379021 0.088101250356450389 0.0055541478602913951 -0.059553353295747929 0.06445439741446081 -0.11814538590841642 -0.025885010161054701 0.056546804339234216 0.11118087172080744 -0.013323575599063435 0.084056021545623666 -0.011758969427067667 0.017465143494176976 -0.020061396624334163 0.065318414311266629 -0.058719813806696525 0.0097735695042333072 -0.025997701281927049 0.049385419431279332 0.13154968177613277 -0.033936715800207282 0.074294344200344392 -0.026155528850168471 -0.018506813758170603 -0.086268268617317997 -0.081952926651609193 -0.029597099492773799 0.10718875669697712 0.12799746311890101
leaf_weight=8.1575969159603137 7.5112323164939827 3.9516932070255253 5.9380807131528854 6.0402158796787253 6.8275703415274638 6.7607060372829464 6.1300005167722738 10.179712809622286 5.2073764950037003 6.748259022831915 6.0241223424673072 6.8095562756061536 5.324408657848835 5.4321815669536564 4.0354586541652679 8.0432573780417425 6.5960177183151236 6.9404132813215247 7.6613219529390326 4.778276950120925 6.1122322082519522 7.9173279255628586 5.5698534548282641 5.0593820661306363 5.3879757374525061 4.0427393168210966 5.1995924487709999 4.4985862225294113 5.5992757529020301 10.443395182490347 5.5728552043438038 7.1489950120449057 5.3734703660011292 5.6009539440274168 6.4717853963375092 6.0408320128917685 4.9269262999296179 8.2068926915526479 7.3949725478887505 6.1625603437423759 7.1580287143588102 6.8375237584114075 4.5573534518480301 5.4028463810682279 7.0127910673618317 4.1841615661978731 9.8887302428483874 7.8806972056627291 5.6411251723766309 5.19558137655258 5.0518324077129408 4.256198450922966 5.1458686739206323 4.2687881588935834 5.32478067278862 4.8930940181016913 7.0345940440893209
leaf_count=30 30 22 24 24 33 26 23 38 23 25 28 29 29 20 24 37 23 33 32 21 23 34 24 19 20 24 26 25 22 38 23 36 22 29 33 23 19 36 28 28 29 29 17 27 30 23 36 32 28 19 25 18 25 18 22 21 28
internal_value=0.0105242 0.0219432 0.0390777 0.00187011 0.0223264 0.0101821 -0.00607686 0.0126249 -0.0122216 -0.0332708 -0.0132099 -0.00339406 -0.0494206 0.0122932 -0.018289 0.0185119 -0.0247022 0.0282276 0.0355529 0.0466334 0.0485393 -0.0762325 0.0865697 0.048103 0.0681837 -0.0280738 -0.0748165 -0.0205888 0.0842887 0.060622 0.0475151 -0.0114235 -0.0029126 -0.0226413 0.0343989 0.104542 0.0548407 0.0480382 0.0279994 0.0237411 0.0513027 0.0133563 -0.0337638 -0.00196533 -0.0461263 -0.0822683 0.073311 0.105629 -0.0635936 0.0451025 -0.0585304 -0.0751227 -0.108148 -0.105495 -0.00721844 0.121112 0.126517
internal_weight=357.562 211.846 114.288 97.5575 61.978 55.9377 145.716 78.7573 38.7336 28.3307 53.7593 47.7352 12.134 35.6012 19.3093 79.7524 14.6393 65.1132 58.1727 50.5114 16.2919 14.7449 34.5358 10.9975 24.9979 66.9591 9.24233 57.7167 19.61 17.2041 11.005 47.577 40.428 26.445 13.983 23.5384 45.7331 40.8062 22.7599 11.536 14.553 13.5858 35.5795 9.9602 25.6193 13.2817 18.0463 14.0107 10.1397 10.403 14.909 9.85715 9.09756 8.30425 12.3376 17.4975 12.6044
internal_count=1533 880 463 417 251 227 653 329 163 121 232 204 58 146 85 324 60 264 231 199 61 67 139 43 97 324 50 274 77 64 43 221 185 122 63 96 178 159 93 50 57 54 166 44 122 70 66 55 53 42 72 47 47 42 52 73 52
is_linear=0
shrinkage=0.1


Tree=16
num_leaves=59
num_cat=0
split_feature=6 2 2 2 14 2 7 14 12 5 14 7 9 3 7 18 17 5 14 3 3 11 17 18 8 11 8 19 17 9 8 16 2 16 8 9 4 7 16 9 7 6 17 7 12 17 16 12 11 17 19 14 17 17 5 2 9 8
split_gain=6.03053 5.49917 6.87863 11.1691 6.57424 5.78064 5.50419 5.42475 4.65048 4.37224 4.22861 5.47728 4.08055 3.91118 3.83212 3.74732 3.20227 2.89085 4.88105 4.03085 2.80624 2.793 2.90747 2.78274 2.67506 2.66014 3.22057 2.65885 2.60562 3.61027 3.0364 2.56653 2.35524 2.3081 2.29839 4.01983 6.21339 2.24387 2.10571 2.04916 3.16053 1.98014 1.89535 1.88261 2.70747 1.75774 1.64356 1.64132 1.45249 1.42558 1.27606 1.27591 1.19385 0.787757 0.71436 0.390552 0.18013 0.000947765
threshold=1.1081371963059292 2.2405885853738421 0.33213249292539976 0.25113679234470332 -0.60060963227250008 0.62416694073533818 0.31346110548157285 0.25543740237401924 1.0000000180025095e-35 -0.74647916731733532 0.71429567997196231 0.15927761984010497 -0.52639498484917358 -0.092799679096215754 0.65289709804748497 2.0526260135183807 -0.38277523685112885 -0.23358871550082974 1.6089750557295897 0.51787994787957314 1.1599846638261024 1.2715663092593881 1.0570333136344032 0.78363026246689382 0.030871546344070588 0.33513483740603406 0.19152687331393811 -0.1147886595078773 -0.074905646800934991 0.46386256416071397 0.98727373093371651 1.0000000180025095e-35 0.25113679234470332 1.2988929893092223 0.095755636731179136 -0.17540030339815002 0.068028672939764737 -1.0000000180025095e-35 0.21525010972440192 1.1907897666116798 0.15927761984010497 0.60577401046786061 0.89662177220015649 -0.45861794349918089 -0.34575964419814237 -0.074905646800934991 -0.049422989737855201 0.17801059672451677 0.1801534499328997 -0.074905646800934991 0.28222108394604889 -0.60060963227250008 -0.074905646800934991 0.40643718090243475 1.0000000180025095e-35 1.472113642368482 0.091481680340020535 0.030871546344070588
decision_type=2 2 2 2 2 2 2 2 2 2 2 2 2 2 2 2 2 2 2 2 2 2 2 2 2 2 2 2 2 2 2 2 2 2 2 2 2 2 2 2 2 2 2 2 2 2 2 2 2 2 2 2 2 2 2 2 2 2
left_child=1 2 3 4 6 -4 12 14 17 16 37 49 45 -8 41 28 -7 19 27 -9 23 22 43 31 -18 51 -27 -19 39 30 42 34 33 54 35 48 -37 -10 -31 40 -5 53 -30 50 -45 -1 -15 -25 -2 -12 -14 -11 -53 56 -33 57 -6 -34
right_child=20 -3 5 15 7 9 13 8 10 25 11 -13 21 46 -16 -17 24 18 -20 -21 -22 -23 -24 47 -26 26 -28 -29 29 38 -32 32 55 -35 -36 36 -38 -39 -40 -41 -42 -43 -44 44 -46 -47 -48 -49 -50 -51 -52 52 -54 -55 -56 -57 -58 -59
leaf_value=-0.027949734679336393 -0.13189377462373086 -0.063426327800024079 0.13114922184301442 0.030655017198574788 0.13875217818013993 0.061951653479179428 -0.0020983372146692199 0.1282810085557784 -0.10709900438106182 0.051008432087168945 0.091887251678183263 -0.053078965825713892 -0.058043192422463488 0.12243170577159734 0.0078292922301654595 -0.10544646816845274 -0.069523311616331837 -0.044291891706139119 0.10213460304727356 0.021828088121704208 0.046981520612641943 -0.067610197058098662 0.081095201506920511 0.066931628245030489 0.019682104939794984 -0.027246917646107267 0.083675780862146956 0.04631087718399738 -0.02848181692495886 -0.0027713402342658517 0.020861325850340263 0.022618231617410361 -0.11738684285000488 -0.087933608686927248 0.031206211758445013 0.090996480559894927 -0.077818468175347488 -0.011963560919324196 0.069085004733491565 -0.10087319953271344 -0.078513547864677402 0.041989256704519438 -0.1092718615568205 -0.02595023070530228 0.060843550643639999 -0.099897093574016341 0.045468145908031249 -0.019143462593595232 -0.045907024045072513 0.025949607671908115 0.0013950048353569269 0.13510919567012622 0.07191019483188596 0.083781938990537583 -0.033799644019952835 -0.072877527629481478 0.11321535076378404 -0.1200629369782048
leaf_weight=6.889739528298378 3.670732803642756 8.517550662159918 7.449924871325492 5.0568638294935244 6.291320502758035 5.7235900610685375 9.5994435548782366 8.4267134368419629 4.7753721177577972 8.181623116135599 6.6748711764812496 6.4450579881668082 6.9321185350418073 5.7132574617862701 6.3799297511577597 5.656697839498519 7.1055463254451734 8.1651351600885356 5.6753119826316825 6.1550879925489417 5.8867650330066672 5.2711956053972235 4.9945592209696761 4.629317678511141 6.3800563812255859 6.1728786602616292 4.5446193516254425 5.3686997443437621 6.4064812660217303 8.9946787506341952 6.3281000182032576 4.669995069503786 2.6147419661283475 5.2518904060125342 7.9546192064881316 4.6886489763855916 4.0752900317311287 5.1560414433479327 7.4610138535499564 5.707949846982955 5.5763005316257477 5.3340140432119361 5.3112735748291016 6.2769101411104193 8.408860959112646 6.6957205757498723 5.3946779519319517 4.2483595982193947 4.2262927666306496 6.4446895569562903 7.541264608502388 5.7475764304399499 6.2278006076812753 6.4974510371685019 4.3208254873752594 2.8594519346952438 4.9240752309560776 2.6797405034303665
leaf_count=29 24 39 30 19 23 22 39 29 23 33 25 26 30 21 25 34 31 36 22 23 22 24 19 21 26 27 19 21 31 35 30 21 22 27 34 20 23 22 27 27 27 22 30 28 34 35 21 22 23 25 33 22 25 25 21 18 21 20
internal_value=0.00966916 0.0157316 0.0181356 0.0101798 0.0232212 0.048963 0.000932222 0.0409435 0.0244493 0.0367378 -0.0045649 0.0224117 -0.016146 0.0446521 0.076417 -0.0282369 -0.000720608 0.0497757 0.0242918 0.0833464 -0.0186902 0.000140615 0.0105971 -0.0256073 -0.0273201 0.0600433 0.0197884 -0.00835093 -0.0196466 -0.00406682 -0.034957 -0.0353038 -0.059799 -0.0352625 -0.0130166 -0.0341304 0.0124964 -0.057708 0.0298083 -0.0525409 -0.0265957 0.0954037 -0.0651013 -0.00147825 0.0237466 -0.0634097 0.0850536 0.0257409 -0.0858758 0.0594969 -0.0270733 0.0814469 0.102243 0.111489 -0.00449518 -0.102658 0.12754 -0.118741
internal_weight=350.759 288.982 280.464 222.931 166.432 57.5336 73.7177 92.7138 63.287 50.0837 29.496 19.5646 53.0104 20.7074 29.4268 56.4994 19.2092 33.7909 19.2091 14.5818 61.7767 39.4249 34.1537 55.8899 13.4856 30.8745 10.7175 13.5338 50.8427 34.5015 18.0459 47.0122 22.3966 14.2427 24.6156 16.661 8.76394 9.93141 16.4557 16.3411 10.6332 23.0469 11.7178 29.1592 14.6858 13.5855 11.1079 8.87768 7.89703 13.1196 14.4734 20.157 11.9754 17.7128 8.99082 8.15393 11.2154 5.29448
internal_count=1533 1215 1176 941 681 235 313 368 252 205 121 76 232 81 116 260 79 131 79 52 318 168 144 296 57 126 46 57 226 153 91 253 129 69 124 90 43 45 62 73 46 91 61 125 62 64 42 43 47 50 63 80 47 69 42 60 44 42
is_linear=0
shrinkage=0.1


Tree=17
num_leaves=54
num_cat=0
split_feature=13 6 18 10 12 10 14 10 3 15 3 19 7 0 0 0 3 8 8 16 3 17 16 19 7 16 4 13 17 3 15 18 15 0 16 10 19 0 14 8 4 19 0 4 7 7 7 12 19 3 19 17 4
split_gain=5.24735 5.31435 4.24059 9.12236 5.62471 5.95289 4.38445 4.81611 4.20283 4.63938 4.52162 3.96359 3.71461 3.69319 5.58966 4.55313 3.61604 5.1988 3.48859 3.76794 3.49462 3.34981 3.11974 3.0869 2.98673 2.86715 4.94441 2.82906 6.52492 2.2445 2.24262 2.23319 2.19498 3.63441 2.02578 2.34752 2.40196 2.80202 1.972 1.89996 2.99922 2.90402 1.89194 1.72246 1.69514 2.10615 1.37521 1.29578 1.14451 1.00705 0.727256 0.141609 0.125415
threshold=3.1572774544069389 1.1081371963059292 2.0526260135183807 2.9480560705878083 2.1571760052470088 1.309150098619821 -0.60060963227250008 1.0547207725990915 0.14859480478027123 -0.52862547099450385 1.0332391105599126 0.48892764846010045 -0.17693357475781948 -0.13236436709461427 -0.72862976431221627 -0.091116904384945963 -1.0000000180025095e-35 -1.0000000180025095e-35 0.19152687331393811 0.026644938271029126 0.095466499557789394 0.6729576142832373 -1.0000000180025095e-35 -0.075177793446468397 -0.058179522705504985 0.21525010972440192 0.34117012405629238 -0.058478930022438057 -0.15453562085041903 1.1599846638261024 -0.06435009324458639 0.78363026246689382 1.1825603613581621 0.30964518556446685 1.0000000180025095e-35 1.2149215584515309 0.48892764846010045 -0.13236436709461427 1.1524486103648084 0.095755636731179136 0.34117012405629238 0.48892764846010045 -0.13236436709461427 0.34117012405629238 -0.10163627596765933 0.92782846244190464 1.0000000180025095e-35 0.17801059672451677 0.48892764846010045 0.095466499557789394 -0.45022134399865221 0.49482390158863293 0.025798925165344953
decision_type=2 2 2 2 2 2 2 2 2 2 2 2 2 2 2 2 2 2 2 2 2 2 2 2 2 2 2 2 2 2 2 2 2 2 2 2 2 2 2 2 2 2 2 2 2 2 2 2 2 2 2 2 2
left_child=1 2 3 4 5 6 7 8 9 44 -10 12 -12 14 21 16 -15 -18 20 -20 32 22 23 -8 -6 26 -4 30 -29 31 50 34 33 51 39 36 37 -36 -32 40 -3 -42 -27 -24 -1 -46 52 -33 -9 -38 -17 -11 -16
right_child=-2 29 25 -5 24 -7 13 48 10 18 11 -13 -14 15 46 27 17 -19 19 -21 -22 -23 43 -25 -26 42 -28 28 -30 -31 38 47 -34 -35 35 -37 49 -39 -40 -41 41 -43 -44 -45 45 -47 -48 -49 -50 -51 -52 -53 -54
leaf_value=-0.085547041207232735 -0.082281351341157674 0.011260890560245056 0.059738245580927843 -0.091964723000649104 -0.083433446513542661 0.12588295278412623 0.029918367877631788 -0.077256682290603798 0.10396704366401675 -0.031447384328859032 -0.0092620504184655113 -0.051002693303303141 0.090899537853652929 0.032518609383608572 0.10971162041555604 0.065953134255058665 0.015425747355550835 -0.10924682967045732 0.11665314963854381 0.012842877497248063 -0.070507000862377642 -0.020371357370394139 0.044867855831216039 0.11664664521676199 0.016350050510157848 -0.017948537719592914 -0.067755771768657228 0.06677436388001301 -0.056073726541680941 0.042269240507032541 0.0024411550910104639 0.058863710412966147 0.072799811630990807 0.050680599721059587 0.048460834518284548 -0.12323957044522582 -0.12666879015267207 -0.054772151858867371 0.077976803528617133 0.027923686112097001 -0.12589865152524857 -0.0051091494144950731 -0.1030743430329024 -0.027600602376648062 0.013290608679451036 -0.071483658404168413 0.065448415076468897 -0.017323915268158345 -0.019052295944626516 -0.048175612528832491 0.11222201609573444 -0.056669353118240499 0.13023428089869207
leaf_weight=5.7098810225725201 6.2043718099594107 8.1613362655043655 7.422185495495798 7.0677572786808005 7.298382505774498 5.8999206125736228 7.3749520629644421 6.4336686804890615 9.6783366501331347 4.5581290423870175 6.5072670802474049 5.5645724236965171 8.590817064046858 9.1515878289937991 5.9199962913990039 7.2370500266551971 6.4690413028001785 6.9254373162984759 6.4894567131996137 7.5808847397565842 5.6621215492486945 8.9717021435499174 7.5180245041847247 9.2528864741325361 5.0929744094610196 4.8988358825445175 5.1541553884744644 8.9105622917413729 8.3986883908510297 5.8885939717292777 9.0423865318298322 4.731579974293707 5.4246619045734397 7.5083492100238791 4.7292122766375551 4.0054979249835005 3.1467492729425421 5.9212437942624137 5.5946337878704062 7.9982835352420798 4.6792323440313321 3.4638074934482574 5.5902302935719472 5.8179713189601898 7.5430724993348104 4.7926887720823288 7.5349970161914817 4.2263280227780342 7.1139413043856621 3.4011445865035057 6.4024428725242597 4.3508772999048233 5.9913098216056824
leaf_count=25 28 38 28 34 31 21 30 34 39 22 27 26 34 37 26 30 25 32 25 33 27 38 30 34 19 23 25 36 36 22 39 21 20 31 23 28 21 33 21 34 31 21 35 27 34 22 32 22 36 21 24 18 24
internal_value=0.00885265 0.0105216 0.0163524 0.0200612 0.0232498 0.026699 0.024155 0.00889157 0.0172623 0.0018431 0.0475611 0.0211407 0.0477299 0.036643 0.0551003 0.020827 -0.0159316 -0.0490346 0.0202214 0.0607218 -0.000497374 0.0332328 0.0492828 0.07818 -0.0424214 -0.0247111 0.00748744 0.0390073 0.00716677 -0.0163798 0.0584983 -0.0227209 0.0176513 -0.000571042 -0.0317049 -0.054293 -0.0382353 -0.00893273 0.0313128 -0.0119971 -0.0315806 -0.0745184 -0.063317 0.0132527 -0.0404979 -0.0196459 0.0988836 0.0229185 -0.0466932 -0.0858974 0.087672 -0.043765 0.120034
internal_weight=345.004 338.8 278.447 255.381 248.314 235.922 230.022 103.509 89.9611 59.6201 30.341 20.6627 15.0981 126.514 58.3818 68.1318 22.5461 13.3945 41.5745 14.0703 27.5041 38.9355 29.9638 16.6278 12.3914 23.0654 12.5763 45.5858 17.3093 60.353 28.2765 54.4644 21.842 16.4174 45.5065 21.2038 17.1983 10.6505 14.637 24.3027 16.3044 8.14304 10.4891 13.336 18.0456 12.3358 19.4463 8.95791 13.5476 6.54789 13.6395 8.90901 11.9113
internal_count=1533 1505 1190 1079 1045 995 974 453 383 257 126 87 61 521 241 280 94 57 176 58 118 159 121 64 50 111 53 186 72 315 114 293 91 71 250 126 98 56 60 124 90 52 58 57 81 56 82 43 70 42 54 40 50
is_linear=0
shrinkage=0.1


Tree=18
num_leaves=55
num_cat=0
split_feature=13 6 2 2 2 2 17 17 4 1 16 17 11 2 2 12 9 15 12 13 12 9 9 3 3 12 10 17 0 17 0 0 13 2 16 16 2 10 4 13 17 15 15 7 16 15 4 0 4 7 16 7 12 15
split_gain=4.33985 4.42086 4.55258 4.99889 9.41066 6.0503 4.64958 5.41806 4.62355 4.92071 4.38933 4.16177 5.0024 3.6315 4.92861 3.78791 3.62491 7.24025 3.23375 2.81587 3.5644 4.05953 2.64319 4.61404 3.99343 4.0448 3.63929 3.6594 2.48228 2.46362 3.20237 2.39403 2.96385 2.3801 3.21225 3.24574 3.51516 2.34549 2.645 2.64182 2.09019 1.85878 1.8583 1.79093 1.77239 2.79142 1.80767 1.68669 1.3234 1.22719 1.10397 0.994765 0.539414 0.421543
threshold=3.1572774544069389 1.1081371963059292 2.2405885853738421 0.33213249292539976 0.25113679234470332 0.76800710470757505 -0.074905646800934991 1.0000000180025095e-35 1.1435353317702679 0.92460058491607233 1.2988929893092223 -0.28436424397797733 1.0000000180025095e-35 1.5147477327178238 1.472113642368482 0.034954876174842005 0.46386256416071397 -1.0000000180025095e-35 1.1757611839043363 0.035240992361629815 0.069229592310362659 -0.33603232399438682 0.46386256416071397 1.0332391105599126 -1.0000000180025095e-35 -1.0000000180025095e-35 1.2149215584515309 0.89662177220015649 -0.13236436709461427 0.89662177220015649 -0.13236436709461427 0.36153118812822721 -1.0000000180025095e-35 1.0000000180025095e-35 1.2988929893092223 -0.049422989737855201 0.33213249292539976 1.2149215584515309 -1.0000000180025095e-35 0.25610715865347239 -0.074905646800934991 -0.06435009324458639 -0.06435009324458639 -1.0000000180025095e-35 0.21525010972440192 -0.25638497730180054 -0.080188914848473805 -0.13236436709461427 0.28828305599644694 -0.10163627596765933 0.091194032580101267 0.087439176934963683 0.17801059672451677 -0.25638497730180054
decision_type=2 2 2 2 2 2 2 2 2 2 2 2 2 2 2 2 2 2 2 2 2 2 2 2 2 2 2 2 2 2 2 2 2 2 2 2 2 2 2 2 2 2 2 2 2 2 2 2 2 2 2 2 2 2
left_child=1 2 3 4 6 -5 11 18 9 10 44 12 16 14 15 51 17 -1 31 41 21 -21 23 24 25 -6 27 28 -24 30 -16 32 -8 37 35 36 47 39 -39 43 -30 -14 -41 -3 45 -9 -47 -35 -18 -46 -13 -7 -26 -37
right_child=-2 33 -4 5 22 13 7 8 -10 -11 -12 50 19 -15 29 -17 48 -19 -20 20 -22 -23 26 -25 52 -27 -28 -29 40 -31 -32 -33 -34 34 -36 53 -38 38 -40 42 -42 -43 -44 -45 49 46 -48 -49 -50 -51 -52 -53 -54 -55
leaf_value=-0.1127878625586074 -0.075573571996169264 0.081953360729778824 -0.057820131399634926 0.12764214982573371 -0.0071330127444619003 0.11237490647735263 -0.10464166971649116 0.087910721249544965 -0.061824561356125685 -0.030280524577252468 -0.025097490195014161 0.070792735541687288 0.11895982668527692 0.09484546250700164 0.059018120688912434 -0.0058417371221569127 0.0039614887133822864 0.040239035076744423 -0.097333364959866775 0.0070971114776952858 -0.030647358454984237 0.12810553356877907 -0.10354060593600162 -0.13529308397720938 -0.00521730845856864 -0.12797354220447724 0.056341400775319274 0.045111416054261624 -0.066276273354639856 -0.06588903221341498 -0.034239533578031618 0.024682884678021162 -0.0011449291083436787 -0.028258712434885244 0.052785380189684983 -0.071860138525209824 0.026762472924021802 0.0077139388773015648 -0.10673337757812279 0.026067342237062426 0.028489008051137993 0.050837713755702445 -0.056851697329537515 0.011255227228030943 0.12631412485087928 0.045847104750323449 -0.033170097649826723 -0.12233062973311 0.064073130908534684 0.062909924222444846 0.13251914244155652 0.054091832756991143 0.038724006561684371 -0.12064036632176403
leaf_weight=6.6098474413156509 6.0859017372131339 7.01638415455818 8.3224724754691106 7.4987944960594168 5.2568482831120518 7.3499107956886309 4.6531144902110126 9.317044049501412 5.5944811329245558 9.6063719987869245 6.6190297529101363 7.5870260149240476 8.4216787815094012 7.4906321913003913 6.7808174043893805 6.3944828808307639 7.8054449409246427 5.8091625422239321 5.6856461837887755 6.0204301774501792 6.4316837042570105 5.1385706663131741 5.5971421748399761 4.885000377893447 6.6134480983018893 5.8551585525274268 7.4547235965728751 5.4087182506918898 4.692563176155093 6.3905072957277289 8.0576930344104785 9.5430829674005491 6.8260537311434772 4.2195931375026738 3.404847800731658 2.7209968566894531 7.1141771748661995 4.4635008722543716 3.6877841129899007 4.9246790260076523 4.6179722696542731 7.6383170634508124 5.9904268085956556 7.3226501718163526 6.0643353164196014 7.4680868536233822 4.7281704843044432 3.4760949686169624 6.9001841694116592 6.1467365622520429 4.6876584589481354 4.8679984658956528 4.8368925154209137 5.0770833119750032
leaf_count=31 28 26 39 33 27 32 26 36 26 39 29 34 35 31 25 26 31 24 30 25 27 20 26 28 28 38 29 21 22 31 36 38 31 25 19 20 31 22 24 20 18 30 31 32 24 30 21 25 27 24 19 20 23 40
internal_value=0.00811056 0.00963954 0.0150076 0.0172917 0.010287 0.0441861 0.0228941 0.00658786 0.0243849 0.0340406 0.0493564 0.0412545 0.0305277 0.0309642 0.0189538 0.0565166 -0.00142741 -0.0412074 -0.0304246 0.0562856 0.0286454 0.0628199 -0.0251706 -0.047178 -0.0281 -0.0708065 -0.00341978 -0.025348 -0.0509117 -0.0139792 0.00837681 -0.0123286 -0.0430976 -0.015085 -0.0377655 -0.0514028 -0.0239084 0.00257633 -0.044064 0.0176304 -0.0192732 0.0865602 -0.0194403 0.0458493 0.0639694 0.0466978 0.0152142 -0.0707504 0.0321671 0.0943981 0.0943658 0.0891531 0.0133445 -0.103619
internal_weight=339.178 333.092 273.674 265.351 210.521 54.8308 155.302 82.2522 55.5443 49.9498 40.3434 73.05 60.7753 47.332 39.8414 18.6124 27.1246 12.419 26.7079 33.6507 17.5907 11.159 55.2185 27.4473 22.5623 11.112 27.7711 20.3164 14.9077 21.229 14.8385 21.0223 11.4792 59.4182 26.0128 22.6079 14.8099 33.4054 8.15128 25.2541 9.31054 16.06 10.9151 14.339 33.7244 21.5133 12.1963 7.69569 14.7056 12.2111 12.2747 12.2179 11.4503 7.79808
internal_count=1533 1505 1190 1151 917 234 657 354 229 203 164 303 250 201 170 78 113 55 125 137 72 45 260 144 116 65 116 87 66 92 61 95 57 315 160 141 81 155 46 109 40 65 51 58 135 87 51 50 58 48 53 52 51 60
is_linear=0
shrinkage=0.1


Tree=19
num_leaves=58
num_cat=0
split_feature=14 14 14 5 5 5 0 0 0 9 9 0 8 7 0 11 13 10 2 6 14 8 9 7 9 17 9 11 7 7 11 0 11 17 11 0 1 6 7 17 13 9 13 13 7 5 12 0 2 19 2 2 7 12 0 9 5
split_gain=3.86524 10.0886 6.03682 4.0788 4.97365 9.65418 3.85799 3.78264 9.7228 3.72493 5.09724 4.50055 4.04176 4.45306 4.24495 4.7118 5.18143 4.7642 4.77527 4.61474 3.71318 3.65914 3.22751 3.09552 3.03435 4.57261 3.54983 3.01891 2.83456 7.14167 3.2585 3.24288 2.64363 2.52943 2.45201 2.44186 2.31264 2.812 2.77461 2.00814 1.98923 1.91644 2.6874 1.90724 1.81103 1.73798 1.88867 1.7842 1.68718 1.56176 1.26815 1.13678 1.09661 0.939644 0.432172 0.339958 0.0553539
threshold=-0.60060963227250008 0.25543740237401924 0.32927048751551774 2.1436518443529491 0.96338332630223633 0.042604304038957201 2.1676843693691175 0.24982950298607473 1.3510943941076541 0.56222000023765062 0.46386256416071397 0.60900403108297951 1.1769412895690745 0.47739700433268029 -0.26956752129811823 1.2715663092593881 0.89766112469287884 0.75742311751293845 0.11700268723923145 0.60577401046786061 -0.043012316744818833 0.095755636731179136 1.0000000180025095e-35 0.92782846244190464 0.16220254180710408 0.13524081485154218 1.1907897666116798 1.4290622484945408 0.24925121690930521 0.15927761984010497 0.33513483740603406 -0.72862976431221627 0.33513483740603406 0.89662177220015649 0.33513483740603406 0.83228806833470925 1.3746164464340265 1.1081371963059292 -1.0000000180025095e-35 -0.074905646800934991 0.25610715865347239 1.6460039949677547 0.035240992361629815 0.035240992361629815 -0.10163627596765933 -0.20697496712985486 -1.0000000180025095e-35 -0.31077321744638514 0.33213249292539976 -1.0000000180025095e-35 0.25113679234470332 -0.71897018476388419 -1.0000000180025095e-35 -1.0000000180025095e-35 0.60900403108297951 -1.0000000180025095e-35 0.11431538687311564
decision_type=2 2 2 2 2 2 2 2 2 2 2 2 2 2 2 2 2 2 2 2 2 2 2 2 2 2 2 2 2 2 2 2 2 2 2 2 2 2 2 2 2 2 2 2 2 2 2 2 2 2 2 2 2 2 2 2 2
left_child=3 20 6 4 5 9 32 23 -9 10 12 41 14 -14 19 16 17 18 54 34 -2 24 56 43 28 26 44 49 29 31 -30 -4 36 39 -1 45 37 38 -3 50 -41 42 -11 53 -26 46 -22 -47 -20 -12 -34 -33 -7 -6 -16 -40 -23
right_child=1 2 21 -5 7 52 -8 8 -10 11 27 -13 13 -15 15 -17 -18 -19 48 -21 35 22 -24 -25 25 -27 -28 -29 30 -31 -32 51 33 -35 -36 -37 -38 -39 55 40 -42 -43 -44 -45 -46 47 -48 -49 -50 -51 -52 -53 -54 -55 -56 -57 -58
leaf_value=0.011586213050725141 0.1328471684714482 -0.062324241620911339 -0.065855585887555898 0.080259032464299662 -0.093499675172413671 0.056743402808286429 0.06600924916773325 0.074290156731822696 -0.12017637568724684 -0.028941159093488614 -0.070825230016748938 -0.051585585430289516 -0.0057558769723761146 0.11765252866488407 0.049610067423330434 0.085494630452971787 -0.11378876797985459 0.079247900743063857 -0.11968304235330463 -0.13990138729681581 0.074111548430298768 0.096316806342538475 0.016696471494053705 -0.0014228302452347844 0.011593952865858251 0.11749260826330299 -0.040686674887590667 -0.13713114864210282 -0.016441317926953802 -0.13397122179128301 0.095098012359075779 0.057887435013283708 0.017035902780797831 -0.055390109489147556 -0.076967606923803944 -0.010837803480282781 -0.11296681065760938 -0.09790788273999329 0.00015360891367926605 0.075596054699236206 -0.006302486389050406 0.099353899809901322 0.066559246036607705 -0.13101957059358424 0.089177044845754866 0.041241157826832048 -0.00097053435002939891 0.11889345207189289 -0.028666873231696977 -0.0035537027659718564 -0.049148615348600821 -0.0012007350414534601 0.11410798952267953 -0.025030303623073787 0.0065195295288498619 0.036733263985336953 0.11157656777493324
leaf_weight=7.5140761435031909 6.3860759735107413 7.2653347551822742 5.0726982653141048 5.5349495261907569 3.97893273830414 7.7333807945251465 5.0788661390542975 7.0967140942811948 4.0315427705645561 4.8454764112830215 8.0313540175557137 5.5765258297324172 6.7363003641366941 5.1665053367614746 4.4637105390429586 5.8511903136968604 4.3276491090655318 6.3625148311257353 4.3945362567901594 4.8291811868548384 6.8012523055076617 4.9813148081302661 7.7496152818202964 5.056199610233306 6.3443439379334485 5.6828928887844077 7.1103055775165549 4.3615358471870413 5.6139355972409231 4.9135624617338172 4.909803032875061 6.5228291004896182 5.3873789459466952 7.5488857775926581 5.3554163426160812 5.5722038298845282 4.5142285376787177 5.3682295531034461 5.0377941280603471 6.7674222514033335 5.2793520167469978 5.6684417948126784 7.5190404057502747 6.795199289917945 5.722844064235689 4.8140029013156891 6.6028585135936755 7.6785960048437119 3.7959427833557129 6.0512448102235803 6.2579949498176575 6.5009714588522911 5.8558278828859311 4.0388628542423284 4.8634836226701736 5.1256031990051207 4.5469950437545776
leaf_count=33 27 34 26 22 19 32 18 28 23 24 40 27 30 20 21 23 23 30 31 30 30 21 35 24 28 20 29 24 25 28 18 27 22 38 31 23 24 39 24 28 26 22 31 36 23 21 26 33 20 29 30 30 24 22 22 20 19
internal_value=0.0074407 0.0175454 0.00510551 -0.00404658 -0.0071512 0.00212123 -0.0175961 -0.042839 0.00383886 -0.00807787 -0.0181438 0.0269274 -0.00473225 0.0478105 -0.0168156 0.00382885 -0.0131112 0.00513393 -0.0217847 -0.0565434 0.0633231 0.0241948 0.0646208 -0.0689822 0.0122334 0.0387084 0.0153622 -0.064434 -0.0073939 -0.0270559 0.0355969 0.00197377 -0.0248481 -0.00498092 -0.0252639 0.0492144 -0.047574 -0.034625 -0.0151332 0.0110807 0.039705 0.0512068 0.029134 -0.0920426 0.0483876 0.0621358 0.0371262 0.0889703 -0.0775009 -0.0419189 -0.0185304 0.0283929 0.0814628 -0.0590091 0.0271413 0.0186015 0.103599
internal_weight=332.994 177.158 139.303 155.836 150.301 119.303 63.6311 30.9975 11.1283 105.714 82.1046 23.6095 63.6605 11.9028 51.7577 34.059 28.2078 23.8802 17.5177 17.6987 37.855 75.6721 17.2779 19.8692 58.3942 24.8604 19.1775 18.4441 33.5338 23.0101 10.5237 18.0965 58.5522 31.241 12.8695 31.4689 27.3112 22.797 17.4287 23.6921 12.0468 18.033 12.3645 14.813 12.0672 25.8967 13.4041 12.4926 8.19048 14.0826 11.6454 13.0238 13.5892 8.0178 9.32719 10.1634 9.52831
internal_count=1533 792 632 741 719 567 303 152 51 511 407 104 314 50 264 170 147 124 94 94 160 329 75 101 254 100 80 93 154 111 43 83 285 144 64 133 141 117 78 106 54 77 55 77 51 110 56 54 51 69 52 57 56 41 43 44 40
is_linear=0
shrinkage=0.1


Tree=20
num_leaves=58
num_cat=0
split_feature=13 5 5 5 19 11 19 13 11 2 12 17 5 9 14 9 17 17 9 11 3 14 19 13 11 12 11 12 6 2 9 9 2 15 17 14 9 12 2 15 1 16 14 3 14 9 7 11 7 9 13 17 7 9 15 7 9
split_gain=3.53369 3.93407 11.1395 8.5625 4.78493 7.47559 5.66514 5.62933 5.57876 4.79651 4.48908 5.78721 4.34364 4.11156 4.10513 4.09206 3.83686 3.77289 3.69967 3.61517 3.91916 3.81452 3.46508 3.88663 3.25532 3.2219 2.90483 2.77932 2.58051 2.66538 4.44081 2.4242 5.37221 2.42379 3.60679 2.48121 3.22976 2.19806 2.03299 1.92809 2.28921 2.31827 1.79143 1.37236 1.35813 1.307 1.98129 1.49773 4.01415 1.18747 3.73257 1.24509 1.06315 0.930432 0.826268 0.238327 0.0126625
threshold=3.1572774544069389 1.0000000180025095e-35 0.042604304038957201 0.96338332630223633 0.35296528159611401 -0.62175835670796953 1.78106205134074 0.25610715865347239 1.192862609919312 0.060834540974736818 -0.045348709468323041 -0.074905646800934991 1.0638297011940541 2.0512152454023642 -0.21106134679641178 1.1907897666116798 1.0570333136344032 -0.074905646800934991 0.46386256416071397 0.031750625696313498 -0.68667160991670739 0.25543740237401924 1.6765732208110624 -0.022761076004973079 0.33513483740603406 -0.34575964419814237 0.33513483740603406 -1.0000000180025095e-35 0.50992623302649809 0.060834540974736818 -0.039661567762561543 -0.59366604819591162 -0.035037735812963926 0.82897760905810303 1.0570333136344032 0.81447350800301332 0.16220254180710408 0.12037193642656516 1.472113642368482 1.6566932293296104 1.3746164464340265 0.21525010972440192 0.25543740237401924 0.095466499557789394 1.299535957043829 0.46386256416071397 0.15927761984010497 -1.0000000180025095e-35 0.15927761984010497 -0.039661567762561543 -0.022761076004973079 -0.53879681174552219 0.087439176934963683 -0.392864883803548 -0.06435009324458639 0.15927761984010497 -0.13111940759880697
decision_type=2 2 2 2 2 2 2 2 2 2 2 2 2 2 2 2 2 2 2 2 2 2 2 2 2 2 2 2 2 2 2 2 2 2 2 2 2 2 2 2 2 2 2 2 2 2 2 2 2 2 2 2 2 2 2 2 2
left_child=1 4 13 28 5 7 9 33 16 14 11 -9 15 39 17 18 38 -6 26 20 21 -14 23 24 -11 -22 43 -21 29 30 -4 -10 -33 34 35 36 -1 -16 49 40 44 -42 -25 -5 45 47 -47 55 -49 50 -7 -51 -53 -28 -46 -3 -31
right_child=-2 2 3 12 6 8 -8 10 31 22 -12 -13 19 -15 37 -17 -18 -19 -20 27 25 -23 -24 42 -26 -27 53 -29 -30 56 -32 32 -34 -35 -36 -37 -38 -39 -40 -41 41 -43 -44 -45 54 46 -48 48 -50 51 -52 52 -54 -55 -56 -57 -58
leaf_value=0.018051265258050606 -0.069698078944486805 -0.10045864669258633 0.098139144138793821 -0.022595326065557683 0.034472323900285907 0.1237429379545727 0.074749865903659993 0.081361370103602337 0.064508534545734172 0.054426046104245666 -0.10849729077450339 -0.080815869343609736 0.060629058255271928 0.058288217174458257 0.10015094606584196 -0.10270517589824076 -0.001637082372611487 -0.086732366199755787 0.042970354735885202 0.028873111132160664 0.02424876503562368 -0.063917012849177904 -0.13804572421661754 -0.14254806233789996 -0.046605668947817008 0.12470891248601441 0.039056793220676622 -0.059054992726328304 0.012202312516440602 0.12768625488068405 -0.023501226357760589 0.039011046146306169 -0.096215679254258335 0.079852433198271455 0.090575415928858857 0.048723015331292335 -0.086323851046508221 0.013265797771686315 0.030518982067683248 0.004901846397607869 0.038925729465222374 -0.05854995480897697 -0.045516769302840453 -0.098298827358988886 0.0048225764359141575 -0.13550416886569672 -0.056330035381305557 0.048193374083977891 -0.081429653140763281 0.075904434446876834 0.017849641905817833 0.10523128633990063 0.16512683821258267 -0.024743115562657035 -0.052532349700387761 -0.067255584765909163 0.12005742753429859
leaf_weight=5.8046943619847386 5.9282168820500365 4.2431707680225355 7.9864999651908901 3.7408605068922061 4.82227723300457 6.9156757891178131 7.6875310838222495 4.3629432469606391 5.0672563612461117 6.0447005555033702 6.8235670179128638 4.4390729516744605 5.045832946896553 4.3411501497030249 5.8016633838415128 5.8053363487124434 5.8173813968896857 5.4944630935788172 8.8753616660833377 7.0092385411262512 5.4283162876963598 4.7969553098082542 3.680147022008895 3.4344881847500828 6.7509776279330254 7.7507426068186778 4.4388061538338661 7.3797623589634878 7.1623112559318534 4.6169131025671959 4.8081654757261303 6.9773864299058923 5.0744414851069424 6.6807856112718573 4.4815016835927954 5.0011342018842688 6.0594732239842415 5.8453693836927414 5.6734869927167884 7.467155545949935 5.2845218330621702 4.5326581671833992 4.2662358582019806 6.6539852693676949 4.3473871275782585 6.1740888208150846 6.4758633896708488 4.1503788456320816 5.6296664476394653 6.3042759671807316 6.4176340848207492 6.971278637647627 5.154790073633194 4.7127226144075376 5.9487494975328428 4.4071851372718811 4.1148691028356534
leaf_count=24 28 24 34 20 20 26 35 19 19 28 35 23 23 16 23 29 26 29 36 29 25 24 24 23 35 28 20 36 32 20 22 30 27 29 20 22 28 25 24 37 24 23 22 37 19 35 32 24 35 28 27 32 18 25 27 27 21
internal_value=0.00680534 0.0082174 -0.00266294 0.0180323 0.019475 0.031999 -0.00472847 0.000473166 0.0547937 -0.0179705 -0.0476213 -0.000428595 -0.000455165 -0.0356187 0.0158567 -0.0261988 0.0739173 -0.0300786 -0.0105718 0.0230976 0.0476736 -6.93863e-05 -0.0487017 -0.0326599 0.00112189 0.0833304 -0.0348835 -0.016223 0.0641967 0.0814964 0.0524274 0.00647439 -0.0179264 0.0272862 0.0108348 -0.0103541 -0.035257 0.0565454 0.0856577 -0.0425683 -0.0494923 -0.00607945 -0.0887923 -0.0710549 -0.0597926 -0.0702203 -0.0949727 -0.0532312 -0.0264213 0.0955064 0.072774 0.111952 0.130693 0.00620203 -0.0283151 -0.0835423 0.124091
internal_weight=327.112 321.183 163.329 100.327 157.855 104.027 53.8279 43.6532 60.3736 46.1403 15.6256 8.80202 71.6379 63.002 21.9638 34.2271 43.2545 10.3167 28.4217 37.4108 23.0218 9.84279 24.1765 20.4964 12.7957 13.1791 19.5464 14.389 28.6888 21.5264 12.7947 17.1191 12.0518 28.0276 21.3468 16.8653 11.8642 11.647 37.4371 58.6608 51.1937 9.81718 7.70072 10.3948 41.3765 31.0804 12.65 18.4304 9.78005 31.7637 13.3333 18.4303 12.1261 9.15153 10.2961 8.65036 8.73178
internal_count=1533 1505 784 461 721 457 264 200 257 229 77 42 332 323 97 167 181 49 138 165 100 47 132 108 63 53 102 65 129 97 56 76 57 123 94 74 52 48 155 307 270 47 45 57 223 177 67 110 59 131 53 78 50 45 46 51 41
is_linear=0
shrinkage=0.1


Tree=21
num_leaves=57
num_cat=0
split_feature=4 4 4 4 9 4 5 13 4 2 13 14 15 16 2 5 5 0 2 15 9 13 2 8 8 15 9 13 4 15 3 2 19 19 2 2 14 1 6 0 8 5 2 14 16 5 16 0 8 15 15 2 9 8 13 13
split_gain=3.90636 9.48498 12.4051 5.6372 5.60803 5.06656 4.33231 3.79429 3.6568 3.45655 3.2187 3.03075 4.41578 2.91816 3.51768 2.82758 7.36954 4.26892 3.84142 3.17617 5.45895 2.93153 6.11239 3.25922 3.57015 5.03914 2.92756 2.81315 2.58379 2.52475 2.44919 2.67979 2.40697 2.39237 2.15669 2.14352 1.91462 1.80211 1.7976 2.54108 1.72743 2.07337 2.62161 1.66538 1.61122 1.4019 1.36796 1.32697 1.22669 1.20081 1.1292 1.05879 0.766159 0.40963 0.196257 0.0159286
threshold=1.7272164154757195 1.5343718797093644 0.44411965218403082 0.34117012405629238 -0.81680815613516233 -0.63252056643271648 -0.11181065477303556 0.744436489684006 0.025798925165344953 1.472113642368482 0.4164092481184774 -0.60060963227250008 0.39134162502813358 1.2988929893092223 -1.0000000180025095e-35 0.11431538687311564 1.0000000180025095e-35 1.3510943941076541 0.33213249292539976 1.6566932293296104 1.1907897666116798 -0.022761076004973079 -0.11382916321176882 0.98727373093371651 0.030871546344070588 0.49976095253425945 1.1907897666116798 -0.50554564972274063 0.97505303993450265 -0.06435009324458639 0.20551963579183244 0.25113679234470332 -0.1147886595078773 0.022709226072974348 -1.0000000180025095e-35 1.472113642368482 -0.60060963227250008 1.3746164464340265 0.50992623302649809 -0.26956752129811823 0.98727373093371651 0.96338332630223633 0.25113679234470332 0.25543740237401924 0.026644938271029126 1.0000000180025095e-35 1.0000000180025095e-35 -0.13236436709461427 -1.0000000180025095e-35 -0.06435009324458639 -0.28607503234279241 0.25113679234470332 0.46386256416071397 0.030871546344070588 0.072904770693466597 -0.23573084671996328
decision_type=2 2 2 2 2 2 2 2 2 2 2 2 2 2 2 2 2 2 2 2 2 2 2 2 2 2 2 2 2 2 2 2 2 2 2 2 2 2 2 2 2 2 2 2 2 2 2 2 2 2 2 2 2 2 2 2
left_child=1 2 3 5 51 7 -2 10 -7 13 15 12 -10 14 29 16 21 26 19 20 49 23 44 24 25 34 35 -13 55 -6 31 46 -31 -25 -1 37 -30 38 39 -17 41 42 -3 -26 -23 -16 -9 -44 -11 -18 -32 -5 -24 -47 -29 -4
right_child=6 40 28 4 9 8 -8 30 11 48 -12 27 -14 -15 45 17 18 -19 -20 -21 -22 22 52 33 43 -27 -28 54 36 32 50 -33 -34 -35 -36 -37 -38 -39 -40 -41 -42 -43 47 -45 -46 53 -48 -49 -50 -51 -52 -53 -54 -55 -56 -57
leaf_value=0.11216036816143285 0.11014048937895354 -0.0079842261322693852 0.12279890693469711 -0.12740221297335036 0.081374861858877851 0.13127761461320422 -3.8506443952720615e-05 -0.051563347187671166 -0.049512236961235349 -0.027862653390596077 0.094443480773494098 0.016312586302047804 0.06552917467305662 -0.056954703820500864 0.0088820401951770125 0.045875792766755755 -0.0813045826940334 -0.057157013758161249 0.026064586739983367 0.016060812652607063 0.0055227345953571755 0.0057602645698416281 -0.09327794267204105 -0.064937599221348744 0.058232840353500084 -0.055338369597314807 -0.030082986987331653 0.084878162281900787 0.0089917546451967565 -0.024836007437644796 -0.023496660903640314 -0.009535092021348078 0.060748288301426513 0.037065340573507501 0.020794408828348876 -0.009833555928630406 0.086949353279772601 0.012000878795342125 0.029446356994524137 0.1232908914931449 -0.012801883581658915 -0.13264185425496966 -0.050286200099584101 0.13797066574972966 0.084045777161978807 -0.080896096957847441 -0.1274154848456823 -0.13769195360289058 -0.10719232580944681 -0.1412860254974139 0.044674364408656492 -0.06308862806959159 -0.038516854541424117 -0.034944708623559854 0.11435345188363406 0.1316815444987682
leaf_weight=4.9369925856590218 7.4446817860007286 6.6672986894846016 4.4779417589306831 4.3264537602663022 8.3896690756082481 4.4121194481849662 6.8548382297158224 4.9132048189640098 7.9006762206554431 3.6066918820142746 4.4531474709510794 7.1986721009016064 5.7757333517074585 7.2127321660518637 6.9884992688894334 7.6319094151258513 6.1337651610374513 5.2597119584679595 6.2406617477536193 4.2152632251381865 5.3440473973751059 5.6991059035062808 5.2342086881399137 4.724271818995474 5.1139940246939641 5.3272202387452117 5.4214687198400489 4.3781682699918729 5.3350241035223007 7.7453876659274048 4.9270267263054848 7.9182504564523688 5.7076840102672612 4.4796066433191299 5.4197817146778178 5.3338827043771735 7.6935293525457364 6.4947906509041777 7.2305531427264205 9.5401718318462407 6.849879562854766 4.2716657966375342 3.3407251536846196 5.3694235980510712 4.8803254216909409 3.066574599593876 4.6070375815033913 3.6180089414119685 4.2415954545140258 7.3216713219881084 4.7940321266651136 6.2687407359480858 4.9911849200725555 5.2804907858371735 4.6668768227100372 3.6760994270443934
leaf_count=18 27 32 23 28 31 21 33 23 35 19 20 35 25 38 38 32 33 27 28 19 21 24 27 22 22 26 25 19 24 40 21 38 22 21 25 24 36 29 34 39 33 27 20 19 22 21 23 24 24 44 21 38 24 31 21 17
internal_value=0.00623275 0.00385345 0.00905721 0.00308677 -0.0230143 0.0113578 0.0573234 0.00404312 0.0462896 -0.00956002 0.0108215 0.0337569 -0.000928688 0.00125588 0.0125489 0.00800773 -0.00282382 0.0277329 -0.0435228 -0.0623921 -0.079983 0.0183714 -0.0114147 0.0358912 0.0538938 0.0236953 0.0384524 0.0629605 0.0826565 0.0383228 -0.030098 -0.0525189 0.0114745 -0.0152919 0.0643478 0.0487076 0.0550267 0.0588137 0.071273 0.0888848 -0.055508 -0.0718527 -0.0527957 0.0990732 0.0418736 -0.0241613 -0.0882697 -0.0957305 -0.0707363 -0.113943 0.0101225 -0.0893505 -0.0665481 -0.0518265 0.100086 0.126803
internal_weight=321.353 307.054 282.306 261.123 62.8345 198.289 14.2995 163.957 34.3322 52.2393 136.797 29.9201 13.6764 44.391 37.1783 132.344 85.4315 46.9125 29.2554 23.0147 18.7995 56.1761 20.8048 35.3713 26.1674 15.684 41.6528 16.2437 21.1826 21.8427 27.1596 17.4385 13.4531 9.20388 10.3568 36.2313 13.0286 30.8974 24.4026 17.1721 24.7476 17.8977 13.626 10.4834 10.5794 15.3356 9.52024 6.95873 7.84829 13.4554 9.72106 10.5952 10.2254 8.34707 9.04505 8.15404
internal_count=1533 1473 1337 1237 330 907 60 751 156 264 625 135 60 221 183 605 395 210 145 117 98 250 97 153 110 69 183 75 100 93 126 84 62 43 43 158 60 134 105 71 136 103 76 41 46 90 46 44 43 77 42 66 51 52 40 40
is_linear=0
shrinkage=0.1


Tree=22
num_leaves=60
num_cat=0
split_feature=4 4 4 4 9 4 5 4 13 12 2 13 4 5 19 11 9 17 8 5 5 12 17 5 19 7 5 8 13 3 2 17 7 0 7 7 3 11 11 8 3 12 0 12 5 9 3 10 8 5 2 3 2 8 2 3 9 2 12
split_gain=3.2258 7.92766 10.698 4.67164 4.88233 4.29463 3.69059 3.36635 3.10755 6.90745 2.90854 2.65629 2.48842 2.3091 2.54524 2.28157 3.99213 2.2228 2.29759 2.09577 6.0755 6.49302 5.22147 3.57767 3.19792 3.29591 2.84634 3.05012 2.69452 5.69856 4.71002 4.38271 3.23178 2.48515 1.98475 1.67344 1.95011 1.61504 1.61236 1.61161 3.13087 1.55441 2.54162 1.50313 1.40215 2.09351 1.282 1.23464 1.10388 1.05814 0.950877 0.888609 0.857785 0.703184 0.661628 0.557631 0.287469 0.129042 0.0209218
threshold=1.7272164154757195 1.5343718797093644 0.44411965218403082 0.34117012405629238 -0.81680815613516233 -0.63252056643271648 -0.11181065477303556 0.025798925165344953 0.744436489684006 1.0000000180025095e-35 1.472113642368482 0.32084858651811182 0.97505303993450265 -0.26661068829528262 0.23253280163503365 0.076136005918138336 -0.56175859805330608 -0.074905646800934991 0.98727373093371651 0.11431538687311564 1.0000000180025095e-35 1.1757611839043363 -0.074905646800934991 0.96338332630223633 1.0000000180025095e-35 0.15927761984010497 1.0638297011940541 -0.19048131487327064 -0.022761076004973079 -0.16248206640306403 -0.11382916321176882 0.068997147222877933 -0.26770470250727463 -1.0000000180025095e-35 -0.72560000752627662 -0.1410360253346036 0.5629540850312954 0.33513483740603406 0.22486643020822691 0.030871546344070588 -1.0000000180025095e-35 0.17801059672451677 -0.15722740443168762 -1.0000000180025095e-35 1.0000000180025095e-35 -1.0000000180025095e-35 -1.0000000180025095e-35 0.75742311751293845 0.030871546344070588 1.0000000180025095e-35 -1.0000000180025095e-35 -0.12395578344627232 0.25113679234470332 -0.19048131487327064 -1.0000000180025095e-35 -0.092799679096215754 -1.0000000180025095e-35 0.25113679234470332 -0.25370190518285346
decision_type=2 2 2 2 2 2 2 2 2 2 2 2 2 2 2 2 2 2 2 2 2 2 2 2 2 2 2 2 2 2 2 2 2 2 2 2 2 2 2 2 2 2 2 2 2 2 2 2 2 2 2 2 2 2 2 2 2 2 2
left_child=1 2 3 5 43 8 -2 -7 11 35 37 19 58 -9 15 16 -15 52 54 20 21 28 -22 53 26 -26 56 -28 29 31 -30 -1 -31 39 -14 -10 -37 41 -34 -24 -41 49 -43 -5 50 -46 -23 -11 -12 -6 -39 -32 -3 -21 -19 -36 -25 -44 -4
right_child=6 17 12 4 10 7 -8 13 9 47 48 -13 34 14 -16 -17 -18 18 -20 23 22 46 33 24 25 -27 27 -29 30 32 51 -33 38 -35 55 36 -38 44 -40 40 -42 42 57 -45 45 -47 -48 -49 -50 -51 -52 -53 -54 -55 -56 -57 -58 -59 -60
leaf_value=-0.079768227012922854 0.10242305329875603 -0.065881300258856496 0.1191235584891734 -0.045207920933128365 -0.02482133641495363 0.12809361145851891 -3.4656172630079124e-05 0.077556269130845096 0.042776851671053717 -0.065360968986998183 -0.025364670548892368 0.078968720008254278 -0.0048945984982115571 0.088346560283887474 0.074118863010681144 -0.05682659874856482 -0.035747090541854411 -0.029750978438197268 0.03657068524593237 0.052605033783437498 0.020653044720421676 -0.025215912024681143 -0.0010263176721723272 -0.073249049120298462 0.096791055922054489 -0.0031017223586806315 -0.041756972644076608 0.052745979766460942 0.055307070232156474 0.036422451671021282 -0.012890702766996373 0.058589598550194834 0.083414343129173105 -0.12939665977767473 0.10364874050356709 -0.064779572429678564 0.027992943772152758 0.070326363824071356 0.16119606570071382 -0.013207652791501844 -0.13303798494451663 -0.10324552033187569 0.0012210272956437096 -0.12249454760715356 0.034287865944463529 -0.056873827448130902 -0.10062077352048762 -0.13825398024709931 -0.10172387619773511 0.041238809234379961 0.0099394581305851971 -0.075154872660392114 -0.12958230198760531 0.10797755376818303 -0.078423716664820176 0.052092259404284552 -0.037989425496158531 -0.023139671570857289 0.12970638644113028
leaf_weight=4.8836018517613393 7.21712426841259 5.2302447929978388 4.1320569589734077 4.9057008326053619 4.2662996649742144 4.0863609910011283 6.8548396825790388 7.8577807992696789 8.2818668484687823 5.6183815225958806 3.5678312182426444 5.3393211290240279 4.1952419877052316 4.8544785678386742 5.3204124718904486 5.6533730477094641 5.5634473860263824 6.2267772480845442 4.0056118220090857 4.6316944658756256 9.3293101340532321 4.7580099925398827 4.7073203399777439 4.4794232249259949 6.9865251407027227 6.2647631764411926 5.584010355174537 8.7936160713434237 8.3584230467677134 9.1454830244183523 4.0574409887194633 4.3100689649581909 6.1509153842926043 5.236902303993701 4.4422238320112228 4.6322659254074114 4.4351950138807297 6.5035366490483284 4.7026093155145645 4.3241174072027224 4.3980124592781031 4.261802509427068 5.0458487421274185 5.1668861731886846 5.7770944386720657 4.4669774994254094 4.2854619920253736 3.9624093994498253 4.0335776209831238 5.6172810271382332 4.3528673015534896 5.2681536078453082 3.5478328168392181 4.5427851080894452 5.0641972422599784 3.9752077609300578 4.7793190181255358 3.8211444616317749 3.4094918891787556
leaf_count=25 27 26 23 28 21 21 33 37 35 28 19 25 19 22 25 25 26 34 19 22 40 22 22 24 27 30 25 36 36 39 19 19 26 32 21 23 19 25 17 21 27 25 22 38 32 23 21 21 24 26 24 26 25 21 32 20 23 23 17
internal_value=0.00571385 0.0035303 0.00830545 0.00281125 -0.021159 0.0103837 0.0525131 0.0430749 0.0036669 -0.0273557 -0.00875308 0.00984085 0.0784666 0.0311971 0.0141681 -0.0056786 0.0220773 -0.051516 -0.0284977 0.00700117 -0.00240661 0.0166318 -0.040435 0.0241402 0.0102414 0.0495651 -0.0118047 0.0160427 0.0315986 0.0502587 0.000794458 -0.0149049 0.0802149 -0.0709664 0.0512956 0.0102799 -0.0194015 0.0010915 0.117116 -0.0481811 -0.0736304 -0.0172306 -0.0397806 -0.0848533 0.0210737 -0.00546363 -0.0609483 -0.095508 -0.0658836 0.0127236 0.0461143 -0.0480646 -0.0916273 0.080023 -0.0515815 0.0793007 -0.0550482 -0.00927698 0.123908
internal_weight=315.671 301.599 277.524 257.37 61.7868 195.583 14.072 33.3359 162.247 26.9301 51.7143 135.317 20.1542 29.2495 21.3917 16.0713 10.4179 24.0747 15.2966 129.978 83.9158 55.9202 27.9957 46.0621 36.8877 13.2513 23.6364 14.3776 46.8767 29.1927 17.684 9.19367 19.999 18.6664 12.6127 17.3493 9.06746 44.1129 10.8535 13.4295 8.72213 23.0124 13.1288 10.0726 21.1005 10.2441 9.04347 9.58079 7.60141 9.88358 10.8564 9.32559 8.77808 9.17448 11.291 8.41743 9.25874 8.86699 7.54155
internal_count=1533 1473 1337 1237 330 907 60 156 751 126 264 625 100 135 98 73 48 136 85 600 392 250 142 208 165 57 108 61 207 126 81 44 82 102 60 77 42 221 43 70 48 117 70 66 104 55 43 49 43 47 49 45 51 43 66 41 47 45 40
is_linear=0
shrinkage=0.1


Tree=23
num_leaves=58
num_cat=0
split_feature=13 12 7 7 7 7 13 3 17 11 5 7 5 19 15 19 5 5 5 16 13 9 5 5 5 11 7 3 14 19 12 19 14 9 14 2 2 17 3 2 3 15 19 11 13 3 17 15 6 2 15 5 19 19 16 2 3
split_gain=2.71927 2.67824 3.72343 6.41061 3.64881 4.55781 3.10843 4.24578 2.90204 3.17757 3.7784 3.7767 3.53577 2.19214 3.47619 2.10933 3.00778 3.28142 3.52519 2.96545 2.07081 3.90682 2.75863 3.4961 3.35754 2.94714 2.90204 2.56726 2.66242 2.67762 3.11808 3.99267 2.56209 2.23149 1.79754 1.69182 1.65928 2.25441 3.20832 2.59123 2.60305 2.75607 2.33751 1.48904 1.45453 1.38455 1.23585 1.18226 1.13282 1.12746 1.95679 2.81224 1.27609 1.03264 0.821748 0.51634 0.182901
threshold=3.1572774544069389 1.0000000180025095e-35 0.15927761984010497 -0.45861794349918089 0.24925121690930521 0.65289709804748497 0.11464822818632221 0.095466499557789394 0.6729576142832373 -0.27027006146639704 0.45222934346216054 1.403659538954902 -1.0000000180025095e-35 -1.0000000180025095e-35 -0.25638497730180054 0.66532840644248903 1.0638297011940541 1.0000000180025095e-35 0.71920963219812661 0.35230157900345077 0.25610715865347239 -1.0634559918575055 0.96338332630223633 0.11431538687311564 1.1635567855893587 -1.0000000180025095e-35 0.31346110548157285 1.0332391105599126 0.71429567997196231 0.57102732883668372 1.5215703516001799 0.48892764846010045 -0.28749086924717565 0.16220254180710408 1.0000000180025095e-35 -1.0000000180025095e-35 0.91692707518952077 -1.0000000180025095e-35 -1.0000000180025095e-35 0.25113679234470332 0.71968758086628648 0.49976095253425945 0.48892764846010045 0.12532913827649839 0.63815446130136821 -0.19741164071757003 -0.074905646800934991 -0.06435009324458639 0.50992623302649809 1.472113642368482 -0.06435009324458639 1.0000000180025095e-35 -1.0000000180025095e-35 0.48892764846010045 -1.0000000180025095e-35 -1.0000000180025095e-35 0.063441959146668045
decision_type=2 2 2 2 2 2 2 2 2 2 2 2 2 2 2 2 2 2 2 2 2 2 2 2 2 2 2 2 2 2 2 2 2 2 2 2 2 2 2 2 2 2 2 2 2 2 2 2 2 2 2 2 2 2 2 2 2
left_child=1 2 3 6 49 -6 15 46 9 11 12 35 48 14 -9 16 17 19 -19 47 22 44 23 26 55 -26 27 28 29 30 31 34 -28 -29 -3 -7 37 39 -39 40 41 42 -23 45 -22 -5 -8 -1 -11 50 53 -52 -53 -4 -47 -24 -45
right_child=-2 20 4 43 5 8 7 13 -10 10 -12 -13 -14 -15 -16 -17 -18 18 -20 -21 21 36 24 -25 25 -27 32 33 -30 -31 -32 -33 -34 -35 -36 -37 -38 38 -40 -41 -42 -43 -44 56 -46 54 -48 -49 -50 -51 51 52 -54 -55 -56 -57 -58
leaf_value=0.0036558305302433775 -0.063822533529002926 -0.011750661682914406 0.028614752527924142 0.010483175155493275 0.10700239591708738 -0.0094763059915686006 0.12544352041667214 0.096343000485747801 -0.052254708298504315 0.072887124981285217 0.11521205186769889 0.05850392122202 -0.04415911673762276 -0.040207263096873211 -0.018475138897624383 0.057483301185513959 0.051336567579404351 -0.11446449504405232 -0.0060738057566984546 0.067328724402186541 -0.1210348013867386 -0.041184898159355901 -0.10891134690425511 0.079952833980075216 0.049981671265154376 -0.053626253304167051 0.0051421222443151192 -0.10654602013654083 0.056318095393432625 -0.084547102768868412 0.082730968175488862 0.053190418924749877 0.092965252845407464 -0.0028367641243323303 -0.088700807435719148 -0.093571985619295417 0.049306797348411049 0.082498467031084155 -0.032532891376006484 -0.08833169796104684 0.047100291772996621 -0.092390824514909042 0.049005484677809387 0.12157908914919587 -0.043245006243769299 0.10348016094101511 0.057207171939770818 -0.064244323913515103 0.0095938784578000619 0.014419413450266004 -0.015851500921701695 -0.13383795090846978 -0.052206803691540182 -0.033229239569823432 0.044486780907345681 -0.055483260598358668 0.09114792336356918
leaf_weight=5.6290103122591937 5.5978789925575247 6.8283401131630033 5.4078109040856361 4.5702903717756262 5.0131455063819876 4.4248161390423766 4.8616605401039124 4.9371453076601055 7.0857290253043166 7.6792833358049393 5.2013536542654029 4.2201178148388854 6.0150146856904074 6.1053220219910136 5.6594068184494963 4.7055597230792037 5.8033994436264029 6.7981011569499952 5.3713149502873421 4.8758552074432364 4.1807022988796216 7.2344712987542206 3.4840281754732132 7.4920527413487426 6.4845256805419931 4.7613320052623722 6.7955982051789761 4.2025692351162416 8.2101337760686857 3.9729454666376105 4.1544380262494078 6.0648944973945609 6.4983508884906751 4.0976552590727806 5.4655259102582932 5.207831233739852 4.7496957927942267 5.1338360160589218 4.594563730061056 5.6331790387630454 5.5320803523063651 5.221813201904296 4.7672728821635246 4.8986562639474851 5.6550313606858253 5.3380226194858542 5.8455595858395117 4.7099625319242531 4.4760291874408722 5.5454383417963973 8.0576866567134839 4.6014222577214223 3.2800927013158825 5.392004981637001 4.2340768277645138 3.7619239315390613 3.3093166574835777
leaf_count=26 28 39 24 24 29 19 19 19 33 32 21 19 31 31 26 22 24 38 24 22 32 36 19 35 29 24 35 26 37 21 16 32 27 19 30 28 24 22 24 36 21 27 21 26 31 28 28 24 20 28 41 29 19 25 20 24 19
internal_value=0.00524201 0.00651278 0.0148914 0.0292026 -0.00047993 0.0166273 0.0133812 0.0390343 0.00640252 0.017568 0.0400615 -0.0203818 0.0185492 0.00752148 0.0350209 -0.00517434 -0.0140583 -0.0279172 -0.0666232 0.00304147 -0.00399393 -0.0194699 0.00591952 0.015779 -0.0280881 0.00611559 0.00723768 -0.0053877 0.00656379 -0.00885898 0.00449785 -0.0132057 0.0480718 -0.0553468 -0.0459607 -0.0549421 -0.00642804 -0.013373 0.028171 -0.0276095 -0.0125777 -0.0317458 -0.00535992 0.0754289 -0.0763097 0.055765 0.0881902 -0.0272764 0.0495802 -0.026616 -0.0351263 -0.057394 -0.0998651 -0.00226199 0.0773853 -0.0811728 0.10931
internal_weight=309.835 304.237 169.26 87.6527 81.6078 49.3233 65.3023 27.4091 44.3102 37.2244 23.3717 13.8528 18.1703 16.7019 10.5966 37.8932 33.1876 27.3842 12.1694 15.2148 134.977 52.7026 82.2743 63.7825 18.4918 11.2459 56.2905 42.9965 34.6963 26.4861 22.5132 18.3588 13.2939 8.30022 12.2939 9.63265 42.8669 38.1172 9.7284 28.3888 22.7556 17.2236 12.0017 22.3504 9.83573 14.1424 10.7072 10.339 12.1553 32.2845 26.739 15.9392 7.88151 10.7998 9.5721 7.24595 8.20797
internal_count=1533 1505 818 420 398 232 303 123 203 170 104 66 83 76 45 180 158 134 62 72 687 274 413 317 96 53 282 220 175 138 117 101 62 45 69 47 211 187 46 141 105 84 57 117 63 72 47 50 52 166 138 89 48 49 48 43 45
is_linear=0
shrinkage=0.1


Tree=24
num_leaves=60
num_cat=0
split_feature=4 4 4 4 9 4 9 13 3 13 15 2 10 4 15 7 8 13 14 3 9 1 1 2 9 16 8 2 18 9 8 15 7 14 16 2 7 11 8 11 15 7 2 14 8 15 8 14 11 14 8 16 11 8 3 19 14 15 8
split_gain=2.56418 6.3332 8.68857 3.48635 4.09776 3.34379 2.88042 2.72448 3.39245 2.65745 3.52218 2.61971 2.57543 2.42414 2.37802 5.46041 4.15053 2.50501 2.16797 2.14996 2.05533 2.21686 2.64771 3.85136 4.26894 4.02191 3.68541 2.42165 2.37421 2.03983 1.97884 1.8758 1.81421 1.72489 1.52576 2.19803 2.09343 1.88831 1.53363 1.44755 1.47501 2.75352 2.31321 1.35568 1.2916 1.82356 1.1908 1.04143 0.963664 0.933565 0.916755 0.778839 0.716713 0.558301 0.504653 0.398346 0.370407 0.0987022 0.0330098
threshold=1.7272164154757195 1.5343718797093644 0.44411965218403082 0.34117012405629238 -0.81680815613516233 -0.63252056643271648 0.16220254180710408 -0.50554564972274063 -0.046588121262744996 1.242720838925129 0.31220080724559968 1.472113642368482 1.9102472189556265 0.97505303993450265 -0.06435009324458639 1.254278575018448 0.030871546344070588 0.25610715865347239 -0.60060963227250008 0.5629540850312954 -0.33603232399438682 2.6185790822713608 1.3746164464340265 0.25113679234470332 -0.392864883803548 0.76955517992126998 0.98727373093371651 -0.035037735812963926 0.90674379438756814 -0.56175859805330608 -1.0000000180025095e-35 -0.19715511392299456 -0.1410360253346036 0.0360219119238386 0.56025302176910852 0.33213249292539976 0.15927761984010497 1.4290622484945408 -0.11089909933406329 0.22486643020822691 -0.14689432547736384 0.15927761984010497 -0.71897018476388419 0.081963968262304884 0.98727373093371651 0.82897760905810303 0.98727373093371651 -1.0000000180025095e-35 0.33513483740603406 0.25543740237401924 -1.0000000180025095e-35 -0.35101843961007151 -1.0000000180025095e-35 -0.11089909933406329 -0.16248206640306403 0.48892764846010045 -1.0000000180025095e-35 0.13101634814396027 0.19152687331393811
decision_type=2 2 2 2 2 2 2 2 2 2 2 2 2 2 2 2 2 2 2 2 2 2 2 2 2 2 2 2 2 2 2 2 2 2 2 2 2 2 2 2 2 2 2 2 2 2 2 2 2 2 2 2 2 2 2 2 2 2 2
left_child=1 2 3 5 46 9 57 8 29 12 19 14 20 58 52 16 17 -16 -9 32 21 22 23 26 25 30 28 -24 31 -7 -25 -1 -11 -15 35 37 38 39 -36 40 42 53 -22 -37 45 48 56 -26 -3 -18 -13 -41 55 -42 -20 -6 -5 -2 -4
right_child=6 44 13 4 11 7 -8 18 -10 10 -12 50 -14 33 15 -17 49 -19 54 -21 34 -23 27 24 47 -27 -28 -29 -30 -31 -32 -33 -34 -35 36 43 -38 -39 -40 51 41 -43 -44 -45 -46 -47 -48 -49 -50 -51 -52 -53 -54 -55 -56 -57 -58 -59 -60
leaf_value=0.066476556809177981 0.070285189694672318 -0.11168396649222299 0.12804467112828252 -0.075345357455975995 -0.011890098133175805 0.028735257477614198 -0.017987535304846518 0.023334055852778493 0.083326243623682586 0.0030380085294150539 -0.11188443465368028 -0.026064730395789732 -0.061174923954958542 0.017489072655684484 0.046887270090833155 0.067714609023109745 -0.12621088559349442 -0.049396892065610827 0.12406519876045091 0.035154347170891241 0.028422799020316986 0.069544710616262481 -0.11469005313543693 -0.079088246462203957 -0.10829518896667312 0.092202508945814235 -0.042229934383087787 -0.0053459649718355269 0.1092752622613623 -0.057980683797665612 0.014274352215602424 -0.0024632531317852376 -0.080861342202575279 0.096866230796729083 -0.018580143132774615 0.037168842943659401 -0.055809525250053865 -0.037140466285847364 0.065391204489097229 0.03373805985136915 0.090569772704555282 -0.010867868293833642 -0.072269910880839075 0.10491987224631164 -0.010381879987345482 -0.0045244604085708014 -0.024611075937109775 -0.041002094802342529 -0.055715900425838842 -0.062219158578293757 -0.096680467917174662 0.085689790164086899 0.050519915640626335 0.042314321917433589 0.077727956685373439 0.030111352409140132 -0.12324943683481258 0.091250659664308217 0.11404031379182687
leaf_weight=7.1542531698942211 4.9549946114420873 5.707663465291267 3.3231425434350994 2.8299842849373817 4.2720252647995967 4.7325701490044585 4.5140468925237647 6.70850440114737 4.3392389118671444 5.2529776170849836 4.2147970274090758 3.5442999750375748 5.1732420995831481 7.6519729048013669 5.4977947920560926 5.8131378367543212 4.2525179237127286 5.3136845454573631 4.0835045427083996 6.5440708398818961 4.929365873336792 3.9808087572455397 4.0942633375525475 4.2051448151469195 5.5518669039011002 3.9380438402295104 5.9907803237438193 4.0084382072091085 4.7053065523505202 6.3556458801031104 4.933752007782461 8.803420618176462 5.0599573478102702 4.2626163363456726 4.3474411591887465 6.494875989854334 5.4055943414568892 5.1825878247618666 4.3525584787130347 6.5906226187944412 5.0366580188274312 8.3630239814519864 4.2472897693514771 5.4164454564452171 6.7251005321741095 4.093262940645217 2.7789813056588173 3.9261506870389002 6.6733169741928577 4.9144851565361023 3.8197824954986563 5.1332528218626958 8.6781290620565361 4.5758110135793846 5.5376832038164077 4.7897157222032547 3.7569017410278303 4.1065401583909988 3.4104888141155243
leaf_count=28 23 39 16 21 22 22 20 31 23 23 24 19 27 37 26 23 31 34 21 28 21 16 22 24 35 18 31 20 18 31 25 39 28 23 21 32 25 26 20 29 22 39 22 23 33 24 18 23 40 26 24 22 37 20 28 22 27 17 24
internal_value=0.00479289 0.00281427 0.0071489 0.00223021 -0.0187192 0.00889675 0.0472754 0.0385 0.00836557 0.00293204 -0.0301215 -0.00753285 0.00803305 0.0729921 0.00179848 -0.0175855 -0.0424052 -0.000434993 0.0669694 -0.0096781 0.0107584 -0.00261603 -0.00762826 0.00109358 -0.0293184 0.0077194 0.0268288 -0.0605971 0.0468509 -0.0209694 -0.0286852 0.0284443 -0.0381265 0.0458874 0.0224566 0.0298642 -0.0069363 0.0195602 0.0234302 0.027119 0.0144393 0.0310925 -0.0181814 0.0679773 -0.0473118 -0.0623873 -0.0795074 -0.0804199 -0.0815173 -0.0919045 -0.0626934 0.0564849 0.0299804 0.0675988 0.0973948 0.0103104 -0.102668 0.0797864 0.120952
internal_weight=305.055 291.479 268.28 249.631 60.2614 189.37 13.5756 31.7571 15.4275 157.613 21.0718 50.8956 136.541 18.6482 43.5315 25.7916 19.9785 10.8115 16.3297 16.857 131.368 61.2922 57.3114 49.2087 22.555 13.0769 26.6538 8.1027 20.663 11.0882 9.1389 15.9577 10.3129 11.9146 70.0755 55.9699 14.1056 44.0586 8.7 38.876 27.1521 17.9755 9.17666 11.9113 23.1993 16.4742 9.36587 9.47802 12.381 9.167 7.36408 11.7239 17.7399 9.61247 9.62119 9.06174 6.58689 9.06153 6.73363
internal_count=1533 1473 1337 1237 330 907 60 156 76 751 103 264 648 100 221 140 117 60 80 79 621 299 283 241 125 67 116 42 85 53 49 67 51 60 322 256 66 201 41 175 124 81 43 55 136 103 66 58 79 57 43 51 81 42 49 44 48 40 40
is_linear=0
shrinkage=0.1


Tree=25
num_leaves=57
num_cat=0
split_feature=14 14 5 5 5 15 16 0 16 16 15 16 9 19 10 9 5 19 5 9 1 1 2 7 16 13 3 13 19 0 2 3 0 4 13 16 9 7 9 15 9 19 7 4 9 2 5 17 19 7 17 16 2 0 13 17
split_gain=2.25498 6.08764 2.57547 3.21544 5.20174 4.63508 3.59864 4.03748 2.40414 2.42709 4.053 2.84186 2.37383 2.24395 1.98602 2.74715 3.20325 3.04206 4.35961 3.14817 2.19466 4.22794 2.36442 2.39797 3.94999 2.76235 2.18052 1.90476 2.14179 1.97809 1.88293 1.80982 1.78611 1.71918 1.50429 1.47555 6.05558 4.54347 4.31444 3.49586 7.99823 6.31263 4.35024 3.62436 3.12542 2.32953 2.14633 1.70183 1.68294 1.46027 1.42683 1.35878 1.30068 1.0243 0.553385 0.318356
threshold=-0.60060963227250008 -0.043012316744818833 2.1436518443529491 0.96338332630223633 0.042604304038957201 -0.25638497730180054 0.21525010972440192 -0.091116904384945963 1.7469613580197658 1.2988929893092223 -0.06435009324458639 0.76955517992126998 1.6460039949677547 0.48892764846010045 2.9480560705878083 0.46386256416071397 0.042604304038957201 -0.1147886595078773 1.0000000180025095e-35 1.1907897666116798 2.2279319926450554 1.0000000180025095e-35 1.472113642368482 -0.1410360253346036 -0.049422989737855201 0.25610715865347239 0.095466499557789394 1.0000000180025095e-35 0.19885253181540949 0.10097347815158829 -0.035037735812963926 -0.39807416774765825 -0.33262906236255968 1.7272164154757195 0.25610715865347239 -0.6819688779132006 0.56222000023765062 -0.058179522705504985 0.40189349681812325 -0.19715511392299456 1.0000000180025095e-35 0.19885253181540949 -0.058179522705504985 0.16623025802839894 -0.48698326905363931 0.11700268723923145 -0.11181065477303556 0.75914162288517806 0.48892764846010045 -0.39733811329567609 1.0000000180025095e-35 0.76955517992126998 0.25113679234470332 -0.31077321744638514 0.035240992361629815 -0.32310879021791356
decision_type=2 2 2 2 2 2 2 2 2 2 2 2 2 2 2 2 2 2 2 2 2 2 2 2 2 2 2 2 2 2 2 2 2 2 2 2 2 2 2 2 2 2 2 2 2 2 2 2 2 2 2 2 2 2 2 2
left_child=2 -2 3 4 12 13 7 -7 9 11 -11 14 33 -5 15 16 20 18 30 49 21 22 23 24 -3 26 -25 28 29 -18 34 -6 -20 35 -17 36 37 47 44 40 41 -37 43 -41 -39 -46 48 55 -44 -19 -42 -8 -23 -29 -32 -1
right_child=1 8 -4 5 31 6 51 -9 -10 10 -12 -13 -14 -15 -16 17 27 19 32 -21 -22 52 -24 25 -26 -27 -28 53 -30 -31 54 -33 -34 -35 -36 39 -38 38 -40 42 50 -43 46 -45 45 -47 -48 -49 -50 -51 -52 -53 -54 -55 -56 -57
leaf_value=-0.10823830069548886 0.12300114663328615 0.00077620132157466221 0.063378284495414217 -0.13493798955735947 0.016687535502831221 -0.028159825579136807 -0.093675425224459527 0.0959882461930264 0.063184324538903519 0.025358609259342801 -0.095649227494600808 0.071830102320653733 0.048876856603741359 -0.037840275237182225 -0.058321621006915986 0.10616772928824321 0.011238535028982083 0.0517454405248075 -0.076757330013293948 0.0034427723013700125 -0.092965972379129902 0.0091506538267224248 -0.086588027096899278 0.086792363007546586 -0.13201761300298909 -0.043052819845279804 -0.012167970348292629 0.02319134228834932 0.051898449315590803 -0.080648614505332519 0.029256529519601518 0.098018292691455997 -0.0032038533482256683 0.045855422988092101 0.031759419431272529 0.14768959129961753 0.04567868444877124 -0.074772063916353937 -0.11990621824471277 0.066954310666717962 -0.084169482216265454 0.0098469390712957235 -0.0056207928946845481 -0.038869593359959702 0.083378305351057641 -0.020030433004375243 -0.12739571826158724 -0.048001015105349487 -0.088710563322560387 0.1171120765127997 -0.0051634649378899137 -0.011731909455105586 0.085898130357946328 0.089425069672946889 -0.018493576491189705 -0.1498286606311294
leaf_weight=3.5013826601207256 4.8380259051918975 5.0318891480565071 5.3288942873477927 5.5636227726936358 4.6447517573833466 5.5476265028119087 4.6287992112338525 4.9631544947624224 7.7973015978932372 5.225978571921587 5.8846478089690191 7.022272251546382 7.0178831964731208 4.1595433205366135 4.5591019541025153 4.7485233396291733 5.7964875623583811 6.9735027700662622 6.2554691880941391 7.5820573046803466 3.8500172197818747 4.4653163626790029 6.1954360976815215 4.954950645565992 4.0370769314467871 6.5469503514468679 4.0436538234353065 4.254111684858799 5.5615316405892363 3.9320675134658813 4.4828720614314079 6.6581055670976621 6.9910811707377416 4.9317526370286933 6.3507683426141739 6.2769810333847982 7.9890016838908187 3.2605696134269229 3.2983272969722739 6.4366553947329503 4.8085543215274793 7.0580976903438568 5.6492896527051872 6.5094142705202103 5.1490418910980136 3.7760725878179073 4.1096605472266843 3.8376122936606407 4.2878617271780968 6.7022351175546655 4.3571519181132317 3.5953702554106712 4.3685984462499619 5.1755431331694108 5.2923598811030388 3.8798800036311167
leaf_count=19 27 25 22 33 22 28 31 19 35 25 31 34 30 22 26 22 30 31 31 35 19 25 36 24 25 37 22 22 30 21 21 34 34 22 26 27 39 22 20 31 24 38 29 39 23 27 30 21 27 27 21 19 20 27 24 22
internal_value=0.00437731 0.0125483 -0.00481742 -0.00749158 0.000425053 -0.0373793 -0.00830539 0.0304625 0.00908015 0.00619627 -0.0387322 0.00988916 -0.00711975 -0.0933999 0.00649501 0.00888598 -0.00454728 0.0254326 0.00693307 0.0551263 -0.0208841 -0.0138839 -0.0313706 -0.0174724 -0.0583374 0.00636736 0.0423231 0.0241971 0.00239783 -0.0259002 0.0354075 0.0645966 -0.0379383 -0.0115294 0.0635929 -0.0148911 -0.0307043 -0.0535567 -0.0184453 -0.00380711 0.025302 0.0747311 -0.0280719 0.013745 0.00901734 0.0396277 -0.0666119 -0.102016 -0.0414739 0.0837805 -0.046612 -0.0578521 0.0471043 0.0595443 0.00340438 -0.1301
internal_weight=300.145 158.92 141.225 135.896 107.438 28.4581 18.735 10.5108 154.082 146.285 11.1106 135.174 96.1352 9.72317 128.152 123.592 68.2136 55.3789 34.1211 21.2578 43.4939 39.6439 30.81 24.6145 9.06897 15.5456 8.9986 24.7197 15.2901 9.72856 20.8745 11.3029 13.2466 89.1173 11.0993 84.1856 34.6919 26.7029 15.484 49.4937 22.5008 13.3351 26.9929 12.9461 12.1857 8.92511 14.0468 11.2189 9.93715 13.6757 9.16571 8.22417 8.83391 9.42965 9.77523 7.38126
internal_count=1533 792 741 719 567 152 97 47 765 730 56 674 511 55 640 614 363 251 158 93 233 214 169 133 50 83 46 130 81 51 93 56 65 481 48 459 193 154 92 266 110 65 156 70 72 50 86 62 56 58 45 50 45 49 45 41
is_linear=0
shrinkage=0.1


Tree=26
num_leaves=56
num_cat=0
split_feature=12 4 19 19 9 9 15 3 7 16 11 17 14 19 11 2 17 7 15 2 9 7 16 16 16 15 17 3 3 19 5 9 14 4 17 3 5 13 17 14 12 5 5 19 19 9 3 17 14 15 14 7 5 2 7
split_gain=2.01097 3.87957 2.6029 3.80238 3.46377 2.84748 2.70504 2.52508 2.34821 2.25295 2.23583 4.2345 6.27854 3.89659 2.63779 4.20632 2.52233 2.47064 2.33705 2.19791 2.05624 2.05066 2.04879 3.2369 2.671 2.576 2.45053 2.26621 2.1425 3.69186 1.96578 1.79551 2.68665 2.92939 1.75503 1.82851 1.57883 1.47434 3.8868 2.27184 2.17459 2.05325 4.94974 4.503 3.6234 2.14417 1.73966 1.49104 2.27234 1.07186 1.02528 0.899773 0.531561 0.475719 0.202145
threshold=1.0000000180025095e-35 2.7614503483185504 0.57102732883668372 0.48892764846010045 -0.59366604819591162 -0.33603232399438682 0.82897760905810303 1.0332391105599126 -1.0000000180025095e-35 -0.29945634789918546 -0.62175835670796953 0.89662177220015649 -1.0000000180025095e-35 -0.029801836154673363 1.4290622484945408 1.472113642368482 0.56405862036328858 -0.26770470250727463 0.82897760905810303 0.56105941593525921 -0.33603232399438682 0.92782846244190464 1.7469613580197658 1.2988929893092223 0.35230157900345077 -0.06435009324458639 1.3318003919060919 2.0062179657721022 0.14859480478027123 0.48892764846010045 -0.51397396348998947 1.1907897666116798 1.1524486103648084 -0.28415534458314107 0.40643718090243475 -0.22923636398189767 -1.0000000180025095e-35 0.744436489684006 -0.32310879021791356 0.0360219119238386 2.1571760052470088 0.96338332630223633 -0.07511957389031014 0.35296528159611401 0.28222108394604889 -1.0000000180025095e-35 0.095466499557789394 0.13524081485154218 1.299535957043829 -0.06435009324458639 0.17492303906090786 1.254278575018448 -1.0000000180025095e-35 0.060834540974736818 -0.3586405376798259
decision_type=2 2 2 2 2 2 2 2 2 2 2 2 2 2 2 2 2 2 2 2 2 2 2 2 2 2 2 2 2 2 2 2 2 2 2 2 2 2 2 2 2 2 2 2 2 2 2 2 2 2 2 2 2 2 2
left_child=2 22 3 10 -4 -6 7 8 -5 -7 13 14 -13 16 15 18 19 -16 34 31 -18 -19 23 24 26 -25 27 28 37 49 -24 32 33 -1 35 -12 -27 39 -39 41 46 42 43 -2 -44 -43 47 48 -41 -30 -40 -10 -48 54 -37
right_child=1 -3 4 6 5 9 -8 -9 51 -11 11 12 -14 -15 17 -17 20 21 -20 -21 -22 -23 30 25 -26 36 -28 -29 29 -31 -32 -33 -34 -35 -36 53 -38 38 50 40 -42 45 44 -45 -46 -47 52 -49 -50 -51 -52 -53 -54 -55 -56
leaf_value=-0.10647869524761742 -0.0030451209548464434 0.088086534909417424 0.11181809816531259 0.059870403495315486 -0.028252041004357166 0.01319137851997431 -0.084660537185617626 -0.064456363614987619 -0.047940999087612735 0.11024533410913631 0.053758854814747709 0.034034020727246643 -0.10192785950694515 0.069497776221093308 -0.061300640620116031 -0.026690122426934915 -0.027178983906807896 0.076973621947076798 0.010398503609789868 0.020783240634474232 0.061492853071591295 -0.017713170391823675 -0.016013159335031994 -0.00072860155330584445 0.050262144150130944 -0.051162674525276765 -0.072010242965868956 -0.084523887435382222 0.026682062480690983 -0.030346585145669937 0.073473023549851177 -0.090295599415944325 0.032469336498271335 -0.0082779378675151942 0.026200134614806636 0.14449961508656442 -0.14680362626807325 0.017260033741553653 -0.053500708105580455 0.054955695182955601 -0.054226325775765687 -0.019719241934386532 -0.013034604079170712 -0.12672923688990975 0.11205081215910705 -0.12698727839167254 0.012334047460377966 0.081297795086429606 -0.036162564684691131 0.090927075746860264 -0.12912459751981975 0.013501678017521833 -0.039762392508802175 0.088578653175241606 0.11468580456247282
leaf_weight=5.5057946704328096 7.7394577264785713 4.3176269531249991 5.5314503759145763 6.0909799933433577 6.9733890593051973 5.4897812902927434 6.2298812717199317 6.1125898398458949 5.1543728783726692 4.2383837029337794 7.3451335355639484 8.2981323264539224 5.7498755306005469 6.6545208021998397 4.1753447577357301 5.4458066523075095 4.2079254686832428 4.763421051204201 5.6546831205487242 7.1774849966168395 6.9091733619570714 4.4000207632780075 4.2960021793842316 4.0926245450973511 7.6537331715226165 3.3238475099205971 6.1829186975955954 3.625009909272193 4.4514062777161607 6.7410405836999407 5.7279122173786146 5.879463128745555 5.3753080368041983 6.7765562012791687 4.6917112022638312 4.3050329014658937 3.5905494689941388 6.0720760747790337 3.5711421445012075 7.3787538707256406 3.9707087054848662 4.0013184100389481 4.8811068572104066 4.7502463608980179 4.4064034409821033 3.487712323665618 3.8580290451645851 6.3567858338356009 4.3506844267249107 6.2335090599954137 3.6000409796833992 4.4333533123135567 3.9780490584671488 4.3545746430754653 4.8209378272295043
leaf_count=30 37 17 26 26 36 29 38 31 30 19 38 37 31 34 22 27 24 25 31 37 31 20 23 23 37 23 38 18 23 39 29 30 26 36 25 19 23 32 19 39 19 25 30 30 21 21 17 29 23 28 21 20 23 24 24
internal_value=0.0039903 -0.00514933 0.0114392 0.00640861 0.0432323 0.0205171 -0.0265513 -0.00993855 0.0113161 0.055476 0.0146188 0.0268894 -0.0216154 -0.00157899 0.0405291 0.0543978 -0.0128858 0.00245661 0.068564 -0.0276589 0.0279297 0.0315078 -0.00828644 -0.0119646 -0.00666636 -0.0636089 -0.0110394 -0.00700557 -0.00387733 0.0276025 0.0351215 -0.042431 -0.0264935 -0.0522983 0.0814535 0.0939012 -0.100828 -0.0114539 -0.0416142 -0.00470233 0.0146876 -0.0245075 -0.00897474 -0.0500863 0.0463114 -0.069675 0.0252437 0.0422955 0.0211581 0.0641622 -0.091465 -0.01953 -0.0141131 0.115774 0.12875
internal_weight=295.384 132.639 162.745 140.512 22.233 16.7016 28.0212 21.7913 15.6787 9.72816 112.491 64.0047 14.048 48.4862 49.9567 36.6179 41.8317 13.3388 31.1721 30.7146 11.1171 9.16344 128.321 118.297 107.29 11.007 99.6364 93.4535 89.8285 17.426 10.0239 23.5371 17.6577 12.2824 25.5174 20.8257 6.9144 72.4025 13.2433 59.1593 29.893 29.2662 21.7772 12.4897 9.28751 7.48903 25.9223 18.0862 11.7294 10.6849 7.17118 9.58773 7.83608 13.4805 9.12597
internal_count=1533 707 826 716 110 84 145 107 76 48 571 323 68 248 255 188 214 67 161 159 55 45 690 638 569 69 532 494 476 90 52 122 92 66 130 105 46 386 72 314 150 164 118 67 51 46 131 91 62 51 40 50 40 67 43
is_linear=0
shrinkage=0.1


Tree=27
num_leaves=59
num_cat=0
split_feature=13 12 17 17 4 4 15 1 17 1 16 9 9 11 17 17 1 0 13 4 15 2 5 5 11 14 9 9 17 4 14 9 9 15 19 11 16 15 14 17 13 14 11 5 2 5 13 13 4 13 5 19 19 15 11 12 11 4
split_gain=1.8673 2.07052 2.03295 4.03637 2.81809 6.85778 3.68513 4.98055 5.62551 3.71463 3.23417 2.96185 3.71349 2.71969 2.50372 8.13107 2.73735 2.98128 2.76706 2.62106 3.58776 3.68907 3.29854 3.59088 2.68058 2.57972 5.31051 2.74788 3.87754 4.34203 2.44096 3.86084 2.53927 2.21856 2.19954 2.142 1.97099 1.88014 1.82846 5.6526 1.66532 1.74765 2.63099 1.55472 1.55304 1.50744 1.35959 1.98423 1.33841 1.31868 1.21914 1.17301 0.985528 0.929978 0.751252 0.688143 0.355057 0.0436059
threshold=3.1572774544069389 2.8658367233236821 -0.074905646800934991 -0.19356613322059224 1.7272164154757195 1.2865032369418847 -0.10153288604839845 0.85976851662017084 -0.53879681174552219 1.0956459822617612 0.56025302176910852 1.0654831695724867 -0.27075348723744247 0.031750625696313498 1.0000000180025095e-35 0.40643718090243475 1.1636875588891431 -0.13236436709461427 0.89766112469287884 -1.0000000180025095e-35 1.0069023679473212 1.472113642368482 -0.07511957389031014 0.11431538687311564 1.192862609919312 0.0360219119238386 0.22662847644573428 0.16220254180710408 0.89662177220015649 0.53941300601779307 -0.10857649325808362 -0.392864883803548 1.1907897666116798 -0.06435009324458639 -0.1147886595078773 1.4290622484945408 -1.0000000180025095e-35 -0.06435009324458639 -0.34594378434015949 -0.32310879021791356 0.25610715865347239 1.299535957043829 0.29203329523171856 -1.0000000180025095e-35 -0.035037735812963926 0.45222934346216054 0.744436489684006 -0.022761076004973079 0.34117012405629238 -1.0000000180025095e-35 0.40961683071420324 0.48892764846010045 -1.0000000180025095e-35 -0.06435009324458639 0.12532913827649839 -0.14012654344626238 0.39013623017243665 -0.24891278499934036
decision_type=2 2 2 2 2 2 2 2 2 2 2 2 2 2 2 2 2 2 2 2 2 2 2 2 2 2 2 2 2 2 2 2 2 2 2 2 2 2 2 2 2 2 2 2 2 2 2 2 2 2 2 2 2 2 2 2 2 2
left_child=1 2 3 4 5 6 9 8 10 38 11 12 55 -11 30 56 18 -18 19 20 21 22 44 -24 25 27 37 28 -21 -30 31 57 40 -25 -14 48 -7 -27 39 45 43 42 -42 -32 -17 -1 47 50 49 -33 -40 -45 -49 -50 -9 -8 -16 -4
right_child=-2 -3 14 -5 -6 36 7 54 -10 13 -12 -13 34 -15 15 16 17 -19 -20 24 -22 -23 23 33 -26 26 -28 -29 29 -31 32 35 -34 -35 -36 -37 -38 -39 46 -41 41 -43 -44 51 -46 -47 -48 52 53 -51 -52 -53 -54 -55 -56 -57 -58 -59
leaf_value=0.087445022798232533 -0.055833887738048454 -0.060807371934539778 -0.12395604991303129 0.10335896427881396 0.072766621504744958 -0.035791921379150993 -0.068801680328326009 0.032336802967373492 0.058880966971694572 -0.07627599094243398 -0.10833527654326638 -0.08034443693918962 -0.0053841799338165694 0.027430703477010585 0.11998051307737556 0.10723599800730287 -0.0051842729308335068 -0.11979715282832114 -0.057587409136593472 0.098762853583795066 0.10881797745196863 -0.062669160401290322 -0.063115246075689996 -0.0086183578334048123 -0.083243936594883591 0.041857850682244423 0.13327328788711959 -0.082945877145244915 -0.10061948878606775 0.044932436852841762 0.07612612583193204 -0.072690185753209083 -0.051544336668580229 0.088090654716536251 0.089376190748741077 -0.092042328155420988 -0.1337871601732058 -0.058013793627439705 0.01100762222714107 -0.064878256746683932 -0.10160758283864922 0.029802809490863946 0.0095390078291485367 -0.02522896965755321 0.037737134146284559 0.011947879164432539 0.017430399281638059 0.14449721925123657 -0.02240143480878995 -0.00045823493613018901 0.088508434348249676 0.051248204257938572 0.075665771423439512 0.038908127161786335 0.083694011592238424 -0.017167821159357468 0.078683377957886894 -0.10591431724462307
leaf_weight=7.9726150929927844 5.1859533041715613 4.7431520670652381 2.4228419661521912 5.0297441482543936 7.1212102547287932 4.6048298478126526 5.8582755178213075 6.7311929538845998 7.3473202735185685 4.5190980955958349 5.4425282627344123 6.9290859550237647 5.1669293716549873 5.7415533512830734 4.8532082587480527 5.7453193217515945 5.6751581281423569 3.7819520160555822 6.2825335785746566 3.1511226296424999 4.9550343081355086 4.8834760040044776 5.6812426000833502 4.9890852943062693 4.2530587986111632 3.5999572053551674 3.8976750522851944 5.2630545347928992 4.3287315852940065 3.892583817243576 6.2058621197938928 4.7610417082905769 7.4034070000052443 4.5223221927881312 4.6574898734688741 3.5861113816499701 3.7029340788722021 3.9567762054502946 4.3916159123182315 4.9316565319895735 3.7510245554149133 6.5907962769269934 4.927381157875061 4.4057004898786545 7.3017048463225311 3.9575105682015419 4.0380303636193267 4.9802923426032066 3.9087454676628166 5.3874078057706409 3.7740641236305237 3.6814308166503906 3.5721611827611941 6.7407440431415964 4.9376113340258598 4.6140644960105446 3.6458733901381493 2.9964441955089596
leaf_count=35 28 20 18 28 32 27 31 36 39 22 29 39 27 28 28 24 29 22 35 15 21 27 35 25 24 20 16 28 30 22 26 29 37 18 19 24 26 24 24 22 25 29 25 25 36 20 21 22 23 28 19 17 21 37 22 29 21 24
internal_value=0.00363545 0.00471306 0.00581725 0.0156737 0.0118384 0.00781615 0.0150995 -0.00341735 -0.0201805 0.0350883 -0.0379619 -0.0238941 -0.00462259 -0.0182448 -0.00151102 0.00894837 -0.000256599 -0.0510186 0.00600206 0.0116751 0.0294554 0.0175832 0.0314612 -0.000210393 -0.00925805 0.00194406 0.0384651 -0.0232026 0.00444605 -0.0317044 -0.0163395 -0.0376336 0.000828717 0.0373632 0.0395391 -0.0206658 -0.0794703 -0.0104359 0.0496354 0.0251748 0.0139448 -0.00901854 -0.0385013 0.0384765 0.0683413 0.0624008 0.0695066 0.0820849 -0.00835859 -0.0343451 0.0468274 0.00958503 0.115748 0.0164053 0.0540684 -0.046052 0.102265 -0.11398
internal_weight=291.38 286.194 281.451 120.022 114.992 107.871 99.5631 51.6845 40.0157 47.8786 32.6684 27.2258 20.2968 10.2607 161.429 94.6599 86.1608 9.45711 76.7037 70.4211 38.0782 33.1232 28.2397 15.1927 32.343 28.0899 11.4544 16.6355 11.3724 8.22132 66.7689 29.8033 36.9656 9.51141 9.82442 24.3841 8.30776 7.55673 37.6179 16.8618 29.5622 15.2692 8.67841 14.293 13.047 11.9301 20.7562 16.7181 20.7979 10.1484 8.16568 8.08713 8.55245 10.6495 11.6688 10.4723 8.49908 5.41929
internal_count=1533 1505 1485 618 590 558 505 271 213 234 174 145 106 50 867 500 451 51 400 365 186 165 138 78 179 155 60 95 67 52 367 183 184 43 46 141 53 44 184 77 147 79 50 68 60 55 107 86 117 57 43 42 43 60 58 60 49 42
is_linear=0
shrinkage=0.1


Tree=28
num_leaves=59
num_cat=0
split_feature=2 2 2 3 0 5 17 13 10 3 8 19 3 5 19 18 11 11 0 2 13 8 6 5 11 7 0 13 5 13 5 19 13 19 17 6 10 8 0 17 13 5 7 8 3 4 3 7 8 17 5 0 7 13 19 0 19 7
split_gain=1.71064 5.51083 4.12912 2.82951 2.85209 2.62232 3.0136 5.9698 4.16242 4.11958 2.86739 4.32476 2.52564 2.44236 4.61536 4.47588 4.58358 2.48798 2.38554 2.37463 2.32496 2.28547 2.36823 3.36661 3.32983 2.53773 2.1262 2.03172 1.9951 3.98945 2.53619 1.91457 1.83 2.54319 1.66133 1.94987 2.72685 1.63404 1.46709 1.44611 1.17112 2.29718 2.23527 1.7911 3.16801 1.64068 1.15542 1.09398 1.02589 0.986689 0.973917 0.685251 1.95437 0.595478 0.472968 0.104639 0.0903172 0.000155248
threshold=0.33213249292539976 0.62416694073533818 0.25113679234470332 1.1599846638261024 2.3334260183130158 2.02392267170613 -0.074905646800934991 0.89766112469287884 0.53998731934071753 1.0332391105599126 -0.25588495988921872 0.084157558916148872 0.20551963579183244 -0.23358871550082974 0.28222108394604889 1.1079372746567493 0.1801534499328997 0.12532913827649839 0.60900403108297951 2.2405885853738421 0.11464822818632221 0.095755636731179136 0.72035339318953329 -0.74647916731733532 0.33513483740603406 -0.10163627596765933 -0.33262906236255968 0.25610715865347239 -0.15679900582765652 0.25610715865347239 0.96338332630223633 -0.45022134399865221 0.744436489684006 0.23253280163503365 -0.074905646800934991 1.1081371963059292 1.2149215584515309 0.70371738002298956 -0.15722740443168762 -0.2530316306812086 0.25610715865347239 0.96338332630223633 -1.0000000180025095e-35 0.98727373093371651 -1.0000000180025095e-35 0.34117012405629238 1.0000000180025095e-35 0.65289709804748497 -0.48671781063857461 -0.87941338811500802 0.11431538687311564 -0.13236436709461427 -1.0000000180025095e-35 -0.022761076004973079 0.48892764846010045 -0.13236436709461427 -0.45022134399865221 -1.0000000180025095e-35
decision_type=2 2 2 2 2 2 2 2 2 2 2 2 2 2 2 2 2 2 2 2 2 2 2 2 2 2 2 2 2 2 2 2 2 2 2 2 2 2 2 2 2 2 2 2 2 2 2 2 2 2 2 2 2 2 2 2 2 2
left_child=2 -2 3 4 5 6 8 9 28 12 11 -10 13 14 17 16 20 -8 31 21 50 22 23 27 56 -24 -12 -3 32 47 -31 -5 33 53 51 40 57 -23 -18 -39 41 42 -36 44 -42 -44 -9 49 -21 -30 -15 -4 -53 -1 -54 -11 -25 -37
right_child=1 19 34 18 -6 -7 7 46 10 55 26 -13 -14 15 -16 -17 38 -19 -20 48 -22 37 25 24 -26 -27 -28 -29 29 30 -32 -33 -34 -35 35 36 -38 39 -40 -41 43 -43 45 -45 -46 -47 -48 -49 -50 -51 -52 52 54 -55 -56 -57 -58 -59
leaf_value=0.022899047413806634 0.11727346015899209 -0.068438863062725147 -0.022817022177012012 0.041414685666354346 0.072467841890471618 0.060328705970628609 0.0099546742962815741 -0.1375988133104776 -0.012429176148495508 -0.060896036079792729 -0.037388966302365594 -0.14458269351952319 0.077334499210662128 -0.060849701521112111 -0.048008150851342357 0.057917100600529119 -0.13560926966458139 0.094081746208164119 -0.017449389837927678 -0.076118956240390667 0.047737803985442979 0.10206644672811832 -0.096085366898026603 0.098338980220869329 -0.016252997062326101 0.0074630108125019884 0.065101392087738144 0.024341198160878406 0.036627234428167996 -0.090016887390742081 0.010801179362723227 0.12660898784847716 0.1001124698851793 0.082279851207544788 -0.048830514982988404 -0.11350746294642527 0.0077744242373243115 0.066578226891953571 -0.058270942277689732 -0.0050541285942508393 -0.0011839705278856427 0.069332777087629638 -0.021334053248638671 0.026557067126385881 -0.13335572130578505 0.062655196743858818 -0.061817900938717876 0.001027637270572556 -0.0068918454634463904 0.10153288281182093 -0.0042954126935157181 -0.017269253337363535 -0.12627544683271491 -0.03209129229034987 -0.072657282040497734 -0.084103799004749055 0.077685983972511405 -0.1147511729762649
leaf_weight=4.1045034676790246 5.1359499618411055 5.0692004486918396 6.869181968271735 7.6654558628797522 5.7092074602842322 6.9493247345089904 6.446967430412764 3.7902098000049573 7.0016710758209246 3.4241413101553917 3.6628477945923805 3.8313581869006157 4.2185885384678832 5.6047056615352755 6.1321179121732703 6.1514718234539023 4.1578036397695541 7.7309313639998436 4.1597557961940756 4.0259713008999825 5.5781880840659133 4.2569336146116248 4.3042718917131424 4.8960824385285306 4.5587245374917975 5.2579996883869153 4.52432022243738 4.4166017696261406 5.4160655811429015 4.7341041713953 5.2760268598794937 4.0218699872493735 5.9911288022994986 6.1549162566661835 7.0895864740014103 1.9952522031962869 3.3792368844151497 5.4246020540595046 5.9815791323780996 5.8657303005456916 4.3333007246255875 5.2857539355754843 4.1717534661293048 3.9851500913500786 3.1185672357678396 5.2563214674592018 4.2883699238300323 3.7629983574151984 4.5712239593267423 4.126745410263541 6.6674185618758202 5.2954962290823469 3.2189925089478466 3.7852723598480233 3.364868625998497 4.4908321350812903 3.7309104129672175 2.0195340737700453
leaf_count=21 34 25 38 37 25 31 32 24 37 19 23 22 25 27 34 29 27 32 20 22 26 25 27 23 24 32 24 22 25 23 22 19 27 26 41 22 25 24 33 32 26 23 22 19 21 24 26 18 24 27 34 28 24 20 25 26 18 22
internal_value=0.00332944 0.0181067 -0.000711974 0.00740304 0.00314925 0.000400667 -0.0026384 -0.0161924 0.0135866 -0.00634307 -0.0254142 -0.0591684 0.00279293 -0.00298215 0.0244769 -0.0193171 -0.0362913 0.0558275 0.0475849 0.00907278 -0.00579225 0.0177783 0.00258922 0.0201926 0.0528771 -0.0391473 0.0192483 -0.0252403 0.0306979 0.0108115 -0.0368788 0.0707319 0.0538399 0.0341012 -0.0233341 -0.0119726 -0.0584186 0.0492694 -0.0899847 0.0293627 -0.00164114 0.0119533 -0.00640846 -0.0275575 -0.0564971 0.0254915 -0.0973719 0.0466896 -0.0393101 0.0646954 -0.0301239 -0.0479582 -0.0624959 -0.00348363 -0.0988724 -0.0740638 0.0894072 -0.114133
internal_weight=286.438 61.5142 224.924 165.541 149.694 143.985 137.035 74.6633 62.372 66.5847 19.0202 10.833 58.6698 54.4512 20.31 34.1412 27.9897 14.1779 15.8471 56.3783 17.8503 47.7811 32.2338 22.6715 13.1857 9.56227 8.18717 9.4858 43.3518 23.3159 10.0101 11.6873 20.0358 14.0447 59.383 40.6345 7.39402 15.5473 10.1394 11.2903 33.2404 21.8034 16.5177 11.437 7.45187 9.42807 8.07858 13.3058 8.5972 9.54281 12.2721 18.7485 11.8794 7.88978 6.58386 7.91497 8.62699 4.01479
internal_count=1533 332 1201 841 765 740 709 394 315 344 106 59 299 274 98 176 147 64 76 298 87 252 171 112 65 59 47 47 209 115 45 56 94 67 360 245 69 81 60 56 176 110 87 66 47 46 50 70 46 52 61 115 77 41 49 45 41 44
is_linear=0
shrinkage=0.1


Tree=29
num_leaves=58
num_cat=0
split_feature=12 4 6 19 15 15 13 5 19 15 15 16 9 13 7 9 4 7 9 11 9 2 3 9 1 16 5 16 16 4 3 6 3 19 5 5 12 12 16 4 9 19 2 7 11 12 14 3 5 7 2 16 9 12 7 19 5
split_gain=1.61075 2.8163 2.68874 2.10519 2.96655 3.23324 2.48471 2.19565 2.03694 1.82804 2.16899 3.06777 4.21245 2.02838 2.36524 2.29822 2.12499 2.01974 3.70332 2.00528 3.67708 2.72978 1.89359 2.63389 1.87889 1.811 1.64564 1.61954 2.52384 2.10074 1.98742 2.20733 2.952 2.62253 4.74282 2.65587 2.28819 2.69517 2.16983 3.25956 1.95425 1.63638 1.63189 1.59646 1.55829 1.44325 1.31067 2.89364 2.24494 2.36474 1.93122 1.18118 1.16887 1.09213 1.80267 0.968544 0.864926
threshold=1.0000000180025095e-35 2.7614503483185504 2.1403146036076484 0.57102732883668372 0.82897760905810303 1.0069023679473212 -0.022761076004973079 -0.3040428563562334 0.15706251643725175 1.0000000180025095e-35 -0.06435009324458639 0.21525010972440192 0.46386256416071397 0.072904770693466597 0.15927761984010497 -0.13111940759880697 -0.24891278499934036 -0.45861794349918089 0.87797200236698925 1.192862609919312 -1.0634559918575055 -1.0000000180025095e-35 0.71968758086628648 0.46386256416071397 1.3746164464340265 -0.29945634789918546 -1.0000000180025095e-35 1.7469613580197658 1.2988929893092223 -1.0000000180025095e-35 2.0062179657721022 0.50992623302649809 0.14859480478027123 0.23253280163503365 -0.23358871550082974 1.0000000180025095e-35 0.26219677601548752 1.1757611839043363 -0.049422989737855201 0.068028672939764737 -0.45484031608732017 -1.0000000180025095e-35 0.060834540974736818 0.15927761984010497 0.12532913827649839 0.85695541703882705 -0.10857649325808362 0.95209797841193566 -1.0000000180025095e-35 0.15927761984010497 0.25113679234470332 -0.6819688779132006 0.16220254180710408 2.4406737238124148 0.15927761984010497 0.39939863201628922 1.0000000180025095e-35
decision_type=2 2 2 2 2 2 2 2 2 2 2 2 2 2 2 2 2 2 2 2 2 2 2 2 2 2 2 2 2 2 2 2 2 2 2 2 2 2 2 2 2 2 2 2 2 2 2 2 2 2 2 2 2 2 2 2 2
left_child=2 27 3 4 9 8 51 -8 56 10 13 12 -12 17 16 -16 -15 22 19 20 -19 -22 23 -1 26 52 -13 28 30 -30 31 36 33 34 -33 -35 40 42 53 -40 -2 -29 -38 -27 -11 -36 47 50 55 -50 -42 -5 -7 54 -39 -48 -6
right_child=1 -3 -4 6 5 25 7 -9 -10 44 11 24 -14 14 15 -17 -18 18 -20 -21 21 -23 -24 -25 -26 43 -28 41 29 -31 -32 32 -34 35 45 -37 37 38 39 -41 46 -43 -44 -45 -46 -47 48 -49 49 -51 -52 -53 -54 -55 -56 -57 -58
leaf_value=-0.10324702861500874 -0.066843593828760317 0.074177894616719975 -0.058691478443482818 0.049883345496781112 0.0015451008877919274 -0.07099246991296769 0.048763853245175688 -0.043394775824372012 -0.12922640151819473 0.025488317412216983 -0.039715662802573215 -0.028464471879737965 0.064296127112166243 0.038118469864785676 0.052225406926606724 -0.040123438422976901 0.11685515879423579 -0.056940114711568651 -0.054235197620431323 0.10909261760287084 0.097260429014820127 0.0045140451701065057 0.028933286238789477 0.0046241444487136402 0.018263769837005187 0.068036357357899355 -0.10926156882695381 -0.0013941841261152562 -0.019104259895200395 -0.10995327330446419 -0.080958913082961104 -1.1661255740863302e-05 0.045705473022364995 -0.061706147752969391 -0.081901268615499914 0.056707894900562009 0.035927752224237074 -0.073505839921211319 -0.014320125780750063 0.093842108680839809 -0.018731145328959947 0.083297092989227606 0.11851359203588947 -0.015082925972518622 0.1153890402519207 -0.16865107484230446 0.080290495423835415 0.049862942047397336 0.02937365057327436 -0.077893305797137033 -0.10664670414279734 0.12019757603957071 0.0089168920757145918 0.025701655967999233 0.0067882786757503272 0.01556199028927048 -0.067357898911594646
leaf_weight=4.5658857375383324 5.6864195466041485 4.3063011243939391 5.512625027447938 5.9678507372736931 3.4364164248108882 3.7181470096111324 5.8863203898072243 4.6096969470381719 3.3410909473896027 4.8313541486859304 6.8944098055362728 5.2135570570826522 8.9464676678180677 8.1106212362647039 5.784383736550808 5.0452989861369115 5.9366106726229217 3.8836563676595715 4.8273434266448012 3.7626684978604308 6.8337747603654879 5.9248259440064501 4.6151911914348593 4.4888940379023552 3.4165294691920272 5.7079279348254186 4.8807510286569586 5.9157273471355438 5.8719498217105865 4.492628760635851 3.482250675559043 5.2878091782331502 4.2770045138895503 3.5745394304394713 4.0443076230585593 4.0289630554616451 6.7474489733576757 5.8854904435574991 5.6844096109271049 5.4645965322852135 6.5282603576779312 3.7136066518723947 3.7072392180562019 3.882552195340395 3.2084891274571419 3.6474064290523529 4.7762031182646734 3.7494060397148123 4.2228679284453552 4.0037097111344337 4.0479106828570366 3.983929209411146 3.6055914014577866 3.9649953171610841 5.3266443833708763 4.480002149939537 3.8774058073759079
leaf_count=25 37 17 37 31 18 22 28 26 23 27 36 29 34 38 26 26 28 20 27 19 37 33 22 22 15 30 37 33 34 35 18 28 27 24 29 24 39 36 27 26 32 19 24 23 22 22 21 17 22 22 31 21 20 16 28 19 24
internal_value=0.00304135 -0.00530828 0.00989149 0.0124257 0.0076915 -0.0213879 0.0422323 0.00828913 -0.0645356 0.0156157 0.0116662 -0.0108298 0.0190272 0.022019 0.04432 0.00920221 0.071394 0.00775812 0.0245294 0.0431633 0.0282573 0.054191 -0.0231986 -0.04977 -0.0458359 0.00579256 -0.0675311 -0.00809995 -0.0114552 -0.0584837 -0.00670522 -0.00409698 -0.0298893 -0.0455974 -0.0729175 0.00103938 0.00453571 0.0222571 0.00519847 0.0386947 -0.0128482 0.0312675 0.0652127 0.0343868 0.0613653 -0.123038 -0.00319543 -0.02562 0.0151795 -0.022831 -0.0523798 0.0780318 -0.0316518 -0.0194076 -0.0353598 0.0489619 -0.0349837
internal_weight=281.618 126.918 154.7 149.188 128.74 27.5691 20.4478 10.496 10.6549 101.171 93.1309 29.3517 15.8409 63.7792 24.8769 10.8297 14.0472 38.9022 25.2323 20.4049 16.6423 12.7586 13.67 9.05478 13.5108 16.9142 10.0943 122.612 112.982 10.3646 102.618 99.1356 24.86 20.583 12.9795 7.6035 74.2756 36.7808 26.3261 11.149 37.4948 9.62933 10.4547 9.59048 8.03984 7.69171 31.8084 14.3256 17.4828 8.22658 10.5762 9.95178 7.32374 15.1771 11.2121 9.25621 7.31382
internal_count=1533 707 826 789 683 160 106 54 65 523 474 151 70 323 118 52 66 205 136 109 90 70 69 47 81 95 66 690 638 69 569 551 154 127 79 48 397 196 133 53 201 52 63 53 49 51 164 80 84 44 63 52 42 80 64 40 42
is_linear=0
shrinkage=0.1


Tree=30
num_leaves=59
num_cat=0
split_feature=13 3 3 17 11 6 0 3 3 5 17 19 13 8 0 8 14 13 5 8 17 16 16 16 0 11 19 5 1 13 17 17 6 1 5 16 0 11 14 0 13 11 15 16 11 8 15 2 0 16 14 0 19 15 19 17 3 3
split_gain=1.53974 1.58171 7.39845 4.72882 4.67972 2.04645 1.99737 1.73912 8.57092 2.61587 3.93944 1.77164 2.25253 1.62559 3.50134 3.8385 3.65714 2.90703 3.2408 3.02611 2.96403 1.85642 2.61334 2.46442 2.367 1.9408 1.89226 4.11927 4.72336 3.24538 2.96888 3.08917 3.15483 3.51068 2.14108 4.83644 2.51929 2.19719 2.22984 2.13036 1.95447 1.93399 1.61012 1.57937 2.31554 1.56793 1.4594 1.40383 1.31851 1.28905 1.20616 1.19051 1.16935 0.967677 0.740785 0.388917 0.131206 0.0901757
threshold=2.3861805268679253 2.0062179657721022 1.1599846638261024 0.75914162288517806 0.031750625696313498 2.6334570907901278 -0.33262906236255968 1.0332391105599126 0.20551963579183244 1.8725592483338889 0.89662177220015649 0.48892764846010045 -1.0000000180025095e-35 0.095755636731179136 -0.091116904384945963 1.5183489189345016 1.0789462815684392 -0.50554564972274063 -0.11181065477303556 0.98727373093371651 0.30698279809463497 1.588533349580395 2.4075115192395207 1.2988929893092223 -0.13236436709461427 0.33513483740603406 0.23253280163503365 0.96338332630223633 0.92460058491607233 1.242720838925129 1.9173276367876666 0.56405862036328858 0.72035339318953329 0.81447878794261586 0.19728808859207095 0.21525010972440192 0.43633509959808275 0.33513483740603406 0.081963968262304884 -0.31077321744638514 1.0000000180025095e-35 0.031750625696313498 -0.14689432547736384 0.21525010972440192 0.031750625696313498 -0.11089909933406329 -0.74891326771448818 0.25113679234470332 -1.0000000180025095e-35 0.13356119221888657 -0.043012316744818833 -0.13236436709461427 0.48892764846010045 -0.25638497730180054 -0.45022134399865221 -0.2530316306812086 0.5629540850312954 -0.16248206640306403
decision_type=2 2 2 2 2 2 2 2 2 2 2 2 2 2 2 2 2 2 2 2 2 2 2 2 2 2 2 2 2 2 2 2 2 2 2 2 2 2 2 2 2 2 2 2 2 2 2 2 2 2 2 2 2 2 2 2 2 2
left_child=1 2 5 4 -3 7 -7 8 13 10 11 51 -13 21 16 53 17 19 50 -15 52 23 -23 26 -25 -26 27 30 39 34 31 32 33 43 36 -36 37 38 -28 -29 -41 -33 -20 44 55 57 -10 -24 -34 -38 -19 -9 -21 -16 -4 -1 -48 -39
right_child=-2 3 54 -5 -6 6 -8 9 46 -11 -12 12 -14 14 15 -17 -18 18 42 20 -22 22 47 24 25 -27 29 28 -30 -31 -32 41 48 -35 35 -37 49 45 -40 40 -42 -43 -44 -45 -46 -47 56 -49 -50 -51 -52 -53 -54 -55 -56 -57 -58 -59
leaf_value=-0.056342286316457484 -0.047212841362335119 -0.12079401519939686 0.066885912038844905 0.072228533374906742 0.0074313252699200073 -0.0059087127373307277 -0.12074699803703814 0.050302449065988866 0.041657032945308259 0.057361828250800009 -0.10663263634182876 0.0049965049761444254 -0.099855487236139878 0.041849117438697868 0.051813491668608103 -0.011782604222596447 0.081685402252890185 0.10916417900101867 0.018989940057838162 -0.0047818072725562258 -0.14479821202462301 0.084523784282298731 -0.042802116807872929 -0.12234059908491753 -0.075324927695713195 0.017538046659801094 0.10534998391172085 -0.077281912427394198 -0.14741414046739584 -0.071849936124156286 -0.087078735465209139 0.10159818625487381 -0.019748985450704987 0.076896082625266857 0.10416164027813589 -0.010813943437742973 -0.084890684068675892 0.030646328431685563 0.0062747603180698039 -0.036447798225361927 0.054665108887926139 0.017463735143279712 -0.066348955996142114 -0.054412934829443239 0.047229332059929262 -0.058946301257896384 0.091551035291111846 0.036997351037346971 -0.097036514848040878 -0.0048750003273384159 0.028452769109489975 -0.012071058582964408 -0.077624712952385377 0.11602859921054794 0.12177047758967199 -0.0097150666449719696 0.11699109199504153 0.0091415398953864167
leaf_weight=3.4975863546132926 6.0308033376932135 5.9283808693289739 6.0441382378339767 3.6001676619052878 5.4746563360095024 3.5850917510688305 2.622420957311987 5.0875650420785004 5.4805578142404547 3.9346608743071547 5.3520471006631842 4.1484634876251221 4.0483033731579763 3.3256026357412294 3.6878259107470504 5.3863755390048018 4.7524130120873442 3.4577888660132885 4.4300040490925321 5.2244638800621015 3.4210703670978537 5.4712189882993689 4.4705049023032171 3.3216408751904956 4.0511727258563024 5.0636162757873535 4.9023719951510483 5.4337588474154481 4.1590837500989428 4.2028359547257415 3.5254946425557128 4.8367849141359311 4.44438860937953 6.1770483478903762 7.9406313151121122 6.7845344878733158 3.854439649730919 3.7505794763565055 4.2332862988114357 5.7470176368951797 3.9881222099065781 6.278970018029213 4.4135081693530092 5.5980715490877619 7.4179476872086525 3.7859610132873049 3.2225509434938413 4.3492245338857174 4.3852785900235158 4.2150701694190502 3.9858571365475681 7.6786797568202054 3.8115889504551888 6.4528946429491034 4.1461260691285116 3.661644123494642 5.465830035507679 4.0615206211805344
leaf_count=21 34 34 32 18 24 25 24 24 33 16 37 21 26 19 24 29 21 17 23 29 23 24 25 27 27 25 19 31 24 26 23 24 26 29 39 36 24 22 24 32 22 32 25 34 32 23 22 22 23 24 23 38 23 32 23 19 35 20
internal_value=0.00276423 0.00387323 0.00571727 -0.027687 -0.0592324 0.00226661 -0.0544232 0.00373057 0.00695785 -0.0186876 -0.0300586 -0.0105085 -0.0467889 0.00152713 0.0166126 0.056439 -0.000181283 -0.012313 0.0173246 -0.042898 -0.0655224 -0.0039719 0.0302297 -0.0077515 -0.0500722 -0.023736 -0.00324852 -0.0138195 -0.0530057 0.0120664 0.001382 0.00811814 -0.00640133 0.0109324 0.0201688 0.0511873 0.00431114 0.0227614 0.0594405 -0.0271204 0.000877748 0.0540731 -0.0235999 -0.00926372 0.00807492 -0.00613019 0.0820658 -0.00345105 -0.0581341 -0.0430949 0.0659456 0.0127858 -0.0355084 0.0926758 0.0892169 -0.0324944 0.107555 0.019466
internal_weight=277.81 271.779 256.776 15.0032 11.403 246.585 6.20751 240.378 210.128 30.2497 26.3151 20.963 8.19677 195.959 52.3494 15.5271 36.8223 32.0699 16.2872 15.7827 12.4571 143.61 14.2909 129.319 12.4364 9.11479 116.882 69.1512 19.328 47.7312 49.8232 46.2977 35.182 26.3523 43.5284 14.7252 28.8032 20.7337 9.13566 15.1689 9.73514 11.1158 8.84351 20.1752 14.5772 11.5981 14.1689 8.81973 8.82967 8.06951 7.44365 12.7662 9.03605 10.1407 10.1903 7.15923 8.68838 7.8121
internal_count=1533 1499 1423 76 58 1368 49 1319 1157 162 146 109 47 1067 288 85 203 182 88 94 75 779 71 708 79 52 629 372 109 257 263 240 184 135 231 75 156 108 43 85 54 56 48 106 72 65 90 47 49 48 40 62 52 56 55 40 57 42
is_linear=0
shrinkage=0.1


Tree=31
num_leaves=59
num_cat=0
split_feature=14 9 10 8 10 18 4 1 6 5 19 12 10 7 13 12 7 18 19 7 5 13 5 9 0 5 7 8 8 12 13 9 13 10 5 15 13 9 8 16 9 10 7 15 16 14 4 19 9 13 14 13 19 12 14 14 13 14
split_gain=1.36491 1.39231 1.71303 4.36601 3.85859 1.88941 2.1263 2.30123 1.82686 1.79828 1.7438 1.7206 1.58263 2.64809 1.50212 1.719 2.05481 1.47121 1.97182 1.34544 2.66903 2.66268 4.33218 2.45932 2.5425 2.11992 2.04399 1.98736 4.30833 3.31474 2.6026 2.41662 3.74284 2.62626 3.38081 2.24652 2.03687 3.71663 1.67536 2.57057 1.59503 1.5735 3.36841 1.39256 1.27173 1.21121 1.32534 1.85266 1.34978 1.35609 1.14133 1.08714 1.03057 0.720328 0.640552 0.610447 0.513259 0.111226
threshold=2.8099348070769925 2.683521232249904 2.9480560705878083 -0.19048131487327064 1.309150098619821 2.0526260135183807 1.5343718797093644 1.3746164464340265 1.1081371963059292 -0.15679900582765652 -1.0000000180025095e-35 0.17801059672451677 1.2149215584515309 -1.0000000180025095e-35 2.3861805268679253 2.1571760052470088 -0.058179522705504985 1.3881888603281769 -1.0000000180025095e-35 0.15927761984010497 1.2647660443411142 1.242720838925129 -0.20697496712985486 -0.392864883803548 -0.24265195580074897 0.042604304038957201 0.83150929517763228 0.98727373093371651 0.095755636731179136 -0.045348709468323041 -0.13095146259552759 0.46386256416071397 0.072904770693466597 1.0000000180025095e-35 -0.07511957389031014 -0.06435009324458639 0.25610715865347239 1.1907897666116798 -0.25588495988921872 -0.049422989737855201 0.46386256416071397 0.63902747164258289 0.24925121690930521 -0.4792139030450952 0.13356119221888657 0.51250950271717599 0.34117012405629238 0.23253280163503365 -1.0000000180025095e-35 0.25610715865347239 0.25543740237401924 -1.0000000180025095e-35 0.48892764846010045 -0.045348709468323041 0.0360219119238386 0.081963968262304884 -1.0000000180025095e-35 1.0000000180025095e-35
decision_type=2 2 2 2 2 2 2 2 2 2 2 2 2 2 2 2 2 2 2 2 2 2 2 2 2 2 2 2 2 2 2 2 2 2 2 2 2 2 2 2 2 2 2 2 2 2 2 2 2 2 2 2 2 2 2 2 2 2
left_child=1 2 4 -4 5 8 7 9 14 -7 11 -11 45 -14 15 17 -17 19 -19 27 21 22 41 25 26 -24 -25 28 31 30 -29 32 33 34 -1 -31 37 44 -26 -40 -23 42 56 -44 -33 46 47 51 49 -48 -45 -10 -38 -34 -55 -36 -21 -30
right_child=-2 -3 3 -5 -6 6 -8 -9 12 10 -12 -13 13 -15 -16 16 -18 18 -20 20 -22 40 23 24 38 -27 -28 29 57 35 -32 36 53 -35 55 -37 52 -39 39 -41 -42 -43 43 50 -46 -47 48 -49 -50 -51 -52 -53 -54 54 -56 -57 -58 -59
leaf_value=-0.13376195255991313 0.060440180756862444 0.050884063813910432 -0.10766126239593116 0.04076148908130011 0.082783910896798249 -0.053187265986329724 -0.099330240564161343 -0.081741288988021271 -0.048362637191774603 0.042803451387147501 0.072027005947714606 -0.055630230208344969 0.0082838032209547521 -0.11735779492155458 -0.045499714940358982 -0.07310752858349566 0.020428418881081257 -0.0047690689618254019 0.087725298543617089 -0.061111537843079204 0.057085433822954036 -0.10597868119578176 -0.026797874430606702 -0.13588353164422451 0.016832528550237848 0.059000628137984137 -0.037830173297109498 -0.028027727870206368 0.11369417278736781 -0.1298011853082843 0.059722731172535883 0.055708502586258084 0.07563886260878136 0.022191097565157615 -0.049887281895096391 -0.010306942995093269 -0.02429337816166445 -0.0021536336109008818 -0.11207013585772355 0.0088979436915542047 -0.018337379020754063 0.066796963933763345 0.0029583629037661634 0.029019593173499194 0.12768478613837705 0.030634447708062468 0.0176362258395577 0.069356968794898402 -0.086937333160809163 -0.063521680357412957 0.098952959065730484 0.02213697583352477 0.03770055903207483 0.049484379687182868 -0.0061538853817589547 0.0077791470938023818 -0.011828531957278838 0.087355870610282174
leaf_weight=4.0466548055410314 4.0102873221039763 5.6274306997656813 4.66663833335042 3.4449837878346425 5.7860531210899344 4.1978922560811087 3.455871555954217 4.0334266871213904 5.0783801674842826 3.4673659838736084 4.4846705645322773 3.6399987265467644 3.0512142963707447 3.7260220758616915 5.290399804711341 5.4365454837679863 4.1349605992436391 3.9546838104724884 5.5245664045214635 4.0918573662638664 7.307769574224948 3.9151806347072107 6.121130574494595 4.2070895060896856 7.1657658442854837 5.438322126865387 4.2976955473423004 6.4619170799851426 3.8566732183098784 3.1415270119905472 7.086631417274476 4.1534728333354014 3.8679654374718657 5.8236002027988425 3.5365404635667925 3.1517462842166415 5.5863495990633947 5.7883776798844329 3.5308287665247873 3.4959869757294797 4.4220230504870415 7.7065435945987693 5.3941905274987247 4.3300217390060372 6.0022555440664291 6.5807036086916915 4.7773888036608714 3.3357446752488604 4.1709612719714597 3.6181032098829746 5.0617536008358002 3.8422103822231355 5.1568906977772713 4.4131781309843046 3.895914688706398 3.8169533610343933 4.3701216913759762 2.7442256659269333
leaf_count=19 22 24 34 18 30 25 26 24 28 18 24 24 20 34 29 28 18 21 35 23 33 25 38 25 35 31 21 34 28 19 32 25 19 34 21 22 27 31 26 20 21 37 31 26 24 34 31 20 33 33 21 21 23 19 23 21 22 23
internal_value=0.00253101 0.00166677 0.000614005 -0.0446265 0.00205326 0.00017873 -0.026947 -0.0143282 0.00297395 0.00289199 0.0232003 -0.00760883 -0.0169662 -0.060792 0.00702945 0.00855271 -0.0326993 0.0108368 0.0491372 0.00861472 -0.00055329 -0.00628027 0.000523066 -0.0239777 -0.0430989 0.0135673 -0.0863345 0.0175967 0.0263269 -0.00998591 0.0178706 0.0173335 -0.00244263 -0.0324431 -0.0603522 -0.069957 0.0391204 0.061798 -0.0171903 -0.051886 -0.059494 0.0276377 0.0146567 0.0434526 0.098248 -0.00750811 -0.01762 0.00577727 -0.0404398 -0.0173394 0.0667106 -0.0179976 0.00546449 0.0399913 0.0233971 -0.0199546 -0.0356597 0.102744
internal_weight=272.724 268.713 263.086 8.11162 254.974 249.188 23.2792 19.8234 225.909 15.7899 11.592 7.10736 38.1807 6.77724 187.728 182.438 9.57151 172.866 9.47925 163.387 80.8563 73.5485 65.2113 34.2568 22.6974 11.5595 8.50479 82.5309 62.6891 19.8418 13.5485 56.0882 29.4008 17.2237 11.4001 6.29327 26.6873 15.9441 14.1926 7.02682 8.3372 30.9545 23.2479 14.786 10.1557 31.4035 24.8228 12.2563 12.5665 8.39549 9.39178 8.92059 10.7432 12.1771 8.30909 7.35349 8.46198 6.6009
internal_count=1533 1511 1487 52 1435 1405 141 115 1264 91 66 42 254 54 1010 981 46 935 56 879 435 402 356 196 127 69 46 444 337 107 66 286 156 95 61 41 130 80 81 46 46 160 123 78 49 200 166 69 97 64 47 49 50 61 42 42 45 51
is_linear=0
shrinkage=0.1


Tree=32
num_leaves=56
num_cat=0
split_feature=14 14 10 10 18 2 18 6 17 9 9 16 19 14 11 11 9 19 4 7 7 13 12 4 13 4 3 1 1 17 17 4 4 11 3 9 11 7 11 11 13 11 4 16 4 11 16 17 9 9 2 12 4 7 12
split_gain=1.32955 4.49167 1.60631 1.56903 2.12069 1.55238 1.52468 1.56734 1.33367 1.60101 2.25553 2.97596 2.37413 2.18725 1.72655 3.71066 1.63333 1.69099 1.62765 1.4492 3.20902 3.14421 2.67608 1.75145 1.30243 1.26494 1.24747 1.19585 2.72879 3.8946 1.52067 3.176 2.35259 1.82203 2.95133 1.50349 1.41333 1.64329 3.92307 3.59246 2.55234 1.40095 1.31199 2.03577 1.51961 1.26392 1.11981 1.04758 0.970123 2.56752 1.52029 0.904737 0.821396 0.725503 0.486707
threshold=-0.60060963227250008 -0.043012316744818833 1.4489458324497042 2.9480560705878083 1.6780685801364135 0.25113679234470332 0.78363026246689382 2.1403146036076484 1.9173276367876666 1.1907897666116798 0.46386256416071397 1.8721835807462031 0.28222108394604889 0.41407641440668236 1.7343589361922753 1.0566252579398148 1.6460039949677547 0.28222108394604889 0.068028672939764737 1.1555841533368942 0.15927761984010497 -1.0000000180025095e-35 0.12037193642656516 -1.0000000180025095e-35 0.072904770693466597 0.34117012405629238 -0.12395578344627232 2.4600864286221285 1.3746164464340265 -0.32310879021791356 1.0000000180025095e-35 1.9841814109541247 0.025798925165344953 -0.3183210206652487 -1.0000000180025095e-35 -0.039661567762561543 1.2715663092593881 -0.17693357475781948 0.031750625696313498 -1.0000000180025095e-35 0.035240992361629815 1.4290622484945408 0.068028672939764737 -0.29945634789918546 1.2865032369418847 -1.0000000180025095e-35 0.63453397849025783 -0.074905646800934991 0.56222000023765062 0.091481680340020535 -1.0000000180025095e-35 0.17801059672451677 0.44411965218403082 -0.3586405376798259 -0.079881758644989254
decision_type=2 2 2 2 2 2 2 2 2 2 2 2 2 2 2 2 2 2 2 2 2 2 2 2 2 2 2 2 2 2 2 2 2 2 2 2 2 2 2 2 2 2 2 2 2 2 2 2 2 2 2 2 2 2 2
left_child=2 -2 27 4 6 -4 7 8 9 10 11 14 13 18 15 19 17 54 -12 20 22 -22 24 -21 53 -6 -24 28 30 -30 31 35 48 52 -35 41 37 38 -37 40 -39 42 43 -1 47 -31 -45 -44 49 50 -32 -14 -34 -3 -11
right_child=1 3 5 -5 25 -7 -8 -9 -10 16 12 -13 51 -15 -16 -17 -18 -19 -20 23 21 -23 26 -25 -26 -27 -28 -29 29 45 32 -33 33 34 -36 36 -38 39 -40 -41 -42 -43 44 46 -46 -47 -48 -49 -50 -51 -52 -53 -54 -55 -56
leaf_value=-0.12444477209647904 0.11731921893003622 -0.002604436834773786 -0.0013734352391034915 -0.054536211567822616 -0.0061938793879210028 0.092118782919392725 0.063077487871611326 -0.053839082897307891 -0.042422991058346515 -0.032625335649866194 0.022854973971704429 0.088955637012440053 0.099323306377147702 0.059834224969966758 0.068728790006253412 -0.10365120741860197 0.027155417922957111 -0.085210930066837706 -0.052679936582463241 -0.0021814560097421403 0.0021665437840151713 -0.096322549050968792 -0.053733574778857623 0.081115194864216505 0.091335069279392611 -0.073363424038682734 0.013710656878022504 0.038541962018377583 0.018607890690052625 -0.060065483971688705 0.082821933106995704 0.072905184253530125 -0.089336359090849957 -0.039559008171168308 0.068073451048802802 0.033600296205231937 -0.059629388757979497 -0.065549922737056204 -0.087217110854970331 0.086745877951723574 0.041212916568054557 0.0061984207881166688 0.032634560623151142 0.0026824499310730112 -0.07870193586040361 -0.14243035892183048 -0.074810755200018481 -0.037594015366911988 0.071766253115832027 -0.049916067034503554 0.011742131573464916 0.043651461176974424 -0.018651852512549565 0.058910538588307415 0.014144693358760419
leaf_weight=4.3816625624895096 3.7219772152602664 4.4462516009807462 3.9402649030089369 4.1530567258596411 7.0859383195638639 3.23346196860075 5.5246883183717719 3.8015334066003552 4.4195512160658827 4.2486736364662647 7.0191484019160324 4.1641836166381827 6.9305013567209226 8.0097428038716298 3.534040890634059 3.4505139477550975 6.9828992187976828 4.1799909174442282 4.8060719594359398 5.3272336162626743 6.7193332388997078 6.2624375298619253 5.3614563345909119 4.7976867780089361 4.5247045122087002 4.6392572708427906 5.6142093278467637 5.2842829562723628 4.4545002803206444 3.8869078196585178 5.4938233010470867 3.9239561706781378 3.6534639373421696 5.568006183952094 4.6964024119079086 5.529571317136293 3.9479332491755477 4.6114549860358256 5.2292753532528877 5.9052538797259322 4.3529105260968208 6.3281817063689223 4.4862440899014446 3.4974562749266642 3.5225556120276442 3.5782342441380006 3.9944481961429119 4.0339047424495229 5.0154932513833037 3.8402156159281722 6.6531377658247965 5.0433770716190338 2.9890301190316677 3.3707143142819547 4.6714163050055522
leaf_count=29 27 25 23 27 39 19 35 28 29 22 35 20 29 38 17 25 34 23 26 26 39 38 27 21 28 34 31 27 24 24 27 18 27 33 28 26 26 29 29 34 24 34 27 22 27 27 26 27 23 21 39 21 21 24 24
internal_value=0.00229949 0.00890588 -0.0051864 0.00600476 0.0078681 0.0407669 0.0117354 0.00932521 0.0114337 0.0136081 0.0193407 0.00753299 0.0407122 0.0194856 0.00118459 -0.00360149 -0.0119054 -0.0327265 -0.00784435 0.0038348 -0.00549647 -0.0453448 0.0166888 0.0372886 0.0486364 -0.0327706 -0.0192349 -0.00795992 -0.0101235 -0.05539 -0.00481573 -0.0142478 0.0110443 -0.0167211 0.00968741 -0.0199646 -0.00393313 0.00464659 -0.0251223 0.0261857 -0.0137081 -0.035642 -0.0467128 -0.0703008 -0.0234562 -0.0995451 -0.0386345 -0.000615491 0.0333951 0.0213573 0.0438901 0.0758744 -0.0575293 0.0239211 -0.00813205
internal_weight=268.843 142.811 126.032 139.089 134.936 7.17373 123.21 117.686 113.884 109.465 89.3816 57.5728 31.8088 19.835 53.4086 49.8745 20.083 13.1001 11.8252 46.424 36.2991 12.9818 23.3173 10.1249 12.3417 11.7252 10.9757 118.858 113.574 11.9196 101.654 63.7448 37.9096 16.9069 10.2644 59.8209 29.5764 25.6285 10.7588 14.8696 8.96437 30.2445 23.9163 11.8736 12.0427 7.46514 7.4919 8.52015 21.0027 15.9872 12.147 11.9739 6.64249 7.81697 8.92009
internal_count=1533 792 741 765 738 42 665 630 602 573 470 321 149 99 301 284 103 69 61 259 212 77 135 47 77 73 58 699 672 75 597 378 219 109 61 360 168 142 55 87 53 192 158 77 81 51 48 54 110 87 66 50 48 49 46
is_linear=0
shrinkage=0.1


Tree=33
num_leaves=59
num_cat=0
split_feature=3 3 11 17 0 7 17 3 3 12 4 13 14 17 5 14 17 0 10 11 14 15 0 1 19 12 12 0 12 5 4 11 5 2 5 13 0 2 0 7 11 11 7 8 11 3 13 15 5 15 15 2 4 3 13 5 3 11
split_gain=1.16159 6.78112 3.76431 2.67342 1.5478 1.44846 2.52027 1.53904 4.3536 3.11906 3.27295 2.57324 4.48912 4.23796 2.34964 2.789 2.31014 2.12733 2.03031 1.96638 1.62328 2.57291 2.59529 4.46201 3.3401 2.62916 2.41531 2.26382 3.23293 2.99402 1.93174 1.79471 1.726 4.07725 3.25093 4.00602 2.29989 2.24529 1.93339 1.84885 1.78622 3.16474 2.52967 1.73761 1.46893 1.30115 1.29423 1.25217 2.67758 1.0917 1.04233 1.0298 1.01848 0.812844 0.785294 0.652637 0.315965 0.0634875
threshold=2.0062179657721022 1.1599846638261024 0.12532913827649839 -0.32310879021791356 2.3334260183130158 1.6861067631295508 -0.074905646800934991 1.0332391105599126 0.20551963579183244 -0.11134520345039624 0.068028672939764737 1.242720838925129 0.59547973189287273 -0.28436424397797733 1.8725592483338889 1.299535957043829 0.89662177220015649 -0.26956752129811823 2.9480560705878083 -0.62175835670796953 -0.60060963227250008 2.4581091440796583 -0.20249042368751632 1.3746164464340265 0.19885253181540949 1.1757611839043363 0.034954876174842005 1.3510943941076541 0.069229592310362659 -0.15679900582765652 0.34117012405629238 0.33513483740603406 -0.32421931806144694 0.060834540974736818 0.19728808859207095 1.0000000180025095e-35 0.24982950298607473 0.25113679234470332 -0.31077321744638514 0.15927761984010497 0.33513483740603406 0.86751148651393073 -0.45861794349918089 -0.11089909933406329 0.33513483740603406 -0.16248206640306403 0.25610715865347239 -0.06435009324458639 0.042604304038957201 -0.06435009324458639 -0.06435009324458639 0.060834540974736818 0.068028672939764737 -0.12395578344627232 0.25610715865347239 -0.11181065477303556 -0.16248206640306403 0.076136005918138336
decision_type=2 2 2 2 2 2 2 2 2 2 2 2 2 2 2 2 2 2 2 2 2 2 2 2 2 2 2 2 2 2 2 2 2 2 2 2 2 2 2 2 2 2 2 2 2 2 2 2 2 2 2 2 2 2 2 2 2 2
left_child=1 4 3 -2 5 7 55 8 11 57 -11 18 13 44 15 16 19 -15 20 -9 21 22 24 25 51 27 53 28 47 -29 -28 -30 33 46 36 37 40 43 -37 50 42 -42 -34 -36 -13 -38 56 -24 -49 -21 -35 -1 -3 -26 -41 -7 -22 -10
right_child=2 52 -4 -5 -6 6 -8 14 9 10 -12 12 -14 17 -16 -17 -18 -19 -20 49 32 -23 23 -25 26 -27 30 29 31 -31 -32 -33 34 39 35 38 45 -39 -40 54 41 -43 -44 -45 -46 -47 -48 48 -50 -51 -52 -53 -54 -55 -56 -57 -58 -59
leaf_value=-0.13165088188544483 -0.13489445570193137 0.11138074576392241 0.035659476861451343 -0.020929943730390005 0.047499912589847523 0.090463722623490547 -0.024477860079532066 -0.084759440814981324 0.11494789718868768 -0.057471353228128935 0.077881582585852968 0.080449704861602106 -0.12665748871690169 -0.0082523244535290443 0.047380695737312475 0.021894856551726946 -0.12276136536607812 -0.1113007705653003 -0.068429824408746009 0.027652700995340451 0.11148603305830002 0.075270418218918236 0.092284627459613466 -0.085374350379046962 -0.019344178936224934 -0.047535676219913225 0.080783125918745369 0.040716600708855633 0.02836373646613144 -0.091646140672172749 -0.025292730648059293 -0.06728893933309342 -0.038934790274213343 -0.0036732991272961633 -0.064138449422193544 0.031619037290015063 -0.031766842725277154 0.040393083000804207 0.11469061102136034 0.059244594967998256 -0.099887646918974837 0.029528785325852319 0.063277919099313296 0.015130578295088216 -0.0069310335829227384 -0.11361753625947538 0.031217904041110314 -0.021047970837365901 0.092484548313008799 -0.042520525404164074 -0.078612891743061811 -0.061577794460655789 0.044146665321103992 -0.086526713943777228 -0.0040699604196854505 0.035961291122323498 0.074181050869380594 0.094438543649445955
leaf_weight=3.4511487409472483 3.5209057703614226 5.9895577356219274 5.9186675511300555 4.9554582685232154 6.7793260961771002 4.351341236382722 5.2778287008404723 5.3616882972419324 3.7393536679446697 3.5822474956512433 3.5638060346245766 4.1815133802592763 4.4119130223989478 3.7459260001778603 3.8985723182559004 6.1719641312956801 4.0242174901068202 4.3064134083688259 4.1709746606647959 4.3573123477399403 4.0874990895390502 3.4300865270197383 8.136158667504791 5.237329874187707 3.8233951851725578 5.9823900125920764 3.7110058516263962 3.3880726918578148 4.519143894314765 3.4481661170721045 3.1947274655103683 3.465980626642704 4.041675958782438 3.653844453394413 6.8828411772847113 5.9982568174600601 4.1009776145219803 6.7398190423846236 5.2571346461772901 3.9563327431678772 4.2106695137917987 3.4277856089174747 6.0395892336964838 4.6225111335516091 3.5632262378931046 3.6893728207796803 6.0527209267020217 4.0557429902255429 4.2584665194153786 4.5133376345038378 3.7721217423677427 5.3459411971271038 3.6116237118840218 3.4045550450682622 3.8802420794963837 4.4377063997089854 5.1072499155998186 2.5308814831078053
leaf_count=20 22 33 27 27 34 20 30 37 27 20 22 22 26 23 16 28 33 31 30 23 24 17 34 33 24 39 20 18 29 25 25 23 25 19 38 30 24 37 28 21 30 22 33 29 21 22 27 26 20 27 26 36 23 18 20 23 24 22
internal_value=0.00208793 0.00367261 -0.0255374 -0.0682684 0.000393866 -0.000967589 0.0301442 -0.00295241 0.000255212 0.0551957 0.0100305 -0.00386835 -0.0374743 -0.0125666 -0.0247127 -0.0362182 -0.0558643 -0.0633629 0.000415272 -0.0369491 0.00227539 -0.00915307 -0.0135794 0.00105212 -0.040692 0.0132023 -0.010582 0.0248217 0.0390529 -0.0260465 0.0317104 -0.0131548 0.0114764 0.0305524 0.000896452 0.0235023 -0.0252456 -0.00544097 0.0704199 -0.00598591 -0.00533669 -0.0418115 0.0222999 -0.0322905 0.0402473 -0.0705299 0.0671268 0.0643949 0.0371024 -0.00805105 -0.0417399 -0.0890679 0.0860897 -0.0509889 0.0278947 0.0629447 0.0907649 0.10667
internal_weight=265.339 250.944 14.395 8.47636 241.343 234.563 14.0669 220.496 192.169 13.4163 7.14605 178.753 20.209 15.7971 28.3271 24.4285 18.2566 8.05234 158.544 14.2323 154.373 68.8523 65.4222 42.4915 22.9308 37.2541 14.1337 31.2717 24.4355 6.83624 6.90573 7.98512 85.5206 30.51 55.0106 29.5006 25.5101 18.2452 11.2554 15.2625 17.7197 7.63846 10.0813 11.5054 7.74474 7.79035 15.2475 16.4504 8.31421 8.87065 7.42597 8.79709 9.60118 7.22795 7.83657 8.78905 9.19475 6.27024
internal_count=1533 1457 76 49 1401 1367 73 1294 1130 91 42 1039 123 97 164 148 120 54 916 87 886 407 390 247 143 214 87 175 132 43 45 52 479 161 318 162 156 104 58 86 110 52 58 67 43 46 75 80 46 50 45 56 56 42 41 43 48 49
is_linear=0
shrinkage=0.1


Tree=34
num_leaves=58
num_cat=0
split_feature=14 5 4 4 4 5 17 4 9 13 12 9 14 16 12 14 18 16 15 15 19 11 5 12 12 19 9 0 0 9 0 17 11 11 11 19 13 16 13 13 19 19 1 0 18 7 10 11 0 5 15 0 16 17 15 14 12
split_gain=1.06165 1.18297 1.13577 3.15277 4.37686 2.47267 2.30342 2.13496 1.60627 1.60279 1.39762 1.70032 7.66904 3.03661 2.67669 2.04207 1.94676 2.13657 1.96643 1.88412 3.44099 3.35086 2.74004 2.41794 1.59347 1.52865 1.4819 1.40184 2.23456 4.00169 2.00834 1.72662 2.26592 3.14344 3.33047 3.43437 3.12307 1.39214 1.37525 1.35651 1.35502 1.31772 1.25369 4.11497 2.5037 1.56527 3.58222 2.21878 2.55801 1.37306 1.14468 0.871281 0.529294 0.50261 0.496558 0.280879 0.0476932
threshold=2.8099348070769925 2.02392267170613 1.7272164154757195 1.5343718797093644 0.44411965218403082 -0.11181065477303556 -0.074905646800934991 0.97505303993450265 2.2182058422388686 -1.0000000180025095e-35 1.0000000180025095e-35 -1.0634559918575055 0.25543740237401924 1.7469613580197658 1.8360680351030554 -0.60060963227250008 1.4753599154114398 0.13356119221888657 -0.06435009324458639 1.0000000180025095e-35 0.48892764846010045 -0.12310680499981991 -0.51397396348998947 0.26219677601548752 1.1757611839043363 0.10969130428581748 0.71895667683084052 2.3334260183130158 1.3510943941076541 0.46386256416071397 0.6941004166124588 -0.074905646800934991 0.48094342338110135 0.33513483740603406 0.031750625696313498 0.19885253181540949 0.035240992361629815 0.21525010972440192 0.11464822818632221 0.11464822818632221 0.57102732883668372 0.23253280163503365 0.92460058491607233 -0.13236436709461427 2.0526260135183807 0.087439176934963683 0.75742311751293845 -0.27027006146639704 -0.13236436709461427 -0.23358871550082974 -0.06435009324458639 -0.44693220761485475 0.21525010972440192 0.89662177220015649 -0.06435009324458639 0.25543740237401924 0.034954876174842005
decision_type=2 2 2 2 2 2 2 2 2 2 2 2 2 2 2 2 2 2 2 2 2 2 2 2 2 2 2 2 2 2 2 2 2 2 2 2 2 2 2 2 2 2 2 2 2 2 2 2 2 2 2 2 2 2 2 2 2
left_child=1 2 3 4 8 -4 52 -6 10 53 27 12 14 15 24 16 17 26 -19 21 -21 22 -17 -24 50 -23 41 28 30 -30 31 32 33 34 35 36 -1 51 -20 56 42 -13 44 -44 45 49 47 -47 -49 -33 -12 -34 -5 -8 -3 -42 -9
right_child=-2 54 5 6 7 -7 9 39 -10 -11 11 13 -14 -15 -16 19 -18 18 38 20 -22 25 23 -25 -26 -27 -28 -29 29 -31 -32 40 37 -35 -36 -37 -38 -39 -40 -41 55 -43 43 -45 -46 46 -48 48 -50 -51 -52 -53 -54 -55 -56 -57 -58
leaf_value=-0.11849060961665894 0.054026828020403095 0.059878125870634513 0.076391004148714914 -0.063559249154171424 0.11479288074556125 -0.015844146473574648 0.039600758417779956 0.047692884326130489 0.049046703030319647 -0.058316034974083913 0.034220987265217884 -0.062593177508215303 -0.14187587814168606 0.065384629278049958 0.076650890073518815 -0.075640671990533093 0.03002594074102995 0.033538614602864038 -0.088478290720349878 0.012630108918086061 -0.10955438640575316 0.021037951782257678 -0.025707345596019865 0.079016827892491467 -0.090705385628438717 0.089103169905594928 -0.023112521403686134 0.062031253791924229 -0.10729767220438316 0.012555042933783678 0.075710212282777564 0.05190603171702976 0.045895145587195291 -0.056536853147133831 0.095827279291503531 0.052071316155760876 0.0052890965532464826 0.011180210954045554 0.0024396185851607447 -0.024806801993668498 0.011153472930406515 -0.14385890974566481 0.0048041141716871983 -0.12671765348511815 0.07685825121005363 -0.075374427153735976 -0.11952814553247859 -0.042885250732490499 0.060504005694370047 -0.017179468358932817 -0.04512120177940579 0.11397732900994695 -0.12116894983317515 -0.014392734831450397 0.011085047527976087 0.049573825553988413 0.065099528121217873
leaf_weight=3.2810926213860423 3.8501640222966662 4.6439661532640457 5.8276729695498943 3.5345131531357792 4.3060526922345153 5.7984719574451429 3.8777496330440053 3.1897623054683191 6.0008111000061026 5.0605053286999437 4.0610141418874264 4.7860550694167667 5.260990969836711 5.5544812157750121 3.4358151257038108 5.0438626632094374 4.338716208934783 5.2164920344948769 3.7580194324254972 6.0572547167539579 3.7206750065088272 6.919767804443838 5.525233715772627 3.6685674786567688 2.7353325970470905 6.3068957068026066 4.1437108740210524 4.033478543162345 4.9624328948557359 6.3511782065033913 4.0737380087375632 5.1174280196428299 3.5441867485642433 6.5712107717990866 4.8019802644848815 7.1422817111015311 5.3817740604281425 4.38990668207407 2.985417053103447 3.0680463537573814 3.7943272143602362 3.4218629449605942 6.1187032982707024 3.8920580297708494 3.2891569994390002 3.7482348531484488 3.8378280736505976 4.2601631507277364 5.4601903185248624 6.5705550946295421 3.2926526106894034 4.0024900659918767 2.9060075469315052 3.1041444465517998 3.786152668297289 3.8169994205236435 3.1076207458972931
leaf_count=22 22 23 27 25 37 31 24 23 27 37 26 32 38 29 14 29 25 28 30 34 20 35 32 19 23 34 22 20 34 32 25 30 18 32 32 39 29 21 20 18 23 25 32 24 18 24 32 23 26 37 27 24 25 21 19 18 17
internal_value=0.0019049 0.0011237 -0.000126297 -0.00162433 0.00173258 0.0303893 -0.041281 0.0565139 -0.00192659 -0.015464 -0.00346621 -0.0126609 -0.0394317 -0.00562204 0.000417925 -0.0116076 -0.0316787 -0.0426907 -0.0125641 0.00383296 -0.0338633 0.0172537 -0.0164129 0.0160803 -0.0255433 0.0534936 -0.0718619 0.00418463 0.00194991 -0.0400154 0.00704988 0.00390786 0.0196389 0.0036882 0.0228928 0.000733563 -0.0415929 0.0559569 -0.0482276 0.0297184 -0.00842175 -0.0964727 -0.0154119 -0.0463299 -0.0058246 -0.0152042 -0.0342985 -0.0100126 0.0151913 0.0130687 -0.001305 0.0820035 -0.0895531 0.0155953 0.0379641 0.0304209 0.0562827
internal_weight=260.736 256.886 248.456 236.829 218.347 11.6261 18.4829 13.6715 204.675 12.0424 198.674 90.2328 18.7858 71.447 13.5248 65.8925 28.6503 24.3116 11.9599 37.2423 9.77793 27.4643 14.2377 9.1938 10.089 13.2267 12.3516 108.441 104.408 11.3136 93.0943 89.0206 39.1149 27.1783 20.6071 15.8051 8.66287 11.9366 6.74344 9.36543 49.9056 8.20792 42.2943 10.0108 32.2836 28.9944 17.3064 13.4686 9.72035 11.688 7.35367 7.54668 6.44052 6.98189 8.43012 7.61133 6.29738
internal_count=1533 1511 1469 1411 1279 58 132 95 1184 82 1157 542 128 414 90 385 182 157 78 203 54 149 80 51 76 69 79 615 595 66 529 504 217 154 122 90 51 63 50 58 287 57 246 56 190 172 105 73 49 67 53 42 50 45 42 41 40
is_linear=0
shrinkage=0.1


Tree=35
num_leaves=58
num_cat=0
split_feature=8 8 7 15 7 17 4 16 12 13 16 16 16 0 9 15 3 3 16 9 4 11 4 3 14 11 4 0 19 5 3 14 5 8 4 19 12 6 16 0 13 0 16 9 11 5 15 19 13 14 0 4 5 14 19 15 3
split_gain=1.00009 5.89211 2.70597 1.98729 2.38539 2.687 1.61043 2.1736 2.39669 2.07832 1.41313 3.35398 2.613 4.697 2.12571 1.70283 1.40248 1.40261 1.36355 1.44114 3.89806 2.41551 3.37392 1.94805 1.69512 2.10881 1.73779 2.2134 1.70702 2.5489 1.6263 1.62595 1.55928 3.7027 1.95584 3.29963 3.08042 1.30779 2.20421 2.61464 2.15094 1.70693 1.49873 1.27788 1.40946 1.2473 1.2396 1.14919 1.128 0.999389 0.966026 0.796853 0.631168 0.971784 0.577646 0.54618 0.226582
threshold=0.095755636731179136 0.62005402522536135 2.3287257775567411 0.82897760905810303 0.83150929517763228 -0.074905646800934991 0.53941300601779307 0.026644938271029126 -0.045348709468323041 0.11464822818632221 1.6807259668617043 2.4075115192395207 1.2988929893092223 1.3510943941076541 0.46386256416071397 -0.25638497730180054 0.095466499557789394 0.71968758086628648 0.76955517992126998 0.46386256416071397 1.5343718797093644 1.9427391323863004 2.7614503483185504 -0.68667160991670739 0.0360219119238386 0.98483657594528939 0.068028672939764737 0.36153118812822721 -0.1147886595078773 1.0000000180025095e-35 -0.39807416774765825 1.299535957043829 -0.11181065477303556 0.030871546344070588 0.068028672939764737 0.19885253181540949 -0.11134520345039624 0.50992623302649809 -1.0000000180025095e-35 0.6941004166124588 0.21334190306503922 0.60900403108297951 -0.087553433412761963 -0.59366604819591162 -0.62175835670796953 -1.0000000180025095e-35 0.13101634814396027 0.28222108394604889 0.25610715865347239 0.0360219119238386 -0.33262906236255968 -0.17191434279766454 0.24386033185113432 1.0000000180025095e-35 0.23253280163503365 -0.06435009324458639 0.095466499557789394
decision_type=2 2 2 2 2 2 2 2 2 2 2 2 2 2 2 2 2 2 2 2 2 2 2 2 2 2 2 2 2 2 2 2 2 2 2 2 2 2 2 2 2 2 2 2 2 2 2 2 2 2 2 2 2 2 2 2 2
left_child=10 52 3 4 5 16 7 8 -7 -9 12 -12 18 14 15 -14 45 -18 19 21 24 22 23 37 25 26 30 -28 29 48 -21 -30 34 43 36 -36 -25 38 39 40 -1 -40 -39 44 -34 -3 54 -6 -26 -13 -31 -5 53 -2 -45 -35 -22
right_child=1 2 -4 51 47 6 -8 9 -10 -11 11 49 13 -15 -16 -17 17 -19 -20 20 56 -23 -24 32 28 -27 27 -29 31 50 -32 -33 33 55 35 -37 -38 42 41 -41 -42 -43 -44 46 -46 -47 -48 -49 -50 -51 -52 -53 -54 -55 -56 -57 -58
leaf_value=0.01418470556064058 0.093921526255199894 0.029328583051834667 0.087640856033787351 -0.076347533008680177 -0.071565096419889757 0.047908922498274088 0.043606407421854829 -0.12054184031607605 -0.052322964652874948 -0.0069428998205139942 0.10002892904068146 -0.031291034746020296 0.019694247555890203 0.060678323155517216 -0.11847246396319269 -0.077953033015223716 -0.032198144414667992 0.044056502458853966 0.043986931886105425 -0.0086827800705103712 -0.041578976548119997 0.061196730598675565 0.081345222932473787 0.00085736014293299578 0.075996051640931747 -0.075377227116698794 -0.071758079053089743 0.031246785874291375 0.088238717531083422 -0.070379088151325972 0.065484455191472585 0.018603791394009743 -0.058923331714895881 -0.090091620792667026 0.050990573642663156 -0.062239341930163367 -0.099280719726533129 -0.12411942323462444 -0.030859421876508454 0.073871722116808189 -0.10042034214699956 -0.12703742751505151 -0.037686744764144485 0.054828039385778404 0.036354566510133905 0.10153398747482022 0.094275886134187609 -1.648082834066626e-05 0.014766319355508289 0.032904061361629905 0.00014070106253782029 -0.013693627394591247 0.11527314435482164 0.019658114072776234 0.003530497169642868 -0.030838309921961626 -0.076818135943355417
leaf_weight=4.0145002491772193 4.2823728397488576 4.6170054189860821 3.3101720511913291 4.9007637016475201 5.6404073685407621 5.3832497298717472 4.0846186801791182 3.7012944482266894 4.2841611392796191 2.8510634824633598 4.4541938900947562 5.7814547158777696 3.1447868309915075 3.4386975914239875 5.4216449111700058 4.1328539587557325 4.0491924919188005 5.9663620367646217 6.5369985178112975 5.2120627537369755 3.439555797725915 4.3368405103683463 3.4411646798253051 5.619768675416708 5.3486227840185183 3.4623301587998858 4.6740865036845189 3.7677899114787579 7.9168429188430292 3.5190575271844864 6.8317553922534016 5.816864974796772 2.8033979516476393 2.8397042118012905 6.2772247642278654 4.3619928397238255 6.7757498249411565 3.5317443236708641 4.9696412105113223 3.4987902119755745 2.7659824565052986 2.9351470582187176 4.6443414092063886 4.1509323492646377 3.4799709655344477 4.9652067758142895 4.0973998494446269 3.728990912437439 6.8775073066353798 4.1773479804396629 4.3360092341899863 3.4652811400592309 3.4545246325433254 2.9939813837409019 4.6590729467570782 3.4403214864432803 3.8862021118402481
leaf_count=24 34 30 16 30 32 25 25 33 27 15 24 36 19 17 35 33 22 34 37 28 22 21 14 32 27 26 27 23 37 21 32 26 20 22 34 37 39 26 34 18 22 21 35 25 22 25 25 21 33 20 23 22 28 20 26 26 25
internal_value=0.00172002 0.0117467 -0.000283705 -0.00533328 0.00231809 0.0129801 -0.0125143 -0.0266471 0.00349066 -0.0711126 -0.00216861 0.0278979 -0.00471162 -0.0429977 -0.0710709 -0.0357581 0.0393937 0.0132275 -0.000706552 -0.00268419 0.00844511 -0.0114494 -0.0154728 -0.019923 0.0171602 -0.00319585 0.00900367 -0.0257848 0.0315766 0.0129958 0.033388 0.0587451 -0.00803144 0.00901905 -0.0268851 0.00456723 -0.053881 -0.0418046 -0.0268691 0.00366225 -0.0325665 -0.0665715 -0.0750222 0.0308299 -0.00615477 0.0667432 0.0488342 -0.043089 0.0415528 -0.00436358 -0.0314521 -0.0503958 0.0800752 0.0633646 0.0276999 -0.0576315 -0.0602728
internal_weight=256.499 71.6786 60.9478 57.6376 49.2716 39.9022 20.3044 16.2198 9.66741 6.55236 184.82 14.413 170.407 16.138 12.6993 7.27764 19.5978 10.0156 154.269 147.732 65.0887 82.6437 78.3068 74.8657 57.7629 23.948 20.4857 8.44188 33.8149 20.0812 12.0438 13.7337 48.5055 25.4708 23.0347 10.6392 12.3955 26.3601 18.1841 10.2793 6.78048 7.90479 8.17609 19.1908 6.28337 9.58221 12.9074 9.3694 12.2261 9.9588 7.85507 8.36604 10.7309 7.27635 8.81001 6.28003 7.32576
internal_count=1533 439 357 341 289 236 125 100 52 48 1094 80 1014 104 87 52 111 56 910 873 350 523 502 488 303 136 110 50 167 104 60 63 308 166 142 71 71 180 119 64 46 55 61 118 42 55 76 53 60 56 44 52 82 54 51 48 47
is_linear=0
shrinkage=0.1


Tree=36
num_leaves=56
num_cat=0
split_feature=3 3 11 16 6 3 1 6 0 14 15 14 4 13 14 4 0 11 14 6 2 13 10 15 15 3 9 3 13 3 9 16 4 16 2 2 9 8 16 8 2 1 0 4 0 16 15 3 12 4 11 4 16 14 8
split_gain=1.05832 5.30695 3.00587 2.01717 1.30847 1.70801 1.46266 2.22018 2.12355 1.97762 2.1804 1.83057 3.33234 2.10361 3.17796 2.38303 1.69342 2.08648 3.30551 3.09798 2.67879 3.15326 2.10029 1.90642 1.87222 1.80395 2.64719 1.78448 1.74353 1.66299 1.61355 3.73952 1.54787 1.50783 2.97058 1.52175 2.69614 2.90653 2.22921 2.6119 1.94563 1.39269 1.404 3.06692 1.32703 1.85478 1.74845 2.31286 1.55125 2.21447 1.20535 1.02384 0.95194 0.823018 0.799965
threshold=2.0062179657721022 1.1599846638261024 0.12532913827649839 1.0000000180025095e-35 2.6334570907901278 -0.68667160991670739 1.3746164464340265 1.2542964825776466 -0.13236436709461427 0.81447350800301332 -0.19715511392299456 1.4073046431955987 -0.63252056643271648 0.89766112469287884 0.081963968262304884 0.16623025802839894 -0.26956752129811823 0.076136005918138336 -0.34594378434015949 0.60577401046786061 0.17999228795962072 -0.50554564972274063 0.90148523830545357 0.31220080724559968 -1.0000000180025095e-35 1.0332391105599126 0.46386256416071397 -0.046588121262744996 0.035240992361629815 -0.092799679096215754 0.64901233818789372 -0.087553433412761963 0.068028672939764737 0.21525010972440192 1.0062046745976532 -0.076265808289082762 0.16220254180710408 -0.31059632123919328 -0.6819688779132006 0.095755636731179136 0.56105941593525921 2.6185790822713608 0.89785560308323298 0.34117012405629238 0.95516529197754285 1.2988929893092223 -0.06435009324458639 0.095466499557789394 0.17801059672451677 0.16623025802839894 0.33513483740603406 0.068028672939764737 0.94687642469857003 0.25543740237401924 0.030871546344070588
decision_type=2 2 2 2 2 2 2 2 2 2 2 2 2 2 2 2 2 2 2 2 2 2 2 2 2 2 2 2 2 2 2 2 2 2 2 2 2 2 2 2 2 2 2 2 2 2 2 2 2 2 2 2 2 2 2
left_child=1 4 3 -2 6 -6 7 11 9 10 -8 13 -13 16 30 -16 17 19 28 20 21 -1 -22 -21 27 33 -27 -20 32 -12 31 -15 -19 35 44 36 54 -38 39 40 50 42 43 -10 46 -46 47 52 53 -50 -37 -3 -35 -48 -18
right_child=2 51 -4 -5 5 -7 8 -9 41 -11 29 12 -14 14 15 -17 25 18 24 23 22 -23 -24 -25 -26 26 -28 -29 -30 -31 -32 -33 -34 34 -36 38 37 -39 -40 -41 -42 -43 -44 -45 45 -47 48 -49 49 -51 -52 -53 -54 -55 -56
leaf_value=-0.079331001158579259 -0.11005220858388064 0.10641898498560683 0.03000726583729731 -0.0098583148850915972 -0.11458102605719528 -0.0013147539319346251 -0.069370995239949357 0.084658907957978188 -0.12514182778173452 0.066718887118192668 -0.018736176903616328 -0.010716251515650504 0.095625915525497471 -0.079645977612398083 -0.11236395590463893 -0.012955635105105343 0.11346144179896958 0.014415385822819203 0.060264071219019534 -0.1128654475474664 0.027947838343791061 0.034724868347330899 0.1170799815834138 0.0037793029564079875 -0.056920332910484595 -0.091353938106192856 0.012598729278601742 -0.016249547623904931 -0.11331264992665471 0.071487828517454596 0.058558996621785576 0.041522165339005185 -0.075950063648307392 0.11928679148960009 -0.063863529273143205 -0.019933233333740728 -0.059415403728939643 0.060011352697790059 0.07573881811559624 0.057602797154234012 0.014872375547347978 0.010341178043261932 -0.01087082005672035 -0.0028715612104650737 -0.063170273851095596 0.033877141212191979 0.0043992583432382838 -0.0031779041331473179 -0.087041847796729688 0.018001632241047633 -0.10160088166209734 0.035938585994729454 0.049869028172981861 0.070055894230278012 0.054895607208479247
leaf_weight=3.8846989125013378 4.4231990277767164 5.4149251803755742 5.7474528402090064 3.6820583269000053 2.264766376465559 3.2302400637418023 4.4043278768658647 3.4193716049194327 5.6656909659504908 4.2031307518482199 5.1157705038785934 6.0026766210794449 5.7880772650241834 4.9384902417659751 5.6911358609795553 4.1845963038504124 5.6859282888472027 3.3582234755158442 6.0700500234961536 2.8235094323754302 6.8112690597772581 6.4462471827864674 4.3207056410610676 2.7814403399825096 4.0107653923332682 3.8877930566668493 6.6226319968700409 6.1227401420474044 4.8098700493574142 3.4010521396994591 3.8879681527614585 5.2598630636930492 4.3519746884703636 4.0964681617915613 5.5105890855193129 3.79628992825746 3.4009084105491638 5.084551200270651 4.8867367133498361 5.7110982462763777 7.0905175134539604 3.8181105554103842 4.2301237545907489 3.2158611118793488 4.5334397815167886 3.4819417893886566 4.0542211066931513 4.6296444199979305 3.5283657386898977 4.654281921684742 3.4492338821291924 3.3276880942285061 3.8153613954782486 3.6085153669118881 3.9542811661958694
leaf_count=22 27 33 27 22 25 25 26 18 34 21 34 37 33 35 36 26 26 21 33 23 39 37 20 19 28 34 31 35 35 21 19 27 34 19 38 29 19 35 29 36 38 20 26 22 30 21 25 23 22 28 23 23 23 18 23
internal_value=0.00156123 0.00312044 -0.0253103 -0.0645361 0.000213591 -0.0479974 0.00139363 0.00480682 -0.0176945 0.00713487 -0.0122473 0.00334691 0.0414871 0.000780649 -0.0267484 -0.0702421 0.00514129 -0.00870007 -0.0274729 0.0112211 0.0285095 -0.00816304 0.0625431 -0.0549808 0.0023464 0.0132289 -0.0258532 0.0218419 -0.0660653 0.0172933 0.00374445 -0.0171528 -0.0365908 0.0180631 0.00456106 0.0312056 0.0532544 0.012146 0.0151772 0.00041455 -0.0223677 -0.0428092 -0.0582866 -0.0808698 0.0149192 -0.0210121 0.0250649 0.0529611 0.00298526 -0.0272932 -0.0588111 0.0795921 0.0858111 0.0353181 0.0894385
internal_weight=252.591 238.738 13.8527 8.10526 229.996 5.49501 224.501 190.446 34.0541 17.1243 12.9212 187.027 11.7908 175.236 23.9621 9.87573 151.274 55.7915 28.7236 27.0679 21.4629 10.3309 11.132 5.60495 16.2036 95.4828 10.5104 12.1928 12.5201 8.51682 14.0863 10.1984 7.7102 84.9724 41.9128 43.0595 18.1257 8.48546 24.9339 20.0471 14.336 16.9298 13.1117 8.88155 36.4022 8.01538 28.3869 12.5415 15.8454 8.18265 7.24552 8.74261 7.91183 7.66274 9.64021
internal_count=1533 1457 76 49 1401 50 1351 1147 204 102 81 1129 70 1059 143 62 916 346 186 160 118 59 59 42 96 570 65 68 90 55 81 62 55 505 247 258 103 54 155 126 90 102 82 56 209 51 158 65 93 50 52 56 42 43 49
is_linear=0
shrinkage=0.1


Tree=37
num_leaves=59
num_cat=0
split_feature=2 2 2 2 19 15 7 15 17 7 17 17 8 8 19 13 17 17 11 1 1 5 7 15 18 15 0 17 18 11 5 17 6 10 5 5 17 7 2 13 5 7 19 16 0 3 1 7 0 15 17 8 7 0 7 15 2 3
split_gain=0.927978 1.818 3.36738 2.2135 2.13862 2.07012 2.24651 2.29559 2.23521 2.77056 1.86305 1.84683 2.61499 3.4273 2.16915 2.7395 2.04814 1.83172 2.01767 4.13588 2.17681 3.18249 1.97288 2.98085 1.91199 1.82765 1.73688 1.65844 1.55662 2.86885 1.74162 1.50107 1.43102 2.4102 1.17061 1.09179 1.62952 1.13831 1.05867 0.999308 1.38404 1.28545 1.26818 1.01766 0.937366 0.880881 1.3979 1.19099 1.15172 0.836099 0.778401 0.712711 0.642758 0.641012 1.39214 0.509409 0.211047 0.000635515
threshold=2.2405885853738421 0.33213249292539976 0.62416694073533818 0.25113679234470332 2.4563316925700653 -0.74891326771448818 0.043661677638358931 -0.06435009324458639 -0.2530316306812086 0.15927761984010497 0.40643718090243475 -0.074905646800934991 0.7799337851405842 0.095755636731179136 0.28222108394604889 0.11464822818632221 0.56405862036328858 -0.2530316306812086 0.031750625696313498 1.0956459822617612 0.65133591333310525 -0.23358871550082974 -0.10163627596765933 -0.14689432547736384 1.2361142077967815 -0.33787095014697827 0.24982950298607473 0.40643718090243475 1.1079372746567493 0.86751148651393073 1.1635567855893587 -0.074905646800934991 1.1081371963059292 1.2149215584515309 -0.15679900582765652 -0.07511957389031014 1.0570333136344032 0.15927761984010497 -0.076265808289082762 0.25610715865347239 0.96338332630223633 -1.0000000180025095e-35 0.48892764846010045 0.21525010972440192 -0.33262906236255968 -0.39807416774765825 0.65133591333310525 0.15927761984010497 -0.091116904384945963 -0.06435009324458639 -0.32310879021791356 -0.48671781063857461 0.15927761984010497 -0.13236436709461427 -1.0000000180025095e-35 -0.06435009324458639 -0.41307512204888314 0.095466499557789394
decision_type=2 2 2 2 2 2 2 2 2 2 2 2 2 2 2 2 2 2 2 2 2 2 2 2 2 2 2 2 2 2 2 2 2 2 2 2 2 2 2 2 2 2 2 2 2 2 2 2 2 2 2 2 2 2 2 2 2 2
left_child=1 3 -3 4 11 8 7 -7 -4 -10 50 17 13 16 15 -14 27 18 19 24 21 26 -23 -24 25 -1 -20 45 29 30 35 53 39 57 -22 36 -18 -37 52 40 41 -33 49 -43 -9 47 48 -13 -47 -41 -8 -2 -27 -5 -55 -56 -19 -34
right_child=51 2 5 31 -6 6 10 44 9 -11 -12 12 14 -15 -16 -17 28 56 20 -21 34 22 23 -25 -26 38 -28 -29 -30 -31 -32 32 33 -35 -36 37 -38 -39 -40 42 -42 43 -44 -45 -46 46 -48 -49 -50 -51 -52 -53 -54 54 55 -57 -58 -59
leaf_value=0.069316431059779735 -0.065322089743034703 0.11271570858198365 0.029826860754618014 -0.018956233830948303 -0.071485830505033862 0.069293247691458976 0.059448556926945277 0.019951771721759947 0.006607390814509945 -0.095497464522624448 0.0030853600135115639 -0.001968227617613214 -0.073791668326012694 0.096017312247322628 -0.10846484057036168 0.031871004551138934 0.068557885477242383 0.092393508608797886 0.023728233286027314 -0.078056925658430878 0.038473584513002722 -0.087209113131461527 0.063168804291431749 -0.057942729163272901 -0.053021563450427904 0.011093917703259851 0.10550820307766817 -0.078821176402598545 0.071629995928789547 -0.069505348006888928 0.082244182207255725 -0.035911564042255532 -0.11052776439013023 0.01198657630706053 0.11553292498933579 0.013463090126238149 -0.01422146825285229 -0.05920160704148713 0.050413618108876526 -0.015169467893591049 0.060830693267909325 -0.011899130108139883 0.017287046448961136 0.056491941372208025 -0.047226232427174601 -0.051020403815667796 0.048037111252461878 -0.076995923819207002 0.02066975785857075 -0.090645784546077635 0.12435583131349313 -0.0040314469471332192 -0.042088049899983895 -0.020117054060141863 -0.05802965126189235 -0.11999363056087789 0.054181560258327148 -0.11334463066082778
leaf_weight=6.641984745860106 3.5934333987534046 3.6482417359948149 7.2072477489709881 6.2013910338282612 3.5874031186103812 3.7803097255527964 3.5102589838206768 3.2154689989984018 5.5496891662478429 5.0993890352547169 3.2792433500289917 4.6581994928419643 4.7353406175971013 3.8584607839584342 3.7465512715280047 5.0926036834716797 5.3532749935984665 2.8063875548541546 7.0312368273735082 6.1258131340146056 3.9424159303307533 3.2417114004492769 4.2337804362177858 3.9080936312675449 3.5524640679359427 4.9167961329221779 4.1180385053157806 4.259850673377513 4.3531029075384131 4.1266404315829268 3.8700703382492057 6.105002053081992 1.616307541728019 3.0776952244341373 3.9429328218102446 5.1689691916108185 4.2787130922079086 3.6982466243207455 3.6189304515719369 2.8300814144313335 4.8482087701559058 4.1547139547765273 4.2710296921432018 4.5677489973604679 5.8669472001493013 4.9365733079612273 4.85739617422223 3.8764495924115181 4.1038292013108695 3.0488435588777048 3.9008811190724355 4.0194081738591185 4.2257508933544159 4.7470384873449811 2.2749951295554647 3.1830700505524838 2.9803389608860007 1.5876601468771694
leaf_count=31 22 34 38 38 25 26 23 19 33 37 18 30 36 30 25 26 29 23 36 32 25 20 22 25 21 31 22 22 21 25 16 41 24 25 22 28 24 24 23 18 23 20 24 26 38 32 26 26 21 24 20 24 24 28 17 32 18 20
internal_value=0.00141386 0.00249785 0.0206136 -0.00165902 0.00475596 0.0124992 0.0319671 0.00381182 -0.0131797 -0.0422863 0.0658437 0.00670596 -0.00400185 0.00477942 -0.0437211 -0.0190398 -0.00133858 0.0190027 0.013779 -0.00505418 0.0317847 0.0159596 -0.0212332 0.00503536 0.0144267 0.0267754 0.0539341 -0.0216209 0.0162108 0.00710581 0.0212389 -0.0192312 -0.00783464 -0.0512139 0.0770058 0.00847646 0.0317857 -0.0168431 0.00463397 0.0013016 0.0144485 -0.000717361 -0.0241836 0.0239157 -0.023443 -0.0107587 0.00477014 -0.0360459 -0.0184771 -0.0543119 0.0936127 -0.032962 -0.0134872 -0.0443127 -0.0597213 -0.0941662 0.0727132 -0.111924
internal_weight=249.033 241.42 45.0577 196.362 143.848 41.4094 23.5531 12.8627 17.8563 10.6491 10.6904 140.261 74.9743 61.3998 13.5745 9.82794 57.5413 65.2867 59.4999 29.0817 30.4182 22.5329 11.3836 8.14187 22.9559 19.4035 11.1493 26.6923 30.849 26.4959 22.3693 52.5138 36.1073 6.28166 7.88535 18.4992 9.63199 8.86722 12.7615 29.8256 19.6757 14.8275 10.15 8.72246 9.08242 22.4324 13.8978 8.53465 9.0404 5.87892 7.41114 7.61284 9.14255 16.4065 10.2051 5.45807 5.78673 3.20397
internal_count=1533 1487 286 1201 841 252 144 83 108 70 61 816 441 354 87 62 324 375 334 162 172 125 67 47 130 109 58 157 167 146 121 360 245 69 47 105 53 52 78 176 110 87 66 46 57 135 79 56 53 42 43 46 55 115 77 49 41 44
is_linear=0
shrinkage=0.1


Tree=38
num_leaves=58
num_cat=0
split_feature=3 3 11 16 13 6 6 8 4 16 9 10 15 15 16 14 9 10 8 19 4 15 14 8 8 0 7 14 19 0 9 8 8 16 10 9 19 10 7 11 12 7 11 15 13 8 0 19 15 14 11 15 15 4 0 0 0
split_gain=0.906592 4.36709 2.36333 1.66537 1.02766 1.00568 1.10811 1.09638 0.979317 0.936043 4.71453 2.07182 1.69472 1.85328 2.23734 1.32841 1.29869 2.06193 2.36872 1.76783 2.41926 1.45221 3.51028 3.95622 2.2057 2.16626 1.91724 1.67663 2.97171 2.88848 1.85491 4.03194 2.25328 1.76364 1.43889 2.4836 1.7233 1.54834 1.4609 1.39417 3.76212 2.38544 2.25222 2.74853 2.377 1.98656 2.1594 2.48599 1.83239 1.76894 1.65722 1.49129 1.2766 1.18904 0.586534 0.450823 0.403986
threshold=2.0062179657721022 1.1599846638261024 0.12532913827649839 1.0000000180025095e-35 2.3861805268679253 2.6334570907901278 1.2542964825776466 0.030871546344070588 0.068028672939764737 1.2988929893092223 1.1907897666116798 0.90148523830545357 0.24415211563679604 -0.19715511392299456 1.8721835807462031 0.0360219119238386 1.3840102860569372 2.2246785750386753 -0.16289974088139661 0.23253280163503365 0.068028672939764737 -0.52862547099450385 0.51250950271717599 1.992258038208476 -0.19048131487327064 1.5568126089642931 2.3287257775567411 0.25543740237401924 0.66532840644248903 0.60900403108297951 0.16220254180710408 1.0000000180025095e-35 -0.11089909933406329 -1.0000000180025095e-35 0.63902747164258289 -0.48698326905363931 -0.1147886595078773 0.90148523830545357 0.087439176934963683 0.81558245100605065 0.034954876174842005 0.92782846244190464 -0.3183210206652487 0.31220080724559968 -0.022761076004973079 1.0000000180025095e-35 -1.0000000180025095e-35 0.48892764846010045 1.1825603613581621 0.25543740237401924 -0.27027006146639704 0.82897760905810303 -0.06435009324458639 0.34117012405629238 0.36153118812822721 -0.13236436709461427 -0.13236436709461427
decision_type=2 2 2 2 2 2 2 2 2 2 2 2 2 2 2 2 2 2 2 2 2 2 2 2 2 2 2 2 2 2 2 2 2 2 2 2 2 2 2 2 2 2 2 2 2 2 2 2 2 2 2 2 2 2 2 2 2
left_child=1 4 3 -2 5 6 9 -7 -3 16 11 12 13 15 -15 -11 17 21 -19 20 -18 22 23 27 -24 26 34 28 30 55 32 -32 54 -34 39 37 38 -36 -37 41 51 42 45 49 -45 48 47 -47 53 -44 -43 -41 -13 -23 -1 -29 -26
right_child=2 8 -4 -5 -6 7 -8 -9 -10 10 -12 52 -14 14 -16 -17 19 18 -20 -21 -22 25 24 -25 56 -27 -28 29 -30 -31 31 -33 33 -35 35 36 -38 -39 -40 40 -42 50 43 44 -46 46 -48 -49 -50 -51 -52 -53 -54 -55 -56 -57 -58
leaf_value=0.073404513087232268 -0.10215476604135404 0.10306973801222814 0.02546389056877257 -0.009931479468126999 -0.044710525763265035 0.0041187477317285778 0.054060571414152894 -0.088235138715328176 0.031738030195176313 -0.029990690720730108 -0.11799042183904825 0.09171807539513388 0.034780462960080742 -0.12478591771526998 -0.014585055151343 0.046647061732191193 0.04952216493569081 -0.11394243776162312 0.011423416060294782 0.078806557058535689 -0.047708618316631868 0.057777948441252183 -0.0074310731377536174 -0.10361860634045124 0.095367295057991408 -0.058749015639056407 0.084020210061292719 -0.11815945305649773 0.086399370751203325 0.010271075919272342 -0.1317089354043097 0.010828001876148888 -0.085295914345325852 0.014804254528928917 0.029844681526218431 -0.024408451352544745 0.098251215612847081 -0.074042875920768511 0.061952503536951233 0.048997508730195038 -0.10637435292387619 0.0050987405595540047 0.053748994509627494 -0.0087173498989359024 -0.11145104887317153 -0.11118828558256111 0.036194047036097583 0.007237747100736245 0.099558291885072772 -0.032230427706087264 0.080659163784615517 -0.039943856730584808 0.0040186647365717323 -0.011267113874537457 0.01813575996500829 -0.064077315736292495 0.048690351071770201
leaf_weight=4.0738934427499753 4.2136914692819101 4.8976894393563253 5.6506304256618023 3.6578663364052773 4.9917923882603636 2.5451769866049281 4.0464876890182486 2.5970743540674448 3.1706843189895153 6.0930739380419308 3.8670274913310996 3.3759095370769501 5.2281794473528853 3.5793666467070606 3.7962325196713209 3.5969696640968323 5.9541822895407659 3.2492583654820919 2.8110125660896292 5.2639821618795386 4.4878326505422592 4.7119982913136358 6.6234154365956783 5.3397428579628459 3.6986266486346722 4.2486371733248225 3.7804536819457999 2.9772718474268913 3.6141275614500037 5.3416457884013653 3.4427601769566518 4.6853602379560471 3.2294198423624021 3.8685893826186746 2.9637244492769268 3.2484733201563358 5.991659760475156 2.7806153036653996 4.9337236732244492 4.6952864155173284 3.9503934197127819 4.8377971183508635 4.8356088008731763 4.0725465584546328 5.0385946594178659 3.2293117940425731 5.7283423505723601 3.9294886849820614 4.256523508578538 4.7369782775640488 7.2563357688486558 3.1498726680874825 3.2652062475681296 5.2992140967398882 3.6320266053080559 3.1958271861076337 3.7183035686612111
leaf_count=20 27 33 27 22 33 24 22 25 23 38 25 18 33 30 21 21 30 30 16 24 23 26 37 34 20 29 17 20 23 30 20 28 26 23 18 29 32 25 30 34 28 30 34 31 36 26 33 25 21 27 34 22 25 31 21 21 22
internal_value=0.00129116 0.00275861 -0.0238785 -0.0592992 0.000153569 0.00117677 0.00222819 -0.0425242 0.075038 0.00122793 -0.0142873 -0.000427789 -0.0150325 -0.030293 -0.0680654 -0.00154256 0.00410514 0.00143034 -0.0557924 0.0315543 0.00773373 0.00366598 -0.00895135 -0.0230118 0.0345116 0.011086 0.0142618 -0.0117031 0.00211993 -0.043571 -0.0111626 -0.0495452 0.00991135 -0.0307389 0.01132 0.0350243 0.0575041 -0.0204433 0.0276657 0.00454876 -0.0267882 0.0109292 0.00050616 -0.0262166 -0.0655306 0.0188926 -0.00956683 -0.0461839 0.0445982 0.0112022 0.0504341 0.0132871 0.0485993 0.0212305 0.0473547 -0.090161 0.0719669
internal_weight=245.456 231.934 13.5222 7.87156 223.865 218.874 213.731 5.14225 8.06837 209.685 32.802 28.9349 22.2938 17.0656 7.3756 9.69004 176.883 161.177 6.06027 15.706 10.442 155.117 57.441 43.4007 14.0403 97.6756 93.4269 38.0609 26.5462 11.5147 22.932 8.12812 14.8039 7.09801 89.6465 19.9182 14.1739 5.74434 8.1822 69.7283 11.7956 57.9327 45.8386 18.6837 9.11114 27.1549 12.8871 7.1588 14.2677 9.57259 12.0941 7.84516 6.64112 10.0112 7.70592 6.1731 7.41693
internal_count=1533 1457 76 49 1401 1368 1319 49 56 1297 211 186 143 110 51 59 1086 1009 46 77 53 963 345 266 79 618 589 232 161 71 138 48 90 49 572 134 91 43 59 438 84 354 290 128 67 162 84 51 78 61 64 56 43 57 41 41 42
is_linear=0
shrinkage=0.1


Tree=39
num_leaves=58
num_cat=0
split_feature=8 8 7 14 9 0 13 9 4 4 14 5 7 8 9 0 10 2 6 5 2 11 14 13 7 0 13 10 9 2 5 5 9 5 5 4 9 18 9 7 13 4 13 0 0 0 14 12 8 5 14 9 7 10 9 2 14
split_gain=0.875899 4.38618 2.04505 1.49633 3.05239 1.83729 2.20498 2.94256 1.9205 2.26523 1.57879 1.84598 1.32396 1.14944 2.03962 2.29949 1.83826 1.25192 1.36449 2.07326 2.58806 2.37947 1.65918 1.46792 1.62745 1.27708 2.22244 1.86699 3.25625 2.33519 2.28841 4.13928 2.03348 1.65867 1.50657 1.44193 1.40564 1.35217 2.25531 1.30932 1.17024 1.92947 1.31482 2.11603 1.14442 1.06848 0.968094 0.828769 0.761678 0.636712 0.794116 0.617141 0.571329 0.570217 1.33236 1.90403 0.0263874
threshold=0.095755636731179136 0.62005402522536135 2.3287257775567411 0.41407641440668236 1.0000000180025095e-35 0.36153118812822721 -1.0000000180025095e-35 -0.45484031608732017 0.74324935512125201 0.068028672939764737 0.13316505048832783 -1.0000000180025095e-35 -0.17693357475781948 0.030871546344070588 -0.392864883803548 0.60900403108297951 2.9480560705878083 0.25113679234470332 0.72035339318953329 -0.74647916731733532 0.33213249292539976 -0.045155700377249385 0.25543740237401924 0.25610715865347239 -0.10163627596765933 0.10097347815158829 -0.058478930022438057 0.69547190746449661 -1.0634559918575055 -0.71897018476388419 1.2647660443411142 0.96338332630223633 -0.59366604819591162 -0.11181065477303556 -0.32421931806144694 -0.080188914848473805 -0.52639498484917358 0.90674379438756814 0.46386256416071397 0.087439176934963683 1.242720838925129 0.34117012405629238 -1.0000000180025095e-35 0.60900403108297951 -0.33262906236255968 1.3510943941076541 -0.21106134679641178 0.17801059672451677 1.5183489189345016 0.24386033185113432 1.0000000180025095e-35 0.46386256416071397 0.15927761984010497 1.1581227262685039 0.46386256416071397 -1.0000000180025095e-35 0.81447350800301332
decision_type=2 2 2 2 2 2 2 2 2 2 2 2 2 2 2 2 2 2 2 2 2 2 2 2 2 2 2 2 2 2 2 2 2 2 2 2 2 2 2 2 2 2 2 2 2 2 2 2 2 2 2 2 2 2 2 2 2
left_child=13 49 3 5 -5 6 8 -8 9 12 11 -9 -3 16 15 -15 17 25 19 22 47 -22 -19 24 -20 27 34 28 52 30 31 33 -29 46 -27 -34 -36 38 -28 -38 41 53 43 51 -25 48 -30 -21 -7 50 -2 -43 -1 54 -16 -56 -24
right_child=1 2 -4 4 -6 45 7 10 -10 -11 -12 -13 -14 14 40 -17 -18 18 23 20 21 -23 56 44 -26 26 37 32 29 -31 -32 -33 35 -35 36 -37 39 -39 -40 -41 -42 42 -44 -45 -46 -47 -48 -49 -50 -51 -52 -53 -54 -55 55 -57 -58
leaf_value=0.0028143521532609621 0.087576248526374051 -0.087783369292897484 0.079698949248669701 0.095145635868778236 -0.019491278955712257 0.071111754553421933 -0.069485097091697728 0.091208060799674556 0.021713724257260553 -0.12030633585219819 -0.029719255385993654 0.0023104016430627425 -0.0045104905880939024 -0.11846326823476006 -0.040274244454868713 -0.010357715808110424 -0.0623066493398515 -0.080948734541032186 -0.055084961149091775 0.016480870675112662 0.094970150901311404 -0.0027896053360618438 -0.007583268923014079 -0.036129106454079254 0.038341195337842436 0.070889567650534557 -0.089649578544439779 0.058435994483717016 -0.027320042056004953 0.10633687889085981 0.10496457451677994 -0.066527035133826545 -0.07599465343185402 0.079008161665300447 0.055847053985993982 0.0065996843213013126 -0.046203395510995837 0.020030319343359079 0.011683478538620003 0.029883820459828001 -0.053577102312952818 -0.1169870146336498 0.011187170549328461 0.0052445191403291125 -0.13651694680244639 -0.022565964371454354 0.043240519882963714 -0.04833567777087 0.0074906586488382764 0.11343809247379336 0.016974933059624421 -0.055241942063933007 -0.053650707652778906 0.048633478833916374 -0.010530522604858995 0.071556013023740234 0.0046138139912280281
leaf_weight=3.4360093176364854 3.6737361028790456 2.9822177179157672 3.0879573784768573 4.2414674237370473 5.1343229226768017 4.4624378271400911 4.3810328394174602 4.715880524367094 3.053093194961547 4.8872544988989821 3.7383610568940631 4.6283506490290218 5.3067537136375913 3.7649217359721652 3.8778753671795156 4.1215851102024317 4.2120789736509314 4.2140955328941363 3.876351535320282 3.5424709431827095 6.2568133547902116 4.1353633217513535 3.7142731919884682 2.4811066333204508 3.5925670713186246 4.3137996494770094 6.2447571121156198 2.9833425283431998 3.3805712200701263 5.6389889866113725 3.8689890354871741 4.2504847571253768 4.538964331150054 7.4120661243796375 3.6282918304204967 3.9558691270649424 5.9384338334202731 3.3156366907060137 3.3879400864243507 3.6527715772390366 4.7283809892833224 2.8680887930095178 6.4416923932731178 4.7852940130978823 2.094023397192359 3.4644711017608643 4.5770707353949547 4.4517623893916607 3.2539482600986958 2.883248757570982 2.8130792528390884 3.7161465790122747 3.7451102025806904 5.2195366621017447 6.0810658559203148 5.2785556092858297 3.3949432894587517
leaf_count=21 34 20 16 24 28 24 29 28 20 39 19 27 39 38 28 29 36 26 28 19 38 29 22 25 27 22 37 17 19 36 17 23 30 37 20 27 35 20 20 18 33 29 36 30 23 23 26 30 21 28 20 28 19 26 29 22 19
internal_value=0.00115581 0.0109069 0.000540997 -0.00396478 0.0323687 -0.0115562 -0.0232125 0.00144883 -0.0497494 -0.0663083 0.0252028 0.0471756 -0.0344705 -0.00255867 -0.015218 -0.061966 0.00262625 0.00490501 -0.0090781 0.00243187 0.0231627 0.0560686 -0.0312301 -0.0374704 -0.0101468 0.0123645 -0.00362933 0.0225663 0.0336796 0.0485488 0.0346758 0.0208152 -0.0125887 0.0449697 0.0195751 -0.0375322 0.00283009 -0.0350504 -0.0540095 -0.0172259 -0.00664347 -0.00084441 -0.0249088 -0.0453598 -0.0820763 0.0235695 0.0132649 -0.0196136 0.0442832 0.0743382 0.0569592 -0.0821381 -0.0266334 0.0201076 0.0103362 0.0276132 -0.00175866
internal_weight=241.826 66.7076 57.3375 54.2496 9.37579 44.8738 33.6929 17.4636 16.2293 13.1762 13.0826 9.34423 8.28897 175.118 50.8831 7.88651 124.235 120.023 41.7538 29.7097 18.3864 10.3922 11.3233 12.044 7.46892 78.2691 30.4816 47.7875 36.3093 29.1282 23.4892 19.6202 11.4782 15.3697 17.5333 8.49483 13.2195 12.9483 9.6327 9.59121 42.9966 38.2683 17.8112 11.3695 4.57513 11.1809 7.95764 7.99423 7.71639 9.37006 6.48682 6.58424 7.18112 20.457 15.2375 11.3596 7.10922
internal_count=1533 439 357 341 52 289 221 103 118 98 74 55 59 1094 328 67 766 730 286 183 116 67 67 103 55 444 172 272 198 158 122 105 74 82 95 57 73 77 57 53 261 228 123 87 48 68 45 49 45 82 54 57 40 105 79 51 41
is_linear=0
shrinkage=0.1


Tree=40
num_leaves=60
num_cat=0
split_feature=4 4 4 4 5 17 12 15 0 17 9 17 15 3 3 11 9 12 9 5 11 5 11 13 0 16 17 1 5 12 13 7 2 5 4 16 0 5 7 3 0 10 16 10 11 15 4 12 16 13 9 11 2 16 9 7 13 16 12
split_gain=0.855724 2.0822 3.35974 1.87745 1.78874 1.44449 1.19133 1.0717 1.66762 1.76913 1.24622 1.07657 1.613 1.49093 3.9535 2.11028 1.15369 1.9282 1.54526 2.60208 4.26073 3.00118 2.73335 2.38899 2.32572 3.03079 2.18079 2.10198 1.90157 1.78153 1.72367 1.67822 1.41089 1.36083 2.06832 2.36381 1.83749 1.75706 1.27798 1.20843 1.35809 1.64907 1.35148 1.05103 1.00228 0.996007 0.969811 0.925515 0.789553 0.760162 0.747744 0.744776 0.726488 0.697727 0.555193 0.543615 0.482151 0.0263872 0.00700195
threshold=1.7272164154757195 1.5343718797093644 0.44411965218403082 0.97505303993450265 -0.11181065477303556 -0.074905646800934991 0.034954876174842005 1.4464327669304009 -0.4278090891446556 0.56405862036328858 2.2182058422388686 1.9173276367876666 -0.25638497730180054 2.0062179657721022 1.1599846638261024 0.031750625696313498 1.1907897666116798 2.1571760052470088 0.46386256416071397 0.11431538687311564 1.2715663092593881 -1.0000000180025095e-35 -0.078694862611494845 1.7403139718074787 0.10097347815158829 1.0000000180025095e-35 0.40643718090243475 0.92460058491607233 -0.32421931806144694 -0.14012654344626238 0.11464822818632221 0.15927761984010497 -0.035037735812963926 0.96338332630223633 0.34117012405629238 0.21525010972440192 -0.13236436709461427 1.0000000180025095e-35 -0.39733811329567609 1.0332391105599126 -0.72862976431221627 0.75742311751293845 0.68080227263043624 1.2149215584515309 0.031750625696313498 1.7876691597084635 0.10206334094805948 -0.34575964419814237 0.21525010972440192 0.072904770693466597 -1.0000000180025095e-35 0.33513483740603406 1.0000000180025095e-35 -0.29945634789918546 -0.17540030339815002 0.15927761984010497 -0.022761076004973079 -1.0000000180025095e-35 -0.11134520345039624
decision_type=2 2 2 2 2 2 2 2 2 2 2 2 2 2 2 2 2 2 2 2 2 2 2 2 2 2 2 2 2 2 2 2 2 2 2 2 2 2 2 2 2 2 2 2 2 2 2 2 2 2 2 2 2 2 2 2 2 2 2
left_child=1 2 7 58 -2 48 -5 10 9 56 11 13 52 14 16 -15 17 18 23 20 21 22 30 24 26 27 39 29 -27 -26 -20 38 -33 34 35 36 -18 -36 -28 40 42 51 46 50 47 -10 -1 -30 -3 -19 -7 -42 -13 -24 -16 -21 -9 -23 -4
right_child=4 5 3 6 -6 43 -8 8 45 -11 -12 12 -14 15 54 -17 33 49 19 55 -22 57 53 -25 25 28 31 -29 44 -31 -32 32 -34 -35 37 -37 -38 -39 -40 -41 41 -43 -44 -45 -46 -47 -48 -49 -50 -51 -52 -53 -54 -55 -56 -57 -58 -59 -60
leaf_value=0.066911889411107303 0.069307753260906768 -0.042579723437915273 0.10788265407772396 0.06569519450148846 -0.0111092111729761 -0.0086784032293280352 -0.008374260321381409 -0.115662126445761 -0.022439980235471592 0.0032710841140481356 0.048611935419236391 0.029551574699324058 -0.076260062418882835 -0.083397320867757974 0.1162228406133054 0.0076768130888862215 0.087584871136355033 -0.063020283128802521 0.065037944112834381 0.10243967942441344 -0.066946164111054571 -0.034358812442021158 0.065047167501617084 -0.064804992537558781 0.0021428423284373401 -0.001811687745457068 -0.012856297356292802 -0.038252441979589463 -0.14545113720575711 0.096605181993981354 -0.028345902121311717 -0.00070046081604918002 -0.080337931028249751 -0.06851269867045022 -0.10407760075488887 -0.042160811688602598 -0.0017594632929900619 -0.0029541727745829383 0.084336589081067281 -0.014993275194332904 0.11553861078929173 0.0081105125701130525 -0.037824766186060586 0.031712013072081213 -0.030022358320284333 0.04592527529101572 0.0046851816369283495 -0.065100479885919618 -0.11735399035030157 -0.0053944219233816072 -0.069932605216975946 0.056924267685672547 -0.034059978736931944 0.12324972272483298 0.053429993944169474 0.051754562312309176 -0.057606551381424155 -0.021424470512141205 0.11653198212639254
leaf_weight=5.5452644228935153 5.4116137959063053 3.3432591799646643 1.9187963157892229 4.2022741883993131 5.657832704484461 5.0555496122688055 4.4933754056692123 2.9799067229032516 4.8909167908132058 3.3984672725200653 5.4803086295723906 3.8811311461031437 4.4789635073393566 4.7543615251779539 3.0075727142393589 5.4728741981089115 4.7690237499773529 5.276996221393345 3.4798863679170662 3.8254398331046087 5.563492700457572 3.1150622069835663 4.1526506729424 5.1269034519791594 4.0632957741618156 5.0870090946555129 2.944691576063633 4.2855936847627163 2.707370337098836 3.925223898142578 4.5753510408103466 4.6685396805405608 4.2496409974992266 4.3785750120878211 3.3431048244237891 4.7859702743589869 4.4497112557292011 3.5352267697453499 2.5026622340083113 4.0658660866320124 5.0509951375424986 3.3620055075734845 2.9794674441218367 3.6173301599919787 2.807330422103405 3.7765192352235317 4.5675501246005297 3.0467391554266205 2.4447686374187469 4.0429411195218563 3.2896461673080903 3.7976947166025639 3.3408159129321575 4.086628567427395 2.6476076431572428 4.7356074750423431 2.7513111308217066 3.1950202919542816 1.8272539600729931
leaf_count=31 27 26 24 34 33 39 26 19 33 18 26 20 37 33 22 26 23 29 20 18 37 19 22 34 25 33 26 24 21 22 25 29 31 28 25 27 22 20 20 31 29 26 23 24 19 23 27 24 25 24 22 26 26 23 21 28 21 21 16
internal_value=0.00105481 -0.00026828 0.0025193 0.0529171 0.0282049 -0.0331524 0.0274207 -0.000664338 -0.0240687 -0.0538944 0.00166059 0.000179069 -0.029114 0.00229515 0.00478583 -0.0346611 0.00161017 0.00567334 0.00932532 0.0261225 0.0114488 0.0307435 0.0534184 0.0010756 0.00592455 -0.0178093 0.0199923 0.0182473 -0.0502352 0.0485577 0.0119962 -0.0119362 -0.0386489 -0.017825 -0.00719728 0.0148582 0.04446 -0.0521036 0.0317968 0.0356098 0.0437411 0.0677303 0.0213673 -0.0133095 -0.0790074 0.00734769 0.0388066 -0.102906 -0.0741632 -0.0380225 -0.0328246 0.0903824 0.00012537 0.0939153 0.0868249 0.0744028 -0.0877921 -0.0278097 0.112102
internal_weight=238.217 227.148 209.397 12.4417 11.0694 17.7506 8.69565 196.955 17.7971 9.12969 179.158 173.678 11.7009 161.977 151.75 10.2272 146.095 120.833 111.513 36.7291 28.1681 22.6046 16.2945 74.7838 69.6569 25.9226 43.7344 12.2741 13.6484 7.98852 8.05524 14.3655 8.91818 25.2616 20.883 14.0047 9.21874 6.87833 5.44735 29.3688 25.303 12.2107 13.0923 11.9625 8.56144 8.66744 10.1128 5.75411 5.78803 9.31994 8.3452 8.84869 7.22195 8.23928 5.65518 8.56105 5.73122 6.31008 3.74605
internal_count=1533 1473 1337 100 60 136 60 1237 114 58 1123 1097 83 1014 955 59 912 767 714 213 167 130 90 501 467 168 299 71 97 47 45 106 60 145 117 72 45 45 46 193 162 81 81 85 64 56 58 45 51 53 61 55 46 45 43 46 40 40 40
is_linear=0
shrinkage=0.1


Tree=41
num_leaves=60
num_cat=0
split_feature=18 4 17 4 4 4 17 9 12 6 16 7 0 0 9 7 7 9 16 14 16 0 4 3 14 2 15 13 3 13 5 16 16 12 15 9 15 2 16 2 16 17 7 5 7 2 10 13 9 15 7 13 9 2 3 16 9 9 12
split_gain=0.916496 1.19619 1.94125 1.75672 2.79697 1.79385 1.24364 1.23094 1.21345 1.34805 1.24525 1.29963 1.25168 1.5964 3.86081 1.63309 2.09965 1.59496 2.40075 1.43963 4.14547 2.49264 2.24442 2.10347 2.07018 1.34322 1.13747 2.86712 1.1207 1.31555 1.72794 1.77209 2.51078 1.47067 1.51307 1.31215 2.45264 1.69566 1.84816 1.87843 1.75092 2.43748 1.29348 1.11593 1.10306 1.0696 0.858213 0.827804 0.813868 0.737109 0.660814 0.648249 0.636597 0.578923 0.53853 0.498901 0.291586 0.175115 0.00517183
threshold=2.8936684637837629 1.7272164154757195 -0.15453562085041903 1.5343718797093644 0.44411965218403082 0.97505303993450265 -0.074905646800934991 2.2182058422388686 -0.11134520345039624 2.1403146036076484 2.4075115192395207 1.6861067631295508 2.3334260183130158 1.3510943941076541 0.46386256416071397 0.15927761984010497 -0.39733811329567609 1.6460039949677547 -0.1832528769770439 0.32927048751551774 -0.049422989737855201 -1.0000000180025095e-35 -1.0000000180025095e-35 0.095466499557789394 1.0000000180025095e-35 0.25113679234470332 -1.0000000180025095e-35 0.25610715865347239 2.0062179657721022 0.25610715865347239 1.8725592483338889 0.76955517992126998 -0.6819688779132006 2.1571760052470088 1.4464327669304009 1.1907897666116798 0.49976095253425945 0.17999228795962072 0.35230157900345077 1.3837975777639731 0.85366028395668025 -0.2530316306812086 0.087439176934963683 0.45222934346216054 -0.72560000752627662 1.0000000180025095e-35 1.2149215584515309 0.32084858651811182 0.46386256416071397 -0.19715511392299456 0.15927761984010497 -0.022761076004973079 -1.0000000180025095e-35 0.060834540974736818 -0.092799679096215754 -0.1540740688139359 -0.45484031608732017 0.16220254180710408 -0.11134520345039624
decision_type=2 2 2 2 2 2 2 2 2 2 2 2 2 2 2 2 2 2 2 2 2 2 2 2 2 2 2 2 2 2 2 2 2 2 2 2 2 2 2 2 2 2 2 2 2 2 2 2 2 2 2 2 2 2 2 2 2 2 2
left_child=1 3 -3 4 7 58 55 8 9 10 11 12 13 15 -15 16 17 18 25 20 24 23 -21 -22 51 -1 27 -20 29 33 31 32 45 34 35 36 37 40 39 43 41 -10 57 -39 -7 47 52 -31 -44 -43 -47 -17 -8 -38 -46 -5 -18 -34 -6
right_child=-2 2 -4 6 5 44 46 -9 28 -11 -12 -13 -14 14 -16 19 56 -19 26 22 21 -23 -24 -25 -26 -27 -28 -29 -30 30 -32 -33 42 -35 -36 -37 53 38 -40 -41 -42 49 48 -45 54 50 -48 -49 -50 -51 -52 -53 -54 -55 -56 -57 -58 -59 -60
leaf_value=0.011300242785582179 -0.04639292247136452 0.075775305570543183 -0.010601996567969559 -0.043988112462394799 0.10710169342906767 -0.021240232838501683 -0.007841709211103642 0.047358860592729528 0.073988711435838198 -0.054016962365603917 -0.042876694338115362 0.057620039914360821 0.068033828330394105 -0.10835295367195302 0.020961755226519305 0.028780383791952985 0.060281674348127902 0.078597379959777169 -0.053993374458751714 -0.011409849265165986 -0.13477475549286402 0.020588209643938916 0.090388938318664375 -0.037786584316686023 -0.021580536405580594 -0.05988468365726534 0.081218522137312107 0.078265207753236921 -0.059602612788603418 -0.054920333491563646 0.046128061505863197 -0.086695984941579235 -0.0044586610267501594 -0.041829589755454852 -0.04846802177660206 -0.027476829843664015 0.098281668575219916 0.070460572021052367 0.089477030722419554 -0.063668589016116037 -0.068115965695041303 0.0030296928923517516 0.0088376930225231177 -0.0090457931325532807 0.083491777946055321 -0.046410391172391777 0.028254185104121844 0.0013489396898806036 0.076068407245037717 -0.059914565973371893 -0.1159937075388407 0.088613872001087959 -0.064906785826836316 0.041246431251610358 0.019894423446798915 -0.10503532549873423 0.11051510242832006 -0.037619019503014266 0.11487614326340337
leaf_weight=4.9402492344379496 4.0152526497840872 5.4950524866580963 4.9417035393416864 3.188659155741334 1.7482119463384154 3.1954582333564749 5.036522101610899 5.3136359527707091 3.6635772027075184 3.496289897710084 4.3418637458235017 5.8212076649069777 3.3869813010096541 3.9264901056885702 5.6038328520953655 3.5973760858178139 1.9808493889868257 3.6056235507130614 3.1757526770234161 5.1922675631940365 4.3306332752108485 3.0029364079237117 3.7156855836510641 4.6234794594347477 5.7209267131984234 5.7198348678648472 4.1373811587691254 3.3873530626296997 4.2364976517856112 5.3665807452052814 3.4445021897554389 4.4943824820220462 3.2869559563696402 6.4214572589844456 4.151659667491912 6.2834342531859866 4.1739296577870837 4.1220327746123058 4.2386257275938979 2.5348679386079311 4.2775786127895108 4.103053975850333 3.7290463112294674 3.0877647921442986 2.7817935720086089 2.6611285731196395 3.6520747020840636 5.0982112064957619 3.481848482042551 3.4038906171918146 2.8016866147518158 3.6458584554493374 3.1950281709432584 3.1024440377950668 2.5538309141993523 2.3074296340346363 2.773382455110549 3.0892623849213123 1.6759777031838883
leaf_count=25 24 30 28 25 24 19 39 25 26 29 25 35 17 30 29 20 18 16 25 31 29 18 15 39 33 34 26 17 24 32 18 38 22 35 27 39 22 29 30 21 28 27 27 23 21 20 24 35 16 22 26 23 22 24 20 24 29 18 16
internal_value=0.000972162 0.00179737 0.0348765 0.000228314 0.00284505 0.0497653 -0.0302831 -9.65409e-05 -0.00145677 0.00686077 0.00931773 0.0120717 0.00860426 0.00584992 -0.0323159 0.0115735 0.0286763 0.0170776 0.00669316 -0.00345204 -0.0157855 -0.0582535 0.0310525 -0.0846947 0.0233835 -0.0268951 0.0401546 0.014268 -0.00932653 -0.00698639 -0.0213638 -0.0281995 -0.0192919 0.00306669 0.00918213 0.0147494 0.0219775 0.00912488 0.0343537 0.0103768 -0.0137117 0.00712158 0.012287 0.0364101 0.0252244 -0.0462304 -0.0120912 -0.0275072 0.0413007 -0.0255113 -0.0820972 0.0588974 -0.0299912 0.0739634 0.0530517 -0.0696176 0.0895854 -0.0205248 0.110907
internal_weight=234.481 230.466 10.4368 220.029 202.65 11.9553 17.3797 190.694 185.381 90.1263 86.63 82.2881 76.4669 73.0799 9.53032 63.5496 29.7204 24.9662 21.3606 33.8292 24.9212 11.957 8.90795 8.95411 12.9642 10.6601 10.7005 6.56311 95.2544 91.0179 37.4536 34.0091 29.5147 53.5643 47.1429 42.9912 36.7078 29.4314 13.9833 9.74467 15.4481 11.1705 13.5871 7.2098 8.53108 15.9276 11.8836 10.4648 7.21089 7.50694 5.46282 7.24323 8.23155 7.27637 5.33562 5.49609 4.75423 6.37622 3.42419
internal_count=1533 1509 58 1451 1317 100 134 1217 1192 563 534 509 474 457 59 398 190 143 127 208 162 86 46 68 76 59 68 42 629 605 252 234 196 353 318 291 252 206 103 73 103 75 83 52 60 113 85 67 43 49 46 43 61 46 41 49 47 40 40
is_linear=0
shrinkage=0.1


Tree=42
num_leaves=60
num_cat=0
split_feature=14 2 2 2 15 4 3 7 15 11 15 10 9 14 7 5 9 16 15 13 15 8 0 14 4 15 16 0 0 9 0 7 4 5 12 16 14 3 11 9 16 15 13 13 13 3 5 4 12 12 4 8 11 15 3 9 4 16 14
split_gain=0.755252 0.865841 2.93386 1.80208 1.67461 1.43582 1.68815 1.41219 1.34199 1.45064 1.323 2.95312 2.88643 2.78377 2.06768 1.64905 1.32624 1.23364 1.16359 2.31706 1.83146 1.81255 1.33436 2.20903 2.1779 3.09863 1.21773 2.18192 3.24121 2.9224 1.95351 1.87701 1.32947 1.35762 1.14947 1.3105 1.11072 1.08311 3.15041 1.16314 2.44112 2.17011 4.07487 1.05694 1.49905 0.97077 0.918156 0.904357 0.86432 0.85982 0.803097 1.52786 1.42716 1.2974 0.994759 0.414913 0.361281 0.302138 0.186981
threshold=2.8099348070769925 0.33213249292539976 0.62416694073533818 0.25113679234470332 -0.74891326771448818 0.16623025802839894 -0.22923636398189767 -1.0000000180025095e-35 0.24415211563679604 -0.045155700377249385 -0.25638497730180054 0.53998731934071753 -1.0000000180025095e-35 0.51250950271717599 -0.058179522705504985 -0.23358871550082974 0.40189349681812325 0.21525010972440192 0.075026587581508916 1.242720838925129 0.75997517750738852 -0.19048131487327064 -0.31077321744638514 0.25543740237401924 0.10206334094805948 1.090785755577987 -0.049422989737855201 -0.13236436709461427 0.36153118812822721 0.29760393556007586 1.3510943941076541 0.74460445746506554 0.34117012405629238 0.45222934346216054 1.1757611839043363 0.85366028395668025 1.0000000180025095e-35 1.0332391105599126 0.33513483740603406 2.0512152454023642 -1.0000000180025095e-35 -0.06435009324458639 -1.0000000180025095e-35 0.035240992361629815 0.32084858651811182 -0.092799679096215754 -0.07511957389031014 0.34117012405629238 -0.079881758644989254 0.17801059672451677 -1.0000000180025095e-35 0.98727373093371651 -1.0000000180025095e-35 -0.06435009324458639 -1.0000000180025095e-35 -1.0000000180025095e-35 -1.0000000180025095e-35 -0.049422989737855201 -0.60060963227250008
decision_type=2 2 2 2 2 2 2 2 2 2 2 2 2 2 2 2 2 2 2 2 2 2 2 2 2 2 2 2 2 2 2 2 2 2 2 2 2 2 2 2 2 2 2 2 2 2 2 2 2 2 2 2 2 2 2 2 2 2 2
left_child=1 3 -3 10 5 6 -4 -7 17 -10 11 13 14 15 -13 43 -15 45 26 20 21 -20 23 48 25 -24 27 29 -29 -12 31 32 33 -28 35 57 -8 39 56 40 41 55 49 -1 -45 -6 -23 -19 -22 -43 52 53 -42 -52 -55 -5 -39 -17 -26
right_child=-2 2 4 37 8 7 36 -9 9 -11 18 12 -14 16 -16 34 -18 47 19 -21 22 46 24 -25 58 -27 30 28 -30 -31 -32 -33 -34 -35 -36 -37 -38 38 -40 -41 50 42 -44 44 -46 -47 -48 -49 -50 -51 51 -53 -54 54 -56 -57 -58 -59 -60
leaf_value=0.076130428334668585 0.048076533027548905 0.11002909629314486 0.056729051395843028 -0.07122293877033456 0.027401968618785178 0.0028443935693316588 0.012491952531288236 -0.08873437439752363 0.033583390508980147 -0.041749852145264797 -0.029658182730330624 -0.025613551362677119 -0.082965453431974978 0.042917909293164136 0.079689616668202706 0.021812304490720372 0.12108163472244785 0.047405566148873222 0.10197808253978202 -0.071479455521235025 -0.028948769358376661 0.056885873866106301 -0.069522038557354032 -0.075768719929245137 0.043800984595141451 0.04188730803376764 -0.0072406507517532642 -0.10108704736059902 0.015137156097165448 0.082737889575249093 -0.1000874674053069 -0.062468467016515275 -0.042477058642777239 0.081161072011288221 0.041760059558204506 -0.071679690645117547 -0.060323260737901119 -0.07258498126265156 0.021255221831121204 0.040654395591513653 0.014629740714333039 -0.015557504865639471 -0.12491671617910396 -0.030022638387923004 0.061439394323646923 0.094781538940456461 -0.026532679885252798 -0.02793802391291102 0.040244706941117078 0.057336865578664298 0.042252454033637095 0.080228818037943628 -0.070868729962524524 -0.07859859396964472 0.010059581056102196 -0.12876002711087425 -0.12142296399812549 -0.019609851341046366 0.075543019995109345
leaf_weight=5.228351201862095 3.3427309431135646 2.8785970192402592 4.1099819093942651 2.3390098214149475 3.7188753038644773 2.7974189333617687 4.4933610185980797 4.2300031241029492 4.9742786325514317 5.2582042030990106 3.9890339598059672 5.0627299174666396 5.117140617221593 4.5307797156274301 2.9518687576055518 3.5758374184369996 4.167404405772686 3.0712922699749461 4.1278371848165989 3.4609478600323191 3.133364163339138 2.539645541459322 4.7506780140101963 4.8805482313036919 3.5375797599554062 5.2612584661692381 3.9667919985950046 4.0029204189777357 5.9900925830006599 5.5068947300314903 3.6440399624407283 6.3741935379803172 3.7083637248724699 3.0908473469316959 3.520162694156169 3.7629984989762306 3.9245820660144091 3.7386888414621353 3.988640084862709 3.8210799098014823 4.855927586555481 3.109664984047412 2.6444014441221908 3.4845858514308929 3.6891991905868053 5.0308817550540006 2.746204622089861 3.3101093284785748 4.2592060603201372 3.3736994918435812 4.0229447130113787 3.1981137655675402 3.2650849893689138 2.5059274844825215 2.5567949824035328 2.7001396492123595 2.5463497154414636 3.4694519788026872 3.903578355908393
leaf_count=31 22 34 24 23 25 19 23 33 33 33 28 36 35 26 20 19 18 22 27 28 20 23 27 36 20 30 26 27 36 30 21 38 33 20 18 25 27 29 24 15 32 20 26 19 22 29 19 26 27 20 24 17 30 29 23 21 24 21 20
internal_value=0.000888344 0.000196206 0.0121609 -0.00297916 0.00588915 -0.0161003 0.00419404 -0.0522794 0.022843 -0.00512838 0.00310764 0.0162143 -0.0242913 0.0312278 0.0131708 0.0152378 0.0803671 0.0417587 -0.0045723 0.00694867 0.0138837 0.0523232 0.00171065 -0.0235547 0.0194774 -0.0109766 -0.0167591 0.00119816 -0.031419 0.0355227 -0.0335973 -0.0194614 0.00600167 0.0314743 -0.00787011 -0.0240342 -0.0214557 -0.0194179 -0.0482572 -0.0117007 -0.0174873 -0.0493779 -0.0202975 0.0419349 0.0170127 0.0661435 0.0135467 0.00832394 0.0109168 0.022374 0.00465413 0.020785 -0.0197453 -0.000138989 -0.0338241 -0.102053 -0.0923714 0.00141397 0.0604526
internal_weight=231.241 227.899 47.7976 180.101 44.919 19.5553 12.5279 7.02742 25.3636 10.2325 131.435 48.5605 13.1317 35.4288 8.0146 26.7306 8.69818 15.1312 82.874 42.6008 39.1399 9.41369 29.7262 12.2731 17.4531 10.0119 40.2732 19.4889 9.99301 9.49593 20.7842 17.1402 10.766 7.05764 14.3285 10.8083 8.41794 48.6665 10.2737 38.3928 34.5717 14.1669 9.12777 12.4021 7.17379 8.74976 5.28585 6.3814 7.39257 6.48336 20.4048 12.2838 8.12101 9.08567 5.06272 5.03915 6.28504 7.04529 7.44116
internal_count=1533 1511 328 1183 294 126 74 52 168 66 826 290 91 199 56 155 44 102 536 277 249 69 180 83 97 57 259 121 63 58 138 117 79 46 83 65 50 357 77 280 265 110 66 72 41 54 42 48 47 40 155 93 62 76 52 44 53 40 40
is_linear=0
shrinkage=0.1


end of trees

feature_importances:
Column_9=185
Column_13=168
Column_7=160
Column_2=153
Column_5=153
Column_17=146
Column_15=144
Column_14=142
Column_0=140
Column_16=138
Column_3=136
Column_4=125
Column_11=122
Column_8=121
Column_12=116
Column_19=106
Column_6=69
Column_10=58
Column_1=39
Column_18=28

parameters:
[boosting: gbdt]
[objective: binary]
[metric: binary_logloss]
[tree_learner: serial]
[device_type: cpu]
[data_sample_strategy: bagging]
[data: ]
[valid: ]
[num_iterations: 100]
[learning_rate: 0.1]
[num_leaves: 63]
[num_threads: 12]
[seed: 42]
[deterministic: 0]
[force_col_wise: 0]
[force_row_wise: 0]
[histogram_pool_size: -1]
[max_depth: -1]
[min_data_in_leaf: 20]
[min_sum_hessian_in_leaf: 0.001]
[bagging_fraction: 0.8]
[pos_bagging_fraction: 1]
[neg_bagging_fraction: 1]
[bagging_freq: 0]
[bagging_seed: 400]
[bagging_by_query: 0]
[feature_fraction: 0.8]
[feature_fraction_bynode: 1]
[feature_fraction_seed: 30056]
[extra_trees: 0]
[extra_seed: 12879]
[early_stopping_round: 0]
[early_stopping_min_delta: 0]
[first_metric_only: 0]
[max_delta_step: 0]
[lambda_l1: 0]
[lambda_l2: 0]
[linear_lambda: 0]
[min_gain_to_split: 0]
[drop_rate: 0.1]
[max_drop: 50]
[skip_drop: 0.5]
[xgboost_dart_mode: 0]
[uniform_drop: 0]
[drop_seed: 17869]
[top_rate: 0.2]
[other_rate: 0.1]
[min_data_per_group: 100]
[max_cat_threshold: 32]
[cat_l2: 10]
[cat_smooth: 10]
[max_cat_to_onehot: 4]
[top_k: 20]
[monotone_constraints: ]
[monotone_constraints_method: basic]
[monotone_penalty: 0]
[feature_contri: ]
[forcedsplits_filename: ]
[refit_decay_rate: 0.9]
[cegb_tradeoff: 1]
[cegb_penalty_split: 0]
[cegb_penalty_feature_lazy: ]
[cegb_penalty_feature_coupled: ]
[path_smooth: 0]
[interaction_constraints: ]
[verbosity: -1]
[saved_feature_importance_type: 0]
[use_quantized_grad: 0]
[num_grad_quant_bins: 4]
[quant_train_renew_leaf: 0]
[stochastic_rounding: 1]
[linear_tree: 0]
[max_bin: 255]
[max_bin_by_feature: ]
[min_data_in_bin: 3]
[bin_construct_sample_cnt: 200000]
[data_random_seed: 175]
[is_enable_sparse: 1]
[enable_bundle: 1]
[use_missing: 1]
[zero_as_missing: 0]
[feature_pre_filter: 1]
[pre_partition: 0]
[two_round: 0]
[header: 0]
[label_column: ]
[weight_column: ]
[group_column: ]
[ignore_column: ]
[categorical_feature: ]
[forcedbins_filename: ]
[precise_float_parser: 0]
[parser_config_file: ]
[objective_seed: 16083]
[num_class: 1]
[is_unbalance: 0]
[scale_pos_weight: 1.5]
[sigmoid: 1]
[boost_from_average: 1]
[reg_sqrt: 0]
[alpha: 0.9]
[fair_c: 1]
[poisson_max_delta_step: 0.7]
[tweedie_variance_power: 1.5]
[lambdarank_truncation_level: 30]
[lambdarank_norm: 1]
[label_gain: ]
[lambdarank_position_bias_regularization: 0]
[eval_at: ]
[multi_error_top_k: 1]
[auc_mu_weights: ]
[num_machines: 1]
[local_listen_port: 12400]
[time_out: 120]
[machine_list_filename: ]
[machines: ]
[gpu_platform_id: -1]
[gpu_device_id: -1]
[gpu_use_dp: 0]
[num_gpu: 1]

end of parameters

pandas_categorical:null
