tree
version=v4
num_class=1
num_tree_per_iteration=1
label_index=0
max_feature_idx=19
objective=binary sigmoid:1
feature_names=Column_0 Column_1 Column_2 Column_3 Column_4 Column_5 Column_6 Column_7 Column_8 Column_9 Column_10 Column_11 Column_12 Column_13 Column_14 Column_15 Column_16 Column_17 Column_18 Column_19
feature_infos=[-0.93700576451912365:7.0677912875451714] [-0.46595628449546966:6.5173791178933334] [-0.89137269541126851:5.1375894792253352] [-0.90772333899038649:6.9147485579801575] [-0.83321504761259757:5.4838234127117493] [-0.92911093684844648:4.8819980163345367] [-0.56206044401251198:6.464172600242267] [-0.94611179100797649:6.0949801673401049] [-0.94108539631764498:6.0647533860905956] [-1.2239659571656347:5.0765602583288256] [-0.58953766673603669:5.1561654503154219] [-0.83897681207547414:3.8488225792265811] [-0.78022869735919997:8.468593949326257] [-0.65245645290078969:11.652306701961246] [-0.79008065500739:5.8002014927864307] [-0.91637468944539313:9.6570066928161342] [-0.86872774083828841:4.7349501794889086] [-1.05345682201391:5.2506457675687459] [-0.39431652958114033:7.2364336387538755] [-0.71871978190842867:6.8040465009896307]
tree_sizes=3345 3377 3369 3355 3377 3365 3380 3375 3379 3377 3399 3392 3382 3383 3379 3396 3390 3419 3377 3396 3393 3412 3381 3404 3388 3408 3402 3392 3408 3403 3404 3384 3408 3389 3397 3407 3403 3403 3403 3407 3403 3408 3388 3406 3414 3423 3411 3411 3397 3402 3422 3404 3399 3418 3419 3402 3407 3413 3414 3417 3395

Tree=0
num_leaves=31
num_cat=0
split_feature=6 12 12 12 12 6 6 18 9 9 9 9 9 9 0 7 7 16 13 8 7 7 10 16 1 7 17 16 11 9
split_gain=91.6657 77.1702 60.9443 49.6371 68.459 46.5519 45.7775 37.8792 28.3782 31.1173 25.5924 20.9595 31.0868 19.0872 14.7476 13.5195 15.4182 10.9303 9.54822 8.30694 7.36654 7.23664 6.14068 7.03408 6.01106 5.80502 5.36513 5.18577 5.09974 5.00853
threshold=1.1396076357034957 0.21530686497781709 -0.6009865144664357 0.36317241704170095 1.2108347199626288 1.2572398040110684 2.8412625412490131 1.9201663039765535 -0.37434629753242205 -0.4101458874888616 1.2174879513384689 0.47526706157457504 0.38540895668919289 1.3487468139858649 1.3432075644370391 0.078991517814923612 0.24689607876682654 0.35430140485290967 -1.0000000180025095e-35 -0.17070389739429856 1.2366221534559902 0.28328722933143241 0.55196922569124862 -0.15303929036044903 1.3380766833452398 1.2366221534559902 -0.092591317284196881 -0.048188767942684452 0.35318475054845716 -0.60891488853528075
decision_type=2 2 2 2 2 2 2 2 2 2 2 2 2 2 2 2 2 2 2 2 2 2 2 2 2 2 2 2 2 2
left_child=1 2 7 20 19 -2 -7 8 9 14 11 12 -10 -12 15 28 -17 21 -8 -5 -3 29 23 -14 -11 -18 -22 -9 -1 -6
right_child=5 3 -4 4 17 6 18 27 10 24 13 -13 22 -15 -16 16 25 -19 -20 -21 26 -23 -24 -25 -26 -27 -28 -29 -30 -31
leaf_value=-0.27806641211189831 -0.50165486467458509 -0.47386960740467515 -0.22109287026069627 -0.26848313038043103 -0.53216413910213656 -0.2187237832219214 -0.40677745328251019 -0.41499953094547531 -0.20444285067828194 -0.48583196453611216 -0.44624342618723739 -0.16899875334598222 -0.39268246303438997 -0.28718359788518133 -0.46707268978949534 -0.49144736007180734 -0.22128738477550836 -0.3313668830204235 -0.5712190090937832 -0.16288295762618993 -0.3368897936896002 -0.35300767588123566 -0.45331751570286616 -0.26390200751327741 -0.37125807793284393 -0.35300767588123566 -0.45137940898526668 -0.52493175580360618 -0.16807197860026968 -0.43933522822763443
leaf_weight=9.7218992710113543 62.532214909791946 57.011136591434479 61.692052513360977 19.32377511262894 7.6815004646778098 14.042743474245073 9.1217819154262525 7.6815005540847805 22.084314554929733 19.323774695396427 14.402813494205477 20.884080141782761 10.081969499588016 15.843095093965529 5.7611253857612601 5.641101926565173 6.0011724233627302 11.882321268320082 5.7611253261566153 12.122368365526198 7.6815006136894253 7.561477154493331 6.3612426221370688 7.3214303255081186 6.0011723339557639 7.5614771544933319 8.7617115378379804 9.7218990325927717 7.4414538443088523 23.88466572761536
leaf_count=31 246 219 185 61 31 42 33 28 65 75 54 59 36 51 22 22 18 40 24 34 26 26 24 23 21 26 33 39 21 89
internal_value=-0.362825 -0.342147 -0.306978 -0.397081 -0.343825 -0.453132 -0.348234 -0.336116 -0.321268 -0.37108 -0.286621 -0.252037 -0.28986 -0.362926 -0.318419 -0.29487 -0.352512 -0.415367 -0.470432 -0.227775 -0.456862 -0.440876 -0.369238 -0.338506 -0.458682 -0.294724 -0.397895 -0.47641 -0.230377 -0.461925
internal_weight=490.896 399.438 243.528 155.91 82.4561 91.4579 28.9257 181.836 164.432 67.4532 96.9789 66.733 45.849 30.2459 42.1282 36.3671 19.2038 51.01 14.8829 31.4461 73.4543 39.1276 23.7646 17.4034 25.3249 13.5626 16.4432 17.4034 17.1634 31.5662
internal_count=1704 1359 800 559 281 345 99 615 548 236 312 207 148 105 140 118 66 186 57 95 278 146 83 59 96 44 59 67 52 120
is_linear=0
shrinkage=1


Tree=1
num_leaves=31
num_cat=0
split_feature=6 6 6 6 13 13 8 18 10 10 0 0 0 0 9 9 10 0 9 13 15 0 15 17 8 3 18 9 2 13
split_gain=73.7109 52.3572 38.4268 36.0439 35.8521 47.1073 21.2353 19.3315 21.8485 20.657 15.5308 23.3411 20.177 18.7549 15.4232 13.0685 12.6512 11.9854 8.7766 8.21385 8.1401 8.05041 7.83155 7.36303 6.93406 5.91748 5.38279 5.3119 6.05658 4.84378
threshold=1.1396076357034957 1.0000000180025095e-35 1.2572398040110684 2.8412625412490131 0.27467550899125442 -0.48932710796035989 1.1548173680333931 1.9201663039765535 1.1133179260591255 1.0000000180025095e-35 -0.063464712189766334 -0.17445316902167238 -0.4916831175800061 0.59652246996229175 -0.28927029204460036 -0.37434629753242205 1.2618633059181228 1.3432075644370391 0.057863500324282356 -1.0000000180025095e-35 0.063989232317895731 0.68214573881806317 -0.2014290738303243 0.74432302149007479 1.0000000180025095e-35 1.0000000180025095e-35 1.9201663039765535 -0.4101458874888616 0.33521787112802781 2.1289322549980318
decision_type=2 2 2 2 2 2 2 2 2 2 2 2 2 2 2 2 2 2 2 2 2 2 2 2 2 2 2 2 2 2
left_child=1 4 -2 -4 5 7 15 8 9 10 11 12 23 -12 17 16 26 -15 -17 -5 -10 24 -16 27 -20 -3 29 -1 -29 -6
right_child=2 25 3 19 6 -7 -8 -9 20 -11 13 -13 -14 14 22 18 -18 -19 21 -21 -22 -23 -24 -25 -26 -27 -28 28 -30 -31
leaf_value=0.13521505120548213 -0.08946693614505935 0.12996922451504223 0.16217134329778932 -0.0020623066235546843 -0.034898006055884959 0.17527809847207121 0.12790844183751496 -0.055877013942517796 -0.050686455997403228 0.18678037102456851 0.1931511135554296 -0.061256865190954607 0.16410357561349273 0.081194886440197067 0.17659930371721783 0.13287198387329671 0.087674998643033131 -0.083292641499910058 0.02894614030775013 -0.15648364960296263 0.048558183354750185 0.098049122508479969 0.058810888479985571 -0.053741677348658534 -0.04932030883904967 0.20626524247315672 -0.14160414507818297 -0.022282940672796403 0.10441635433504728 -0.12544820285943831
leaf_weight=5.8395050615072277 61.193619087338448 34.549740627408028 14.451469972729685 9.117602735757826 38.913719162344933 33.788144007325172 11.922440260648726 16.634443461894989 21.91721548140049 14.771598413586615 15.668971985578535 20.070250406861305 14.808342292904856 8.4094263911247271 11.557851552963255 6.2676765769720069 6.3894269168376914 9.3607777208089811 23.472527891397476 5.5359996557235709 13.267266437411307 8.3505003899335843 11.033216372132303 9.0357830077409726 21.86351378262043 14.403572827577589 7.2075941860675803 10.321291670203211 5.9467608481645575 6.9648628681898108
leaf_count=18 246 105 42 33 146 97 37 64 83 42 44 77 43 28 34 19 21 37 82 24 46 27 37 34 83 40 30 38 19 28
internal_value=0.0371798 0.0554885 -0.0444778 0.0501121 0.0420763 0.0665393 0.000650841 0.0470629 0.0570179 0.0750909 0.0615735 0.0287117 0.0680072 0.100295 0.0642472 -0.012053 -0.0452652 -0.00545191 0.020894 -0.0604013 -0.0132636 0.00782101 0.119073 0.0223143 -0.00879821 0.152418 -0.0612658 0.0533998 0.0240318 -0.0486445
internal_weight=493.035 402.736 90.2987 29.1051 353.783 222.431 131.352 188.643 172.008 136.824 122.052 66.0219 45.9517 56.0302 40.3613 119.43 59.4756 17.7702 59.9542 14.6536 35.1845 53.6865 22.5911 31.1433 45.336 48.9533 53.0862 22.1076 16.2681 45.8786
internal_count=1704 1359 345 99 1214 741 473 644 580 451 409 229 152 180 136 436 225 65 211 57 129 192 71 109 165 145 204 75 57 174
is_linear=0
shrinkage=0.1


Tree=2
num_leaves=31
num_cat=0
split_feature=12 12 12 12 8 8 8 8 8 3 10 17 5 5 12 12 16 9 7 9 14 8 3 9 16 13 8 8 5 15
split_gain=58.585 59.366 48.0587 61.2419 26.8552 31.3678 24.5352 22.0596 21.4066 20.5512 15.4483 14.951 13.6269 13.5072 12.0497 18.4368 11.6987 8.07393 7.57056 7.37144 13.7336 6.30611 6.15672 5.70718 5.38825 4.65806 4.64823 4.60759 4.3749 4.35969
threshold=0.21530686497781709 -0.6009865144664357 0.28412581282136257 1.2108347199626288 0.071124974213128508 0.97627369419491428 1.0000000180025095e-35 -0.73821396468422373 1.0833278384934255 1.2887329000161787 2.6635391190623485 -0.092591317284196881 0.056111738960387937 0.9161486001452781 1.2984210704267403 1.9056679359992847 -0.048188767942684452 0.43791124164290823 2.1291896861571336 -1.0000000180025095e-35 -1.0000000180025095e-35 0.97627369419491428 1.1130792935697051 -0.4101458874888616 0.21698874378055091 0.27467550899125442 0.1724818743998339 1.9675866633985912 1.0000000180025095e-35 -0.077006808414561784
decision_type=2 2 2 2 2 2 2 2 2 2 2 2 2 2 2 2 2 2 2 2 2 2 2 2 2 2 2 2 2 2
left_child=1 4 18 26 6 -6 7 9 22 10 12 27 19 -14 21 -16 -17 -8 23 25 -21 -5 29 -2 -19 -1 -4 -10 -13 -7
right_child=2 -3 3 14 5 8 17 -9 11 -11 -12 28 13 -15 15 16 -18 24 -20 20 -22 -23 -24 -25 -26 -27 -28 -29 -30 -31
leaf_value=-0.030854310332198362 -0.12216444808726368 0.1440096583924616 0.11762138861928961 -0.04407149985918217 0.18130437659527912 0.056097518504747396 -0.090081814436060531 0.13665132338452401 0.20596494668321688 0.15256614735566637 -0.16451210248890913 0.065609312159174468 0.17857119303046182 0.01818524464331529 0.12397086720610409 -0.10796011052035687 0.039548426855583123 0.040847537297975432 0.044216954367663236 -0.086385402623548699 0.073046867969851798 -0.15946179637832639 -0.091081955864919489 -0.056509561482465803 -0.056912895437189373 -0.13729245389269892 0.19554066731400571 0.11139696137407627 -0.047026542115045519 -0.037552171238842552
leaf_weight=9.8622956275939924 16.303689181804657 67.20215417444706 26.699613004922867 25.260672435164455 22.980108976364136 10.256122872233393 23.684057742357254 18.739734351634979 8.6081197857856768 9.6606383472681028 5.4637261480092993 7.9227070063352567 7.7796109318733242 16.154310896992683 11.392945915460585 10.631736546754837 10.87722085416317 11.640554040670397 6.3559896498918524 8.7676975727081281 14.078836500644689 5.8290070891380301 8.471517011523245 70.457183003425598 10.933428853750227 7.0512739568948737 10.733759745955465 12.832776814699171 6.106058657169342 9.6465304791927355
leaf_count=37 68 194 81 97 64 36 96 55 23 28 23 26 22 58 35 43 38 41 22 34 47 25 34 276 42 30 29 40 23 37
internal_value=0.0334234 0.0613009 -0.009257 0.0383665 0.0372019 0.0811187 0.0106886 0.0391302 0.0450576 0.0159437 -0.00314111 0.0968478 0.0107014 0.070318 -0.0210655 0.0211163 -0.0333641 -0.0492945 -0.0611296 -0.0251852 0.0118624 -0.065706 -0.0196837 -0.0688471 -0.00650152 -0.0752284 0.139964 0.149364 0.0165842 0.0107069
internal_weight=492.384 297.842 194.542 101.425 230.64 86.8239 143.816 97.5581 63.8438 78.8184 69.1578 35.4697 63.694 23.9339 63.9916 32.9019 21.509 46.258 93.1169 39.7601 22.8465 31.0897 28.3742 86.7609 22.574 16.9136 37.4334 21.4409 14.0288 19.9027
internal_count=1704 990 714 348 796 283 513 334 219 279 251 112 228 80 238 116 81 179 366 148 81 122 107 344 83 67 110 63 49 73
is_linear=0
shrinkage=0.1


Tree=3
num_leaves=31
num_cat=0
split_feature=6 12 12 12 12 6 6 18 10 9 9 9 9 9 9 3 19 12 7 3 13 11 14 17 6 7 3 2 11 3
split_gain=53.3728 42.1352 29.1675 28.1529 37.4545 27.072 25.6753 23.7367 20.7146 16.1144 17.8989 15.0734 11.4935 9.45962 12.5368 8.52655 9.47858 7.13732 13.5662 7.13196 6.70139 6.69453 6.33969 6.1251 6.01787 5.50555 5.67471 5.20535 4.58491 5.22637
threshold=1.1396076357034957 0.21530686497781709 -0.6009865144664357 0.36317241704170095 1.2108347199626288 1.2572398040110684 2.8412625412490131 1.9201663039765535 2.6635391190623485 -0.28927029204460036 -0.4101458874888616 1.2174879513384689 1.3487468139858649 0.47526706157457504 0.38540895668919289 1.1130792935697051 0.49589665867043853 1.2984210704267403 -0.2407808258739712 0.041330241437667829 -1.0000000180025095e-35 -0.020892383657170475 1.0000000180025095e-35 0.87888776607447461 0.5596543023810675 1.2366221534559902 0.085855751475224187 0.27674290852126476 0.27744465643323141 1.1130792935697051
decision_type=2 2 2 2 2 2 2 2 2 2 2 2 2 2 2 2 2 2 2 2 2 2 2 2 2 2 2 2 2 2
left_child=1 2 7 25 24 -2 -7 8 9 10 21 13 -13 14 -11 16 -12 -6 -19 -9 -8 22 -1 -23 -5 28 -27 -16 29 -3
right_child=5 3 -4 4 17 6 20 19 -10 11 15 12 -14 -15 27 -17 -18 18 -20 -21 -22 23 -24 -25 -26 26 -28 -29 -30 -31
leaf_value=-0.032103474426525599 -0.07929079789184057 -0.0041824522027015055 0.12931053115202026 0.15067532890579999 -0.05222630337542037 0.13221594484113944 -0.0046586134286952328 -0.12458627680933294 -0.11506863893481085 0.1485307347153613 0.080155102325009567 -0.03173842783437969 0.094539046063084567 0.17626123335176408 0.08417173867390991 -0.13453579725870699 -0.06698396404654576 -0.037431008588861607 0.10233096164094005 0.0056669893275222627 -0.14684883825296 0.13577514398541157 0.093319603686716712 0.023137770339537247 0.047338902988011231 -0.06618820773260789 0.055590695766665213 -0.01390457598325775 -0.087459971216372126 -0.099903131183549931
leaf_weight=9.3042309135198611 58.913525581359863 21.515521094202999 64.105033323168755 25.372448161244392 22.192776814103127 14.592244625091555 9.1477806866168958 8.7744010686874407 6.3271792083978644 22.29798024892807 7.9437351077795091 13.53740367293358 15.415579929947851 21.631293743848801 12.666326373815538 6.5437197834253302 9.753874406218527 15.91468268632889 12.322711959481238 8.069863021373747 5.1979583352804175 17.618222206830982 7.1095309704542151 6.6500541865825644 7.2446874529123297 6.1482972949743298 10.132733449339865 9.44819527864456 25.665065988898277 7.7619277238845816
leaf_count=34 246 82 185 72 87 42 33 37 26 63 27 51 48 59 41 28 39 60 39 30 24 52 23 23 23 24 35 34 105 32
internal_value=0.0302164 0.0456658 0.0712587 0.00465707 0.0442182 -0.0403852 0.0388209 0.0509332 0.0623943 0.0694155 0.0310175 0.0956578 0.0354961 0.122032 0.0956197 -0.0370024 -0.000939238 -0.00979085 0.0235607 -0.0621837 -0.0561791 0.0715486 0.0222228 0.10491 0.127723 -0.0414716 0.00960264 0.0422697 -0.0566063 -0.0295596
internal_weight=489.319 401.467 247.197 154.271 83.0473 87.8515 28.938 183.092 166.247 159.92 64.9234 94.9968 28.953 66.0438 44.4125 24.2413 17.6976 50.4302 28.2374 16.8443 14.3457 40.682 16.4138 24.2683 32.6171 71.2235 16.281 22.1145 54.9425 29.2774
internal_count=1704 1359 800 559 281 345 99 615 548 522 226 296 99 197 138 94 66 186 99 67 57 132 57 75 95 278 59 75 219 114
is_linear=0
shrinkage=0.1


Tree=4
num_leaves=31
num_cat=0
split_feature=6 6 6 13 13 6 2 8 7 7 7 16 7 16 0 0 19 9 10 11 3 10 13 5 0 8 5 4 9 3
split_gain=43.7357 28.3847 22.5251 21.1173 25.964 21.051 15.4688 12.799 11.7288 20.2446 31.7622 11.5205 11.2039 12.2453 10.6407 10.1473 9.8262 8.36879 9.82228 6.84621 6.56245 6.41622 5.928 5.92773 5.62594 7.01866 5.08793 5.03452 4.96187 4.62636
threshold=1.1396076357034957 1.0000000180025095e-35 1.2572398040110684 0.27467550899125442 -0.13026597576957116 2.8412625412490131 2.2601347812385639 1.1548173680333931 0.28328722933143241 0.14525940587580199 -0.71775246286551064 0.2920416790593886 0.62670072446675562 0.21698874378055091 1.3432075644370391 -0.063464712189766334 -0.1019375778314703 -0.37434629753242205 1.2618633059181228 1.0000000180025095e-35 1.1130792935697051 1.1133179260591255 -1.0000000180025095e-35 0.056111738960387937 0.82118899409079227 1.0000000180025095e-35 1.0000000180025095e-35 0.31639866324169991 -0.28927029204460036 1.0000000180025095e-35
decision_type=2 2 2 2 2 2 2 2 2 2 2 2 2 2 2 2 2 2 2 2 2 2 2 2 2 2 2 2 2 2
left_child=1 3 -2 4 6 -4 8 17 9 10 11 14 -10 -14 15 21 -17 18 -5 -15 -11 27 -7 24 25 -19 -27 -1 -13 -3
right_child=2 29 5 7 -6 22 -8 -9 12 20 -12 28 13 19 -16 16 -18 23 -20 -21 -22 -23 -24 -25 -26 26 -28 -29 -30 -31
leaf_value=0.055179845623356094 -0.073323887783404984 0.092819712964853612 0.12007788668678845 -0.05251755295271348 0.13238905450717525 -0.0041966426637611879 -0.12095255318371495 0.097483838770870204 0.18830523211658121 -0.018106084657232444 0.14493934897342364 0.022169645083756143 0.10363447776533191 -0.097142228045256157 -0.11206300339993501 0.00086629716748407568 0.16293147756476925 0.023162161784844079 0.079339124674598527 0.047145001406231596 -0.13369367904618873 -0.11221320744999613 -0.14046798604231883 0.07155858784082858 0.078514103599882867 -0.02454223035801642 -0.13664774485044551 -0.047853382156251255 0.11807521333896726 0.16024254964153273
leaf_weight=9.1507531851530093 57.416786760091782 34.837625727057457 14.4663542509079 51.252776652574539 32.741186380386353 9.1397480219602567 6.0856968015432349 12.03253550827503 8.507713854312895 31.975434571504593 26.025518551468849 9.5817583948373812 24.232772454619408 5.8145779669284803 8.5949743837118131 8.1176624447107297 6.9392034858465221 19.893448561429977 6.3493474423885337 7.5694120824337006 5.8032914996147147 6.6716921776533118 4.9056964516639701 14.32136821746826 7.2328235507011405 11.773354753851892 6.1701266169548026 9.8444214016199094 12.344748780131338 14.377148136496542
leaf_count=32 246 105 42 204 94 33 25 37 23 121 74 34 76 23 36 29 20 69 21 25 25 28 24 48 23 45 26 38 38 40
internal_value=0.0274582 0.0414191 -0.0372447 0.0313941 0.0502313 0.0354113 0.0358665 -0.000725037 0.0411341 0.0262645 0.0503936 0.0158565 0.0846712 0.0612325 -0.010956 0.0103832 0.0755567 -0.0108256 -0.0379833 -0.0155395 -0.0358618 -0.0278493 -0.0517926 0.015514 -0.00229476 -0.017742 -0.0630913 0.00178194 0.076165 0.112516
internal_weight=484.17 398.241 85.9286 349.027 220.001 28.5118 187.26 129.026 181.174 135.049 97.2707 71.2452 46.1245 37.6168 49.3187 40.7237 15.0569 116.993 57.6021 13.384 37.7787 25.6669 14.0454 59.3911 45.0698 37.8369 17.9435 18.9952 21.9265 49.2148
internal_count=1704 1359 345 1214 741 99 647 473 622 475 329 255 147 124 183 147 49 436 225 48 146 98 57 211 163 140 71 70 72 145
is_linear=0
shrinkage=0.1


Tree=5
num_leaves=31
num_cat=0
split_feature=6 12 12 12 12 6 6 6 9 9 1 11 10 11 0 16 0 15 5 17 16 8 11 8 12 19 17 17 1 0
split_gain=35.8887 30.682 19.9888 19.9626 27.4624 18.7576 17.3791 13.4805 11.5873 14.0819 10.7703 10.5229 7.42773 7.74701 9.77498 6.89735 6.99796 5.7845 5.56108 7.39712 5.57482 5.51822 4.42952 4.30097 4.70765 4.23514 4.04742 3.90561 3.70044 3.50979
threshold=1.1396076357034957 0.21530686497781709 -0.6009865144664357 0.36317241704170095 1.2108347199626288 1.2572398040110684 2.8412625412490131 0.30204657261443341 -0.37434629753242205 0.43791124164290823 1.4627850869610992 1.7351228446847291 1.1133179260591255 -0.32014354348622648 -0.287488851676031 -0.182273707305213 -0.17445316902167238 -1.0000000180025095e-35 0.056111738960387937 0.74432302149007479 0.21698874378055091 -0.17070389739429856 0.27744465643323141 1.0000000180025095e-35 1.9056679359992847 0.29862151635929052 -0.31497718396665708 -0.24638608102384441 2.2608685900877012 -0.063464712189766334
decision_type=2 2 2 2 2 2 2 2 2 2 2 2 2 2 2 2 2 2 2 2 2 2 2 2 2 2 2 2 2 2
left_child=1 2 7 -3 21 -2 -7 8 10 -10 11 18 13 14 -11 23 -17 -14 19 27 -20 -5 -15 24 -6 -18 -8 -1 -4 -24
right_child=5 3 28 4 15 6 26 -9 9 12 -12 -13 17 22 -16 16 25 -19 20 -21 -22 -23 29 -25 -26 -27 -28 -29 -30 -31
leaf_value=-0.058245111593838453 -0.067844029069444603 -0.036908197370490815 0.11714747382520981 0.075660909608535332 0.0349376265451673 0.10982675833203066 0.013645136353505153 0.12364532414900005 0.13324654883545456 -0.086636463846255257 0.12462705795710785 0.11063643451533711 -0.071395638334003961 0.16913147667843875 0.050771651437024092 0.07408312205931615 0.021371712952072543 0.054975653405004411 0.073164878264127362 -0.11158727524759274 -0.029986296252859659 0.16120318394859884 0.039330322363128861 -0.10549760894717307 -0.083725922768159655 -0.09056673295901696 -0.095758823330220219 0.023477843903748175 0.041070525969344858 0.1140083826109079
leaf_weight=11.102693095803259 55.928559869527817 69.889638230204582 55.344624355435371 19.881898105144501 7.7623678147792834 14.246113523840906 6.019188180565834 18.490696504712105 19.098482176661491 7.1463900208473232 6.5683947950601569 6.4954240024089804 9.7747241258621198 5.4020524322986629 18.787974327802658 13.601485624909403 7.8144049644470197 5.7546326071023932 9.6005007922649401 12.053100287914274 11.534020394086836 12.149356216192244 15.502323150634767 8.9141189157962781 5.872574970126152 5.9561247080564499 7.7166852951049787 12.355910360813143 7.228722169995307 10.594721421599386
leaf_count=44 246 278 162 61 27 42 23 54 55 28 20 20 39 15 62 45 28 20 33 51 44 34 53 38 24 24 34 45 23 32
internal_value=0.0249885 0.0376151 0.0596626 0.00235516 0.0358393 -0.0344012 0.0324422 0.042759 0.0335136 0.0568025 0.00275752 -0.00992012 0.0367928 0.0533838 0.0129079 -0.0105303 0.0232069 -0.0245669 -0.0237439 -0.0479155 0.0168708 0.108107 0.086709 -0.0514836 -0.0161708 -0.0270447 -0.047817 -0.0152007 0.108359 0.0696477
internal_weight=478.588 394.677 242.835 151.842 81.9523 83.9105 27.982 180.262 161.771 92.0613 69.71 63.1416 72.9628 57.4335 25.9344 49.9211 27.372 15.5294 56.6462 35.5117 21.1345 32.0313 31.4991 22.5491 13.6349 13.7705 13.7359 23.4586 62.5733 26.097
internal_count=1704 1359 800 559 281 345 99 615 561 304 257 237 249 190 90 186 97 59 217 140 77 95 100 89 51 52 57 89 185 85
is_linear=0
shrinkage=0.1


Tree=6
num_leaves=31
num_cat=0
split_feature=6 12 18 12 12 6 6 10 7 7 7 17 13 3 17 13 7 14 8 10 17 0 6 0 0 9 14 14 0 14
split_gain=29.5284 25.2142 19.2739 16.3637 22.7777 15.6365 14.3967 13.5541 12.5195 21.9367 14.9609 12.7257 8.20028 7.2458 6.79749 7.63561 5.74759 5.38559 5.19899 6.12146 5.911 5.57759 5.19475 5.02205 6.02538 5.9574 4.56063 5.06841 4.42861 4.31626
threshold=1.1396076357034957 0.21530686497781709 1.9201663039765535 0.36317241704170095 1.2108347199626288 1.2572398040110684 2.8412625412490131 2.6635391190623485 0.14525940587580199 0.1932683488774482 -0.71775246286551064 0.65996663140346346 0.80784798540785407 -0.14410145488001885 -0.092591317284196881 -1.0000000180025095e-35 0.70351334340867144 -0.16813101516203285 1.0000000180025095e-35 0.71920343763719918 -0.092591317284196881 0.3620160539774871 0.5596543023810675 1.3432075644370391 -0.063464712189766334 0.27333519636797743 0.27397806272271569 0.32078554167742135 -0.17445316902167238 1.0000000180025095e-35
decision_type=2 2 2 2 2 2 2 2 2 2 2 2 2 2 2 2 2 2 2 2 2 2 2 2 2 2 2 2 2 2
left_child=1 2 7 -3 22 -2 -7 8 10 14 17 12 16 -4 -10 -16 -11 23 19 21 -20 -6 -5 24 25 -1 -19 -28 -22 -18
right_child=5 3 13 4 18 6 -8 -9 9 11 -12 -13 -14 -15 15 -17 29 26 20 -21 28 -23 -24 -25 -26 -27 27 -29 -30 -31
leaf_value=-0.051783075603024933 -0.062780024369302759 -0.033590772254078714 -0.11531402984648403 0.1211805481452477 0.078809507677521318 0.10096455848198263 -0.04382649427303504 -0.070913533076044283 -0.10403432699650857 0.16851037881030331 0.13342973474163869 -0.050512451112895922 -0.014890634379202742 0.012994398401280572 0.042095211847156894 -0.090574498444660867 0.049317380700064375 0.13878819442783205 0.023350293916915302 -0.054171079455447815 -0.027527852402940291 -0.030656463322631333 0.02410434798098772 -0.050033355457005428 0.1037428044295392 0.071730623146031097 0.013242789806380981 0.096829209842927047 -0.14857684322905229 0.11535627396334117
leaf_weight=7.9546317309141177 54.473893642425537 69.152903109788895 8.1444174349308032 24.331519603729252 14.893813297152525 13.961692884564401 13.514319658279417 7.3740623891353598 9.1181450486183184 10.353959381580351 45.595485657453537 7.4859147965908042 6.7991085797548285 9.5762886554002744 13.705907300114633 6.3470278978347769 18.379591137170792 11.386783957481383 6.8976238071918514 8.8333761990070325 5.6268858611583719 6.7706560492515555 7.1270255744457236 6.2252986431121817 11.703934162855147 7.6707254499197006 11.790534079074861 18.85583508014679 6.5295469909906361 21.444762110710144
leaf_count=30 246 278 36 72 49 42 57 30 37 29 133 28 24 35 49 26 60 33 25 34 22 26 23 24 36 25 42 58 30 65
internal_value=0.0228105 0.0342745 0.0543888 0.00213848 0.032638 -0.0317575 0.0297478 0.0623933 0.0669693 0.0395055 0.0881897 0.0720657 0.0881705 -0.045976 -0.0324474 0.000103436 0.102135 0.0609004 -0.0096117 0.0159912 -0.0505915 0.0445988 0.0991877 0.0310252 0.0494894 0.00885168 0.0847494 0.0646711 -0.0925465 0.0848782
internal_weight=472.026 390.076 239.912 150.163 81.0104 81.9499 27.476 222.192 214.818 93.6344 121.183 64.4633 56.9774 17.7207 29.1711 20.0529 50.1783 75.5877 49.5519 30.4978 19.0541 21.6645 31.4585 33.5546 27.3293 15.6254 42.0332 30.6464 12.1564 39.8244
internal_count=1704 1359 800 559 281 345 99 729 699 318 381 206 178 71 112 75 154 248 186 109 77 75 95 115 91 55 133 100 52 125
is_linear=0
shrinkage=0.1


Tree=7
num_leaves=31
num_cat=0
split_feature=12 12 12 12 8 8 2 17 8 3 6 7 13 8 19 12 12 7 8 9 6 4 0 2 14 6 15 17 1 14
split_gain=24.761 22.6538 20.3886 26.0029 15.5985 16.3425 16.066 13.052 11.9317 8.85918 7.22412 7.4027 6.74507 6.39461 6.14218 5.41185 11.2489 5.38119 5.27568 5.12658 5.61358 4.97579 4.76339 4.50679 4.47216 5.99021 5.78818 4.39603 4.36323 4.00726
threshold=0.21530686497781709 -0.6009865144664357 0.28412581282136257 1.2108347199626288 0.071124974213128508 0.97627369419491428 0.27674290852126476 -0.092591317284196881 1.0000000180025095e-35 0.14712917384419452 1.1396076357034957 0.14525940587580199 0.27467550899125442 1.0833278384934255 0.49589665867043853 1.2984210704267403 1.9056679359992847 2.1291896861571336 0.97627369419491428 -0.4101458874888616 1.1396076357034957 0.57250429260579905 0.59652246996229175 1.4448494690014926 1.0000000180025095e-35 0.64952849346565245 -0.30130787771251216 -0.31497718396665708 1.3380766833452398 0.27397806272271569
decision_type=2 2 2 2 2 2 2 2 2 2 2 2 2 2 2 2 2 2 2 2 2 2 2 2 2 2 2 2 2 2
left_child=1 4 17 -4 6 -6 8 13 9 24 11 14 23 -7 -8 18 -17 19 29 -2 28 -9 -10 -13 25 -1 -26 -18 -21 -5
right_child=2 -3 3 15 5 7 10 21 22 -11 -12 12 -14 -15 -16 16 27 -19 -20 20 -22 -23 -24 -25 26 -27 -28 -29 -30 -31
leaf_value=-0.046111570113966167 -0.10332265952142437 0.092430007560401525 0.09196596684885959 -0.06720055450321466 0.13349743379267417 0.018589120717664272 0.080775309765395764 -0.040991737694872597 -0.082584303927219105 0.11923573730555595 -0.086688542327769735 0.030900438265362002 -0.1149853014994823 0.1097325263631771 -0.03668423122675029 0.092454518395623214 0.0085378299145146275 0.046150082526625891 -0.1403033156992938 -0.0095667802033482484 -0.091322574234131149 0.056648462590632304 0.018868021515184491 -0.082052759489628743 -0.02642161091141498 0.080297431282649781 0.092932386308156339 -0.084366207606872121 -0.091592794293044885 0.014876017481364419
leaf_weight=11.77056358754635 14.686409011483191 62.798732027411461 35.470245555043221 12.304068729281431 21.519208192825317 12.383686184883116 11.548543915152552 21.565281540155414 9.7434648871421832 16.65642985701561 18.339052453637123 10.36411599814892 9.3135523647069913 20.343064203858376 7.2446992993354788 11.374515473842619 11.900050103664396 6.2879675179719916 5.0219099074602118 42.913549289107323 15.170110151171682 6.8856790810823432 8.814934700727461 5.35887487232685 5.4510266631841686 5.500599429011344 15.959198743104933 8.9041981697082537 7.6393514573574057 11.516102880239485
leaf_count=45 68 194 110 52 64 47 38 85 41 52 85 37 40 63 28 35 45 22 25 171 72 24 33 22 21 19 52 36 33 45
internal_value=0.0208704 0.0394886 -0.00774571 0.0238773 0.0242911 0.0585429 0.00347363 0.0321778 0.0349914 0.0582616 -0.0339896 -0.0119395 -0.0475456 0.0752442 0.0354953 -0.0157013 0.0124931 -0.042941 -0.0471574 -0.0499079 -0.0379719 -0.0173609 -0.0343961 -0.00759746 0.0320057 -0.00585225 0.062545 -0.031225 -0.0219622 -0.0275198
internal_weight=464.749 281.561 183.188 96.4911 218.762 82.6969 136.065 61.1777 73.8962 55.3378 62.1688 43.8298 25.0365 32.7268 18.7932 61.0208 32.1788 86.6974 28.8421 80.4094 65.723 28.451 18.5584 15.723 38.6814 17.2712 21.4102 20.8042 50.5529 23.8202
internal_count=1704 990 714 348 796 283 513 219 263 189 250 165 99 110 66 238 116 366 122 344 276 109 74 59 137 64 73 81 204 97
is_linear=0
shrinkage=0.1


Tree=8
num_leaves=31
num_cat=0
split_feature=12 12 12 12 8 8 2 8 8 3 11 8 8 6 10 4 14 15 7 2 7 12 7 12 8 8 0 7 13 10
split_gain=20.4362 19.0874 16.8427 21.5577 12.8761 14.0755 13.2073 9.75979 7.6551 7.41296 9.4284 6.17452 6.21774 6.14853 6.92357 9.09295 6.10045 5.40307 5.14905 5.29092 4.67243 4.48468 9.42514 5.81839 4.75728 4.07321 3.9774 3.97441 3.9351 3.45319
threshold=0.21530686497781709 -0.6009865144664357 0.28412581282136257 1.2108347199626288 0.071124974213128508 0.97627369419491428 0.27674290852126476 1.0000000180025095e-35 1.0833278384934255 0.14712917384419452 0.11195382528532945 1.9675866633985912 2.2476598811847386 1.1396076357034957 1.1133179260591255 1.587176451448326 1.0000000180025095e-35 -0.077006808414561784 0.14525940587580199 1.4448494690014926 1.2366221534559902 1.2984210704267403 -0.2407808258739712 1.9056679359992847 0.97627369419491428 -0.17070389739429856 0.59652246996229175 -0.031998534150867321 -0.089273689548125576 1.1133179260591255
decision_type=2 2 2 2 2 2 2 2 2 2 2 2 2 2 2 2 2 2 2 2 2 2 2 2 2 2 2 2 2 2
left_child=1 4 20 25 6 -6 7 9 17 10 16 -10 28 14 15 18 -1 -7 -8 -20 -2 24 -23 -24 29 27 -9 -4 -13 -5
right_child=2 -3 3 21 5 8 13 26 11 -11 -12 12 -14 -15 -16 -17 -18 -19 19 -21 -22 22 23 -25 -26 -27 -28 -29 -30 -31
leaf_value=-0.083130118854150392 -0.051612299703044089 0.085398206056443299 0.021937731950586611 -0.0040839710218295525 0.12448928776323209 0.039968689455828377 0.085574837260089714 -0.076232945510308445 0.12095678440964655 0.10923528822941474 0.079306150046650481 -0.044052150886780057 0.11369302048334151 -0.080765404876713798 -0.083050926520812751 -0.097361065611841102 0.029337788254799074 -0.049844652118703335 0.042221710962995561 -0.081110656174744541 0.005588497838099199 -0.040012788815165491 0.14599664625226927 0.018818973240495501 -0.13512033902023382 0.12759880878945196 0.016909756589084404 0.10997944953050548 0.057825825871410622 -0.094866162219130037
leaf_weight=8.5444248914718646 67.021514862775803 61.254439398646355 12.755906984210013 18.152459204196937 20.805705159902573 11.97526164352894 11.902281597256662 9.5120527148246783 11.394599035382269 16.377590209245682 18.910512685775757 9.4719450622796995 6.3809239566326132 17.747090086340904 10.180338725447653 6.2604530602693549 11.072896316647528 15.200312554836271 9.607233911752699 5.4525133967399588 18.146907761693001 16.888436496257786 5.9223286211490622 9.1633001863956434 4.7091786116361609 13.449760064482687 8.8502090126275998 8.5736639797687548 6.3218095898628262 5.4474700987339011
leaf_count=34 296 194 42 73 64 45 39 41 35 52 64 36 20 85 43 26 39 62 34 23 70 66 17 33 25 42 33 26 21 24
internal_value=0.0190857 0.0361279 -0.00712794 0.0218072 0.0221535 0.0535017 0.00313471 0.0317713 0.0291878 0.0528779 0.0289213 0.0611281 0.0303847 -0.0311766 -0.0109002 0.0112089 -0.0196482 -0.0102673 0.0364184 -0.00243185 -0.0394245 -0.0143637 0.0113007 0.0687465 -0.0433507 0.0845024 -0.0313402 0.0573271 -0.00327317 -0.0250388
internal_weight=457.454 277.223 180.231 95.0625 215.968 81.5506 134.418 73.2677 60.7449 54.9054 38.5278 33.5693 22.1747 61.1499 43.4028 33.2225 19.6173 27.1756 26.962 15.0597 85.1684 60.2832 31.9741 15.0856 28.3091 34.7793 18.3623 21.3296 15.7938 23.5999
internal_count=1704 990 714 348 796 283 513 263 219 189 137 112 77 250 165 122 73 107 96 57 366 238 116 50 122 110 74 68 57 97
is_linear=0
shrinkage=0.1


Tree=9
num_leaves=31
num_cat=0
split_feature=6 18 13 2 13 6 6 13 13 4 4 14 8 4 15 15 15 16 17 2 9 16 4 16 15 15 0 8 2 16
split_gain=17.6408 15.1748 10.4976 10.1806 9.90481 9.89167 10.6762 7.5773 17.5782 7.364 21.1001 9.63427 11.233 13.5583 8.86363 7.79321 6.67311 6.54465 6.92705 6.46861 5.89834 5.84648 5.34028 5.47023 6.5286 5.1019 4.87977 4.07545 5.82482 3.8699
threshold=1.1396076357034957 1.9201663039765535 0.27467550899125442 2.2601347812385639 -0.13026597576957116 1.2572398040110684 2.0100382541657682 0.32108701708228354 1.2018002931059879 0.39071553652505897 0.57250429260579905 0.32078554167742135 0.1724818743998339 1.587176451448326 0.23507975980961501 1.6640326034420772 0.44007779972157429 0.21698874378055091 0.87888776607447461 0.27674290852126476 -0.4101458874888616 -0.048188767942684452 0.39071553652505897 0.21698874378055091 -0.27127286622352553 -0.30130787771251216 0.59652246996229175 1.0000000180025095e-35 -0.049662415537797704 0.2920416790593886
decision_type=2 2 2 2 2 2 2 2 2 2 2 2 2 2 2 2 2 2 2 2 2 2 2 2 2 2 2 2 2 2
left_child=1 2 3 4 9 -2 -7 20 21 15 26 12 13 -12 -15 17 27 18 -1 -8 -4 -9 23 -3 -25 -20 -11 28 -10 -19
right_child=5 22 7 -5 -6 6 19 8 16 10 11 -13 -14 14 -16 -17 -18 29 25 -21 -22 -23 -24 24 -26 -27 -28 -29 -30 -31
leaf_value=0.10393192133389469 -0.051762838670140227 0.050795236670342192 -0.091104269512512964 -0.076017075814964252 0.093111019070759457 0.13482873201641676 0.03590387822876296 0.1449027480622023 0.097076220036363944 -0.085575951666513952 0.095170120904948863 0.15068469732631207 0.10867761331011823 -0.16902179084279126 0.013570282103710835 -0.026194083717618208 -0.095915369799142808 -0.01498640095924565 -0.056317640577139463 -0.08059875500323789 -0.0039253672908622006 0.045928066555739999 -0.095295707711116909 0.025504777755055594 -0.12927674390441807 0.076660693004902553 0.0023895018773322399 -0.031421433636543379 -0.012221796767244159 0.052387033695472943
leaf_weight=44.291147083044052 50.884674668312073 8.5778199136257225 9.3809206187725049 6.7056475579738608 41.351949453353882 6.5170300155878094 11.366884320974352 12.996739909052851 9.28309817612171 17.798910140991214 6.5140637606382432 9.0378800928592664 11.555107265710829 5.9637071043252927 4.7970538288354874 10.781115293502806 7.1855570524930945 11.736237287521361 5.2079929113388062 8.2066856622695905 44.93722477555275 11.036155283451079 11.331096515059469 5.1819713711738604 5.7477012127637828 6.4687938690185529 9.7667365819215757 13.724791035056112 10.270494624972345 31.164045244455338
leaf_count=144 246 31 41 27 134 20 42 39 31 77 21 28 37 27 18 41 30 46 21 37 174 36 52 20 26 22 37 55 38 106
internal_value=0.0174897 0.026489 0.0325478 0.045333 0.0490927 -0.0260939 0.0239684 0.00853665 0.0317119 0.0386962 0.0121478 0.0605976 0.0323562 -0.0186951 -0.0876238 0.0545391 -0.00852151 0.0633426 0.0858682 -0.0129426 -0.0189814 0.0994525 -0.0406948 -0.00897946 -0.0558918 0.0173507 -0.0544091 0.0103488 0.0396676 0.0339557
internal_weight=449.769 372.794 341.955 223.14 216.435 76.9753 26.0906 118.815 64.4968 175.083 65.4335 37.8678 28.8299 17.2748 10.7608 109.649 40.4639 98.8682 55.9679 19.5736 54.3181 24.0329 30.8386 19.5075 10.9297 11.6768 27.5656 33.2784 19.5536 42.9003
internal_count=1704 1359 1230 786 759 345 99 444 229 625 245 131 103 66 45 380 154 339 187 79 215 75 129 77 46 43 114 124 69 152
is_linear=0
shrinkage=0.1


Tree=10
num_leaves=31
num_cat=0
split_feature=12 17 7 17 17 7 4 4 9 5 5 19 6 7 16 14 3 14 2 19 2 19 11 6 12 5 5 16 2 17
split_gain=15.6807 15.204 12.6408 11.7582 15.6551 9.0132 6.91409 8.08128 8.59828 6.14562 7.15485 7.3625 6.13767 5.96196 5.74491 5.88769 5.73088 6.14585 7.39005 5.45124 8.5145 7.50795 6.27706 5.90321 5.30088 5.03707 18.9783 5.67436 4.97569 6.00113
threshold=0.21530686497781709 -0.092591317284196881 0.28328722933143241 1.0000000180025095e-35 0.87888776607447461 1.2366221534559902 1.9242223755448558 0.39071553652505897 -0.1261496683254488 0.12780629567028304 0.9161486001452781 0.19923637030435354 0.79003102174432438 1.3326400394592828 0.50417192070257655 0.73111298390443413 1.1130792935697051 0.27397806272271569 -1.0000000180025095e-35 0.49589665867043853 0.20581511208995598 0.55669941715196214 -0.020892383657170475 0.72398890507662805 -0.027844682403543597 0.056111738960387937 1.0000000180025095e-35 0.21698874378055091 0.45024154100050223 -0.43565274083703864
decision_type=2 2 2 2 2 2 2 2 2 2 2 2 2 2 2 2 2 2 2 2 2 2 2 2 2 2 2 2 2 2
left_child=1 19 6 16 24 -4 7 9 -9 14 -11 -12 25 -7 15 -2 17 -3 -19 22 -21 -22 23 28 -5 26 27 -6 29 -1
right_child=2 3 5 4 12 13 -8 8 -10 10 11 -13 -14 -15 -16 -17 -18 18 -20 20 21 -23 -24 -25 -26 -27 -28 -29 -30 -31
leaf_value=-0.039870360816516931 -0.073314343261990808 -0.057946690280025241 0.11309268707700385 0.10705229887418873 -0.0037425234847020305 -0.024389222873252171 0.089723420819862718 -0.096316378248673284 -0.015201539752954782 0.11031531121168187 -0.058541991429702823 0.065691198767430806 -0.062283485893308059 0.065844698296006837 0.031991852288402532 0.018162650477172203 -0.09418072283804306 0.10007678974050033 -0.021252075951902823 0.066161845918803003 -0.10994587278018629 0.035190501173517443 0.093412551453274165 0.1041449945009188 0.024238262213105516 0.066320992367661813 -0.12170604864297191 0.10300682191251252 0.082720173180476086 0.069383184141916007
leaf_weight=15.758734688162802 25.608055427670479 16.694213286042213 12.10033732652664 24.86841481924057 10.1975234746933 18.580196306109432 5.2680081874132147 27.177272364497185 25.171781912446022 8.1294976025819796 10.407462105154993 8.8072004318237287 13.345436334609984 12.084916383028029 11.967028945684431 9.7014380842447263 11.002052426338194 7.8762188404798517 13.844350069761276 18.631429120898247 7.0441651940345746 7.2148991227149963 49.350037530064583 11.080132782459257 11.215012326836584 13.363016009330748 9.7788440436124819 9.7314196377992612 8.9695967286825162 7.3830978274345425
leaf_count=61 113 72 39 81 38 77 19 130 106 25 46 33 62 41 45 40 48 26 56 65 32 26 167 39 39 46 44 33 30 25
internal_value=0.0160204 0.0312533 -0.00725054 0.00883368 0.0298725 0.0400097 -0.0225344 -0.027192 -0.0573127 -0.00606127 0.0316737 -0.00159868 -0.00302853 0.0111714 -0.0278867 -0.0481806 -0.0305473 -0.0123226 0.0227437 0.0566194 0.0216509 -0.0365088 0.0690476 0.0412086 0.081313 0.0153315 -0.00760428 0.0483838 0.0194922 -0.00501445
internal_weight=442.352 267.349 175.003 141.917 92.4997 42.7655 132.238 126.97 52.3491 74.6207 27.3442 19.2147 56.4162 30.6651 47.2765 35.3095 49.4168 38.4148 21.7206 125.432 32.8905 14.2591 92.5416 43.1916 36.0834 43.0708 29.7078 19.9289 32.1114 23.1418
internal_count=1704 990 714 545 343 157 557 538 236 302 104 79 223 118 198 153 202 154 82 445 123 58 322 155 120 161 115 71 116 86
is_linear=0
shrinkage=0.1


Tree=11
num_leaves=31
num_cat=0
split_feature=6 18 13 10 17 17 17 8 8 14 8 11 2 11 16 8 14 7 14 7 0 14 17 4 5 4 17 5 0 17
split_gain=13.3156 11.9157 8.40324 9.5842 7.63342 11.5487 14.9372 11.9518 7.93552 7.77581 7.38494 7.72901 7.81378 7.14084 9.22524 6.52505 6.06868 7.67887 10.8366 7.01808 6.00485 5.44641 4.92634 5.26644 4.62386 4.1586 4.54481 4.04595 3.68005 3.45634
threshold=1.1396076357034957 1.9201663039765535 3.0308773963068067 2.6635391190623485 -0.092591317284196881 1.0000000180025095e-35 0.87888776607447461 0.97627369419491428 0.1724818743998339 -0.56743621049686044 0.1127546393568349 -0.63921528034091024 0.27674290852126476 1.0000000180025095e-35 0.0926962413762311 1.0833278384934255 0.27397806272271569 0.96762167504285923 0.32078554167742135 0.14525940587580199 -0.17445316902167238 0.32078554167742135 -0.40934195931778167 0.81782672653492894 -1.0000000180025095e-35 0.39071553652505897 -0.092591317284196881 -0.14324561756474577 -0.4916831175800061 0.39909803165934116
decision_type=2 2 2 2 2 2 2 2 2 2 2 2 2 2 2 2 2 2 2 2 2 2 2 2 2 2 2 2 2 2
left_child=1 2 3 4 9 -6 29 8 13 15 11 -2 24 -8 -15 22 -11 18 -18 -20 -9 -12 23 28 -13 26 -3 -16 -1 -7
right_child=10 25 -4 -5 5 6 7 20 -10 16 21 12 -14 14 27 -17 17 -19 19 -21 -22 -23 -24 -25 -26 -27 -28 -29 -30 -31
leaf_value=-0.11775845290753402 -0.082248782308006446 0.042045605598824212 -0.080113536027560051 -0.067303689999870617 -0.015271410440412315 0.12380324295354131 0.054359793988908479 -0.13783606828008069 0.1415739105360124 0.11325230642181411 -0.0028148510905730852 0.095913186630695133 -0.055911209931223643 -0.083223344942533944 0.10125407315815378 0.079995513990347836 -0.031659982489158051 0.1222937846793468 0.10280603918858838 -0.0078270917999561148 -0.0077152176693582424 0.11658145227814881 0.053277967356589434 0.063572138261950226 -0.025292387877344322 -0.087551981854499361 -0.055322586537509488 -0.019186971323554222 -0.019905529807967656 0.06419244331499703
leaf_weight=4.7651924490928677 26.065878003835678 8.9780060499906558 7.033163681626319 9.7439786791801435 61.942090973258018 14.818624481558798 25.370178580284119 7.0286468267440796 5.7877934277057639 23.908777132630348 14.60239912569523 8.1556113213300687 15.167259782552717 12.017747595906259 5.7681406438350677 15.287243098020552 16.148593112826347 12.529680058360098 20.041418671607975 8.0317748486995679 7.1588135957717878 5.1744084507226935 14.146877601742746 6.3075895905494681 5.1255265176296261 10.76179553568363 10.286098033189775 5.4005445837974531 19.866086140275002 28.307135865092278
leaf_count=20 130 32 28 42 248 49 92 32 19 79 65 32 76 50 20 52 64 40 67 31 29 18 49 23 24 52 45 22 77 97
internal_value=0.0146367 0.0225621 0.0280274 0.0303721 0.0333971 0.0193578 0.0385684 0.00955404 0.0308917 0.0506782 -0.0239218 -0.0429119 -0.00686949 0.0176987 -0.0224152 0.0235375 0.0709925 0.053189 0.033609 0.0711538 -0.0721787 0.028424 0.00439423 -0.017958 0.0491369 -0.0377602 -0.00994429 0.0430156 -0.0388363 0.0846756
internal_weight=435.727 361.436 331.41 324.377 314.633 173.6 111.658 68.5319 54.3444 141.033 74.2911 54.5143 28.4484 48.5566 23.1864 60.373 80.6602 56.7515 44.2218 28.0732 14.1875 19.7768 45.0857 30.9389 13.2811 30.0259 19.2641 11.1687 24.6313 43.1258
internal_count=1704 1359 1230 1202 1160 658 410 264 203 502 345 262 132 184 92 221 281 202 162 98 61 83 169 120 56 129 77 42 97 146
is_linear=0
shrinkage=0.1


Tree=12
num_leaves=31
num_cat=0
split_feature=9 9 9 13 7 14 14 0 13 2 15 15 16 8 2 10 10 6 0 8 2 17 15 15 1 0 8 7 5 14
split_gain=11.5288 18.0991 9.94631 7.85613 7.66438 6.41355 8.46325 10.2558 6.26953 9.1667 6.16019 9.36089 7.75618 8.7194 6.12788 9.92422 5.98176 5.9805 4.75212 4.69596 4.92322 4.41189 4.40336 5.60731 9.69799 6.55407 4.37669 4.24074 3.36354 6.92575
threshold=-0.37434629753242205 1.0000000180025095e-35 -0.4101458874888616 0.27467550899125442 1.2366221534559902 -0.56743621049686044 0.27397806272271569 0.82118899409079227 0.32108701708228354 0.58572149998780765 1.0000000180025095e-35 0.77163260641584019 -0.048188767942684452 0.23681794723551866 0.27674290852126476 1.1133179260591255 0.5053409918329822 0.79003102174432438 0.23512407455415363 1.0000000180025095e-35 -0.049662415537797704 -0.092591317284196881 1.4513292118477945 1.0000000180025095e-35 1.3380766833452398 0.93456087805323695 -0.12899916974582529 -0.031998534150867321 -0.31062734707499007 0.900845700620864
decision_type=2 2 2 2 2 2 2 2 2 2 2 2 2 2 2 2 2 2 2 2 2 2 2 2 2 2 2 2 2 2
left_child=2 -2 3 22 -4 10 -7 14 21 19 12 -12 13 -3 15 28 -16 26 -13 20 -10 -5 23 24 25 -1 -14 -25 -8 -30
right_child=1 5 4 8 -6 6 7 -9 9 -11 11 18 17 -15 16 -17 -18 -19 -20 -21 -22 -23 -24 27 -26 -27 -28 -29 29 -31
leaf_value=0.050256864818692015 0.11891282341813664 -0.023527274200700141 -0.04797818537521055 0.0041898701132966317 0.024704122057235087 0.088956994578660617 0.098179800444591389 0.10916730284211507 0.06262868533437882 0.10384756080061162 0.11005004990255243 -0.034268056718232069 -0.091239572460053445 0.091769926213572939 -0.049863665401580742 -0.057660645168125191 0.052649093963761884 -0.14730246260315757 0.062237186847759543 -0.094706857388551322 -0.058908734648817629 -0.11283412498260377 -0.049298203409270332 0.108891667214966 -0.092987236593211578 -0.054935738903992441 -0.000309045638682412 0.02936232569416233 -0.02266541315766088 0.10466517304268336
leaf_weight=39.984763383865356 20.498042464256287 18.403567090630535 61.721560597419739 4.7897280752658835 18.966758474707603 24.11190077662468 13.452711358666418 11.534381881356238 7.2486257553100604 7.1562676578760138 11.05324439704418 15.255012780427935 8.2907388955354744 10.191502422094343 23.961292982101444 9.210151404142378 7.4655918627977362 5.7421840876340857 7.6669994294643393 6.9130412340164176 6.1699123829603231 9.8403282165527326 6.3424060195684424 15.357526645064356 6.8145054131746283 6.9529276341199866 14.640919327735899 11.90026570856571 10.014205783605581 7.4493236392736426
leaf_count=149 70 76 286 21 76 85 48 38 26 24 37 63 34 38 101 39 28 30 28 31 25 49 25 51 30 30 57 45 38 26
internal_value=0.0133943 0.0294534 -0.003336 0.0138382 -0.0308933 0.0202127 0.0367985 0.0216623 -0.0216368 0.00651047 0.000726672 0.034461 -0.0192865 0.0175655 0.00755645 0.033455 -0.0255113 -0.0560373 -0.00198879 -0.02775 0.00674516 -0.0745217 0.0309429 0.0372251 0.0184901 0.0346746 -0.0331842 0.0741706 0.060599 0.0316493
internal_weight=429.1 218.942 210.159 129.47 80.6883 198.444 107.2 83.0877 42.1179 27.4878 91.2442 33.9753 57.2689 28.5951 71.5533 40.1264 31.4269 28.6738 22.922 20.3316 13.4185 14.6301 87.3524 81.01 53.7522 46.9377 22.9317 27.2578 30.9162 17.4635
internal_count=1704 836 868 506 362 766 403 318 176 106 363 128 235 114 280 151 129 121 91 82 51 70 330 305 209 179 91 96 112 64
is_linear=0
shrinkage=0.1


Tree=13
num_leaves=31
num_cat=0
split_feature=12 17 7 17 17 8 8 7 6 6 8 7 17 15 17 15 16 9 2 7 9 16 15 6 15 7 7 0 7 8
split_gain=11.0648 9.74282 8.55365 7.12052 11.1754 8.08473 11.339 7.00252 6.45885 5.86356 7.55376 5.61233 7.02118 5.50782 4.93963 4.87059 4.86005 4.96484 6.9977 6.84727 4.6584 4.46342 4.21288 4.11609 4.11122 4.00686 8.20855 6.181 5.68459 3.98548
threshold=0.21530686497781709 -0.092591317284196881 0.28328722933143241 1.0000000180025095e-35 0.39909803165934116 0.75905031165006764 0.071124974213128508 1.2366221534559902 1.1396076357034957 0.72398890507662805 1.0000000180025095e-35 0.70351334340867144 1.9004617301751012 0.3525103767863571 -0.092591317284196881 -0.23814514068022744 1.8770799877687276 0.11430361416268171 1.0000000180025095e-35 0.14525940587580199 -0.28927029204460036 -0.048188767942684452 -0.11462161268195718 1.2572398040110684 0.65408303889854758 0.14525940587580199 0.1932683488774482 -0.1079333387789332 -0.40951341857775042 0.97627369419491428
decision_type=2 2 2 2 2 2 2 2 2 2 2 2 2 2 2 2 2 2 2 2 2 2 2 2 2 2 2 2 2 2
left_child=1 25 9 -3 -5 6 8 -4 11 10 16 12 24 -12 20 -7 17 18 -2 22 -9 -20 -19 -11 -6 28 29 -28 -1 -27
right_child=2 3 7 4 5 15 -8 14 -10 23 13 -13 -14 -15 -16 -17 -18 19 21 -21 -22 -23 -24 -25 -26 26 27 -29 -30 -31
leaf_value=0.039610850141806542 0.03494932810347829 -0.023961828240433129 0.099944846884100158 0.13037535633162517 0.089753089688473592 -0.0072687522190472481 0.12011385398948914 0.094860928492325691 -0.065883523559743737 -0.079239130598306964 -0.020944229887541372 -0.047850173192630248 -0.040079674151597466 -0.1070764589403628 -0.031264901645525964 -0.129498498871356 0.10504208513194008 0.13430636864723827 -0.13049228668670262 -0.048541493530321972 -0.021895346010123867 -0.020442457362914508 0.028351641026929969 0.012475474170749554 0.003786412385865333 -0.084010712498764573 0.018484941921813054 0.099500499372700668 0.1002892357252213 0.025345849956081096
leaf_weight=40.186982497572899 11.997208982706072 47.867011323571205 11.063007548451422 8.8770974427461606 19.867549940943722 7.7267909795045853 10.80144380033016 8.7992486953735334 9.7315539419651014 23.048686638474468 34.755038648843765 8.7224888205528242 8.1253647655248624 9.4408817589282972 15.974087044596674 5.639472156763075 5.5571225285530081 7.137188896536828 6.4296468794345847 5.8953988701105109 5.5869851410388938 8.6349298506975156 7.9134618639945993 6.2122678458690634 7.7264609634876242 8.3172595202922803 24.969795539975166 15.119373366236685 25.07174426317215 5.5608471482992163
leaf_count=149 47 202 39 32 69 30 38 30 49 117 157 34 34 44 67 27 19 24 29 25 21 37 31 27 30 37 96 52 89 22
internal_value=0.012251 0.0254176 -0.00762733 0.0070293 0.0240378 0.0119884 0.0265587 0.0318332 0.00790509 -0.0204959 -0.00874141 0.0240628 0.0416236 -0.0393433 0.00701401 -0.0588397 0.0165079 0.00625969 -0.0220327 0.0428128 0.0495179 -0.0674123 0.0785966 -0.0597676 0.065682 0.0462518 0.0260928 0.0490394 0.0629229 -0.0401924
internal_weight=422.756 254.311 168.445 135.085 87.2182 78.3411 64.9749 41.4233 54.1734 127.022 97.7609 44.4419 35.7194 44.1959 30.3603 13.3663 53.565 48.0078 27.0618 20.946 14.3862 15.0646 15.0507 29.261 27.594 119.226 53.9673 40.0892 65.2587 13.8781
internal_count=1704 990 714 545 343 311 254 157 216 557 413 167 133 201 118 57 212 193 113 80 51 66 55 144 99 445 207 148 238 59
is_linear=0
shrinkage=0.1


Tree=14
num_leaves=31
num_cat=0
split_feature=8 8 8 8 17 2 8 3 1 11 3 16 14 6 7 4 2 2 19 17 1 16 7 15 7 19 2 3 7 8
split_gain=8.19925 21.8161 12.7317 12.0354 11.2838 10.7256 8.86098 6.21343 7.47934 6.02443 5.67399 5.25084 5.27952 7.56701 4.48841 4.2528 7.49674 3.96888 3.90127 5.2374 3.84811 3.80053 3.78285 3.42216 3.34564 5.39469 3.37689 5.02651 6.25918 3.22102
threshold=0.071124974213128508 0.97627369419491428 1.0000000180025095e-35 -0.73821396468422373 0.87888776607447461 0.27674290852126476 1.0833278384934255 1.2887329000161787 1.3380766833452398 0.4649798366632949 -0.14410145488001885 0.2920416790593886 -0.032470057149697099 1.1396076357034957 0.14525940587580199 0.39071553652505897 0.45024154100050223 1.4448494690014926 0.42214533872447668 0.34347319654976777 1.9676243698705902 -1.0000000180025095e-35 -0.71775246286551064 -0.23814514068022744 0.78821761190418393 0.15649765435963894 -0.24458498652854474 0.23046978943451865 -0.078942864900101037 1.9675866633985912
decision_type=2 2 2 2 2 2 2 2 2 2 2 2 2 2 2 2 2 2 2 2 2 2 2 2 2 2 2 2 2 2
left_child=2 -2 3 5 6 7 14 8 18 29 -6 12 17 15 -3 -14 -17 -7 24 -20 -10 -12 -5 -13 25 26 27 28 -1 -8
right_child=1 4 -4 22 10 11 9 -9 20 -11 21 23 13 -15 -16 16 -18 -19 19 -21 -22 -23 -24 -25 -26 -27 -28 -29 -30 -31
leaf_value=0.0057771107853247811 0.097707875809514635 -0.060383234734942448 -0.031982340806989591 0.018865803650714254 -0.14636018580433982 -0.050134560018496192 0.078109976667709011 0.10701041510283126 -0.088758533951859814 0.12319297826445641 0.023236648604928769 0.087933300957369287 0.049295918155194345 -0.1094130976057599 0.015356426109181988 -0.12381441695184847 0.049259943800726944 -0.1422949802981677 0.033526651444409264 0.13730504680781094 0.0037575380561440477 -0.086109768737712422 0.082855869744050903 -0.012719734832246438 0.062558058816129955 -0.09009407269000648 0.065458333594247811 0.081219624337968588 -0.12199551437821064 0.0092338990895121514
leaf_weight=14.996710225939749 36.454274728894234 12.941459134221075 80.171083807945251 13.578386962413786 5.7131802737712887 12.45432259142399 10.42323610186577 8.0808478295803052 8.9662904590368289 9.9148989915847761 6.9833108335733423 5.2366452515125266 12.41419897973538 6.9229612424969664 19.787943005561829 5.065359950065611 4.9467987567186356 7.4788703918457022 17.379577875137333 6.7523387819528571 9.0172974914312345 5.8341096639633152 28.903410747647285 9.5165756940841657 11.124911889433859 5.6406402438879004 9.7041574418544823 5.4681317359209052 5.1506754904985419 19.477894231677055
leaf_count=60 136 58 363 49 29 58 39 30 40 36 29 19 46 41 81 24 19 37 66 24 34 28 103 38 39 23 34 21 25 75
internal_value=0.011213 0.0323332 0.00189206 0.0148986 0.00616627 0.00276474 0.0239558 0.0228582 0.0156393 0.0556425 -0.0634781 -0.0293297 -0.0449972 -0.0180235 -0.0145916 0.0101882 -0.038302 -0.0847129 0.0293266 0.0625648 -0.0423693 -0.0265346 0.0624028 0.023007 0.0139268 0.000718444 0.0152214 -0.00381027 -0.0268879 0.0332434
internal_weight=416.501 127.53 288.97 208.799 91.076 166.317 72.5454 102.282 94.2007 39.816 18.5306 64.0357 49.2825 29.3493 32.7294 22.4264 10.0122 19.9332 76.2171 24.1319 17.9836 12.8174 42.4818 14.7532 52.0852 40.9603 35.3197 25.6155 20.1474 29.9011
internal_count=1704 511 1193 830 375 678 289 396 366 150 86 282 225 130 139 89 43 95 292 90 74 57 152 57 202 163 140 106 85 114
is_linear=0
shrinkage=0.1


Tree=15
num_leaves=31
num_cat=0
split_feature=12 17 7 7 13 7 6 11 8 16 17 7 16 7 7 0 7 0 3 19 8 8 19 11 15 8 15 15 15 15
split_gain=8.24471 7.1694 6.2593 5.3846 5.15336 4.8493 4.66333 6.57349 6.28282 5.42074 4.41266 4.24962 4.11988 4.11057 6.11239 5.60519 4.09983 7.55445 3.8368 4.394 4.46902 4.37659 3.44045 4.95628 7.24806 7.72744 4.49145 3.8471 3.38763 3.30355
threshold=0.21530686497781709 -0.092591317284196881 0.28328722933143241 1.2366221534559902 0.27467550899125442 0.14525940587580199 0.72398890507662805 0.27744465643323141 1.0000000180025095e-35 -0.182273707305213 -0.24638608102384441 0.24689607876682654 1.3026968228741045 -0.71775246286551064 0.70351334340867144 0.23512407455415363 1.6211753077738222 -0.17445316902167238 0.14712917384419452 0.24637590452456348 -1.0000000180025095e-35 -0.20833273103393077 0.49589665867043853 1.0000000180025095e-35 0.16298912387268313 0.1724818743998339 -0.27127286622352553 1.4513292118477945 -0.23814514068022744 0.77163260641584019
decision_type=2 2 2 2 2 2 2 2 2 2 2 2 2 2 2 2 2 2 2 2 2 2 2 2 2 2 2 2 2 2
left_child=1 22 6 -4 13 -6 7 8 10 -9 28 -7 -11 -3 -15 -16 17 -5 19 21 -21 -8 23 24 25 -1 -27 -26 -2 -10
right_child=2 4 3 16 5 11 18 9 29 12 -12 -13 -14 14 15 -17 -18 -19 -20 20 -22 -23 -24 -25 27 26 -28 -29 -30 -31
leaf_value=-0.07148887693289975 0.053427234899727165 -0.0081179926896180667 0.089825605165663111 -0.10234019956634269 0.013270968762157442 -0.10181881316218573 -0.15849222128726262 -0.09006470881047017 -0.0096291771258966898 0.015095102629979188 0.067830203623531732 -0.012310286502409951 -0.082203801547806682 0.058871351206513073 -0.048853865770247196 0.069009467567080554 0.05595659855948748 0.026603181069006884 0.022154071195820555 0.045096529035612204 -0.096882648150549991 -0.044913063093165728 0.011550686034804547 0.074645489596349757 0.10303389742591269 0.098775968097195785 -0.02316123421351737 0.0022890551345486169 -0.044768931441659769 -0.10645487646871915
leaf_weight=11.060636669397356 6.0426834672689429 34.60804870724678 10.234016492962835 7.2409322410821941 18.459520868957043 10.550393104553224 7.5737919881939915 13.976104587316511 19.186390265822414 16.434305697679523 21.476524323225021 10.667117416858671 5.9191936105489722 37.609869733452797 12.645627140998842 5.9256213754415503 10.568275138735769 12.197556123137476 5.3459367007017127 5.0153328329324722 3.9733861684799177 6.1454933434724834 30.821404561400414 42.43545213341713 12.834766238927843 6.7138487547636032 5.4915415048599225 5.3789591789245597 8.3928442746400815 4.3164536058902732
leaf_count=47 23 147 39 33 77 54 41 69 86 71 79 45 29 147 54 21 37 48 25 24 23 31 123 160 48 24 21 22 35 21
internal_value=0.0102802 0.0218896 -0.0070733 0.0271888 0.00585411 -0.0242097 -0.0182102 -0.00770437 0.0127848 -0.0412131 0.0390917 -0.0568183 -0.0106696 0.0189927 0.0356931 -0.0112466 0.00582602 -0.0214289 -0.0540653 -0.0720089 -0.0176641 -0.107615 0.0401233 0.0506179 0.0260366 -0.0109489 0.0439131 0.0732815 -0.00366421 -0.0274119
internal_weight=409.242 245.203 164.039 40.2408 130.466 39.677 123.798 95.7445 59.4149 36.3296 35.9121 21.2175 22.3535 90.7892 56.1811 18.5712 30.0068 19.4385 28.0539 22.708 8.98872 13.7193 114.737 83.9152 41.4798 23.266 12.2054 18.2137 14.4355 23.5028
internal_count=1704 990 714 157 545 176 557 413 244 169 137 99 100 369 222 75 118 81 144 119 47 72 445 322 162 92 45 70 58 107
is_linear=0
shrinkage=0.1


Tree=16
num_leaves=31
num_cat=0
split_feature=9 9 11 12 16 7 9 9 9 15 8 6 2 17 3 3 8 2 8 2 12 2 9 8 4 17 9 8 14 19
split_gain=8.32493 13.2326 8.01261 6.55579 6.73012 6.89545 5.0281 4.61912 4.71766 4.58608 4.52808 4.46488 5.62031 11.8672 5.71288 8.99784 10.6831 6.08621 5.27939 5.11129 4.56135 4.55738 4.27985 4.27548 4.20962 4.59078 3.96885 3.7009 3.68564 5.01924
threshold=-0.37434629753242205 1.0000000180025095e-35 1.5886263669525176 0.21530686497781709 -0.048188767942684452 0.14525940587580199 1.2174879513384689 0.47526706157457504 1.2174879513384689 -0.27127286622352553 0.75905031165006764 1.0362826165483503 0.45024154100050223 -0.092591317284196881 -0.67764879555668867 1.1130792935697051 1.0000000180025095e-35 0.08702032260612684 0.1127546393568349 1.0000000180025095e-35 0.053614323057138528 -0.15282107598557773 -0.60891488853528075 -0.20833273103393077 1.0945701411866928 -0.40934195931778167 1.3487468139858649 -0.12899916974582529 0.99237648180103533 0.24637590452456348
decision_type=2 2 2 2 2 2 2 2 2 2 2 2 2 2 2 2 2 2 2 2 2 2 2 2 2 2 2 2 2 2
left_child=2 -2 11 4 7 24 -7 9 -9 -3 -11 12 14 -14 17 -16 -17 21 19 -13 -19 27 -4 -15 25 -6 -10 -1 29 -5
right_child=1 3 22 28 5 6 -8 8 26 10 -12 18 13 23 15 16 -18 20 -20 -21 -22 -23 -24 -25 -26 -27 -28 -29 -30 -31
leaf_value=0.0061230628067852622 0.10565691797931601 -0.038350930997011194 0.11692185948102805 -0.043880649057710358 0.10445439582635936 -0.0066074533458205485 -0.10896194104338303 0.11967976498258528 0.001607592627764716 0.076965222959447022 -0.033083786782278052 -0.01857647265928988 0.099068192428754129 -0.071868364385638595 0.024924324494157934 0.041709549140915611 -0.11211761402585795 -0.028416411320105181 0.013749316469596594 -0.1087625861331927 -0.13549959661883981 0.073425924831461417 0.0040633586326336282 0.022218959329350252 -0.048225695564943161 0.019879215156572465 0.090946468067764324 -0.078795466771380801 0.043275122309571194 0.016528502211614036
leaf_weight=11.063632681965833 17.877060323953629 8.6583811193704623 7.8338598906993866 33.942656733095646 9.6297181844711321 15.458770200610163 6.9604214131832114 14.713343456387518 10.236662685871126 14.693575859069826 5.014972358942031 11.598365023732187 15.060870483517645 8.5857043862342834 52.482134565711021 7.1892940849065807 12.135802820324896 6.8415715917944935 11.715530484914778 13.715613193809984 9.5034248232841474 4.9669626355171195 5.8839539587497693 11.040170893073082 5.3844442516565314 19.243250161409378 9.6698846369981748 9.572834447026251 11.227926045656202 23.12454392015934
leaf_count=44 70 36 27 151 33 63 31 58 43 54 20 60 55 39 206 27 62 31 53 81 48 18 27 46 23 78 35 44 45 96
internal_value=0.00933962 0.023443 -0.00523428 0.0156235 0.0297324 0.00473166 -0.0383852 0.0522286 0.0767417 0.022312 0.0489625 -0.0106888 -0.00293953 0.032298 -0.0136843 0.00344404 -0.0548911 -0.0430045 -0.0417538 -0.0674411 -0.0906775 -0.0125705 0.0685137 -0.0189413 0.0329487 0.0480867 0.0450052 -0.0332689 -0.0090976 -0.0194019
internal_weight=405.025 205.836 199.19 187.959 119.663 56.6766 22.4192 62.9868 34.6199 28.3669 19.7085 185.472 148.442 34.6867 113.756 71.8072 19.3251 41.9484 37.0295 25.314 16.345 25.6034 13.7178 19.6259 34.2574 28.873 19.9065 20.6365 68.2951 57.0672
internal_count=1704 836 868 766 474 228 94 246 136 110 74 814 620 140 480 295 89 185 194 141 79 106 54 85 134 111 78 88 292 247
is_linear=0
shrinkage=0.1


Tree=17
num_leaves=31
num_cat=0
split_feature=8 8 17 8 8 13 8 6 18 13 15 3 3 17 19 16 0 7 12 12 15 8 7 17 17 4 16 17 0 15
split_gain=5.9626 17.5509 9.35855 8.34425 8.31736 6.54304 5.94829 5.46643 4.59089 4.44594 4.28853 4.22625 4.01022 5.23704 4.12179 5.72706 5.29052 8.29985 3.94772 3.85199 3.73248 3.70767 3.34131 3.25977 3.25314 3.17045 4.68251 3.16068 2.80781 2.71872
threshold=0.071124974213128508 0.75905031165006764 0.39909803165934116 1.0000000180025095e-35 -0.73821396468422373 0.27467550899125442 1.0833278384934255 0.72398890507662805 1.3812445733378931 1.2018002931059879 -0.16051008788097218 1.1130792935697051 0.23046978943451865 0.068813753013349591 0.24637590452456348 0.50417192070257655 -0.42396857197460402 0.37977827633579692 -0.062874598177864754 0.21530686497781709 0.16298912387268313 1.7483215807240853 -0.71775246286551064 1.0000000180025095e-35 1.0000000180025095e-35 1.0167757347533921 -1.0000000180025095e-35 -0.31497718396665708 0.28441358775748293 -0.11462161268195718
decision_type=2 2 2 2 2 2 2 2 2 2 2 2 2 2 2 2 2 2 2 2 2 2 2 2 2 2 2 2 2 2
left_child=3 -2 6 4 5 12 11 8 24 25 -4 19 14 -14 15 16 -1 -18 -16 -3 -17 -8 29 -20 28 -5 -27 -9 -7 -6
right_child=1 2 10 9 22 7 21 27 -10 -11 -12 -13 13 -15 18 20 17 -19 23 -21 -22 -23 -24 -25 -26 26 -28 -29 -30 -31
leaf_value=-0.13322062988597538 0.092304692911840694 0.042368793617149653 -0.018433413701680997 -0.0095400842845588755 -0.029998349691395605 0.0081275984521783275 0.099507990129205665 -0.0063857073170672241 -0.086010521718719243 -0.092360371080900436 -0.11313740890623175 -0.065636422316905793 0.010710817551002689 0.11380868087779679 -0.0051468175192921411 -0.0129090839153513 -0.06227666001276734 0.060526166609245417 0.096522532816131865 -0.039885037222383471 0.083685327282942354 0.029376364744968898 0.072356570939294304 0.0026419555985787886 0.047582733657861545 -0.0050540663053694904 -0.14071363490441693 -0.10713577298936075 -0.054279917044542436 0.061800542634342842
leaf_weight=4.8882290720939663 30.755351051688194 16.296773836016659 12.277919910848142 58.270925879478455 7.2786235362291336 21.463271200656891 10.837057903409002 4.4619451388716689 6.5194889530539504 9.2626177072525007 7.8315344974398604 9.1949204802513105 10.773248374462129 9.079442232847212 13.346959218382837 7.8756307065486935 15.669612050056459 8.483295336365698 11.876607075333597 8.7504488229751569 8.1296269744634611 24.764652907848358 26.798300728201866 5.3713113963603965 12.305397436022757 5.3159136176109314 4.8801413327455503 10.305604346096514 10.855594575405119 5.794586628675459
leaf_count=24 125 62 53 264 28 84 46 22 31 47 43 43 46 35 55 32 68 32 45 43 29 96 103 23 45 25 27 62 45 21
internal_value=0.00852394 0.0270926 0.00479634 0.000490442 0.0112373 0.00113391 0.0221037 -0.0231009 -0.00762588 -0.0273381 -0.0553154 -0.00765311 0.0178611 0.0578617 0.00736261 -0.0118753 -0.0383457 -0.0191443 0.0356876 0.0136328 0.0361546 0.0507242 0.0521374 0.0672864 0.00382591 -0.0185415 -0.0699849 -0.0766946 -0.0128345 0.0106907
internal_weight=399.715 120.709 89.9533 279.006 201.277 161.405 69.8439 65.9113 51.1438 77.7296 20.1095 34.2421 95.494 19.8527 75.6413 45.0464 29.0411 24.1529 30.5949 25.0472 16.0053 35.6017 39.8715 17.2479 44.6243 68.467 10.1961 14.7675 32.3189 13.0732
internal_count=1704 511 386 1193 830 678 290 289 205 363 96 148 389 81 308 185 124 100 123 105 61 142 152 68 174 316 52 84 129 49
is_linear=0
shrinkage=0.1


Tree=18
num_leaves=31
num_cat=0
split_feature=2 2 2 2 14 13 16 4 4 12 9 17 15 9 11 15 14 3 16 3 0 3 3 0 1 15 14 9 16 9
split_gain=7.25543 6.45943 15.6188 13.8966 6.87556 6.32869 5.02386 5.24247 9.13944 5.11972 4.84518 4.58816 4.37837 6.29903 6.44805 6.9971 4.66179 4.59404 4.77035 4.17003 6.14891 4.47626 4.06001 4.04755 5.69283 4.58917 4.6902 4.30309 3.98071 7.58478
threshold=2.2601347812385639 0.33521787112802781 0.27674290852126476 0.94849958921921784 2.3632375470689984 3.0308773963068067 1.0000000180025095e-35 1.1885961941754435 0.47532287575075244 1.9056679359992847 2.0091994745250719 0.87888776607447461 0.063989232317895731 1.4525731854909985 0.11195382528532945 -0.2014290738303243 0.055386641733079285 0.14712917384419452 0.95000938739815544 1.1130792935697051 -0.17445316902167238 1.4691034570165256 0.14712917384419452 -0.77023790851887008 1.3380766833452398 -0.23814514068022744 0.055386641733079285 1.2174879513384689 0.21698874378055091 0.057863500324282356
decision_type=2 2 2 2 2 2 2 2 2 2 2 2 2 2 2 2 2 2 2 2 2 2 2 2 2 2 2 2 2 2
left_child=1 2 5 -3 10 6 9 8 12 19 -4 28 13 14 17 16 -16 18 -8 22 -21 -22 23 25 27 -1 -27 -25 -5 -30
right_child=-2 3 4 11 -6 -7 7 -9 -10 -11 -12 -13 -14 -15 15 -17 -18 -19 -20 20 21 -23 -24 24 -26 26 -28 -29 29 -31
leaf_value=0.089528279683392498 -0.073124256930702666 0.1020535455143274 -0.047909554619578375 0.054345776616071942 0.080541360569984469 -0.075264354647063908 -0.045892654211080082 -0.063860758655861535 0.13937960586553721 -0.051327736986420042 0.053436822180268517 -0.046762894132112764 0.03265069957952068 0.097955131948178439 -0.0016911551831656779 -0.056850171858624038 0.10056615280765718 0.0011190998332323524 -0.15593657686257478 0.053804747175155522 -0.097677777192576254 0.030239117879106575 0.10159031865360613 0.084217311168351836 -0.023647992344568478 0.039928782981665738 -0.073807158081495725 0.0067469538421638144 0.036782397326337778 -0.10163858826198374
leaf_weight=4.5545669347047832 10.775387436151503 22.577164322137833 71.400075651705265 20.534746833145618 4.9375783503055564 7.1728129237890235 9.6763444244861656 10.140192389488218 5.300459921360015 6.528531774878501 5.0510138124227515 11.869058340787886 34.098680377006531 4.7229964286088935 9.214088901877405 9.9543714150786418 8.6375245451927167 8.1826015263795835 6.6441587656736365 11.592390015721323 7.2090839669108373 4.4085743129253387 12.976600334048269 36.104535967111595 7.8100963234901419 6.327379122376434 8.4916179329156858 8.9464851617813093 11.600007601082327 6.0092859566211692
leaf_count=18 50 89 349 85 19 30 43 49 20 29 18 56 137 17 38 46 32 36 34 48 33 20 52 143 33 26 40 38 49 27
internal_value=0.00780121 0.0100799 0.0037938 0.0369323 -0.0338273 0.0171825 0.020176 0.00453566 0.0117279 0.0346763 -0.0412137 0.00753495 0.00430323 -0.0126453 -0.0226315 0.010327 0.0477862 -0.0600325 -0.0906921 0.039855 0.00227788 -0.0491369 0.0500903 0.0408386 0.055169 0.00173767 -0.0252445 0.0688328 0.0244305 -0.0104547
internal_weight=393.448 382.673 310.083 72.5903 81.3887 228.694 221.521 106.571 96.4312 114.95 76.4511 50.0131 91.1308 57.0321 52.3091 27.806 17.8516 24.5031 16.3205 108.421 23.21 11.6177 85.2113 72.2347 52.8611 19.3736 14.819 45.051 38.144 17.6093
internal_count=1704 1654 1348 306 386 962 932 452 403 480 367 217 383 246 229 116 70 113 77 451 101 53 350 298 214 84 66 181 161 76
is_linear=0
shrinkage=0.1


Tree=19
num_leaves=31
num_cat=0
split_feature=9 9 11 1 0 11 1 9 9 9 13 11 8 5 8 19 14 1 7 11 13 7 6 7 7 7 17 8 8 2
split_gain=6.21115 9.73052 5.90634 5.33721 6.23954 5.58944 4.73208 4.58899 11.2918 8.23071 5.8949 5.57346 5.20177 5.03522 9.27037 4.49928 4.43674 4.25832 4.10428 4.00287 5.10361 3.93602 3.79243 3.69294 5.26648 6.70142 4.79448 9.56294 5.19378 6.22895
threshold=-0.37434629753242205 -0.033242108751767543 1.5886263669525176 1.3380766833452398 -0.32084482431399658 0.22741417996765576 1.6060272627348982 1.2174879513384689 0.47526706157457504 1.3487468139858649 0.98951752914183899 1.4061979518008973 0.45618061116622133 -0.09826763426710948 0.75905031165006764 0.24637590452456348 1.0000000180025095e-35 2.5560681442174809 -0.12129922379965261 -0.020892383657170475 0.27467550899125442 -0.031998534150867321 0.8632267129882345 0.24689607876682654 0.14525940587580199 -0.71775246286551064 1.0000000180025095e-35 -0.73821396468422373 -0.20833273103393077 0.08702032260612684
decision_type=2 2 2 2 2 2 2 2 2 2 2 2 2 2 2 2 2 2 2 2 2 2 2 2 2 2 2 2 2 2
left_child=2 -2 17 7 5 -5 -6 8 10 16 11 13 15 19 22 18 -9 23 -11 20 -3 -19 -15 24 25 26 27 -1 29 -28
right_child=1 3 -4 4 6 -7 -8 9 -10 12 -12 -13 -14 14 -16 -17 -18 21 -20 -21 -22 -23 -24 -25 -26 -27 28 -29 -30 -31
leaf_value=-0.10857984865318865 0.09883071365246153 0.065222106297278953 0.05919005562768085 -0.053438000781927876 -0.13720656621065827 0.090865068630719234 -0.011139390840207795 -0.088267681715538393 0.093720508529753305 0.036838716302380323 -0.064158956187777255 -0.045476986461973706 0.12470177377925716 0.049152145114787833 -0.10862134811008105 0.084404491780045499 -0.0087076244303078299 -0.012102466160458481 -0.081183568292203551 0.10033548831300972 -0.053491213199886228 0.10847327758136427 -0.046770848279077681 0.0076494080289804152 -0.055044411604443823 0.047939424222613707 0.11425090482850651 -0.0035670376409528853 -0.033389858822043816 -0.034959829983269991
leaf_weight=15.136366099119181 14.367174625396727 12.082497119903566 13.059332266449927 5.0394961535930651 6.7096990942954999 5.7433061152696609 5.3528303354978561 11.363292731344702 23.061331078410149 5.9055019021034276 8.5163978487253171 10.103945076465605 5.5517059862613669 22.077765211462985 5.7411032244563094 5.9873369187116614 18.29319229722023 5.2358101308345795 5.8806258440017718 14.948590599000445 5.1714158058166495 5.6060580760240537 5.0677543282508841 52.115746721625328 37.759534694254398 16.093582838773727 7.2884338274598139 20.304189860820774 13.758347474038599 4.5408765897154808
leaf_count=76 63 46 54 23 32 22 23 56 99 23 38 43 21 86 27 21 78 23 25 58 24 19 28 220 197 63 27 96 68 25
internal_value=0.00713418 0.0195923 -0.00571987 0.0133577 -0.0318523 0.023423 -0.0812634 0.0198229 0.031762 -0.00423722 0.0146929 0.0236237 0.0402058 0.0343504 0.0068277 0.0138127 -0.0391922 -0.0104864 -0.0220479 0.0624577 0.0296408 0.0502442 0.0312444 -0.0144292 -0.0244452 -0.00946348 -0.024601 -0.0484171 0.00838579 0.0569739
internal_weight=387.863 196.965 190.898 182.598 22.8453 10.7828 12.0625 159.752 106.771 52.9817 83.7095 75.1931 23.3252 65.0891 32.8866 17.7735 29.6565 177.839 11.7861 32.2025 17.2539 10.8419 27.1455 166.997 114.881 77.1218 61.0282 35.4406 25.5877 11.8293
internal_count=1704 836 868 773 100 45 55 673 449 224 350 312 90 269 141 69 134 814 48 128 70 42 114 772 552 355 292 172 120 52
is_linear=0
shrinkage=0.1


Tree=20
num_leaves=31
num_cat=0
split_feature=2 2 2 2 5 13 5 7 13 14 5 5 14 19 5 2 11 6 5 10 9 17 11 19 13 15 3 9 5 15
split_gain=5.81088 4.93828 11.6042 11.299 5.6579 6.70043 11.9576 7.26268 5.87379 5.37978 5.21548 5.32108 4.998 4.4467 4.20919 6.3388 3.57953 4.07207 4.91414 4.57591 3.45563 6.45766 3.81257 6.08457 3.74816 3.13934 3.6137 3.10272 3.01756 5.51415
threshold=2.2601347812385639 0.33521787112802781 0.94849958921921784 0.27674290852126476 2.0529032057945504 0.27467550899125442 -0.22001763072248443 2.1291896861571336 0.084213188051653787 2.3632375470689984 0.12780629567028304 0.9161486001452781 -0.24858188448122595 -0.46457252649857128 -0.73278988475135087 1.5365048581167948 1.4061979518008973 1.1396076357034957 -0.45998737494417569 -1.0000000180025095e-35 0.47526706157457504 -0.27705425476710704 0.4649798366632949 0.49589665867043853 0.66776648341210343 -1.0000000180025095e-35 -0.17965458965174999 -1.0139505168245575 1.0000000180025095e-35 -0.16051008788097218
decision_type=2 2 2 2 2 2 2 2 2 2 2 2 2 2 2 2 2 2 2 2 2 2 2 2 2 2 2 2 2 2
left_child=1 3 -3 4 5 6 12 20 10 16 28 -12 -1 25 15 -4 17 18 19 -5 22 -22 24 -24 -7 26 -13 -16 29 -8
right_child=-2 2 14 9 -6 7 8 -9 -10 -11 11 13 -14 -15 27 -17 -18 -19 -20 -21 21 -23 23 -25 -26 -27 -28 -29 -30 -31
leaf_value=0.027501143694382044 -0.066759342843263403 0.094878987558750266 -0.054533565921105635 -0.0044350411456059247 0.090089508156786138 -0.016086743341434014 -0.057748037163019676 0.10697063194368842 0.085932444930512747 0.070689537822690537 0.060132996553479118 -0.15295811491478783 0.093441831586071999 0.03417037296850374 -0.027027455069109148 0.078728943100882326 -0.089641824107550019 -0.078316546849220556 -0.040626147550240715 0.1033995183129925 0.075228957164746674 -0.06081056143648364 0.081140254689789415 -0.070688034624223961 -0.071695813515135987 0.012272159497971946 -0.020298832258190753 0.051125570514289204 -0.062606856915361317 0.051204303186324275
leaf_weight=19.963005997240543 10.523218914866446 20.922878816723824 17.225281178951267 15.79382034391165 9.5024302750825864 25.748528681695461 9.5914396941661852 4.837996616959571 7.737323433160781 5.0304098874330512 17.787351876497269 4.2675995677709526 27.096185982227325 11.29206430912018 6.7275854274630573 4.5023215860128394 10.71279802918434 12.49347387254238 29.960045650601391 5.2409821450710252 9.2196089029312116 5.614148497581481 6.8444543629884702 4.2963956445455551 22.900817677378654 4.8557737469673183 3.9577340632677078 20.740801505744457 17.768572770059109 9.0077237784862501
leaf_count=89 50 89 81 69 37 119 41 16 30 19 73 23 110 45 32 18 55 82 140 21 35 27 29 21 105 22 19 86 85 36
internal_value=0.00652033 0.00859529 0.0324992 0.00303643 0.0145936 0.0112222 0.0249216 -0.0117634 0.0028024 -0.029388 -0.00538834 0.018547 0.0654691 -0.0118022 0.00596924 -0.0269194 -0.0361727 -0.0271505 -0.0146151 0.0224328 -0.0194611 0.0237419 -0.0301796 0.0225887 -0.0422637 -0.0514873 -0.0891272 0.0319843 -0.0331362 -0.00498155
internal_weight=382.163 371.64 70.1189 301.521 222.289 212.787 133.325 79.462 86.2656 79.2315 78.5283 42.1605 47.0592 24.3732 49.196 21.7276 74.2011 63.4883 50.9948 21.0348 74.624 14.8338 59.7902 11.1409 48.6493 13.0811 8.22533 27.4684 36.3677 18.5992
internal_count=1704 1654 306 1348 962 925 573 352 374 386 344 182 199 109 217 99 367 312 230 90 336 62 274 50 224 64 42 118 162 77
is_linear=0
shrinkage=0.1


Tree=21
num_leaves=31
num_cat=0
split_feature=9 9 3 3 11 9 14 19 2 5 5 1 0 0 15 15 0 4 3 19 16 5 15 15 11 13 14 11 11 13
split_gain=4.79119 7.84645 4.65528 6.73992 4.4972 4.41234 4.43045 3.80926 3.58299 8.4808 4.78615 3.28207 3.6901 4.98528 4.43504 5.60085 5.34181 4.42958 5.85373 6.80077 4.09291 9.13586 6.00009 4.10249 4.18024 7.28756 3.32411 3.48372 3.23252 3.11814
threshold=-0.37434629753242205 -0.033242108751767543 0.14712917384419452 1.1130792935697051 1.8317119005315685 2.1745000803147847 -0.56743621049686044 0.42214533872447668 0.27674290852126476 -0.31062734707499007 0.64260517394657202 2.5560681442174809 -0.77023790851887008 -0.17445316902167238 1.0000000180025095e-35 0.65408303889854758 1.3432075644370391 0.31639866324169991 -0.073175102190187025 -0.081014884107160082 1.0000000180025095e-35 0.48907567540347763 -0.27127286622352553 -0.077006808414561784 -0.32014354348622648 0.27467550899125442 1.3380285426001368 0.11195382528532945 0.27744465643323141 0.27467550899125442
decision_type=2 2 2 2 2 2 2 2 2 2 2 2 2 2 2 2 2 2 2 2 2 2 2 2 2 2 2 2 2 2
left_child=4 -2 5 -4 11 6 7 -3 9 29 -10 12 17 -14 20 -16 -17 18 19 -1 21 -15 -23 24 -22 -26 27 -19 -20 -8
right_child=1 2 3 -5 -6 -7 8 -9 10 -11 -12 -13 13 14 15 16 -18 26 28 -21 23 22 -24 -25 25 -27 -28 -29 -30 -31
leaf_value=-0.15554746886251597 0.091648797369776339 -0.045092195462193639 0.097004537070557353 0.013948479923085719 0.061580359640563555 0.072962174320643045 0.12971108272906379 0.0083204662981006781 -0.038675204355550954 -0.002917447022978767 0.070219394639263341 0.044696695238479342 0.045396294061291587 -0.040446122547631316 0.10570150443873823 0.020204506630082861 -0.10327660838488005 -0.033154366834665147 0.070704762022980483 -0.0012809025465642919 -0.073048466388481878 -0.009247790048600801 0.13878938297017504 -0.09329548010710173 -0.050209452249544533 0.11419714476535787 0.0080421770832448166 -0.12099178314491231 -0.015984599776222217 0.041136374852418361
leaf_weight=4.7164334952831268 13.148881167173384 33.357671700417995 13.909283608198164 32.834712311625481 9.4978263229131681 8.1855065822601301 8.7419556528329831 22.263738267123699 19.34355349838734 26.179442644119266 5.1004643961787215 10.671752400696276 18.335661798715591 20.137399815022949 6.0960186123847988 19.849536485970024 4.2542435750365248 7.5643696784973207 8.9337673708796519 7.251175172626974 8.8546512126922572 4.9505224078893661 6.1257267892360669 13.478432364761835 6.3897993639111483 4.66417595744133 4.7522304952144614 11.201762385666369 8.2954836189746839 7.2877357006072989
leaf_count=24 63 159 61 142 41 31 35 96 87 111 21 42 74 98 24 91 21 40 37 32 47 23 23 74 31 20 22 65 39 30
internal_value=0.00596214 0.0171157 0.0115852 0.0386629 -0.00545115 0.00188322 -0.00287507 -0.0237126 0.0145136 0.0321576 -0.0159534 -0.00905778 -0.0125166 -0.00233478 -0.0115666 0.0200678 -0.00158953 -0.0343687 -0.00835218 -0.0620773 -0.0263552 -0.000322785 0.0726243 -0.0506929 -0.0218504 0.0191612 -0.0666668 -0.0855857 0.0289659 0.0894415
internal_weight=376.374 190.353 177.204 46.744 186.021 130.46 122.275 55.6214 66.6532 42.2091 24.444 176.523 165.851 113.136 94.8005 30.1998 24.1038 52.7152 29.1969 11.9676 64.6007 31.2136 11.0762 33.3871 19.9086 11.054 23.5184 18.7661 17.2293 16.0297
internal_count=1704 836 773 203 868 570 539 255 284 176 108 827 785 526 452 136 112 259 132 56 316 144 46 172 98 51 127 105 76 65
is_linear=0
shrinkage=0.1


Tree=22
num_leaves=31
num_cat=0
split_feature=2 8 8 17 9 8 5 13 10 6 13 11 3 0 2 9 7 17 3 18 10 10 19 0 11 19 9 5 6 6
split_gain=4.61321 4.12068 12.3273 6.78757 5.82566 4.94275 5.91073 5.17659 4.8084 4.12931 4.25653 4.03625 4.02435 5.41096 4.00497 4.10004 3.92741 7.07314 3.85871 3.6778 4.12731 3.96215 5.66595 6.10763 6.47724 3.25605 3.21407 3.8545 4.50474 3.1394
threshold=2.2601347812385639 0.071124974213128508 0.58604625066338423 0.65996663140346346 1.3487468139858649 1.0000000180025095e-35 -0.45998737494417569 1.2018002931059879 2.6635391190623485 1.0362826165483503 3.0308773963068067 -0.63921528034091024 -0.10488740326050557 1.3432075644370391 0.33521787112802781 0.11430361416268171 1.2366221534559902 0.87888776607447461 -0.14410145488001885 1.9201663039765535 1.1133179260591255 0.65827033732500217 0.49589665867043853 0.085346391801819979 0.11195382528532945 0.35684772738892151 -0.4101458874888616 0.9161486001452781 1.1396076357034957 1.2572398040110684
decision_type=2 2 2 2 2 2 2 2 2 2 2 2 2 2 2 2 2 2 2 2 2 2 2 2 2 2 2 2 2 2
left_child=1 5 -3 4 14 8 7 16 9 10 12 -11 19 -14 -4 -16 17 -7 -5 20 21 22 23 24 -1 -20 -8 28 -28 -13
right_child=-2 2 3 18 -6 6 26 -9 -10 11 -12 29 13 -15 15 -17 -18 -19 25 -21 -22 -23 -24 -25 -26 -27 27 -29 -30 -31
leaf_value=0.075040045953772505 -0.060917875427932436 0.094993749110737005 0.001643089900904788 -0.12553445444545838 0.13578889009882075 -0.03580367412715179 -0.10109697031844143 -0.080672752474142184 -0.068502231271718839 -0.065132193017574974 -0.066641654244465887 -0.025921897662049928 0.049448778789536206 -0.043322023404943205 0.10246420162231062 -0.012953684793510389 0.089966080977158358 0.093267633051293986 0.01836460079452731 -0.058174733675304395 -0.056903569304847114 0.089848793889297063 0.068648407674210293 -0.053763754644001654 -0.047660508087734865 -0.091324344546311886 -0.098962789134231177 0.0030607715445413442 0.023056793401924867 0.062374483206603409
leaf_weight=11.842801392078401 10.193085148930548 19.791087910532951 53.334025986492634 4.7812042608857181 4.1718759089708319 13.635870277881628 8.7463794872164708 5.2778917029499999 7.6394279152154914 12.374773137271406 5.5251681804656974 9.8226945102214831 61.956556938588619 6.9971693456172934 8.8786879628896695 4.7108166217803946 7.3536185920238486 6.1654314175248137 7.8809917196631414 7.9120227769017211 7.2272445708513251 7.7316103279590598 13.11949349939823 16.02710522711277 6.7569308578968039 4.121504545211792 11.65733125805855 15.409462869167326 4.0861210748553267 6.8245065435767165
leaf_count=44 50 96 243 29 16 67 50 29 39 74 24 57 253 31 37 21 26 27 37 38 32 32 51 70 27 23 58 70 25 28
internal_value=0.00542813 0.00729752 0.0236928 0.00763531 0.0211385 0.000350016 -0.0217591 0.00994718 0.00914855 0.0125555 0.0194428 -0.021878 0.0228506 0.0400347 0.0139915 0.0624545 0.0275603 0.00438461 -0.0495641 0.00607133 0.0141778 0.0234377 0.0126837 -0.00852032 0.0304653 -0.0193012 -0.0475321 -0.0324934 -0.0672933 0.0102751
internal_weight=371.953 361.76 107.67 87.8791 71.0954 254.09 72.3321 32.4328 181.758 174.118 145.096 29.022 139.571 68.9537 66.9235 13.5895 27.1549 19.8013 16.7837 70.6172 62.7052 55.4779 47.7463 34.6268 18.5997 12.0025 39.8993 31.1529 15.7435 16.6472
internal_count=1704 1654 502 406 317 1152 352 149 800 761 602 159 578 284 301 58 120 94 89 294 256 224 192 141 71 60 203 153 83 85
is_linear=0
shrinkage=0.1


Tree=23
num_leaves=31
num_cat=0
split_feature=2 2 2 2 5 5 13 17 17 14 11 16 14 11 12 15 2 11 5 6 11 19 3 16 7 11 6 5 10 7
split_gain=3.79591 3.52043 9.19722 7.87499 4.52644 5.05377 8.598 4.30186 4.26637 4.10285 4.31754 6.22485 4.09323 3.64528 6.07763 5.93614 3.42436 5.32747 3.36259 6.16975 5.93673 4.72383 3.34853 4.57489 3.70226 3.07963 3.4754 3.93067 3.51298 2.82434
threshold=2.2601347812385639 0.33521787112802781 0.79203882088336774 0.27674290852126476 2.0529032057945504 -0.22001763072248443 0.80784798540785407 -0.092591317284196881 0.48561042310678876 -0.24858188448122595 0.11195382528532945 -0.048188767942684452 2.3632375470689984 0.27744465643323141 0.053614323057138528 -0.2014290738303243 0.08702032260612684 0.11195382528532945 -0.73278988475135087 0.72398890507662805 -0.32014354348622648 0.19923637030435354 1.1130792935697051 0.21698874378055091 -1.0000000180025095e-35 1.4061979518008973 1.1396076357034957 -0.45998737494417569 -1.0000000180025095e-35 -0.12129922379965261
decision_type=2 2 2 2 2 2 2 2 2 2 2 2 2 2 2 2 2 2 2 2 2 2 2 2 2 2 2 2 2 2
left_child=1 3 -3 4 5 6 9 -8 18 -1 11 -11 25 16 22 -16 17 -7 20 -20 -4 -22 23 -15 -25 26 27 28 -5 -17
right_child=-2 2 8 12 -6 13 7 -9 -10 10 -12 -13 -14 14 15 29 -18 -19 19 -21 21 -23 -24 24 -26 -27 -28 -29 -30 -31
leaf_value=0.015881497217031425 -0.055678195848490569 0.12352398060589261 -0.083168701019135427 -0.0028532022239126653 0.080228200306954281 -0.0051277097850398684 0.0075484757213096099 -0.090054163212446178 -0.035637188337388874 0.08221715535106057 0.096602795947349093 -0.046826095789137795 0.060917598718130066 0.06313301789265939 0.0004077058659953649 -0.060033062738659507 0.073647182831051108 0.10669539012022598 0.078640254026039358 -0.029534908848551145 0.097464546769977164 -0.038155316267041516 -0.075174038406696092 0.034308209055284832 -0.089617484326913965 -0.082726741981030305 -0.072674428014316408 -0.0357214358724239 0.091056340192727125 -0.16035206977019328
leaf_weight=26.892231933772564 10.045129358768461 8.6614713370800001 6.3522151708602932 15.576082557439806 9.239790163934229 66.549164041876793 11.293825477361681 7.5243759751319876 13.734412945806978 8.7085864245891553 21.172290414571762 6.5495738461613646 5.1071855872869483 11.598881818354135 7.1815838590264347 5.054288662970067 7.3686155080795279 4.5518888235092154 19.930597119033344 7.1689123511314383 5.991957068443293 4.4949731752276421 4.3852252513170233 4.6425515711307526 5.0146130025386793 10.166335441172121 11.575483404099939 28.951028220355514 5.3521910309791521 6.3101161941885922
leaf_count=123 50 42 30 69 37 302 50 39 67 38 85 31 19 50 32 27 29 19 82 36 25 24 22 19 25 55 82 140 21 34
internal_value=0.00494745 0.00665283 0.0274404 0.00191041 0.0117638 0.00867492 0.027871 -0.0314775 0.0130104 0.0455081 0.0673779 0.0268253 -0.0255762 -0.00418028 -0.0271535 -0.0707612 0.00875623 0.0020312 0.0282167 0.0500236 -0.00687738 0.0393343 0.00438738 0.0208013 -0.0300419 -0.0317439 -0.0233099 -0.0118539 0.0211632 -0.115735
internal_weight=367.146 357.1 66.3345 290.766 214.038 204.798 82.1409 18.8182 57.6731 63.3227 36.4305 15.2582 76.7283 122.657 44.1873 18.546 78.4697 71.1011 43.9387 27.0995 16.8391 10.4869 25.6413 21.256 9.65716 71.6211 61.4548 49.8793 20.9283 11.3644
internal_count=1704 1654 306 1348 962 925 366 89 264 277 154 69 386 559 209 93 350 321 197 118 79 49 116 94 44 367 312 230 90 61
is_linear=0
shrinkage=0.1


Tree=24
num_leaves=31
num_cat=0
split_feature=9 9 1 11 3 9 3 13 16 11 14 4 8 11 15 16 16 16 2 7 6 8 1 16 3 19 16 18 10 15
split_gain=3.46435 6.15574 3.66063 4.15843 4.13693 5.34567 4.54182 3.53442 4.47553 3.50244 3.46691 3.21997 3.56189 5.08661 3.17505 2.97686 4.55925 4.50718 4.29644 4.84865 3.51607 5.07041 3.85305 3.41888 3.2108 2.9333 2.9061 4.47341 2.85338 3.79697
threshold=-0.37434629753242205 -0.033242108751767543 1.3380766833452398 0.11195382528532945 0.14712917384419452 1.2174879513384689 -0.14410145488001885 0.27467550899125442 -1.0000000180025095e-35 1.8317119005315685 -1.0000000180025095e-35 1.0167757347533921 1.0000000180025095e-35 1.0000000180025095e-35 -0.11462161268195718 0.2920416790593886 2.413428150744128 1.6852574952165544 2.2601347812385639 0.28328722933143241 0.8632267129882345 0.32782372801487258 3.142095684515144 1.3026968228741045 1.1130792935697051 0.19923637030435354 1.3026968228741045 1.9201663039765535 0.71920343763719918 1.1843909821258747
decision_type=2 2 2 2 2 2 2 2 2 2 2 2 2 2 2 2 2 2 2 2 2 2 2 2 2 2 2 2 2 2
left_child=9 -2 4 10 6 7 26 -6 -9 15 -4 12 13 -8 -5 18 17 23 19 20 22 -22 24 -17 28 -25 27 -3 29 -1
right_child=1 2 3 14 5 -7 11 8 -10 -11 -12 -13 -14 -15 -16 16 -18 -19 -20 -21 21 -23 -24 25 -26 -27 -28 -29 -30 -31
leaf_value=0.022940110802482164 0.084078709197556237 0.036841054114807363 -0.13328650708366979 -0.040945238401208561 0.091326237529740437 -0.028028545090767805 0.083922126920110529 0.064192384645176723 -0.055649937536229391 0.0548085590312586 -0.020567606283272796 -0.080782586288489722 -0.03559913779960816 -0.028328272444328853 0.06719125185569004 0.055604953516669588 -0.05078630543684505 0.12398537606089524 -0.10957496913494863 0.016373512050799646 -0.1040708745129845 0.0039811344519837645 0.067979721483377567 0.023127200960915757 -0.06855464804025882 -0.058895425761434153 -0.041753545941550091 -0.060411285424316036 -0.044074340617340134 -0.075151567247122242
leaf_weight=25.379204854369167 11.782747901976107 54.520338647067547 5.0385795533657074 5.2501165717840195 17.544519074261192 8.4728385657072049 7.98705477267504 9.2696409225463849 4.6942742466926566 9.1691504865884763 5.9519664123654383 7.2725764960050574 20.511579051613808 8.1626181080937368 5.6236286312341672 12.829440578818323 8.7455538362264615 4.4476809203624716 4.7668911516666403 38.775567851960659 11.886845715343954 6.8429562970995894 5.1090736985206595 10.146486870944502 12.059066116809843 7.6452744975686064 6.5521676987409583 5.1790435239672652 16.494815856218338 4.672683283686637
leaf_count=119 63 240 27 23 80 39 32 40 21 41 27 36 93 35 23 52 46 15 27 171 82 35 20 48 68 41 30 27 79 24
internal_value=0.00451141 0.0141539 0.0093646 -0.0288645 0.0149308 0.0424848 0.00493263 0.0614464 0.0239048 -0.005392 -0.0722432 -0.019999 -0.00794127 0.0271868 0.0149802 -0.00864278 0.0138096 0.0299187 -0.016451 -0.012789 -0.0265048 -0.0645939 -0.015308 0.0162557 -0.0225688 -0.0121186 0.0214657 0.0284042 -0.010655 0.00768811
internal_weight=362.784 183.814 172.031 21.8643 150.167 39.9813 110.185 31.5084 13.9639 178.971 10.9905 43.9338 36.6613 16.1497 10.8737 169.802 43.8144 35.0689 125.987 121.22 82.4446 18.7298 63.7148 30.6212 58.6058 17.7918 66.2515 59.6994 46.5467 30.0519
internal_count=1704 836 773 100 673 180 493 141 61 868 54 196 160 67 46 827 202 156 625 598 427 117 310 141 290 89 297 267 222 143
is_linear=0
shrinkage=0.1


Tree=25
num_leaves=31
num_cat=0
split_feature=9 9 10 5 14 0 2 10 15 10 5 0 9 17 15 9 16 4 2 15 0 17 0 0 3 3 3 3 16 13
split_gain=2.89906 6.91947 3.59072 2.94663 3.57636 3.84338 5.00115 4.30985 3.94021 3.7557 3.56139 7.33765 3.72531 3.4202 3.30751 3.48915 7.56411 7.02942 5.28812 2.99569 2.7802 2.72699 2.43087 3.50675 3.39888 5.66631 5.23597 4.11231 5.25248 4.20732
threshold=-0.28927029204460036 -0.033242108751767543 2.6635391190623485 2.0529032057945504 -0.56743621049686044 0.82118899409079227 0.27674290852126476 1.1133179260591255 -0.35370559082498199 1.0000000180025095e-35 -0.31062734707499007 -0.17445316902167238 1.2174879513384689 0.39909803165934116 1.0000000180025095e-35 0.53527327325094431 -0.048188767942684452 -1.0000000180025095e-35 0.20581511208995598 0.77163260641584019 -1.0000000180025095e-35 -0.31497718396665708 1.3432075644370391 2.5440706081620994 1.2019738642068785 1.1130792935697051 2.0865937436195865 -0.073175102190187025 -0.29869863804182173 0.27467550899125442
decision_type=2 2 2 2 2 2 2 2 2 2 2 2 2 2 2 2 2 2 2 2 2 2 2 2 2 2 2 2 2 2
left_child=22 -2 3 4 14 6 7 8 -6 13 12 -12 -10 -8 15 18 17 -17 21 -16 -21 -3 24 -24 25 27 -26 28 29 -1
right_child=1 2 -4 -5 5 -7 9 -9 10 -11 11 -13 -14 -15 19 16 -18 -19 -20 20 -22 -23 23 -25 26 -27 -28 -29 -30 -31
leaf_value=-0.019178647788564675 0.097267391067531794 -0.032227424252442884 -0.0732568415152378 0.092564870668706167 0.096978023381458889 0.071838366052311101 -0.05811271007155986 -0.036815623185172196 0.12005099588191498 0.045580228532357193 0.041341794230222481 -0.10964226040051997 -0.0015454487917171411 0.035265542131474176 0.074242096201576055 0.11985422006672808 -0.062823582312333454 -0.027291352651327868 0.0029870225345777993 -0.02843679684510439 0.052450311973301515 -0.12487815381592787 -0.060213035190970057 0.033554592333883686 0.10682881855430336 -0.067101885659165958 -0.015894895085136144 0.021039940309131238 0.0041693024338786194 -0.10499962283069829
leaf_weight=14.458779022097589 9.2569218724966031 5.0251931101083747 5.2084830328822127 4.3208775818347922 11.559789493679991 13.382753849029539 17.873996153473861 7.0443789884448043 6.3181408718228287 7.1099825054407111 10.709877967834464 4.6018772721290793 4.1906866952776909 5.02528242021799 7.5375427752733257 7.2733011990785599 9.5379330590367299 5.8641341403126734 10.737511418759821 12.258177347481254 6.5038841813802692 8.6364701762795466 15.896751694381239 5.3242090791463843 7.0795102715492231 13.409659795463083 6.8308583125472069 57.881608553230762 48.609320715069771 9.4432733133435232
leaf_count=71 55 22 26 16 47 53 85 33 28 29 48 20 20 23 36 31 46 28 52 57 27 46 86 25 30 81 34 264 233 52
internal_value=0.00410127 0.0130626 0.00849679 0.0110695 0.00888493 0.0225004 0.0136298 0.0349339 0.0484552 -0.0179082 0.0267317 -0.00403577 0.071561 -0.0376207 -0.00741056 -0.02328 0.00496083 0.0541731 -0.0495255 0.0209946 -0.000397214 -0.0907983 -0.00491232 -0.0366873 -0.000636859 -0.00520269 0.0465638 0.00116304 -0.0147035 -0.053085
internal_weight=358.911 179.977 170.72 165.512 161.191 87.8168 74.434 44.4248 37.3804 30.0093 25.8206 15.3118 10.5088 22.8993 73.3741 47.0745 22.6754 13.1374 24.3992 26.2996 18.7621 13.6617 178.934 21.221 157.713 143.803 13.9104 130.393 72.5114 23.9021
internal_count=1704 828 773 747 731 386 333 196 163 137 116 68 48 108 345 225 105 59 120 120 84 68 876 111 765 701 64 620 356 123
is_linear=0
shrinkage=0.1


Tree=26
num_leaves=31
num_cat=0
split_feature=12 10 10 15 5 9 17 17 14 9 9 11 4 3 2 15 5 4 7 9 13 2 16 9 7 2 19 3 5 3
split_gain=3.18008 3.57334 5.79244 3.95959 3.15419 3.34629 4.32011 4.81712 3.94603 3.05626 4.0851 4.33769 5.42736 3.66411 3.52131 3.31462 2.95553 4.23627 2.99712 8.07591 3.97075 3.53565 2.89838 3.91101 3.75591 3.11047 2.73504 2.62088 2.46274 2.41718
threshold=1.0000000180025095e-35 2.6635391190623485 1.2618633059181228 -0.077006808414561784 2.0529032057945504 -0.45956091459698467 1.0000000180025095e-35 -0.27705425476710704 0.27397806272271569 -0.37434629753242205 -0.4101458874888616 0.11195382528532945 -0.23144072803086002 1.1130792935697051 0.08702032260612684 -1.0000000180025095e-35 0.9161486001452781 0.091780343570397258 0.28328722933143241 0.057863500324282356 0.12409291878993985 0.27674290852126476 -0.048188767942684452 1.2174879513384689 0.14525940587580199 1.0653952537189115 0.49589665867043853 -0.14410145488001885 0.12780629567028304 -0.3274836635606993
decision_type=2 2 2 2 2 2 2 2 2 2 2 2 2 2 2 2 2 2 2 2 2 2 2 2 2 2 2 2 2 2
left_child=1 2 9 -3 5 6 7 29 -8 10 11 12 14 -12 -1 -14 18 26 28 21 -21 -20 -11 25 27 -24 -18 -25 -7 -2
right_child=4 3 -4 -5 -6 16 8 -9 -10 22 13 -13 15 -15 -16 -17 17 -19 19 20 -22 -23 23 24 -26 -27 -28 -29 -30 -31
leaf_value=-0.099415923556881405 -0.089195740519232597 0.012744720865173229 0.11169073554462575 -0.13294235373266258 0.059740608739783096 -0.0075838883843960606 0.034914774151891377 -0.11982036561261909 -0.070157109742571833 0.040718553456064073 -0.012365049266558265 0.045565825521390803 -0.012616912712164727 -0.094217924796507299 -0.0036225954234638501 0.085956750403178697 -0.039118068396856109 -0.092643563549006339 0.15856068461566583 0.038073099927597713 -0.08972660862128462 0.039601827535532624 0.043057888328089121 0.044955690167651184 -0.095432562009816035 -0.044726700088710145 0.0593611704644798 -0.05001505068325366 0.067342918158315071 -0.0048926121000787935
leaf_weight=7.7837355881929415 4.712891764938834 3.9838746413588524 5.9916361942887297 3.5085096433758727 6.8211180195212355 64.851149529218674 12.530310273170473 8.7257436178624612 5.0007268264889708 49.923580087721348 25.050673700869083 24.806760393083096 7.1459294557571411 6.9962899908423415 7.5687731578946114 6.5270454213023168 6.6465368792414683 7.8233948573470107 5.4826277270913142 5.0576311647891981 4.6815223693847656 4.5903375968337059 24.435892149806026 6.4129959121346483 5.9853529483079901 4.8350167274475089 4.8987175598740578 5.3133841454982766 4.705020159482955 12.219468653202059
leaf_count=37 23 18 27 22 31 322 58 55 25 230 125 111 36 42 33 30 34 44 22 22 20 22 116 26 30 21 21 23 21 57
internal_value=0.00374012 0.0122519 0.01494 -0.0554772 -0.00678357 -0.00977034 -0.033319 -0.0594618 0.00494303 0.0117686 -0.0019673 0.0148606 -0.0113818 -0.0302347 -0.0521899 0.034439 -0.00041706 -0.0358308 0.00725809 0.0415714 -0.0233591 0.10435 0.0239414 0.00611412 -0.0309764 0.0285575 0.00266724 0.00192314 -0.00251558 -0.0283572
internal_weight=355.017 196.269 188.777 7.49238 158.747 151.926 43.1891 25.6581 17.531 182.785 85.8792 53.8322 29.0255 32.047 15.3525 13.673 108.737 19.3686 89.3683 19.8121 9.73915 10.073 96.9062 46.9826 17.7117 29.2709 11.5453 11.7264 69.5562 16.9324
internal_count=1704 927 887 40 777 746 218 135 83 860 414 247 136 167 70 66 528 99 429 86 42 44 446 216 79 137 55 49 343 80
is_linear=0
shrinkage=0.1


Tree=27
num_leaves=31
num_cat=0
split_feature=2 2 2 2 11 0 17 0 1 11 19 14 12 17 16 5 19 5 11 9 5 12 4 5 9 0 14 0 11 15
split_gain=2.76439 2.60202 7.4401 5.29057 3.57327 3.71766 3.53456 3.36302 6.86451 4.20253 4.23997 4.3211 5.4296 3.28687 3.15421 4.18389 3.06514 3.05506 3.97473 3.00283 2.9405 2.91618 3.15173 5.0443 4.3894 4.99424 5.78184 4.12117 2.98541 2.77812
threshold=2.2601347812385639 0.33521787112802781 0.79203882088336774 0.27674290852126476 1.4061979518008973 0.59652246996229175 0.87888776607447461 -0.77023790851887008 1.3380766833452398 1.5886263669525176 1.2114621874997022 0.27397806272271569 -0.027844682403543597 0.87888776607447461 0.95000938739815544 -0.047827208553481208 -0.1019375778314703 -0.73278988475135087 -0.32014354348622648 0.43791124164290823 0.73256114054184474 1.5616194408947914 0.25060032484062311 1.1981689815294398 1.2174879513384689 0.3620160539774871 -0.032470057149697099 -0.17445316902167238 1.0628668834203898 -1.0000000180025095e-35
decision_type=2 2 2 2 2 2 2 2 2 2 2 2 2 2 2 2 2 2 2 2 2 2 2 2 2 2 2 2 2 2
left_child=1 3 -3 7 5 -5 17 9 14 10 11 -1 -13 -7 21 -16 -8 18 -4 -20 29 22 23 24 25 26 -9 -28 -24 -10
right_child=-2 2 6 4 -6 13 16 8 20 -11 -12 12 -14 -15 15 -17 -18 -19 19 -21 -22 -23 28 -25 -26 -27 27 -29 -30 -31
leaf_value=0.019149301022706317 -0.049543928085916789 0.11891361986434026 -0.072957490957181487 0.0025935961466516232 -0.07817507413503727 -0.074458250804754295 -0.090695841718975559 -0.07052885124902851 -0.042894933133352624 0.079181096870341638 -0.09112917123719988 0.014293910023228794 -0.084504390954530675 0.016162220585948284 0.035127812561903025 -0.057331439100058362 0.01213628963124401 0.044680354252735595 0.068129535164436497 -0.040063976042451238 -0.10675064339075938 -0.024379683614757827 0.074633639699891771 0.096154333897282285 -0.050211340999537772 0.062750990071233567 0.09713960884507887 -0.014442948540835771 -0.0055838919505556174 0.043897297820889587
leaf_weight=26.823071256279945 9.596623480319975 7.1979825347661963 6.2342272922396686 44.312438175082207 9.8708962649106962 14.450800564140083 5.6827279701828957 8.5934931710362381 11.78497597575188 4.7999632060527793 6.9993054270744315 10.070242166519167 12.426462702453135 5.5357389748096457 9.976548910140993 9.6071075052022916 5.9165049493312818 27.089372470974926 6.772727511823172 4.1292232498526573 4.4758697226643553 8.0081647709012014 29.784475348889828 8.4095781743526441 9.1417669802904111 19.784976057708263 5.895380251109593 7.5477075427770739 5.4954540431499472 5.3677643388509759
leaf_count=127 50 42 30 228 56 75 33 45 54 21 37 46 61 27 44 51 27 122 32 20 23 38 131 37 43 88 28 35 28 25
internal_value=0.00339007 0.00487461 0.0232275 0.000731322 -0.0221551 -0.0135552 0.0108898 0.00901204 0.0173603 -0.0106395 -0.0182948 -0.00795836 -0.0402791 -0.0493588 0.0265481 -0.0102297 -0.0382435 0.0237763 -0.00926951 0.0271502 -0.0345694 0.0335639 0.0384662 0.0244 0.0125596 0.0262807 -0.00646314 0.0344909 0.0621384 -0.0157342
internal_weight=351.782 342.185 63.0228 279.162 74.1699 64.299 55.8248 204.992 143.873 61.119 56.3191 49.3198 22.4967 19.9865 122.245 19.5837 11.5992 44.2256 17.1362 10.902 21.6286 102.661 94.6528 59.3729 50.9633 41.8216 22.0366 13.4431 35.2799 17.1527
internal_count=1704 1654 306 1348 386 330 264 962 670 292 271 234 107 102 568 95 60 204 82 52 102 473 435 276 239 196 108 63 159 79
is_linear=0
shrinkage=0.1


Tree=28
num_leaves=31
num_cat=0
split_feature=2 3 8 8 17 3 6 11 19 15 4 13 3 4 0 5 19 0 18 19 8 8 2 17 7 13 5 5 19 3
split_gain=2.27134 2.34292 2.33105 9.03906 5.15758 3.26732 3.10448 4.95218 3.20852 3.07977 3.53404 2.91002 4.03484 3.50912 3.20657 3.76269 5.50023 2.74604 2.74155 3.92005 2.67928 3.1961 2.95157 2.97285 2.91676 3.99692 2.53759 2.53041 2.47774 2.4433
threshold=2.2601347812385639 0.085855751475224187 0.071124974213128508 0.58604625066338423 0.65996663140346346 -0.14410145488001885 1.0362826165483503 -0.63921528034091024 0.49589665867043853 0.77163260641584019 0.39071553652505897 0.27467550899125442 -0.10488740326050557 1.587176451448326 0.3620160539774871 0.21075987597697013 0.19923637030435354 -0.17445316902167238 1.3812445733378931 0.19923637030435354 1.0000000180025095e-35 -0.43843683939677264 -0.049662415537797704 -1.0000000180025095e-35 -0.078942864900101037 0.725762924082613 -0.31062734707499007 0.9161486001452781 0.49589665867043853 1.1130792935697051
decision_type=2 2 2 2 2 2 2 2 2 2 2 2 2 2 2 2 2 2 2 2 2 2 2 2 2 2 2 2 2 2
left_child=2 -2 6 -4 9 -6 11 8 29 28 -11 12 14 -14 27 26 -17 -7 20 -20 21 22 23 -13 25 -24 -16 -1 -5 -8
right_child=1 -3 3 4 5 17 7 -9 -10 10 -12 18 13 -15 15 16 -18 -19 19 -21 -22 -23 24 -25 -26 -27 -28 -29 -30 -31
leaf_value=-0.0079565622254343781 -0.0012217655820091905 -0.10143350208586262 0.084864944880120793 0.039014007872089099 -0.12137539866031302 -0.071901846088688381 -0.059623647342437913 0.0060076019359539788 -0.1255324244939266 -0.076712259915157011 0.039896927707379966 0.0021114761081253912 0.042687311525765548 -0.032690250563279843 0.041028511766097876 0.0052433366804059021 0.15305504451515459 0.026328366793512165 -0.11585153746644604 0.015664789231893846 -0.032056663080725641 0.069760876138356853 0.065962801008374497 0.085851596781694073 -0.079440710045349985 -0.054175091389601963 -0.046303083259279565 -0.070661958849947235 -0.0071019903668575277 0.041712295698177727
leaf_weight=27.047979786992073 5.3162591457366926 4.1575691699981689 16.517707094550133 39.594661079347134 4.3474854007363328 5.3375663310289374 10.32342564314604 22.642797261476517 5.7537029534578314 6.8336358889937383 4.1941231191158295 17.123812861740589 50.146255351603031 7.0435902327299109 5.7186374589800835 5.7071575298905355 4.5043695569038391 6.0963207483291599 5.4563132375478727 3.8765874356031418 22.599413424730301 7.4758028090000144 5.1591830253601092 5.6343352049589148 7.4241481497883823 5.9781305119395256 7.9562904387712496 8.4447357729077321 16.508240774273872 3.091917783021926
leaf_count=121 26 24 96 186 29 29 69 129 40 33 19 72 225 33 25 30 15 31 32 19 110 32 21 20 35 28 38 39 79 19
internal_value=0.00309362 -0.0451995 0.00444508 0.0173131 0.00385543 -0.0475847 -0.000905886 -0.0256577 -0.0630613 0.0159482 -0.032363 0.00433961 0.0144463 0.0334037 -0.00381216 0.0245146 0.070444 -0.0195275 -0.0102542 -0.0612239 -0.00359131 0.00959231 -0.00129377 0.0228434 -0.0308883 0.00147687 -0.0097824 -0.022876 0.0254444 -0.0362681
internal_weight=348.012 9.47383 338.538 99.4297 82.912 15.7814 239.109 41.8118 19.169 67.1307 11.0278 197.297 116.569 57.1898 59.3792 23.8865 10.2115 11.4339 80.7277 9.3329 71.3948 48.7954 41.3196 22.7581 18.5615 11.1373 13.6749 35.4927 56.1029 13.4153
internal_count=1704 50 1654 502 406 89 1152 257 128 317 52 895 526 258 268 108 45 60 369 51 318 208 176 92 84 49 63 160 265 88
is_linear=0
shrinkage=0.1


Tree=29
num_leaves=31
num_cat=0
split_feature=14 9 12 4 5 6 5 5 18 16 15 11 13 3 16 9 4 12 15 9 9 4 16 16 9 7 11 9 5 4
split_gain=2.50328 2.56975 2.89761 3.40124 2.9359 2.6178 2.83153 5.33754 3.92347 3.77855 5.66218 3.46285 4.37251 3.41287 3.1339 3.00465 2.71328 2.58341 3.65596 3.30433 2.52341 5.58653 2.84139 3.17023 2.40156 3.0468 2.73854 3.6527 5.30433 3.12453
threshold=2.818881416914778 2.1745000803147847 1.0000000180025095e-35 2.666282467020018 2.0529032057945504 2.8412625412490131 0.056111738960387937 1.0000000180025095e-35 1.9201663039765535 0.21698874378055091 1.0000000180025095e-35 -0.020892383657170475 0.27467550899125442 0.085855751475224187 -0.63523905944333359 0.62118724872542674 0.39071553652505897 0.36317241704170095 0.3525103767863571 0.11430361416268171 -0.45956091459698467 0.39071553652505897 1.8770799877687276 0.2920416790593886 1.2174879513384689 0.96762167504285923 1.4061979518008973 0.27333519636797743 1.0000000180025095e-35 0.19192761294841862
decision_type=2 2 2 2 2 2 2 2 2 2 2 2 2 2 2 2 2 2 2 2 2 2 2 2 2 2 2 2 2 2
left_child=1 2 5 4 17 6 7 8 11 14 -11 12 15 -9 -8 -1 -14 20 -19 -20 21 -4 23 24 25 26 27 29 -29 -22
right_child=-2 -3 3 -5 -6 -7 9 13 -10 10 -12 -13 16 -15 -16 -17 -18 18 19 -21 22 -23 -24 -25 -26 -27 -28 28 -30 -31
leaf_value=0.051467513028899618 0.068025468122664398 0.056556190295256117 -0.023191042854202561 0.083599183015271361 0.054429647022836918 -0.059094529329820025 0.032855840270603821 0.0081800557809633342 -0.059288854789829565 -0.037736802790144269 0.066191961508784966 0.038744649011188494 -0.017200848969275779 -0.056688477126030729 0.10307441388186939 -0.040535320436177108 -0.11468004021447714 0.014590952125942079 -0.012050870271532699 -0.1063379985721503 -0.026348831424121078 -0.1494908969556645 0.064744482742214463 -0.091941120423427614 -0.061808653778675539 0.042697343037885235 0.058554794725329741 0.060425228579602933 -0.062827773960257224 -0.12820248964358838
leaf_weight=13.68529202789068 5.785811945796012 8.3266569674015027 11.141430012881758 3.7847504690289488 6.2860497310757628 5.5032246410846701 23.884006172418594 13.350811816751955 6.4723612293601027 14.98421097546816 8.0629918202757818 47.612835749983795 9.1666415035724622 20.663716472685337 8.6607402861118299 4.7928872853517523 4.1473233178257933 45.512359656393528 13.509850822389128 5.1276034563779822 6.6190399453043991 5.107707228511571 3.8433594778180113 6.1372169479727736 9.1873322129249555 9.9960335418581945 3.7748630940914145 7.3958337306976301 6.6145056188106537 5.5265790894627571
leaf_count=62 24 34 56 16 29 31 109 68 35 75 38 228 45 106 44 23 24 225 63 27 35 39 17 35 47 41 19 33 38 38
internal_value=0.00280314 0.00168957 0.000307469 -0.00999188 -0.0124217 0.00881867 0.0109485 0.00229871 0.0155778 0.0296028 -0.00137765 0.0216803 -0.00387588 -0.0312274 0.0515423 0.0276037 -0.0475658 -0.0154342 -0.00068583 -0.0379915 -0.0279914 -0.0628918 -0.018395 -0.0241783 -0.0157108 -0.00510344 -0.0210675 -0.0325587 0.00223551 -0.0726949
internal_weight=344.664 338.878 330.552 149.565 145.78 180.987 175.484 119.892 85.8773 55.5919 23.0472 79.405 31.7921 34.0145 32.5447 18.4782 13.314 139.494 64.1498 18.6375 75.3439 16.2491 59.0948 55.2514 49.1142 39.9269 29.9308 26.156 14.0103 12.1456
internal_count=1704 1680 1646 758 742 888 857 591 417 266 113 382 154 174 153 85 69 713 315 90 398 95 303 286 251 204 163 144 71 73
is_linear=0
shrinkage=0.1


Tree=30
num_leaves=31
num_cat=0
split_feature=14 8 8 14 17 5 0 15 14 0 2 5 5 13 8 16 17 11 16 15 1 5 0 8 16 2 2 18 17 11
split_gain=2.06547 2.0459 6.44601 4.45754 3.63993 3.8471 3.01868 2.56489 2.56201 6.49138 3.76328 3.65067 3.74271 5.97111 4.07418 3.91154 5.35151 5.2169 3.50947 5.97319 4.04775 3.67749 3.81864 3.47766 5.58645 5.48591 3.41981 3.21428 4.20685 3.02827
threshold=2.818881416914778 0.071124974213128508 0.58604625066338423 0.43202126647949629 0.65996663140346346 0.9161486001452781 -0.287488851676031 0.77163260641584019 1.7129579318408121 -0.32084482431399658 0.27674290852126476 2.0529032057945504 -0.31062734707499007 0.048230990393081444 1.0000000180025095e-35 0.21698874378055091 -0.092591317284196881 -1.0000000180025095e-35 0.2920416790593886 -0.27127286622352553 1.0450698965318101 -0.73278988475135087 -0.17445316902167238 -0.73821396468422373 0.21698874378055091 0.52775297071014748 1.7570656163933711 1.3812445733378931 -1.0000000180025095e-35 1.4061979518008973
decision_type=2 2 2 2 2 2 2 2 2 2 2 2 2 2 2 2 2 2 2 2 2 2 2 2 2 2 2 2 2 2
left_child=1 8 -3 4 5 7 -6 -4 10 -10 11 12 13 29 27 16 -15 -17 19 -12 23 22 -20 26 25 -25 -21 -14 -29 -1
right_child=-2 2 3 -5 6 -7 -8 -9 9 -11 18 -13 14 15 -16 17 -18 -19 21 20 -22 -23 -24 24 -26 -27 -28 28 -30 -31
leaf_value=0.085402728043602674 0.06224318105537105 0.072020082451096715 0.026122308179985822 0.057212162129917379 -0.10914748326757202 -0.057489085002091857 -0.015030237891581073 -0.03465974911505855 0.026524163397267309 -0.12143565094523445 -0.065104811387399014 0.08820366534744406 -0.0070947383187730043 0.016542576014969557 -0.052557038656261601 -0.044318463091632315 -0.10442359808339713 0.093131369326638916 -0.082730584182053549 -0.027611047888660967 0.068529279176028968 0.059188259000741553 0.047519103958976627 -0.028668889503885905 -0.066608610497326096 0.1032300317170116 -0.13750352290256951 0.0046117902074079816 0.12364569318456822 -0.0054546518408570069
leaf_weight=17.458500958979133 5.6958514973521224 15.860209092497824 38.833085060119629 12.587632603943346 5.6735274419188491 8.5906422361731511 8.533539950847624 8.4539248496294004 5.8235047459602356 6.041170582175253 26.318899720907211 5.6445313543081275 51.644409358501434 8.0637316182255727 15.892449416220186 4.5387861877679825 6.6924929842352894 7.051360219717024 5.2299774885177612 15.165402445942162 6.4126841053366652 10.922416552901266 3.9515910595655459 5.3258647993207031 6.0821761712431899 7.7300855368375778 3.4820214062929145 7.9470854997634888 4.7398412674665433 4.6442240402102462
leaf_count=74 24 98 185 58 36 43 48 41 26 29 149 21 240 38 91 26 35 28 27 90 30 53 18 29 36 35 21 36 17 22
internal_value=0.00252962 0.00151536 0.0136243 0.00242141 -0.00741933 0.00407195 -0.0526155 0.0152558 -0.00352311 -0.048813 -0.00113424 0.00949005 0.00603709 0.0279832 -0.00721672 -0.00417168 -0.0383201 0.039305 -0.0168814 -0.0273889 -0.00493009 0.0199749 -0.0266733 -0.0173971 0.012549 0.049425 -0.0481312 0.00398418 0.0490829 0.0663118
internal_weight=341.032 335.336 98.5326 82.6724 70.0847 55.8777 14.2071 47.287 236.803 11.8647 224.939 134.317 128.673 48.4491 80.2238 26.3464 14.7562 11.5901 90.6211 70.5171 44.1982 20.104 9.18157 37.7856 19.1381 13.056 18.6474 64.3313 12.6869 22.1027
internal_count=1704 1680 509 411 353 269 84 226 1171 55 1116 628 607 223 384 127 73 54 488 390 241 98 45 211 100 64 111 293 53 96
is_linear=0
shrinkage=0.1


Tree=31
num_leaves=31
num_cat=0
split_feature=9 12 10 10 4 9 13 9 0 1 15 15 5 10 1 14 16 16 16 16 16 16 8 5 12 12 9 14 4 16
split_gain=1.96266 2.11269 2.78231 4.76253 2.56172 2.29907 2.68583 2.77661 2.77015 2.67564 5.88645 3.02866 2.40777 5.15138 2.3134 4.50116 2.74034 2.66673 2.52492 2.33846 2.29214 3.23076 2.14456 2.03342 2.53885 4.44141 2.34537 4.06398 3.9603 2.12155
threshold=2.1745000803147847 1.0000000180025095e-35 2.6635391190623485 1.2618633059181228 2.666282467020018 -0.37434629753242205 0.87214651455716419 -0.4101458874888616 -0.17445316902167238 0.89745615279611568 0.3525103767863571 0.65408303889854758 0.9161486001452781 1.1133179260591255 1.1315515221549932 1.0000000180025095e-35 0.85661559594523073 1.5928891778485237 0.2920416790593886 -0.048188767942684452 0.21698874378055091 0.50417192070257655 0.97627369419491428 2.0529032057945504 0.36317241704170095 0.65447179365126507 -0.45956091459698467 0.27397806272271569 0.19192761294841862 1.8770799877687276
decision_type=2 2 2 2 2 2 2 2 2 2 2 2 2 2 2 2 2 2 2 2 2 2 2 2 2 2 2 2 2 2
left_child=1 2 3 5 23 6 7 9 -9 11 -11 20 13 22 16 -16 18 -18 19 -7 -1 -22 -10 24 26 -26 27 28 -3 -28
right_child=-2 4 -4 -5 -6 14 -8 8 12 10 -12 -13 -14 -15 15 -17 17 -19 -20 -21 21 -23 -24 -25 25 -27 29 -29 -30 -31
leaf_value=0.080592657854712896 0.050581033237509468 0.01950035677962127 -0.05326303982896903 0.10555965685064833 0.072631621130014687 0.043222435692681353 -0.058371489679634708 -0.070870921090212924 -0.12363127106455858 -0.075817612338614962 0.053664827915632901 -0.020924143374848547 0.047383194676455971 0.065501686853335558 -0.085784999723999028 0.033620771393848815 -0.069808993259469029 0.032184921394836884 0.10426527823746601 0.0013449795820803631 -0.053396737809795758 0.055013364038513694 -0.017670457461158771 0.044821626651409069 0.0974973232057747 -0.005086581015267785 -0.020739433745821465 -0.1279247057646262 -0.1116187140926511 0.055531822391308716
leaf_weight=12.187025651335718 8.2101534903049451 7.2153743579983729 7.0348904728889456 5.1557481139898291 3.867380514740943 37.540610581636422 8.1836450025439245 8.5097825750708598 4.2531771324574965 8.0720163583755475 6.2137395292520514 8.0435945093631727 6.4382012113928786 3.8549528568983078 5.7205946668982488 7.044732540845871 5.4250931367278081 4.8598997071385384 4.7373663112521163 20.67962250858546 4.0794634371995917 8.4284477978944761 3.4671154618263245 6.5045824870467177 4.5386695191264144 60.201489508152008 54.451741941273212 5.559731848537921 3.3838606625795364 3.9087538123130789
leaf_count=56 34 38 40 27 16 186 44 51 32 40 29 40 27 16 29 31 27 23 28 96 23 39 17 31 29 291 288 36 23 17
internal_value=0.0022859 0.00108275 0.00838422 0.0108926 -0.00769715 0.00798282 -0.00402693 0.00202 -0.0238515 0.0166124 -0.0194979 0.0323694 -0.00163893 -0.0289052 0.0193954 -0.0198892 0.0262422 -0.0216145 0.0340603 0.0283477 0.0497281 0.0196553 -0.0760452 -0.00982841 -0.012381 0.00210516 -0.0249662 -0.0586812 -0.0223601 -0.0156311
internal_weight=337.771 329.561 179.93 172.895 149.632 167.739 81.7312 73.5475 26.5232 47.0243 14.2858 32.7385 18.0134 11.5752 86.0079 12.7653 73.2426 10.285 62.9576 58.2202 24.6949 12.5079 7.72029 145.764 139.26 64.7402 74.5195 16.159 10.5992 58.3605
internal_count=1704 1670 901 861 769 834 414 370 143 227 69 158 92 65 420 60 360 50 310 282 118 62 49 753 722 320 402 97 61 305
is_linear=0
shrinkage=0.1


Tree=32
num_leaves=31
num_cat=0
split_feature=14 9 12 10 10 4 9 4 4 17 7 13 9 9 12 7 9 2 17 16 19 13 7 12 13 19 12 11 11 3
split_gain=1.74162 1.67501 1.9353 2.25203 4.25352 2.14588 1.79035 4.31574 5.37165 3.68051 2.88402 2.78918 2.45817 5.70115 4.5524 3.65553 3.74482 2.32098 2.25389 6.12797 2.05831 6.54834 6.03645 3.14383 3.21347 1.95335 1.90052 1.82488 1.6757 4.52419
threshold=2.818881416914778 2.1745000803147847 1.0000000180025095e-35 2.6635391190623485 1.2618633059181228 2.666282467020018 -0.45956091459698467 0.39071553652505897 0.091780343570397258 0.58339454096702903 0.84857098745165993 0.048230990393081444 1.2174879513384689 0.69042373130749535 1.9056679359992847 0.28328722933143241 1.0000000180025095e-35 0.27674290852126476 -0.31497718396665708 -1.0000000180025095e-35 0.42214533872447668 -1.0000000180025095e-35 -0.12129922379965261 0.46127930326641686 0.27467550899125442 0.24637590452456348 0.46127930326641686 0.27744465643323141 1.0000000180025095e-35 2.0865937436195865
decision_type=2 2 2 2 2 2 2 2 2 2 2 2 2 2 2 2 2 2 2 2 2 2 2 2 2 2 2 2 2 2
left_child=1 2 3 4 28 6 7 8 9 10 11 -4 13 14 15 18 17 -17 19 -8 21 27 -23 24 -22 -14 -9 -20 29 -1
right_child=-2 -3 5 -5 -6 -7 12 26 -10 -11 -12 -13 25 -15 -16 16 -18 -19 20 -21 23 22 -24 -25 -26 -27 -28 -29 -30 -31
leaf_value=0.0021224640511398173 0.057614030848535142 0.045943295784816013 -0.031125495017726587 -0.048832930117223033 0.10199010572377967 0.064563264811797513 0.035022429780031665 -0.13331921067851407 0.077965855298261388 0.027904862669942694 0.012536173842941343 -0.12382827754316872 -0.066840784297408792 0.11534292672939242 -0.073660815674072372 0.12537557806679112 -0.016479060644293438 0.031997185097627688 -0.031582975302226354 -0.11920116621725002 0.044152233795407059 -0.029424876217102089 0.10585181425604029 0.096820093676944996 -0.057006060774836269 -5.680480018732331e-05 -0.045409560701343853 -0.10799872087870815 0.015860040279585628 -0.097229983337726325
leaf_weight=68.620927918702364 5.5534898266196242 8.1389129832386953 6.2936036586761563 6.9124502167105666 4.8200220912694922 3.9129977449774733 4.7452376112341881 4.5295621864497644 5.6953311637043944 7.7690691947937003 4.6917219683527938 6.7014689818024635 9.8516156077384966 4.3469395637512198 8.0283305868506414 5.7485478818416613 6.0135838538408271 4.9572244957089424 6.8131408542394603 5.6370072439312917 7.7740280926227587 7.0245659202337265 6.2190213203430211 4.9606705307960501 5.2684900760650635 7.8849074691534033 5.3804407715797424 5.7732738181948662 89.515560764819384 4.9114044830203047
leaf_count=348 24 34 32 40 27 16 25 40 24 36 22 37 54 23 38 25 26 26 36 36 39 38 28 22 31 38 31 35 445 28
internal_value=0.00208018 0.0011426 5.98388e-06 0.00710531 0.00940873 -0.0084916 -0.0105032 -0.028111 -0.00982532 -0.0294672 -0.0546683 -0.0789317 -0.0033481 0.00384856 -0.00228924 0.00578853 0.0466673 0.0821374 -0.00681796 -0.0487128 0.00310517 -0.014986 0.0340993 0.0290614 0.00328961 -0.0371515 -0.0855904 -0.0666342 0.00667184 -0.00451353
internal_weight=334.494 328.94 320.801 174.78 167.868 146.021 142.108 41.0612 31.1512 25.4559 17.6868 12.9951 101.047 83.3101 78.9631 70.9348 16.7194 10.7058 54.2154 10.3822 43.8332 25.83 13.2436 18.0032 13.0425 17.7365 9.91 12.5864 163.048 73.5323
internal_count=1704 1680 1646 888 848 758 742 222 151 127 91 69 520 428 405 367 77 51 290 61 229 137 66 92 70 92 71 71 821 376
is_linear=0
shrinkage=0.1


Tree=33
num_leaves=31
num_cat=0
split_feature=2 3 2 2 2 11 0 17 8 3 10 13 5 5 4 4 0 4 11 8 8 0 1 11 8 1 15 3 3 8
split_gain=1.51386 1.94844 1.7453 6.02875 2.76559 3.17402 3.13211 2.74851 2.73106 6.75111 4.27243 3.03288 2.74114 2.71838 5.86774 5.05773 3.11641 2.8361 3.68263 2.68187 2.39206 2.70023 5.21891 3.58001 4.38989 4.39099 4.214 3.94182 3.47995 3.26293
threshold=2.2601347812385639 0.085855751475224187 0.33521787112802781 0.79203882088336774 0.27674290852126476 1.4061979518008973 0.59652246996229175 0.87888776607447461 1.0000000180025095e-35 0.085855751475224187 1.1133179260591255 0.27467550899125442 1.0000000180025095e-35 -0.73278988475135087 0.68530144415050209 0.13928136177382436 -0.287488851676031 0.39071553652505897 -1.0000000180025095e-35 -0.73821396468422373 2.2476598811847386 -0.77023790851887008 1.3380766833452398 1.5886263669525176 1.0000000180025095e-35 1.3380766833452398 1.6640326034420772 1.0000000180025095e-35 0.53107956196319972 1.9675866633985912
decision_type=2 2 2 2 2 2 2 2 2 2 2 2 2 2 2 2 2 2 2 2 2 2 2 2 2 2 2 2 2 2
left_child=2 -2 4 -4 20 6 8 -8 9 -6 12 -11 -10 14 15 16 -5 19 -19 -15 21 23 29 24 26 28 27 -1 -26 -23
right_child=1 -3 3 13 5 -7 7 -9 10 11 -12 -13 -14 17 -16 -17 -18 18 -20 -21 -22 22 -24 -25 25 -27 -28 -29 -30 -31
leaf_value=-0.01745166010956193 0.0013536816009808779 -0.093794973542675283 0.1151261908269768 0.04177875624383131 -0.1275366886157506 -0.07194701990331398 -0.066995589151267132 0.017643149668801657 0.037346825991037266 0.064720294986687396 0.083518197522020957 -0.044152536425293626 -0.038546840916741223 0.00061872805719679692 0.086431824590453163 -0.12594235084819325 -0.058276728069204808 0.038824150112464123 -0.093368420941385019 0.072794570709551656 0.078685271406541968 0.023745162420268445 -0.034858098044872568 0.071993727331926577 -0.098568063763611324 0.0376732040383565 -0.069987821922087759 0.068286061750260404 -0.0044196597341021049 -0.058821858934248565
leaf_weight=10.556888595223432 5.0707215145230276 3.7392855286598206 5.8282372243702403 6.0939496159553563 4.7169574722647658 9.2656100615859014 13.5585019197315 5.350879877805709 9.2437289655208605 5.8060089945793134 8.5036556757986563 4.5747666247189045 9.8092425093054754 8.168966583907606 4.2682445570826522 5.3027300238609305 6.3637090027332324 4.5867913886904716 3.898566357791422 13.921938449144365 4.38965219259262 108.40191043168306 20.385074444115162 4.412335939705371 14.40994536876679 4.3851578049361697 5.7976684793829909 10.897827185690401 5.3961364999413481 5.0073319002985945
leaf_count=48 26 24 42 29 34 56 75 27 44 25 41 29 55 38 21 31 32 22 22 69 20 534 101 21 85 21 30 47 31 24
internal_value=0.0018685 -0.0390308 0.00298301 0.0186259 -0.000467987 -0.0173808 -0.0091684 -0.043045 0.00584964 -0.0283358 0.0245792 0.0167405 -0.00172631 0.00793437 -0.0188475 -0.0441486 -0.00933229 0.0272293 -0.0219112 0.0461048 0.00570562 0.00401643 0.0117262 -0.0144511 -0.0218655 -0.0528706 0.00565706 0.0260984 -0.0729175 0.0200996
internal_weight=332.112 8.81001 323.302 58.4331 264.869 70.8294 61.5637 18.9094 42.6544 15.0977 27.5566 10.3808 19.053 52.6049 22.0286 17.7604 12.4577 30.5763 8.48536 22.0909 194.04 189.65 133.794 55.856 51.4436 24.1912 27.2524 21.4547 19.8061 113.409
internal_count=1704 50 1654 306 1348 386 330 102 228 88 140 54 99 264 113 92 61 151 44 107 962 942 659 283 262 137 125 95 116 558
is_linear=0
shrinkage=0.1


Tree=34
num_leaves=31
num_cat=0
split_feature=14 14 12 0 12 17 9 0 9 13 13 7 15 19 15 0 0 0 1 17 5 5 9 1 13 9 4 0 0 11
split_gain=1.5137 4.43907 3.22497 2.97922 3.18357 3.54642 5.76684 3.4351 3.39213 4.4022 3.48503 3.0247 4.02107 4.64708 2.89864 2.681 2.55534 4.50917 4.60173 4.20174 4.20989 4.96955 5.45406 2.99363 2.98448 4.09417 3.12642 3.09958 2.90208 2.50479
threshold=-0.56743621049686044 0.27397806272271569 1.6699000320308615 1.9050299682227589 0.65447179365126507 0.48561042310678876 0.27333519636797743 0.23512407455415363 1.2174879513384689 1.2018002931059879 1.4496058769808238 0.96762167504285923 0.77163260641584019 1.7105036957914523 -0.27127286622352553 0.82118899409079227 2.1648535434254006 -0.1079333387789332 1.3380766833452398 1.2020080682688457 0.9161486001452781 0.21075987597697013 1.608089074068048 1.6060272627348982 0.048230990393081444 -0.4101458874888616 -0.15291670292577308 -0.35094084498248496 -0.35094084498248496 -1.0000000180025095e-35
decision_type=2 2 2 2 2 2 2 2 2 2 2 2 2 2 2 2 2 2 2 2 2 2 2 2 2 2 2 2 2 2
left_child=16 15 3 4 5 8 7 -7 9 11 -11 12 -3 -14 -10 -2 17 19 -19 20 21 22 24 -20 -1 27 28 -26 -27 -28
right_child=1 2 -4 -5 -6 6 -8 -9 14 10 -12 -13 13 -15 -16 -17 -18 18 23 -21 -22 -23 -24 -25 25 26 29 -29 -30 -31
leaf_value=-0.054910156837631785 0.055548522565648087 0.031226703203834662 -0.065301027728337555 0.074904805481628631 0.044032033389911414 -0.048268674986563564 0.02883425970303365 -0.15847745577184025 0.0059560016839366597 -0.10783321104714703 0.021454364026570021 0.062330224023458697 -0.078828701441712612 0.054496635966403972 -0.074543250202923392 -0.019613124786915626 -0.055174163355854504 0.033374862751560971 -0.11823399746929415 0.038093837074975906 -0.063258835173199163 0.077973024505380212 0.07670841430029525 0.0070110018347107035 -0.13785574132588416 0.034848600970908222 0.096976056121411428 -0.014600600415262198 -0.082027678858983488 0.0057097295620353412
leaf_weight=24.252714101225138 26.100328698754314 29.10082352347672 7.0721915960311881 5.6736336983740321 14.980630956590174 13.350139301270252 8.6256735995411855 3.5883549340069285 9.0667773410677928 4.8137426450848562 3.6779301278293133 15.934799470007418 8.3757297471165639 3.8005587980151168 8.8288750499486905 5.8004103899002066 9.6476165205240232 45.577799659222364 3.5160229206085196 12.969637058675287 19.891118906438351 5.7641114592552176 5.3710047379136077 4.1740307360887527 3.5163954980671406 3.8555671907961369 5.7699180021882022 4.8604421392083115 4.7318579927086812 6.2801726162433749
leaf_count=136 138 154 35 27 71 83 38 22 42 29 19 65 47 18 42 29 53 236 22 62 109 28 22 20 20 22 26 27 27 35
internal_value=0.00168046 0.00828846 0.000459814 0.00404233 0.000803767 -0.0051285 -0.0377228 -0.071616 0.00483865 0.0153513 -0.0518359 0.0253236 0.0110374 -0.0372142 -0.0337586 0.0418821 -0.00528284 -0.00208527 0.0213018 -0.0148937 -0.0230465 -0.0106266 -0.0193359 -0.0502531 -0.0290202 -0.00737914 0.0165533 -0.0663402 -0.0295528 0.0494106
internal_weight=328.969 168.791 136.89 129.818 124.144 109.163 25.5642 16.9385 83.5992 65.7036 8.49167 57.2119 41.2771 12.1763 17.8957 31.9007 160.178 150.531 53.2679 97.2629 84.2933 64.4022 58.6381 7.69005 53.2671 29.0144 20.6375 8.37684 8.58743 12.0501
internal_count=1704 859 692 657 630 559 143 105 416 332 48 284 219 65 84 167 845 792 278 514 452 343 315 42 293 157 110 47 49 61
is_linear=0
shrinkage=0.1


Tree=35
num_leaves=31
num_cat=0
split_feature=3 3 15 3 3 17 12 13 5 12 4 5 9 15 13 17 4 11 19 13 11 14 14 6 9 15 8 16 19 12
split_gain=1.44145 6.72762 3.27278 3.16575 8.63185 4.06905 3.82927 3.04754 1.8682 4.22703 4.41622 4.38451 4.15077 3.80766 3.54718 5.56278 4.95482 4.24934 3.46576 5.09846 5.72046 5.07373 3.23554 7.45579 5.39329 3.2177 3.09008 2.94598 3.78282 3.40952
threshold=2.0865937436195865 1.2019738642068785 -0.27127286622352553 1.1130792935697051 0.23046978943451865 0.87888776607447461 -0.1239861938158389 1.0000000180025095e-35 -0.22001763072248443 1.9056679359992847 1.587176451448326 0.12780629567028304 1.4525731854909985 0.65408303889854758 0.66776648341210343 -0.27705425476710704 -0.15291670292577308 1.4061979518008973 1.0868569674813495 0.084213188051653787 0.16637910818674273 0.27397806272271569 -0.56743621049686044 0.79003102174432438 1.2174879513384689 -0.2014290738303243 0.23681794723551866 0.21698874378055091 0.24637590452456348 0.72453933255211289
decision_type=2 2 2 2 2 2 2 2 2 2 2 2 2 2 2 2 2 2 2 2 2 2 2 2 2 2 2 2 2 2
left_child=1 3 -2 4 8 -5 -6 -8 14 10 11 12 18 26 17 16 -16 22 19 -10 -21 -20 23 24 -1 -19 -12 28 29 -13
right_child=2 -3 -4 5 6 -7 7 -9 9 -11 13 27 -14 -15 15 -17 -18 25 21 20 -22 -23 -24 -25 -26 -27 -28 -29 -30 -31
leaf_value=0.065443670925708838 0.021019433865679008 0.077469717982006081 -0.075762023174397064 -0.011157686803017798 0.11452956311913767 -0.098176878220212038 0.081008998020668549 -0.019001068707599419 -0.042594079153607654 -0.090197523616032282 -0.11353840322548603 0.035099267026965759 0.055881323128392113 0.028101788662491151 -0.051296458165558168 -0.086388011085085981 0.094731388798826782 0.017965793898807269 -0.16591950823881696 0.06749964134158179 -0.042175438861546073 -0.0047559718356422935 0.05214059119722856 -0.096465753320660041 -0.043891272238017483 -0.069436733103449833 -0.014628799056217213 -0.0023963058770382121 0.083664768752341648 -0.065469984448625576
leaf_weight=14.973142407834535 6.6452641561627388 11.651638422161339 7.3683783635497075 25.286752697080374 8.9544556587934512 6.8236194215714923 5.7974856495857221 6.4221637845039368 29.313992589712143 6.089943751692771 8.6965067274868506 16.104218393564228 6.9485145211219779 4.5395427197217932 4.5110885202884674 8.9895474314689618 4.791662100702526 8.4334637895226496 4.030741073191165 11.75913541018963 7.9850935526192179 3.7902974411845207 33.040092289447784 5.6685438603162757 6.4573563039302817 8.4149128682911378 4.9600962102413169 30.453007396310568 12.654544927179812 4.2634970024228087
leaf_count=68 34 66 40 131 57 44 31 34 155 31 53 86 29 24 22 53 21 40 22 57 51 21 157 38 31 47 26 152 61 22
internal_value=0.00150626 0.00291635 -0.0298683 2.2262e-05 0.00357683 -0.0296497 0.0648514 0.0284477 -0.00167873 -0.00857548 -0.00515914 0.00142752 -0.0170796 -0.0512404 0.00929393 -0.0302899 0.0239196 0.0186991 -0.0259927 -0.0161367 0.0231441 -0.0878151 0.0311342 0.00552254 0.0324993 -0.0256874 -0.0776143 0.0200374 0.0407257 0.0140475
internal_weight=325.819 311.805 14.0136 300.153 268.043 32.1104 21.1741 12.2196 246.869 151.589 145.499 127.303 63.8278 18.1961 95.2798 18.2923 9.30275 76.9875 56.8793 49.0582 19.7442 7.82104 60.1391 27.099 21.4305 16.8484 13.6566 63.4753 33.0223 20.3677
internal_count=1704 1630 74 1564 1389 175 122 65 1267 790 759 656 335 103 477 96 43 381 306 263 108 43 294 137 99 87 79 321 169 108
is_linear=0
shrinkage=0.1


Tree=36
num_leaves=31
num_cat=0
split_feature=14 8 9 8 14 4 13 4 12 9 4 14 3 2 12 15 4 2 2 4 12 4 4 2 13 8 2 14 16 3
split_gain=1.43154 1.41465 4.63767 4.94876 3.87356 3.10066 4.87559 3.20955 4.00219 2.5026 2.41645 3.26085 5.27173 2.6012 2.56193 2.40922 2.52066 4.9417 3.76907 2.37624 2.30146 2.72737 1.99747 2.41279 3.3528 2.1466 5.70496 7.51776 1.94023 1.93471
threshold=2.818881416914778 0.071124974213128508 1.608089074068048 0.58604625066338423 0.43202126647949629 0.57250429260579905 0.12409291878993985 0.091780343570397258 -0.027844682403543597 1.0000000180025095e-35 1.587176451448326 1.7129579318408121 -0.14410145488001885 0.27674290852126476 1.4769233475077694 0.77163260641584019 0.13928136177382436 -0.60876481086729306 -1.0000000180025095e-35 0.47532287575075244 0.21530686497781709 2.4182121186127326 0.39071553652505897 0.33521787112802781 0.27467550899125442 -0.73821396468422373 1.4448494690014926 1.0000000180025095e-35 0.0926962413762311 0.085855751475224187
decision_type=2 2 2 2 2 2 2 2 2 2 2 2 2 2 2 2 2 2 2 2 2 2 2 2 2 2 2 2 2 2
left_child=1 10 3 -3 5 6 15 8 -8 -6 11 13 -13 19 22 16 17 -5 -18 -1 -12 -22 23 24 -15 26 -25 -28 -7 -27
right_child=-2 2 -4 4 9 28 7 -9 -10 -11 20 12 -14 14 -16 -17 18 -19 -20 -21 21 -23 -24 25 -26 29 27 -29 -30 -31
leaf_value=0.0082342629773983836 0.052700623388376902 0.062571794384299176 0.1150790864055658 -0.083411111556430564 0.096968852343739337 0.066140057136970798 0.022448278036398844 0.067674883243884584 -0.090151586272782913 0.0052847808940048695 -0.059400128187122647 -0.13940490284253523 0.005270527202391238 0.011984458310331235 -0.093361017676119998 -0.11656975307657319 -0.0070792581063879303 0.027040336780275259 -0.14567843084016041 0.062306415598095688 -0.033502292857343706 0.068846397377082383 -0.029923773832711272 0.080169977937630435 -0.073139366567916184 0.098026688712443064 -0.15813956151990882 0.033461512090599083 -0.014188344862984391 0.015294669336523764
leaf_weight=106.06373076885939 5.3422280400991431 13.194570437073706 4.0859803780913344 6.7012692689895657 5.6138663291931135 6.9532011412084085 9.4250681549310684 6.9562315642833701 4.7462097704410562 6.3387924283742905 14.281245179474356 4.2955412715673447 6.0885577350854856 11.92926298081875 3.6535848490893832 4.692742444574832 3.4967638291418552 10.241364415735012 4.470487840473651 8.8016574382781965 7.876658244058488 3.8892127647995949 25.223082978278399 5.2962839230895051 7.5590262934565535 5.8575689345598221 3.7228311449289304 4.5514490827918053 5.2979496270418167 5.4627194851636887
leaf_count=508 24 94 19 39 26 38 41 32 31 32 84 22 28 61 20 28 21 54 28 47 52 16 158 25 50 26 23 23 26 28
internal_value=0.00136624 0.000500492 0.0109288 0.00609999 -0.00384371 -0.0137484 -0.0246522 0.012044 -0.0152634 0.0483465 -0.00378199 -2.42768e-05 -0.0545767 0.00298696 -0.0117376 -0.0508425 -0.0384602 -0.0166462 -0.0848483 0.0123776 -0.0324195 0.000329102 -0.00745297 0.00531841 -0.021033 0.0259502 -0.000871412 -0.0527452 0.0314024 0.0581035
internal_weight=322.109 316.767 92.2145 88.1285 74.9339 62.9813 50.7301 21.1275 14.1713 11.9527 224.552 198.505 10.3841 188.121 73.2558 29.6026 24.9099 16.9426 7.96725 114.865 26.0471 11.7659 69.6022 44.3791 19.4883 24.8909 13.5706 8.27428 12.2512 11.3203
internal_count=1704 1680 509 490 396 338 274 104 72 58 1171 1019 50 969 414 170 142 93 49 555 152 68 394 236 111 125 71 46 64 54
is_linear=0
shrinkage=0.1


Tree=37
num_leaves=31
num_cat=0
split_feature=13 5 5 17 8 19 19 16 5 15 0 1 16 5 0 13 19 2 13 3 3 17 16 11 15 11 8 19 19 15
split_gain=1.47883 1.46028 3.33928 5.30897 8.76367 4.41198 4.19672 5.24922 3.81905 3.49639 3.46517 4.2256 5.65332 3.22359 2.76151 2.58796 2.37977 2.35232 3.1401 3.60753 4.81355 3.42665 5.61085 3.38419 5.50939 3.10032 2.94993 2.69737 2.675 2.49932
threshold=3.7439321499070251 -0.22001763072248443 0.12780629567028304 0.65996663140346346 -0.20833273103393077 2.0351486747299181 -0.46457252649857128 -0.048188767942684452 0.9161486001452781 -0.11462161268195718 -0.1079333387789332 0.89745615279611568 0.21698874378055091 2.0529032057945504 0.23512407455415363 0.27467550899125442 0.35684772738892151 0.94849958921921784 0.27467550899125442 1.2019738642068785 -0.14410145488001885 -0.3493597319842025 0.21698874378055091 1.4061979518008973 -0.2014290738303243 1.0000000180025095e-35 0.97627369419491428 0.11755793538778785 0.24637590452456348 -0.077006808414561784
decision_type=2 2 2 2 2 2 2 2 2 2 2 2 2 2 2 2 2 2 2 2 2 2 2 2 2 2 2 2 2 2
left_child=1 17 3 5 14 6 7 9 16 -3 13 12 -12 -10 -5 -11 -4 18 23 20 21 -20 -23 26 -25 29 -1 -28 -19 -22
right_child=-2 2 8 4 -6 -7 -8 -9 10 15 11 -13 -14 -15 -16 -17 -18 28 19 -21 25 22 -24 24 -26 -27 27 -29 -30 -31
leaf_value=0.059416274721875544 -0.059751243006437221 0.075601901941169725 0.030945750707612636 0.057741461544018803 -0.11198330139696842 -0.10669424566212474 0.028699546779770459 -0.055108934272986125 -0.031095270313907193 -0.082440063077598602 0.095656909893075501 -0.058667213092540443 -0.019836552151104844 0.037212341849785335 -0.045591842845147806 0.028230386409217535 0.11949057261424996 0.0082182254516056426 0.091765621355485175 0.088245735279302226 -0.14066621344174199 -0.080476434605840877 0.067313134257187615 0.058303450180062721 -0.08601564764045655 -0.0082746000688048264 0.045622641379699555 -0.044508216099704442 -0.06294711895760198 -0.042072292635375812
leaf_weight=33.739140257239342 3.9275505244731894 6.8935632519423953 20.9782849252224 5.6773362345993537 13.199816625565289 3.8952611088752738 32.473965089768171 19.870507728308439 36.679569829255342 3.7453940138220769 11.056954324245458 4.3316766172647467 6.8726477548480025 8.5120759680867177 4.7500112727284431 4.8479767125099897 3.5488319955766192 13.669085506349804 6.0490043982863453 4.0096143409609786 3.9667008928954601 4.9040610119700414 5.3947781398892403 4.95138318836689 5.6791817583143693 15.977374944835899 7.1711003854870778 6.183631855994463 8.6080843210220319 7.3079304844141024
leaf_count=174 19 34 113 31 89 22 166 111 201 22 52 24 40 40 22 24 22 68 27 21 24 28 27 25 34 78 36 36 52 42
internal_value=0.00123148 0.00199197 -0.00362803 -0.0167408 -0.057853 -0.00319825 0.00274507 -0.0210928 0.00996576 0.0225517 -0.00232147 0.0299721 0.0513868 -0.0182292 0.0106696 -0.020005 0.0437573 0.0102422 0.016486 -0.00252573 -0.0108734 0.0320268 -0.00306073 0.0321663 -0.0187963 -0.0366083 0.0436701 0.00388942 -0.0192807 -0.0767601
internal_weight=318.872 314.945 187.334 95.3538 23.6272 71.7267 67.8314 35.3574 91.98 15.4869 67.4529 22.2613 17.9296 45.1916 10.4273 8.59337 24.5271 127.611 105.334 47.6095 43.5998 16.3478 10.2988 57.7244 10.6306 27.252 47.0939 13.3547 22.2772 11.2746
internal_count=1704 1685 1013 521 142 379 357 191 492 80 357 116 92 241 53 46 135 672 552 247 226 82 55 305 59 144 246 72 120 66
is_linear=0
shrinkage=0.1


Tree=38
num_leaves=31
num_cat=0
split_feature=3 3 15 14 14 0 0 9 4 13 10 4 4 6 4 9 4 19 0 0 16 3 12 7 12 11 16 9 12 12
split_gain=1.32612 5.25354 2.63324 1.46282 2.75883 2.79449 2.46513 5.42768 1.98957 2.54311 2.04272 1.9671 2.51775 3.03442 2.36582 1.9289 1.88918 2.15577 2.00443 1.76449 1.93292 2.60014 4.3554 2.99743 2.9029 3.38906 3.7042 1.61318 1.60644 3.15233
threshold=2.0865937436195865 1.4691034570165256 -0.27127286622352553 -0.56743621049686044 0.27397806272271569 0.82118899409079227 0.82118899409079227 -0.28927029204460036 -0.059373903862491147 -0.48932710796035989 0.65827033732500217 2.0458981335241511 1.1885961941754435 0.72398890507662805 0.57250429260579905 -0.4101458874888616 0.39071553652505897 2.3332853059790222 1.3432075644370391 0.3620160539774871 1.8770799877687276 -1.0000000180025095e-35 0.65447179365126507 -0.28316253268429453 0.88744192876906614 0.11195382528532945 0.028024129825623297 0.057863500324282356 1.6699000320308615 0.80180553841296431
decision_type=2 2 2 2 2 2 2 2 2 2 2 2 2 2 2 2 2 2 2 2 2 2 2 2 2 2 2 2 2 2
left_child=1 3 -2 11 5 8 28 -8 10 -10 -5 12 14 15 16 -14 17 18 19 20 21 24 23 -23 25 27 -27 -1 29 -6
right_child=2 -3 -4 4 6 -7 7 -9 9 -11 -12 -13 13 -15 -16 -17 -18 -19 -20 -21 -22 22 -24 -25 -26 26 -28 -29 -30 -31
leaf_value=-0.1304309218791033 0.016401905616059274 0.11896531024926527 -0.071333005499204585 0.052473092733550712 -0.0066435098745410842 -0.028984986419609872 -0.035971293217208926 0.089606854506117745 0.031395008480621829 0.12363917952737291 -0.040818473231609989 0.051313938593739686 -0.08483111417104508 -0.12141495535140785 0.068851467953757503 0.0028410162828164634 -0.02861974946867929 0.06837427263544231 -0.043347995001345827 0.031641552553489126 0.060836867362946578 -0.024411963634839849 -0.07463600505793859 0.058581775131702589 0.024393467856419531 0.054853487620935573 -0.063849807258749045 -0.052068208856437939 -0.053042917055765949 0.048736987392880987
leaf_weight=5.0830240622162801 6.564994677901268 3.8231138885021201 7.1431311741471273 6.6845053061842972 94.152865676209331 5.2776794731616965 5.6591837778687486 8.7841463573276961 5.7132713943719891 6.2672786191105798 3.6170908957719803 5.7055172547698012 3.455899454653264 3.9691966958343974 4.3425348773598662 9.1637386009097099 28.704384982585907 4.4932959675788871 10.613711461424826 16.776124641299248 4.1102025210857382 6.2938085012137952 4.6117856726050368 14.102495986968284 7.0485660731792441 4.8254500254988653 5.7750844284892082 5.4369649589061737 6.1822124719619742 11.537732422351835
leaf_count=27 34 26 40 37 498 27 32 39 34 37 18 28 20 30 31 48 171 21 63 82 19 35 25 74 34 26 31 28 32 57
internal_value=0.00110507 0.00248494 -0.0293156 0.000992525 0.00777786 0.0364439 0.00152346 0.0404028 0.0519412 0.0796499 0.0197166 -0.0062325 -0.00859789 -0.0451541 -0.00363605 -0.0211681 -0.0063065 0.000876233 -0.00270547 0.00311883 -0.00523381 -0.0103406 0.0131277 0.0329719 -0.0311754 -0.0497204 -0.0098151 -0.0899313 -0.00349606 -0.000597888
internal_weight=315.919 302.211 13.7081 298.388 153.876 27.5598 126.316 14.4433 22.2821 11.9806 10.3016 144.512 138.806 16.5888 122.217 12.6196 117.875 89.1705 84.6772 74.0635 57.2874 53.1772 25.0081 20.3963 28.1691 21.1205 10.6005 10.52 111.873 105.691
internal_count=1704 1630 74 1604 811 153 658 71 126 71 55 793 765 98 667 68 636 465 444 381 299 280 134 109 146 112 57 55 587 555
is_linear=0
shrinkage=0.1


Tree=39
num_leaves=31
num_cat=0
split_feature=18 9 12 5 13 9 9 2 7 0 12 12 8 13 5 14 14 2 14 12 5 2 5 8 4 18 4 14 4 5
split_gain=1.26564 1.32946 1.6229 2.69174 2.53793 2.54366 6.91937 2.93298 2.71214 3.16353 2.47553 2.07355 3.52533 1.77036 1.85363 1.55668 1.61347 5.8069 2.18621 1.6176 1.34209 1.65371 3.0584 3.51909 4.18564 4.06895 2.90833 2.7847 2.73538 3.92933
threshold=3.0122601911932407 2.1745000803147847 1.9056679359992847 -0.047827208553481208 3.0308773963068067 1.2174879513384689 0.47526706157457504 0.79203882088336774 1.2366221534559902 1.3432075644370391 2.3838397741851289 0.053614323057138528 -0.20833273103393077 0.32108701708228354 -0.18360376924460156 2.818881416914778 2.0155672123621353 -0.049662415537797704 1.431643500509548 1.2984210704267403 2.0529032057945504 0.33521787112802781 -0.18360376924460156 0.75905031165006764 0.39071553652505897 1.0000000180025095e-35 0.39071553652505897 0.79168591469534411 0.57250429260579905 1.0000000180025095e-35
decision_type=2 2 2 2 2 2 2 2 2 2 2 2 2 2 2 2 2 2 2 2 2 2 2 2 2 2 2 2 2 2
left_child=1 2 4 10 5 6 15 -8 9 11 -4 13 -13 14 -7 16 18 -18 19 20 21 22 -1 25 -25 27 -23 -24 -28 -30
right_child=-2 -3 3 -5 -6 8 7 -9 -10 -11 -12 12 -14 -15 -16 -17 17 -19 -20 -21 -22 26 23 24 -26 -27 28 -29 29 -31
leaf_value=0.010398599797135552 -0.047290173564762637 0.043921575937268982 -0.050327427607052846 -0.085855816554428227 -0.071364118899774537 -0.040266900329257838 0.095615755130043639 -0.013109927276151123 -0.081723558788960649 -0.089659336158559796 0.047504201037556815 0.01755025579280798 -0.094389605898565265 0.068584277484239606 0.032659708642599067 0.061027268833554131 -0.1299303998771599 0.042223177530929287 0.066414235972848873 0.059816884319279118 0.041084938838178008 0.035276402102171776 -0.0099307114962776371 -0.1041534231808393 -0.0091202443540777962 0.048521335283745089 -0.058784385193804856 -0.076614844074151589 0.077455756394922387 -0.062726051496874574
leaf_weight=64.245513096451745 5.3314859122037879 7.3330519497394553 5.020895875990389 5.6267064176499835 4.5688605904579154 5.8921111822128323 12.017857834696768 3.1265948414802542 5.9171515554189673 4.2480587735772124 5.3345174714922905 6.3819672539830208 5.0314241722226125 5.7277107015252104 8.5328683778643626 4.5790095925331107 3.8550359979271889 3.9845082238316527 5.427556298673152 4.7462595477700225 7.9244251735508433 28.438729029148817 47.14621441252531 9.3505198322236556 9.1892436519265157 10.758264381438492 8.1368181742727774 7.2215127013623706 5.1081371046602708 3.285759475082159
leaf_count=333 27 32 26 31 23 29 86 17 31 25 22 31 33 26 39 21 22 18 31 23 39 152 268 58 50 62 54 43 31 21
internal_value=0.00101642 0.00185219 0.00082668 -0.0301814 0.0025665 0.00377168 0.0077563 0.0731692 -0.019005 -0.00864274 6.98395e-05 0.00226021 -0.0317968 0.0215482 0.00287168 0.00332186 0.00211432 -0.042432 0.00376957 0.00211544 0.000751604 -0.000905474 -0.00601103 -0.0186117 -0.0570502 -0.00766921 0.0158875 -0.0187882 -0.0174684 0.0225821
internal_weight=313.489 308.157 300.824 15.9821 284.842 280.273 238.542 15.1445 41.7313 35.8141 10.3554 31.5661 11.4134 20.1527 14.425 223.398 218.818 7.83954 210.979 205.551 200.805 192.881 147.911 83.6658 18.5398 65.126 44.9694 54.3677 16.5307 8.3939
internal_count=1704 1677 1645 79 1566 1543 1329 103 214 183 48 158 64 94 68 1226 1205 40 1165 1134 1111 1072 814 481 108 373 258 311 106 52
is_linear=0
shrinkage=0.1


Tree=40
num_leaves=31
num_cat=0
split_feature=2 17 3 3 11 15 0 3 3 17 9 16 0 12 0 1 3 11 11 6 2 10 1 13 4 9 15 13 15 9
split_gain=1.26751 1.56583 1.40546 5.12755 2.21729 2.95904 2.19029 2.13789 6.50865 3.31131 3.27023 1.46608 2.83199 2.82924 1.46334 4.14095 7.47317 4.70351 3.87053 5.3925 5.15782 4.3609 3.36108 3.1484 3.45574 2.76841 2.63217 2.59942 2.16858 2.1221
threshold=2.2601347812385639 2.0521383171391903 2.0865937436195865 1.2019738642068785 0.11195382528532945 -0.27127286622352553 0.085346391801819979 1.1130792935697051 0.23046978943451865 0.87888776607447461 -0.54232462696371986 -0.63523905944333359 -0.17445316902167238 -1.0000000180025095e-35 -0.77023790851887008 1.0450698965318101 0.085855751475224187 2.1770733694854334 1.0000000180025095e-35 1.1396076357034957 -0.049662415537797704 -1.0000000180025095e-35 1.3380766833452398 0.32108701708228354 1.3343967461595116 0.43791124164290823 -0.2014290738303243 0.12409291878993985 1.7965302888885419 1.3487468139858649
decision_type=2 2 2 2 2 2 2 2 2 2 2 2 2 2 2 2 2 2 2 2 2 2 2 2 2 2 2 2 2 2
left_child=1 2 3 7 5 -4 -5 8 14 11 -10 12 -9 -13 15 17 -17 18 19 20 -1 -22 28 24 26 27 -20 -24 29 -16
right_child=-2 -3 4 6 -6 -7 -8 9 10 -11 -12 13 -14 -15 22 16 -18 -19 23 -21 21 -23 25 -25 -26 -27 -28 -29 -30 -31
leaf_value=-0.045211542348773913 -0.037712729992470904 -0.043972236215607363 0.0052170817085138432 0.10754251321360658 0.020560296850011029 -0.12320738915606638 0.0063990812483748494 0.024835543372490294 0.0055737560264053094 -0.090272816403244083 0.095041590411580792 -0.032460713119712797 -0.070684161058049075 0.06665378469903184 0.0054066862297300995 -0.024077068500993226 0.10413601279393235 0.084690427731312065 0.024832217590734736 -0.087317364498906702 0.012047435788358457 0.13317243933961945 -0.0455261016879158 -0.14142187631872705 -0.1329164943948028 -0.080192873712719798 -0.055379801511546714 0.044452762575938415 0.082945018703056247 0.048797160793505136
leaf_weight=7.6471416726708474 8.2665508911013585 7.2387396581470957 3.2600809410214424 6.7286739796400052 5.1077132746577263 3.9899308308958989 3.1402752920985222 5.3871988393366363 6.3371234238147762 5.9058786667883387 11.498459145426748 5.5430624336004257 7.3232523463666466 5.9946805685758573 113.4654264934361 10.828063111752273 7.8360442817211142 3.671472616493701 6.3636694103479448 6.1731234528124324 7.6645694077014959 4.8553898334503121 6.8933349251747149 4.0186165124177924 3.7017874270677558 7.4453782811760894 11.455619126558306 6.0098230466246605 4.1782163083553305 12.514538824558256
leaf_count=37 50 40 18 43 25 26 22 27 35 42 80 30 40 29 613 57 33 18 35 47 37 19 37 27 24 42 70 28 19 54
internal_value=0.000919837 0.00197669 0.00310443 0.00454801 -0.0299056 -0.0654593 0.0753589 0.00198549 0.0051073 -0.0231262 0.063253 -0.00677195 -0.0301991 0.0190363 0.000492436 -0.0109991 0.0297526 -0.0246909 -0.0324317 -0.00553592 0.0194973 0.0590212 0.00615898 -0.0601704 -0.0449984 -0.0316357 -0.0267343 -0.00361721 0.0120677 0.00971699
internal_weight=310.444 302.177 294.939 282.581 12.3577 7.25001 9.86895 272.712 242.558 30.1541 17.8356 24.2482 12.7105 11.5377 224.722 74.2155 18.6641 55.5514 51.8799 26.3402 20.1671 12.52 150.507 25.5397 21.5211 20.3485 17.8193 12.9032 130.158 125.98
internal_count=1704 1654 1614 1545 69 44 65 1480 1312 168 115 126 67 59 1197 404 90 314 296 140 93 56 793 156 129 107 105 65 686 667
is_linear=0
shrinkage=0.1


Tree=41
num_leaves=31
num_cat=0
split_feature=18 2 3 17 3 3 3 3 9 17 5 9 12 16 16 2 6 5 5 15 3 16 6 5 9 0 16 16 7 16
split_gain=1.06083 1.08452 1.3608 1.32022 1.22255 4.55137 1.91119 5.06642 3.27976 2.8619 1.59073 1.26641 1.55892 7.19761 1.45309 3.03756 2.70451 3.29018 3.06618 2.68434 2.8822 3.60648 4.48759 4.95496 4.81465 3.12571 5.03043 4.32159 3.22506 2.73169
threshold=3.0122601911932407 2.2601347812385639 0.085855751475224187 2.0521383171391903 2.0865937436195865 1.2019738642068785 1.1130792935697051 0.23046978943451865 -0.54232462696371986 0.87888776607447461 -1.0000000180025095e-35 2.1745000803147847 1.9056679359992847 -0.048188767942684452 1.0000000180025095e-35 0.036774901597284387 0.72398890507662805 0.056111738960387937 0.48907567540347763 1.9887477540546927 -0.3274836635606993 1.8770799877687276 0.5596543023810675 -0.18360376924460156 0.72980202015433571 0.93456087805323695 1.3026968228741045 0.50417192070257655 -0.031998534150867321 0.35430140485290967
decision_type=2 2 2 2 2 2 2 2 2 2 2 2 2 2 2 2 2 2 2 2 2 2 2 2 2 2 2 2 2 2
left_child=1 3 -3 4 5 6 7 11 -9 -8 -6 12 14 -14 15 -1 17 -17 -18 20 25 22 23 24 -22 26 29 -27 -28 -16
right_child=-2 2 -4 -5 10 -7 9 8 -10 -11 -12 -13 13 -15 19 16 18 -19 -20 -21 21 -23 -24 -25 -26 27 28 -29 -30 -31
leaf_value=0.029223317320279742 -0.04345080789596896 0.00020345400838104948 -0.08248623050552345 -0.03956893312193141 0.00025320039748932322 0.075801152591052121 -0.0061819941450077529 -0.00021298041730538812 0.091753627141355751 -0.085325867462243188 -0.074544079237653313 0.04437108501130739 -0.1127061244667138 0.034440068210751566 0.022448343834030292 -0.013569869041450026 -0.013798426828442381 0.057138673796789809 -0.12614200521284857 0.073533451003934561 0.057789045965092524 0.037358300207445343 -0.10272853289921446 -0.060676966289709991 -0.062854317277138236 -0.12968214675476458 0.024460470722206487 0.015204917511698014 -0.075192759479183205 0.09307522290884826
leaf_weight=47.73212543129921 5.3174615912139407 4.7697204835712892 3.415152695029974 7.2397814430296412 7.726690161973238 8.8003494516015035 24.103151340037588 6.0632977560162571 10.758061446249483 5.6376600824296466 4.4988381788134557 6.7278639748692504 6.1148595809936523 7.2840556129813177 29.077171009033904 22.094382431358103 7.5769460089504701 9.3722463548183423 3.5759809277951717 4.1579476818442336 10.415807880461214 7.3743944838643065 8.5961330793797952 15.59215639904143 4.8474319428205481 3.7512874230742437 5.3768643811345092 4.5625001639127731 8.2005498223006708 6.7470844164490691
leaf_count=253 27 26 24 40 41 63 126 34 80 42 28 29 36 32 151 115 50 51 24 18 43 35 62 85 25 25 27 27 50 35
internal_value=0.000826594 0.00160572 -0.034299 0.00260527 0.00367002 0.00504786 0.00270476 0.00571531 0.0586041 -0.0211845 -0.0272712 0.00165623 0.000303532 -0.032713 0.00252601 0.0118975 -0.00750668 0.00749047 -0.0498193 -0.00526365 -0.00839767 -0.0268317 -0.0388303 -0.0210286 0.0194741 0.00655833 0.0161051 -0.05017 -0.0357286 0.0357501
internal_weight=307.508 302.19 8.18487 294.006 286.766 274.54 265.74 235.999 16.8214 29.7408 12.2255 219.178 212.45 13.3989 199.051 90.3517 42.6196 31.4666 11.1529 108.699 104.541 46.8259 39.4515 30.8554 15.2632 57.7155 49.4017 8.31379 13.5774 35.8243
internal_count=1704 1677 50 1627 1587 1518 1455 1287 114 168 69 1173 1144 68 1076 493 240 166 74 583 565 250 215 153 68 315 263 52 77 186
is_linear=0
shrinkage=0.1


Tree=42
num_leaves=31
num_cat=0
split_feature=8 9 14 8 4 13 7 5 7 2 9 14 4 12 15 5 15 5 4 14 9 13 15 4 16 5 1 0 0 3
split_gain=1.22497 3.20867 3.47509 2.81338 2.56868 3.69817 3.71799 2.88924 2.51381 4.37505 2.93922 2.54702 2.45493 2.90051 2.44467 2.08141 1.66015 1.36029 1.26735 3.08425 2.10563 2.98198 2.8535 2.32 1.64351 1.61843 2.01269 5.59001 2.96241 3.16583
threshold=0.071124974213128508 1.608089074068048 0.53008466483866845 0.58604625066338423 0.57250429260579905 0.12409291878993985 -0.33141650549006735 -0.09826763426710948 0.78821761190418393 0.20581511208995598 -0.68555448942055552 -0.16813101516203285 0.091780343570397258 -0.027844682403543597 -0.077006808414561784 0.25732138646434882 -0.11462161268195718 -0.14324561756474577 1.587176451448326 1.3380285426001368 1.2174879513384689 -0.089273689548125576 0.65408303889854758 1.7371652041197898 0.028024129825623297 0.056111738960387937 1.0450698965318101 -0.17445316902167238 0.28441358775748293 -0.10488740326050557
decision_type=2 2 2 2 2 2 2 2 2 2 2 2 2 2 2 2 2 2 2 2 2 2 2 2 2 2 2 2 2 2
left_child=18 2 3 15 5 6 -5 -6 10 -10 -8 -12 13 16 17 -2 -7 -4 25 20 21 22 24 -23 -20 -1 28 -28 29 -27
right_child=1 -3 14 4 7 12 8 -9 9 -11 11 -13 -14 -15 -16 -17 -18 -19 19 -21 -22 23 -24 -25 -26 26 27 -29 -30 -31
leaf_value=-0.0068429046846123099 0.015263411771012753 0.10270684580183319 0.045999724006930497 -0.096310532025904436 0.079675332783825367 -0.024980949040223556 -0.068439085979464409 -0.021746697822175989 -0.13253721038135999 0.0092668694775525362 -0.0036750617744701363 0.11808286230462138 0.06098809776574704 -0.079319556200119656 0.0050976525400649435 0.11261897676013782 0.060727940460366538 0.13257735615660088 -0.15263285492052783 0.042685712535464347 -0.115690903331209 -0.027848788317611846 0.0082670870599934193 0.087624159547477154 -0.050039407610580657 -0.023030819132428323 0.034561376056933213 -0.10965903491608042 0.057053491760057487 0.036341922322056519
leaf_weight=129.61695805191994 6.7468646541237813 3.6423938050866118 3.3748738169670105 9.1682977862656063 6.0424621179699898 4.3418466448783875 2.8929369188845113 5.248514022678135 4.1122933998703939 4.6201847344636917 3.7870968692004636 3.1446783393621622 6.7967068925499907 4.4028172008693227 5.6850542686879617 3.2557048685848713 4.7130836024880409 3.9257223382592201 3.3112817332148605 5.4397890642285338 3.2642439231276503 4.0889825820922878 3.51972621306777 3.0286403968930244 2.9548514187335968 18.936859209090468 6.3917904868721962 4.6374993585050088 15.808518227189778 17.081788159906868
leaf_count=705 49 19 20 65 34 20 18 30 23 23 27 16 32 31 31 28 21 24 20 27 20 32 18 15 23 99 31 28 80 95
internal_value=0.00074626 0.0108608 0.00679392 -0.00210504 -0.0103838 -0.0204826 -0.0442119 0.0325302 -0.0184722 -0.0575114 0.0162269 0.0515618 0.0119994 -0.0127419 0.0542665 0.0469514 0.0196305 0.0925548 -0.00323784 -0.0241376 -0.0421617 -0.0279624 -0.063783 0.0212864 -0.104254 -0.000457239 0.0127107 -0.0260792 0.0209655 0.00512661
internal_weight=303.982 85.9015 82.2591 69.2735 59.2709 47.9799 27.7255 11.291 18.5572 8.73248 9.82471 6.93178 20.2545 13.4577 12.9857 10.0026 9.05493 7.3006 218.081 25.6075 20.1677 16.9035 9.78586 7.11762 6.26613 192.473 62.8565 11.0293 51.8272 36.0186
internal_count=1704 511 492 417 340 276 172 64 107 46 61 43 104 72 75 77 41 44 1193 155 128 108 61 47 43 1038 333 59 274 194
is_linear=0
shrinkage=0.1


Tree=43
num_leaves=31
num_cat=0
split_feature=1 15 2 1 0 3 15 16 0 14 14 17 17 17 19 2 17 5 3 17 3 8 8 3 3 2 17 16 17 12
split_gain=1.12243 2.31109 1.24948 1.34698 4.17102 2.69263 3.2691 2.23446 1.97041 3.41693 3.15468 2.5766 2.5003 2.38095 2.16717 1.80175 2.05692 1.96895 2.68887 1.82165 3.48201 3.16868 3.42384 3.34977 2.79009 3.10308 3.93531 3.9646 2.51334 2.32655
threshold=2.5560681442174809 -0.16051008788097218 2.2601347812385639 1.3380766833452398 -0.32084482431399658 -0.67764879555668867 -0.11462161268195718 0.21698874378055091 -0.4916831175800061 1.431643500509548 1.1676203219635581 1.3048379858051484 0.87888776607447461 2.2486899920768946 0.19923637030435354 1.4448494690014926 0.48561042310678876 1.2779918268875996 -0.17965458965174999 0.74432302149007479 2.0865937436195865 0.1127546393568349 1.2571725995334977 -0.14410145488001885 0.75381662675753891 0.27674290852126476 -0.88152895209207183 0.77235020495291973 -0.31497718396665708 -1.0000000180025095e-35
decision_type=2 2 2 2 2 2 2 2 2 2 2 2 2 2 2 2 2 2 2 2 2 2 2 2 2 2 2 2 2 2
left_child=2 -2 3 8 5 -5 -7 -6 9 10 11 12 -1 15 -14 17 -17 19 -19 20 21 24 -23 -24 25 29 -27 -28 -26 -10
right_child=1 -3 -4 4 7 6 -8 -9 13 -11 -12 -13 14 -15 -16 16 -18 18 -20 -21 -22 22 23 -25 28 26 27 -29 -30 -31
leaf_value=-0.0073259355799092062 -0.019806668777929626 0.064237695223691202 -0.040382262488481847 -0.038922746805741426 -0.083104785996847064 -0.0091013606595396045 0.10138432051873421 -0.011761766155908815 0.029586494764555063 0.055894453297117799 -0.079088606184687771 0.050585346892676387 -0.12372358216955477 -0.065674218353274347 -0.02394083498641392 2.9211333625812664e-05 -0.081268011690252384 0.0086736510427096649 0.10408112354125912 0.031718398867653472 -0.075757377665145592 0.071252259268448914 0.06525837254263786 -0.042221863550785894 -0.012629082177489318 -0.10401775598761015 -0.057783538677811969 0.078219651192766637 0.084386244624507112 -0.015706077402526816
leaf_weight=46.588750559836626 5.6420443430542946 7.7886309921741468 7.7005620971322051 5.4083273932337788 9.9425989203155059 5.2160105109214792 5.5038613937795136 7.860974706709384 19.242037899792187 7.0681618750095359 7.3389207385480395 6.3520921729505053 3.6932879351079446 4.1663469262421122 5.3003323748707771 12.305560357868673 4.1657546609640113 6.3000003956258297 5.5617998614907247 32.344637021422386 5.1309111490845671 14.426537781953813 4.7270965650677681 7.5011438690125924 4.5395011976361275 7.0471472330391434 5.4376559369266015 3.5379764474928379 6.4854051135480386 27.620803609490402
leaf_count=269 29 38 49 31 57 27 25 46 95 33 46 35 30 24 37 68 27 39 31 177 31 95 26 41 26 46 37 18 36 135
internal_value=0.000673262 0.0289318 -0.000642206 0.000447559 -0.018234 0.0186025 0.0476249 -0.051604 0.00301517 -0.0103375 -0.0170953 -0.00974941 -0.0166446 0.00899242 -0.0649173 0.0108622 -0.0205316 0.0143118 0.0534086 0.0109522 0.00459744 0.0086972 0.0382556 -0.000673003 -0.0019626 -0.0100978 -0.0480875 -0.00417438 0.0444402 0.0028912
internal_weight=301.945 13.4307 288.514 280.814 33.9318 16.1282 10.7199 17.8036 246.882 76.3415 69.2734 61.9345 55.5824 170.54 8.99362 166.374 16.4713 149.903 11.8618 138.041 105.696 100.565 26.6548 12.2282 73.9105 62.8856 16.0228 8.97563 11.0249 46.8628
internal_count=1704 67 1637 1588 186 83 52 103 1402 450 417 371 336 952 67 928 95 833 70 763 586 555 162 67 393 331 101 55 62 230
is_linear=0
shrinkage=0.1


Tree=44
num_leaves=31
num_cat=0
split_feature=1 11 13 12 16 18 7 7 10 7 17 13 2 5 12 12 4 5 5 3 17 6 16 16 18 13 14 2 16 11
split_gain=0.918235 2.15752 1.04626 1.12015 3.37051 1.70797 1.49765 4.88406 3.70008 2.89252 2.851 2.4941 3.36236 2.95417 2.43593 2.56092 2.40265 2.68724 3.3709 2.79086 3.30768 3.63336 3.09084 2.37035 3.75379 4.10646 2.33424 2.84581 3.26907 2.43651
threshold=2.5560681442174809 -0.020892383657170475 3.0308773963068067 1.9056679359992847 -0.048188767942684452 3.0122601911932407 0.14525940587580199 -0.71775246286551064 2.6635391190623485 0.1932683488774482 0.39909803165934116 0.084213188051653787 0.79203882088336774 -1.0000000180025095e-35 0.053614323057138528 0.80180553841296431 1.7371652041197898 2.0529032057945504 1.6435178439290008 0.085855751475224187 1.2451129656514583 1.1396076357034957 1.3026968228741045 0.63707168099977673 1.4679489721255996 0.12409291878993985 1.0000000180025095e-35 -0.12136794886737144 -0.048188767942684452 1.0000000180025095e-35
decision_type=2 2 2 2 2 2 2 2 2 2 2 2 2 2 2 2 2 2 2 2 2 2 2 2 2 2 2 2 2 2
left_child=2 -2 3 5 -5 6 7 8 16 -8 26 12 13 -12 -9 -16 17 18 19 23 21 22 -21 24 25 -1 27 28 -11 -29
right_child=1 -3 -4 4 -6 -7 9 14 -10 10 11 -13 -14 -15 15 -17 -18 -19 -20 20 -22 -23 -24 -25 -26 -27 -28 29 -30 -31
leaf_value=-0.0177775909939079 -0.012031152415578955 0.068522536022715616 -0.045942649237033915 -0.084460749345058025 0.014965327618110173 -0.062629147104129923 -0.021133771695436815 0.068806303859677079 -0.08898286629305216 0.083121159808657585 0.094574420640487877 -0.08415605795174691 -0.088195393338233091 -0.022509923502274664 -0.038675456579884027 0.069777370963882937 0.062353524188061095 0.07248083602821781 -0.086645366975645483 0.00069256866528019678 0.052332091422509275 -0.10019523760324325 -0.076966409702693694 0.061864738026527068 -0.077590543060003944 0.065830840070134469 0.039556732064684859 -0.06903252389513867 -0.023409953373596751 0.011688664306562006
leaf_weight=12.452390538528567 6.9962343201041222 6.336189389228819 4.9991140589117995 5.9437153860926628 7.9967989474534971 4.070953093469142 59.858770042657852 18.294434703886512 4.4412842616438857 6.4380437321960926 3.9607427380979061 5.2812216877937308 3.2623766884207717 4.7265921384096163 5.3658757954835874 3.6639927327632904 6.6539105065166941 4.8672600910067549 4.657193459570407 26.88451611250639 6.1072740964591494 5.752121850848197 6.3320793919265261 10.215612247586249 4.5449589490890494 11.120640523731707 28.513715364038944 7.8199933581054193 5.2128861173987406 7.165841106325388
leaf_count=72 37 30 27 36 36 22 357 122 27 36 24 29 19 25 27 20 33 24 30 150 35 48 36 52 30 56 140 52 29 43
internal_value=0.000598089 0.0262517 -0.000595281 0.000209735 -0.0274262 0.00164907 0.00264179 0.0102049 0.000322376 -0.00487058 0.00857893 -0.0269274 -0.00163492 0.0308713 0.0478295 0.00533076 0.00430509 0.000148922 -0.00384871 0.000774265 -0.0160943 -0.0268183 -0.0141116 0.0206098 0.00562138 0.0216649 0.0196723 -0.0016132 0.0354568 -0.0304337
internal_weight=299.937 13.3324 286.604 281.605 13.9405 267.665 263.594 131.354 104.029 132.24 72.3814 17.2309 11.9497 8.68733 27.3243 9.02987 99.588 92.934 88.0668 83.4096 45.076 38.9687 33.2166 38.3336 28.118 23.573 55.1505 26.6368 11.6509 14.9858
internal_count=1704 67 1637 1610 72 1538 1516 762 593 754 397 97 68 49 169 47 566 533 509 479 269 234 186 210 158 128 300 160 65 95
is_linear=0
shrinkage=0.1


Tree=45
num_leaves=31
num_cat=0
split_feature=8 8 9 5 4 17 16 3 3 3 5 11 11 2 0 17 16 5 4 11 5 16 17 17 2 17 16 7 7 4
split_gain=0.820287 2.65744 2.34147 2.03698 1.84227 2.42342 2.64182 4.09934 3.63234 3.36061 2.36205 1.88837 3.37811 2.35299 1.42244 1.25466 2.06849 4.79639 4.77514 4.56426 3.08094 3.53 2.53897 1.89002 1.82138 1.81061 1.69949 2.72048 2.44152 3.70191
threshold=0.071124974213128508 0.58604625066338423 1.3487468139858649 0.25732138646434882 0.57250429260579905 -0.27705425476710704 0.21698874378055091 0.085855751475224187 -0.073175102190187025 1.1130792935697051 -0.09826763426710948 0.4649798366632949 -0.090585224116683627 -0.049662415537797704 0.46739114968331358 0.58339454096702903 0.0926962413762311 0.21075987597697013 0.39071553652505897 -1.0000000180025095e-35 -0.047827208553481208 1.3026968228741045 1.4018277873745542 0.39909803165934116 1.0000000180025095e-35 1.0000000180025095e-35 1.4527942879064939 0.78821761190418393 0.14525940587580199 0.048713890800683245
decision_type=2 2 2 2 2 2 2 2 2 2 2 2 2 2 2 2 2 2 2 2 2 2 2 2 2 2 2 2 2 2
left_child=15 3 4 -2 5 11 7 -7 -8 -9 -6 12 14 -14 -3 23 17 18 19 -17 21 -18 -22 25 -19 26 27 28 -1 -30
right_child=1 2 -4 -5 10 6 8 9 -10 -11 -12 -13 13 -15 -16 16 20 24 -20 -21 22 -23 -24 -25 -26 -27 -28 -29 29 -31
leaf_value=-0.0075073318399618023 0.022773835235358503 0.054883558941661505 0.081195844085825641 0.11190522862174768 0.075768551575020909 -0.066169952783664068 -0.010630452541609112 0.077310874539762181 -0.11787499008403984 -0.038829218162181323 -0.013101040997403944 0.057845519200191632 -0.10782084270370376 -0.00037169609452275597 -0.019858247667315327 0.06767924129752026 0.10073181983228979 0.076191223997369537 -0.10990349595019014 -0.052831481128990325 -0.034959227849909756 -0.0018722075409955932 0.052675664235406608 -0.056067047925639039 -0.0085417923183912711 0.055093040902855023 0.028818827716446019 0.014328271415775716 -0.011220058295541568 -0.079127126222793068
leaf_weight=64.187538102269173 7.270962428301571 7.9835726320743596 3.5415026098489752 3.9607729315757751 6.2751061990857124 6.5441253818571665 6.3413120731711388 6.7319819629192335 6.2915713526308519 3.9552898854017258 5.7142180725932104 6.7586261294782153 3.9770291484892368 4.1802245378494227 3.7386992126703262 5.2926701121032265 8.857901621609928 6.8093061670660955 6.3029230032116166 7.7372125685215023 9.2641041912138444 5.3955385461449614 5.1404329501092425 7.6087896376848212 4.0431556440889835 4.8557564727962008 12.113948944956062 33.262545585632324 18.231704890727997 14.343561569228767
leaf_count=364 59 40 18 40 36 42 41 32 46 26 32 36 22 21 20 28 45 32 46 40 58 29 30 38 23 30 60 168 104 98
internal_value=0.000544639 0.00896303 0.00190867 0.0542052 -0.00219103 -0.00974579 -0.0293052 -0.00383891 -0.0640416 0.0343282 0.0334125 0.0121825 -0.00334201 -0.052758 0.0310454 -0.00273935 0.00968805 -0.00858048 -0.0384465 -0.00388066 0.0289302 0.0618918 -0.00368566 -0.0074693 0.0446234 -0.00495377 -0.00700509 -0.0103427 -0.0188234 -0.0411209
internal_weight=296.712 83.265 72.0333 11.2317 68.4918 56.5024 29.8643 17.2314 12.6329 10.6873 11.9893 26.6382 19.8795 8.15725 11.7223 213.447 58.8432 30.1853 19.3328 13.0299 28.658 14.2534 14.4045 154.604 10.8525 146.995 142.139 130.025 96.7628 32.5753
internal_count=1704 511 412 99 394 326 187 100 87 58 68 139 103 43 60 1193 331 169 114 68 162 74 88 862 55 824 794 734 566 202
is_linear=0
shrinkage=0.1


Tree=46
num_leaves=31
num_cat=0
split_feature=15 14 19 16 15 3 17 3 14 13 7 8 6 5 5 17 11 1 19 11 5 11 8 13 15 4 2 11 7 3
split_gain=0.830545 2.87318 3.08303 2.32312 1.45268 2.42351 1.2661 1.23233 1.14268 2.93865 3.08743 2.45543 2.14218 4.0718 1.9008 2.50401 2.51759 3.03577 2.84493 2.94515 4.42035 2.53595 2.48244 4.49678 2.47496 3.30053 2.48252 2.41654 2.56934 2.18966
threshold=1.6640326034420772 0.79168591469534411 0.19923637030435354 0.77235020495291973 1.006692091270242 -0.3274836635606993 -0.31497718396665708 -0.14410145488001885 0.53008466483866845 0.725762924082613 -1.0000000180025095e-35 0.1724818743998339 0.8632267129882345 -0.047827208553481208 1.0299373773347924 2.0521383171391903 0.11195382528532945 1.6060272627348982 0.49589665867043853 0.27744465643323141 -0.18360376924460156 1.4061979518008973 -0.20833273103393077 0.048230990393081444 -0.11462161268195718 1.0167757347533921 -0.24458498652854474 1.0000000180025095e-35 -0.031998534150867321 -0.17965458965174999
decision_type=2 2 2 2 2 2 2 2 2 2 2 2 2 2 2 2 2 2 2 2 2 2 2 2 2 2 2 2 2 2
left_child=4 2 3 6 8 -6 -2 -4 14 11 -11 12 -10 -14 15 16 -1 18 19 -18 21 -21 23 -20 25 -22 -26 29 -29 -16
right_child=1 -3 7 -5 5 -7 -8 -9 9 10 -12 -13 13 -15 27 -17 17 -19 22 20 24 -23 -24 -25 26 -27 -28 28 -30 -31
leaf_value=-0.016375807710559385 -0.10958344270924424 -0.097972263151243008 0.0068702796899641387 0.032934820364595538 0.092261315995536219 -0.0073808815844806476 -0.031809527870402241 0.081721200621811499 0.023400086773631267 0.01085285863022396 -0.10789272716710147 0.065616184100153671 0.039929374222898655 -0.11479288668921957 0.0016329332214905937 -0.073212638438065733 0.091407856122750389 0.076537049356621423 0.074933121341162742 0.065872021543417911 0.035436146461985299 -0.00096104492205276561 -0.041920688411638735 -0.04337890101444683 -0.1028538711914276 -0.079619133291556884 -0.00095805341211599405 -0.061335995918905442 0.037894355781082849 0.085756860393277526
leaf_weight=86.072831310331821 3.486374359577896 3.7256727069616309 4.6357225924730301 3.5633649230003348 4.6467024907469749 5.1421741321682912 5.2378674857318437 4.1854379773139936 27.413039550185204 5.2688103727996349 3.7465661242604238 10.803398571908472 3.3226322755217552 3.4848743584007016 5.0799848437309265 5.4050579480826846 4.8598160147666922 5.9501099921762934 6.2585923187434656 14.553446579724548 9.933673586696381 9.309142053127287 20.356135610491037 6.6005071699619293 5.6485329046845436 3.3287702426314363 4.1459866166114878 5.2209304422140121 5.2164749987423402 7.9149950072169322
leaf_count=513 21 22 25 18 30 31 34 20 138 31 20 65 16 25 31 32 28 31 31 78 54 51 129 40 44 20 28 30 29 39
internal_value=0.000489691 -0.0170098 -0.00272003 -0.0351007 0.00210118 0.0399185 -0.0628895 0.0423853 0.000676793 0.0136184 -0.0384949 0.0240534 0.010932 -0.0392755 -0.00272054 -0.00616448 -0.00411723 0.00748465 0.00265059 0.0173037 0.00962819 0.0397995 -0.0201922 0.0142042 -0.0215973 0.00655817 -0.0597217 0.0240908 -0.011742 0.0528712
internal_weight=294.518 24.8344 21.1088 12.2876 269.683 9.78888 8.72424 8.82116 259.894 54.0393 9.01538 45.0239 34.2205 6.80751 205.855 182.423 177.018 90.9447 84.9946 51.7794 46.9196 23.8626 33.2152 12.8591 23.057 13.2624 9.79452 23.4324 10.4374 12.995
internal_count=1704 140 118 73 1564 61 55 45 1503 295 51 244 179 41 1208 1079 1047 534 503 303 275 129 200 71 146 74 72 129 59 70
is_linear=0
shrinkage=0.1


Tree=47
num_leaves=31
num_cat=0
split_feature=14 14 4 3 14 1 18 2 3 3 3 3 3 7 4 19 13 14 13 3 13 14 10 19 3 5 11 2 9 8
split_gain=0.730264 0.735937 5.38432 4.96041 3.7714 1.09028 1.98697 1.80713 1.84905 2.74703 2.11085 1.83083 2.67625 3.59474 3.02215 1.51965 2.27805 2.10549 4.86154 1.43609 1.26425 2.13508 1.95877 1.70548 1.57114 1.3164 4.2731 2.98272 3.09402 3.04514
threshold=2.818881416914778 1.7129579318408121 0.048713890800683245 -0.073175102190187025 1.431643500509548 1.4627850869610992 0.8569548061470148 2.2601347812385639 2.3330172533179527 2.0865937436195865 1.2019738642068785 1.1130792935697051 0.23046978943451865 -0.40951341857775042 0.13928136177382436 0.49589665867043853 -1.0000000180025095e-35 0.27397806272271569 0.27467550899125442 1.4691034570165256 0.725762924082613 0.53008466483866845 0.71920343763719918 0.24637590452456348 -0.3274836635606993 -0.45998737494417569 1.4061979518008973 0.94849958921921784 -1.0000000180025095e-35 0.97627369419491428
decision_type=2 2 2 2 2 2 2 2 2 2 2 2 2 2 2 2 2 2 2 2 2 2 2 2 2 2 2 2 2 2
left_child=1 4 3 -3 5 7 -7 8 9 10 11 12 20 14 -14 17 -17 18 -13 -12 25 22 24 -24 -22 26 27 29 -29 -1
right_child=-2 2 -4 -5 -6 6 -8 -9 -10 -11 19 15 13 -15 -16 16 -18 -19 -20 -21 21 -23 23 -25 -26 -27 -28 28 -30 -31
leaf_value=0.057353951068868793 0.039420336677101153 -0.15990616802996394 0.069840787794627768 -0.0013518154412952162 0.10147724963545185 0.036892459835881707 -0.041511572448058184 -0.052943546100806677 0.062849207571909899 -0.068322028738835319 0.016463680869010015 -0.06870093631481175 -0.08840227558653338 0.090242973065195783 0.060419239502341654 -0.0092406078667798593 -0.1050597148535109 -0.049927085683168157 0.083753081336399776 0.11636448573749343 -0.023963401277005667 -0.092711421843977265 -0.012036777106344397 -0.10220779422450127 0.042185578790126986 -0.0050923111699965051 -0.035435974470996848 0.033820252223906069 -0.09637986349727129 -0.0075210993347772995
leaf_weight=27.307065906003103 4.728150211274623 3.5573564022779465 4.0279683321714401 4.4307567030191404 3.6752057522535315 16.584778651595119 4.0147964507341376 6.8586740158498278 4.4669926688075057 6.1019829586148253 3.4018317684531203 3.4208656810224074 2.8211150616407394 7.4924091994762403 2.6428342945873737 4.9031104315072298 5.023074232041834 6.6831715926527968 5.3832879737019539 2.4937892854213715 6.6076904162764576 3.6670743972063056 5.2670381739735586 3.4857140481472015 7.8637685254216221 104.66359044238926 13.567582346498964 3.7389749959111214 3.5657624006271353 9.8432772122323495
leaf_count=142 24 21 22 22 23 84 21 47 24 38 25 24 20 58 20 29 35 41 27 21 38 23 31 22 42 607 76 24 19 54
internal_value=0.000439335 -0.000201599 -0.024427 -0.071961 0.000854829 -0.000505409 0.0216117 -0.00231861 -0.000897975 -0.00208474 -0.00035632 -0.00188429 0.00129032 0.0452614 -0.0164194 -0.0271844 -0.0577292 -0.00760758 0.0245169 0.0587207 -0.00171481 -0.0218007 -0.010604 -0.0479467 0.0119819 0.00160531 0.0136867 0.0286789 -0.0297361 0.0401648
internal_weight=292.29 287.562 12.0161 7.98811 275.545 271.87 20.5996 251.271 244.412 239.945 233.843 227.947 202.534 12.9564 5.46395 25.4135 9.92618 15.4873 8.80415 5.89562 189.578 26.8913 23.2242 8.75275 14.4715 162.686 58.0227 44.4551 7.30474 37.1503
internal_count=1704 1680 65 43 1615 1592 105 1487 1440 1416 1378 1332 1176 98 40 156 64 92 51 46 1078 156 133 53 80 922 315 239 43 196
is_linear=0
shrinkage=0.1


Tree=48
num_leaves=31
num_cat=0
split_feature=8 9 8 4 17 15 9 16 13 15 16 17 2 2 19 13 4 4 17 9 3 16 10 4 11 2 12 15 8 3
split_gain=0.748625 2.22978 2.32482 1.70403 2.16377 2.57035 2.80077 1.94367 1.86778 1.61353 3.09974 2.83572 1.45483 1.42391 1.24789 1.03896 1.01037 2.01511 1.90824 2.24952 2.2193 2.48696 3.2729 2.44949 2.72046 2.79898 3.1036 2.00616 1.99397 2.98502
threshold=0.071124974213128508 1.608089074068048 0.58604625066338423 0.57250429260579905 -0.092591317284196881 -0.23814514068022744 0.43791124164290823 0.0926962413762311 0.12409291878993985 -0.48958675831377046 0.21698874378055091 0.65996663140346346 1.5365048581167948 0.27674290852126476 -0.1019375778314703 0.048230990393081444 0.39071553652505897 0.13928136177382436 0.58339454096702903 0.43791124164290823 1.0000000180025095e-35 0.15106420896232678 0.71920343763719918 -0.57000274287395813 0.35318475054845716 0.79203882088336774 0.98288977848285997 -0.16051008788097218 -0.20833273103393077 -0.073175102190187025
decision_type=2 2 2 2 2 2 2 2 2 2 2 2 2 2 2 2 2 2 2 2 2 2 2 2 2 2 2 2 2 2
left_child=16 2 12 4 5 6 13 -5 -7 10 -6 15 14 -4 -2 -11 17 18 19 20 23 22 -22 24 25 26 -1 28 29 -20
right_child=1 -3 3 7 9 8 -8 -9 -10 11 -12 -13 -14 -15 -16 -17 -18 -19 27 -21 21 -23 -24 -25 -26 -27 -28 -29 -30 -31
leaf_value=-0.13618626214554069 0.032556071756425838 0.08895108699249675 0.030814457310248025 0.065970951920572507 -0.018634545844360868 -0.052772167283175353 -0.020306448071911582 -0.017081718248150805 0.018953222569213932 -0.0076382102472453105 -0.12713199445836518 -0.072883626554376718 -0.024469428681810904 0.10962601279635326 0.11085340787090901 0.055805897094371421 -0.011597161639662531 0.059126032460943605 -0.034467142722779683 0.009933256154963278 -0.073887481352110734 0.043005249192773036 0.034181520442992525 0.010653006198304324 0.0016312474210904489 -0.0031086449466934903 -0.02342729575566474 0.041258552985859342 -0.043475814793211193 0.077685836133217168
leaf_weight=8.3287441059947032 4.4442454706877461 3.3102935329079619 4.2906969264149684 7.0774053484201414 7.2441079244017565 7.8209462873637623 4.95568524301052 4.6819239556789398 6.7762382589280605 5.7623592093586975 4.1370118968188763 4.682326953858138 2.1226464547216883 4.9224538579583168 3.7557818461209527 4.6754769533872604 79.934947051107883 6.0348111502826205 4.4815552383661279 38.379380587488413 6.577052768319847 8.7291452884674055 4.8829688206315041 6.9865789487957981 5.663499340415 3.6682045832276335 3.4529630169272414 19.296677950769663 7.7134237922728053 5.0442988649010667
leaf_count=50 41 19 23 43 42 49 29 26 34 36 31 40 13 22 41 22 502 37 25 190 44 49 28 35 30 18 20 94 42 29
internal_value=0.000396022 0.00858036 0.00514076 -0.00166283 -0.00901766 0.00997411 0.0403147 0.0329039 -0.0194761 -0.0296324 -0.0580731 -0.00822477 0.0493175 0.0729223 0.0684179 0.0207807 -0.00275994 0.00270591 -5.76611e-05 -0.00813806 -0.0225008 0.00279083 -0.0278407 -0.0406723 -0.0576562 -0.0793893 -0.103139 0.0191102 -0.0056814 0.0249221
internal_weight=289.834 80.6596 77.3493 67.0266 55.2673 28.766 14.1688 11.7593 14.5972 26.5013 11.3811 15.1202 10.3227 9.21315 8.20003 10.4378 209.174 129.239 123.204 86.6685 48.2892 20.1892 11.46 28.1 21.1134 15.4499 11.7817 36.536 17.2393 9.52585
internal_count=1704 511 492 397 328 157 74 69 83 171 73 98 95 45 82 58 1193 691 654 464 274 121 72 153 118 88 70 190 96 54
is_linear=0
shrinkage=0.1


Tree=49
num_leaves=31
num_cat=0
split_feature=5 12 19 17 12 19 5 19 15 13 8 12 9 13 7 4 1 12 1 13 9 9 17 19 4 8 2 7 17 14
split_gain=0.747123 2.66802 2.47062 2.36047 2.08025 2.33491 2.06282 3.19023 4.63928 3.08165 2.99515 3.99469 2.91632 2.49404 2.31504 2.05385 1.84539 2.089 2.00649 1.96645 1.71921 4.85165 3.99685 2.74043 2.97253 2.34704 3.71738 3.55282 2.16301 1.80745
threshold=0.12780629567028304 2.3838397741851289 0.67630199759218779 -0.31497718396665708 1.4769233475077694 0.24637590452456348 1.0000000180025095e-35 -0.1019375778314703 -0.077006808414561784 0.27467550899125442 1.0000000180025095e-35 -0.6009865144664357 1.2174879513384689 2.2942077553543627 0.14525940587580199 1.587176451448326 1.0450698965318101 0.65447179365126507 1.6060272627348982 0.32108701708228354 1.2174879513384689 0.47526706157457504 0.22536971147827844 0.19923637030435354 0.39071553652505897 -0.73821396468422373 1.0000000180025095e-35 0.24689607876682654 -0.13565082516447596 0.900845700620864
decision_type=2 2 2 2 2 2 2 2 2 2 2 2 2 2 2 2 2 2 2 2 2 2 2 2 2 2 2 2 2 2
left_child=1 4 15 -4 6 -6 13 8 -8 -10 11 -9 -12 20 -11 16 17 19 -18 -2 21 25 23 24 -22 26 -1 28 -28 -27
right_child=2 -3 3 -5 5 -7 7 10 9 14 12 -13 -14 -15 -16 -17 18 -19 -20 -21 22 -23 -24 -25 -26 29 27 -29 -30 -31
leaf_value=0.0218677696910798 0.017724988712130581 0.062870982344200757 -0.0039617138413065153 0.10751526685507894 -0.011988126813372931 -0.11779020031709551 0.0050438288970296339 -0.020312719126701129 -0.11828514837402614 -0.0953043324928943 -0.05510290255239364 0.087318105379119174 0.058080418958498949 -0.071135494768562776 0.0043727716470274387 -0.049061604149881317 -0.060639385588519203 -0.023286550820219198 0.020015378478680623 0.081606084546909097 0.039954658116476978 0.085883610660688392 0.057072473899273772 -0.090029780149797151 -0.061316652486447569 0.0089925921965753799 -0.088092839811567139 -0.11926567935959664 0.0079313250148146091 0.052971179775658198
leaf_weight=13.49766391143203 38.542188564315438 5.9944003671407691 3.2214455902576447 4.6285896375775328 5.4834181331098062 3.3663962669670582 13.102262813597919 6.262126125395298 8.2233541794121283 3.860717833042143 9.6199017222970706 7.6743321269750613 2.982254594564437 4.2543624714016905 5.8770091570913792 6.929720362648367 7.259660601615904 10.842919446527956 5.3630592301487923 5.5073561854660502 5.848894972354179 8.235170152038334 5.5313255488872519 6.8433463722467414 5.7454840764403343 55.271609703078866 3.241143640130761 4.9991178885102263 8.4922383651137334 11.246627848595379
leaf_count=71 230 26 19 29 30 22 77 36 63 29 69 39 14 25 34 48 45 60 28 33 30 69 25 41 33 321 19 30 52 57
internal_value=0.000357939 -0.0028643 0.00841024 0.0617681 -0.00483789 -0.0522344 -0.00263961 -0.0184512 -0.0402036 -0.0732108 0.00700991 0.0389559 -0.0283185 0.00419771 -0.0351462 0.00278378 0.00810517 0.0160332 -0.0263713 0.0257118 0.00668308 0.0122002 -0.0174818 -0.0398481 -0.0102294 0.00592832 -0.0171758 -0.0486712 -0.0185937 0.0164283
internal_weight=287.948 205.653 82.2949 7.85004 199.659 8.84981 190.809 57.602 31.0633 17.9611 26.5386 13.9365 12.6022 133.207 9.73773 74.4449 67.5152 54.8925 12.6227 44.0495 128.953 104.984 23.9691 18.4377 11.5944 96.7484 30.2302 16.7325 11.7334 66.5182
internal_count=1704 1212 492 48 1186 52 1134 361 203 126 158 75 83 773 63 444 396 323 73 263 748 619 129 104 63 550 172 101 71 378
is_linear=0
shrinkage=0.1


Tree=50
num_leaves=31
num_cat=0
split_feature=0 0 16 16 0 12 7 6 11 13 7 15 0 0 17 15 11 5 19 12 14 15 2 0 0 2 19 6 16 19
split_gain=0.78757 1.04394 3.8104 3.84131 2.54632 2.68697 1.48957 1.04737 1.59492 1.04244 1.34553 0.878382 2.63563 2.26034 2.14967 1.42535 1.66621 1.24183 2.60948 1.96772 1.92615 4.33723 2.64504 2.30407 2.43932 1.58339 1.55176 1.98222 2.16684 3.13455
threshold=2.5440706081620994 1.3432075644370391 0.2920416790593886 -0.048188767942684452 0.68214573881806317 0.053614323057138528 -0.12129922379965261 2.0100382541657682 0.11195382528532945 -0.089273689548125576 -0.12129922379965261 1.4513292118477945 -0.42396857197460402 0.18054539434325634 -0.31497718396665708 0.90878918803386399 -0.24290042556994432 0.21075987597697013 0.8825950559849598 2.3838397741851289 -0.16813101516203285 -0.39786928318601561 1.0000000180025095e-35 0.48973052588667393 -0.17445316902167238 0.94849958921921784 2.7541464656757539 1.0000000180025095e-35 1.0000000180025095e-35 0.49589665867043853
decision_type=2 2 2 2 2 2 2 2 2 2 2 2 2 2 2 2 2 2 2 2 2 2 2 2 2 2 2 2 2 2
left_child=1 4 3 9 7 -6 -5 11 -9 10 -3 15 14 -14 -13 17 -17 19 20 26 21 22 -19 24 -23 -22 27 -1 -29 -30
right_child=-2 2 -4 6 5 -7 -8 8 -10 -11 -12 12 13 -15 -16 16 -18 18 -20 -21 25 23 -24 -25 -26 -27 -28 28 29 -31
leaf_value=-0.010431047237870097 0.038713403846753341 -0.075194333118512452 0.053745752164829824 -0.13219841272459909 0.097122120103134854 -0.012752187196922851 -0.046030793083509006 -0.06047020182248778 0.012541968495493053 0.023486849195656436 0.01287126202323746 -0.11122951122159085 0.045995387547919132 -0.044140840327735659 -0.018621116694401824 0.0012468788112359544 0.1023102433889588 -0.012200551723532117 0.077950165141270497 0.057804706665501984 0.016226950021452132 0.034595119633801956 -0.11550160860959001 0.090921938696771051 -0.053839648777631893 0.08698185176465674 -0.061013627811147421 0.043677940663920965 0.021200996588074249 -0.075627634713780062
leaf_weight=101.18944907933474 5.2408067584037772 3.5658222623169449 5.6863691844046107 4.3829760476946831 5.5479900799691659 3.7168134748935699 3.6995614506304264 6.9268651623278839 5.2668024264276028 6.4494710732251415 3.3789304383099079 4.0478758253157139 7.8969948180019838 4.2953639850020409 6.5825755540281552 3.444861575961113 3.0987625010311595 4.9016186539083737 5.7408257946372023 5.0757725015282622 23.090888351202015 7.9288431294262436 5.0144549384713173 3.5234727859497061 5.1416966617107382 3.6647997945547095 4.8737603053450576 16.292965041473508 10.967249814420937 4.8093084320425978
leaf_count=574 30 24 35 29 42 20 25 46 30 30 23 28 42 20 40 24 21 26 34 21 137 49 30 15 34 20 32 115 69 39
internal_value=0.000305404 -0.000412964 -0.0190427 -0.0383148 0.00158688 0.0530432 -0.0927575 -0.000368742 -0.0289341 -0.00546211 -0.0323465 0.00113534 -0.017491 0.0142404 -0.0538847 0.00317168 0.0491059 0.00168527 0.0138937 -0.00334499 0.00698983 -0.0121141 -0.0644388 0.0191535 -0.000193402 0.0259184 -0.00559197 -0.003565 0.0180995 -0.00831614
internal_weight=285.444 280.203 27.1631 21.4768 253.04 9.2648 8.08254 243.775 12.1937 13.3942 6.94475 231.582 22.8228 12.1924 10.6305 208.759 6.54362 202.215 59.0066 143.209 53.2658 26.5101 9.91607 16.594 13.0705 26.7557 138.133 133.259 32.0695 15.7766
internal_count=1704 1674 166 131 1508 62 54 1446 76 77 47 1370 130 62 68 1240 45 1195 345 850 311 154 56 98 83 157 829 797 223 108
is_linear=0
shrinkage=0.1


Tree=51
num_leaves=31
num_cat=0
split_feature=18 1 15 11 2 0 1 12 11 13 13 10 13 18 6 16 0 14 11 6 5 14 11 12 5 4 5 0 0 8
split_gain=0.662345 0.701399 4.82129 2.8195 1.50903 1.31836 1.1664 2.42609 2.49932 2.45755 1.49974 3.14162 2.66798 2.42961 2.63817 2.55902 2.30465 2.24023 2.673 2.01947 4.60378 3.38999 2.44966 3.4 3.0544 3.93402 2.69817 2.41084 2.3677 2.16973
threshold=3.0122601911932407 1.4627850869610992 -0.16051008788097218 0.11195382528532945 2.2601347812385639 -0.17445316902167238 1.3380766833452398 1.2108347199626288 0.27744465643323141 0.27467550899125442 0.725762924082613 0.65827033732500217 0.32108701708228354 1.3812445733378931 0.64952849346565245 -1.0000000180025095e-35 0.3620160539774871 0.27397806272271569 0.27744465643323141 1.0362826165483503 -0.047827208553481208 0.10115615124950737 0.7971832551482616 0.053614323057138528 1.0299373773347924 0.57250429260579905 -0.18360376924460156 0.28441358775748293 -0.17445316902167238 -0.32807243863804275
decision_type=2 2 2 2 2 2 2 2 2 2 2 2 2 2 2 2 2 2 2 2 2 2 2 2 2 2 2 2 2 2
left_child=1 4 3 -3 6 -6 10 8 -8 -10 12 17 13 19 15 -15 -13 -12 -19 22 21 -21 24 27 25 29 -25 28 -24 -1
right_child=-2 2 -4 -5 5 -7 7 -9 9 -11 11 16 -14 14 -16 -17 -18 18 -20 20 -22 -23 23 26 -26 -27 -28 -29 -30 -31
leaf_value=0.01736042413717262 -0.036369627307570221 -0.070174511496101044 0.068679840887687124 0.036346628814376856 -0.096342396142443332 -0.0067712079471754158 -0.081347520113353916 0.042248325177939035 -0.050325234908492666 0.043321839518395328 0.035227539751677181 -0.079094030708389704 0.082492754432255053 0.047861728086328319 0.082308098183655531 -0.031203032493202405 0.017375365930613378 0.0087436350881834862 -0.11035062588764633 -0.029998367548530532 -0.063336490880490384 0.064504545427541596 0.013197352414509001 -0.02422698045659041 0.055836896878253245 0.044445941391593267 -0.13140194625438825 0.069835670296284569 -0.078746397047155456 -0.017985716354009206
leaf_weight=27.427432138472788 4.8500227667391291 6.3741324469447154 9.9250779971480352 4.0724279880523682 3.0206958539783955 3.6035001277923575 7.5255799889564576 4.9054440483450881 6.0465169083327037 5.2228812389075756 12.182881534099581 9.8179384022951108 4.4903197512030593 8.899198822677139 7.7272986136376849 7.5807720702141532 3.3117747753858557 5.5156247615814191 2.8627361617982388 7.939223278313877 14.665111336857079 7.2733114995062351 8.5881007872521895 5.5908030048012733 13.874015102162955 20.481165260076523 4.0510697402060014 4.2959192097187033 4.1562642641365555 47.345892500132329
leaf_count=134 27 35 51 21 22 25 53 25 37 26 67 65 33 52 43 53 17 34 24 56 123 39 55 32 77 124 24 24 26 280
internal_value=0.000267793 0.000905201 0.0187697 -0.0286489 -0.000503187 -0.0476165 0.000736352 -0.020378 -0.0367234 -0.00692384 0.00293044 -0.0165475 0.00630636 0.00450483 0.0340975 0.011492 -0.0547611 0.00785433 -0.0319487 0.00018131 -0.0233566 0.0151847 0.00535952 -0.0218014 0.0120004 0.00561555 -0.069257 0.00505025 -0.0167879 -0.00502048
internal_weight=283.623 278.773 20.3716 10.4466 258.401 6.6242 251.777 23.7004 18.795 11.2694 228.077 33.691 194.386 189.896 24.2073 16.48 13.1297 20.5612 8.37836 165.688 29.8776 15.2125 135.811 26.6822 109.129 95.2545 9.64187 17.0403 12.7444 74.7733
internal_count=1704 1677 107 56 1570 47 1523 141 116 63 1382 207 1175 1142 148 105 82 125 58 994 218 95 776 161 615 538 56 105 81 414
is_linear=0
shrinkage=0.1


Tree=52
num_leaves=31
num_cat=0
split_feature=8 14 9 15 19 5 8 5 19 3 7 5 4 11 17 17 8 19 6 17 9 9 7 12 3 9 5 14 17 9
split_gain=0.674139 1.85961 2.13592 2.00277 1.65094 2.18459 2.55441 2.04671 2.00708 2.55368 2.26335 1.98191 1.92261 2.8468 1.62028 1.46949 1.35279 1.28851 0.845865 3.38888 1.36514 4.10743 2.8967 2.19441 1.98687 1.89821 1.60998 1.61396 1.56138 1.53823
threshold=0.071124974213128508 0.53008466483866845 1.608089074068048 -0.077006808414561784 0.24637590452456348 -0.22001763072248443 1.9675866633985912 0.25732138646434882 0.67630199759218779 -0.10488740326050557 -0.031998534150867321 -0.09826763426710948 -0.23144072803086002 0.11195382528532945 -0.092591317284196881 -0.092591317284196881 1.3989206335352562 1.8784212426835907 2.0100382541657682 -0.092591317284196881 1.2174879513384689 0.69042373130749535 -0.12129922379965261 1.4769233475077694 -0.14410145488001885 -0.5773303506170071 -0.22001763072248443 0.27397806272271569 -0.43565274083703864 2.0091994745250719
decision_type=2 2 2 2 2 2 2 2 2 2 2 2 2 2 2 2 2 2 2 2 2 2 2 2 2 2 2 2 2 2
left_child=18 2 4 15 5 12 7 11 9 -6 17 -7 13 -2 -13 -3 -11 -10 20 -20 21 23 24 -1 29 -25 27 -24 -26 -22
right_child=1 3 -4 -5 8 6 -8 -9 10 16 -12 14 -14 -15 -16 -17 -18 -19 19 -21 22 -23 26 25 28 -27 -28 -29 -30 -31
leaf_value=0.0035235871558620558 -0.045475082990018088 0.13962993880400609 0.082191091691715609 0.00030758249269416307 0.0090119564144571004 0.031863205300816058 -0.067786838438299898 0.05429882598061652 -0.07653790814333937 -0.11302604967287895 0.073303955608690866 0.0040303507804208957 0.080825589825235522 0.062267721331453085 -0.093569147269525144 0.041359209582835052 -0.031421402293377691 0.021013060486996415 0.027438366154032025 -0.098336555438784889 -0.00050734466154614085 0.099820911085396424 -0.063292902314925459 0.003069712996628809 -0.073511726061595048 -0.07166994317577445 -0.081352110968025179 0.022752012334836112 0.011122664567139812 0.081265934434777268
leaf_weight=142.07690486684442 4.7307877168059367 2.681566447019577 3.1391324400901786 5.3386969305574876 4.9097854718565932 5.0642536915838727 5.7024947553873053 6.4336871653795233 2.7560799308121204 5.2498679980635661 3.6450971961021406 3.0436167195439348 6.3964112065732435 5.0918342880904675 3.855868548154838 3.5179348643869162 3.3136085830628872 2.6616403497755527 4.4195133671164513 4.1574532426893693 4.5338298976421374 4.2195694744586936 4.2762174867093581 6.1373388729989529 3.8265138417482376 7.6137907803058607 8.0950504913926107 4.4468603432178497 5.0651802197098714 4.6696744188666344
leaf_count=833 27 21 19 31 32 33 34 50 24 38 23 13 41 30 35 23 19 18 23 34 28 34 26 35 21 43 50 20 27 19
internal_value=0.000230123 0.00816515 0.00168947 0.0452036 -0.00233098 0.0097856 -0.0093101 0.00881545 -0.0240086 -0.0484844 0.0123786 -0.0156439 0.03816 0.0103765 -0.0505144 0.0838658 -0.0814494 -0.0286127 -0.00279251 -0.0335276 -0.00144038 0.0024679 -0.0193565 -0.000168261 0.00841272 -0.0383125 -0.0492343 -0.0194288 -0.0252995 0.0409828
internal_weight=281.07 77.5324 65.9942 11.5382 62.855 40.319 24.0999 18.3974 22.5361 13.4733 9.06282 11.9637 16.219 9.82262 6.89949 6.1995 8.56348 5.41772 203.538 8.57697 194.961 160.048 34.9133 155.828 18.0952 13.7511 16.8181 8.72308 8.89169 9.2035
internal_count=1704 511 436 75 417 263 165 131 154 89 65 81 98 57 48 44 57 42 1193 57 1136 945 191 911 95 78 96 46 48 47
is_linear=0
shrinkage=0.1


Tree=53
num_leaves=31
num_cat=0
split_feature=15 5 3 17 15 5 0 17 16 3 3 11 3 11 7 6 10 13 5 11 16 4 15 4 0 5 15 11 0 9
split_gain=0.669814 0.723825 4.60596 1.47042 2.3426 2.31862 1.7602 1.54998 1.7784 1.41498 3.98371 3.63518 1.4312 5.13147 2.40769 3.83467 3.68637 1.92781 2.36779 4.24648 2.70949 2.27361 1.95418 1.97226 3.45423 1.93286 2.43648 1.91815 2.97478 4.97487
threshold=2.7339596738764853 2.0529032057945504 -0.073175102190187025 1.9004617301751012 -0.27127286622352553 -0.22001763072248443 -0.17445316902167238 1.0358976195627376 0.0926962413762311 2.0865937436195865 1.2019738642068785 0.27744465643323141 -0.14410145488001885 1.7351228446847291 -0.71775246286551064 1.1396076357034957 0.65827033732500217 -1.0000000180025095e-35 -0.047827208553481208 0.11195382528532945 0.21698874378055091 -0.23144072803086002 1.0915500852262545 0.39071553652505897 -0.20862563055070413 -0.14324561756474577 -0.23814514068022744 1.5886263669525176 -0.4916831175800061 -0.50331176863737814
decision_type=2 2 2 2 2 2 2 2 2 2 2 2 2 2 2 2 2 2 2 2 2 2 2 2 2 2 2 2 2 2
left_child=1 3 -3 7 5 -5 -6 9 -9 10 12 -11 27 14 15 16 -14 22 19 -19 21 -20 23 25 -25 -16 -27 28 29 -1
right_child=-2 2 -4 4 6 -7 -8 8 -10 11 -12 -13 13 -15 17 -17 -18 18 20 -21 -22 -23 -24 24 -26 26 -28 -29 -30 -31
leaf_value=-0.11070775674651577 -0.043817295471509643 -0.036608997823302319 0.10746274135224072 0.066132048263565543 -0.0063333185045050247 -0.034533609898975651 -0.096604922915556668 0.0028490009864931775 0.083555490285941503 -0.083693361186144941 0.076926658401261561 0.037166201515899513 0.013153666179671933 -0.10956377026574336 0.065760372272853515 -0.094252520095939998 -0.054792959458356993 -0.084947214158444695 0.0025412354039977521 0.010437755787491426 -0.034200699027899371 0.096724783880664786 0.087401221181792499 -0.091148534674585585 0.019428064192613222 0.050600852008816401 -0.034538583891691753 0.054351327501615414 0.016151936438864974 -0.0023993996589626032
leaf_weight=5.2718685157597092 3.4137051068246356 4.8937483094632626 4.0600040312856418 3.9565568063408136 3.4403249491006136 5.4257273897528666 5.8042940497398359 6.1967470087110978 4.8808231260627508 6.2945656292140466 6.844199961051344 4.1159577965736389 23.393548358231769 4.7589613404124966 9.7849079705774695 6.3779719434678546 12.122459350153802 8.7989992834627646 5.1687964238226423 9.9397977702319604 6.271097380667924 5.0843235049396975 4.1050522960722438 4.2095399834215632 8.5894714631140214 6.6155858244746817 6.8329582996666556 8.3336947895586473 62.607651960104704 21.685863127931952
leaf_count=34 18 31 19 22 21 40 36 36 30 43 59 21 129 30 50 62 77 58 29 53 39 28 18 30 50 37 40 50 368 146
internal_value=0.000207117 0.000751898 0.0287191 -0.000186283 -0.0272846 0.00791761 -0.0630109 0.00184669 0.0384086 0.000139252 0.00179399 -0.0359097 -0.000543895 -0.00776826 -0.00363814 -0.022859 -0.0100381 0.00704134 -0.0100179 -0.0343513 0.0175766 0.049245 0.0220288 0.0145812 -0.0169401 0.0319459 0.00734307 0.00846292 0.00419319 -0.0235802
internal_weight=279.279 275.865 8.95375 266.912 18.6269 9.38228 9.24462 248.285 11.0776 237.207 226.797 10.4105 219.953 122.053 117.295 41.894 35.516 75.4005 35.263 18.7388 16.5242 10.2531 40.1375 36.0325 12.799 23.2335 13.4485 97.8991 89.5654 26.9577
internal_count=1704 1686 50 1636 119 62 57 1517 66 1451 1387 64 1328 730 700 268 206 432 207 111 96 57 225 207 80 127 77 598 548 180
is_linear=0
shrinkage=0.1


Tree=54
num_leaves=31
num_cat=0
split_feature=7 10 15 7 7 5 12 18 4 12 9 12 12 11 16 15 5 16 5 10 16 4 19 8 15 15 5 19 9 11
split_gain=0.565247 0.798058 3.18092 1.26454 2.62742 2.43229 2.31112 2.26299 1.99458 1.71534 1.37441 3.30318 2.04009 1.96959 1.93705 1.92446 1.8687 1.68639 5.50571 2.1731 2.43773 1.91327 1.55226 1.41097 2.07072 2.94825 2.02017 2.24918 1.19669 2.24124
threshold=1.6211753077738222 2.6635391190623485 -1.0000000180025095e-35 0.14525940587580199 -0.71775246286551064 0.64260517394657202 0.053614323057138528 1.3812445733378931 2.0458981335241511 0.80180553841296431 -0.54232462696371986 1.0000000180025095e-35 0.28412581282136257 -0.020892383657170475 0.21698874378055091 -0.27127286622352553 1.2779918268875996 -0.048188767942684452 -0.45998737494417569 1.1133179260591255 1.3026968228741045 0.39071553652505897 0.19923637030435354 -0.20833273103393077 0.063989232317895731 -0.16051008788097218 -0.047827208553481208 0.24637590452456348 0.27333519636797743 0.35318475054845716
decision_type=2 2 2 2 2 2 2 2 2 2 2 2 2 2 2 2 2 2 2 2 2 2 2 2 2 2 2 2 2 2
left_child=1 3 -3 4 8 6 7 -6 28 -8 11 13 -13 22 -14 -15 17 23 19 20 21 -19 -5 26 25 -25 -12 -28 29 -1
right_child=-2 2 -4 10 5 -7 9 -9 -10 -11 16 12 14 15 -16 -17 -18 18 -20 -21 -22 -23 -24 24 -26 -27 27 -29 -30 -31
leaf_value=-0.02435724244976151 0.017598079239080886 0.015005427189625834 -0.11057313807736231 -0.077536622793310556 0.065535732120625176 0.098861746572513814 -0.063973485962501575 -0.032997616386232005 0.059207427974058695 0.025022291330414354 -0.062803415569758422 -0.12245081495623496 0.015997303826315642 0.075382069453438103 -0.09424146521832194 -0.011354315967210676 0.04852882338713968 -0.019967380323193642 -0.062252300871759259 0.074299688261423288 -0.073372338564255818 0.060883850530843747 0.016182770365129228 0.039480093533711069 0.068582382438708983 -0.037635371671751607 -0.045242804934952301 0.055854545282807436 0.0078382364154696137 0.025214012785513787
leaf_weight=42.672717431560159 17.457548066973686 5.5359847098588943 3.1732807010412198 4.3706256635487124 11.324191581457859 4.788754701614379 4.4059064351022226 2.9349666684865943 5.3257321268320075 4.2596001736819744 5.7960166782140741 4.4199395850300771 3.5010996311903 4.6961852610111263 2.9260962568223476 5.6183950491249535 6.8977369666099539 6.0757414400577563 17.437984993681312 4.6668609827756873 3.7795865163207045 5.6473738811910152 2.9669909626245499 11.201468825340271 6.9768325723707667 8.8942525982856786 3.8273182958364451 5.1776127852499485 48.630831513553858 11.600087240338324
leaf_count=289 95 38 22 31 88 33 23 20 27 24 37 41 22 22 21 36 37 30 118 23 25 27 18 75 37 49 25 26 266 79
internal_value=0.000180359 -0.000991261 -0.03075 4.20529e-05 0.00656922 0.0340427 0.0205026 0.0452546 -0.000465697 -0.0202269 -0.00768198 -0.0267245 -0.0701546 -3.70656e-05 -0.0341909 0.0281364 -0.00139919 -0.00573217 -0.0211024 0.0144746 -0.00353486 0.0189811 -0.0396409 0.00807215 0.021645 0.00534922 -0.016754 0.0128857 -0.00355405 -0.013762
internal_weight=276.988 259.53 8.70927 250.821 135.943 27.7134 22.9247 14.2592 108.229 8.66551 114.878 28.4993 10.8471 17.6522 6.4272 10.3146 86.3788 79.481 37.6075 20.1696 15.5027 11.7231 7.33762 41.8735 27.0726 20.0957 14.8009 9.00493 102.904 54.2728
internal_count=1704 1609 60 1549 849 188 155 108 661 47 700 191 84 107 43 58 509 472 223 105 82 57 49 249 161 124 88 51 634 368
is_linear=0
shrinkage=0.1


Tree=55
num_leaves=31
num_cat=0
split_feature=14 8 8 16 15 17 5 16 14 9 9 9 9 6 3 16 2 10 9 7 12 16 9 12 10 13 10 5 9 5
split_gain=0.568603 0.585614 1.56951 1.63365 2.06613 1.82948 1.61013 1.42687 1.19472 3.32087 1.16342 1.054 3.62016 1.83906 1.803 1.70979 1.52187 1.43028 1.49001 1.35083 1.3457 2.63693 2.91847 1.44131 1.95614 3.35621 4.52507 2.02379 2.02635 1.75342
threshold=2.818881416914778 0.071124974213128508 0.58604625066338423 1.4527942879064939 0.77163260641584019 0.65996663140346346 0.25732138646434882 -1.0000000180025095e-35 1.7129579318408121 0.43791124164290823 -1.0000000180025095e-35 1.2174879513384689 0.69042373130749535 2.0100382541657682 0.59428513489072177 1.3026968228741045 0.27674290852126476 0.71920343763719918 1.3487468139858649 -0.12129922379965261 1.4769233475077694 -0.182273707305213 -0.4101458874888616 0.98288977848285997 1.0000000180025095e-35 0.725762924082613 2.6635391190623485 0.9161486001452781 -0.4101458874888616 2.7984103733983954
decision_type=2 2 2 2 2 2 2 2 2 2 2 2 2 2 2 2 2 2 2 2 2 2 2 2 2 2 2 2 2 2
left_child=1 8 6 4 5 -4 -3 -7 11 -10 -6 12 13 20 15 17 -15 18 -13 -20 23 -22 -23 24 29 26 27 28 -26 -1
right_child=-2 2 3 -5 10 7 -8 -9 9 -11 -12 14 -14 16 -16 -17 -18 -19 19 -21 21 22 -24 -25 25 -27 -28 -29 -30 -31
leaf_value=-0.011155073275020196 0.035648465459759353 0.01788779542735551 0.021999043441893237 -0.068942092803078947 -0.0025688502151640126 0.0042692759025110237 0.10807523870989566 -0.071746812788979236 -0.090590730186839927 0.026354990266854891 -0.072419094600680051 -0.014865852890444184 0.096066468354511186 -0.0027121080535184709 -0.082806032352462894 -0.069928544260697861 -0.10076421608702679 -0.040584211608263213 0.081470707545751475 0.0069884287823153875 -0.087225475526476623 0.067563668562478127 -0.053192518401212523 0.034954963453902109 0.0195810794225241 -0.039886014182853605 -0.065123265856386822 -0.0047772432576298485 0.085777043827442404 0.062512214336760741
leaf_weight=73.870211683213711 4.4408039301633826 6.4725547749549133 42.777661394327879 3.124036753550171 4.7393886484205723 6.4976032339036465 2.8517303988337517 3.982951642945407 5.3344199769198877 4.4569775760173798 4.7990771085023862 9.2046354599297135 3.9843485616147509 3.072352521121501 3.7665162906050673 4.0198732651770106 3.2652754411101341 6.4124027602374545 4.4983515590429306 5.3084983676671964 4.849078655242919 3.9394500330090514 4.0682616494595996 14.199161894619463 6.9161770492792192 7.5324061810970298 3.946761328727006 5.4127887450158587 13.955297488719227 3.378776252269744
leaf_count=442 24 59 253 19 31 41 39 37 37 18 30 57 34 16 24 24 29 38 20 26 33 19 22 78 48 48 33 35 76 14
internal_value=0.000155715 -0.000426675 0.00706927 0.00163752 0.00514874 0.0128251 0.0454706 -0.0246193 -0.00331335 -0.0373578 -0.0377125 -0.00151732 0.00200061 -0.000524839 -0.0176599 -0.00932622 -0.0532306 0.000255857 0.0140308 0.0411531 0.00182635 -0.0290275 0.00621434 0.00489636 0.0011854 0.0198379 0.0347188 0.0497108 0.0638417 -0.00793296
internal_weight=275.078 270.637 75.245 65.9207 62.7967 53.2582 9.32429 10.4806 195.392 9.7914 9.53847 185.601 152.39 148.406 33.2103 29.4438 6.33763 25.4239 19.0115 9.80685 142.068 12.8568 8.00771 129.212 115.012 37.7634 30.231 26.2843 20.8715 77.249
internal_count=1704 1680 509 411 392 331 98 78 1171 55 61 1116 927 893 189 165 45 141 103 46 848 74 41 774 696 240 192 159 124 456
is_linear=0
shrinkage=0.1


Tree=56
num_leaves=31
num_cat=0
split_feature=15 14 15 15 12 11 15 17 4 15 4 4 19 7 5 11 19 19 17 15 9 1 9 9 9 12 7 19 1 5
split_gain=0.541723 0.921619 0.652605 1.00533 3.3665 2.04643 1.01618 0.873219 3.47113 3.5481 3.55557 3.09254 2.59407 3.63814 2.43635 1.94442 3.05807 2.47522 1.72265 2.44971 1.64875 1.46341 2.15841 2.50961 1.68459 2.23823 1.46326 2.41506 4.94829 2.23897
threshold=2.7339596738764853 2.818881416914778 1.9887477540546927 1.5242128513883964 0.21530686497781709 0.27744465643323141 1.0915500852262545 -0.40934195931778167 1.587176451448326 -0.23814514068022744 -0.15291670292577308 2.0458981335241511 0.29862151635929052 1.1040863773342335 2.7984103733983954 0.11195382528532945 0.60901085319166459 1.7105036957914523 1.9004617301751012 -0.2014290738303243 -0.37434629753242205 0.81851652940751263 -0.45956091459698467 1.2174879513384689 0.43791124164290823 -1.0000000180025095e-35 0.14525940587580199 0.35684772738892151 1.3380766833452398 -1.0000000180025095e-35
decision_type=2 2 2 2 2 2 2 2 2 2 2 2 2 2 2 2 2 2 2 2 2 2 2 2 2 2 2 2 2 2
left_child=1 2 3 6 5 -5 7 8 9 10 12 -10 13 20 15 16 -9 -18 26 -20 -1 22 -11 24 25 -24 -17 29 -29 -28
right_child=-2 -3 -4 4 -6 -7 -8 14 11 21 -12 -13 -14 -15 -16 18 17 -19 19 -21 -22 -23 23 -25 -26 -27 27 28 -30 -31
leaf_value=-0.04469056172936265 -0.039828581762906747 0.0474357799830721 0.033555143659140328 0.047692111355895905 -0.090464767797863999 -0.045715839510142089 0.046806909357264177 -0.024793973883080592 -0.081769522094384067 -0.076479477132719659 0.074291344782575708 0.025916465039211106 -0.041841938280835496 0.11741434075036593 0.067893025260572115 0.026351181183458833 0.10142068835419814 -0.0029861796546512792 0.0090087850314509704 -0.10897429606953296 0.037938986331634936 0.034538652456175427 -0.083669769765237823 -0.052938310210455419 0.041495624052339107 0.032129542438133867 0.049765879449075928 -0.067465013041441452 0.072133514488405645 -0.017428118044018337
leaf_weight=4.1770916506648046 3.3497171700000754 4.1430968716740599 5.641182303428649 5.661058343946932 5.2530544791370621 4.004661787301302 4.6904868483543387 70.215156611055136 7.3850078247487527 4.8585704378783694 15.650993581861256 4.1742127723991871 6.3981266319751731 3.8711151145398608 4.5010167807340613 30.342972030863166 3.5548595469444972 6.2856497839093208 4.1344616375863552 3.0640823133289805 5.7237840220332181 7.2669321931898585 3.1536679975688457 7.2706140354275695 10.759337440133093 3.5458351597190001 10.715314384549854 10.983952715992926 3.3026651069521895 9.2308439053595084
leaf_count=25 18 23 33 30 38 25 36 456 55 34 87 22 34 18 21 203 29 43 24 23 33 41 21 44 56 20 58 74 15 65
internal_value=0.000138901 0.000634826 -9.46273e-05 -0.000824229 -0.0260279 0.00899171 0.000708893 -0.000189912 0.00801776 0.0161135 0.0385255 -0.0428825 0.010773 0.0352166 -0.00461242 -0.00676185 -0.0174772 0.0347305 0.0051898 -0.0412111 0.00307831 -0.0056698 -0.0155451 -0.00357344 0.0169842 -0.0223809 0.0103623 -0.00380977 -0.0351938 0.0186693
internal_weight=273.31 269.96 265.817 260.176 14.9188 9.66572 245.257 240.566 84.2353 72.6761 35.8211 11.5592 20.1701 13.772 156.331 151.83 80.0557 9.84051 71.7743 7.19854 9.90088 36.855 29.588 24.7295 17.4588 6.6995 64.5757 34.2328 14.2866 19.9462
internal_count=1704 1686 1663 1630 93 55 1537 1501 490 413 197 77 110 76 1011 990 528 72 462 47 58 216 175 141 97 41 415 212 89 123
is_linear=0
shrinkage=0.1


Tree=57
num_leaves=31
num_cat=0
split_feature=0 0 9 14 16 14 3 0 10 15 3 3 17 10 2 3 3 0 17 15 9 16 2 19 15 2 16 9 15 19
split_gain=0.658904 1.09578 4.30497 2.61301 1.9536 2.03393 2.97674 1.7568 2.58013 2.59101 1.16218 3.03196 3.2615 1.40502 1.02805 0.716457 2.46085 2.49754 2.04396 1.39725 1.00075 3.76642 1.00695 0.989208 2.61462 3.16361 2.67 2.60077 3.21239 3.21245
threshold=2.5440706081620994 1.3432075644370391 0.43791124164290823 0.27397806272271569 0.2920416790593886 -0.032470057149697099 0.085855751475224187 0.68214573881806317 -1.0000000180025095e-35 -0.35370559082498199 1.2019738642068785 2.0865937436195865 0.65996663140346346 0.71920343763719918 0.27674290852126476 1.1130792935697051 0.23046978943451865 0.18054539434325634 0.87888776607447461 -0.27127286622352553 0.43791124164290823 -1.0000000180025095e-35 -1.0000000180025095e-35 0.29862151635929052 -0.27127286622352553 0.79203882088336774 1.0000000180025095e-35 1.608089074068048 -0.30130787771251216 1.7105036957914523
decision_type=2 2 2 2 2 2 2 2 2 2 2 2 2 2 2 2 2 2 2 2 2 2 2 2 2 2 2 2 2 2
left_child=1 7 4 -4 5 6 -3 10 9 -9 15 13 14 -12 -13 16 23 19 20 -18 21 -17 -22 24 25 -1 -27 28 29 -25
right_child=-2 2 3 -5 -6 -7 -8 8 -10 -11 11 12 -14 -15 -16 18 17 -19 -20 -21 22 -23 -24 27 -26 26 -28 -29 -30 -31
leaf_value=0.030130785304704089 0.035708372641475875 0.015954271490217914 -0.025999928452771288 0.063001083576389394 0.012333575968536171 -0.1511964837267615 -0.11814347391846387 -0.0711676790846687 0.12219285424425919 0.06792830554562404 0.11300375550169212 -0.011907593208311605 0.068107580010535171 0.015991141509938397 -0.091452364804307462 -0.12466560396006504 0.014212826279501335 -0.046047660575448401 -0.079691410151471076 0.092239989995987245 -0.014083992259916071 0.024753905818956926 0.040427324965434192 -0.0048990494745465192 -0.020739403083617314 -0.099058740788798116 0.0094449288646312208 0.069766320728800943 0.015915350780177768 -0.085642574335954291
leaf_weight=26.583595108240843 5.1046675816178313 3.2426752466708413 6.4523173384368402 6.7494218219071627 2.7185862883925429 3.0492877885699299 3.3817691169679165 2.4229192975908518 2.9304491728544217 2.994018567726016 4.203361043706539 3.2967674769461137 3.5468407198786736 2.3151284828782082 3.2036485150456429 2.8250030241906643 3.5276681575924149 2.535036787390708 4.416340395808219 6.5677931122481814 7.3502164706587827 4.1878324151039186 6.2874564230441994 15.809118231758477 68.301888117566705 4.0195483025163394 5.2041493654251099 5.8642070963978759 44.892206288874149 7.1586618665605775
leaf_count=146 30 22 40 30 22 23 29 17 18 27 39 22 17 19 22 25 29 19 40 54 36 30 31 99 426 27 28 24 261 52
internal_value=0.000120649 -0.000562199 -0.0202332 0.0195021 -0.0625638 -0.0836121 -0.0525024 0.00153168 0.0466044 0.00571265 -8.93648e-05 0.0254348 -0.00902446 0.0785484 -0.0511102 -0.00205116 4.04691e-05 0.0426918 -0.0179438 0.0649749 -0.00473842 -0.0354372 0.0110477 -0.00298881 -0.00926503 0.0126222 -0.0378393 0.0058741 0.000352775 -0.0300654
internal_weight=271.143 266.038 25.5941 13.2017 12.3923 9.67373 6.62444 240.444 8.34739 5.41694 232.096 16.5657 10.0473 6.51849 6.50042 215.531 190.464 12.6305 25.0668 10.0955 20.6505 7.01284 13.6377 177.833 104.109 35.8073 9.2237 73.7242 67.86 22.9678
internal_count=1704 1674 166 70 96 74 51 1508 62 44 1446 119 61 58 44 1327 1165 102 162 83 122 55 67 1063 627 201 55 436 412 151
is_linear=0
shrinkage=0.1


Tree=58
num_leaves=31
num_cat=0
split_feature=8 2 2 5 9 9 10 19 10 13 17 11 5 13 11 15 11 17 19 19 11 16 9 7 19 12 8 7 18 16
split_gain=0.574231 0.53656 2.60101 2.05872 2.49687 2.07526 2.64075 3.43274 1.69223 1.53197 3.92604 1.96287 1.27658 1.87283 2.93412 3.57781 2.13253 2.36089 4.04019 1.65634 2.91339 3.89504 3.00957 1.93536 1.84793 1.76224 2.01989 1.53578 1.62535 3.96335
threshold=2.2476598811847386 0.33521787112802781 0.94849958921921784 -0.14324561756474577 -1.0139505168245575 -0.60891488853528075 1.0000000180025095e-35 0.24637590452456348 0.71920343763719918 0.12409291878993985 -0.88152895209207183 -0.63921528034091024 -0.22001763072248443 0.048230990393081444 1.4061979518008973 -0.2014290738303243 -0.020892383657170475 0.74432302149007479 0.11755793538778785 0.60901085319166459 0.22741417996765576 -0.095696796859247382 0.47526706157457504 -0.12129922379965261 0.49589665867043853 0.72453933255211289 0.58604625066338423 2.1291896861571336 1.0000000180025095e-35 0.95000938739815544
decision_type=2 2 2 2 2 2 2 2 2 2 2 2 2 2 2 2 2 2 2 2 2 2 2 2 2 2 2 2 2 2
left_child=1 12 8 5 -5 -4 7 -7 -3 10 -6 -12 13 14 16 -16 17 18 -1 20 22 -22 25 -21 -23 26 -15 28 -14 -30
right_child=-2 2 3 4 9 6 -8 -9 -10 -11 11 -13 27 19 15 -17 -18 -19 -20 23 21 24 -24 -25 -26 -27 -28 -29 29 -31
leaf_value=0.032003999204437174 0.032080884810077544 0.082766255447875095 0.036767071512763393 -0.036507575944376688 -0.058647821200521116 -0.026572636189542906 0.017244233782665843 -0.14234686313948317 -0.011834047984812936 0.083708268343786543 0.012630441644975407 0.12230996078299357 -0.016591412605816157 -0.12968431969479097 0.050305228703529659 -0.088262569695572085 0.064662737129611972 0.07286387461923842 -0.07884906499802069 -0.018180027624691598 -0.044190158574825167 0.084062923845666271 0.022611841943151287 0.080275052010830933 0.00094184292417330952 -0.014322815379233668 -0.027725738437202031 0.047714699380199399 -0.0045121249314770268 0.11563265043603116
leaf_weight=9.3247400280088204 5.501853607594966 6.7434920538216812 4.3615989275276688 5.8307083826512089 4.1022571288049203 7.0491044875234383 5.2919746786355963 4.0224756710231304 2.6277746669948101 5.3302575051784506 3.3419397287070733 3.1884792335331493 100.75068729929626 5.9406299535185116 3.0892427191138268 4.695588454604148 13.985924394801257 4.9680597502738228 5.0784036945551625 3.8106429986655712 7.6651342883706119 6.2974123135209066 4.5923971924930802 4.1940307728946191 4.6492664385586977 3.7256567254662505 2.8874547258019447 4.5753252208232871 17.925625678151849 3.2423349581658831
leaf_count=50 35 65 27 40 26 42 28 28 22 28 24 19 653 45 19 33 84 30 33 23 45 30 28 23 28 23 18 22 116 17
internal_value=0.000106809 -0.000561342 0.00855042 -0.00196042 0.0194977 -0.0245248 -0.0408618 -0.0686352 0.0562396 0.0399545 0.0180203 0.0661815 -0.00279792 0.00668718 0.0220048 -0.0332749 0.0349059 0.0134217 -0.00708168 -0.0077132 -0.0169179 0.0104791 -0.0466567 0.0334053 0.0487598 -0.0719965 -0.0963361 -0.00916446 -0.011299 0.0138907
internal_weight=268.79 263.289 51.8901 42.5188 21.7936 20.7252 16.3636 11.0716 9.37127 15.9629 10.6327 6.53042 211.399 84.9046 41.142 7.78483 33.3571 19.3712 14.4031 43.7626 35.758 18.6118 17.1461 8.00467 10.9467 12.5537 8.82808 126.494 121.919 21.168
internal_count=1704 1669 349 262 137 125 98 70 87 97 69 43 1320 512 249 52 197 113 83 263 217 103 114 46 58 86 63 808 786 133
is_linear=0
shrinkage=0.1


Tree=59
num_leaves=31
num_cat=0
split_feature=0 0 9 9 3 16 14 3 0 10 15 3 3 17 11 10 6 11 1 0 9 3 17 14 17 17 5 0 5 14
split_gain=0.571719 0.929236 3.54841 2.54077 1.88132 1.5566 1.91475 2.55426 1.51437 2.35449 2.14779 0.940928 2.54613 2.69021 2.04189 1.33624 0.589365 1.15886 0.766971 5.63526 4.69257 3.25193 2.15021 4.11963 1.99766 1.81886 1.37932 3.04287 3.06772 2.82115
threshold=2.5440706081620994 1.3432075644370391 0.43791124164290823 1.2174879513384689 1.0000000180025095e-35 0.2920416790593886 -0.032470057149697099 0.085855751475224187 0.68214573881806317 -1.0000000180025095e-35 -0.35370559082498199 1.2019738642068785 2.0865937436195865 0.65996663140346346 1.0000000180025095e-35 0.71920343763719918 2.8412625412490131 0.27744465643323141 0.89745615279611568 -0.17445316902167238 -1.0000000180025095e-35 0.085855751475224187 -0.3493597319842025 0.73111298390443413 -0.092591317284196881 -0.13565082516447596 0.56189613447305187 0.23512407455415363 0.9161486001452781 -0.032470057149697099
decision_type=2 2 2 2 2 2 2 2 2 2 2 2 2 2 2 2 2 2 2 2 2 2 2 2 2 2 2 2 2 2
left_child=1 8 5 4 -4 6 7 -3 11 10 -10 16 15 14 -14 -13 18 -18 26 21 24 22 -20 -24 -21 -23 -1 28 -28 -30
right_child=-2 2 3 -5 -6 -7 -8 -9 9 -11 -12 12 13 -15 -16 -17 17 -19 19 20 -22 25 23 -25 -26 -27 27 -29 29 -31
leaf_value=-0.0031240455900796195 0.033333095308298574 0.014912843566029552 0.097159913599358147 -0.041185938872999567 0.0019591613836128126 0.0086384258841709118 -0.14640397578442457 -0.11122564448531436 -0.063431365349926785 0.12013301305013679 0.064273541563156331 0.11122508190579904 -0.10479861692914444 0.062382294564323482 0.0086351156513223559 0.014244875453640568 -0.077434293040666652 0.0055236341296213661 0.03835764319626786 0.042709324707475904 -0.13365722761835899 0.0053772308948553289 -0.082783946749618212 0.052811778856959417 -0.052044283446956829 0.089816259639944454 0.089415028992877219 0.070081785452406509 -0.041503848756633079 0.021565050570227503
leaf_weight=123.05346081778407 5.0750437602400771 3.2391024362295857 4.2348164618015272 4.7520995251834384 4.0715040564537048 2.690825216472148 2.8241367917507914 3.1827899683266878 2.4426961578428745 2.7010729275643808 2.8576852353289723 3.7509817685931912 3.1025321707129461 3.502739068120718 3.2483873292803764 2.2869776971638203 2.9914054041728368 3.8524949103593826 5.2151145264506331 3.4053015634417525 5.6376046277582637 4.1453042551875114 7.1519643403589743 3.2627946641296148 6.4193620458245269 6.6329079419374448 3.7056908160448065 8.8218080364167673 13.074170637875794 15.501828584820034
leaf_count=776 30 22 21 29 20 22 23 29 17 18 27 39 25 17 19 19 28 26 30 17 38 27 43 20 39 34 21 47 88 93
internal_value=8.99821e-05 -0.000554542 -0.0188921 0.0171316 0.0504954 -0.0583005 -0.0777813 -0.0476034 0.00138136 0.0441442 0.00542036 -0.000114363 0.0233582 -0.0079749 -0.0467792 0.0744922 -0.00186667 -0.0307365 -0.000907663 -0.0129887 -0.0609328 0.0150832 -0.0140573 -0.0403038 -0.019202 0.057341 0.00217376 0.018034 0.00381064 -0.00729041
internal_weight=266.835 261.76 24.9953 13.0584 8.30632 11.9369 9.24603 6.42189 236.764 8.00145 5.30038 228.763 15.8916 9.85366 6.35092 6.03796 212.871 6.8439 206.027 41.8704 15.4623 26.4081 15.6299 10.4148 9.82466 10.7782 164.157 41.1035 32.2817 28.576
internal_count=1704 1674 166 70 41 96 74 51 1508 62 44 1446 119 61 44 58 1327 54 1273 248 94 154 93 63 56 61 1025 249 202 181
is_linear=0
shrinkage=0.1


Tree=60
num_leaves=31
num_cat=0
split_feature=15 15 15 12 15 3 17 4 3 15 2 4 4 19 7 5 13 0 2 2 0 16 13 19 5 5 6 2 2 3
split_gain=0.460593 0.59116 0.833699 2.09455 0.750905 1.92218 0.713792 2.19476 2.4132 2.25497 2.34342 2.14157 2.10092 2.75821 2.39998 1.90775 2.15861 1.88019 4.29398 1.83595 1.8358 1.63903 1.62373 1.55916 4.40669 2.0943 2.74682 2.59987 1.99874 1.83065
threshold=2.7339596738764853 1.9887477540546927 1.6640326034420772 0.21530686497781709 1.006692091270242 -0.3274836635606993 -0.40934195931778167 1.587176451448326 2.0865937436195865 -0.23814514068022744 0.33521787112802781 2.0458981335241511 -0.15291670292577308 0.29862151635929052 1.1040863773342335 2.7984103733983954 0.27467550899125442 -0.54927560237410333 0.27674290852126476 0.27674290852126476 -0.1079333387789332 1.3026968228741045 0.12409291878993985 1.4323964297705645 -0.14324561756474577 -0.22001763072248443 1.1396076357034957 0.20581511208995598 0.94849958921921784 0.085855751475224187
decision_type=2 2 2 2 2 2 2 2 2 2 2 2 2 2 2 2 2 2 2 2 2 2 2 2 2 2 2 2 2 2
left_child=1 2 4 -4 6 -6 7 8 9 12 17 -9 13 14 -1 16 22 -11 20 -14 -19 -18 23 25 -25 28 27 -27 -8 -28
right_child=-2 -3 3 -5 5 -7 15 11 -10 10 -12 -13 19 -15 -16 -17 21 18 -20 -21 -22 -23 -24 24 -26 26 29 -29 -30 -31
leaf_value=0.01275517842776641 -0.037049029056679519 0.03305566869776988 0.0040674383800783165 -0.078175621592723635 0.084238485063868301 -0.013793330388049191 0.031756596650008753 -0.065562684989990502 -0.056013815073502227 0.019051356612533238 0.055345883907207773 0.024989488439609665 0.093938752612749157 -0.04033971218979044 0.10770718095184158 0.059393344908771163 -0.016884797418539387 -0.055594953330188129 -0.12895774416546982 0.021426417456098246 0.025171312707045559 -0.080276490887331131 0.064254123010119832 -0.04892442544138248 0.10293891241097558 -0.02684987143235576 -0.11414687004198013 0.021700753168760842 -0.02649835961153112 -0.0066651551719322652
leaf_weight=8.6733843348920363 3.2997017949819556 5.4766742996871463 9.0415049083530885 4.7096903137862673 3.6992756798863411 4.3545896820723993 23.017021745443341 7.2913401164114457 4.5768551751971236 11.132281681522725 6.32005850970745 4.0694571267813444 8.9700624160468561 6.0503583773970595 3.8406857177615157 4.6188333854079238 47.01936921197921 4.5438228175044015 3.6930922307074061 5.7171756252646437 7.3935253843665185 4.4661149308085433 4.1420020330697289 3.1743925753980875 4.8000734467059365 27.111838016659028 4.3534647673368445 18.594141695648432 7.9149973951280108 2.4915948901325464
leaf_count=52 18 33 52 37 30 31 150 56 32 59 39 22 48 32 19 23 308 28 29 37 41 35 27 27 34 175 42 119 46 23
internal_value=7.84862e-05 0.000547409 -0.000148644 -0.0241002 0.00121219 0.0312343 0.000178778 0.00767897 0.0142165 0.0190622 0.00057772 -0.0331267 0.0374527 0.015095 0.0418968 -0.00388873 -0.00587594 -0.0123559 -0.0347247 0.0657125 -0.0055715 -0.0223837 0.00301439 0.000240911 0.0424867 -0.00379449 -0.0159461 -0.00709847 0.0168501 -0.0750236
internal_weight=264.557 261.258 255.781 13.7512 242.03 8.05387 233.976 82.2721 70.9113 66.3344 33.0828 11.3608 33.2517 18.5644 12.5141 151.704 147.085 26.7627 15.6304 14.6872 11.9373 51.4855 95.5995 91.4575 7.97447 83.4831 52.551 45.706 30.932 6.84506
internal_count=1704 1686 1653 89 1564 61 1503 494 416 384 196 78 188 103 71 1009 986 157 98 85 69 343 643 616 61 555 359 294 196 65
is_linear=0
shrinkage=0.1


end of trees

feature_importances:
Column_9=145
Column_3=117
Column_5=117
Column_8=117
Column_15=112
Column_17=112
Column_2=106
Column_16=106
Column_0=104
Column_12=100
Column_7=97
Column_11=92
Column_13=88
Column_4=84
Column_14=84
Column_19=70
Column_6=67
Column_10=51
Column_1=38
Column_18=23

parameters:
[boosting: gbdt]
[objective: binary]
[metric: binary_logloss]
[tree_learner: serial]
[device_type: cpu]
[data_sample_strategy: bagging]
[data: ]
[valid: ]
[num_iterations: 100]
[learning_rate: 0.1]
[num_leaves: 31]
[num_threads: 12]
[seed: 42]
[deterministic: 0]
[force_col_wise: 0]
[force_row_wise: 0]
[histogram_pool_size: -1]
[max_depth: -1]
[min_data_in_leaf: 20]
[min_sum_hessian_in_leaf: 0.001]
[bagging_fraction: 0.8]
[pos_bagging_fraction: 1]
[neg_bagging_fraction: 1]
[bagging_freq: 0]
[bagging_seed: 400]
[bagging_by_query: 0]
[feature_fraction: 0.8]
[feature_fraction_bynode: 1]
[feature_fraction_seed: 30056]
[extra_trees: 0]
[extra_seed: 12879]
[early_stopping_round: 0]
[early_stopping_min_delta: 0]
[first_metric_only: 0]
[max_delta_step: 0]
[lambda_l1: 0]
[lambda_l2: 0]
[linear_lambda: 0]
[min_gain_to_split: 0]
[drop_rate: 0.1]
[max_drop: 50]
[skip_drop: 0.5]
[xgboost_dart_mode: 0]
[uniform_drop: 0]
[drop_seed: 17869]
[top_rate: 0.2]
[other_rate: 0.1]
[min_data_per_group: 100]
[max_cat_threshold: 32]
[cat_l2: 10]
[cat_smooth: 10]
[max_cat_to_onehot: 4]
[top_k: 20]
[monotone_constraints: ]
[monotone_constraints_method: basic]
[monotone_penalty: 0]
[feature_contri: ]
[forcedsplits_filename: ]
[refit_decay_rate: 0.9]
[cegb_tradeoff: 1]
[cegb_penalty_split: 0]
[cegb_penalty_feature_lazy: ]
[cegb_penalty_feature_coupled: ]
[path_smooth: 0]
[interaction_constraints: ]
[verbosity: -1]
[saved_feature_importance_type: 0]
[use_quantized_grad: 0]
[num_grad_quant_bins: 4]
[quant_train_renew_leaf: 0]
[stochastic_rounding: 1]
[linear_tree: 0]
[max_bin: 255]
[max_bin_by_feature: ]
[min_data_in_bin: 3]
[bin_construct_sample_cnt: 200000]
[data_random_seed: 175]
[is_enable_sparse: 1]
[enable_bundle: 1]
[use_missing: 1]
[zero_as_missing: 0]
[feature_pre_filter: 1]
[pre_partition: 0]
[two_round: 0]
[header: 0]
[label_column: ]
[weight_column: ]
[group_column: ]
[ignore_column: ]
[categorical_feature: ]
[forcedbins_filename: ]
[precise_float_parser: 0]
[parser_config_file: ]
[objective_seed: 16083]
[num_class: 1]
[is_unbalance: 0]
[scale_pos_weight: 1.5]
[sigmoid: 1]
[boost_from_average: 1]
[reg_sqrt: 0]
[alpha: 0.9]
[fair_c: 1]
[poisson_max_delta_step: 0.7]
[tweedie_variance_power: 1.5]
[lambdarank_truncation_level: 30]
[lambdarank_norm: 1]
[label_gain: ]
[lambdarank_position_bias_regularization: 0]
[eval_at: ]
[multi_error_top_k: 1]
[auc_mu_weights: ]
[num_machines: 1]
[local_listen_port: 12400]
[time_out: 120]
[machine_list_filename: ]
[machines: ]
[gpu_platform_id: -1]
[gpu_device_id: -1]
[gpu_use_dp: 0]
[num_gpu: 1]

end of parameters

pandas_categorical:null
