tree
version=v4
num_class=1
num_tree_per_iteration=1
label_index=0
max_feature_idx=22
objective=binary sigmoid:1
feature_names=Column_0 Column_1 Column_2 Column_3 Column_4 Column_5 Column_6 Column_7 Column_8 Column_9 Column_10 Column_11 Column_12 Column_13 Column_14 Column_15 Column_16 Column_17 Column_18 Column_19 Column_20 Column_21 Column_22
feature_infos=[-0.88531555383563332:8.157896098301892] [-0.46395000913742745:6.6623011969293628] [-0.91727664761536531:5.1134562553857794] [-0.9091677779659062:7.0780573651099603] [-0.83689010885463633:6.0156350948438222] [-0.93865626881562059:4.5816175757154269] [-0.56300039535216229:6.7552452616598968] [-0.94426595565992344:5.2012588588602213] [-0.92646208264705465:6.8210018208831169] [-1.1895944058039101:6.0698557255869003] [-0.57013731917090993:5.7930958707112659] [-0.82181802045860641:8.8987332097377241] [-0.76145105311624273:8.7867548478244402] [-0.67296751005124034:11.786304678091783] [-0.8369037398422684:5.5159259420794591] [-0.85652603985215847:11.264313083464636] [-0.84899696669771862:4.845687783737799] [-1.0635488610900117:4.8693124040746127] [-0.39843957240695288:7.2162227767398992] [-0.70151836462880246:7.7840321130528425] [-3.0751365696187531:4.1152328694525515] [-3.1222083171126864:3.7124989125838437] [-3.0413995956912854:5.2245259030488649]
tree_sizes=14305 13636 14243 14365 14221 14447 15206 14037 14008 13739 14882 13295 13969 14391 13946 14612 13738 13591 12681 13369 13374 14005 13603 13206 13762 13528 13236 11601 13261 12053 12507 12594 12689 13009 12719 12665 12223 12646 13386 12885 13800 11774 11692 11035 12107 12178 12219 11021 10977 11572 10938 10839 11730 12170 10876 11700 10123 9799 11086 11112 10317 10027 10759 8000 9578 11632 9600 10307 10552 7736 8662 10339 10010 8661 9176 8256 8847 7176 9495

Tree=0
num_leaves=137
num_cat=0
split_feature=17 17 17 17 9 17 22 22 9 17 1 2 2 2 2 19 11 22 9 2 9 11 9 2 11 11 2 22 1 22 2 9 9 22 22 22 2 9 17 22 22 9 17 9 1 22 22 19 17 1 22 19 2 1 17 22 2 2 11 19 11 22 22 9 17 11 2 22 19 1 22 19 17 11 11 9 17 11 2 2 22 19 2 19 17 17 9 17 17 19 17 19 22 22 2 1 2 2 19 11 9 11 9 11 11 11 11 19 11 9 17 2 2 17 2 9 22 11 22 2 9 9 9 9 17 2 17 9 9 22 2 9 9 9 9 22
split_gain=42.2101 67.7084 66.9786 58.5136 35.928 30.9117 30.2405 28.7922 22.0128 19.3553 19.3012 19.3623 37.4857 25.5176 17.7426 16.5883 15.1842 14.674 13.7535 14.3484 13.3762 13.0201 12.7604 12.7414 16.0361 12.6019 11.6936 14.1769 15.3402 11.3176 10.8562 10.6301 10.0514 11.5448 9.968 9.92227 11.5384 9.8661 9.61738 9.30826 13.4638 9.16237 8.96078 8.66669 8.52157 8.4264 7.95682 7.90192 7.69883 9.98414 8.84001 7.47358 7.17286 7.15435 6.77324 6.7442 6.65032 6.77118 8.43329 9.89369 6.48137 6.1527 6.12596 5.94117 5.91617 5.8973 10.181 5.71945 5.65894 5.65643 5.58152 5.57894 5.37642 4.93679 8.12186 6.98464 4.91667 4.8763 4.76321 8.77395 4.71995 8.30789 5.84013 4.65496 4.57556 6.48038 4.4647 6.40655 5.82035 4.3135 4.08183 4.0326 3.87831 3.69286 4.83225 3.46735 3.37159 3.25703 3.20175 3.18147 3.10992 4.16059 3.04265 2.79071 9.56839 2.84445 8.41846 2.66735 2.54606 2.34662 4.89337 2.31189 2.28542 2.17853 2.1272 2.0615 2.0289 1.91192 2.80866 1.78788 1.78786 1.77556 1.6236 2.09753 2.17739 1.57502 1.48748 1.26525 1.62018 1.15291 1.04661 1.02845 3.15451 0.969631 2.02974 0.865076
threshold=-0.17599624432014477 0.061125353231130393 -0.87124124876500109 0.71760494554807253 -0.24549056787409837 -0.042421153384914222 0.15062507846469689 -1.0957225441148986 0.1706332920070105 -0.076891202008202916 1.5447649537603934 0.074718690137333996 0.44714245570692618 2.2027545684029497 -0.24820556661711735 2.6821745957177132 1.3612357039321381 -0.7590922940940702 -0.42375205423738099 0.2085049273400085 -0.31425959790513208 0.24077624013211221 -0.41001575683736197 0.27803273482316915 0.33703610409486784 0.43219196822765188 0.31875383333736751 0.33201044415892961 1.2148492260581487 0.24156819475557242 0.22208639878834552 -0.77695635024563336 -0.57351430480143517 1.0129747539467058 0.90347571201347499 0.51919155526587735 0.80386300922423515 1.9229264331056117 -0.10763081021817721 -0.2008403717483489 -0.80197603998732869 0.22497363884787366 -0.064647955012024902 0.47953285590291889 1.2566159137959683 0.22461027299244324 -0.7698013051653011 0.5326039801164224 0.0043603226076417622 1.4314390800139181 -0.057568591113864621 0.63559295661622006 1.3307658118426806 1.1136762610244324 2.1482629342406798 0.56682161118847885 1.9779666435387138 0.15773470574558116 0.35979634301377234 0.26258517428926859 1.4122315748660677 -1.7081157919209626 -1.0789077271767742 0.61942661934297349 0.91935066951930133 -0.0079917215547679141 0.48694257890402709 1.2517451544680687 1.7324285449918948 3.3642877230798844 -0.18712615935200669 0.48304016159429108 0.35970668709575748 1.3831595793434885 -0.021384689189066965 0.36448539633474114 0.22619003648031769 -0.27548307429742502 0.88592307576916574 0.0054823305393308696 -0.3174946549318457 0.19788681783925052 0.053466310351652974 -1.0000000180025095e-35 1.3209622871751541 1.1416089457371101 1.447679193511443 0.93722366732199547 1.0156992767477762 -0.44880983598931051 -0.02242482396315337 -0.14672876260876647 -0.57563190843726064 -1.0000000180025095e-35 0.25943835975012391 1.595753554580247 1.5025335374390736 1.4088855029802827 0.67818723674028025 1.631146935089985 -0.33172841180608326 0.11076074500447482 0.50975907694884726 0.18618958187241716 0.27661720430916231 0.53880043665720978 0.34823222358265821 0.62323188851398093 0.25176048086465569 -0.31580353863259653 1.0537634050382005 0.83768262181790532 0.29879548216178564 -0.0015908499577239929 0.28950412358296612 0.58106685487710352 -0.057568591113864621 1.4001767888438554 1.4326058024706152 0.26646808274012157 0.56064545329631055 0.38641890481356639 0.32756611265068086 0.46254950790080968 -0.29312038523425799 0.03742501875258706 1.359756919462964 -0.34541695846195392 -0.37759300156060788 -1.2901781504929499 0.23695024093137532 0.69039218360483301 -0.028192848169510374 -0.47010210989074752 -0.020202556982013651 -0.64126932150636351
decision_type=2 2 2 2 2 2 2 2 2 2 2 2 2 2 2 2 2 2 2 2 2 2 2 2 2 2 2 2 2 2 2 2 2 2 2 2 2 2 2 2 2 2 2 2 2 2 2 2 2 2 2 2 2 2 2 2 2 2 2 2 2 2 2 2 2 2 2 2 2 2 2 2 2 2 2 2 2 2 2 2 2 2 2 2 2 2 2 2 2 2 2 2 2 2 2 2 2 2 2 2 2 2 2 2 2 2 2 2 2 2 2 2 2 2 2 2 2 2 2 2 2 2 2 2 2 2 2 2 2 2 2 2 2 2 2 2
left_child=2 5 10 7 18 6 9 76 -6 61 11 14 26 34 15 17 44 37 31 109 29 22 -8 24 30 48 27 39 117 -7 55 35 -33 126 46 45 -37 98 67 40 112 -41 119 -15 52 56 62 70 49 90 51 63 54 80 84 -23 57 58 59 -5 111 -2 -14 135 97 66 69 89 73 -12 -44 -25 -9 74 75 133 95 78 79 -74 81 125 -83 130 85 86 87 121 -89 -24 -22 -77 -63 94 -94 -3 -48 -21 100 -75 101 -1 -86 -76 -105 106 -106 -28 -36 110 127 -59 -13 -27 -66 -102 -16 118 -29 -11 -18 -10 -82 -124 -125 -4 -34 128 -20 -127 -40 132 -79 -19 -135 -50
right_child=1 3 53 4 8 20 21 72 16 42 65 12 13 43 116 -17 120 68 19 64 25 23 38 71 -26 113 107 28 -30 -31 -32 32 33 -35 108 36 -38 -39 83 41 -42 -43 47 -45 -46 -47 96 -49 50 -51 -52 -53 -54 -55 -56 -57 -58 60 -60 -61 -62 92 -64 -65 114 -67 -68 -69 -70 -71 -72 -73 77 99 103 91 -78 131 -80 -81 122 82 -84 -85 102 -87 -88 88 -90 -91 -92 -93 93 -95 -96 -97 -98 -99 -100 -101 115 -103 -104 104 105 -107 -108 -109 -110 -111 -112 -113 -114 -115 -116 -117 -118 -119 -120 -121 -122 -123 123 124 -126 129 -128 -129 -130 -131 -132 -133 -134 134 -136 -137
leaf_value=-0.42826501294400926 -0.4486586394415476 -0.40495063689796301 -0.33555921616394863 -0.4095066796818177 -0.3378917818190012 -0.45308434688621668 -0.45244808906256667 -0.33764120784637752 -0.36814777792631165 -0.45188798714981093 -0.37006597873297581 -0.39534634187486228 -0.36481921374655957 -0.45231719354585359 -0.36309341162686498 -0.44986322553424396 -0.45186102422156443 -0.38831503242224485 -0.41027452684912546 -0.42645730233680501 -0.41196016722806295 -0.41565911800029115 -0.39803219047513339 -0.34671153066238419 -0.45200461623717586 -0.41998732653053011 -0.45298800210816659 -0.45305896819079622 -0.36376595621760949 -0.38347656065316588 -0.44904523900054116 -0.33668530767900434 -0.38646924162905366 -0.44899268850121282 -0.38339166440104738 -0.45242320056436608 -0.38415232949325667 -0.35695144942731355 -0.40034854162924344 -0.41518984520970253 -0.45167689986113696 -0.34976146232027411 -0.39086190241454777 -0.38243776870384066 -0.42278560933015535 -0.35807955800321972 -0.34240150962375238 -0.41521891410605888 -0.40340787623371521 -0.37131734897003799 -0.33792540203742005 -0.3520775060097997 -0.40938710071059703 -0.37913786142780642 -0.40578503007011008 -0.35933756985625687 -0.35215666383001309 -0.45273071098039641 -0.42803536743474846 -0.34865835711085869 -0.38223460227165823 -0.33556086934445495 -0.41999908960232973 -0.45048205653511209 -0.42344846215799498 -0.33855259291071971 -0.3370890294107306 -0.41527293651035541 -0.40610610109604239 -0.42323666979144392 -0.34393194676013894 -0.39076590599602168 -0.36296540607804201 -0.41008390530195288 -0.3396380490438114 -0.38031911460122581 -0.37755814496109874 -0.34235907925212433 -0.34424077981844992 -0.42256317470506854 -0.3383063440410391 -0.36395899535665482 -0.42013395323595665 -0.45248612739803906 -0.36771429023368596 -0.40126967376484596 -0.34188500042344966 -0.42306724344887803 -0.3732665935112876 -0.35282206980177289 -0.45264845481233096 -0.34967931088307502 -0.39472765742858196 -0.34268307359369876 -0.34738082000323245 -0.45149254914084341 -0.36762654859464738 -0.38127522140042447 -0.38154601820787265 -0.37020350372072119 -0.45243098191769821 -0.38336107286945298 -0.33578680678967682 -0.41477843599004638 -0.34730336959624475 -0.33994532707498087 -0.40169709846121621 -0.41571593830670689 -0.42092841207781201 -0.42079147570008835 -0.36962557499193022 -0.41546418630508519 -0.36132281349975598 -0.45294035739780314 -0.4530721955620795 -0.41528046923162104 -0.34040582173584549 -0.41551457674051528 -0.41584223523908354 -0.41503505381550582 -0.41500809088725932 -0.34236949454496418 -0.38520473127302951 -0.33557017807392986 -0.3581821325268415 -0.33629934338678269 -0.35875983492794483 -0.42108566036476658 -0.38300476457993188 -0.36097521498847551 -0.42449856134773428 -0.33587691258976593 -0.36770432863492231 -0.42395781449282038 -0.38872767389954677 -0.38039158985650778
leaf_weight=3.000291556119917 0.47994777560234325 2.8809225708246222 6.0055267810821551 3.3608703464269727 12.851580128073691 12.958589941263197 6.9592427462339428 24.502054899930954 3.3621062636375481 1.9197911024093621 3.3621062636375445 3.7214491367340097 3.9626589417457581 3.8395822048187247 3.9626589417457589 2.3997388780117026 1.9197911024093621 3.2415013611316681 3.360870346426962 2.7603176683187476 3.3608703464269647 2.0403960049152392 2.6409486830234528 5.2843692004680616 4.3195299804210654 2.0403960049152374 5.9993471950292578 7.6791644096374494 2.2816058099269858 1.9210270196199406 1.6798172146081913 4.8044214248657227 2.1610009074211103 1.6798172146081922 3.0015274733304969 4.7994777560234061 3.0015274733304977 2.8821584880352011 2.6409486830234554 2.0403960049152392 3.3596344292163858 6.124895766377449 3.4814752489328358 1.9210270196199415 2.5203437805175772 5.1637642979621878 15.973712503910066 3.8408181220293045 2.8809225708246218 2.521579697728157 2.4022107124328604 2.0416319221258163 3.3608703464269629 4.9225544929504386 3.1208964586257926 6.0042908638715744 2.0416319221258155 3.5996083170175543 3.0002915561199179 4.683816522359848 1.9210270196199415 7.8071848154068038 2.2803698927164104 1.9197911024093626 2.280369892716406 9.8488167375326139 4.2038687467575073 3.8408181220293045 3.1208964586257926 2.5203437805175781 3.8432899564504632 3.4814752489328384 6.244264751672743 3.3608703464269629 6.8460533469915488 6.8435815125703758 2.7615535855293274 12.130422547459604 3.8432899564504615 2.5203437805175781 36.993056237697601 3.1221323758363715 2.2803698927164078 3.8395822048187194 3.3621062636375409 4.2013969123363486 5.0443953126668921 2.5203437805175781 5.2831332832574844 3.4827111661434209 4.0795560926199004 6.1248957663774526 3.7214491367340123 4.4438426345586706 2.6421846002340317 1.9197911024093626 5.0431593954563132 1.9210270196199415 1.9210270196199406 2.521579697728157 2.6397127658128738 3.0015274733304977 6.0055267810821533 2.0403960049152401 7.3260011225938815 6.8460533469915381 2.8809225708246231 1.8004221171140669 2.2803698927164078 2.2803698927164104 5.0431593954563132 1.8004221171140669 2.2816058099269867 5.0394516438245764 7.9191382974386215 1.8004221171140669 11.289895981550213 1.800422117114066 1.8004221171140669 1.8004221171140669 1.8004221171140669 4.4438426345586777 1.0805004537105549 6.6060794591903678 6.0042908638715735 1.8016580343246467 3.7226850539445877 2.2803698927164078 3.0015274733304977 5.4037381857633582 2.5203437805175781 4.8044214248657218 5.0431593954563168 2.5203437805175781 2.1610009074211076 1.921027019619941
leaf_count=11 2 9 10 11 22 54 29 42 8 8 8 11 9 16 9 10 8 9 11 10 11 7 8 10 18 7 25 32 5 5 7 8 6 7 8 20 8 6 8 7 14 12 10 5 9 11 29 13 9 6 4 4 11 13 10 13 4 15 11 9 5 13 8 8 8 17 7 13 10 9 7 10 14 11 12 18 7 22 7 9 64 7 8 16 8 13 9 9 13 7 17 12 11 8 5 8 12 5 5 6 11 8 10 7 14 12 9 6 8 8 12 6 5 21 33 6 20 6 6 6 6 8 3 11 13 3 8 8 8 12 9 8 12 9 6 5
internal_value=-0.379442 -0.386177 -0.370928 -0.376079 -0.386678 -0.402475 -0.392389 -0.354393 -0.370296 -0.371976 -0.379989 -0.383156 -0.393505 -0.373731 -0.374161 -0.379894 -0.3792 -0.377441 -0.399499 -0.414063 -0.421865 -0.406614 -0.420292 -0.391151 -0.407564 -0.410533 -0.413014 -0.405364 -0.426865 -0.44342 -0.387959 -0.389713 -0.367564 -0.387129 -0.363986 -0.397945 -0.425498 -0.401048 -0.408435 -0.388689 -0.40741 -0.366836 -0.395789 -0.427005 -0.374534 -0.389519 -0.357085 -0.383582 -0.399612 -0.417331 -0.383605 -0.396319 -0.371399 -0.348255 -0.367835 -0.374251 -0.397569 -0.402987 -0.389264 -0.3743 -0.423795 -0.353219 -0.384292 -0.410663 -0.433975 -0.353903 -0.368621 -0.389526 -0.370729 -0.392266 -0.366639 -0.364716 -0.347713 -0.368524 -0.365458 -0.378466 -0.405798 -0.354817 -0.368681 -0.380199 -0.345853 -0.357913 -0.386708 -0.429274 -0.364194 -0.370474 -0.364066 -0.371397 -0.38923 -0.372699 -0.43382 -0.365919 -0.350475 -0.3611 -0.374849 -0.423079 -0.348786 -0.408635 -0.412914 -0.392263 -0.419168 -0.406302 -0.347666 -0.354958 -0.360335 -0.353574 -0.362774 -0.443638 -0.398443 -0.3957 -0.391121 -0.43966 -0.383094 -0.442644 -0.446091 -0.436757 -0.346752 -0.440456 -0.445634 -0.432879 -0.432453 -0.353843 -0.341393 -0.349514 -0.346518 -0.34616 -0.369495 -0.403759 -0.397658 -0.354473 -0.412468 -0.346905 -0.350015 -0.398661 -0.407532 -0.394672
internal_weight=588.915 328.836 260.078 203.034 136.384 125.802 82.7149 66.6502 59.7968 33.9804 185.858 165.923 77.1918 38.3024 88.7315 73.479 46.9452 71.0792 76.5875 30.8471 43.0871 48.7345 25.9246 22.8099 14.044 28.2074 38.8894 31.0896 13.5616 14.8796 9.7245 45.7404 12.3679 7.5635 32.5418 33.3724 7.80101 15.2451 18.9654 17.528 9.36269 8.16529 14.8858 5.76061 43.225 25.5714 27.2599 11.1656 21.1276 9.96201 11.1656 8.76337 40.7046 74.2199 37.3437 8.04469 20.4077 18.366 11.045 8.04469 7.32106 19.0946 6.24303 6.72174 14.8809 19.9351 10.0863 9.96448 55.8341 5.88245 7.32477 8.76584 59.088 52.7132 46.8307 20.8913 7.56227 34.5859 12.6079 8.76461 69.2974 18.6134 5.4025 9.00087 34.2229 24.8552 20.6538 15.6094 7.80348 6.12366 7.44043 12.9685 18.6147 10.8075 6.36363 4.80071 21.0169 4.68134 12.363 5.88245 10.442 6.00182 9.36763 25.9394 19.0934 17.053 10.2069 7.79977 5.2819 15.9663 13.6859 5.40003 6.00305 7.07985 10.1995 4.44013 15.2526 11.28 9.47959 3.72021 3.72021 7.80595 50.6839 13.6909 12.6104 13.2109 5.88369 8.64277 6.3624 7.2054 5.16129 21.978 17.1736 7.92285 4.68134 4.80195
internal_count=1533 903 630 514 376 389 238 138 144 83 486 445 224 95 221 192 122 182 232 103 151 155 90 65 45 92 129 98 49 59 27 129 29 21 74 100 28 47 61 49 30 19 44 21 108 72 58 30 64 34 30 26 99 144 88 20 61 57 31 20 26 39 17 22 56 41 24 28 135 17 17 20 114 125 108 54 24 72 30 23 131 40 15 33 78 60 47 38 22 15 28 30 37 24 16 17 41 15 41 17 36 19 18 54 42 35 23 31 16 47 39 21 16 28 41 17 29 44 38 14 14 16 91 27 24 25 14 27 19 15 17 42 34 24 15 14
is_linear=0
shrinkage=1


Tree=1
num_leaves=129
num_cat=0
split_feature=6 6 13 13 13 13 18 10 6 6 6 10 20 15 13 20 13 20 18 6 14 13 13 10 10 6 14 13 13 15 10 20 20 15 13 20 20 15 15 20 20 20 15 14 20 18 14 6 20 20 20 10 20 20 20 13 6 14 10 6 6 15 14 14 14 14 15 18 14 13 20 20 20 13 14 20 15 13 13 15 13 20 6 14 6 13 20 20 6 15 14 13 13 10 14 15 18 10 15 20 20 15 14 15 20 15 13 13 14 15 15 15 20 20 20 6 20 13 15 13 10 13 15 13 20 14 15 20
split_gain=93.3813 47.6074 36.7997 33.2924 31.083 40.9123 26.9178 28.5187 18.4271 54.424 18.7417 16.8813 14.4692 13.466 12.3186 12.2135 12.1969 12.1595 11.739 10.8178 10.7639 10.4448 12.5192 11.3002 10.1815 9.59634 9.03599 8.176 15.1483 8.14859 7.91702 7.09337 6.96955 7.07077 6.9299 6.80352 19.2596 18.9555 10.6032 7.51565 9.20967 6.62207 6.55084 6.5428 6.32487 7.81583 6.01855 6.60502 5.98646 5.83306 8.65445 5.68309 5.68246 8.69618 5.61855 5.53909 5.46508 6.96498 5.82933 7.59531 5.46615 5.43699 5.36005 13.9617 5.31417 4.60863 4.55739 4.44326 4.80794 9.44134 12.0351 9.22262 6.12583 4.15334 4.04651 4.58564 3.6657 3.4564 4.66371 3.40108 10.839 9.44406 3.80498 4.09515 4.44644 7.71631 3.62078 3.32037 3.29638 2.96437 2.83418 2.73742 3.64483 2.7248 2.57357 2.57335 2.54005 2.46312 2.31265 2.16707 5.23315 2.12771 3.58808 2.115 1.98648 1.92088 1.91071 1.85962 1.84634 4.22186 2.2642 12.8636 2.23888 2.01586 2.19254 1.81419 1.81409 1.76359 2.01553 3.81657 1.59365 1.47227 3.14251 3.04809 1.31616 1.29965 1.18439 0.983764
threshold=0.98517258165982136 1.0000000180025095e-35 0.22889777337348557 -0.48742083761836419 0.37691557944787563 1.0185520211888746 1.8751067852320178 1.0750457607101371 1.428372888605961 2.5871857941728829 1.2454225704446971 1.0000000180025095e-35 -1.350051403497442 -0.0016500757227746745 0.13159935539451589 -0.50612502681928861 0.21801559294051481 -2.2825575056553626 1.6403713317840805 1.1821486472028557 0.33799357669065572 1.3085877779642574 2.3083560449475633 0.6807662811101608 0.79010024378226718 0.83897537852386062 1.5640726753094831 0.24650345585847713 0.25433532813978194 0.9426697622756941 1.3551957776245629 1.5274180853772588 0.20665248265782424 0.79544642286854694 1.2664697092514632 -0.29602249664838826 0.035627776199422624 0.15389729037034702 -0.11412690979680049 0.30351161941554267 0.72538752480440016 1.217763115984728 -0.099362798070635347 0.38079807157415763 0.56718094303535682 1.7604750512702363 2.1462252814610028 0.88314899572267425 -0.61168752061316656 1.7257249482756565 1.1597324230817385 1.1446750458515778 -0.8567032308718131 -1.5395800954023493 -0.84685272648991361 1.3496982373777029 1.0570815735744252 1.3578307498279023 1.2344488686839015 1.2210646888706618 1.2055248928391393 -0.34012108128059898 0.29823015181898443 0.25218949941345908 1.2773055110618079 0.29823015181898443 -0.13830284715085733 2.2183657097308065 0.32698834596859722 0.28088125313536222 -1.099723902268303 0.95419354430802195 0.26478292750392185 1.1221617374155859 1.4796112591318493 -0.097566005835328623 -0.16039777783342055 0.30408374727401127 0.34680638156641513 -0.081280111311520131 0.24238141781568517 0.33241474493104117 1.0827871248257124 0.36645340170703239 1.1684722956633362 0.25105601787462734 -0.02172959108758905 0.87434211385019134 3.1265365093269115 1.751645340616792 0.28420680255688269 0.32517026188402715 0.31570789455468468 1.2907573204546641 -1.0000000180025095e-35 0.82004802067813654 1.5666395082300664 1.1390373254056649 -0.37949467341738213 0.54473675583609116 -0.23185705924426622 -0.087381244507490116 0.25218949941345908 0.54459841034225054 0.14126508395063161 0.84072408317559055 5.0982429931545665 0.43794006265027596 0.38079807157415763 0.83314890358731242 0.11038533269366164 -0.03765779722043746 -0.67298508965293802 -0.45076269839443434 -0.64842117366263086 1.1272269483805266 0.094082414860620328 1.0000000180025095e-35 0.4858257370746118 0.027146911390167252 2.7980912601643082 2.0286162231946205 -0.05987884951945479 1.4314245116394584 0.47850146561248158 0.36382545818737494 1.7183649990749503 -0.13125722462000369
decision_type=2 2 2 2 2 2 2 2 2 2 2 2 2 2 2 2 2 2 2 2 2 2 2 2 2 2 2 2 2 2 2 2 2 2 2 2 2 2 2 2 2 2 2 2 2 2 2 2 2 2 2 2 2 2 2 2 2 2 2 2 2 2 2 2 2 2 2 2 2 2 2 2 2 2 2 2 2 2 2 2 2 2 2 2 2 2 2 2 2 2 2 2 2 2 2 2 2 2 2 2 2 2 2 2 2 2 2 2 2 2 2 2 2 2 2 2 2 2 2 2 2 2 2 2 2 2 2 2
left_child=1 2 3 6 27 17 7 11 10 54 15 12 29 18 117 19 24 -6 21 -2 30 51 121 -24 88 96 35 65 -29 94 42 32 33 -8 -15 108 37 127 61 116 105 -28 104 67 101 76 47 -27 107 50 -42 73 53 -32 -10 89 57 -17 59 60 79 62 63 124 -64 -4 -43 68 69 72 -71 -70 -30 -7 75 -22 -46 -72 91 80 97 86 -81 84 85 115 -82 -34 -11 -12 -89 92 -79 -45 -1 -44 -3 -58 -13 100 -75 102 -16 -36 -9 -41 -25 -19 109 110 111 113 -112 114 -14 -84 -40 -5 119 -119 -60 123 -123 -23 -38 -118 -111 -37
right_child=8 25 4 14 5 13 31 20 9 16 55 98 26 34 44 56 -18 48 -20 -21 74 22 23 106 -26 46 41 28 43 -31 52 -33 87 -35 103 36 38 -39 39 40 49 66 95 93 45 -47 -48 -49 -50 -51 -52 -53 -54 -55 -56 -57 58 -59 120 -61 -62 -63 64 -65 -66 -67 -68 -69 71 70 77 -73 -74 99 -76 -77 -78 78 -80 82 81 -83 83 -85 -86 -87 -88 90 -90 -91 -92 -93 -94 -95 -96 -97 -98 -99 -100 -101 -102 -103 -104 -105 -106 -107 -108 -109 -110 126 112 -113 -114 -115 -116 -117 125 118 -120 -121 -122 122 -124 -125 -126 -127 -128 -129
leaf_value=0.0010582888248302275 0.06091998791316651 0.061114733683379392 -0.0032719955092924561 0.068358673863393629 -0.044812939164467436 -0.020019973222428811 -0.045872575652209494 0.017761078657660592 0.019611993500829782 -0.00091439113352454208 -0.046776573377974119 0.045933479065277491 0.050749025802470954 0.01161955686909311 0.054198771859037126 -0.046499788017538964 -0.04616461670208305 0.0194678458033236 -0.04350105813330974 -0.0031704648759520956 0.021529986369436288 0.030776812397268559 0.039875798836104676 -0.046461299662758665 -0.044886490292701947 0.010330093199056284 0.066303225913867822 0.053578291536601499 0.042714260987931053 -0.044952821198805414 0.020112650858684647 -0.04534721782533431 0.035088563027422179 0.015900373383181534 -0.013630748286792034 -0.025691293530870147 0.021769440902382458 0.047213534250982084 0.051824491583885787 -0.045871236043433697 0.0066788276389879589 0.045454874295459358 -0.046642663615650996 0.032602476109264276 0.044063000084226533 -0.019230026336347732 -0.0092121144386692715 0.053155798892042673 0.062980588325482367 -0.017424714079286308 0.060139528006599954 -0.043601243862491909 0.035541238954947256 -0.044878348744008381 0.066180780136283895 0.00032735498777607174 -0.04688549854855667 0.010206194886991479 -0.045930645004966707 0.053091783754404376 -0.043533493882922873 0.061198118874700939 0.059827326352685145 -0.04304300199469599 0.023336723960762428 -0.046335879171739161 -0.0059109765897549611 -0.044595125555989511 -0.046396140753662392 0.025678966099433615 -0.045990212897355567 0.023289233393999655 -0.00402223854966971 0.029055456534165372 -0.005652594923065463 0.060255953863228441 0.010574810045696765 0.0052087387668591197 -0.04555285184501999 0.043460884229904219 0.0054282102063761264 0.04619576274095423 0.0064919232110273858 -0.022052360494561805 0.041394737630800843 -0.043686188970571256 -0.044663931810439789 -0.017731649317319621 0.035712772294951081 -0.0098135968573237926 0.0251267870563253 0.02444046370010456 -0.045001243715482898 -0.0055382653047859184 0.035174141844234806 -0.0094102835172378187 0.04064177255202802 -0.0094587079152057222 0.06636392990707532 0.035186380079746025 -0.020276188047796174 0.062755649077745224 0.013254632581942609 -0.046634158191852147 -0.014982028995739988 -0.0093134713394932012 -0.0093100142657416337 0.044783171727231265 0.0242290935565883 0.01431974736076202 0.067837019034665436 -0.0061218572390915778 0.043931862449600997 0.063546422859932006 0.026816577013133551 0.035618268057976306 0.035385043432410584 0.02360747256851491 0.068389952696301451 0.056100079191802626 -0.013635399131798502 0.013042869379740651 0.05248297420999283 0.06400303942896432 0.04019586221427171 0.011865792339462729 0.035457994070637336 -0.046491022300787617
leaf_weight=4.4443480968475342 4.4840371012687674 45.985495179891586 3.1272220760583869 12.133085429668425 0.96282258629799145 2.7646647095680228 3.5825944691896465 3.2363014966249448 2.1788424998521796 3.1243675500154513 11.473370194435121 6.0568131059408215 10.759172171354292 3.4947437494993192 4.1197684109210968 4.7896474301815024 6.4436962306499472 3.2386122196912783 2.1484524458646765 3.3551841974258423 5.1757500022649756 2.7699297368526477 3.1412759423255912 2.1669586747884755 2.3985218554735184 3.7482202500104895 11.134459942579271 4.1252132952213278 5.4336330294609088 2.3955626934766769 4.1084757149219513 2.8705307096242896 4.2305172681808454 2.164255827665329 2.0344021618366241 3.2376590222120285 4.1069258600473395 2.9003009796142578 3.5116944760084179 2.3882890045642844 5.3036491572856885 3.7503786534070969 5.2604809850454366 5.2904064357280722 6.8983710110187522 2.755342721939086 2.0343452692031851 9.0777481794357282 20.993576601147652 2.5240849107503882 3.8778838813304901 1.6714283376932133 5.0687804669141752 2.3903944343328476 12.368887647986414 2.8840624243021002 4.3199189901351884 2.3955719619989395 2.3883325159549704 2.0462021827697745 1.9050199389457692 8.3695532977581042 9.8186884820461255 1.9166870117187489 4.0955835431814185 4.5400402992963791 1.806194707751273 2.1448481380939475 4.7864730209112158 4.6981673538684836 4.0599012225866344 1.9206146150827406 3.3628028482198715 3.6250369101762754 1.8035167753696431 3.8734048306941977 3.7294989973306647 2.6421755254268628 2.6296112537384033 2.2855378687381842 2.6399749517440796 3.733507826924324 3.9727422893047315 2.9913489222526541 3.136361449956893 1.9129841327667234 1.6729619055986384 2.5180567502975464 4.2181697487831116 1.7981082051992405 1.9187818020582197 1.9241087883710859 1.6779558658599851 1.794529005885124 2.5317574739456159 1.7967284619808195 4.8474066108465186 1.798658564686775 13.585633784532545 3.382508710026741 2.7592165023088455 5.0844250023365039 2.4056983292102814 4.5451087057590485 2.2764728367328644 1.8024512380361555 1.8027607351541517 6.0690803378820419 4.9533695429563513 4.5893786698579779 6.0748465061187744 3.6080489456653622 5.4418583661317808 5.6859604269266137 3.8539975583553323 2.5270307660102844 5.928195044398306 3.0272786766290727 7.268759310245513 21.012566760182381 2.0425589829683304 2.4062089174985886 3.499395251274108 6.9172203838825226 9.6546368300914747 2.4130448400974274 3.381157711148262 3.5844438821077329
leaf_count=14 8 83 10 20 4 10 15 9 6 10 48 13 22 10 8 20 27 9 9 11 14 7 7 9 10 11 19 8 12 10 11 12 10 6 7 12 11 6 7 10 16 8 22 13 15 10 7 18 37 9 7 7 12 10 21 9 18 7 10 4 8 15 18 8 11 19 6 9 20 12 17 5 11 9 6 7 11 8 11 5 8 8 12 11 7 8 7 9 10 6 5 5 7 6 6 6 11 6 23 8 10 9 7 19 8 6 6 13 13 13 10 12 12 10 10 6 14 8 12 40 7 7 7 12 22 7 8 15
internal_value=0.0256862 0.030794 0.0273294 0.0329971 0.0151087 0.0262339 0.0276797 0.0305396 0.000985359 0.0191448 -0.00700737 0.0353396 0.032115 0.0102093 0.0502089 0.00090596 -0.0161059 0.0514155 0.0176447 0.0315938 0.00738951 0.021408 0.0332487 0.00299976 0.00320624 0.0531593 0.0343803 -0.00143515 0.00297244 -0.00103071 -0.00317589 -0.00595905 0.00177217 -0.0215886 -0.0186584 0.0317512 0.0264476 -0.00845392 0.0319315 0.0187335 0.00605356 0.0536805 -0.0185926 -0.00203811 0.0345768 0.0213465 0.0335295 0.0402858 0.0546842 0.0186638 0.0290971 0.0026408 0.0134666 -0.00334686 0.0584902 -0.0335326 -0.00457086 -0.0267408 -0.00045766 0.00341946 0.00015432 0.0416149 0.0360056 0.0247548 0.0485641 -0.0277441 0.0300658 -0.00702107 -0.00449498 0.000916603 -0.0109043 -0.0255202 0.0244739 0.00885833 0.0303974 0.038235 0.0320007 -0.0249843 -0.0153412 0.00299119 -0.00708947 0.014048 0.011539 0.00632179 0.0138058 0.00339518 -0.0128973 0.0176348 0.0196737 -0.0414532 0.00135783 -0.00219691 -0.0139842 0.0223244 0.0131902 -0.0365721 0.0590415 -0.0348435 0.0597374 0.0174775 0.00818142 0.0494449 0.0393287 -0.0358496 0.00366652 -0.0286132 -0.02858 0.036171 0.040001 0.0418963 0.0460687 0.0411715 0.056206 0.0497918 0.0443982 0.0175585 0.0354347 0.0593201 0.0558466 0.0519044 -0.0302091 0.0473531 0.0367738 0.0541663 0.0344613 0.0286735 0.0237194 -0.0360326
internal_weight=591.726 490.441 424.748 290.197 134.551 80.3934 221.762 204.477 101.286 30.7325 70.5531 169.487 149.844 49.1293 68.4348 54.3976 16.1848 31.2641 39.0551 7.83922 34.9903 36.9066 22.7037 7.111 9.74106 65.6932 140.473 54.1577 46.4904 9.37167 24.1376 17.2847 14.4142 5.74685 10.0743 123.782 75.4338 9.7224 65.7114 27.7493 15.8964 16.691 12.57 42.3652 24.9931 13.3832 14.8603 12.826 30.3013 11.7056 9.18153 14.2029 11.5677 6.49887 14.5477 16.1555 46.5584 7.18522 39.3731 34.9422 32.896 37.9621 29.5925 15.6782 13.9143 7.66726 5.55657 35.2803 33.1354 26.4284 17.6319 6.70709 8.79644 12.5314 10.8527 9.04915 10.6279 12.9338 8.87385 30.991 14.165 8.04644 16.826 14.5405 11.5491 8.41276 4.31294 8.66736 7.34254 13.2715 4.43684 6.24424 4.32013 7.08494 6.97611 7.05721 50.8329 6.11858 19.6424 9.76676 6.38425 11.6099 6.52547 6.57951 5.51277 4.19074 3.96972 9.30769 48.3478 43.3944 35.4239 23.9072 11.5167 20.2991 14.6132 6.49977 11.8529 43.4417 31.3086 24.0398 4.43089 15.5928 5.9056 9.68715 13.7616 8.34124 7.97054 6.8221
internal_count=1533 1215 1085 705 380 207 565 508 318 84 234 403 367 144 140 171 57 63 108 19 105 99 55 22 30 130 337 173 144 30 78 57 45 21 36 304 194 33 161 76 48 33 45 136 60 36 36 29 59 32 23 44 33 21 27 63 152 27 125 108 104 85 70 41 29 29 14 117 108 83 60 25 23 37 27 21 26 48 31 96 47 23 49 44 33 26 15 24 20 54 14 20 15 19 20 28 94 24 36 27 19 24 15 26 17 16 15 22 110 97 76 54 22 42 32 18 28 80 60 48 17 33 14 19 33 21 21 27
is_linear=0
shrinkage=0.0283043


Tree=2
num_leaves=135
num_cat=0
split_feature=13 13 13 13 14 3 3 3 3 22 14 13 22 16 16 14 16 14 22 3 8 8 16 16 16 14 22 14 22 22 16 1 8 14 14 8 3 22 14 8 3 22 14 13 8 8 3 3 13 14 8 22 3 3 22 14 3 14 14 13 22 16 3 16 3 3 14 1 22 8 8 16 16 14 13 16 22 22 14 22 8 13 13 22 8 8 16 13 3 3 3 3 8 8 14 8 22 14 3 1 22 22 16 22 8 14 22 8 8 16 22 22 8 16 14 16 8 3 8 14 16 16 13 22 3 14 8 8 14 22 16 14 16 3
split_gain=49.1767 53.1841 50.3702 48.7853 20.7274 21.8317 25.1856 20.4592 20.1129 23.6466 18.717 17.9685 16.9541 20.0999 16.898 15.9233 14.1841 13.856 12.3692 14.0188 11.9316 11.7434 13.6023 10.7798 10.5374 10.2356 10.0456 10.0214 9.50854 10.1922 9.50435 10.0326 9.48354 9.4611 12.2972 11.0134 11.8249 10.3059 9.24866 9.06617 11.3438 8.46535 8.46194 8.39679 8.31262 8.03779 7.96776 10.0932 8.74624 7.73247 7.44284 7.36276 7.14538 8.03081 7.70907 6.72029 12.1657 6.58492 6.56298 9.89204 9.80797 8.70271 6.42034 6.28068 6.25332 7.9318 7.29612 6.23362 6.16535 6.04897 6.04669 5.87274 6.85947 5.81708 6.07043 5.75151 5.66741 5.60502 6.30019 5.03272 4.98132 8.48565 4.97613 4.85243 4.60954 4.44102 5.36146 4.3326 4.31407 4.09745 6.78673 3.84334 3.75316 4.31255 5.05947 3.66881 3.64381 3.55341 3.77894 3.53699 3.51147 3.28362 5.10447 4.44247 3.04647 2.90173 2.8755 2.85534 4.86066 2.79138 2.74089 2.70247 2.62726 2.89505 3.093 2.48929 2.83865 2.46416 2.34977 2.30128 1.95421 9.77014 1.87004 1.7964 1.79266 1.7886 1.56685 1.35172 1.32176 1.8811 1.05815 1.32204 2.1989 1.00582
threshold=0.22889777337348557 -0.48742083761836419 0.38745883675288362 1.0185520211888746 0.50565407809761631 0.24649859742328992 0.96113126235674995 1.2732484878513084 0.23086071149243392 0.33201044415892961 1.2048247631571971 0.13159935539451589 0.53569631174982335 0.11025042821238296 1.3124284594914615 -0.16106322585458027 0.14573919262130189 1.5640726753094831 -0.7698013051653011 2.153729456566897 0.078401162807038238 0.051812092090256806 0.28765304414445619 0.24419089696267712 -0.1309804560150927 0.42603542246712395 1.0521854759981613 0.29823015181898443 0.15062507846469689 -0.2008403717483489 0.40175276971577284 1.5076628383373236 1.3472558960920331 0.23637593535194015 0.34110350111784854 1.9661370755849543 -0.05655318695193156 0.74949492030775944 0.28270348115480798 0.37624574582889375 -0.30978446013218891 -0.22018337392823337 0.32971957111129785 0.4264807968913143 -0.13444845999276384 0.048268187966738797 1.3087416605815816 0.11574931675755058 0.30408374727401127 2.1462252814610028 0.030157075733290403 -1.2299787207740487 0.08930187766592014 0.17337399030742198 0.38278880623164757 -0.23700964599908839 0.095559002786332004 0.83127808408136061 0.38079807157415763 0.34520336677199609 -0.7590922940940702 0.17318246356044845 -0.064958427468012322 -0.072364760953627247 0.96113126235674995 0.025351102813207137 1.434764083259269 0.92952395017698219 1.7864801839045836 -0.46588181386486854 1.0352650659472951 0.29625482013326526 0.22819262377630528 -0.13742320991355775 2.0737846000590809 0.16852617284554819 -0.7590922940940702 0.65738311461267362 0.30023840560038195 -0.7590922940940702 -0.062385812884432366 0.8113875492426893 1.3496982373777029 -0.42217583442323103 1.0895494536956576 2.1101938412688419 0.13215147701742264 1.2523173786378774 1.0964034098418107 0.82360260833220222 -0.04109266834732344 0.051187610003317126 0.059017377822050313 -0.022316200791727473 1.3273052923506599 0.27481372753118644 -0.17431827751403106 0.42224842962220294 0.081369616686500432 1.0412949664852076 -0.57563190843726064 -0.80197603998732869 1.6991684285595696 -1.4440635389819951 0.13621966488852255 0.33338033086138824 -0.02100530832500697 1.2561716862433825 1.0197776175400974 0.17560332267107134 -0.034218653833831068 -0.25958490241302951 -1.0000000180025095e-35 0.24419089696267712 3.0118170884510245 -0.095089932009091702 -0.16289759088487241 1.736522090270461 1.0962554601172319 1.4224620943812221 -0.072364760953627247 -0.061723282395016739 0.096699433298877216 -0.15049132415064667 1.1986162584623334 -0.35209980127700807 -0.011811755696327459 0.061866206827419758 0.86129860917928036 0.63257827827841961 1.779067080738256 -0.61032681035705083 0.59598808261277314 0.76362289083937263
decision_type=2 2 2 2 2 2 2 2 2 2 2 2 2 2 2 2 2 2 2 2 2 2 2 2 2 2 2 2 2 2 2 2 2 2 2 2 2 2 2 2 2 2 2 2 2 2 2 2 2 2 2 2 2 2 2 2 2 2 2 2 2 2 2 2 2 2 2 2 2 2 2 2 2 2 2 2 2 2 2 2 2 2 2 2 2 2 2 2 2 2 2 2 2 2 2 2 2 2 2 2 2 2 2 2 2 2 2 2 2 2 2 2 2 2 2 2 2 2 2 2 2 2 2 2 2 2 2 2 2 2 2 2 2 2
left_child=1 4 14 43 5 12 51 27 9 15 128 99 13 24 21 23 26 64 19 -9 30 58 46 41 39 38 50 85 29 32 71 69 62 35 91 36 37 -14 73 40 42 44 45 76 79 67 47 55 -49 -19 89 -7 -42 54 106 56 75 127 59 61 -61 77 95 -45 65 92 -66 100 126 101 105 72 83 74 82 110 -4 78 -2 -5 81 123 87 -15 -41 86 -8 -10 -88 90 -13 -35 93 94 -12 -22 -86 -60 -99 120 -1 103 -103 -32 -50 -57 -54 108 -31 -11 -23 -74 113 114 -51 117 -117 -20 -39 -96 -3 -122 -101 -65 -90 -26 -28 -17 -6 -130 131 132 -123 -53
right_child=2 11 3 8 10 6 7 18 25 109 17 16 33 20 -16 57 -18 49 115 -21 28 22 -24 -25 125 -27 68 -29 -30 107 31 -33 -34 34 -36 -37 -38 118 -40 84 52 -43 -44 63 -46 -47 -48 48 104 112 -52 133 53 -55 -56 70 -58 -59 97 60 -62 -63 -64 80 66 -67 -68 -69 -70 -71 -72 -73 111 -75 -76 -77 -78 -79 -80 -81 -82 -83 -84 -85 96 -87 88 -89 124 -91 -92 -93 -94 -95 119 -97 -98 98 -100 122 -102 102 -104 -105 -106 -107 -108 -109 -110 -111 -112 -113 -114 -115 -116 116 -118 -119 -120 -121 121 130 -124 -125 -126 -127 -128 -129 129 -131 -132 -133 -134 -135
leaf_value=-0.001706219886116304 -0.022969465288472223 0.063362256607578854 -0.0041095464313041204 0.0090298910188167172 0.063915426089014668 0.0025427739029373875 -0.045542925524308393 0.039321664284225386 0.033824626565072853 -0.046579589841129837 0.039838956322658083 0.029324542921094206 -0.013004913812569326 0.0087597711762617669 -0.045721426411503646 0.050803630684493346 0.062290557933975525 0.063034902935081419 0.053079283440867452 -0.044363059448405733 -0.020800397804096253 -0.019967339095630567 0.059052293662676218 -0.045377466393405973 0.044489646980451998 0.056470873362578396 -0.01346200256079298 0.034355114975926831 -0.04557362178401772 0.034291893303380304 0.026868519118499055 -0.019743345946845112 0.02803177262511293 -0.046626704514967282 0.03171287127612369 -0.04308481383812611 -0.016601476518670787 0.035647380530109733 -0.023412214781226282 0.056884010523117895 0.049552634847639457 -0.043598295865352445 0.028972699292583979 0.065980496410801948 0.038535852595629937 -0.045335863256150577 0.047971620448099099 -0.045819863896147943 0.022230604206188845 -0.0049414645608812247 0.054054473268272424 0.0664739524460084 -0.0029179798218437114 0.055882536610366497 0.041279598767101452 0.05870442047128957 0.047088544157816332 -0.0012003817295036011 0.0293453578410489 -0.020861191632636594 0.048413812393794935 -0.046046055180754338 -0.046101877619979192 0.054093851460397094 -0.045459268627139192 0.047633006309850831 0.022919189091270584 -0.043533741797457566 0.021651636956804866 0.055544232532562444 -0.0092981402703049866 -0.044443382757535461 0.01413320596844911 0.065875307948840167 -0.016847819624270694 -0.045783695781794677 0.051937169715264395 -0.044528316477373951 0.028991900428255137 -0.04466682263391783 0.060870655784444123 -0.015325954765375878 0.056911793750075372 -0.045177667248444749 0.038927497092179929 0.022566191599892295 0.016531929765207808 -0.013930733163541714 -0.044973428735953162 0.039005858748426402 -0.024642541339363992 -0.0130262653051394 0.035324403007467989 -0.024391502382331218 -0.020432932440271612 0.015745876033245027 -0.0065867377715153729 -0.023990053197047622 0.023316001293629689 0.049570139166322809 0.034633462425646674 0.0082608087935773719 0.054790945952193526 -0.017710290943686091 -0.017828677267656114 0.023866359356264303 -0.044825798444103268 0.053613255875843126 -0.014353258378751319 -0.0096224128322666882 0.016460373415541133 0.052445078644752841 0.050388081142915063 0.046508264319154863 0.029413806345692049 0.036609687214873149 0.066405264576975029 0.025685595699971024 0.065333019083989669 0.012408590876178665 -0.045568430275767617 0.055495635810622203 0.021104806561196895 0.027193287863280863 -0.0078736791845744614 0.065807056262194935 -0.046178445821435335 0.030476273848168527 0.034496668140166324 0.060202773328118811 0.0658746252169463 0.057821849871946163 0.02839733963075158 0.052969941061103643
leaf_weight=4.6976002901792482 3.2153539061546379 30.128730848431587 3.3690663278102875 3.7227804362773895 14.343390181660654 1.5531815588474298 4.2769467085599917 3.1625714302063015 3.3994793593883532 8.1103853285312635 3.1513686478138023 3.6191091388463992 2.2817404270172137 2.4183840304613105 6.8958651870489112 7.0787301212549227 8.1949555128812772 9.4197356998920458 4.1402081698179298 2.6473363786935806 5.4966703951358848 2.7532670646905855 3.8891433030366889 4.2786355912685385 6.0928986966609955 8.0355142503976804 2.0369547158479691 4.2348399311304084 3.8213121443986884 4.244183734059332 4.7066550701856631 2.763617902994155 3.6397399604320517 7.1669202744960767 2.5551229864358893 2.3845225274562827 4.7920468002557781 3.4039396941661835 3.226860210299491 8.666108235716818 10.015692055225378 2.1411196589469919 6.4037489742040625 18.993965864181519 5.6878142654895782 3.5682393759489051 2.896820828318595 5.4694257825613004 3.0050489157438278 3.3789488524198514 6.8282138705253592 15.291115224361421 3.1253930777311325 2.6643895655870438 2.3077141791582108 3.9068116098642367 2.9064090251922599 3.1388594955205908 3.6198939830064756 2.9846504479646683 2.8961855769157401 10.676234275102614 5.2441988289356258 4.7700344026088715 2.6347361207008353 5.8415441215038291 1.9309401065111158 1.6688795685768116 3.0136038064956665 7.4253134280443218 2.0319337844848633 1.9154779464006413 3.4939293414354324 2.4311410188674953 2.5187735855579367 3.3422287553548813 2.0676186531782141 2.3719560205936432 3.6306550651788712 1.9103434383869169 6.3718513250350961 2.3103739768266678 3.2941333949565887 2.3810691088438025 4.0106675326824188 1.9367350637912739 3.2513334155082703 2.269842192530632 1.8984622955322268 4.0069321393966675 3.2514017820358312 4.0754474997520447 3.3737396299839011 3.2417394220829037 2.761315330862999 3.2689797729253769 1.8097051829099644 3.2235267013311386 1.9334529787302015 3.5496961772441855 3.3904890120029476 2.6391309052705765 4.7486069053411484 2.5182937234640121 2.5134353041648865 3.0142420083284378 1.901470273733137 2.0556524693965912 2.2783359885215759 1.796208769083022 3.2622836828231838 2.068888857960701 3.5281201750040045 2.9298187643289566 4.4997723251581192 3.3890247195959091 7.3321376442909187 5.7998037785291672 4.2866693735122681 3.4992027580738068 0.73144084215164085 5.3800705671310407 3.0576511472463608 2.8149868547916412 1.7820989191532133 5.5073875784873945 2.1558127999305716 3.6321890652179718 3.4205697029829008 5.1424909383058548 6.1211464405059806 17.151015892624859 3.6745572686195374 5.598512575030326
leaf_count=15 12 51 11 11 24 5 18 7 8 34 7 9 8 7 29 14 14 16 8 11 20 10 7 18 13 15 7 10 16 10 12 10 9 30 6 10 17 8 12 16 20 9 16 31 13 15 6 23 8 11 13 25 10 5 5 7 6 10 9 11 6 45 22 9 11 12 5 7 8 14 7 8 10 4 9 14 4 10 9 8 11 8 6 10 9 5 9 8 8 9 12 14 8 12 10 9 6 12 5 7 8 8 9 9 9 8 8 4 8 6 9 4 7 6 11 8 12 15 7 10 3 10 8 7 6 9 9 9 8 9 10 31 9 11
internal_value=0.0248573 0.0303924 0.0128913 0.0255474 0.0244333 0.0202632 0.0339308 0.0215404 0.0106996 -0.00140055 0.0375297 0.0479478 0.0147224 0.0191026 -0.00402181 0.0104565 0.0309305 0.0279223 0.0370544 0.00169759 0.00823635 -8.98398e-05 0.0105264 -0.00705398 0.0301895 0.0304904 0.0202564 -0.0021032 -0.00497992 0.000999416 0.0189039 0.0289734 -0.0111576 -0.00405187 -0.0214515 0.0097407 0.0189161 0.0362096 0.0184118 0.0250021 0.018031 0.00506407 0.0029136 0.0498614 0.0148378 -0.00992794 0.00502334 0.00096916 -0.0207849 0.0434573 0.0315237 0.0581365 0.0328946 0.016381 0.00113425 0.0122709 -0.00105548 0.0330355 -0.0120427 -0.0192563 0.0122824 -0.0287678 -0.0217421 0.0550118 0.0138926 0.0200298 -0.0154306 0.00300724 -0.00743191 0.0353566 0.0307085 -0.0010398 0.00688971 0.0281441 0.0199899 -0.0167265 0.0192569 -0.00898438 0.00402641 -0.00855354 0.0423944 0.0298072 0.0305532 -0.0167786 0.043958 -0.0144368 -0.0213455 0.0151945 -0.00631026 0.017331 0.00417127 -0.034206 0.00990451 0.0028042 0.012246 -0.00726149 0.0252922 0.00874626 -0.00568172 0.0560979 0.0132937 0.0249704 0.0378711 0.0117492 0.00352864 0.0432288 -0.0182984 0.025952 0.0174312 -0.0391681 -0.000830167 0.0279162 0.0306751 0.0236654 0.0148386 0.0473065 0.0566176 0.0373887 0.0518183 -0.00199646 0.058178 0.0534787 0.0372167 0.043635 -0.0263751 0.0543507 -0.0294137 0.043619 0.0585546 0.0502062 0.0557283 0.053296 0.0447242 0.0627176
internal_weight=594.008 406.198 187.81 107.371 303.297 230.2 66.2943 43.8515 66.6728 41.4971 73.0974 102.901 163.905 132.959 80.4388 31.5905 33.107 50.191 26.4711 5.80991 67.1284 73.543 38.9911 17.7407 65.8304 25.1757 24.912 17.3804 30.0491 26.2278 37.0794 24.8016 17.6496 30.9464 13.7975 17.1489 14.7644 9.97235 17.1402 54.2301 39.7436 13.4621 19.729 40.6979 11.3209 13.3252 35.1019 32.2051 10.9879 23.7564 17.7057 22.4428 20.0147 9.99897 7.33458 21.2172 12.2642 13.8498 34.5519 25.775 5.88084 19.8942 14.0098 35.2612 26.4346 21.8689 4.56568 9.75697 7.20637 22.038 8.95299 12.2777 10.3623 13.9134 11.4822 9.35778 5.43668 9.21796 6.84601 5.63312 16.2672 9.8954 8.96345 4.79945 14.4865 13.1456 11.2088 5.66932 6.93189 10.8774 6.87051 11.2424 16.0274 12.6536 9.41189 8.76565 5.82037 8.77687 5.15698 69.7943 8.08809 14.6127 7.38774 7.22495 5.51848 6.92105 5.02686 8.57817 6.52252 9.90659 6.01555 5.56282 14.3367 10.8085 7.87872 20.6612 10.7212 9.94001 7.69061 6.26052 63.187 33.0582 6.60735 7.58502 3.68056 11.6003 4.19277 10.7109 22.9065 8.56306 32.3268 26.2056 9.05463 20.8896
internal_count=1533 996 537 275 786 619 158 117 194 132 167 210 461 361 262 92 81 126 61 18 199 233 114 59 162 62 67 56 98 82 101 62 60 100 50 50 40 23 47 140 109 41 61 81 32 45 107 101 40 51 43 41 48 28 23 61 39 33 119 93 17 76 51 66 75 59 16 30 24 52 22 39 31 35 31 33 15 31 21 19 35 24 22 17 31 46 41 16 23 30 21 44 47 39 27 29 15 26 17 129 23 38 17 21 17 15 18 22 18 40 19 14 35 28 22 43 20 23 15 20 114 63 15 16 14 22 16 23 41 17 60 50 19 36
is_linear=0
shrinkage=0.0283043


Tree=3
num_leaves=136
num_cat=0
split_feature=13 13 13 13 18 14 4 4 4 17 8 13 16 4 4 14 16 13 8 16 14 13 17 8 17 14 13 8 14 8 4 8 14 8 14 13 17 17 8 17 17 8 4 4 14 14 13 13 14 18 16 16 8 17 17 16 16 8 16 4 17 4 16 8 8 13 4 16 8 16 8 4 8 4 13 16 8 8 8 17 16 17 14 14 17 17 8 14 13 8 8 8 14 13 8 17 17 8 18 17 16 14 16 17 17 17 14 17 17 8 13 4 17 14 16 14 8 16 8 4 17 8 17 14 8 8 14 4 14 14 17 8 17 4 13
split_gain=45.9795 49.5328 47.3487 45.5274 26.07 20.6371 20.1111 45.4248 33.2311 18.2199 18.0201 16.6494 16.1545 16.0338 15.8658 14.0757 13.197 11.2928 11.1121 12.716 10.6852 10.2664 10.1999 22.7042 18.4276 16.0025 9.52077 9.45761 9.22888 8.83354 13.5857 8.43633 8.30162 8.22717 8.09119 7.80754 7.77127 11.2833 7.30743 7.15099 9.19878 10.5357 6.62783 7.10296 7.58531 6.55647 6.52776 6.48995 6.39982 6.1328 6.05042 5.81319 5.63692 5.35554 8.99789 5.87166 7.08832 5.03834 4.98905 5.32195 4.9835 4.65759 4.64903 4.63905 4.63815 7.97003 4.50821 4.3404 4.31364 6.03326 4.28352 4.23867 3.984 9.16759 3.63144 3.58646 6.35506 5.88743 4.42294 3.41271 5.70884 4.08086 6.62571 4.55109 3.35897 3.25242 4.33274 3.64614 3.15885 3.10284 3.0815 2.99786 4.62899 2.98626 3.99684 2.92922 17.0686 2.69283 2.61847 4.88347 2.61006 2.60736 2.57042 2.50601 2.43078 6.4429 9.97593 2.37089 6.3179 2.3679 2.28589 2.12929 2.12153 2.09141 2.05919 1.88866 2.26464 1.79514 2.64159 1.7788 1.70586 1.59527 1.57983 1.55871 1.50902 1.48543 1.33602 1.24922 1.38109 1.4217 1.04047 0.983552 0.908568 0.868278 0.84689
threshold=0.22889777337348557 -0.48742083761836419 0.38745883675288362 1.0185520211888746 1.8751067852320178 0.50565407809761631 0.30239674167910341 0.60813068993338926 1.34588104209537 -0.20721311514174423 -0.14237819021389533 0.13159935539451589 1.3124284594914615 -0.22772348716435006 1.8438793099335899 1.2835942143315555 0.14573919262130189 1.4314245116394584 0.051812092090256806 0.28765304414445619 1.5640726753094831 2.8037700571839212 -0.055998787682982713 0.95924734351879415 0.077030860267533544 0.35632032691289495 2.3083560449475633 0.030157075733290403 0.35632032691289495 0.0075622394982640551 0.47900759817615923 0.038527346522262564 0.21445727979497267 1.0000000180025095e-35 0.34764467057725762 0.4264807968913143 -0.14887019588390313 -0.12682845526946351 1.2561716862433825 1.1416089457371101 -0.055998787682982713 0.11895047462916962 0.3468161399945488 2.7714728487977678 0.39130984565278709 2.1462252814610028 0.25433532813978194 1.1778184110778172 0.39343285679312151 2.1846939104343064 0.11796627278198535 -0.072364760953627247 1.1003475925029516 -0.025609821391753381 -0.099751107099714242 0.2209403479725669 0.3165900366624978 1.0962554601172319 0.15075603682076302 1.6545754845169289 -0.0072790410840310382 -1.0000000180025095e-35 0.044341251234657889 0.048268187966738797 -0.062385812884432366 0.8113875492426893 0.25721025175756274 0.23566123167078021 0.23018207311373187 2.5147095060518434 2.0801391847517143 0.39644936407017201 1.0793289125217551 0.37998086615181742 0.24650345585847713 -0.18849388756661498 0.13002272756756431 0.24674639846453969 1.9891137136454422 0.019788567032419702 0.2478170348645464 -0.097082332495933163 0.38079807157415763 0.42603542246712395 0.79819414653962106 -0.17599624432014477 -1.0000000180025095e-35 3.375425780242916 0.35500465722930147 1.4995850346609283 0.72719015196114045 0.042560740165603447 -0.027428281372441039 2.0286162231946205 -0.17185524909763197 0.70562467999095335 -0.25314720649733319 1.2756142099707493 2.1717902050349678 -0.064823275971397351 0.29386486560703329 1.1178731122906302 0.091779788274736679 0.978492273147617 1.1931533077926184 2.4695678124506393 -1.0000000180025095e-35 0.5706859815939368 -0.051401482526104429 -0.1046874971875298 0.01454263506376339 1.6150343093839947 0.79819414653962106 1.4313672654347334 0.17560332267107134 0.050228023420228508 -0.18253591042016837 0.19447572220579978 0.040778998313447973 0.27408626709165529 1.0609028641059799 -1.0000000180025095e-35 0.92399667494267201 1.3676080768093348 0.63307110708958769 -1.0000000180025095e-35 1.3395728540210254 0.069033092137353799 0.86129860917928036 1.0581763341716017 -0.1402307686081595 -0.11292071091095147 -0.1371723918724396 0.054194663881951301 0.68157999123290025
decision_type=2 2 2 2 2 2 2 2 2 2 2 2 2 2 2 2 2 2 2 2 2 2 2 2 2 2 2 2 2 2 2 2 2 2 2 2 2 2 2 2 2 2 2 2 2 2 2 2 2 2 2 2 2 2 2 2 2 2 2 2 2 2 2 2 2 2 2 2 2 2 2 2 2 2 2 2 2 2 2 2 2 2 2 2 2 2 2 2 2 2 2 2 2 2 2 2 2 2 2 2 2 2 2 2 2 2 2 2 2 2 2 2 2 2 2 2 2 2 2 2 2 2 2 2 2 2 2 2 2 2 2 2 2 2 2
left_child=1 4 12 35 5 6 13 29 -9 17 32 110 18 22 58 127 27 33 42 46 31 93 28 24 25 -24 39 36 75 30 71 50 95 114 68 -4 66 -38 100 40 47 103 49 44 88 -22 74 63 57 79 113 -37 -35 54 55 -31 -57 72 91 -60 -43 -34 122 -11 65 134 -13 -56 69 104 -59 -8 73 107 -20 77 117 121 -78 80 81 83 -83 -2 123 -47 87 -87 -44 124 109 -10 -93 -19 -95 96 -6 -55 -12 -100 -16 -29 -68 -42 125 106 -106 108 -48 130 -3 -75 -39 126 -5 116 -112 -77 -119 -23 -73 -1 -25 -52 -79 -26 -17 128 -7 -130 -15 -118 -33 -117 -53
right_child=2 11 3 9 10 15 7 8 14 26 98 16 -14 90 38 20 -18 21 19 -21 45 119 23 62 34 -27 -28 101 -30 53 -32 132 61 52 -36 51 37 112 -40 -41 41 60 43 -45 -46 85 48 -49 -50 -51 84 64 -54 97 67 56 -58 70 59 -61 -62 -63 -64 -65 -66 -67 102 -69 -70 -71 -72 120 -74 111 -76 76 78 89 -80 -81 -82 82 -84 -85 -86 86 -88 -89 -90 -91 -92 92 -94 94 -96 -97 -98 -99 99 -101 -102 -103 -104 -105 105 -107 -108 -109 -110 -111 115 -113 -114 -115 -116 133 131 118 -120 -121 -122 -123 -124 -125 -126 -127 -128 -129 129 -131 -132 -133 -134 -135 -136
leaf_value=0.015942154532723282 0.038912478798752065 0.060598735974618456 0.018649757883153838 0.010492397471851427 0.050786150343621245 0.059518285390966007 0.037289744902667718 0.059887875729585434 -0.01139474309079481 -0.021798756244515233 -0.046030814593013877 -0.045664221738210095 -0.04492410230091929 0.032738625555820536 0.0078645961157005652 0.020972073625902293 0.060236117466565556 0.060315237183732232 0.010091084142348886 0.056904681598853285 0.060767835066240845 -0.0079800799431809909 -0.04475298147894894 -0.020563327691398771 0.05435043580362816 0.026097522274594682 -0.044656395762923268 0.054346221365881853 -0.016722308059664518 -0.045623267011151936 -0.044059721464157139 0.047926290895555619 0.0099105943077875576 -0.045091757857607481 -0.013624618892305493 0.063572620201142044 0.057660482069064115 -0.020359305811035042 0.063345785600142507 -0.044188767497663456 0.041747729395121509 0.0099126181907635818 -0.045498478526401598 0.023244495806574977 0.014582281440158093 0.046416368176359933 0.021835593109238223 -0.046149175763537983 0.033641660915014492 -0.042459752625078492 -0.014102390021057502 0.050599130786541581 0.0092978924929800026 -0.046140354320969738 0.03833762005118526 0.021814828903104586 -0.044204123324138145 -0.045246075896779168 -0.045946559886658578 0.0036018268059769538 -0.044902229233743207 -0.04444521651564675 -0.045960075918649229 0.026499124042396429 0.0587045162650182 -0.01501441958834392 -0.017317694209417516 -0.011257486474165732 0.059482144602597486 -0.010465157602045081 -0.002495054474444305 -0.0077465686001963324 0.032638592346292135 -0.045709141859015624 0.048074405140296539 0.064704189022317185 0.0033119071651569413 0.06411667539349758 0.043658546049676845 0.029425868993251721 -0.043677443973472153 -0.043929001757827213 0.022636850031161903 -0.010097821091011009 0.0090486949824441863 -0.018821964372505707 0.045770445464333592 0.025376425110734985 -0.0048274388145632587 0.017878784447301281 0.030757246560141272 -0.00031486152119097134 0.050882945305892671 0.01396572138089873 0.05086846866708964 0.050448223731568563 -0.042752675785756512 -0.0094749548465077622 0.0089503182027225892 -0.045188045425187597 0.042410035877725488 0.025276939583938438 0.023441016946274602 0.01408563068842043 -0.022795356835374706 0.057337487642457989 0.045841614540373603 0.026704469846011429 -0.043006402188359265 0.06408664424498306 0.029837351772285515 -0.0098838439945052349 0.01496074509498594 0.041640578409661559 0.040012051805935908 0.049413404250286563 0.063496763197098127 0.036533642333921104 0.064366290218089622 0.023799735743061594 0.023359412840678492 -0.011339590688832056 0.0091792673586125421 -0.045976813274197365 0.040628072408833781 0.034916171968147412 -0.0078557492062694342 0.063997918824840225 0.032572504898237153 0.055851106756180872 0.050627074088506099 0.04576679715460466 0.028422264974176915 0.059725990534099063 0.032679810884562115
leaf_weight=6.5630081295967102 4.0074451565742484 26.676777750253677 5.450407162308692 3.7226502299308759 4.1627856492996207 7.6666609197855013 5.7119922786951047 17.960777312517166 4.0651469230651873 2.9834498614072889 5.4611227959394437 2.4103179723024359 6.8235549926757804 3.4417396932840374 5.0850153863430005 3.0298454463481921 8.263753727078436 7.643324136734015 3.735661953687667 3.9246667772531501 9.4990724921226519 3.6141873598098746 4.9524439573287946 2.7473607212305051 6.8319816440343901 4.7146472930908203 4.0163606852293006 5.4029992222785932 2.53009009361267 5.6779852062463743 3.0833437442779532 4.3772920668125153 2.4022483229637146 3.3122560530900955 2.2922437191009513 19.154206812381744 3.9064212888479233 2.7509044110775012 4.3018175959587097 2.3715815544128409 7.7911378592252749 2.3981271684169769 10.813214734196665 1.9204470813274372 2.1728664338588706 5.8756465613842002 3.0045704543590581 3.5889017730951309 3.3961825370788565 2.1097368150949469 2.046712189912796 4.1872717142105103 2.4125268012285233 7.3524789959192294 3.1774731874465934 3.0025903880596161 1.9039669036865232 4.0121737718582144 4.0490414053201667 2.6602598279714584 2.3735216706991187 2.1300286203622809 4.2811410129070282 2.7869020104408264 6.4219568371772775 2.3044446557760239 2.5056281536817551 2.0482205599546432 5.7743199169635764 2.0503956973552695 3.1097565293312073 3.6060751378536224 2.5532050281763068 3.5546206235885611 3.567137748003006 6.1486707329750123 4.2213957011699659 3.0762982964515668 3.7804873436689377 3.6223530620336524 1.8974810987710942 2.357803255319598 1.9344849586486814 2.0351487547159195 2.4193560034036636 2.5420706272125235 2.9372515976428977 2.8063038289546967 1.5642947703599919 3.2682809233665457 5.3770650774240485 3.1156432628631592 2.0773906111717224 3.4937731921672839 5.6203708052635157 3.5286712050437927 2.129129275679591 1.7934817820787428 2.4115412831306458 2.3786810785531998 2.3032561093568802 3.8801502585411072 1.9355657845735548 3.4929132014513016 3.222236379981041 3.2901125997304916 2.9277483671903592 4.7105380743741989 1.6524018347263387 9.2453627586364746 6.2581986784935024 1.8042162805795667 2.1869887858629227 2.3142887949943542 3.1612896174192429 11.343735232949259 3.0843886733055124 7.4477885514497739 3.6830148696899414 1.9356225728988645 1.9387418925762174 2.038252606987955 2.4238500148057938 2.3862483650445938 5.5143941789865494 5.1089787632227024 1.8139040768146513 9.8676507472991926 4.3053573220968246 3.3183334171772003 7.7340202033519754 8.863282442092892 2.7915950119495383 14.080478593707083 3.4434440135955811
leaf_count=18 9 45 15 11 8 13 13 31 14 11 23 10 29 8 15 8 14 13 11 7 16 12 21 10 13 12 17 10 9 24 13 9 7 14 8 31 7 10 7 10 17 7 46 5 6 12 8 15 8 9 7 8 7 31 7 8 8 17 17 8 10 9 18 7 11 8 9 7 10 7 10 12 6 15 7 10 13 5 8 9 8 10 5 7 7 9 6 7 5 9 13 10 4 10 11 7 9 6 7 10 5 10 5 10 12 6 6 12 7 15 15 6 6 5 7 22 5 17 6 5 5 7 7 10 12 12 6 16 10 6 15 18 7 24 8
internal_value=0.0240812 0.0294176 0.01251 0.0247461 0.0236683 0.0261208 0.0216828 0.0110751 0.030202 0.0103819 -0.00408833 0.0463002 -0.00392065 0.0289028 0.0109266 0.039397 0.0299437 0.0243826 -9.04446e-05 0.0102194 0.0299639 0.0364691 0.0237401 0.0148812 0.023899 -0.00906339 -0.00508685 0.0196493 0.0329984 -0.0111541 0.00623158 0.015457 0.0159552 0.0033801 0.0343806 0.0481329 0.00632983 0.0234232 0.0355416 0.000706091 0.00510022 0.0180234 -0.0117503 -0.0246794 -0.0314769 0.0428925 0.00487758 -0.0166653 -0.00137111 -1.80543e-05 0.00269951 0.0530724 -0.0214425 -0.0213738 -0.0115381 -0.0262583 -0.00431912 -0.00644375 -0.00734318 -0.0258087 -0.0162833 -0.0146407 -0.0240963 0.000952841 0.040959 0.0288244 -0.0158815 0.0182052 0.0384311 0.0331019 -0.0261652 0.0206688 0.00171158 -0.00382667 0.0281223 0.0359401 0.0430236 0.027227 0.0227302 0.00607436 -0.000923014 0.00715557 -0.0132307 0.0218134 -0.0161229 0.0309768 0.0196438 0.00476617 -0.0400267 0.0399108 0.0486582 0.00568936 0.0198362 0.0474828 0.0369665 0.030533 0.01959 -0.0384514 -0.0326108 -0.0180173 0.0191445 0.0418381 3.11451e-05 0.0327653 0.0374697 0.0269831 0.010225 0.0127099 -0.000826242 0.0537559 0.0541077 -0.0327931 -0.00390263 0.0202779 0.0234062 0.0501657 0.0432684 0.052613 0.0461629 0.00435079 0.00366695 0.00985703 -0.00711576 -0.0306742 0.0487851 0.0458406 0.0105676 0.0562121 0.0513848 0.0430346 0.0452181 0.0502724 0.0397717 0.0550753 0.0421412
internal_weight=595.718 407.753 187.965 107.681 304.204 279.6 209.602 84.9147 45.6183 66.7189 24.6042 103.55 80.284 124.687 27.6576 69.9976 33.2427 34.916 73.4604 39.0251 44.8396 22.3073 98.8891 50.6175 41.1651 9.66709 31.8029 24.979 48.2717 39.2964 14.3402 21.1792 14.3529 12.6087 31.498 40.9617 15.6958 8.84431 11.6901 27.7865 25.415 16.0557 34.4353 16.4708 14.5504 23.6603 35.1005 9.35925 27.7977 17.9645 14.0104 35.5113 5.72478 24.9562 15.8102 10.5845 4.90656 24.4015 15.9675 6.7093 4.77165 4.53228 9.45235 5.77035 16.3571 9.93516 6.85151 5.22569 29.2058 23.4315 7.12193 11.2568 17.2796 14.7263 7.3028 45.7416 25.2814 20.4602 8.00188 15.8547 12.2324 10.3349 4.29229 6.04259 6.85232 14.1613 8.28563 5.34837 12.3775 11.859 25.7982 9.25818 5.19303 16.7575 9.11414 9.82059 6.29191 9.14596 10.2513 4.79022 7.38827 9.28315 4.44119 11.2841 21.3811 9.4401 6.14998 9.36751 4.65697 20.4211 70.3069 5.35884 4.93789 7.15804 6.88394 43.6301 18.2059 17.2795 11.1308 5.54981 5.54482 8.60126 5.17121 4.43296 8.59069 11.941 4.84375 25.158 15.2904 7.62369 11.1758 11.9477 7.16889 25.4242 7.63072
internal_count=1533 996 537 275 786 706 552 245 111 194 80 210 262 307 80 154 81 90 233 114 109 51 256 142 107 33 104 67 114 134 43 59 40 39 74 81 47 23 27 87 77 44 119 62 57 50 107 33 89 57 43 66 21 91 54 40 16 81 53 25 17 16 35 18 35 24 24 14 66 56 27 30 54 48 18 105 54 51 21 48 39 31 15 16 24 34 22 16 51 26 51 28 14 34 21 24 17 37 40 17 20 20 14 27 49 24 18 27 15 38 129 21 16 19 18 84 38 33 23 17 17 25 17 17 17 25 14 45 29 16 23 23 16 46 16
is_linear=0
shrinkage=0.0283043


Tree=4
num_leaves=135
num_cat=0
split_feature=21 9 9 9 9 5 5 0 5 18 9 9 9 21 18 9 16 16 16 16 9 0 18 22 9 9 22 0 21 21 16 22 9 22 9 5 9 5 5 5 22 9 22 9 0 21 22 5 9 5 9 22 5 22 22 21 9 22 16 5 9 5 21 16 21 21 16 22 16 22 22 9 0 0 22 16 9 21 9 22 16 18 16 21 21 0 0 0 0 9 22 21 9 16 22 0 0 21 18 21 16 16 0 18 5 21 22 9 22 0 5 21 5 22 0 22 21 0 22 22 9 22 22 22 5 22 0 22 0 21 18 5 16 21
split_gain=35.4746 36.7615 59.0442 35.0946 32.6645 14.806 43.4748 18.1254 16.2339 14.6747 15.8294 17.8278 18.6712 19.0738 11.9989 11.9935 11.8057 23.7721 25.8971 17.246 11.4273 9.9277 9.75619 9.30139 11.0807 12.4969 10.4288 8.58307 16.6556 8.20015 8.62937 7.7434 7.16914 7.93905 7.9712 7.16007 7.09329 6.55487 5.77297 5.56469 5.49797 7.06532 8.64356 12.2292 7.42807 8.58908 12.2749 6.36275 11.3017 6.74594 6.25416 5.61821 5.95368 5.442 5.44008 5.36866 5.26841 6.3831 7.08934 5.16273 5.02709 4.91467 4.90555 4.80239 12.3882 7.54063 4.71655 6.8437 4.71087 4.62953 5.67587 10.3701 8.69094 6.52042 5.93177 8.12736 5.82138 7.56266 6.92846 5.92175 4.55633 4.42293 4.39795 4.19481 7.79053 4.12019 10.2098 6.99212 10.5675 5.68315 5.03891 3.95843 3.9405 3.87401 3.79831 4.01156 3.74601 3.48574 3.25995 3.17141 3.14245 3.11903 3.05706 2.90257 2.84019 2.43097 2.42198 2.29083 3.7836 2.24736 2.22591 2.15693 2.73279 5.25009 2.11015 2.06786 1.97607 1.89322 4.22041 1.88427 1.8787 1.87031 1.86612 1.85014 1.825 1.76528 1.74756 1.74264 1.667 1.52606 1.50821 1.38088 1.22152 0.831905
threshold=-0.73904574210442409 -0.28108874763672004 -0.45711390748238656 0.24424106411174742 -1.052135930315423 -0.08222212989567329 0.14864732684774806 2.4981725775117813 0.80940042859547845 2.1846939104343064 0.57473192282008434 0.95958700374135841 1.4290723202082887 1.2615003968100116 1.233408315343387 1.3436541973841845 0.40175276971577284 1.2497642638747843 1.6260893880031491 2.5147095060518434 0.64760751684787932 1.4724360931644995 1.9305901733396296 -0.7590922940940702 0.78263866284215655 1.4671137463798363 0.45133601740919227 0.029195875316582905 0.98748760125939217 -1.4713999131967872 0.058021680591709889 0.78615360631328668 1.0506237974602561 0.65738311461267362 1.1986272289481783 -0.293445492757124 -0.55662645828762269 2.1557706393763443 0.17386414678320736 0.070499324860722509 -0.95485969470133669 -0.43101016734793562 -0.35777866317084089 -0.37870718559073691 -0.1137356380469179 -0.011651719884195248 0.35753080461821024 0.041132314015413993 -0.36180342216220834 1.0066041308889824 -0.35230898253403758 1.3726925824017246 0.9478236864812527 0.85808763168262325 -1.8164699952541514 -1.0558575364946023 0.31896302024661327 1.2517451544680687 0.16892793244263035 1.233174844027795 0.30283918563917495 -0.038807604852150505 -0.069378404853225009 0.185884247745121 0.69127223456683817 0.12964166370203059 0.28368695581428677 -0.2008403717483489 0.94752773005961111 0.96703810512000066 0.15062507846469689 0.51560854310702442 1.2458955350208136 -0.10805730628169614 -0.51066231788484895 0.2074247430655998 0.42862260418338144 0.58257411499749467 0.50470545652647647 0.60674785736496084 -0.18244689055412275 1.8408496107398868 0.13536555379407944 -0.41677778395489812 -0.50565892779223776 1.5705336648714103 0.63633832792480438 0.31643458035783928 -0.090832057602144606 1.3226120361294622 0.19978158585402131 -0.17382496824645299 -0.038865139486674576 0.48889339617006738 -0.3174946549318457 -0.32241433041881751 -0.29086153844505946 -1.177995297531776 2.0938334996342269 -0.17382496824645299 0.003979864020102186 1.2709648087669627 0.5758231169732787 1.470917938196705 1.0066041308889824 -0.48076370440543043 -0.81080083752932297 -0.32929312385451565 0.034805573427064508 0.72694284328173187 -0.11728985040238531 0.73265404801435841 -0.19396160998523629 -0.3174946549318457 -0.20732566804329197 -1.1643651585091133 -0.89229072249684016 -0.16969208522301427 -1.0000000180025095e-35 -0.64126932150636351 -0.38121409965852721 -0.24393877487911539 -0.88056443971941245 1.7067946471807927 1.5727941578787399 -0.10116786113214919 -0.074587345593391627 -0.41618928257717547 -0.35146455865068654 0.26538440450277284 2.448825379141093 -0.081163691945510388 1.8301420572083347 -1.177995297531776
decision_type=2 2 2 2 2 2 2 2 2 2 2 2 2 2 2 2 2 2 2 2 2 2 2 2 2 2 2 2 2 2 2 2 2 2 2 2 2 2 2 2 2 2 2 2 2 2 2 2 2 2 2 2 2 2 2 2 2 2 2 2 2 2 2 2 2 2 2 2 2 2 2 2 2 2 2 2 2 2 2 2 2 2 2 2 2 2 2 2 2 2 2 2 2 2 2 2 2 2 2 2 2 2 2 2 2 2 2 2 2 2 2 2 2 2 2 2 2 2 2 2 2 2 2 2 2 2 2 2 2 2 2 2 2 2
left_child=16 2 4 92 5 22 7 91 -8 10 56 93 13 14 15 32 23 -18 21 54 109 -19 35 24 29 -26 81 28 37 30 -1 -28 -13 34 -34 66 103 -10 39 -27 50 123 43 -43 45 83 98 48 53 -49 -4 52 120 -46 -20 97 60 69 -59 122 114 -35 -29 65 -65 -36 82 -68 96 70 71 73 76 74 106 80 77 -72 -78 -79 -76 85 117 84 -44 86 87 88 89 107 116 101 -3 -12 95 -94 100 -33 -47 127 -38 -7 -75 -6 -64 -45 -58 108 133 -21 -98 112 113 -14 -5 -52 -88 118 -2 -97 -48 -17 -31 -42 125 -109 -90 -73 -96 -104 -11 -116 -56 -25
right_child=1 3 40 9 36 6 8 -9 27 130 11 12 111 -15 -16 121 17 18 19 20 -22 -23 -24 26 25 38 31 62 -30 59 -32 55 33 61 63 -37 68 -39 -40 -41 41 42 44 105 47 46 51 49 -50 -51 115 -53 -54 -55 132 -57 57 58 -60 -61 -62 -63 104 64 -66 -67 67 -69 -70 -71 72 99 -74 102 75 -77 78 79 -80 -81 -82 -83 -84 -85 -86 -87 90 -89 126 -91 -92 -93 94 -95 128 119 110 -99 -100 -101 -102 -103 129 -105 -106 -107 -108 124 -110 -111 -112 -113 -114 -115 131 -117 -118 -119 -120 -121 -122 -123 -124 -125 -126 -127 -128 -129 -130 -131 -132 -133 -134 -135
leaf_value=-0.0244048920540983 0.0073175876375004348 0.061096791914641325 0.041327719075397583 0.037945991509535718 0.059018111789225669 0.0039430819267893 0.056841958543001614 0.047017984354883038 -0.045986352535494088 -0.044228232816200669 0.058915484649955246 0.056294140596632181 0.016667853778550498 -0.044245505825332175 0.061718972992017895 -0.04501770491085335 0.054314792422431729 -0.045553361827359563 -0.040364302587582765 -0.01148606323560579 0.048708074079368856 0.023099652486449563 -0.0093228137935035139 0.017217159651630919 0.061273867687786351 -0.016223209894646956 -0.044564046394987324 0.0029453305884486517 0.039174666227799207 -0.046270233185770948 0.038143458089498851 -0.0023257142635953985 0.056948996656331623 0.0068544766065864807 0.051379974743430951 0.056742083628040396 0.024343547894642069 0.008547759400259744 -0.044561870718585375 0.040993129253799984 -0.045292241553209725 0.017797936283701177 -0.043402124193133607 -0.012716565189534849 -0.044950813253687667 0.042804672552209731 -0.045828315324622358 0.059183735974886909 0.038616151838765947 0.010143812734171836 -0.018942199629396327 0.01992025773371885 0.015583686184432906 0.008474186660365866 0.037636326127916522 -0.025133765239140526 0.022221436617164685 -0.044623122007516808 0.02296570865624481 0.0016800243236525006 0.054671761524712814 -0.044463726271909469 0.018108881598034209 -0.044002684759429832 0.039640690861368691 -0.010965518960927172 0.016488834702366381 0.059860003800510007 0.056487142594416027 0.040259222472572791 0.037530258875409471 -0.044792360318549121 0.041617383806993959 0.064226873561162398 0.00077588833777720689 -0.042331767235361119 -0.045871330632667261 -0.043830718110475453 0.013213115353020145 0.011169479321001707 0.044127615683668596 -0.016748523994071559 -0.0072785488221231362 -0.045431601606594374 0.020326880921044697 0.044861149619014745 -0.045347251789083873 0.049804433865157587 -0.044940656149230006 -0.014772507557523821 0.020792363560493913 -0.045773965225960937 0.0040334585643812502 0.03349108474711051 0.041366001504517587 0.026397653547294765 0.01982576140341577 0.037518881019274856 0.0069848376298922779 0.014564784450788461 -0.017597023284536606 -0.042900432185256736 0.048691619445364077 0.036722478113241627 0.053676095937711193 -0.045939763715798498 0.055062981653925938 0.017222875679987783 -0.012064564692204346 -0.045124829704713085 0.049778301698192175 0.032911501881701805 0.059215750779082518 0.055064481105083038 0.020364071462051467 0.016131726569939248 -0.0093615896844025503 0.013022981780147946 0.048446049373605547 0.054817591364993708 -0.015646105042738837 -0.0087625993150669042 -0.019602613528431463 -0.013272012071933502 0.055705829574222696 0.045715687562475828 -0.0083069122583729442 -0.0081837932144738761 0.056684089034014125 0.02542556028828253 -0.010227690471080202 -0.008878352690298956 0.057031839504218772 0.037637806591311385
leaf_weight=3.2541211396455791 2.6469332724809638 26.299250677227974 4.6330504566431046 3.1834771633148184 28.052155464887619 2.6555253267288235 10.388318479061125 2.0825440138578406 4.9866674542427081 1.8771905601024621 26.335393249988559 3.9362451434135499 4.3745137900114086 3.5701851099729529 4.9481132030487052 2.3568273931741714 12.716266021132467 7.3072918355464953 0.47516699135303397 3.8372784405946714 2.083618089556694 1.9163371324539182 3.8419532477855673 2.1810684055089986 3.0864014625549299 2.4938731044530869 3.5659089833497992 2.880994737148284 4.6743539571762085 9.0175395309925097 3.1746029406785965 3.1420475840568534 4.5559837222099331 3.7616842240095139 4.1599282473325712 9.7777933925390226 2.8150382637977609 2.4124064594507217 1.909314841032028 2.3117178678512573 3.765286147594451 4.1303915679454795 2.5792350918054581 2.0101429820060721 3.3051912039518356 6.107231557369234 4.7288822084665263 4.5191515833139402 4.0001159161329323 3.7322383671998978 2.7143118381500244 3.0316704213619223 2.162810891866684 2.4192080199718475 3.2167868465185192 3.4518359154462805 3.0317513197660446 2.6082858592271796 1.9271282851696012 2.6855479180812827 6.0286213159561148 2.1330063939094535 2.1758469790220243 2.836385577917099 2.3175692856311798 2.0564649701118469 4.3801811039447784 7.0167361944913846 4.5686923265457144 6.9979611635208121 4.0146393030881935 1.8926801830530169 3.7972916066646567 4.3044416308403042 4.4526426941156334 2.1012787818908691 4.2730775773525229 2.3671094179153442 2.192718893289566 3.506278857588768 2.9500371217727732 2.5052864402532569 3.5926126837730399 4.4838260859251005 3.0295954644680023 4.4191493690013877 2.8273737430572505 6.2901807725429526 1.8947055041790011 2.2874234914779654 1.9456179589033125 11.322462528944014 2.7006869912147522 5.1521150022745124 7.6628113090991965 2.8176239877939224 3.0670114755630502 3.1880271881818771 2.6427791267633438 2.1876763701438895 2.3195538967847824 1.6276754438877103 3.5560455471277219 4.927180901169776 6.0515886843204498 7.565092831850051 3.3208842426538423 3.2680239081382751 2.0502901822328568 2.3683828264474869 4.1936746686697006 7.71639560163021 11.579887971282004 6.6561823636293438 3.0396416783332816 2.1647007614374143 1.7906955629587167 4.6100945919752183 5.6704643666744223 3.9613050222396833 2.2416165620088595 1.7893561124801625 2.5048514306545249 2.028084009885788 3.3160161226987839 2.9332059621810895 1.7847853451967299 1.7815314680337904 18.957463368773464 4.7587020099163055 1.8073201477527616 1.8233611583709715 8.5136865526437742 4.0347629487514514
leaf_count=12 8 43 10 7 47 8 18 4 21 8 45 7 12 15 8 10 23 31 2 13 4 5 13 6 5 9 15 9 10 38 7 10 8 11 8 17 7 7 8 5 16 11 11 7 14 13 20 8 9 11 10 8 6 7 7 13 8 11 5 8 11 9 6 12 5 7 12 12 8 15 9 8 8 7 14 9 18 10 6 10 6 9 12 19 8 9 12 12 8 8 5 48 8 12 16 7 8 7 8 6 8 7 7 11 11 32 6 9 7 10 8 18 20 12 8 6 6 13 11 7 8 6 9 7 6 6 6 6 33 12 6 6 15 9
internal_value=0.0233503 0.0269855 0.0186049 0.0344958 0.0294046 0.019506 0.00933883 -0.0262223 0.0281451 0.0282885 0.0294234 0.0369068 0.0288668 0.0158059 0.0220927 0.0154075 0.0102811 0.0224594 0.00872241 0.0262412 -0.0044788 -0.0299831 0.0319815 0.0043168 -0.00824486 0.0161295 0.0110466 0.0151448 -0.00121362 -0.0200088 0.00572243 -0.0105918 0.0225149 0.0162681 0.0264865 0.0364028 0.0478019 -0.0273422 -0.00468313 0.0108103 -0.00116543 -0.00400289 -0.00124945 -0.0207956 0.00430134 -0.00403143 0.00621277 0.0186817 0.00361789 0.036772 0.018207 -0.0119197 -0.023039 -0.0214984 0.047428 0.00204565 0.0200673 0.0167005 -0.0146693 -0.0319984 0.0355449 -0.0111707 0.0327622 0.0141224 -0.00576702 0.0301361 0.0291758 0.0429415 0.0332101 0.0190763 0.0163081 0.0232612 0.00446892 0.0303124 0.0184142 0.00428832 -0.00449917 0.00886663 -0.0250332 -0.0109436 0.0177622 0.0177487 0.019594 -0.0250713 -0.0095889 0.0199986 0.0169046 0.0238375 0.0169069 0.0248651 -0.014358 -0.0370046 0.0527854 0.0544408 0.0468166 0.0316264 0.0240874 0.0172997 0.0312538 -0.00995181 0.00645901 -0.0146105 0.045297 0.0554692 0.0438597 -0.0384779 0.0381412 0.030287 0.0197069 -0.0239647 0.0367759 0.0453454 0.0498116 0.0399514 0.0214878 -0.00282822 -0.0307342 0.0270497 0.034996 0.0426786 -0.0357228 -0.027643 -0.040255 -0.0328809 0.0396324 0.0310299 -0.0257185 -0.0264334 0.0521912 0.0358551 -0.0258377 0.00977052 0.0514715 0.0301047
internal_weight=596.899 467.15 220.733 246.417 142.738 92.7952 51.2584 17.6882 33.5702 184.018 180.334 100.236 68.7487 38.4217 34.8516 29.9035 129.749 42.4348 29.7185 20.4949 8.28928 9.22363 41.5368 87.3144 30.438 9.80131 56.8764 23.1819 12.0734 20.6367 6.42872 13.3478 25.7573 21.821 15.9263 37.6948 49.9433 7.39907 6.71491 4.80559 77.9946 68.4826 62.6892 13.7056 48.9836 31.0076 20.915 17.9759 9.72452 8.25139 9.51206 12.165 9.13331 5.7244 12.2056 9.78191 80.0973 66.0222 4.53541 14.2079 14.0751 5.89469 11.1084 11.3703 5.15395 6.21639 27.917 11.3969 16.964 61.4867 54.4888 34.3377 20.1511 28.4758 15.8566 9.50396 16.3538 9.88803 6.4658 5.87339 7.40268 43.5286 16.5201 10.0927 5.60883 41.0233 36.6041 30.0405 23.7503 20.0708 6.56369 15.6057 62.3991 31.4875 36.0999 9.47962 12.3953 6.33007 8.75001 5.86189 5.13459 4.2832 12.6192 32.9793 8.22744 9.57524 6.35264 17.7834 8.26612 6.20566 7.26069 30.327 22.6106 11.0307 8.04648 4.87901 4.61807 12.9275 8.3174 6.77893 6.9705 4.14618 11.5224 5.79337 9.51725 6.20123 3.67949 3.67421 26.6203 8.31475 3.68451 4.863 11.7305 6.21583
internal_count=1533 1159 593 566 344 247 149 67 82 452 438 225 168 106 91 83 374 110 87 51 27 36 98 264 101 27 163 64 38 74 19 45 67 60 40 85 97 28 22 14 249 223 200 50 150 101 63 49 30 19 26 42 34 21 24 30 213 181 16 55 32 20 26 32 17 15 68 24 39 165 150 89 61 69 43 29 53 29 24 20 20 118 44 38 19 109 100 77 65 51 23 63 114 57 71 22 31 17 21 20 15 15 26 58 17 39 14 43 22 23 16 62 44 24 21 16 18 32 19 14 28 16 47 23 21 15 14 14 49 19 14 14 22 15
is_linear=0
shrinkage=0.0283043


Tree=5
num_leaves=137
num_cat=0
split_feature=10 13 13 13 13 10 10 10 13 2 2 2 14 0 0 2 2 11 19 2 14 14 13 13 13 19 0 0 11 0 14 11 2 0 11 0 10 14 13 2 13 19 19 13 0 14 0 11 0 14 11 19 2 2 14 0 0 0 0 0 19 0 11 10 0 14 14 14 19 19 0 13 2 0 0 2 10 19 14 14 0 2 14 13 2 14 10 0 0 0 10 0 19 14 14 2 13 0 14 14 0 14 10 19 19 14 14 0 13 2 19 11 2 11 2 2 19 0 14 14 0 11 0 13 2 0 0 0 0 2 2 2 13 13 13 2
split_gain=48.1479 37.0832 34.2428 31.2691 27.2513 21.9596 29.4342 17.7399 12.2224 12.1687 28.9452 20.9779 12.8336 12.1224 11.9673 11.4187 15.7487 10.8761 10.6396 9.76882 9.06865 8.27702 7.9787 7.84736 14.3291 7.84055 7.42459 9.18521 7.31747 7.1032 6.88037 6.65786 6.52783 6.25132 5.93483 5.67309 5.63893 5.61543 8.40383 7.73219 5.44641 5.40593 10.5126 10.1717 5.31152 7.33335 7.06111 5.18982 5.16298 5.71331 4.94818 9.97008 4.88187 4.86091 4.58648 5.12851 4.51825 9.14733 7.03264 7.65674 4.59429 4.3986 4.36481 5.62511 4.11238 4.03398 4.04079 5.41562 4.89704 3.7432 3.65955 3.59085 3.46837 6.87049 4.95482 3.26331 3.24263 3.75745 3.14184 13.4716 3.57045 3.10418 3.10263 3.06706 3.57537 3.02466 4.91811 4.30068 2.9408 2.88136 2.68159 2.57524 2.47814 4.90865 2.47407 2.33982 4.83205 2.32684 3.19714 2.25419 2.23122 2.14668 2.10153 2.02576 2.00618 2.75835 1.94614 1.91048 1.9026 1.79138 1.77896 1.77282 1.75333 1.74937 1.65865 1.65588 2.69205 1.58791 1.58316 2.74631 1.49159 1.46974 1.40078 1.35963 1.32716 1.8014 1.29766 1.27947 1.18631 1.11988 1.07004 2.77177 1.05481 0.938226 0.932763 0.829958
threshold=1.0625671477719278 0.2022968878706681 0.37691557944787563 -0.48742083761836419 1.0185520211888746 1.4349317079556274 2.6698846845360671 1.0000000180025095e-35 0.29160771213116088 0.15773470574558116 0.43938994196173803 1.1496018064288116 1.2877828579327562 -0.19967162806078947 0.63402601756680166 0.23467694742714729 0.37572606592794539 0.38780894476011635 1.8667146939207657 1.2598507124261704 -0.11200445490901176 0.38079807157415763 0.4264807968913143 2.8037700571839212 1.4314245116394584 1.8100857001100239 -0.042741856105962379 -0.17530456004765996 0.35068555653815009 0.7486097767312444 0.30189091156907472 0.40239512433185926 0.36227283154907747 1.3287142965140866 -0.082104679837491826 -0.35545987971229881 1.0294283519800993 0.30023840560038195 0.26637167922473443 0.27641228458169365 0.12768799929613331 0.41165917741782071 0.5664116209221598 1.2480945796651504 1.4540034672410542 -1.0000000180025095e-35 0.55906618431560107 0.33192871094207094 0.65693691544941679 1.5030332360908913 -0.10925861504941378 0.53351253057654835 -0.049135003139174717 1.8510352605949423 1.2773055110618079 -0.71525829839265176 -0.26238938780269111 1.0000000180025095e-35 0.66596663374617415 1.7300684446979113 0.56106790966326148 -0.10612550269146605 0.40498227544855975 1.1787763792805133 -0.18221222137030094 0.3245899171668139 0.077827168244577638 0.28052309133500491 0.44594500267625597 1.7177482822940708 0.81568872942684723 1.3163372094847063 0.48694257890402709 -0.35545987971229881 -0.22212152735937243 -0.207962442634577 1.1549535727621139 0.46619611424800961 0.4385324988553635 0.35036441998406459 0.60237078146325873 0.38091383828374786 0.34252649236866745 0.33723409322259829 1.4880777223352639 0.25962577627257688 1.18102802982446 -0.055825434967066115 -0.13325856220878854 1.4724360931644995 1.3036656376951532 -0.51912901191940575 0.53914315250706546 0.28420680255688269 0.35340548999589522 0.60475747200007357 1.1573547822164898 -0.21858720488179237 0.024751889736213974 2.3231352259982856 -0.20652806731853793 0.37837669130058688 1.7176771388558241 0.20956647309639528 0.15769541458999697 0.50565407809761631 0.3972657525816175 -0.071909163343299901 0.29560150899039933 0.26358857763476601 0.48913701336618853 0.28750108142079928 0.16371521634901207 1.6533495983371869 1.6315983189021974 0.30753891871650907 0.57831841379433613 2.0336689407533899 0.27625411758254853 1.1178731122906302 -0.32241433041881751 2.2757936236857881 0.029195875316582905 1.0000000180025095e-35 0.044466399657990992 -0.32466078383624414 0.54105065234913707 -0.090832057602144606 -0.33238799819716452 1.5760949836528133 0.3101969234291449 0.27280998872114764 0.0729564941723954 0.78687516301488647 0.088794280341256124 -0.085950699992263443
decision_type=2 2 2 2 2 2 2 2 2 2 2 2 2 2 2 2 2 2 2 2 2 2 2 2 2 2 2 2 2 2 2 2 2 2 2 2 2 2 2 2 2 2 2 2 2 2 2 2 2 2 2 2 2 2 2 2 2 2 2 2 2 2 2 2 2 2 2 2 2 2 2 2 2 2 2 2 2 2 2 2 2 2 2 2 2 2 2 2 2 2 2 2 2 2 2 2 2 2 2 2 2 2 2 2 2 2 2 2 2 2 2 2 2 2 2 2 2 2 2 2 2 2 2 2 2 2 2 2 2 2 2 2 2 2 2 2
left_child=1 3 15 7 22 8 75 9 37 20 13 104 14 32 26 17 109 18 48 40 52 107 70 24 41 29 27 65 30 -10 34 44 92 83 81 -25 97 38 85 62 122 43 -43 47 45 69 82 95 49 61 51 78 56 -16 55 -42 111 60 -59 89 127 64 63 76 101 66 68 -68 114 130 -4 -45 73 -26 -75 102 77 -39 79 80 -22 -8 -47 84 -18 86 -2 115 -41 -60 -89 118 -11 -94 -66 96 -6 98 -9 120 -37 -3 -7 -93 105 -12 -65 -19 -86 -17 -32 -1 -56 -33 -13 -88 -117 -50 -52 -120 -80 -113 134 -124 125 -24 -122 -58 -21 -28 131 -15 -125 -127 -5 -99
right_child=5 2 4 19 23 6 28 36 25 10 11 12 -14 31 53 16 33 21 -20 128 50 -23 124 35 72 -27 129 -29 -30 -31 110 113 -34 -35 -36 100 -38 39 -40 88 54 42 -44 71 -46 46 -48 -49 117 -51 91 -53 -54 -55 112 -57 57 58 59 -61 -62 -63 -64 106 94 -67 67 -69 -70 -71 -72 -73 -74 74 -76 -77 -78 -79 99 -81 -82 -83 -84 -85 108 -87 87 90 -90 -91 -92 103 93 -95 -96 -97 -98 135 -100 -101 -102 -103 -104 -105 -106 -107 -108 -109 -110 -111 -112 121 -114 -115 -116 116 -118 -119 119 -121 126 -123 123 132 -126 133 -128 -129 -130 -131 -132 -133 -134 -135 -136 -137
leaf_value=0.041682385968623635 0.011248924111772991 0.041741141532351131 0.029990109174196845 0.057755944600768418 0.025225260410002989 0.016303939170281168 -0.022258138180327076 0.02124293215398276 -0.045357625072043994 -0.045663355631096671 0.02319112124971176 0.055675028404618146 -0.044173269822236336 0.039492527792745126 -0.045238875743568198 -0.018102491968839785 0.0073876707436971029 -0.044912627500568195 -0.041945476708474594 0.017253511170576059 0.018684597364575613 0.019625290727164589 0.032942577646480051 0.014838596355320118 -0.0042437498934615554 0.022899168385075542 0.039637178097228255 -0.015775186759405466 -0.044590319468884233 0.0047079526265972529 -0.044507865723367269 -0.044997976339146782 0.020410229837294631 0.04764460231168785 0.038867405232927935 -0.045853835200358614 0.01772744716195794 -0.024697137296758351 0.032892328389929983 0.047446681153660721 0.015363097065469617 -0.044701547292061529 0.016082227224104607 -0.044503942076685177 -0.020801210394176806 -0.04381870518087317 0.027526888667359549 0.055909704175621661 -0.011919326367167285 -0.013197334540210695 0.045624516812133101 -0.020747490377879842 0.043251066228538491 0.007682617897615724 0.024605241199818939 0.053985052525062679 -0.045591668655180093 0.047275397610308266 -0.0022814776407999882 0.026735090087749314 0.014966583124889675 0.047891189296411375 0.033058621108129134 -0.045037503837965481 -0.017844120592404061 0.059699205794947835 -0.021563334628785794 0.031717467375611041 0.0017833724090707789 -0.0062466545935005646 -0.012026325393233754 0.00025638787130552454 0.055465119392331501 0.060234558718533324 0.022054388281082204 0.056102954213791828 0.027208893015311018 0.022409805802300467 0.028009929252187551 -0.043453979968095101 0.054306500804891307 0.021073950086907319 -0.0036383011211793431 0.020458685556162422 -0.044382226294206607 -0.043952023158255055 -0.044727120228909303 -0.019468223995520201 0.011598934647410176 -0.044376593536452548 0.016813501992810464 0.042895368122766661 -0.044326972379182039 0.0091167991953414011 0.022096810950310145 0.039600409066839592 -0.019788104999737651 0.04627593694788884 0.052053540983869662 0.023862792703661238 -0.0081435537356741913 0.01191551264399532 0.045936280016559583 0.059243627479385406 0.057141539427144547 0.053942701232846064 -0.0093567425976018616 -0.013311570078552888 -0.0083463652132659879 -0.044774150225511067 -0.0082904177440664556 0.013577877934790664 -0.0063845419682838894 -0.0083431434323240818 0.032424210160052105 -0.0055187012606720091 -0.044485306226146173 0.01667975019644849 0.0082013440679604855 0.042738422001953359 0.058391057376580485 0.038832133004157041 0.056061404149215129 0.035748166169599381 0.05675583747319924 0.059742875752199588 0.039765721418002657 -0.01846228989305073 -0.0097498131887944935 0.060364199793301661 0.044421690982976297 0.006037675832736511 0.049723009518912079 0.043255149549458069 0.047203028425372412 0.060821100947182474
leaf_weight=5.2972483336925498 5.8817105293274023 6.1315929144620949 5.3483351469039908 31.269880473613739 4.7349096983671242 3.2833551317453411 2.9773861467838287 3.9447827786207252 10.549768358469008 5.6661307364702207 3.9096406847238558 3.9550434947013908 2.3881272226572028 5.5095942914485985 2.6180433779954901 2.2770900726318386 3.740071699023245 4.6666792184114456 2.0972369313240042 3.0799801349639893 4.1560992449522072 3.0305355787277222 5.8325906395912162 3.2610367685556412 3.3621170073747644 1.9169823080301274 3.185336813330653 4.5661587417125693 2.8407984226942053 2.627036288380622 2.111556157469749 1.8943686932325356 1.9403094947338093 2.0943417698144904 4.6825031042099017 3.090355709195137 4.3499227166175833 3.2349428832530993 3.393726557493209 5.0315578430891037 3.3066421300172815 4.2392669022083265 4.3361075967550278 2.3647456914186469 2.9597388207912436 2.5617682486772555 3.6470525711774826 3.3101846724748603 4.0538045912981024 2.2654051482677451 3.5883243232965452 2.7799667418003073 5.9360594153404227 2.4224512279033661 4.7603069245815268 10.658494859933853 2.6049304008483887 5.0245877206325558 3.1031776964664441 7.333010271191597 2.1737765222787857 7.9448654949665114 2.5498365461826316 2.8232998251914969 2.5034614503383645 2.4852673411369315 2.9716252982616416 2.5601572841405869 2.9026944488286963 1.8021473288536061 2.0557545572519302 2.8890684098005295 5.2082071006298056 4.9776774048805237 5.0001045763492584 11.690178349614142 3.6536348909139633 1.937964081764221 2.7949090898037019 1.9166306406259526 3.9628689885139465 1.9544987231492994 3.1262176930904388 3.0180475115776053 2.564687505364418 2.1137825250625601 3.7381026893854177 2.716016963124269 2.4223311096429816 1.888258561491966 3.2497842907905579 18.683837980031971 2.5872437208890915 2.4030299931764603 1.9449063390493391 2.3285863846540451 2.7453436553478241 3.5979047417640748 6.7116663157939911 4.7938808947801581 1.7787259370088557 2.4132785201072693 3.5888460874557495 8.2883305549621564 14.170784801244734 4.604704886674881 1.7982268780469892 2.0170329213142377 1.7781051248311994 9.5203947871923429 1.7741259932518003 5.6818148940801603 1.7948727458715437 1.7846503406763075 5.1419903934001923 3.3307231366634369 2.1165731698274612 2.1603693068027496 3.7588251382112503 2.9668700844049454 6.4313728660345024 2.3387802690267563 8.360680043697359 8.8253548443317431 14.813367694616316 5.611085772514345 4.6864023357629776 2.4871653020381954 1.8309710919857014 4.3552232384681702 5.2485242038965216 2.6623474359512329 7.5853146165609351 4.4626630395650864 7.8311012983322135 13.068071544170374
leaf_count=11 17 13 13 52 12 9 11 10 45 24 10 7 10 12 11 8 11 20 9 8 11 8 13 9 11 5 7 16 12 8 9 8 5 4 10 13 12 12 8 10 9 18 12 10 11 11 9 6 14 8 7 10 12 7 12 19 11 10 10 18 6 16 6 12 9 4 11 6 9 6 7 9 9 8 13 20 9 5 7 8 7 5 10 8 11 9 16 10 7 8 9 38 11 7 5 5 10 7 12 12 6 7 7 14 24 8 6 7 6 41 6 16 6 6 12 11 9 6 11 6 11 5 14 19 25 9 10 9 6 7 11 8 14 9 15 21
internal_value=0.0226611 0.0262608 0.0149451 0.0315281 0.0261063 0.00476891 0.0227683 0.0264065 -0.00495248 0.0235379 0.0166641 0.0290233 0.016673 -0.000907733 0.0206842 -0.000541257 -0.015594 0.00853709 0.0166009 0.0458761 0.0300004 -0.0172448 0.0443194 0.013164 0.0176827 -0.0271289 0.0270292 0.0195917 -0.00456535 -0.0350194 0.0037454 0.00844391 -0.0241002 0.00537284 0.0164511 -0.0119791 0.0460924 0.00174356 -0.0070979 0.0117967 0.0481665 0.00460309 -0.0137655 0.0131018 0.0132407 0.0175621 -0.00188287 0.0263451 0.0210132 0.0271279 0.0364039 0.0282251 0.0199971 -0.0188695 0.0356347 0.0445173 0.0162375 0.00907706 0.0201075 0.00884085 -0.0169131 0.0317602 0.000880892 -0.00560876 0.0217911 0.027714 0.0230587 0.00349969 0.0320757 0.0295385 0.0188414 -0.0190938 0.0366596 0.0293003 0.0407465 0.0469803 0.00733061 -0.00639746 0.0330886 0.0205819 0.0358975 -0.00402385 -0.021342 -0.00278843 -0.0118314 -0.0132178 -0.010029 -0.0184703 0.0352081 -0.0174094 -0.000200062 0.0433633 -0.0330172 -0.0189085 0.000216126 0.0163797 0.00863561 0.0509279 0.0408469 0.0399 -0.0314058 0.0328591 0.0321467 0.0479534 0.050561 0.0401416 -0.0303389 -0.034871 -0.0290323 -0.0391526 -0.0270441 0.0292726 0.0165141 -0.0261233 0.0422056 -0.030516 -0.0209405 -0.00134924 0.031547 0.0234853 0.0456522 0.0212832 0.0522328 0.0470395 0.0507328 0.0451838 0.0502711 -0.0319631 0.00948853 0.0511234 0.0347749 0.0285945 0.0423307 0.052136 0.0555631 0.0574627
internal_weight=597.645 497.656 157.972 339.683 91.7502 99.9892 34.9032 250.38 65.086 218.708 106.03 62.2372 39.5521 43.7931 37.164 66.2219 24.9927 41.2292 31.5149 89.3036 112.677 9.71425 38.1238 53.6264 45.4963 15.0938 32.1235 24.5829 16.3409 13.1768 13.5001 31.1964 12.5967 13.1953 9.61439 8.13012 31.6723 49.9922 26.5404 23.4518 84.3926 26.9482 8.57537 18.3728 27.5174 24.5577 9.33504 13.119 29.4177 23.2035 68.8083 31.5221 43.8688 5.04049 20.5203 13.9651 37.9327 24.6149 17.349 12.3244 7.26587 20.9381 15.9979 13.4481 12.9932 20.0168 17.5315 5.53178 11.9997 15.2226 7.40409 5.25381 18.5481 13.3399 9.97778 18.5624 8.82654 5.17291 28.7422 10.0356 8.11897 4.93188 5.68799 11.1009 8.08286 23.1467 21.0329 15.1512 7.45389 4.99144 5.9658 37.2862 10.6564 4.99027 4.44837 9.80884 7.48025 27.3224 10.6564 18.7066 4.86908 8.54487 6.8722 26.9722 22.6851 8.51435 4.62153 6.68371 4.34279 11.7975 3.88568 13.3178 6.55518 3.67902 9.09703 9.1854 5.4473 6.21417 10.314 6.7257 13.9127 8.0206 63.8723 24.7713 30.7197 15.9063 11.1178 5.0921 4.91095 7.54056 13.4205 8.17194 16.4107 10.0737 39.101 16.666
internal_count=1533 1230 438 792 227 303 89 618 214 556 288 149 107 139 97 211 89 122 87 174 268 35 76 151 123 58 79 65 53 53 41 92 47 40 26 28 62 156 89 67 160 82 30 52 78 67 30 33 78 58 152 76 116 18 46 28 104 72 46 36 26 50 50 44 34 49 45 17 28 37 20 19 41 32 21 36 26 17 66 26 18 16 21 36 28 81 72 55 17 18 19 76 42 18 14 27 22 50 22 40 19 20 16 52 42 18 18 27 17 49 15 32 18 14 19 36 20 20 24 17 28 21 114 47 56 31 21 20 14 14 31 20 33 18 67 28
is_linear=0
shrinkage=0.0283043


Tree=6
num_leaves=144
num_cat=0
split_feature=9 9 9 9 1 1 1 5 5 5 5 3 3 5 3 9 22 11 3 5 9 3 9 22 11 11 5 15 15 3 9 15 9 11 3 11 15 15 5 15 3 22 11 22 3 15 3 1 3 3 9 22 22 9 3 5 5 15 3 22 9 9 1 15 3 22 22 22 5 22 9 9 22 15 15 11 11 11 15 5 11 22 9 5 22 9 22 5 22 5 9 22 22 3 5 11 22 1 11 9 5 9 15 3 15 9 9 5 15 22 11 5 11 15 22 22 22 5 9 22 9 22 22 22 3 11 22 22 9 9 22 15 9 5 9 5 9 15 11 9 9 22 9
split_gain=30.6038 55.4359 42.7112 35.6258 14.8205 12.9246 11.801 11.2192 43.0538 16.1953 15.8773 11.0171 17.2433 17.2708 12.449 11.9925 16.5474 13.6754 10.602 10.307 10.5472 9.91813 8.78012 8.04936 8.6507 8.73009 7.76819 7.75288 10.0208 10.5558 7.46636 7.42776 7.39028 10.2518 7.27673 6.95821 6.45703 7.0381 6.06679 5.78515 5.57619 6.25911 7.36345 5.36784 5.31643 6.40805 6.55887 5.09279 5.07103 12.6546 8.41631 16.9289 10.7947 9.26755 6.31303 5.94949 7.0292 5.91257 5.71641 5.14038 4.77343 6.59207 4.50839 4.50109 4.36015 4.28885 4.12991 4.08951 8.38598 4.07608 3.92182 3.6514 3.63961 3.48535 7.21292 3.35578 3.60516 3.30908 3.77226 4.16394 7.354 6.52304 7.27715 6.24942 3.17955 3.88318 3.64414 3.1033 3.08109 3.00712 3.00464 2.73156 5.24494 2.63469 2.59835 3.42017 2.58546 2.48976 2.44414 3.12301 8.05707 2.74708 2.28002 2.21863 2.20975 2.18758 2.0639 2.05698 2.65851 2.04825 2.0323 1.92342 1.83629 2.78415 2.38619 2.23902 1.79737 1.78565 1.76847 1.6436 1.611 1.60492 1.57148 2.02446 1.54646 1.50721 1.46684 1.37734 1.34355 1.5023 1.31782 1.2713 1.20804 1.53473 1.72011 1.14316 1.07373 0.960024 0.937351 0.889116 2.55931 0.881572 0.844991
threshold=-0.24549056787409837 -0.45711390748238656 0.13358667300522117 -1.052135930315423 3.2503720758223493 3.4216387290493588 2.1098930808282521 -0.08222212989567329 0.14864732684774806 0.80940042859547845 -0.49933952769407042 0.21955847131430425 -0.016103582827064606 0.93579091820571703 0.96113126235674995 0.59033845769924842 -1.6299805574680628 1.5677394297039531 1.2732484878513084 0.047770762562488099 1.9229264331056117 0.10430912421456146 0.51560854310702442 -0.057568591113864621 2.1159924361757914 0.2490506631001804 1.233174844027795 -0.034646643627594322 1.6289841860140926 -0.27911962017199737 -0.55662645828762269 0.88472476211603579 0.44722151902917778 0.26830932680079206 0.19199755956345085 0.2332935746178619 -0.087381244507490116 0.85104240792174668 1.0312267400454032 -0.10888498011292445 -0.30449300156579334 0.91511490444724009 0.38949282328865853 0.15062507846469689 0.067603941421594385 -0.034646643627594322 -0.15400667898480233 1.4445213288047112 1.0221357688456785 0.19199755956345085 -0.34541695846195392 0.60023658782721889 -0.42217583442323103 -0.31425959790513208 0.16617090611368809 -0.08222212989567329 0.91872592739519632 -0.095713153794493092 1.2732484878513084 -0.62717349624334029 1.0883787191669134 1.2801059153800407 1.0153628039231297 -0.020394900968274236 0.10849696386208112 -0.95485969470133669 -0.092748527261003202 -0.17947005121422246 1.6770224423395157 -0.42217583442323103 0.42862260418338144 1.3226120361294622 -0.7698013051653011 0.045550939235194828 -0.096572357306587045 0.31231319881156971 1.4965816224812534 1.3468725546290765 0.79544642286854694 -0.050970356735601061 0.32780265097147093 0.31529103043747553 -0.36814631267658554 0.8236057800318749 0.69220528869729958 1.1986272289481783 1.1397179272930773 -0.1952614460643837 -2.1977012490683019 0.87532068689509612 -0.41167111596783929 0.4727540395516539 -0.16780700797628947 0.19199755956345085 -0.0056896384641594569 0.28909574784186892 -1.6679033360944702 1.0000000180025095e-35 0.30189768526416311 0.32756611265068086 0.28274398749864621 0.41873820014466562 0.86434823845766051 -0.077630337554389681 -0.11597932103847096 0.51560854310702442 0.3077177199996684 -0.028074672655762026 -0.073492101495475706 -0.24393877487911539 0.31231319881156971 2.0324719027257916 -0.10925861504941378 0.15389729037034702 0.8451843466279777 -0.84440662060140348 0.40733128372005895 -0.20254981265103159 0.63009095220277966 0.40733128372005895 -0.081275758747799312 -0.92225564540429328 -0.2150316002280426 -0.84440662060140348 1.1888807629993934 0.26360338813162121 -1.0599940394719056 -0.039537383163194842 0.021316715055007766 -0.0097133101840849983 -0.19206327581468993 -1.0000000180025095e-35 -0.59488276280783781 -0.21202933148538505 -0.5715167320045611 -0.0013073339687483222 -0.3864109723133432 -0.18114478374012991 0.93486873929451131 -0.48125190864939565 -0.49906293621674352 -0.19206327581468993 0.062477856510916488
decision_type=2 2 2 2 2 2 2 2 2 2 2 2 2 2 2 2 2 2 2 2 2 2 2 2 2 2 2 2 2 2 2 2 2 2 2 2 2 2 2 2 2 2 2 2 2 2 2 2 2 2 2 2 2 2 2 2 2 2 2 2 2 2 2 2 2 2 2 2 2 2 2 2 2 2 2 2 2 2 2 2 2 2 2 2 2 2 2 2 2 2 2 2 2 2 2 2 2 2 2 2 2 2 2 2 2 2 2 2 2 2 2 2 2 2 2 2 2 2 2 2 2 2 2 2 2 2 2 2 2 2 2 2 2 2 2 2 2 2 2 2 2 2 2
left_child=1 3 62 7 6 48 11 10 39 141 23 12 13 15 96 17 -17 27 32 20 36 40 89 24 25 47 -23 69 29 70 132 35 94 66 44 67 75 84 71 43 41 42 91 64 45 46 -25 93 49 50 51 59 54 63 -52 57 -57 -53 107 65 117 119 88 -54 -9 -3 -34 68 126 -4 -29 -24 -20 74 118 -14 -77 78 79 80 -61 82 135 -83 85 105 -86 -32 -2 -21 -51 92 121 103 95 -16 -13 139 99 -71 101 -101 -65 -1 -36 -38 -98 108 -50 -27 -45 -28 113 114 -63 -115 -42 137 -74 -62 -90 -11 123 -12 -35 -114 -15 -119 129 -122 -19 -60 -5 134 -134 -81 -58 -18 -127 140 -89 -10 -130
right_child=2 5 4 30 -6 -7 -8 8 9 21 122 14 19 31 18 16 60 130 72 22 -22 26 38 34 -26 109 111 28 -30 -31 87 -33 33 124 104 -37 37 -39 -40 -41 116 -43 -44 110 -46 -47 -48 -49 58 90 52 55 53 -55 -56 56 136 -59 131 77 61 112 -64 102 -66 -67 -68 -69 -70 98 -72 -73 73 -75 -76 76 -78 -79 -80 81 -82 83 -84 -85 86 -87 -88 97 120 -91 -92 -93 -94 -95 -96 -97 106 -99 -100 100 -102 -103 -104 -105 -106 -107 -108 -109 -110 -111 -112 -113 125 115 -116 -117 -118 127 -120 -121 128 -123 -124 -125 -126 138 -128 -129 142 -131 -132 -133 133 -135 -136 -137 -138 -139 -140 -141 -142 -143 -144
leaf_value=-0.0017623478202000822 -0.042956448965308244 0.050438980756226819 0.0070944334277374494 0.056857256265922376 -0.041084412206949396 0.059726427011242401 0.059529635829953138 0.031991274918131585 0.041388015010324193 -0.0089842466497850083 0.052653893029026164 -0.039237625177575189 -0.045934068485032176 -0.044921095803243438 0.031433970057914276 -0.014526253460516784 0.046770683557316721 -0.044844419943245194 0.011978746506542464 0.055911036632522289 0.030130025159134963 -0.044428103534035063 -0.0041782211963321547 -0.02320725452368981 0.041166994120100296 -0.045314219787406865 0.023713645225118991 -0.0043911074341423592 0.050912551912489515 0.032942686280069897 0.011073883951999777 -0.044887344928707641 -0.0033145039589741626 0.012739373846806096 0.060601884393107354 -0.042382030386933341 0.016559912591147401 -0.042787809970901237 -0.042631103671810514 -0.044529547704961439 0.053637840302945002 0.040751757131474504 -0.04314826038513208 -0.044370849966271553 -0.019759898068858011 0.048797160012110957 0.036496865337504812 0.046619839951248757 -0.0038435992569696435 0.01372446994720967 -0.044837732343501573 -0.023402832611101876 0.0082811225999752675 0.036388994640025832 0.0012872419943489575 -0.044991804951358197 0.01070026767021242 0.026969193538166503 -0.0040457353801145882 -0.044168070438604122 0.016611372491112324 0.0043827522004728416 0.02661087888893553 -0.045190159238909698 -0.017606112403285218 0.013761452410729564 -0.045208085522024918 0.035888963090004167 0.031691631018660772 0.047068125915186811 -0.045160362332105131 0.039494020708037821 0.036441017946598507 0.060159183045525116 -0.0015409899744960962 0.0083014383919692951 -0.042829891326726294 -0.019869629638001027 0.039067638415097333 0.059501298773594724 0.015542190990065657 -0.043229954384144363 -0.013843623489408022 0.021551696335430783 0.0067144423670968106 -0.014189746535013682 -0.044298500629616253 0.023829920722961973 0.058713484424161889 0.025189096633432235 0.046402399092678848 -0.014393574391285455 0.044522046877685434 -0.015548594704010781 0.047059395351374052 -0.010698679836101309 0.031774627327396922 0.053270882857878087 0.055226975777983696 -0.019687868183818451 0.058447358845433423 0.021822674646019294 -0.007362614582185764 0.031854283047355235 0.03511146404843573 0.04979587269247699 0.054475179943379783 -0.045060147146241021 -0.042925396404503893 -0.010531182278253833 -0.0095041808581997449 -0.010287642756848169 0.055030908079740863 0.055133596872024113 0.035612735584412844 0.028467516956299548 0.0288020810875678 0.046879891513877912 0.058626840111304264 -0.013573023076054732 0.048059816630475732 0.021083039037676807 0.056491325015722738 0.025209140096971699 0.040814180353383835 0.028649952376102558 -0.011449111258414281 0.022920620859441052 0.059233052018241972 0.029053172899539202 -0.015348354941590881 0.02313890318708026 0.023814211197068884 0.053300551263915377 0.050110171534583553 0.03551402181390631 -0.014914574406260993 0.059625340493825223 0.045639526711109123 0.017796047520325521 0.049336176845355934 0.056514654691575433 0.047635201282781814
leaf_weight=3.1191898882389095 0.2431633472442617 4.8208128064870834 3.7792968600988379 17.113715380430222 2.5559389740228644 2.4714049696922293 6.8507597446441642 2.5537173300981539 4.486120417714119 3.6181492209434483 3.9831814467906961 0.23144723474979656 5.4429217875003868 1.8844469338655452 4.2832955420017242 4.5541821271181098 7.8286426514387193 2.3377384096384048 3.5093954503536251 4.5766270607709902 5.1669642329215995 3.5313598811626417 3.3388726562261573 3.0078015625476828 3.8016312271356574 3.7635570764541626 2.8054676055908203 3.1286427080631247 2.7119184285402289 3.2213361114263526 4.6505418121814754 2.6188999712467185 3.1162034869194031 3.4938534945249557 4.3469244241714478 1.8681644052267063 4.3533103168010694 2.5599063187837592 1.8664320260286329 8.5812125951051694 3.9735260009765643 4.4779306054115287 2.112435743212699 3.7128200829029083 2.7357984632253638 4.1951370239257839 2.3467549830675125 2.1001574248075476 3.2902041077613822 3.4834273457527161 10.241733655333521 3.2121841311454773 3.7091383635997763 4.0237356424331727 2.8505223393440238 8.1680582314729673 2.3965559005737305 3.6514603346586254 3.3362602442502975 2.8228047937154797 3.073489621281623 3.9961008876562074 5.4480262398719779 3.2888796329498282 2.4882795512676239 4.5862337946891731 3.9951955229043943 4.043913871049881 3.4117544740438461 5.6971827596426063 3.9989823400974274 2.3278288096189499 6.4154417216777819 5.5949679613113394 3.1266551911830893 2.4207946956157684 1.6275322139263151 2.7420118898153296 3.156111627817153 1.8678153157234181 3.255202904343605 2.3241251558065406 2.2714678049087551 1.9434747099876402 2.4373293817043296 2.2525774836540222 1.6624132990837095 7.4378903657197979 20.60435676574707 4.7543230056762695 5.0375940203666669 2.2543985843658438 3.5970853418111846 4.3385729193687439 3.5721794962883013 2.0261698067188263 3.4536344110965755 4.6084140539169303 4.5803721249103537 2.7266601324081421 2.4891006946563721 1.9371679127216337 1.7631021440029142 2.561964854598048 5.778685122728346 2.0845437198877335 18.404957085847855 4.2147296369075766 2.0697079598903656 1.8098032623529423 1.7870286554098127 2.0194255113601685 6.4863455742597678 4.5868672877550125 3.213237464427948 4.535868361592291 4.5102671384811401 4.2275676727294922 4.3679771423339844 2.2349186539649963 10.352926582098005 1.9569289982318876 8.975210949778555 3.7115276902914065 2.3157145380973816 4.5214719623327237 1.8130648434162142 2.8521203100681296 9.9822341203689593 4.3491928726434699 2.0485997945070258 1.9373109489679325 3.725210577249527 9.8545923680067045 3.369799658656123 5.7680587917566299 2.2614401280879965 9.9716643095016462 5.0473687499761581 3.0824115425348273 4.8367063701152793 7.7120262682437879 9.0983454138040525
leaf_count=10 1 9 11 28 11 4 11 6 9 12 7 1 23 8 10 16 15 10 10 8 12 15 11 11 8 16 7 10 5 7 13 11 10 10 7 8 12 11 8 37 7 9 9 16 10 8 5 4 11 10 44 12 11 9 9 35 7 9 11 12 8 12 13 14 9 13 17 9 8 11 17 5 14 9 10 7 7 10 7 3 9 10 8 5 7 8 7 18 33 12 10 8 7 15 7 7 8 8 8 10 4 5 6 6 13 4 32 18 9 6 6 7 11 8 7 11 11 8 7 8 19 5 15 9 5 11 6 7 16 10 7 5 9 17 6 13 8 16 10 8 9 13 17
internal_value=0.0220017 0.0154596 0.02826 0.0248063 0.0230354 -0.000747519 0.0237446 0.0163867 0.0083375 0.022823 0.0251483 0.0226835 0.0188041 0.0244203 0.0322798 0.0285258 0.0357439 0.0160383 0.0239274 0.00427215 -0.0056779 0.0130972 0.0217754 0.0162891 0.00399532 -0.0043818 -0.0134099 0.0219696 0.00501826 -0.00766026 0.0429871 -0.0030517 0.0103228 -0.00371102 0.0280388 0.00532211 -0.0133424 -0.00212924 -0.000392394 -0.0271781 0.0214685 0.0127225 0.0031479 -0.0136213 0.0137532 0.0232586 0.00382709 0.00884415 -0.00228476 0.000246578 -0.00318975 0.00302698 -0.0164408 0.00180701 -0.0343903 -0.0178451 -0.0292944 0.00272073 -0.0174675 0.0146529 0.0395451 0.0332464 0.0495947 -0.0140663 0.00695911 0.0319726 -0.0261686 0.0137716 0.00131457 0.0324474 -0.0266985 0.0133776 0.0373346 0.0421633 0.0347399 -0.0314245 -0.0127711 0.00827913 0.0116696 0.00723948 -0.0117617 0.0155253 0.0279819 -0.0127035 0.00644256 0.0160431 -0.0133853 0.0312899 0.0520969 0.0398285 0.0325407 0.0118742 0.0187376 0.000750568 0.0283243 0.0180563 0.0495928 0.0359735 0.0382772 0.0321145 0.0198758 -0.00150104 -0.0313609 0.0128929 0.0456071 0.0270953 0.0507414 -0.0304639 -0.0192723 -0.0331881 -0.0324074 0.00893277 0.0379683 0.0313975 0.0184893 0.0414592 0.040145 0.0491005 0.0453715 0.00475427 0.0525562 0.00231526 0.0484775 0.0395674 0.0234088 0.0446962 -0.0273537 0.0377435 0.0487837 0.0424382 -0.0295636 0.00551685 0.0515737 0.0463609 0.0365249 0.0410781 -0.0023505 0.0539061 0.0378579 0.0306153 0.0339058 0.0504429 0.0536456
internal_weight=598.09 292.399 305.691 185.433 245.613 106.966 243.057 126.754 66.1782 47.0551 60.5759 236.207 168.299 121.427 67.9071 105.787 67.1298 38.657 45.817 46.8724 30.0083 34.857 16.8641 43.906 21.4949 17.6932 8.35625 34.2707 13.0609 10.349 58.6793 15.6402 22.8026 12.921 22.4111 13.0213 24.8413 15.3501 7.53313 19.1231 26.5007 18.0169 13.539 10.5418 12.2855 9.54969 5.35456 12.1199 104.494 89.646 81.1249 55.2478 25.8771 12.7849 13.0923 19.6897 12.8261 6.86364 14.8482 35.5581 62.5757 37.6957 60.0782 8.76112 5.042 9.40705 7.1114 11.1532 7.10927 21.2098 7.12763 5.6667 23.0144 19.505 13.9101 9.49125 4.04833 26.1511 23.4091 20.2529 6.07801 14.1749 9.90734 4.2676 12.7902 8.69043 4.09974 24.616 54.6302 9.33095 8.52102 11.4266 9.17216 10.0197 9.88164 6.30947 22.09 19.9654 17.4305 12.8501 7.15293 4.66383 5.05198 5.68115 10.1256 6.43785 21.8586 9.57464 5.35991 5.57336 5.49985 4.82489 32.3873 16.3321 7.20934 9.12274 8.48379 24.88 10.7834 5.30841 54.3871 5.57508 16.6699 7.69471 5.80957 16.0552 3.69751 7.07969 33.7827 14.7021 4.38634 5.27357 34.0633 16.9496 7.09501 7.63587 4.658 17.8003 9.56884 15.357 12.2746 12.1981 19.0806
internal_count=1533 800 733 459 624 341 613 343 193 119 150 602 445 303 157 253 148 105 116 142 98 97 44 119 65 57 29 88 39 34 116 50 66 42 54 39 86 49 24 74 68 50 41 37 34 24 16 35 337 283 263 170 93 40 53 71 50 21 54 99 132 86 109 31 15 22 27 31 22 49 27 16 50 40 31 37 14 77 67 60 21 39 24 15 38 24 14 56 96 20 20 32 24 31 24 17 41 43 38 30 19 15 20 16 20 16 40 38 20 22 22 14 70 38 19 19 18 46 21 16 95 17 31 16 15 32 14 15 62 29 17 16 60 32 15 16 15 31 21 35 27 22 33
is_linear=0
shrinkage=0.0283043


Tree=7
num_leaves=133
num_cat=0
split_feature=12 12 12 12 5 5 20 20 20 20 5 20 12 5 12 4 5 12 16 16 20 7 22 7 7 16 20 22 4 4 22 22 20 20 20 16 16 16 7 20 12 20 7 20 16 4 4 4 16 4 4 20 12 4 5 7 4 5 16 20 22 16 5 22 22 12 4 20 20 7 7 4 20 16 20 22 20 20 20 5 20 20 16 7 7 7 12 5 7 20 12 20 16 20 4 12 22 12 22 20 4 4 20 20 7 22 5 5 5 7 20 20 5 20 20 20 7 22 20 16 7 7 16 20 7 20 20 7 20 4 12 4
split_gain=46.5436 54.0169 53.5964 38.2529 18.396 33.2346 23.9795 17.1634 15.9682 15.2398 13.1127 12.5297 12.4194 12.2586 12.1739 11.2655 10.5993 10.3447 10.8571 10.0894 10.0174 9.44232 9.13813 8.83409 10.0151 7.11316 10.8205 9.33084 8.85125 7.82784 6.9109 6.76977 8.70416 6.65257 12.2903 8.45359 10.2467 11.6933 6.84783 7.53923 7.83363 6.77662 6.24513 9.05528 6.22624 6.06942 16.0524 20.7654 12.604 5.96264 8.3713 6.19368 5.59701 5.53836 8.74483 5.36941 5.28857 5.19004 5.00648 4.96155 4.93884 4.89727 4.79297 4.72411 4.71201 4.33552 4.31285 5.21324 4.16876 4.1305 4.12278 4.07921 3.76638 3.69783 3.69122 4.50568 3.62746 3.46808 4.19093 6.07123 3.41296 5.3941 4.02379 3.16747 6.33529 3.06684 2.8534 2.82563 2.75983 4.65111 2.73739 3.1557 2.66178 3.56667 3.85807 2.6412 2.60833 4.65347 5.61524 3.81235 2.53027 2.93281 2.49409 2.32421 4.07795 2.29434 8.0413 5.35775 4.91196 3.60833 2.28748 2.17466 1.96711 1.95322 5.15 4.78448 1.88444 1.85626 1.83192 1.82279 1.79676 1.66944 1.62311 1.3824 1.2963 1.50087 1.18868 1.1487 1.12664 0.971216 0.885528 0.870522
threshold=0.11462330599291799 0.29983279267315516 0.91236174323230845 -0.60255286843806577 -0.092444412203825224 0.082207134116471473 -1.2533668326401626 0.10460624485849822 0.11211257857736352 -1.3215223477685982 0.91872592739519632 -0.28405226347544649 0.052414556294340435 -0.42867486770556484 0.19701632023433482 0.18636215045087126 0.026574149928963165 0.25843389092166169 0.31819707505082617 0.091779788274736679 -1.6455166589828818 -1.0000000180025095e-35 -0.17431827751403106 0.12326360852350565 0.74104733182157145 0.12980272860371184 0.61446336406847568 -0.57563190843726064 0.31034333128599484 0.35400762380169054 -1.8829183356649513 0.51186935838643888 -0.16235489288387464 0.56718094303535682 -0.3717840974387972 1.779067080738256 1.3914514817790717 0.48889339617006738 0.25800217980480078 -1.1526921840585691 3.4554318795349412 -0.62303430414168393 -0.1788697016321564 0.88536470356360863 0.17045255860591621 0.54942421045442214 1.4070925551004911 1.6348228756599796 0.26800802999995454 0.34715174257221543 0.31482602285911326 0.30982092981711434 1.1636990756435979 0.56977610962863323 -0.027183356487203825 0.077988521161022853 1.0000000180025095e-35 -0.49933952769407042 0.26800802999995454 -0.5733328984881999 1.2595920690391933 0.19065385526945464 2.0738995354769036 -0.11807808128694357 -1.1643651585091133 2.0225422918681928 0.41368495359462171 1.0555415185055934 -0.84685272648991361 0.19358802783598808 0.1558310666630138 0.36606534498499821 0.95419354430802195 0.33541092855657467 0.024555310514451725 0.043654221773226205 0.24590487227076177 0.91169921654407948 0.7105244852813315 -0.025038626956610677 1.4591877562914921 0.88536470356360863 0.0091615326696482882 1.9694293126790574 1.2699996260574651 1.2618716223747071 2.6395699230843417 -0.090931031625960737 0.61582284943496413 -0.92500837391491064 0.22685112876324451 -0.80186460014827488 0.17318246356044845 0.038495644563773294 0.73172832496546525 0.27066036657226938 -0.49489693633009707 1.366765288612646 -1.0789077271767742 -0.70822246355578444 1.5623566904966815 -1.0000000180025095e-35 1.217763115984728 -0.33844201045499961 0.28338417220566375 0.050403999352643204 0.80940042859547845 0.1330307248111344 0.87532068689509612 -0.43287813322960739 -0.70822246355578444 -1.054810589883995 0.026574149928963165 0.14126508395063161 0.72955216842915271 -0.94747749909995316 0.20775936304276074 -0.034218653833831068 0.24590487227076177 0.39188390576693555 0.67920575400610095 0.28801924115435767 1.3843331258410274 1.1597324230817385 0.67920575400610095 -0.29602249664838826 -0.34400318128326202 0.89962656874806324 0.74179671944564107 1.045564678309131 0.17267376600445664 0.21299461214998619
decision_type=2 2 2 2 2 2 2 2 2 2 2 2 2 2 2 2 2 2 2 2 2 2 2 2 2 2 2 2 2 2 2 2 2 2 2 2 2 2 2 2 2 2 2 2 2 2 2 2 2 2 2 2 2 2 2 2 2 2 2 2 2 2 2 2 2 2 2 2 2 2 2 2 2 2 2 2 2 2 2 2 2 2 2 2 2 2 2 2 2 2 2 2 2 2 2 2 2 2 2 2 2 2 2 2 2 2 2 2 2 2 2 2 2 2 2 2 2 2 2 2 2 2 2 2 2 2 2 2 2 2 2 2
left_child=3 8 9 4 6 7 119 16 11 30 20 14 88 15 100 56 31 90 95 21 -7 -14 58 42 61 26 71 102 130 44 -3 -6 -33 34 35 36 37 38 39 40 -4 65 43 62 123 48 129 -48 49 50 -17 63 69 64 -55 66 60 -37 -18 68 73 117 92 -51 -36 -41 67 112 111 -35 -46 -10 -54 80 -13 -76 -49 78 79 -57 81 82 113 84 -26 -66 -67 -21 118 -90 91 -16 93 94 -12 -19 97 99 -99 -40 101 -2 -27 104 -84 107 109 -22 -108 -107 -15 -11 -9 115 -115 -8 -30 -25 131 -1 -91 -20 -94 -29 -112 -126 -117 -127 -122 -47 -28 -5
right_child=1 2 33 12 5 10 13 55 25 59 23 74 19 110 17 45 22 18 121 87 105 -23 -24 24 83 27 28 29 116 -31 -32 32 -34 52 53 57 -38 -39 96 41 -42 -43 -44 -45 70 46 47 76 -50 51 -52 -53 72 54 -56 77 -58 -59 -60 -61 -62 -63 -64 -65 85 86 -68 -69 -70 -71 -72 -73 -74 -75 75 -77 -78 -79 -80 -81 -82 -83 103 -85 -86 -87 -88 -89 89 120 -92 -93 122 -95 -96 -97 -98 98 -100 -101 -102 -103 -104 -105 -106 106 108 -109 -110 -111 124 -113 -114 114 -116 126 -118 -119 -120 -121 128 -123 -124 -125 125 127 -128 -129 -130 -131 -132 -133
leaf_value=-0.045060557792411929 0.029699797426568138 0.022454735975568879 -0.045864314936092901 0.044397995350944103 0.045487242143731441 -0.041802442475887207 -0.040927813174084997 -0.044569929701595623 0.016823440830036035 0.02881861975542754 -0.0067589399679278224 -0.044680258829104043 -0.04376845069723416 0.0098156639725403283 0.00039009365326524343 0.0010883940490250107 0.028751516674574297 0.041479643378895176 -0.011646457792328677 0.019476688098056021 0.017276291878002916 0.019309536168357171 -0.043601124330782066 -0.018662031451067602 0.034352638390273547 0.011931307832237462 0.011410115547150129 -0.013083256806935754 -0.045567822066929546 -0.044109445333304062 -0.043481109038650739 0.030477510911848395 -0.041638056049558399 -0.012031890051754611 0.0030871720118556588 0.0093512713872687791 -0.043617611323555551 0.051351815860971907 0.042069154826080597 0.03419163118389433 0.014876657661594401 -0.025869561602826795 0.049489248178665825 -0.042209049671380817 0.037801735768482107 0.057189316906489075 -0.042593933660603447 0.013294820917393705 -0.043872741566137775 0.031886774718233042 0.052092734514607178 -0.042998522285187239 0.058001489592108456 0.033566345078717037 -0.041981578442533592 0.0069405714865763881 0.054704686611944671 0.057833042709438384 -0.018046459830507844 0.054450549003852704 0.0028281123907815636 -0.045075003078644357 0.048589319827626716 -0.01682827498120254 -0.046043200282451423 -0.020694066124386967 0.019105576146631224 0.02032407277615482 0.0089634683288394874 0.032159848598282234 -0.01072095790102367 0.050508959391925026 0.02184366162012227 0.051108004586354602 0.010173077740512456 -0.043590985714837598 0.048089360455377636 -0.044934723466251228 0.01453269326757998 -0.044596633143895378 0.052336087079076679 -0.012590400756494929 0.041179566588654529 0.04278299162538593 -0.020402754722640706 -0.004427222797675873 0.022049565958218414 0.05051698583880343 -0.0046189157503252381 0.018894818030956433 -0.044844976047755239 -0.043165006846668824 -0.017047719231452541 0.049526710730268542 0.037984715158007304 0.0066335186778706621 0.033932413243143826 -0.043071470440011743 0.019622893615095904 -0.0051664116944235682 0.049770436189971061 -0.010834886006965919 0.048564385905830787 -0.0036698685709534869 -0.0072869930554858853 0.012434678910163331 -0.020482369774322905 0.051368868856516127 0.02495961702383925 0.050067454316128066 0.052972880312265332 0.057090269985005195 -0.0095623221042256297 0.008861163986744509 0.056297425407697811 0.036984447135215995 -0.010521660454442057 0.014983540158086265 0.056582714174131292 -0.010994854867541443 0.051232068561822455 -0.044437206549245059 0.014506282475009581 -0.044823242349743768 0.057851384057809097 0.020378213695341461 0.052847271512717238 0.042893214881910377 0.035466145003854893 0.041047121149558059 0.03212900247628795 0.056698458750800554
leaf_weight=3.0560021996498099 3.4421636313199997 2.826756164431572 5.4425319582223848 25.696705996990207 8.6416722387075442 1.1750766038894642 0.47231930494308016 3.2579957246780413 4.3576766699552554 3.4722845852375031 3.3747452348470777 12.291497826576235 2.6073863953351983 1.1221457123756433 2.8766497522592545 4.2469157427549415 4.4819918423891068 3.7968565821647626 1.9899444431066511 3.0704315304756165 4.3315334916114834 5.0214871168136614 3.473487660288809 2.5088933408260345 3.2119830995798093 3.506241217255595 3.506358250975607 2.022178694605826 2.8358342051506042 5.3129549026489249 1.8887233287096012 3.4214516580104828 1.8459994941949833 3.877246379852294 2.6158501803874978 2.4231095016002655 2.8023371249437323 4.6197785437107077 3.7790740728378287 5.7515417486429161 2.171351745724678 3.4559485763311484 6.0947241336107245 1.6545534729957569 3.1672990024089813 6.8740321993827838 4.4331811219453803 4.5816681087017042 3.2756433039903632 3.40406030416489 5.4276745766401291 2.0974373370409012 4.3707740902900678 3.2031329125165939 1.6324607431888569 2.4045573770999935 8.9932370334863645 4.3669051527976981 2.6826731115579605 36.849896177649498 4.0196355134248725 3.993935763835907 4.1870985478162757 2.4794580340385393 7.0655392557382584 2.5509063899517059 4.0998387485742569 1.9339817166328428 3.5565136820077878 2.5529795140028 2.0265877395868301 6.8950813561677933 3.9296166151762009 8.1695759445428831 2.3864732682704917 2.0952884405851364 4.1915704011917114 6.3019116073846808 2.1662609428167343 5.3425266444683066 4.6031129509210578 2.2475406676530829 3.7989125549793243 2.9630202502012253 2.9285115152597427 1.5509617328643797 1.9409472346305845 6.7276130467653257 1.5978818386793161 1.9879192113876367 7.448665663599968 2.0763777047395724 2.482260897755622 2.7354961186647415 2.3365290015935898 2.6432179063558578 5.7679488509893408 2.0935996770858765 1.9449208229780195 1.7710701078176487 2.0836205035448074 2.0173115879297283 2.0956995636224747 3.3153209239244443 1.8085230290889738 2.2179433852434167 2.7615883052349082 18.062581092119217 4.7247452437877655 12.188807144761086 20.343199804425243 4.3761048913002014 1.793407008051872 4.8691364377737036 2.5000367164611816 6.3933190405368752 1.8043577522039411 2.1815631240606326 26.49632354080677 1.7994971871376035 10.715736910700796 2.5554903745651245 2.1761234253644943 1.8882944285869596 2.498448371887207 2.8663715422153455 7.951361194252982 3.6178621798753738 4.7381292581558219 4.4806491434574127 2.5546777099370956 5.0022565126419059
leaf_count=13 8 7 23 49 17 5 2 14 12 8 11 53 11 3 9 13 11 8 7 8 12 13 15 9 7 10 10 7 12 23 8 8 8 13 8 7 12 8 8 13 6 13 11 7 7 11 19 13 14 8 10 9 7 7 7 7 15 7 10 62 12 17 8 9 30 9 11 5 10 6 7 13 10 15 7 9 8 27 6 23 8 8 8 6 11 5 5 12 5 5 32 9 9 5 5 8 13 9 5 6 4 7 4 11 6 6 10 32 12 22 35 7 6 14 4 14 6 6 43 6 19 11 6 8 4 7 14 7 10 9 6 8
internal_value=0.0213777 0.0111941 0.0225061 0.027492 0.0222623 0.0150192 0.0295079 -0.00291765 -0.00580344 0.0446038 0.025552 -0.0169995 0.0431225 0.0317366 -0.00640252 0.0271491 0.014077 -0.0163851 0.00332204 0.0218823 0.036114 -0.00210974 -0.00675431 0.0143832 -0.000794535 0.00686103 0.0179348 -0.00521862 -0.00208977 -0.0172519 -0.00309836 0.0302628 0.0059287 0.00817026 0.00436058 0.0111439 0.00665518 0.0101813 0.00487115 -0.00545595 -0.0275416 0.00690224 0.0250844 0.0172363 -0.00167442 0.0165866 0.0260356 0.00509756 0.00546101 0.0147293 0.0294284 -0.00299705 0.0251972 -0.0170492 0.00745876 -0.0183475 0.0352521 0.0399516 0.0108052 0.0494108 0.0317148 -0.0222753 0.0231503 0.0112112 -0.028003 0.0184 -0.00345049 -0.0164743 0.0333875 0.00633906 0.0183754 0.0370149 0.0404378 0.0343126 -0.0365992 -0.0153006 0.0297479 -0.0287247 -0.0184955 -0.0279454 0.0306251 0.0274677 0.0304933 0.0195081 0.00858924 -0.0381195 -0.00166873 0.0402935 0.0480662 0.038883 -0.0339746 -0.018261 0.0149079 0.0240228 0.0119937 0.0266299 0.0191194 0.0103948 -0.0122513 0.0264051 0.0241593 0.0151311 0.0244414 0.0147568 0.0251638 0.0383145 0.0318779 0.0446353 0.00861896 0.0439997 0.0474288 0.0443336 -0.031525 0.0369062 0.0253974 0.0428066 -0.0310233 -0.00363232 0.0511757 -0.030532 0.0429296 -0.0289286 -0.00195339 -0.0273106 0.0490497 0.0403808 0.0457534 0.0332895 0.0461896 0.0500686 0.0195393 0.0465218
internal_weight=598.067 224.328 134.651 373.739 280.077 140.139 139.938 51.8478 89.6768 52.9703 88.2917 47.7036 93.6619 135.082 30.9303 104.634 24.5473 23.3872 10.9855 17.4269 45.4623 7.62887 10.6382 42.8294 17.7879 41.9732 21.954 20.0193 10.7012 14.4173 4.71548 13.9091 5.26745 81.6805 66.9499 50.882 44.092 41.2896 36.6698 21.3132 7.61388 13.6993 25.0415 18.9468 9.10436 45.4923 24.5611 13.2064 20.9312 17.6555 9.67459 7.98096 14.7306 16.0679 4.83559 27.3005 59.142 6.79001 7.16466 48.2548 50.1488 8.68439 17.2923 5.88352 11.2324 10.2434 11.0852 6.98538 11.4049 6.43023 5.19389 11.2528 8.30039 46.1292 16.7733 4.48176 8.77324 16.2153 9.91334 7.74708 37.9596 33.3565 31.1089 9.10351 6.14049 8.6165 4.49185 9.79804 76.235 19.0397 12.4017 4.95303 13.1052 8.44677 5.71127 6.44007 15.3566 9.58866 4.03852 5.55014 7.5431 5.45948 5.60194 8.92276 5.60744 44.2872 21.8931 22.3941 7.48633 14.4068 30.448 7.84839 5.0514 22.1862 7.36917 14.817 4.64019 4.69046 57.1953 4.8555 17.4418 4.54543 4.65838 3.91047 29.3259 8.98268 14.3447 6.48423 15.4539 11.3547 6.06104 30.699
internal_count=1533 636 339 897 714 385 329 168 297 102 217 172 183 310 103 254 69 84 34 44 99 24 36 118 56 125 59 66 34 52 15 33 16 237 201 144 130 118 110 69 29 40 62 51 29 123 60 40 63 49 23 26 36 57 14 99 131 14 21 87 116 32 44 17 43 27 36 25 25 19 14 25 17 104 69 16 21 63 36 30 89 81 73 24 18 35 14 20 139 39 50 18 36 21 16 16 41 28 14 14 19 15 14 25 14 94 50 44 22 28 56 15 20 48 18 30 18 15 100 19 34 18 15 15 53 18 28 14 29 20 16 57
is_linear=0
shrinkage=0.0283043


Tree=8
num_leaves=133
num_cat=0
split_feature=9 9 9 9 18 18 1 22 22 9 9 9 18 22 7 7 5 5 1 22 7 22 18 22 3 9 5 5 5 7 7 22 22 3 3 22 3 7 22 3 1 18 22 22 9 5 3 22 3 18 22 7 9 5 9 7 3 9 7 5 5 3 7 18 9 22 1 3 9 5 22 22 22 22 9 9 22 5 5 5 22 9 5 3 9 5 1 22 9 22 22 3 18 22 22 22 5 9 9 5 7 5 5 5 3 7 7 22 22 7 9 7 3 9 22 22 7 22 22 3 3 3 5 5 5 3 7 22 7 3 5 3
split_gain=27.5469 49.337 38.0289 31.6301 15.0543 13.9773 11.9155 11.3589 12.2076 9.75827 14.9571 12.2309 9.94188 10.0359 9.05418 17.2676 8.49057 8.94191 8.94959 7.97543 7.90443 7.89935 7.75875 7.13845 7.10759 6.91104 6.6402 28.568 6.78021 8.0183 11.4215 6.62921 6.48581 5.98436 5.8984 11.8097 6.38044 8.71411 6.83085 6.00176 5.68144 5.49849 4.90254 7.58796 15.3088 9.68103 8.72025 10.6523 6.66482 8.41004 5.53645 5.21112 5.18691 5.80404 4.88014 6.398 4.87988 4.87356 8.1198 4.76529 10.5913 8.55774 4.63973 4.50572 4.42824 4.27623 4.21527 4.07898 4.07727 3.93455 3.82434 3.70147 3.64284 3.63157 3.5559 6.61292 3.5237 3.47064 13.6269 7.85511 7.34753 8.87 6.05214 3.95955 3.43445 3.09416 2.94576 2.94037 6.40486 5.38834 2.76244 2.60018 2.37346 2.35682 2.31037 2.29345 2.25966 2.80705 3.47971 2.24796 2.23101 5.29442 2.10225 12.8084 2.55219 2.08535 2.3201 1.95976 1.95321 1.92687 1.90765 1.82103 1.7868 3.74294 1.73752 1.72777 1.5669 1.50668 1.45961 1.44609 1.62714 1.37077 1.34163 1.30558 1.27986 1.25683 1.15912 1.09345 1.0926 1.06168 0.904419 0.838386
threshold=-0.24549056787409837 -0.45711390748238656 0.13358667300522117 -1.052135930315423 2.1846939104343064 1.9305901733396296 3.4216387290493588 -0.22609837336178654 -1.8829183356649513 0.61942661934297349 1.0506237974602561 1.6953463864944045 1.233408315343387 1.1397179272930773 -0.43287813322960739 0.12326360852350565 0.84296405306774835 -0.036226501780700616 1.2033397066301832 -0.15518993257165445 0.21883695605650558 -1.2901781504929499 2.5589013670151393 0.33201044415892961 -1.0000000180025095e-35 -0.55662645828762269 -0.08222212989567329 0.14864732684774806 -0.293445492757124 0.27497895148051993 0.098746533294887154 0.12410298423037901 1.1147699861338174 -0.08761217652600721 0.10146139325424799 -0.7590922940940702 -0.11375414966687743 0.1596233958028544 -0.84440662060140348 1.6176859816843716 1.3121082396093739 2.2361560254588899 1.7864801839045836 0.60023658782721889 -0.35504669186521171 0.77061889071977385 0.16617090611368809 -0.092748527261003202 1.0221357688456785 2.1431577226399843 0.85808763168262325 0.24631470929780669 -0.38927601696224634 1.6770224423395157 0.44126063446798763 0.24318770105969253 0.10849696386208112 0.53920536917368522 1.4711372233310567 0.84296405306774835 1.1886740274038414 0.067603941421594385 -0.48524997687717192 2.6960573204609739 0.43531566682151351 -0.039537383163194842 1.0153628039231297 1.3931488003948849 -0.41001575683736197 0.047770762562488099 -0.11240158989506614 -0.30616552295225841 -0.80197603998732869 0.8451843466279777 0.44126063446798763 0.52309745148096309 0.8451843466279777 0.94171445690926014 0.089096265335952635 1.6770224423395157 -0.60408591780914989 1.3107778100380207 -0.038807604852150505 0.075930352014898297 -0.48442733313526332 0.67731851386725872 1.4314390800139181 -0.35777866317084089 -0.35100379552731503 1.0000000180025095e-35 -2.1977012490683019 0.24649859742328992 1.470917938196705 -1.0023466457989327 -0.98579418770665173 0.9316673625395212 0.01838518263033467 -0.37482345840000159 -0.40147633209215894 -0.095851839639875883 1.1993869010209013 0.91872592739519632 -0.0071473117814890687 -0.13336139506670056 0.092405805875258248 0.61582284943496413 0.74104733182157145 -0.24393877487911539 0.31529103043747553 0.26690639120623932 -0.37590580860069828 -0.022386225546102857 0.29536329580458481 0.6582798081650435 0.33201044415892961 0.343220322117679 0.20775936304276074 -0.10116786113214919 -0.092748527261003202 -0.081305782703859908 -0.018685262798006159 0.092405805875258248 2.1028858800418901 1.4401923087188615 1.1653512543265685 0.23086071149243392 0.077988521161022853 -0.69231004242492455 0.87601876541847079 -0.099062222809343528 -0.19715549292256992 -1.0000000180025095e-35
decision_type=2 2 2 2 2 2 2 2 2 2 2 2 2 2 2 2 2 2 2 2 2 2 2 2 2 2 2 2 2 2 2 2 2 2 2 2 2 2 2 2 2 2 2 2 2 2 2 2 2 2 2 2 2 2 2 2 2 2 2 2 2 2 2 2 2 2 2 2 2 2 2 2 2 2 2 2 2 2 2 2 2 2 2 2 2 2 2 2 2 2 2 2 2 2 2 2 2 2 2 2 2 2 2 2 2 2 2 2 2 2 2 2 2 2 2 2 2 2 2 2 2 2 2 2 2 2 2 2 2 2 2 2
left_child=1 3 66 5 9 7 41 8 -1 14 21 12 13 77 16 107 17 18 19 74 94 91 73 65 -18 92 28 40 29 30 33 72 54 -9 36 67 37 124 -39 -37 -28 42 43 44 45 48 86 51 49 96 -45 -48 53 68 102 56 -56 114 71 -29 61 -61 85 -6 95 -19 90 69 -52 -36 -64 -59 -22 -7 -4 -76 84 78 80 109 81 -12 83 -82 -72 99 87 88 -46 -89 -2 -11 -5 -53 -13 -21 97 98 -3 -27 101 -47 103 104 -17 -92 -107 -16 -96 -79 -50 -80 113 -23 127 -91 -32 -103 -84 -38 -121 -43 123 -62 130 -85 -109 -57 -31 -115 -10 -35
right_child=2 6 4 25 63 22 -8 26 34 10 11 20 -14 -15 15 32 24 23 -20 64 31 112 -24 -25 -26 62 27 59 -30 128 116 -33 -34 131 35 39 119 38 -40 -41 -42 121 -44 50 46 100 47 -49 110 -51 52 93 -54 -55 55 57 -58 58 -60 60 122 -63 70 -65 -66 -67 -68 -69 -70 -71 76 -73 -74 -75 75 -77 -78 79 111 -81 82 -83 118 125 -86 -87 -88 89 -90 115 105 -93 -94 -95 108 -97 -98 -99 -100 -101 -102 117 -104 -105 -106 106 -108 126 -110 -111 -112 -113 -114 129 -116 -117 -118 -119 -120 120 -122 -123 -124 -125 -126 -127 -128 -129 -130 -131 -132 -133
leaf_value=-0.043479968090488957 -0.041502891435600243 0.024428927483888141 -0.026325850606754176 0.051862638007131541 -0.043179046438463077 -0.043531283894785576 0.057085915376537844 -0.011593571204187881 0.039510200362211478 -0.005294876852708956 0.0162110343531588 0.024484511200444047 0.050890656838383078 -0.043371307447334757 0.019772391037016779 0.021468237248833975 -0.0024847812920058272 -0.022117388417260117 -0.043049776535819158 0.053850813811142102 0.005972515129952366 0.013748284843528927 0.018566212390377548 -0.045539671749691583 0.047406649148697078 -0.020861186649868604 -0.043701497310833996 0.049369767050923871 0.055947344934573831 0.057812147779979908 -0.045450041011308444 0.044524246951745144 -0.023610863583965351 0.055628640734875938 0.021233309422897962 -0.044840287646497112 0.055793257300537837 -0.043124342744742854 0.019811987153369903 0.0070969391818446088 0.0049548999449732919 0.0139743999685004 0.023507663661099638 -0.043750636227687337 0.0069957103541745044 0.049771224370350559 -0.04212434798995586 0.044643472122691485 -0.043560060778451537 -0.041960859302704864 -0.043962516763762248 -0.017822896755154687 0.014014956888383688 0.020299977865509786 0.0082095588861727641 0.045684491531079903 -0.044016295918613266 -0.00022733176900518358 -0.042511831135134605 0.020038132264750035 0.041878581627894589 -0.043698934889408299 0.050952553531242756 0.0050027904602960773 0.005354715473421705 0.024385564299715373 0.024632574738231095 0.037595061028565108 -0.0062931276903911773 -0.021172678967442321 -0.0078665490043791416 0.04546707440874339 -0.044947239814390805 -0.0066260980744127403 0.035063444899861289 -0.020847746343620271 0.04317535652905214 -0.043982134061229777 0.031928024353075041 0.024858393763783706 0.039191775849290914 -0.044610098119724474 0.004505040553482444 -0.0025449193867196768 0.03443784111234148 0.034235455731963481 -0.043604173263823272 0.013180243925421694 -0.043957323315251796 -0.04431848979564168 0.052268287096150223 0.030569599597542716 0.031848661345331451 0.013975755178503999 0.052340395852586825 0.026886151923881149 -0.010529040496276761 0.036610497352793737 -0.0094632562545157676 0.016931457233736506 0.048145423527556908 0.017557233718021245 0.042443665057886222 -0.042695263554034864 0.048124070268513369 0.021300424091551116 0.048243143640929687 0.054394225341858289 0.034752649455342913 -0.0081274404395493046 -0.0078189876476350648 0.057244477980557859 0.052870793613122948 0.048692996923007659 0.0084714866420091649 -0.0099479354643848238 -0.01088167181345742 -0.011979841062892647 -0.022645260784580342 0.019980962267801172 0.044958275404107247 0.040513276828059989 0.049547784161213512 0.018192422192421787 0.0076128329105689223 0.019232737629441513 0.040256323468083423 0.025918604368831161 0.039158088738613372 0.036051609380093476 0.021118568988843824 0.03526827164482807
leaf_weight=3.0938925594091407 0.23920097947120567 5.6104856133461034 3.4610535502433795 29.126881048083305 3.4297676086425772 5.0209995955228788 2.4890499711036673 2.0359900891780862 3.8222519159316999 3.3675490617752066 3.0411827564239458 4.7592202275991502 4.6080617904663077 2.5778008997440329 1.9736099243164087 5.865862250328064 3.1491892337799072 2.9524028450250626 2.1196722686290732 4.5907367467880231 2.4411698579788208 3.2879688292741802 3.9171931594610205 4.9360549449920654 6.3054568469524366 2.5399734228849411 5.7240018248558027 7.9891490489244488 8.7519070506095868 4.372916638851164 1.9023469090461724 2.1081398874521255 3.201989769935607 1.8768870234489439 3.8682469278574008 5.0965362191200247 2.5019598007202148 3.4317045956850052 1.9494008868932731 2.422875702381134 2.5980101078748703 3.4598103612661353 4.7369660288095465 5.5327814072370556 2.4114616364240629 3.3538226783275586 2.7442623972892743 3.5733295083045951 2.7519688457250595 2.0860789120197287 6.1989556699991217 2.6912932097911826 4.3512765616178486 1.9444330334663398 2.4118355661630657 3.5735106319189089 2.793066143989563 3.0809767991304398 2.3325779438018799 3.8963973969221142 3.6135813593864423 2.572074368596077 7.988969683647162 2.4392456263303757 3.9345259368419638 2.7834530770778674 5.4613744765520087 4.6789802610874176 3.3416101932525626 2.7326454818248749 3.2145242393016851 2.1066308915615073 1.6698758006095875 3.3541873842477798 3.1944361329078674 2.9452691525220871 4.2466582059860229 2.7707859277725202 3.4354986101388931 3.6504880338907242 6.7896207123994818 4.2031221985816956 2.6414874494075775 3.1143439710140211 2.3671163767576129 2.3599985688924789 4.8115082383155814 4.5586813241243416 6.8892162591218948 2.5575886070728302 44.623445123434067 2.5648892223834991 4.9787635058164588 4.5370119959115991 13.214454889297487 4.548070564866066 2.0167883783578864 4.8653622120618865 3.8094103187322617 1.9741560816764856 4.1979304999113074 3.072816088795661 5.0988788157701483 1.8834503889083869 4.8317602574825287 3.7371870875358564 6.1207102984189987 10.250614732503893 7.2783838361501685 1.7626896500587461 1.7603164017200459 4.9953624010086042 14.87198022007942 16.23815588653088 2.4364565163850775 1.7766858190298078 1.8021518290042875 2.0394432693719873 3.1455168724060156 3.9386864453554153 3.5733001977205276 2.3135834932327271 5.4620597064495087 3.0570944994688034 2.4427965432405472 5.0070245712995529 7.6586248427629462 4.7013834565877914 4.679544061422348 7.0734465569257727 3.9214978814125061 6.4255255311727559
leaf_count=13 1 14 13 49 15 22 4 7 8 11 8 12 8 11 5 15 10 11 9 8 7 9 10 21 12 9 25 14 14 7 8 4 12 3 10 22 4 15 5 7 8 10 12 24 7 6 12 7 12 9 27 10 12 5 7 7 12 10 10 10 7 11 14 7 12 7 13 10 11 10 10 4 7 11 7 11 8 12 8 9 14 18 8 10 5 5 21 13 30 11 75 6 11 13 23 11 7 11 13 5 8 8 10 8 9 9 11 17 16 6 6 8 25 29 7 6 6 7 12 10 7 5 10 8 7 13 16 12 10 15 10 14
internal_value=0.0207865 0.0145699 0.0267195 0.0233791 0.021786 0.0154282 -0.00076493 0.0184978 0.00796434 0.0228778 0.0280904 0.0208864 0.0124366 0.00853934 0.0166415 0.0234331 0.00692498 0.000559612 0.00979393 0.01502 0.0347044 0.0407358 -0.0129283 -0.0208675 0.0303617 0.0404826 0.0260106 0.0175407 0.0352959 0.0274026 0.0141054 0.00692206 0.0136562 0.0289345 0.0117002 -0.000230974 0.0204946 0.00938552 -0.0192757 -0.0273111 -0.026785 -0.00225294 -0.003831 -0.00525508 -0.000876652 0.0123019 -0.0136759 0.00411415 0.0014484 0.00887594 -0.0199842 -0.0105166 -0.0116157 -0.021408 0.0166298 0.0082356 -0.0184687 0.0160143 -0.000987832 0.0317478 0.0240497 -0.00425811 0.029249 -0.0219294 0.0292912 -0.000196737 0.04683 0.0177379 -0.0305061 0.00408892 0.0366667 0.0178381 -0.0138732 -0.0283962 -0.0040577 0.00814988 0.025233 0.011658 0.015399 -0.00470939 0.00595986 -0.0174278 0.01444 0.0239067 0.0105644 0.00988638 -0.0242785 -0.0191669 -0.0300969 -0.0076487 0.0492469 0.0108482 0.0487416 0.0016613 0.0417592 0.0400107 0.0157206 0.0197094 0.0109043 -0.0037829 0.0319471 0.024016 0.0277602 0.021737 0.0334199 0.0496779 0.0382328 0.0451045 0.0458905 -0.0290608 -0.0285207 0.046375 0.0451302 0.0408041 0.0281518 -0.0295253 -0.0273225 0.0062815 -0.00953855 0.0379434 0.03218 0.023976 0.0393576 0.0313253 0.0243217 0.0109045 0.0482665 0.0343733 0.0475501 0.0447136 0.0300863 0.0396114
internal_weight=597.598 291.808 305.791 185.324 245.609 126.527 106.484 114.234 47.4748 239.74 130.618 83.2142 51.743 47.1349 109.122 64.2012 44.9203 35.4657 24.7938 22.6741 31.4712 47.404 12.2924 10.6719 9.45465 58.797 66.7596 34.9124 31.8473 23.0954 14.0429 6.21919 44.3184 10.3384 44.3809 18.7993 25.5816 15.5677 5.38111 7.51941 8.32201 103.995 98.2215 93.4845 72.1155 35.5644 36.551 13.5459 22.9004 18.3881 21.3691 9.97257 15.8363 11.485 41.1164 23.4364 5.2049 18.2315 7.52019 26.5904 18.6012 6.46847 24.6914 5.86901 13.0733 5.73586 60.1819 11.2799 9.54057 6.60089 17.8173 5.18761 4.11105 8.37519 9.60076 6.13971 9.8283 44.5571 36.3732 8.18396 27.9423 7.2443 20.698 14.911 5.58164 6.87413 23.0051 18.1936 9.30068 8.89296 54.7205 5.93244 34.1056 7.22831 25.2521 9.13881 16.302 14.2853 9.4199 4.51413 12.664 8.46608 17.68 12.5811 10.6976 54.4813 9.8579 19.8828 20.4928 4.53348 4.51229 8.43086 41.4716 26.5996 10.7114 4.33427 3.7045 5.11226 5.787 10.0139 7.51199 5.77339 12.1327 6.67068 10.1865 8.12137 17.9092 8.27489 9.05246 23.3116 7.74375 8.30241
internal_count=1533 800 733 459 624 343 341 300 138 602 309 214 145 137 293 161 132 110 71 62 69 95 43 39 22 116 162 93 69 55 38 18 123 24 125 59 66 45 20 29 33 337 322 310 231 101 130 42 72 54 79 35 55 43 111 69 19 50 24 60 46 21 56 22 31 18 109 30 38 20 37 14 14 33 31 18 23 126 99 27 83 26 57 37 15 19 88 67 37 30 96 17 60 23 51 19 45 38 27 14 29 21 42 32 24 95 20 38 39 18 18 16 78 53 26 17 14 15 20 21 17 15 25 15 25 23 33 19 17 44 18 17
is_linear=0
shrinkage=0.0283043


Tree=9
num_leaves=130
num_cat=0
split_feature=6 12 12 12 18 2 2 10 2 12 11 10 11 6 14 10 6 10 10 14 12 12 11 6 12 11 11 10 2 2 2 2 11 11 14 14 10 12 2 11 2 10 12 12 14 14 2 2 2 14 11 10 2 11 2 14 12 12 2 11 11 11 12 18 14 2 12 12 2 11 10 6 6 11 11 11 11 10 11 12 12 2 11 11 11 12 12 10 12 2 11 6 12 14 14 2 14 14 12 11 14 11 12 12 12 14 14 14 6 12 14 2 11 6 2 12 2 10 10 12 11 11 10 11 2 2 2 12 10
split_gain=63.9467 33.1795 39.0813 35.7115 32.818 21.9244 20.9972 19.9801 13.246 12.9927 12.2476 10.6262 9.76112 9.43188 8.92033 8.77778 8.61318 8.22467 15.3473 7.59913 16.9554 7.47629 6.95927 6.92761 6.89861 6.31957 7.66689 5.75018 6.36561 14.8235 8.28616 7.53858 7.09766 10.4081 7.18099 6.89704 5.72789 5.51363 5.11709 5.10757 4.68594 4.63104 4.62673 4.61758 5.91196 4.54036 4.50622 4.33552 8.13104 4.7077 4.30802 4.10427 8.28552 5.57971 3.93836 5.33445 3.87968 5.26926 3.71237 4.81014 6.37499 3.51836 3.37251 3.30989 4.82459 5.93902 3.2788 8.56886 3.31523 2.96148 2.84676 2.83943 5.07119 2.83885 6.25669 2.80953 5.76438 2.79577 4.90415 2.69153 4.66385 4.80653 2.60878 2.31866 2.38794 2.28477 3.74621 6.65869 2.77018 4.60221 2.24022 2.23906 2.94585 2.63518 2.19033 1.95208 1.82956 6.13979 2.53111 1.9994 2.22162 1.97314 1.82458 4.65619 3.00297 3.69405 1.81051 3.24893 2.88872 5.2423 1.78229 1.72192 1.62235 2.70522 1.54309 1.54306 1.53564 1.52116 5.14376 1.35133 1.32202 2.92063 1.30582 1.15275 1.0789 1.91482 1.21772 0.896113 0.852266
threshold=0.98517258165982136 0.10760389220705364 0.30533424672813142 0.84985860134349789 1.9128762108979334 0.16371521634901207 0.38091383828374786 1.0562419004423673 -0.4051211079858868 -0.10712761129997077 0.34224386086857111 1.1787763792805133 0.33588749821116021 1.428372888605961 -0.23700964599908839 1.3036656376951532 2.1928010777583142 2.3034328555517392 1.4038554928147429 0.33040811526491992 1.6350485714742133 -0.035019924204813833 1.5394034340680214 1.0000000180025095e-35 1.1866156677020359 0.31347295620871135 0.29674568605763013 0.25692314551332485 0.15773470574558116 0.28586685397620132 1.1496018064288116 0.37007197695589084 0.30929113867094105 0.26704920578274388 1.3136032636935817 1.3816084745996491 1.3301354227155973 1.366765288612646 1.5679694166146236 0.42430784822977557 0.64271564456297947 3.1470455299597968 1.7137432838258302 0.23679606493954772 0.36645340170703239 0.99402697052581723 0.39035674976284912 0.27641228458169365 0.3101969234291449 0.3972657525816175 1.5174238010895007 0.77875605020207683 0.14316231148770889 0.34224386086857111 -0.4051211079858868 -0.11200445490901176 1.3009042358039922 2.0481268131506156 1.5025335374390736 0.32780265097147093 0.28861623276420462 -0.082104679837491826 -0.030521243547818239 2.1717902050349678 -0.61032681035705083 0.25943835975012391 0.2572563221607303 0.21384267385733072 0.38536716196895365 1.5906223352706321 1.2907573204546641 0.83897537852386062 0.89943749713044774 0.045256755092840641 0.30410568492410589 1.3786543679161307 1.4883964116206576 1.1898111857630618 0.34024773996387542 0.14005143142427981 0.12606780238821977 0.18806860163276834 0.33192871094207094 0.52956698353381293 0.014779668877570705 0.18006117002811209 0.16223204300713553 1.1291885027974089 0.20013503749961406 0.28123866155990102 0.11076074500447482 0.58895769654774976 0.35426774859839671 0.077827168244577638 -0.35209980127700807 0.19041184262943422 0.27625411758254853 0.28797084393001637 -0.27859266259871207 0.35710882827616525 0.38802778518718878 0.29933283717433073 0.26383414766124541 0.22129447617259954 0.11800881618059568 0.84938679532161943 0.3854457446111062 0.34110350111784854 1.4682040146225184 0.16714471268164607 0.33193438813878201 -1.0000000180025095e-35 0.28591756651316352 1.1189911892417646 -0.70576708839890279 0.22956505676695357 -1.0000000180025095e-35 0.72547271671936497 0.74393281354531104 3.5613578694830959 0.32897355988204663 0.51167995598559013 2.7980912601643082 -0.056645774667546271 -0.054112933017663879 -0.020176741269930784 0.1294409450544963 0.17267376600445664 0.78289839967605535
decision_type=2 2 2 2 2 2 2 2 2 2 2 2 2 2 2 2 2 2 2 2 2 2 2 2 2 2 2 2 2 2 2 2 2 2 2 2 2 2 2 2 2 2 2 2 2 2 2 2 2 2 2 2 2 2 2 2 2 2 2 2 2 2 2 2 2 2 2 2 2 2 2 2 2 2 2 2 2 2 2 2 2 2 2 2 2 2 2 2 2 2 2 2 2 2 2 2 2 2 2 2 2 2 2 2 2 2 2 2 2 2 2 2 2 2 2 2 2 2 2 2 2 2 2 2 2 2 2 2 2
left_child=1 4 10 91 7 8 77 23 11 17 12 22 25 43 40 21 -15 18 36 42 24 63 37 27 116 26 66 28 54 32 31 82 33 34 110 -36 47 73 58 -12 46 -19 -16 44 112 -22 51 49 -49 94 75 56 53 -53 55 69 114 -58 59 60 -32 -13 96 95 65 -65 67 79 -68 90 -69 -25 -73 102 -75 -41 -77 -7 -79 80 81 -3 -31 84 -40 86 87 111 89 -87 -1 92 -4 -93 -9 -6 -57 -98 99 101 -101 123 103 104 105 -2 107 108 109 -76 -30 -81 113 -8 -5 -52 -21 -29 -119 -59 -92 -122 -63 -99 -56 -126 -127 -88 -120
right_child=5 2 3 14 15 6 13 9 -10 -11 39 61 -14 16 19 -17 -18 41 -20 20 45 -23 -24 71 -26 -27 -28 117 29 30 38 -33 -34 -35 35 -37 -38 -39 83 50 -42 -43 -44 -45 -46 -47 -48 48 -50 -51 115 52 -54 -55 124 62 57 119 -60 -61 -62 122 -64 64 -66 -67 68 70 -70 -71 -72 72 -74 74 106 76 -78 78 -80 85 -82 -83 -84 -85 -86 88 127 -89 -90 -91 120 93 -94 -95 -96 -97 97 98 -100 100 -102 -103 -104 -105 -106 -107 -108 -109 -110 -111 -112 -113 -114 -115 -116 -117 -118 118 128 -121 121 -123 -124 -125 125 126 -128 -129 -130
leaf_value=0.016427282660722641 -0.0019794164867732197 -0.020361921306311551 0.025179712361245193 -0.014725257035414285 -0.017662910747145117 -0.040433525389960763 -0.020848602278321041 -0.042828782837084065 0.047691980593635976 0.05074704559240855 -0.043233336493165707 -0.043478916716065324 0.056638955432745622 0.053964999939909004 0.021929991467478694 0.040778954487687327 -0.0042282180838382347 -0.044353545512474897 0.052019610027986544 0.016988030229697828 -0.045523431648720587 0.026757175472294999 -0.041506228777403474 0.048958663020398287 0.047292474727840046 -0.0412841424134337 0.048242361693492566 0.052487327005990625 -0.044146240298274915 0.0074566199757365023 0.015333673049856921 0.051298810405983442 -0.042568879339762659 0.057830829672128256 0.038493600181343041 -0.018740274179965426 -0.041524697474648396 -0.02138318070861665 0.034286468968645692 0.023622290651451494 0.027513013954438101 0.0034065231924108592 0.053277485200826556 -0.042710081696585578 -0.043126127717509649 0.00081653089334565308 -0.041340182783306874 0.046595821585430137 -0.0080728325864609183 0.01997378970492875 -0.013459964528493911 -0.045999176930821423 0.021051788081276251 0.0031446086517567381 0.054137852063484281 0.049287483700880902 0.044901232863247237 -0.0065120020029154008 -0.018550809096788919 0.039533235019750097 -0.04278114680886469 -0.019801429408441453 0.015062990654402955 -0.044692224355374531 0.025535025832553505 0.01395062954384328 0.030752799977143429 -0.044282593813667413 -0.0099367063103312399 -0.0029801358812707383 -0.001647968007666699 0.0067378759068164786 0.046021049740332338 0.042751340579393129 0.01343156522709677 -0.042682268330341423 0.021020580035164344 -0.042673733968892479 0.013375335562838046 0.028939220033550785 -0.042070233655502096 0.030702370554014435 0.036890909461227611 0.047237926258287107 0.0031369452663838112 0.0092700931352795481 0.039274170344769439 -0.042230685727521394 0.021897967728990959 -0.043766441073926299 0.046155580218220492 0.046405170859934265 0.050827011262013333 0.01252674877867275 -0.0089636987270695929 -0.04417297825286861 -0.042094651008070798 0.029260043875711423 0.054960222211857541 0.027696737253710038 0.057408259407417159 0.0073679724104545579 -0.014230071453552951 0.048450622937606456 -0.019967962548852622 0.036024648259658079 -0.010978604279170119 0.046637643300986936 0.035657310485246917 -0.041400077658733103 -0.0098172993466113159 0.0030715161882031447 0.020813267712189377 0.015042285765745156 0.0076595985400059775 -0.043906703621354314 -0.010812171315753471 -0.045158872061843484 0.024195000057612923 0.021401564878060331 0.0045137972706736553 0.040132186150064038 0.0070957212994551405 0.047019755266306945 0.017092503123392756 0.040340264568263937 0.056839192721513818 0.019848292298924569 0.043904399406406509
leaf_weight=10.50862336158753 4.6276616305112821 2.7241253405809429 3.6737901717424384 4.4454086273908615 4.5434980243444532 17.138944327831272 2.8974067419767398 2.2826856225729069 6.7383816540241233 5.8689499050378791 5.914946764707568 3.4570030868053436 2.4956582188606253 4.3739105463027945 6.5259010642766935 2.9410025030374518 3.1600036174058914 3.4792848080396643 5.8539028316736212 5.0387342125177375 3.7511130124330512 3.4544796645641318 1.6323489993810643 36.328416079282761 7.5545046329498291 2.2806060761213294 2.7304066866636267 11.482774883508684 2.7778253704309446 5.0361364930868167 7.4064815938472801 20.712703540921211 2.3264731615781775 2.4878908991813651 3.8183658421039581 2.5216452479362488 2.0607905685901633 2.9252126514911643 5.5356897562742216 2.8058196157217008 5.1822863519191733 2.6347282826900482 7.7423040419816971 2.5247189402580252 2.1002498567104331 2.6836539953947067 1.8299815207719792 4.1977617889642707 3.759577289223671 3.0229620635509491 2.0099277496337891 4.9677760004997236 3.8630385547876358 2.6219034045934677 7.4885020256042507 12.608742102980612 4.2139556407928449 3.3629965782165527 2.6903249919414511 4.4600205123424521 1.6536562591791151 2.8849773257970792 4.2063903361558905 3.0237338244915009 2.6013969480991355 2.1386587023735046 5.1184773147106162 4.3919989019632331 2.0170374363660812 3.0959616601467124 1.5169622004032133 3.599229156970976 6.9753833711147308 8.0207574665546435 5.6331773549318296 2.0861489027738571 1.9300303757190702 2.2958587110042563 2.180726483464241 3.4309300929307955 2.2898270934820175 2.5584078729152679 4.0220684707164764 5.4643916487693778 2.6700735092163086 2.3813572078943244 3.8271154016256324 1.8590481281280515 1.9214534461498258 2.3254580795764923 4.216351315379141 3.3737051337957373 32.70250391960144 3.118061900138855 3.5727502703666731 3.9214559495449066 0.70842762291431682 12.050827816128736 5.6242698431015006 2.7817960530519477 4.9897276759147644 2.443870782852172 2.2519404590129843 2.0931002497673026 2.7204306870698929 3.1856180727481842 2.0080378949642173 2.1041884720325461 2.3319576531648636 1.6059198081493375 1.7871101945638654 4.1496215760707891 3.897333487868309 3.2420185506343842 4.8242707252502495 2.9958332926034927 2.0112216323614147 0.49220171570778148 1.7474803179502512 1.9561972916126249 2.6368529945611954 4.4553537517786026 2.3946074247360229 3.3681059926748302 1.997200146317488 12.358988180756567 4.3751485347747794 3.0487629175186157 16.914043575525284
leaf_count=28 15 10 9 16 16 73 11 10 12 10 26 15 4 7 16 6 10 15 10 13 16 8 7 63 14 10 5 19 12 15 20 35 10 4 8 9 9 11 12 7 12 8 13 11 9 8 8 8 13 8 7 21 10 8 12 22 8 11 10 9 7 11 11 13 6 6 12 19 7 10 5 10 13 16 16 9 5 10 6 8 10 6 9 10 8 7 8 8 5 10 8 6 56 8 12 17 3 28 9 7 8 7 8 4 10 7 7 4 5 7 6 13 10 9 14 13 7 2 4 5 8 9 7 6 5 24 7 8 32
internal_value=0.0202221 0.0243875 0.0148736 0.0249127 0.030007 -0.000341611 -0.0153614 0.032574 0.0112257 0.0131697 -0.00197995 0.00624098 0.00499773 0.00381939 0.0128594 -0.00256036 0.0291904 0.00576933 0.0129447 0.0229848 0.0122718 -0.00958867 0.012222 0.0354075 0.0288564 0.00221839 0.00447148 0.0331763 0.0311989 0.0250031 0.0314188 0.0419273 0.00173242 0.00837115 -0.00330759 0.0156245 0.00069409 0.0146059 0.0209757 -0.0221305 0.0032283 -0.022996 0.0383186 -0.00915452 -0.00213584 -0.0252741 -0.000843794 0.00599415 0.020964 -0.00728483 -0.0116412 0.0017366 -0.0114527 -0.0284693 0.0358713 0.0325395 0.00981395 0.0223681 0.0102896 0.0161267 0.00460888 -0.0216737 0.0379463 -0.0176249 -0.00455236 -0.0197513 0.00160193 -0.00183136 0.0188004 0.0219538 -0.0324199 0.0451823 0.0326286 0.0175937 0.024095 0.00275785 -0.0115804 -0.0351365 -0.0158016 0.00416595 -0.010131 0.00386022 0.0208788 0.0335138 0.0243478 0.00899394 0.0146632 0.00334027 -0.00466703 -0.0163314 0.0255195 0.0453034 0.0481292 0.030929 -0.02201 -0.029734 0.0402491 0.0366936 0.0385137 0.0347848 0.046351 0.0295951 0.00825411 0.012221 0.00472218 0.0133297 0.0126004 0.0167002 0.00987912 0.0011207 -0.0295341 0.0146745 0.00685354 -0.00181948 -0.00290376 -0.0310475 0.00941336 0.0444071 0.0396757 0.00434901 0.0341896 0.0270265 -0.00789673 0.0332377 0.0452262 0.0417245 0.0447538 0.0302072 0.0419555
internal_weight=596.863 496.436 184.253 115.443 312.183 100.426 43.8112 289.559 56.6153 36.7334 68.81 49.8769 51.0673 22.1956 72.5752 22.6242 7.53391 30.8644 24.7504 35.3074 21.0392 19.6832 41.1404 252.826 14.6045 48.5716 46.291 205.922 175.286 75.3709 59.6515 29.7709 15.7193 13.3928 10.9049 6.34001 18.8965 39.508 29.8806 17.7427 37.2678 6.11401 14.2682 14.6617 12.137 6.43477 32.0855 16.8357 7.95734 8.8784 11.8278 30.2555 11.4527 7.58968 99.9151 73.6953 18.8028 9.53315 16.2105 13.5202 9.06014 8.73659 48.7822 16.2287 7.76379 5.16239 43.5606 36.4251 7.13551 24.9131 5.90896 46.903 10.5746 36.5828 21.704 6.822 4.01618 21.6155 4.47659 30.5161 7.57236 5.28253 9.0582 13.6702 8.20576 22.9437 16.3155 9.4396 6.62827 4.70682 21.8172 42.8681 36.3763 6.49177 5.85544 8.46495 44.5758 31.967 31.2586 25.6343 7.77152 17.8628 14.8788 12.6268 10.5337 7.81328 13.6833 11.6752 9.57105 7.2391 4.56494 7.58055 10.0368 6.13943 9.26968 5.00576 7.04996 30.6365 19.1537 5.31919 11.3086 7.09221 5.27958 15.4189 26.2198 18.7313 16.7341 6.87588 18.6615
internal_count=1533 1215 501 279 714 318 156 642 162 103 222 150 155 67 200 72 17 93 70 87 58 66 117 539 34 151 141 453 396 184 135 59 49 39 35 17 60 110 76 67 113 23 29 50 39 24 101 51 21 30 41 93 39 29 212 164 54 24 46 36 27 33 101 58 25 19 136 117 19 63 24 86 23 99 55 21 14 89 16 93 26 16 24 30 20 67 45 29 22 17 53 79 65 14 22 33 90 68 65 56 15 41 44 36 32 22 39 32 28 23 18 21 30 20 30 20 20 57 38 16 25 17 18 34 48 36 31 16 36
is_linear=0
shrinkage=0.0283043


Tree=10
num_leaves=141
num_cat=0
split_feature=21 9 9 9 9 17 17 17 20 9 20 9 20 3 1 17 17 17 9 21 7 3 21 9 7 17 7 7 17 21 20 21 21 20 20 21 1 21 7 7 21 1 17 1 17 1 7 3 9 9 9 20 9 9 9 20 7 21 9 7 7 3 9 21 17 17 20 20 17 9 7 3 20 1 20 7 3 20 9 7 20 21 1 7 7 20 9 9 7 9 3 9 9 20 17 9 3 17 7 7 17 17 3 9 21 7 3 7 20 9 7 21 21 20 21 20 21 21 20 3 7 17 3 21 20 20 7 7 20 20 20 17 21 3 9 20 17 17 20 20
split_gain=27.2798 27.3536 42.7343 24.8358 24.4429 17.3339 13.2846 15.8185 12.0421 12.4928 11.7962 11.2488 11.9771 10.7534 8.60508 8.09028 17.2699 12.2892 11.3082 9.92074 9.63295 9.50022 7.92403 7.4984 7.38235 7.27436 7.24401 7.22737 9.52514 8.10688 6.96171 6.93517 8.93319 8.23259 7.86917 7.23661 7.70172 6.77809 6.44011 8.31603 6.34441 6.31346 11.3591 11.1974 6.25933 6.03575 5.7068 5.61933 5.60064 15.1952 6.80316 8.20857 9.14173 6.70999 8.28707 5.4699 5.44398 5.44331 5.83885 5.38814 4.97276 4.91564 6.06154 4.8945 4.78305 7.14712 5.89002 6.35333 7.5166 5.14588 4.95702 5.68922 4.75426 4.4859 4.34435 4.1238 4.0569 3.97591 3.88064 3.74411 3.69078 3.63961 5.14397 5.01783 6.71676 3.6884 3.55859 3.50622 4.36298 3.50074 3.39495 3.38245 8.07539 3.36011 5.90905 7.13402 6.87664 4.82553 5.15885 7.98483 5.30579 4.28313 6.80838 3.35795 3.31463 3.23435 6.55608 3.02976 2.73363 2.71978 3.70885 4.56954 3.79497 2.6567 5.01409 2.3182 2.27087 2.26578 2.12291 2.07299 2.02052 2.40166 1.98495 1.93643 1.80619 1.80139 1.77853 2.54565 1.73361 2.86204 1.48671 1.34766 1.26983 1.24501 1.19698 1.17353 1.10873 1.03333 0.918892 0.843291
threshold=-0.73904574210442409 -0.28108874763672004 -0.47010210989074752 -1.052135930315423 0.07502834376458388 -0.16602242974251061 0.025642339064800786 0.41349126140991405 -0.3793901831007705 -0.35671796791040516 -0.96687925203442904 -0.43101016734793562 1.0473369211849732 0.093913428148365355 1.0412949664852076 -0.15749014305305004 0.061125353231130393 -0.02242482396315337 0.63009095220277966 1.6460536529396244 1.1716208420555188 0.099589182588297978 0.16880322003535783 0.91368262170004366 0.22075529798981683 -0.52854721351159928 -0.21618311553731298 0.15100749012549727 -0.13276988778153073 0.60789449400191375 0.27039397430373791 -1.7441608616511062 -0.9459311895854926 -0.87415982091568611 -0.31457635806644746 -0.77383764347896622 1.2476442076580196 -1.8671016944104351 0.093046950903430764 0.70648391097688401 -0.64740108675260932 1.3405782154614689 -0.078508050855749079 1.0000000180025095e-35 -0.87124124876500109 1.2784554056297786 1.2393615985329636 0.085616578776102792 1.0506237974602561 1.447679193511443 0.60027857093947068 0.013408030872149866 0.45295160832698411 1.1986272289481783 1.3226120361294622 0.8379825305873817 0.21883695605650558 -0.82518699418382335 -0.31042362145854513 0.35410778405918192 0.2292603168502195 1.0872788462803915 1.2586578728000577 -1.606693878623384 -0.29624694234306709 -0.093439552562305045 -1.054810589883995 -0.26412681283965445 0.077030860267533544 0.82062437981219738 0.33085481854384358 0.063820105128305951 -1.2662098953152976 2.801322098885914 -0.41569989039202637 0.31131656139647773 0.1145471604352037 -0.67298508965293802 -0.32929312385451565 0.70648391097688401 0.36775187077699562 -0.50565892779223776 3.4598489037962388 1.3839469191598097 -1.0000000180025095e-35 -0.27704468947212063 -0.38535249748472061 -0.29709320538378736 0.066666977149978365 0.46254950790080968 -0.0090877196999256393 1.1682100049256565 1.447679193511443 0.17695134159746317 -0.063683689735476265 -0.35366987874226657 0.10146139325424799 -0.045917832519065338 0.24631470929780669 0.12996117226755161 -0.084576104060696475 0.92399667494267201 0.109699120184428 -0.32440663103666412 0.075528801482698679 1.2171731464603874 0.71330969262705335 1.4177119549224251 1.7257249482756565 0.46707787013754815 1.2276519506625785 0.71484475158774308 0.26538440450277284 0.897160370836111 0.33749552120099208 -0.96687925203442904 0.32341814630674431 0.67476202474959102 1.2024262547318967 1.226305268837699 0.9734771888396957 -0.36568378230786647 0.08930187766592014 -0.90185672389309923 -0.82218905855649849 -0.36056200383916442 0.61582284943496413 0.74104733182157145 -0.34924015829642402 0.11211257857736352 0.22827371632645002 1.0356469059030446 0.83655735700730516 1.108691024054651 1.0506237974602561 -0.52410531456447795 -0.057596156423931927 -0.23446578427086595 -0.78440801010440186 -0.36056200383916442
decision_type=2 2 2 2 2 2 2 2 2 2 2 2 2 2 2 2 2 2 2 2 2 2 2 2 2 2 2 2 2 2 2 2 2 2 2 2 2 2 2 2 2 2 2 2 2 2 2 2 2 2 2 2 2 2 2 2 2 2 2 2 2 2 2 2 2 2 2 2 2 2 2 2 2 2 2 2 2 2 2 2 2 2 2 2 2 2 2 2 2 2 2 2 2 2 2 2 2 2 2 2 2 2 2 2 2 2 2 2 2 2 2 2 2 2 2 2 2 2 2 2 2 2 2 2 2 2 2 2 2 2 2 2 2 2 2 2 2 2 2 2
left_child=31 2 3 5 126 44 22 -8 9 90 -11 -10 93 24 38 19 17 21 20 25 26 27 -7 59 86 48 30 28 -17 -29 131 37 41 115 57 36 -36 87 113 117 -19 43 105 63 55 47 -31 -24 50 53 51 52 -6 -50 104 81 -28 123 -59 -21 -12 124 89 -33 70 135 75 69 76 119 71 77 -5 -44 -27 -67 -69 -65 -70 130 -41 -2 83 84 132 -86 116 -1 -89 -63 -4 -20 -93 94 -13 96 -96 98 99 100 -95 -99 -103 -62 -55 106 -43 -72 -57 110 111 112 -53 114 -9 -34 -14 -40 -30 -68 -81 -122 -16 -35 -23 -54 138 -128 -51 -130 139 -18 -83 -49 -126 -66 -92 -76 -3 -74
right_child=1 4 8 72 15 6 7 14 11 10 60 12 13 -15 122 16 18 40 91 23 -22 61 45 -25 -26 74 56 29 118 46 -32 32 33 34 35 -37 -38 -39 39 80 -42 42 73 -45 -46 -47 -48 133 49 128 -52 109 125 54 -56 108 -58 58 -60 -61 103 62 -64 64 65 66 67 68 78 -71 107 -73 79 -75 137 -77 -78 -79 -80 120 -82 82 -84 -85 85 -87 -88 88 -90 -91 136 92 -94 97 95 -97 -98 101 -100 -101 -102 102 -104 -105 -106 -107 -108 -109 -110 -111 -112 -113 -114 -115 -116 -117 -118 -119 -120 -121 121 -123 -124 -125 134 -127 127 -129 129 -131 -132 -133 -134 -135 -136 -137 -138 -139 -140 -141
leaf_value=-0.023520155312339256 0.050709779086125568 0.036221075031777794 0.0033162369165666847 -0.044765769670247105 0.026477578739844167 -0.042718647406876802 0.05290022852989848 0.04624824781440736 -0.043805678655024737 -0.04209524653288356 0.031652434611101017 -0.043282810883393696 -0.01878471128633772 -0.04019497887186585 -0.045413899942846697 0.018094598986450359 -0.044220966166611343 0.0097609738809726586 0.054371892274341312 -0.0068363215955606097 -0.041563132416952947 0.056845405951927469 -0.043472068651046317 -0.045417757990869258 0.056709314849435817 0.022766116260377247 0.047169018589506097 0.04012212234593529 -0.043599250139510763 -0.042669077622017861 0.023419613742216735 0.037719148591096319 -0.044988744205918189 0.017340947872841347 -0.044261666466244368 0.024767221747212187 0.017595774449651148 -0.044521233869023957 -0.043427000055127479 0.028978709089781545 -0.043477767481175912 -0.018807987400270124 -0.044554655588248511 0.048434746858435893 0.048537474931707007 0.036676075905639073 0.020703963641230626 -0.0056292492777975031 -0.043002003116474702 0.056138521560055325 0.050231655953367607 0.023566478752535272 -0.045177015874161439 0.032958779447102932 -0.041276444929416525 -0.02156983504747674 0.010710621499822036 0.016985816635029505 -0.043386696612730383 0.043633754685205126 -0.023078520203276418 0.0077916866148106355 0.044289086598848684 -0.019525525778896709 0.028849758459397766 0.036930983507552299 -0.045074051605117522 0.0084927753199992191 0.00508341601231621 0.018007353169721921 0.030232318711799738 -0.044249391115370296 0.04726692201134923 0.00022914104868701509 0.053813120219508112 0.0035403263898275265 -0.042778159308232686 0.026285061367683129 0.045465301046864401 0.016632375636298845 -0.01392250131960752 0.017655418309132587 0.055034285295688254 0.044599206940808711 0.004460471852297615 -0.043030356081291667 0.038554916564617035 0.028800273613479432 -0.011165982064795734 -0.04276602193290592 0.037912059477540894 0.0022832861396189161 0.047520552085541796 -0.0068125191051676293 -0.019918803549797966 -0.042476644372813108 0.037472164614701618 -0.043601180231057364 0.030735672822031098 -0.042708415754021983 0.046745222939023591 0.023235102634721956 -0.04119418720863164 0.021755225857576145 -0.0028667233477028035 0.045883426582703807 0.043742738657704165 -0.0098155666348825853 0.019822724411671884 0.055275754130683752 0.051871207374539305 0.040344627153619993 -0.019372626328286353 0.0047929616990373637 0.0095619757932808476 -0.0078288943879596829 0.018967853637125817 -0.0043191042063422166 -0.0082697781781118276 -0.0097867160217617166 0.020182058989903062 0.046882094999707649 -0.0084814293498319572 0.042310993406135138 0.040111897146659289 -0.0087799537107007691 0.019584760469002427 0.048622005567820217 0.0094555267368047913 0.044950773542868735 0.053252370480197146 -0.011984769143015555 0.043068968719815089 0.021315014693071052 0.018933526694377964 0.049513966407422901 0.058531272503225741 0.041063241079530674 0.051747079864753638 0.033687698709594815
leaf_weight=3.2008784860372534 4.6045743376016643 2.9890912026166907 1.3303220719099043 0.4785957932472219 6.0391840189695376 5.4164683222770682 6.8584986329078665 6.9107598364353233 6.0014142245054236 3.6652673333883277 5.9162809699773771 6.1347961425781241 2.6779459714889517 1.8406291007995594 2.5857249647378913 3.9124092310667029 1.8508000522851982 2.357195109128952 11.854301273822786 3.3894946277141553 1.8648661822080601 3.1265364289283761 2.7980089485645276 1.9257324337959287 4.3730506896972656 5.4646971374750164 8.8415817618370038 5.296299606561659 5.4707989543676403 2.0809585452079773 4.549599677324295 6.1606997847556988 3.9591342359781265 4.138119190931322 5.7574095726013184 2.5653435140848124 1.9433187544345853 3.287683591246604 3.4187226742506009 5.1089385747909546 5.2305334806442252 2.7048629224300385 4.4014761149883253 8.6090383380651456 11.10122464597225 2.3308959007263175 1.9357822090387342 3.3096619099378586 2.5691038668155697 3.7494807243347168 13.601249292492865 3.655470892786985 2.1158382296562199 4.8776848167180997 2.0752535462379456 2.7087443321943274 4.6371305435895929 3.0191326886415482 1.851505026221276 2.7412618100643158 3.1622604578733435 2.3958716690540305 2.1064199805259705 2.8961742967367163 3.4353297501802444 8.5187173634767408 3.7183495610952297 2.3736313730478695 2.6436926126479996 1.9187035858631132 4.2626287192106238 3.2555558830499649 7.3539431095123291 2.6659651845693588 16.840157389640815 4.1263572722673407 2.0700382441282272 2.585318461060516 4.859390243887912 4.8455940485000601 2.0226977467536926 4.105757743120197 3.118677854537963 3.5734588354825965 2.4176610857248342 2.2922622263431531 2.3324417620897284 4.2948772162199003 3.8154717236757278 1.6203068345785139 3.1868001818656921 4.1974468082189551 10.078884914517401 3.5659791678190178 2.8964428305625907 2.9627234190702429 3.160691112279892 3.6847731620073354 4.2633634209632882 2.9716994911432266 2.0913149267435074 2.7913853973150253 2.0292351245880127 1.92332972586155 3.1114916801452637 2.7265299558639526 2.1013568192720413 1.994303837418556 1.9489220678806303 4.3695068955421439 4.5961777269840232 5.9397973716259003 2.5213130414485931 3.7471101582050315 4.6463590860366821 1.7522946000099207 1.9605749398469923 1.5482260286808012 1.5778014212846754 1.7742154896259306 3.7345765829086295 7.3643120676279059 1.7490388453006742 5.0606900900602341 5.3007955104112625 1.7800774872303007 3.737381160259245 5.2425835877656937 2.4253981709480268 4.8538680374622345 18.059852361679077 1.8108347654342649 2.1114050000905991 1.9372713714838026 3.0398426800966263 4.6086981594562442 4.3568764328956622 6.5832788795232728 34.748701483011246 6.2125450819730776
leaf_count=12 8 6 4 2 14 24 11 13 26 16 14 27 10 8 11 10 8 7 19 11 8 5 12 8 7 13 16 11 24 9 11 13 17 11 25 6 5 14 15 12 23 10 19 15 19 5 5 11 11 6 23 9 9 11 9 10 13 8 8 5 12 7 4 11 8 18 16 7 8 5 10 14 13 8 27 13 9 6 9 12 7 11 5 7 7 10 5 10 13 7 7 13 18 12 11 13 7 16 10 13 4 7 9 5 10 5 4 7 5 7 8 12 9 11 13 6 5 5 5 6 9 13 6 10 11 6 9 9 7 9 29 6 4 5 8 8 7 13 57 13
internal_value=0.019684 0.0228674 0.0156086 0.0249701 0.0293245 0.0164151 0.00618018 0.0150627 -0.000975932 0.0158571 8.77575e-05 -0.00816133 -0.00377388 0.0191302 0.00671628 0.0250352 0.0190597 0.00649468 0.030544 0.0304269 0.0164753 0.013002 -0.0154864 0.00101985 0.0295048 0.0329366 0.0216336 -6.40246e-05 -0.0155268 0.0178939 0.00157177 0.00818684 0.0105061 -0.00267003 0.0044074 -0.014179 -0.0278878 -0.0100374 0.0125003 -0.00273792 -0.0258527 0.015218 -0.00152786 0.0187583 0.030988 -0.001396 -0.0112666 -0.0126511 0.0279205 0.0168647 0.0337812 0.026539 0.00560576 -0.00410179 0.00587069 0.0237357 0.0343126 0.018 -0.00516816 0.0151825 0.0144017 0.0281116 0.00835189 0.0145279 0.0118445 0.0169216 0.0109761 0.00120016 0.0137631 -0.018933 -0.00162843 -0.0153263 0.0414201 -0.026998 0.0447598 0.0256925 -0.0138429 0.00156483 0.0308601 0.042374 0.0163324 0.0294764 0.0237295 0.0166633 0.00720639 -0.0177286 0.0119852 7.24814e-05 0.00993683 -0.0117942 0.0418616 0.0432925 0.0342934 -0.0120709 -0.0221998 -0.007911 0.00943492 -0.00492305 0.0059086 -0.0063124 0.0126642 -0.0211838 -0.00428352 -0.00539807 0.0188579 0.0219584 0.0091094 0.0170331 -0.00345786 0.0363795 0.0313448 0.0231936 0.00665821 0.024553 0.0313275 -0.0314331 -0.00222744 -0.0301031 -0.0351074 -0.0330881 0.031395 0.0377331 -0.0293318 0.0307599 0.0389907 -0.0273474 0.0476857 0.0367843 0.0406993 0.0333759 0.0479767 -0.0270125 0.0258135 0.00403524 0.0325594 0.0401145 0.0495126 0.050084 0.0504413 0.041063
internal_weight=595.837 466.78 219.7 140.42 247.08 92.3711 54.3884 38.5961 79.2796 23.5411 14.6671 55.7385 49.737 13.1846 31.7376 200.363 95.137 45.4516 49.6854 105.226 23.5548 37.8638 15.7923 8.05649 11.344 97.169 21.6899 20.274 10.961 9.31304 8.21123 129.057 114.458 30.0469 24.3355 10.2661 7.70073 14.5989 27.4028 12.0986 7.58773 84.411 14.6002 69.8108 37.9827 10.3758 4.01674 8.04494 68.2809 23.6623 44.6186 31.0174 9.9351 12.6335 10.0644 26.8815 13.4787 14.0694 4.87064 6.13076 11.0019 17.5898 6.1226 61.2018 55.0411 40.0471 32.0031 19.358 11.9468 7.41127 14.994 8.73705 48.0494 7.06744 28.8881 12.6451 4.44367 5.48149 7.50308 47.5708 7.13164 22.2238 17.6192 14.5005 10.9271 4.70992 6.97096 11.3112 8.11035 4.01618 8.874 26.1306 14.2763 36.5524 15.1547 9.01986 6.05713 21.3978 12.8924 8.62899 5.65729 8.50539 4.82062 5.08559 7.98918 7.53275 4.80622 6.25693 4.65767 21.0823 16.7128 12.1166 6.17678 15.3042 11.5571 5.71143 4.63852 4.96695 7.0486 5.49257 15.9445 11.0989 4.33476 9.19881 11.4672 3.89592 46.7178 8.97996 11.0287 7.27927 31.6263 3.66163 6.21716 5.24693 8.34064 8.04403 7.54368 23.4234 37.7378 13.5665
internal_count=1533 1159 593 338 566 247 161 104 255 65 47 190 164 35 93 485 248 136 112 237 62 106 57 24 27 213 54 64 39 25 25 374 325 96 73 36 30 49 76 39 30 229 46 183 86 33 14 28 160 63 97 74 29 41 30 67 29 37 16 16 31 42 18 168 155 107 91 60 33 27 48 31 91 27 53 31 16 17 17 89 19 52 44 39 32 17 20 35 23 14 18 50 31 129 58 31 18 71 39 29 16 32 16 17 21 19 14 17 15 45 38 30 18 37 26 23 15 20 29 22 34 22 17 21 24 15 81 18 22 16 55 14 15 16 19 16 14 40 63 26
is_linear=0
shrinkage=0.0283043


Tree=11
num_leaves=126
num_cat=0
split_feature=12 12 12 12 9 9 9 4 8 9 12 11 12 16 8 8 7 16 4 4 4 9 8 11 9 9 11 16 16 4 9 9 9 11 16 12 7 8 7 7 16 12 7 11 4 11 9 11 7 4 16 16 16 8 7 16 11 11 7 8 9 11 9 12 8 11 9 11 9 16 7 8 9 4 9 11 11 4 4 12 7 12 8 12 4 4 7 7 9 7 7 11 16 9 16 9 7 16 12 16 7 7 12 7 16 8 11 7 8 16 16 12 7 4 7 7 7 8 16 7 16 11 4 4 9
split_gain=38.1886 44.4436 44.5518 30.5661 20.0402 23.1432 13.2594 13.3548 10.9193 10.7657 10.3572 10.0684 9.25088 8.99184 8.55766 8.36952 8.15561 8.21308 7.99014 12.8665 7.46136 6.84924 7.41361 10.7175 6.79375 8.17367 6.71082 6.20739 8.85692 6.66029 7.57108 6.09932 7.88644 5.99617 5.95622 8.5166 5.75075 5.60051 6.092 5.58218 5.47544 5.31591 5.20468 5.148 5.93857 5.0906 5.46639 6.07336 5.56704 5.07624 4.79743 13.3652 6.05486 5.88943 4.94983 4.77859 5.864 4.7731 5.87027 4.4904 4.34377 5.17945 4.67924 5.4329 4.33233 8.4292 4.29482 4.51403 7.7687 4.28071 4.22407 9.40277 4.00577 3.92818 3.85802 3.75131 3.63256 3.59288 3.46417 3.37879 3.06959 3.06125 2.8749 3.38264 3.2868 2.81186 4.87273 2.47981 3.48546 3.84043 2.46167 2.37478 3.78284 2.36587 2.2924 2.16239 2.34342 2.02645 1.97296 1.94343 4.41593 3.93946 1.89559 1.82752 3.75267 1.76838 1.75437 1.74124 1.68842 1.65002 1.58854 1.54763 1.51931 1.48546 1.48278 4.99138 1.42949 1.32208 1.31959 1.24971 1.06073 1.00396 0.943135 0.889348 0.855469
threshold=0.11462330599291799 0.29983279267315516 0.91236174323230845 -0.60255286843806577 -0.27648080082640075 -0.47010210989074752 0.31896302024661327 1.4666020836045892 0.042560740165603447 -0.70549736162757382 0.052414556294340435 0.34224386086857111 0.21583902089734722 0.091779788274736679 0.10039882182788062 0.95924734351879415 -0.13501396552668993 1.3614019242229567 0.63019655941496899 0.47900759817615923 2.7301937317447744 -0.40729396442090399 0.073114675992950628 0.33588749821116021 0.43531566682151351 -0.43101016734793562 1.9100685891025475 1.2905995213833343 1.8301420572083347 0.3570640044197258 2.0326258093291707 -0.33713220435220898 -0.31042362145854513 0.30929113867094105 0.48889339617006738 1.5194996368078226 0.25990943305641651 -0.766271742389803 0.28338417220566375 0.093046950903430764 0.29586336206431357 0.17581088278162543 1.4177119549224251 0.346749072295929 0.290506821784629 -0.10925861504941378 0.32756611265068086 0.25176048086465569 1.4177119549224251 0.35400762380169054 0.28368695581428677 0.091779788274736679 -0.66209634182949928 1.4546107375795976 1.2699996260574651 -1.0000000180025095e-35 0.25506132884113569 0.23578036211365599 0.2028914317784625 1.1528698179799519 0.38319572958355047 0.11758547122611591 -0.51304594579486251 1.6678457014173407 1.2432295833392641 -0.0079917215547679141 1.584294072519975 1.5234010122901538 0.87739205614727001 2.3676036843510126 0.12326360852350565 -0.29019423541002315 0.53920536917368522 0.42984182054800019 0.50470545652647647 1.4338097533609626 0.47501377981441989 -1.0000000180025095e-35 0.45714548740244837 1.3150074616673344 -1.0000000180025095e-35 0.24858095230480617 0.27481372753118644 0.35426774859839671 -1.0000000180025095e-35 -1.0000000180025095e-35 0.12326360852350565 0.61582284943496413 -0.55051436303662937 1.4990585238401752 -1.0000000180025095e-35 -1.0000000180025095e-35 0.15931660669705075 -0.37482345840000159 1.3519554229274624 -0.0097133101840849983 0.8277719113616101 0.185884247745121 1.9727164136712838 0.67180732965185663 1.3839469191598097 0.18767776049231835 0.84985860134349789 1.2276519506625785 0.16807290560781454 1.3328159552572567 0.2903558688599171 1.4282572912147888 0.045713052673263137 1.0199783774000835 0.19636090185364652 0.26680566883140816 0.093046950903430764 0.13189864641811785 0.18767776049231835 0.111110413385303 0.76835875483744098 -0.11080611618531641 0.14080476064688327 0.93738352992103746 0.37345447194181053 0.11076074500447482 0.27408626709165529 -0.014915495504680744 2.2127495747142403
decision_type=2 2 2 2 2 2 2 2 2 2 2 2 2 2 2 2 2 2 2 2 2 2 2 2 2 2 2 2 2 2 2 2 2 2 2 2 2 2 2 2 2 2 2 2 2 2 2 2 2 2 2 2 2 2 2 2 2 2 2 2 2 2 2 2 2 2 2 2 2 2 2 2 2 2 2 2 2 2 2 2 2 2 2 2 2 2 2 2 2 2 2 2 2 2 2 2 2 2 2 2 2 2 2 2 2 2 2 2 2 2 2 2 2 2 2 2 2 2 2 2 2 2 2 2 2
left_child=3 11 82 4 5 9 95 18 -9 26 87 20 24 39 34 31 74 64 19 27 21 55 37 41 25 -13 50 29 -29 45 72 43 78 91 36 80 40 38 57 122 60 -24 -40 44 114 59 -47 -48 66 90 51 52 53 54 85 56 -2 58 118 70 62 -62 98 -64 65 107 67 76 -69 99 124 119 -31 93 -16 110 -49 -53 -33 106 -36 -43 83 84 -3 108 -87 105 -89 -90 -39 92 -17 -46 -57 -6 112 -10 -4 -52 101 -101 113 104 -73 117 -38 -18 -1 -15 -35 -14 120 123 115 -7 -11 -5 -23 -72 -97 -118 -12 -85 -8
right_child=1 2 14 10 6 15 7 8 97 116 13 12 111 109 16 33 17 -19 -20 -21 -22 22 23 -25 -26 -27 -28 28 -30 30 -32 32 -34 75 35 -37 79 49 42 -41 -42 81 -44 -45 73 46 47 48 -50 -51 69 77 -54 -55 -56 94 -58 -59 -60 -61 61 -63 63 -65 -66 -67 -68 68 -70 -71 71 103 -74 -75 -76 -77 -78 -79 -80 -81 -82 -83 -84 102 -86 86 -88 88 89 -91 -92 -93 -94 -95 -96 96 -98 -99 -100 100 -102 -103 -104 -105 -106 -107 -108 -109 -110 -111 -112 -113 -114 -115 -116 -117 121 -119 -120 -121 -122 -123 -124 -125 -126
leaf_value=0.010006819887136068 0.017288867282905768 -0.0016955964637252155 -0.007482874830759826 0.043936416625732271 0.048121110120367266 -0.043210445147186805 0.035578601556712934 -0.04370108254355469 0.028487160455445602 0.046031957215328226 -0.017109850819349483 -0.023162005968913803 -0.042988079848281513 0.022930527378620467 -0.044617624464979612 -0.0033507863984780588 -0.044403734224399506 -0.042422724335354579 0.049661086211299055 -0.040497253915422228 0.042162449246945725 -0.004380384494351376 0.0025512260970282793 0.041692991247073229 -0.041313096935037222 0.031530396397826253 0.043415539774362182 -0.04211286638202337 0.023512680095138728 0.0043593942058584448 0.041984456351420139 0.032939819515772656 -0.040548534233732073 -0.043987438391173576 0.018927379227945434 0.047917127269886041 0.018388028159636343 0.051100715614076135 0.035370775892765438 0.018749911557545077 -0.041723838347782018 -0.043417984669253958 -0.013208809700409403 -0.043543948137858064 0.0034400632599826957 -0.039862827744623699 0.053098726718440424 0.014435308086334923 0.05576812603308301 0.00038282858735800136 0.047634553685587784 -0.0058161452442506449 0.046428009482168693 0.037116887120785168 -0.040751334035476705 -0.043017083671545046 -0.040941119605208375 -0.042492985407408999 -0.042127617722139493 -0.0093626292824699701 0.029779449637550609 -0.016563175833389326 0.0012756526214219156 -0.044837259446675846 0.034604618126273294 0.024611408418392409 0.049230382198958131 -0.042805237018393401 0.02658511621740418 -0.0039177546357525546 -0.0432128625987784 -0.0027637824511073006 -0.043285951948531014 -0.021876650167205716 -0.0065837328857955065 0.020046572347454363 0.037440628605348032 -0.043736676684691819 -0.0029607166157830846 0.003133149797293741 -0.018194906211137066 -0.0015271236705689799 0.052820911948622797 0.040994506619033887 0.041295925256967646 0.0091866157382525342 -0.041260705140653935 0.043064355642196094 0.00048521515825931515 0.041973296731613971 0.022120947129768722 0.044470585250273607 0.037796482362540129 0.037253433890896574 -0.0078266681222363913 0.029936471951148853 0.016073191366295026 -0.0064597882496664812 0.018240461849456605 0.028506653163401712 0.05373795873398457 -0.017103248050556068 0.023812961592377137 0.041045154566104615 0.043082341417044236 0.03051107089803267 0.044204705734156788 -0.0090738853544197178 0.038031023844457064 0.045698021752452148 -0.0087991944402283032 -0.018809840964343266 0.049751004268577932 0.049434207527986961 -0.043217613732690709 0.0092622335492392304 0.038955786849310177 0.052969032186153751 0.0174143032128725 -0.011989667341974311 0.045904009769734626 0.017908944219868737 -0.044177745092586096 0.027648814447831644 0.022088114438958917
leaf_weight=4.6507439613342312 4.0849201679229736 3.1003867536783218 3.3769972026348132 30.420108377933502 16.204263880848885 2.9843715876340884 13.224622145295141 4.164163723587988 3.429744228720665 11.933881774544718 2.0759285390377076 3.3306654989719382 10.091335520148276 3.679888650774954 5.0920804888010043 3.3049165457487097 2.2856806814670581 2.2951022982597342 8.9555840045213682 2.292574629187583 2.9424824118614188 3.3141310065984708 3.9589170962572089 2.1103380471467963 2.4947329759597769 5.1009913831949261 5.6872564852237693 2.5299208164215079 3.6536947935819626 2.6108043342828742 2.1156691759824753 5.0855912119150144 2.035429164767268 1.8631695657968514 4.7283544987440109 7.9299064427614212 3.0481974482536298 4.6106673032045355 5.542966201901435 3.9243553876876831 2.0473285168409339 7.244375601410864 2.2431697845458984 5.2551903724670401 4.1184675842523575 0.69684407114983216 11.201132595539091 10.620475769042978 4.9967066049575797 4.1758842021226874 3.9828028231859198 3.2835928797721863 3.9796792566776302 4.4500707387924185 1.7908908128738392 5.8559865057468397 1.8021811395883558 2.7228977233171454 2.0699647814035407 3.5684238374233237 7.6905005574226362 2.2946639060974121 3.9515969008207383 3.7181222140789032 4.6440494805574408 5.3635342121124268 4.6122653037309638 2.0909107178449622 2.537263497710228 3.0838330388069144 1.8368471562862407 3.1360109001398051 2.5250905752182007 3.1312477588653564 3.3245044499635696 1.9248962998390196 10.587527096271513 4.3509829491376868 3.2639087587594986 3.9438622146844855 2.4823645800352079 1.5144180506467817 11.206828951835631 13.267404481768606 2.1087332665920249 4.6090421527624157 2.0118134170770645 12.448231697082521 3.8372788876295081 2.7397614121437073 3.8984220921993282 3.5767728239297858 3.1497045308351517 2.3186977803707105 1.753858834505081 12.207429647445688 3.9766154289245597 1.778232082724571 6.0582929402589798 3.4135729670524579 2.4987359046936035 2.2570672482252121 4.5570152997970572 3.5647759437561035 2.1064755171537399 4.7115663439035407 5.0548480451107025 1.7687602937221525 2.3268059641122818 6.1108468323945999 1.7615064829587934 2.4592029750347129 6.4890970587730399 13.576174572110174 3.4121613204479218 2.3808881342411041 3.6174135953187934 21.775395274162292 5.1810446679592133 1.7830862700939176 3.9881246089935294 2.8676242232322693 1.6155680716037748 4.9716083109378877 4.754621908068656
leaf_count=13 11 10 11 55 28 13 28 18 8 21 7 13 45 9 22 11 10 10 15 10 6 11 12 4 11 12 11 11 9 8 4 12 9 8 12 14 8 8 12 10 9 32 8 23 13 3 18 29 8 13 7 11 7 9 8 26 8 12 9 12 18 8 12 16 10 13 8 9 6 10 8 10 11 12 11 5 22 19 11 12 9 5 18 25 4 13 9 23 11 5 10 7 7 5 6 27 10 6 16 8 4 8 11 7 4 10 10 6 5 11 6 9 11 23 15 7 7 35 14 6 7 7 7 11 12
internal_value=0.0191757 0.00990457 0.0201714 0.0247208 0.0200304 0.0113364 0.02664 0.021662 -0.010233 0.0216835 0.0387126 -0.00563835 -0.0214727 0.0193102 0.00703939 -0.00346064 -0.00676833 0.0047086 0.0245121 0.0221611 5.74738e-05 -0.00201373 0.00292243 -0.0135871 -0.00276356 0.00943813 0.015187 0.0237586 -0.00308445 0.0256722 0.00016326 -0.011351 0.0064811 0.013522 0.0130916 0.0281452 0.00755335 0.0102301 0.00139043 -0.00335461 0.000766604 -0.0234641 0.0208486 -0.0192925 -0.012314 0.0279888 0.0339662 0.0351659 0.0294715 0.0249414 0.0116389 0.00534734 0.0156857 0.00941918 0.00115677 -0.0196257 -0.00118924 -0.0101939 -0.00183012 0.0196794 0.00408507 0.0187417 -0.00446783 -0.0207216 0.0128146 0.00208564 0.0249106 0.020423 -0.00412051 0.0245399 0.0231397 0.0106095 -0.0183622 0.00296678 -0.029017 -0.00942763 0.0258674 -0.0266998 0.0186462 0.0237766 0.00653176 -0.0357232 0.0403384 0.0370108 0.0169759 0.00683234 -0.00607354 0.043242 0.034538 0.0183246 0.0373292 0.0264648 0.0167982 0.015489 -0.0344609 0.0400223 0.0351771 0.0159444 0.00854714 0.0320877 0.0245131 0.0109713 0.040034 0.0260188 0.015999 0.0462012 0.034115 -0.0275447 0.0190555 0.0367016 -0.0262652 -0.0379911 0.0386149 0.0424817 -0.0288002 -0.0200056 0.0401501 0.0477077 0.00852568 -0.0255451 0.0340738 0.0301417 -0.02787 0.0372878 0.0318052
internal_weight=594.331 222.39 133.887 371.941 278.602 120.363 158.239 115.373 9.37214 70.7958 93.3389 88.5036 23.4769 17.4066 81.0987 49.5669 24.7737 16.3571 106.001 97.0457 65.0266 62.0841 48.5872 14.828 10.9264 8.43166 52.3769 94.7532 6.18362 88.5696 7.25156 33.986 10.3849 15.581 56.325 15.1406 41.1844 33.7591 21.0742 7.61585 29.1375 12.7177 7.78614 23.601 18.3458 81.318 47.3431 46.6463 35.4451 12.685 46.6896 31.4536 23.819 19.8394 15.3893 13.4969 5.8871 13.288 10.5651 33.9749 27.0902 9.98516 17.105 7.66972 14.062 9.41798 30.4484 25.8362 4.62817 15.236 30.4064 12.4272 5.13589 9.56841 8.41658 5.54957 21.208 7.63458 8.3495 12.0469 7.21072 8.75879 52.7882 41.5813 5.20912 13.5984 6.62086 75.9323 19.0253 6.57704 8.50909 10.0314 6.45462 6.43717 7.60985 42.8655 26.6613 5.20798 9.43529 12.1522 8.16938 5.67064 36.3722 8.80726 5.24249 56.9071 8.10305 4.05444 6.97755 9.79074 3.62468 12.5505 22.6847 31.8152 8.77742 5.36526 18.4189 52.1955 8.49518 3.61993 16.1956 6.48504 3.6915 18.239 17.9792
internal_count=1533 636 339 897 714 341 373 290 32 177 183 297 90 44 237 164 82 49 258 243 207 201 150 53 36 25 142 233 20 213 23 120 32 44 155 35 120 97 66 24 90 49 20 88 65 190 103 100 82 31 131 94 64 57 48 51 19 46 34 87 81 26 55 28 39 29 74 66 15 37 75 35 19 30 33 19 51 30 23 30 21 37 102 84 14 40 22 139 39 16 18 25 18 18 32 83 55 14 27 27 20 16 70 21 14 100 18 16 18 20 14 54 45 59 35 20 35 90 25 14 34 14 14 36 40
is_linear=0
shrinkage=0.0283043


Tree=12
num_leaves=132
num_cat=0
split_feature=12 12 12 12 21 18 21 5 5 21 5 12 3 21 8 19 8 5 3 12 12 18 5 5 19 5 19 12 12 8 3 3 3 8 3 21 21 12 12 5 21 3 19 21 12 21 19 3 19 21 21 3 8 3 21 12 21 8 8 3 21 21 5 12 5 5 21 19 21 5 5 5 5 21 8 21 21 5 21 12 12 12 12 8 5 5 19 8 5 3 3 3 12 3 5 21 3 21 8 19 21 8 12 19 3 21 3 3 21 21 8 19 8 12 21 8 8 21 12 5 12 21 21 3 8 19 5 5 5 3 12
split_gain=36.1146 42.0461 42.1994 28.9836 19.9779 19.7321 16.2862 13.6082 32.4173 15.0493 11.464 9.85158 9.61501 10.7166 10.8557 9.51994 8.08425 8.69042 7.95402 7.83795 14.988 7.45057 7.3562 7.137 6.90343 5.77178 9.2869 6.19761 5.4714 5.28998 5.54058 7.42017 8.38179 7.97604 5.42401 5.2506 6.88421 7.64339 5.22287 5.08471 5.00921 4.86001 4.73388 5.65778 4.69309 4.60257 8.6028 7.30698 4.42553 4.80824 4.38909 4.17898 4.62807 4.08865 4.64376 5.79562 4.07094 4.04335 9.07806 4.02866 11.0255 4.55258 4.98892 4.56203 3.98533 4.44438 4.21824 3.88857 3.6706 6.38366 7.64053 12.0514 6.91177 4.55161 4.14933 4.14502 3.63241 3.52303 3.55777 3.30977 6.08035 7.69719 3.26593 8.03808 4.88201 9.92034 5.09301 3.7311 4.13534 3.09159 3.05121 3.61761 2.99349 2.81046 2.78795 2.73505 2.73087 2.70256 2.61197 3.54251 2.40255 2.3771 2.20666 2.22209 2.17722 2.06929 2.1052 2.04814 2.32933 1.93407 1.91074 1.71229 1.70195 1.65938 3.12532 2.01887 2.24555 1.63081 1.51299 1.29976 1.23769 1.15809 2.45536 1.27011 1.02661 1.00752 0.994408 1.30247 0.955111 0.914946 0.88657
threshold=0.11462330599291799 0.29983279267315516 0.91236174323230845 -0.60255286843806577 -1.6536027150998542 1.9128762108979334 -1.2194479702488985 -0.086938677954293817 0.12163859003174977 -0.73323528199706678 0.8236057800318749 0.052414556294340435 1.0000000180025095e-35 0.83655735700730516 0.056090230493509197 1.7504560988586031 0.10039882182788062 2.0738995354769036 1.4838130653286001 0.21583902089734722 0.2572563221607303 2.087699785627835 0.77061889071977385 -0.42867486770556484 0.41165917741782071 2.1557706393763443 0.64388945687052757 0.26864562002036341 0.20915079832549491 2.1313789476867782 0.21955847131430425 0.0076932001111945369 0.08930187766592014 1.5549952483048839 0.96113126235674995 -0.51683107263280703 -0.25351802679207752 0.19701632023433482 0.1946611827124721 3.5675133203949012 0.38220772031980293 1.0079857977072355 1.1808427788049343 -0.31495301353694116 1.2537002880513448 0.43532855276470794 -1.0000000180025095e-35 0.051187610003317126 0.57421798211245212 -0.053600407488531086 0.86350749921256831 1.1888807629993934 1.0962554601172319 0.16617090611368809 -0.56071658027292892 2.3436965721443896 -1.8671016944104351 0.27481372753118644 -0.035375781180603215 0.16929454180372039 0.4929843784641354 0.18299869371227531 0.032098453265339562 1.2741329460046928 -0.038807604852150505 -0.003591331650678699 0.38220772031980293 0.20242957013988008 0.90543256706037012 0.85950910944661019 1.2571475351446417 1.8310344486316366 1.0312267400454032 0.30211312591310074 0.026368426849860949 1.413635248645331 1.5295373939575359 0.035505880701390276 -0.21660034732947805 1.5194996368078226 2.1237212077488428 2.469696429564046 0.19182765788148101 1.0690006836534913 -0.038807604852150505 0.94171445690926014 0.47504252662291963 0.55823794929905846 -0.33120573085635557 -0.071787069528556235 1.4838130653286001 0.24649859742328992 1.7137432838258302 0.060055976315711752 -0.26547116342518767 0.76300543516051378 0.0041852685476250519 -1.5472665711839084 0.14192711268965788 0.57831841379433613 -1.5472665711839084 0.02152248060361394 0.16845107802580436 0.43595094761487102 1.9347202236121357 0.27431267247261437 0.092405805875258248 1.2567434727699069 -1.3326574633162307 -1.0404338354779179 0.15925504169138957 0.49029661066398084 -0.061739686718266136 -0.035019924204813833 -0.93286946422220551 -0.13977410596843734 0.68887291234940162 0.19438341636165016 0.10118246255759973 -0.13687095248039852 0.70146653795425573 0.5157302040063515 0.52591031907249375 -0.10618647708030061 -0.29019423541002315 -1.0000000180025095e-35 -0.21098017807864464 -0.11728985040238531 0.074565954879769344 1.0872788462803915 1.3150074616673344
decision_type=2 2 2 2 2 2 2 2 2 2 2 2 2 2 2 2 2 2 2 2 2 2 2 2 2 2 2 2 2 2 2 2 2 2 2 2 2 2 2 2 2 2 2 2 2 2 2 2 2 2 2 2 2 2 2 2 2 2 2 2 2 2 2 2 2 2 2 2 2 2 2 2 2 2 2 2 2 2 2 2 2 2 2 2 2 2 2 2 2 2 2 2 2 2 2 2 2 2 2 2 2 2 2 2 2 2 2 2 2 2 2 2 2 2 2 2 2 2 2 2 2 2 2 2 2 2 2 2 2 2 2
left_child=3 15 6 4 112 7 56 9 12 18 121 97 64 14 48 19 17 59 41 28 107 96 24 29 76 26 27 -22 35 30 31 33 95 57 -32 38 -37 82 -2 68 -16 67 43 53 117 46 47 -23 49 -14 98 52 129 54 55 92 -3 58 124 61 90 63 94 100 -9 -66 77 109 69 -12 72 93 73 -71 -75 -70 118 -67 110 130 119 -82 83 84 87 86 -86 88 102 -83 91 -61 -18 -72 -63 -33 -7 -5 99 -34 -4 -88 103 -38 -53 106 -73 108 -21 -6 -79 -47 -1 -99 -115 -116 -117 -45 -13 -81 -8 -10 -123 -124 -11 -87 -25 -128 -102 -36 -65
right_child=1 2 16 11 5 21 120 8 10 23 39 22 13 -15 40 -17 42 -19 -20 20 25 45 -24 126 -26 -27 -28 -29 -30 -31 34 32 50 -35 51 36 37 -39 -40 -41 -42 -43 -44 44 -46 111 -48 -49 -50 -51 -52 104 -54 -55 -56 -57 -58 -59 -60 60 -62 62 -64 79 65 66 -68 -69 75 70 71 105 -74 74 -76 -77 -78 78 -80 80 81 89 -84 -85 85 125 101 -89 -90 -91 -92 -93 -94 -95 -96 -97 -98 113 -100 -101 128 -103 -104 -105 -106 -107 -108 -109 -110 -111 -112 -113 -114 114 115 116 -118 -119 -120 -121 -122 122 123 -125 -126 -127 127 -129 -130 -131 -132
leaf_value=-0.045250449244003316 -0.043031533811860256 0.016995000327549248 -0.042749400278994626 -0.048751851773067768 0.027141874434073128 -0.044042614815820585 0.048615194043178066 0.035755473753765039 0.048778891838820997 0.028053052890450837 0.053546341726412781 0.019132838484131776 -0.020173375926103607 -0.043724357380735511 -0.043136445429909798 -0.04201232774784322 0.0027660247272616911 -0.043122106521559359 0.038690671274371882 -0.01113269594471388 0.0067883812525500759 -0.011277324821051534 0.052316080195946385 0.051492171509492438 -0.025935116460888027 0.040586779619341096 0.046037175703551363 -0.043497500524579395 0.045049348876369077 0.051613264820798435 0.051929441246822139 -0.043462667923202955 0.0040058051670877129 -0.018256757979076863 0.0058497577913409387 0.029274042578919586 0.024252145466507585 -0.040557750524005627 0.0081232350710048629 0.056285418878771191 0.0040508527801884509 -0.043184213595669173 -0.043539567395074238 -0.019647757620707362 0.033552906060119729 0.015346043526089068 -0.042977183731214764 0.046161085984292784 0.046576934944061697 0.026205775530054029 0.049223748173890344 0.045743294689363709 0.042372804690530071 -0.043010761012168004 -0.041970720542070197 -0.041428424052735079 -0.025055519879617068 0.04758712982225783 -0.010888332864524517 -0.0038546706060011027 0.049137019933253839 -0.0024993175568890713 0.021757409790029391 0.011199128700000296 -0.022253577902150816 0.020393756244816652 0.036831535746291166 -0.024152422240558236 0.042271511763710815 0.022906670717242696 0.021618179114301563 0.018783072133583389 -0.042781757240937308 0.0077475604534127836 -0.043796265880780123 0.006832501273459338 -0.0042214916054440482 -0.041759698837159777 0.017730500373057331 0.026384896453215154 -0.025057932434872504 0.03520094648719943 0.034193893781840158 -0.041594482628754773 -0.042469599443585956 0.013478281809220871 -0.018254630678442425 0.045230417290674341 0.038486661087780732 -0.0052654997795210656 0.013034320811133825 -0.044493992339518861 0.041976779204648595 0.053780940128729283 -0.044588998935536618 -0.0056127766953935395 -0.010785217497410437 0.045346869333753557 -0.015472498347041829 0.047037813156906964 0.03375894967521003 0.020804012894671844 -0.019101946481245573 -0.0062548383775277404 0.025943166241391605 -0.021474644788057155 -0.013945740759748845 -0.0068795837044586111 -0.042762116355162645 -0.0022303880206191017 -0.0035112220095133272 0.043999852831911671 -0.013957887905613262 0.052273423766935986 0.018008375829885466 0.047770897805641588 0.022764693436031137 0.011663360660075991 0.043541389633595773 0.049524679113970071 0.038741524235281259 -0.046559915583716797 0.031508841548786956 0.048878886677569754 0.04424093634937451 0.035233030007686753 0.035932626498916501 0.053152362909843577 0.050842845028864929 -0.01732422780494185 -0.010122302681979778
leaf_weight=3.5256392657756805 3.8468616753816596 3.9148536175489426 0.24258799850940604 0.2473016083240499 3.400666803121565 3.6781795471906689 31.371234387159348 3.7910931706428554 12.889886990189554 5.1389320343732825 2.4972068071365348 3.7207522243261355 2.9163990169763565 7.0860975831747046 5.1880254596471778 5.1408501267433158 4.1455423086881655 1.8986318558454502 3.5953976660966864 1.9510172605514515 3.6574514955282194 3.9365244954824483 3.7350430488586417 11.76692456007004 3.2249271869659415 2.9366160631179801 2.1032826751470566 3.6671358048915863 2.0941825062036505 7.0724330991506568 10.539152741432188 2.543792441487315 3.9371286630630475 2.3033242821693412 2.4246193915605572 6.8136833459138861 3.6624375730752927 3.1164616644382468 2.3785795420408249 2.4976412653923026 2.4439055472612381 2.2939468771219245 2.3115153759717932 2.6676908880472183 4.6647366136312485 5.2021145522594443 3.1864830553531629 2.7293032258749008 2.7345684915781021 3.6319959610700661 2.7274743914604178 8.1371522247791308 2.1014742702245712 2.9747151434421548 2.0558426678180695 1.5939291566610334 2.9823312014341345 9.7767688781023008 3.9972409904003205 3.0775531232357007 2.4832364916801444 2.8760922998189926 4.5374457389116287 2.359125733375552 3.3280376046896043 4.871000841259951 3.8236960917711249 3.1183757036924362 7.800910681486128 4.6872785240411776 2.8181702047586459 3.8979558348655683 3.1982197910547248 2.3950289636850357 2.098418191075325 3.5192120671272278 3.1404653340578079 2.4435362219810517 1.9539111405611009 2.5734911113977432 3.3416730612516385 5.5424563139677021 2.3298187255859366 2.9436590224504462 5.136109098792085 4.3912436813116074 2.639408141374588 2.7433878630399695 2.9492380619049028 1.7802927047014261 1.9847959131002424 3.4462509602308273 2.0928091257810593 6.2302737236022949 1.8681404292583446 3.1054342985153198 3.7488383203744888 51.217263892292976 2.2395382970571518 2.0837720334529877 4.9197535961866361 1.9050444364547727 2.6876957714557648 3.3252301812171936 8.7903099954128248 2.9112636297941208 2.2091523706912994 1.7342183738946904 11.596140280365946 3.089501366019249 1.5056483149528501 2.0884499102830887 1.988861322402953 6.8374941349029568 6.5784939378500029 6.4593712240457499 4.349874809384346 2.1539868712425232 3.5603320151567459 5.2074497193098095 14.388263970613478 0.24754467606544395 7.6760376691818228 5.2133262902498236 6.7076648026704779 2.3507564663887015 11.658114537596704 4.3661320209503165 4.601608008146286 2.4527548551559448 3.5354729890823364
leaf_count=15 17 10 1 1 8 16 53 8 22 12 4 9 11 31 23 23 13 8 7 7 11 14 6 19 12 6 4 16 4 12 17 11 12 8 7 16 9 14 7 4 7 10 10 10 10 14 14 5 5 9 5 15 4 13 9 7 11 17 14 10 4 9 11 7 13 13 8 12 15 12 7 10 14 7 9 10 10 11 5 6 13 12 5 13 23 12 10 5 6 6 5 15 4 10 8 10 13 90 8 4 11 5 10 11 21 11 8 6 52 10 5 4 7 11 16 11 10 6 7 9 28 1 16 9 12 5 23 7 8 9 12
internal_value=0.0186831 0.0096519 0.0196418 0.024081 0.0195092 0.0205865 0.0392956 0.0229837 0.0160665 0.0293226 0.027761 0.0377259 -0.00254893 -0.0149024 -0.00282784 -0.00550765 0.00685029 0.0127276 0.00348498 -0.00322142 -0.0154573 -0.00344288 0.0187929 0.032888 0.00903708 0.00740566 -0.0029822 -0.0179404 0.00291762 0.028878 0.0267733 0.0202063 0.00534646 0.0290238 0.0352413 0.00116888 0.00439295 -4.89932e-05 -0.0221802 0.0194437 -0.0273646 -0.0078345 -0.00660835 -0.00272358 0.0136648 0.00657758 -0.00573122 0.0118922 0.0174359 0.00554483 0.0194451 0.027912 0.00984987 -0.014775 -0.0062936 0.0035911 -0.000544381 0.0335987 0.0249135 0.0148208 -0.000281117 0.0186891 0.00137717 0.0234609 0.0109221 0.00548371 0.0121128 0.000728277 0.0171962 0.0124361 0.00885526 0.0204671 -0.00807333 0.00400405 -0.0156266 0.0309071 0.0199049 0.00325406 -0.0112378 0.0169732 0.0227817 0.00915602 0.00350522 0.00134976 0.00546679 -0.00515555 -0.0233279 0.0168157 0.0105336 0.0248515 -0.0155352 -0.0249821 0.015767 0.0431679 -0.018397 -0.0218282 -0.0266826 0.0421539 0.0095692 0.0187629 0.039305 -0.00232487 0.00165402 0.00971256 0.0353403 -0.0021419 0.00653788 -0.0341161 -0.0379516 0.0130243 -0.0265602 0.0233998 -0.0309301 0.0424732 0.0364339 0.0301185 0.0373652 -0.00483412 0.0307651 0.0412814 0.0454486 0.0427236 0.0370784 0.0385888 0.0370148 0.020613 0.0452595 0.0408603 0.041988 -0.00520533 -0.000841446
internal_weight=592.723 221.694 133.594 371.029 277.958 272.443 52.6567 247.873 118.505 129.368 72.7875 93.0713 45.7179 24.001 16.9149 88.1005 80.9368 56.2761 15.4979 82.9597 27.6459 24.5699 17.3815 113.87 13.6465 12.3645 9.42787 7.32459 55.3138 86.079 79.0065 44.5611 16.6371 27.9239 34.4455 53.2196 46.9942 40.1805 6.22544 46.7607 7.63193 11.9025 24.6608 22.3493 9.48641 17.1429 9.85231 6.66583 9.28296 6.54839 10.9879 23.9063 6.97885 12.8628 9.88812 7.83228 6.89718 25.6206 15.8438 54.3774 10.9918 43.3856 9.28168 34.1039 21.7169 17.9258 14.5978 9.60854 44.2631 32.943 30.4458 18.0668 12.3789 9.18073 4.49345 11.3201 10.4215 10.7741 5.9031 24.34 18.4454 10.6644 37.064 34.7342 31.7906 16.4226 9.68056 15.368 12.6246 7.32275 8.5086 6.5238 6.23835 9.04844 4.74423 5.64923 7.42702 75.6898 8.26044 6.0209 9.76395 4.54445 9.67536 6.98767 16.9275 9.01837 6.10711 15.2814 13.5472 6.49017 3.94918 7.29056 5.5145 75.4425 24.2252 17.3877 10.8092 4.82168 7.28108 7.78094 45.7595 26.0268 13.1369 12.8894 11.8466 6.742 27.7912 16.0242 9.52136 4.87737 5.8946
internal_count=1533 636 339 897 714 692 102 612 318 294 169 183 149 86 55 297 237 155 47 274 102 80 44 247 38 37 31 27 172 198 186 113 50 63 73 168 144 128 24 121 30 40 82 72 26 51 33 19 25 20 29 56 20 46 33 24 21 55 38 147 34 113 28 85 63 55 42 30 117 92 88 46 42 28 16 25 26 34 21 65 46 31 114 109 96 55 38 41 36 18 30 25 17 17 17 21 29 139 24 16 20 15 30 20 36 29 18 65 59 18 16 18 22 138 48 37 21 16 16 15 81 48 26 25 24 17 49 30 19 16 19
is_linear=0
shrinkage=0.0283043


Tree=13
num_leaves=136
num_cat=0
split_feature=6 6 21 17 17 17 7 17 6 6 6 22 6 21 16 7 16 21 16 16 21 17 14 14 17 14 22 17 22 21 22 6 14 22 21 21 17 21 21 16 16 14 17 14 22 21 16 22 7 17 17 21 22 6 14 21 22 22 16 22 6 6 16 21 14 17 7 16 14 14 7 21 21 21 16 22 22 22 22 16 17 6 16 6 22 7 21 14 16 7 17 22 16 17 16 14 14 14 22 22 14 14 14 17 16 21 21 17 21 17 22 22 22 16 6 17 17 22 7 21 21 16 14 7 7 21 17 21 16 14 21 21 21 22 22
split_gain=53.3861 22.8071 17.1733 14.4118 18.9091 25.0866 11.3866 11.08 9.839 33.1533 13.655 9.37364 11.9467 8.71179 8.22602 7.31516 8.20234 8.49073 10.9992 7.9419 7.16956 6.88419 7.02325 6.28231 6.21502 14.9463 8.18307 9.19961 7.47742 6.18926 7.16301 5.99626 5.83455 5.89546 6.63645 7.24704 7.57245 7.26499 9.39307 5.70804 5.66963 5.61086 5.93222 5.98266 5.9679 5.5988 5.33605 5.31916 5.92551 5.6098 8.31661 5.03514 4.92077 5.63378 4.85143 4.61048 8.3508 6.21512 5.97074 5.50321 4.59372 4.50343 4.45087 4.15963 5.01221 5.32092 4.08305 5.43993 4.82012 3.99158 3.97632 5.02993 3.9603 12.5559 3.90094 6.61912 3.84218 3.74056 3.2881 3.14711 3.13598 2.95586 2.85116 10.413 2.77838 2.61602 3.78153 2.58648 2.71879 2.54698 2.51847 2.34391 2.26425 2.18826 3.55707 2.17218 11.5381 2.15043 2.13644 4.3482 2.01618 5.6203 1.96855 2.8987 1.9328 1.90466 1.77788 1.77256 1.74664 1.73575 1.68932 3.17324 1.93795 1.66173 1.57445 1.46094 1.40887 1.39793 1.3164 1.23112 2.40129 2.15686 1.21661 1.21139 1.19081 1.18495 1.17363 1.12114 1.07438 1.00384 0.925267 0.894112 2.77075 0.837568 0.832535
threshold=0.98517258165982136 1.0000000180025095e-35 -0.76176794789010593 -0.17599624432014477 0.050138573110455185 0.70562467999095335 1.1716208420555188 -0.45508773153453136 1.428372888605961 2.5871857941728829 1.2454225704446971 0.15062507846469689 1.1009723465199888 -0.99744587858608746 0.061431486402842565 0.26690639120623932 0.22819262377630528 0.86350749921256831 0.14573919262130189 1.1546605561757597 -1.0000000180025095e-35 -0.084576104060696475 0.32971957111129785 0.33193438813878201 -0.042421153384914222 0.38079807157415763 0.15062507846469689 -0.056456570188010834 0.60023658782721889 -0.20826257327298581 -0.74606975501858686 0.83897537852386062 -0.35209980127700807 -0.57563190843726064 -0.9459311895854926 -1.7072431821885066 0.077030860267533544 -1.4713999131967872 -1.118780567901106 0.22204261148251006 0.28765304414445619 1.4593910124871494 -0.076891202008202916 0.34252649236866745 0.026767852422599402 -1.9330952941663553 1.1343974503434395 0.33201044415892961 0.53946618728016216 -0.17304500817070809 0.0043603226076417622 -0.66693462540620485 0.16536487544024417 0.87398151433791105 0.4385324988553635 0.58257411499749467 0.45133601740919227 -0.057568591113864621 0.16187138567336776 -0.46515498353315982 1.1162126604010105 1.1868405342273625 1.6548924606554964 0.043311453570359891 0.34012806356688402 1.2280616588143383 1.2878634922688195 1.4085108123628658 0.3343442926764591 1.5899734112215644 1.4282572912147888 2.0311737832260524 0.59169134101960819 1.3644825352981331 0.18436992310996539 1.4326058024706152 -1.6077277571797366 -0.22018337392823337 0.13924824487677445 0.30679328341057266 1.9467607116019126 1.1978049085151283 0.29586336206431357 1.2828245634627511 -0.5575291480740886 0.1558310666630138 1.7448550945212327 1.3676080768093348 0.20427247545772487 0.93738352992103746 -0.1402307686081595 1.0912053916162765 0.14080476064688327 1.0356469059030446 1.7301760282318037 1.4224620943812221 0.96448842633543275 1.4796112591318493 -0.36817761378789332 -0.52153828458525275 0.31506505637504267 0.24456961078004211 0.3972657525816175 1.2680737977644567 1.4471518443796594 0.45070501426832427 0.53823983198322756 1.0356469059030446 0.28397315289500941 0.35970668709575748 -0.7590922940940702 -0.55366531779894512 0.015820333309693024 -0.067378821338557091 4.4390835854840551 1.3209622871751541 -0.057596156423931927 0.19978158585402131 0.03877894268594595 -0.56605464524960669 -0.84552360455957398 0.41360982859375989 1.3395728540210254 -0.43287813322960739 0.74104733182157145 0.40306396533930083 0.44659770257141679 -0.25351802679207752 -1.0000000180025095e-35 -1.0000000180025095e-35 0.59169134101960819 -1.5012080459426611 -1.1004043973176754 0.056796014869547239 -0.3174946549318457
decision_type=2 2 2 2 2 2 2 2 2 2 2 2 2 2 2 2 2 2 2 2 2 2 2 2 2 2 2 2 2 2 2 2 2 2 2 2 2 2 2 2 2 2 2 2 2 2 2 2 2 2 2 2 2 2 2 2 2 2 2 2 2 2 2 2 2 2 2 2 2 2 2 2 2 2 2 2 2 2 2 2 2 2 2 2 2 2 2 2 2 2 2 2 2 2 2 2 2 2 2 2 2 2 2 2 2 2 2 2 2 2 2 2 2 2 2 2 2 2 2 2 2 2 2 2 2 2 2 2 2 2 2 2 2 2 2
left_child=1 2 23 7 24 109 15 14 10 -10 11 12 129 -11 51 16 17 18 63 107 -8 87 60 32 26 110 41 28 105 39 61 119 33 34 35 45 37 -37 89 -14 55 42 130 44 116 79 117 49 -49 131 128 -4 53 -33 114 56 57 59 -57 -16 -23 -31 -21 102 65 -65 67 68 -48 113 71 95 74 97 75 123 -17 84 -34 -1 85 -32 83 -12 -9 86 122 88 -13 -39 -40 -24 -75 -52 -95 96 98 -74 99 -53 101 -100 103 -7 -36 -28 -97 -18 -67 -6 -26 -112 -113 -25 -15 -38 -44 -42 -79 120 -3 -121 -19 -30 -120 -27 -111 -69 -51 -2 -5 -35 -133 -128 -55
right_child=8 31 3 4 5 6 20 77 9 13 82 21 29 54 40 76 19 80 -20 62 -22 22 91 69 25 125 27 -29 72 30 81 52 78 47 104 36 115 38 90 -41 46 -43 43 -45 -46 -47 66 48 -50 50 93 70 -54 134 -56 58 -58 -59 -60 -61 -62 -63 -64 64 -66 108 -68 127 -70 -71 -72 -73 73 92 -76 -77 -78 118 -80 -81 -82 -83 -84 -85 -86 -87 -88 -89 -90 -91 -92 -93 -94 94 -96 106 -98 -99 100 -101 -102 -103 -104 -105 -106 -107 -108 -109 -110 126 111 112 -114 -115 -116 -117 -118 -119 124 121 -122 -123 -124 -125 -126 -127 133 -129 -130 -131 -132 132 -134 -135 -136
leaf_value=-0.021392882364927944 0.052360734256901145 0.045040206058145717 -0.042299822804371751 0.054405734699842834 0.049360168952544255 -0.0062482356245576812 0.011451305744343936 0.0360181093202692 0.042632874268120312 0.018437909177369552 -0.04234981580754564 -0.043241265205015353 0.038415265772296182 -0.04374214994864651 0.012272265468032754 -0.037387631063483244 0.054844166824211969 -0.010398144317469877 -0.042427592304618109 -0.020664086260607933 -0.043006869472724071 0.0065557097422471403 0.010749816191270025 -0.012336299973053886 -0.041706894181115083 0.019175676563580785 -0.011408998762648771 0.039265942256995291 0.025085130244512206 0.030824310248121434 -0.043655059582511944 -0.0013164329961729202 0.047816809182221427 0.054203941083206808 -0.044177490176779834 0.038697080468873976 0.020544438607439628 -0.044229986804430008 0.0021822116515905483 -0.0069108433033591363 0.02963201203936796 -0.015318289493552569 -0.042893072382418657 0.041782761808106042 0.028420708700065266 -0.043360482724124287 0.0079692058727190394 -0.040791037266703405 0.01688767343274053 -0.012365623694780198 0.036926320909304852 0.032409468978359057 -0.0028462573585254017 0.03451510986382475 0.006049034053606123 -0.0042499283576269793 -0.041968829747293941 0.03992626454705573 0.036291960332567506 -0.043647504767377207 -0.042969480659120228 -0.016594296928054812 0.029309969502127064 -0.043888042181850766 0.026597269306204617 0.014367547186664099 0.044860823621835189 0.035093672137928814 -0.042679824107663439 0.014557177082024428 0.047203008688609216 -0.0052849190738979823 -0.043576910798064174 0.0099636177107518473 -0.016356072334408209 -0.0078395790986379339 0.042316673029091832 0.04873713566831251 0.015980429052235269 0.014971816369051743 0.052586958390263422 -0.00060086158692880911 -0.042465982518579269 0.023638288844276614 0.0056675361722618054 0.045704118218568901 0.037062858576050683 -0.0079499548087458832 -0.0037908133022189487 -0.00431868851167359 0.037511798581790975 0.044700288209654347 0.044928422647326813 -0.0054399252235098937 0.03902246836893835 0.030110715565123816 -0.023435894623284884 -0.007504032121809453 0.037668174200800084 -0.014464985530225261 0.046794642594490045 -0.0025034693933009247 0.04164720710291981 0.025769672550096257 -0.0086434224730108696 -0.04421895388179533 0.052422302498245157 0.033736194072006828 -0.017102268602312225 0.026771095306077294 0.0050765774308312063 -0.041887768721050142 -0.0075992820548539067 -0.044057923956681205 -0.017290234345757147 0.040979711129615022 -0.0096786306366191139 0.05221217650419286 0.020935433807522788 0.04680809861334944 0.015997491372710802 0.030795865709547274 0.015639016338107714 0.048010135478959853 0.042555522794218766 0.043837285855266056 0.035433107872554506 0.013203168622982632 -0.042000496433505258 0.032896608005097423 0.037670016920966345 0.010467567917083727 0.046911172430724325 0.04835528627121051 0.051558486361214843
leaf_weight=2.9549291431903839 3.1116949915885925 4.5854229331016541 0.69572906196117301 4.3690424561500585 18.075533464550972 3.503424555063253 3.204321414232254 6.5781467854976654 14.806984871625902 3.8723679780960074 4.9172507375478727 7.1925086826086027 4.656239196658138 7.1900444775819761 3.2452362179756156 0.44530293345451255 5.6043770313262957 3.7246180027723295 4.2860781997442237 2.8579388707876197 4.0644106268882743 2.3975337594747561 4.7308785766363144 1.9982303529977796 3.7526479065418252 4.0660878270864478 1.9643834680318857 4.4412737488746634 2.7520388960838309 3.2043085843324679 5.0102566927671379 2.7096795141696921 4.5928241610527021 2.490700900554657 2.9552249163389197 2.9489265531301454 4.7558021396398527 4.6057658642530379 3.9051520675420761 3.6823406964540482 3.2027518600225466 2.2686092704534522 1.8223048001527815 3.5571285635232925 2.5593271404504776 3.4449016600847191 3.4762794226407987 2.24227251112461 2.9867654144763947 1.925947889685631 5.2717210799455625 4.6386736631393433 4.2942505925893775 3.8410499542951566 2.3800010681152335 4.6732983440160734 3.5988092124462119 2.9593121111393001 6.168351411819458 2.1023226082324982 3.1798240542411804 2.6205462515354156 2.3079048544168472 3.2469456642866117 2.5897571891546241 2.96563421189785 2.7251850217580786 3.7533301115036011 2.2753327190876007 1.962023392319679 10.633483916521071 2.931481570005416 4.9753587096929532 3.4778474569320679 2.420844390988349 3.5519127398729324 11.086621508002279 25.179430544376373 4.9538505524396896 4.1575934886932373 2.490605652332305 1.4882137030363081 7.5638144165277481 2.7822236120700836 3.3237027376890165 2.0991323143243781 2.9511700421571732 3.5243467390537253 1.5194512605667112 1.5353223681449888 2.3106687664985808 2.1000082641839981 2.0942920744419098 3.2880076915025711 2.089137077331543 4.9034792929887754 2.9335241615772238 1.565581142902374 14.503790363669408 2.0299938470125118 8.5207798779010755 3.0665017217397681 2.101468324661254 5.1331349164247513 1.7586023360490797 3.688580796122551 5.5932877063751221 6.141530767083168 2.2020140141248703 5.554447993636134 2.5629781931638718 3.949410080909729 1.7261577695608137 2.9621960371732703 2.1759873479604721 5.6814530193805695 1.7834285348653764 4.9660466313362122 2.5950028002262098 35.726179882884026 3.7084324508905393 7.673070713877677 1.9667592048645017 3.9785915464162853 6.0599714517593384 2.0925366580486298 7.9955153763294202 3.0288185924291611 1.5651932358741749 4.8952163606882113 5.2820964008569717 2.1699099689722061 4.5802312344312721 7.0603512674570084 4.343645453453064
leaf_count=11 5 8 3 7 30 12 9 13 27 10 22 32 10 32 9 2 9 13 19 11 18 7 14 7 17 11 7 9 7 7 22 8 8 4 13 6 12 20 12 13 7 8 8 7 6 15 10 10 8 7 11 10 13 8 7 15 16 6 13 9 14 10 5 14 6 8 5 8 10 5 19 9 22 10 9 12 21 42 13 11 4 5 34 7 9 4 6 12 5 5 5 4 4 11 4 11 11 5 29 7 15 10 4 12 6 16 9 13 8 12 8 18 6 13 8 11 6 8 6 61 9 16 5 7 11 4 16 8 7 11 11 6 8 12 7
internal_value=0.0182177 0.0220344 0.0196182 0.0224846 0.0172748 0.0245289 0.0150125 0.0290116 -0.00071359 0.0125845 -0.00667626 5.21927e-05 0.0110123 -0.0158208 0.0241094 0.0185933 0.0144012 0.00732212 -0.0020366 0.0307242 -0.018101 -0.0126616 0.00197751 0.00835178 0.0062347 -0.00808855 0.0108201 0.00239412 -0.00316546 -0.000212497 -0.0129169 0.0373589 0.0105856 0.00775172 0.000894727 0.00495281 0.0130208 0.00054715 -0.00901862 0.0181201 0.0151366 0.0243955 0.0293942 0.014116 -0.00257603 -0.0144736 0.0248159 0.0175554 -0.00758119 0.0233314 0.0122766 0.0309449 0.022013 0.0317009 -0.0281583 0.00513351 -0.00694368 0.00821147 0.0182215 -0.00915451 -0.0206846 0.00910099 0.00262751 0.00601689 -0.00600258 -0.0165787 0.0151126 0.00825887 -0.0113851 -0.0170694 0.0318491 0.0284696 0.00346364 -0.00795358 0.0143864 0.0220156 0.0388642 0.0409587 0.0310309 -0.00069949 0.0255449 -0.0331418 -0.0300643 -0.0183594 0.0259869 0.0192235 0.0123632 -0.0276241 -0.0359605 -0.0333977 0.01488 0.0210134 0.0224321 0.0244392 0.0122381 0.0307307 0.027431 -0.0340947 0.0322038 0.0182346 0.035854 0.0304697 0.018392 0.0127478 -0.0298328 -0.0316842 0.0418121 0.0434948 0.000682027 0.0429532 -0.0264076 -0.019525 -0.031043 -0.0307108 -0.0373396 0.0313978 -0.0255401 0.0428699 0.0454574 0.041972 0.0321784 0.04389 -0.000838816 0.0381597 0.0363021 0.026891 0.0375049 0.0249928 -0.0233945 0.0398601 0.0447871 0.0398293 0.0353925 0.0414775 0.0432722
internal_weight=590.701 491.699 424.817 338.724 188.361 113.659 74.9732 150.362 99.002 30.4254 68.5767 53.3134 28.6688 15.6184 106.626 67.7044 56.1725 39.2607 26.0285 16.9118 7.26873 24.6446 12.4082 86.0934 74.7025 18.1498 56.5526 34.9107 30.4694 20.6619 12.3233 66.8817 79.1709 69.6242 41.0143 36.3005 25.7431 15.3058 12.3569 8.33858 46.1751 21.6419 19.3733 9.72219 6.16506 10.5574 23.4277 28.6099 5.22904 23.3808 14.14 60.4507 15.1886 10.8944 11.746 22.7473 11.9057 8.30687 10.8416 5.34756 5.57736 5.82485 5.16584 21.7424 11.0044 8.41459 15.2589 12.5338 5.75161 6.92245 59.755 49.1215 24.8165 12.1131 12.7034 10.2825 11.5319 43.7363 9.54667 7.11252 13.2323 6.49847 15.2633 7.69947 9.90185 10.7417 8.64255 12.2363 8.71196 6.14109 6.21582 6.83089 5.57214 10.6489 5.37714 46.19 35.6933 6.54094 32.7597 6.66867 26.0911 17.5703 10.738 8.63656 4.71383 5.65296 10.4968 11.7459 5.16765 38.6858 11.9912 8.23855 5.67557 4.96043 9.36603 10.4373 3.60573 8.1688 33.8344 51.6931 8.29386 43.3993 5.69138 6.73063 8.65497 6.15862 20.6103 6.78215 3.49114 8.00691 9.65114 9.24084 6.75014 15.0559 8.1847
internal_count=1533 1215 1085 836 498 273 203 338 318 84 234 171 83 57 257 176 153 115 83 38 27 88 39 249 225 64 161 108 99 67 44 130 224 203 127 108 71 48 42 23 124 53 45 27 20 37 56 76 18 58 40 133 36 23 47 68 40 24 28 18 21 17 16 64 36 30 41 36 20 25 130 111 76 41 35 26 23 81 21 22 32 27 63 29 22 28 24 49 37 25 17 18 14 26 15 102 82 27 71 17 54 39 28 24 19 23 20 22 16 70 49 32 24 20 40 23 14 15 59 94 17 77 18 14 17 15 40 16 14 16 18 18 14 28 15
is_linear=0
shrinkage=0.0283043


Tree=14
num_leaves=132
num_cat=0
split_feature=12 12 12 12 5 5 22 5 22 12 11 5 5 22 12 13 13 3 7 7 11 12 13 13 5 11 11 11 22 5 13 5 13 3 13 13 11 13 13 13 5 22 12 7 11 11 13 13 22 5 7 12 22 22 5 11 5 11 7 11 7 22 7 22 7 7 7 3 11 12 3 22 7 3 7 11 12 5 13 11 13 13 22 22 3 7 22 3 13 3 7 3 3 12 3 22 22 12 13 5 22 5 7 5 11 3 22 12 13 11 13 22 22 22 12 7 12 7 7 7 5 3 11 5 7 22 22 5 22 5 5
split_gain=32.9604 38.0749 38.6526 26.2672 12.9967 24.8532 16.4092 9.67216 9.56188 9.22812 9.12343 9.02249 8.99267 8.75963 8.36295 7.87821 7.8003 7.51651 7.06049 10.541 6.97616 12.624 7.77928 9.01453 6.9349 6.63141 6.98898 10.4175 6.75071 6.83827 8.95706 7.11954 6.23712 9.81018 7.82187 6.86717 7.53935 6.7058 6.0214 6.81309 5.86784 6.46595 5.6394 5.54328 5.47452 7.00457 5.97109 11.7243 11.184 7.65728 5.66063 6.55121 6.82516 6.30134 7.22046 5.81675 4.8366 7.03144 5.55728 4.74476 4.39499 6.36611 4.36292 5.69812 4.25071 4.38663 4.46 4.23188 4.09815 4.00378 3.8999 6.15127 3.77793 4.25423 3.76054 3.68063 3.65954 3.4521 3.42095 4.08279 3.10984 3.10179 3.07431 2.83141 2.7552 4.34526 2.67238 4.16682 2.64054 2.39014 2.2273 3.38131 4.45895 2.17816 2.17389 2.06237 2.03481 6.69426 2.01696 1.96561 1.84039 5.21302 8.23678 1.86401 3.93134 1.80547 1.79319 1.78775 1.74172 2.11614 1.68387 1.61862 1.75017 1.54356 1.53918 2.31552 2.53011 1.84333 1.4166 2.63398 1.22081 1.2005 2.47952 1.17198 1.13144 1.11262 1.13595 1.05752 0.993553 0.903837 0.985431
threshold=0.11462330599291799 0.29983279267315516 0.91236174323230845 -0.60255286843806577 -0.092444412203825224 0.082207134116471473 -1.5912945531082932 0.91872592739519632 -1.0957225441148986 0.052414556294340435 0.34224386086857111 2.1557706393763443 -0.42867486770556484 0.10108695820869153 0.21583902089734722 0.31570789455468468 0.28958333344792303 1.0000000180025095e-35 0.12326360852350565 0.74104733182157145 1.393497032296857 2.4458598619111309 0.83496560684745946 3.6440887325874933 0.77061889071977385 0.33588749821116021 0.30872241148580432 0.2715432656966677 0.78615360631328668 0.089096265335952635 0.25966649734179281 1.0312267400454032 0.2319114411869935 -0.37654355098382691 0.4264807968913143 -0.039391942705034745 1.7487173412252182 1.0185520211888746 1.3379824892516339 1.2523173786378774 -0.021380516848152974 0.4727540395516539 0.19701632023433482 0.2363127184085195 0.60593254753021586 0.43219196822765188 -0.24155500849263223 0.25883292964869492 -0.38921402306367431 2.0324719027257916 1.4282572912147888 1.1531745548427736 -0.2501876855710139 -0.71308409285486241 -0.12567379311288604 -0.10925861504941378 0.035505880701390276 0.36945355364766325 -1.0000000180025095e-35 0.23578036211365599 1.0788307536280741 1.0521854759981613 2.2881291132877073 -0.74606975501858686 1.3483189848723598 1.2393615985329636 0.20775936304276074 0.4018231065147097 -1.0000000180025095e-35 2.1237212077488428 0.96113126235674995 0.30164837045363574 1.3110388370122896 0.10430912421456146 0.29806558677042655 1.259913052870322 2.0225422918681928 1.0312267400454032 0.2319114411869935 0.28210374891871698 1.4946565752158874 0.22375896594680497 0.33201044415892961 -1.5912945531082932 0.16132286586291228 -1.0000000180025095e-35 0.45133601740919227 -0.0081319068862564323 1.3998771804852905 1.2567434727699069 -0.15877701040001854 0.109699120184428 0.020443940120348749 0.18267390071642856 1.0872788462803915 1.1057782329626507 -0.25958490241302951 0.70146653795425573 0.19953054233972764 0.067565409139218366 -0.81080083752932297 0.6260492650883166 -1.0000000180025095e-35 0.43300503824808445 0.082480506935713516 1.0964034098418107 0.343220322117679 0.14872680128020391 0.29972354703319132 0.31231319881156971 0.32936558060313537 -0.066393388655858393 0.89586730548402571 -1.6077277571797366 -0.035019924204813833 -0.067494982683153945 -0.018828353742007507 0.87601876541847079 0.93738352992103746 1.3562695696479905 0.80940042859547845 0.35370729239979487 0.04113069512224065 0.80940042859547845 0.14792483661416486 -0.64126932150636351 -0.2501876855710139 -0.00033245690938777192 0.42130785496224415 1.6770224423395157 1.0450792788317449
decision_type=2 2 2 2 2 2 2 2 2 2 2 2 2 2 2 2 2 2 2 2 2 2 2 2 2 2 2 2 2 2 2 2 2 2 2 2 2 2 2 2 2 2 2 2 2 2 2 2 2 2 2 2 2 2 2 2 2 2 2 2 2 2 2 2 2 2 2 2 2 2 2 2 2 2 2 2 2 2 2 2 2 2 2 2 2 2 2 2 2 2 2 2 2 2 2 2 2 2 2 2 2 2 2 2 2 2 2 2 2 2 2 2 2 2 2 2 2 2 2 2 2 2 2 2 2 2 2 2 2 2 2
left_child=3 10 8 4 6 13 -1 70 113 80 11 25 32 56 16 18 42 78 75 77 22 -22 44 -24 60 26 27 28 29 30 64 72 33 35 84 36 59 -36 39 82 -29 -42 124 -33 45 46 49 -48 69 50 51 55 53 54 -53 -4 58 -58 98 -8 61 86 63 -60 65 66 93 -17 128 110 100 -72 73 -31 76 83 -54 -20 79 -15 114 106 -39 -9 108 -86 87 -11 -32 -16 91 92 -35 107 -30 129 97 -10 -6 -59 101 102 -7 -102 120 -50 -19 -2 109 -34 -49 -93 -113 -3 -5 116 -116 -117 -92 -120 -105 122 -14 -106 -12 -40 -127 -65 -21 130 -85
right_child=1 2 20 9 5 7 12 15 96 24 14 -13 121 17 89 67 -18 81 19 68 21 -23 23 -25 -26 -27 -28 40 94 31 88 43 34 90 37 -37 -38 38 125 -41 41 -43 -44 -45 -46 -47 47 48 105 -51 -52 52 74 -55 -56 -57 57 99 62 -61 -62 -63 -64 127 -66 -67 -68 -69 -70 -71 71 -73 -74 -75 -76 -77 -78 -79 -80 -81 -82 -83 -84 95 85 -87 -88 -89 -90 -91 118 111 -94 -95 -96 -97 -98 -99 -100 -101 103 -103 -104 104 123 -107 -108 -109 -110 -111 -112 112 -114 -115 115 117 -118 -119 119 -121 -122 -123 -124 -125 -126 126 -128 -129 -130 -131 -132
leaf_value=-0.039633183979347134 0.012471683217950206 0.013908972719856277 -0.042731965900738966 0.044609514635265288 0.020451342024980061 0.030100626287463097 -7.2744548056166496e-05 -0.0034815032492001743 0.045571171501445712 -0.023761597225586944 0.014168291342196198 0.042234052699872647 0.017484728991264454 -0.0033348476877738597 -0.041857177031199261 -0.042297976784490821 0.043270999943853812 -0.014639907444717316 -0.0038754876477351753 0.015677886145927494 -0.043475006172530438 0.031968965298994623 -0.043868356045706054 0.017651924444837309 0.050315556036757816 0.036980006636645218 -0.040848431490307563 0.041920294419193302 -0.043510689247318303 0.032580444590654692 -0.042856954071115824 0.010811950181430923 -0.019990872551290999 0.029192646832995332 0.044800360647502556 0.035272997773099578 0.026580645001813681 0.026719144312343686 0.014194306589267108 -0.041460257898201493 0.02631056563514058 -0.039767534013056979 -0.041239930098681939 -0.041390091178262499 0.043290311826235627 -0.039458440710541366 0.043984541998064633 0.043705515871396185 -0.045002034937525019 -0.042964948329728421 -0.041162162006312342 -0.020379692159479539 0.033465502819891045 -0.042153403418157584 0.032116831892732338 0.0096323836919223905 -0.041358011398389807 0.020970770203761389 0.020633124145965007 -0.043532718493282947 0.032755208038583818 -0.043492185147167003 0.033824596597778471 -0.015580037912433484 -0.04038459334202079 0.041491785934214549 -0.039759073335124226 0.0062172235255952566 0.046267822766487283 -0.01264337049169729 0.03080488575203805 -0.020508693395077715 0.055782149541765053 -0.013884659853890475 0.051312313144767585 -0.0019907973138020229 -0.0034625416435290733 -0.043148629916983809 -0.021787559771675593 0.037369971396439008 0.019008676088679961 -0.0064341265872441215 -0.0074911402302299916 0.033892380126010757 0.0068018935013590192 -0.04218809124508531 0.033816347033063486 0.023458965439193829 -0.0037791173119316153 -0.0077168278154975019 0.042904989528793604 0.044922255790512663 -0.018701799192837352 0.022600444426741154 -0.0069987490624088666 0.017129845055412166 0.046067719238554544 0.0055777864981974784 0.047706555017150966 -0.011006661277904357 0.046395498359149349 0.050052248023809053 -0.041444649035969193 0.0044314054116166689 0.05044328175743916 -0.010041295210056584 -0.043000919458863834 -0.020233944388217403 0.023792987901324201 0.012319379103478401 0.02004262327059976 0.034383020073224788 0.0068457722704743113 -0.0147900649594597 0.00012950391228252206 0.04791409770234014 0.035026996825188061 0.028641897869195018 0.010420120158888407 0.041683104866607951 0.026945446718165133 0.045934540021936983 0.041246702069210807 0.032705102660674015 -0.011529724884887115 0.054134078307676733 0.029738300779214979 -0.042303469586381773 -0.0094026790966776769 0.03121187539802402 0.052922873171541492
leaf_weight=2.7417811602354041 2.1660836935043353 4.1592226326465607 2.9654517322778702 48.140829637646675 3.8264416307210967 3.1965630501508713 4.1772218793630618 1.5634160786867166 10.30157996714115 2.7628448158502579 3.2106653898954409 3.5566959977149954 4.5776927471160951 4.7698283344507235 10.452616810798643 2.9189528226852408 2.1047407388687125 1.9928784817457188 3.0860958844423285 2.9921848773956299 5.2256313711404792 2.3534636199474335 4.3509848713874808 2.9995876997709274 3.7083489894866934 2.9593679457902899 3.7232858985662451 5.6702966243028641 4.9618322253227225 4.0217515379190427 7.1452379822731 3.4472555816173545 2.6790864914655668 3.1621552705764797 6.9948578476905849 5.2966788709163657 4.2105625122785568 4.2717408686876315 2.1727184951305389 2.2837799191474915 2.5488444715738279 1.7715909481048582 3.5111684650182724 2.6596328169107437 3.9547727555036536 1.9812574386596669 10.64536961913109 3.5439393669366819 2.7690228074789038 2.3321543335914603 1.5968625247478474 3.1154983341693878 5.4886539429426175 2.0346466004848489 4.8755003362894067 3.3045078665018144 3.1250921189784986 3.8383434563875198 2.7854390740394619 3.4368657022714615 3.81586068868637 2.1047330945730209 2.312957838177681 2.028602376580241 1.5700546205043782 2.085668519139289 1.7561985850334156 2.3898144066333771 3.3199366480112058 2.0096673518419257 4.6157389134168616 2.7228787541389465 2.4990399479866028 2.2013729065656662 4.3312271237373343 2.8422344326972953 3.0965438783168793 3.6118576377630234 3.2086446732282639 2.9256310909986496 4.5438039153814307 3.2879636883735648 3.5210772603750229 3.1694471091032081 2.387409895658493 2.9104480296373358 2.3336460739374161 2.5909234583377856 1.5034166276454923 1.7367645502090443 20.92910705506802 6.0266222357749948 2.4900587797164917 3.8309613913297653 1.5387115031480787 3.8710738122463217 31.378077238798141 4.4045332372188559 3.9812083095312119 2.1526850014925003 11.540589049458505 3.0906645059585571 1.7885199934244136 3.5647065490484264 6.1519010066986066 1.7217322438955305 8.2704612761735898 2.6621281802654266 2.7776634842157364 3.2267881333827972 5.7499242722988129 5.2942203432321522 2.3992627710103989 2.0020931363105765 2.4845312386751175 10.719685703516008 3.5776524841785458 5.5781806856393805 3.2835878282785398 4.8238081634044647 3.4143912196159363 13.396514669060705 12.06264954805374 4.8756067603826523 1.9733863174915312 1.8695673346519468 4.8201642930507642 2.2384284883737511 1.7766821831464765 5.752371057868003 4.9476804137229919
leaf_count=12 6 11 13 84 10 7 13 5 18 10 9 7 11 16 48 13 4 7 10 8 23 5 19 8 6 6 17 11 22 9 32 10 10 7 12 11 10 10 6 10 6 8 16 12 7 9 19 7 12 10 7 12 12 9 11 9 14 10 7 15 8 9 5 7 7 4 8 7 6 7 10 10 4 8 7 9 10 16 13 6 11 11 12 7 7 13 5 6 5 6 39 11 9 10 5 10 54 12 7 8 20 5 8 10 10 6 37 10 7 9 15 11 7 7 7 18 7 12 9 9 8 23 22 11 7 3 11 10 6 13 8
internal_value=0.0177695 0.00910603 0.0186368 0.022942 0.0185776 0.0124363 0.0247003 0.0215753 0.0375269 0.0359831 -0.00539629 3.89561e-05 0.0260966 -0.00326822 -0.0206438 0.01191 -0.00282817 -0.0154498 0.0164804 0.00149598 0.00636394 -0.0190477 0.00902071 -0.0180753 0.0176329 -0.00251066 -0.00463078 -0.00205702 -0.00794951 -0.0033755 -0.0130568 0.0114503 0.0222138 0.0275602 0.0134188 0.009351 -0.00265338 0.022533 0.0138987 -0.000851924 0.023698 -0.00016292 -0.0142553 -0.0112544 0.0121169 0.0100557 0.0117887 0.0217719 0.00648219 0.0038383 0.00751985 0.0103646 0.0173469 0.000270474 0.010993 -0.0142194 0.00795348 -0.00834692 0.0167876 -0.0193217 0.00816374 -0.00184449 0.00238945 -0.00868013 0.000669359 0.0062702 -0.00106386 -0.0196998 0.0227496 0.0211149 0.0306904 0.0124239 0.0277007 0.0165923 0.0308407 0.0265147 0.0203722 -0.0242352 0.00174138 0.0119912 0.0402955 -0.0294723 0.0112481 0.0309988 -0.00341436 -0.0193917 0.00967468 -0.000719839 -0.0355076 -0.0366572 0.0340631 0.0267234 0.00876044 0.00703779 -0.0341443 0.0342271 0.0420051 0.0334674 0.0339986 0.00897022 0.0343921 0.022659 0.00533233 0.0376576 0.0320695 -0.03053 -0.0371697 -0.00499872 0.00596609 -0.00231905 0.0290381 0.0341307 0.0259407 0.00505365 0.0417695 0.0357063 0.0211051 0.0411003 0.039003 0.029413 0.0157166 0.03966 0.0347521 0.0422354 0.00385049 0.030566 0.0363429 -0.0289378 0.007104 0.0392998 0.0453152
internal_weight=588.494 219.961 132.692 368.533 276.172 137.948 138.224 87.2033 52.2455 92.361 87.2688 64.2794 135.482 50.7446 22.9893 42.2417 10.8 24.4554 36.933 14.7868 80.4464 7.57909 72.8673 7.35057 17.3164 60.7227 57.7634 54.0401 44.0493 37.5488 22.7197 14.8291 105.445 65.5302 39.9153 17.1213 11.8247 25.9339 18.939 10.0766 9.99073 4.32044 8.69522 6.10689 65.5167 61.562 59.5807 26.4397 15.7943 33.141 30.8089 29.212 22.9421 10.0256 7.991 6.26996 26.2892 9.11612 17.1731 7.61409 13.608 9.79215 9.36543 7.05247 14.0711 12.501 10.4154 5.30877 8.0888 11.3035 44.9616 7.33862 8.72216 6.22312 12.9164 22.1462 8.5852 6.69795 10.9041 7.69546 75.0447 13.5513 7.79282 19.304 13.9814 5.29786 7.68741 5.35377 8.64865 12.1894 48.4088 19.3723 5.65221 8.65917 6.50054 17.7406 46.0842 14.7061 7.80765 5.99103 37.6229 8.07575 4.98508 29.5472 18.0066 4.49076 10.2633 4.82821 8.68354 5.90587 9.29386 13.7201 7.69348 6.16132 70.5009 22.3601 6.06218 16.2979 29.0365 8.1074 6.9791 30.0369 16.6403 11.0275 5.18405 8.86245 6.68973 4.26703 4.76887 13.8695 8.11713
internal_count=1533 636 339 897 714 385 329 217 102 183 297 207 317 168 90 118 36 90 98 46 237 28 209 27 44 200 194 177 152 125 82 43 261 151 110 49 38 64 52 32 25 14 32 22 182 175 166 66 47 100 90 83 61 32 23 22 78 32 46 28 38 30 29 24 45 38 34 20 20 29 99 20 21 17 29 52 22 26 35 22 139 55 22 43 46 20 21 16 37 54 102 45 16 26 27 38 84 30 17 18 79 20 15 59 39 18 44 16 26 19 22 29 18 18 128 44 14 30 57 18 18 56 33 21 16 20 14 17 14 28 15
is_linear=0
shrinkage=0.0283043


Tree=15
num_leaves=138
num_cat=0
split_feature=12 12 12 12 10 22 12 11 22 4 12 10 17 17 22 11 12 10 11 4 22 12 12 12 11 17 11 1 22 17 17 22 11 17 17 22 11 17 12 22 10 10 17 11 11 22 22 10 12 4 22 4 11 12 4 17 10 22 22 11 11 10 11 22 22 1 22 12 22 17 22 22 17 4 10 22 17 17 22 22 12 11 11 11 22 17 17 22 22 22 22 4 11 11 11 22 12 12 22 22 12 12 4 4 22 4 11 4 17 22 17 22 12 17 17 22 22 17 12 4 22 17 22 22 22 22 22 17 17 11 17 1 12 22 17 11 22
split_gain=31.1627 36.0887 36.6911 25.0285 18.2327 9.13385 8.79908 8.70545 8.41958 8.51501 8.05326 7.2749 7.81204 10.5354 7.76618 6.62057 12.0777 7.10254 7.19741 6.4567 7.49457 6.78516 7.05666 6.80598 8.20765 6.85014 6.14307 5.82424 5.70572 5.56635 8.27269 7.76103 12.3742 5.8156 11.9015 6.94928 5.72763 5.5353 5.30906 4.6118 7.53812 9.95712 5.87371 4.40333 4.67398 4.63784 4.80109 4.35654 4.68893 4.71882 8.63653 6.14167 7.07841 4.56021 4.28329 4.00996 3.96563 3.85612 3.83452 3.79987 3.26353 3.30117 3.49367 3.2173 3.17254 3.14273 3.07269 3.38283 5.19448 3.33812 3.03909 3.00839 7.35864 5.93139 2.95994 2.98066 2.93101 5.67483 2.87576 4.04233 2.78403 2.73564 4.06581 2.65179 2.32042 2.20782 4.57791 2.13727 2.07573 1.98451 2.9626 3.22713 1.98057 4.49551 2.15795 1.95951 6.40348 1.95075 1.77861 2.13916 1.74874 1.71778 1.68552 1.67307 1.64316 1.6295 1.55308 1.54805 1.51409 1.47205 1.85385 1.46228 1.45745 1.38641 1.6817 1.30916 3.78799 1.28154 1.2782 1.65478 1.27437 1.18587 1.15137 6.26107 1.06779 1.82102 1.45803 1.06047 3.65753 1.04346 1.01616 0.99944 0.998115 0.982605 0.956298 0.910857 0.849845
threshold=0.11462330599291799 0.29983279267315516 0.91236174323230845 -0.60255286843806577 1.0501572875220835 -1.0957225441148986 0.052414556294340435 0.34224386086857111 1.0000000180025095e-35 0.34087118004731165 0.21583902089734722 0.25692314551332485 -0.16602242974251061 -0.52854721351159928 1.2517451544680687 1.393497032296857 2.4458598619111309 0.75924747487856781 0.19255709604326213 2.7301937317447744 0.77887911104218299 0.17795442591675831 0.14005143142427981 0.2572563221607303 0.33588749821116021 1.9803931156415326 0.045256755092840641 1.595753554580247 -0.7590922940940702 0.050138573110455185 -0.042421153384914222 0.18048628528247199 0.25416920776641139 0.81130425827936314 1.0156992767477762 -1.3229491554191661 1.3191275892051495 -0.088959128045008454 1.0514528533613818 -0.65467347344852767 1.5371153910377959 2.953248889631547 -0.076891202008202916 -0.013790508540476072 0.29271998970793656 0.73258470015296473 0.079024964353705734 0.25692314551332485 3.1592089378690877 0.17627010150818243 -0.43543688154038995 0.56977610962863323 0.35622785871487506 1.3054305157288224 1.4229857343142747 -0.061122055717978421 1.2907573204546641 -0.034218653833831068 -0.88056443971941245 1.4001767888438554 0.28478011214289001 1.4038554928147429 0.24077624013211221 0.15062507846469689 0.95394401363201486 2.3461420518193665 -1.0340443645376094 1.2290817411431232 0.26630147867732379 -0.0072790410840310382 0.38278880623164757 0.36878838418529442 -0.073297122341067125 0.34849415288288188 1.0501572875220835 1.5833905864178788 -0.29624694234306709 0.041245904448951244 1.0129747539467058 1.3319315580793785 3.2215464841508923 1.4883964116206576 1.3612357039321381 0.35710882827616525 -0.15518993257165445 -0.029612983297424955 -0.012889311783950306 -0.25958490241302951 0.8451843466279777 -0.61035867930521615 0.54347167390844542 0.069033092137353799 0.547309041407393 1.464153021415024 0.33703610409486784 -0.25958490241302951 0.70146653795425573 2.2349554568771337 -0.85261129723504159 -1.0599940394719056 1.3820644827488089 1.7896872691499586 0.31034333128599484 0.42704912766956021 0.1866159419535327 0.26980733422640596 0.28861623276420462 0.34715174257221543 0.88115018048269833 0.86183220793692905 -0.27524738743156379 -1.6077277571797366 0.26680566883140816 0.35970668709575748 0.5706859815939368 -0.51066231788484895 0.46340452431797341 1.1176289345162747 0.078081875380266424 0.290506821784629 -0.081681754127259268 1.3209622871751541 -0.23458925964543492 -0.48261377218380791 0.33201044415892961 -0.84440662060140348 -0.11240158989506614 1.0456304605339772 1.1705369040335685 2.0034736656261853 1.869132486813099 3.8131053649968112 1.7137432838258302 1.1147699861338174 -0.084576104060696475 0.31816774336444814 -0.49489693633009707
decision_type=2 2 2 2 2 2 2 2 2 2 2 2 2 2 2 2 2 2 2 2 2 2 2 2 2 2 2 2 2 2 2 2 2 2 2 2 2 2 2 2 2 2 2 2 2 2 2 2 2 2 2 2 2 2 2 2 2 2 2 2 2 2 2 2 2 2 2 2 2 2 2 2 2 2 2 2 2 2 2 2 2 2 2 2 2 2 2 2 2 2 2 2 2 2 2 2 2 2 2 2 2 2 2 2 2 2 2 2 2 2 2 2 2 2 2 2 2 2 2 2 2 2 2 2 2 2 2 2 2 2 2 2 2 2 2 2 2
left_child=3 7 5 4 11 111 65 19 39 59 81 12 13 14 27 17 -17 38 76 20 21 22 -2 24 25 55 -16 43 117 30 31 37 88 35 64 -31 134 -14 -4 40 56 -42 -41 45 -45 46 57 48 49 66 53 52 103 -51 89 63 -6 136 -13 60 61 62 -10 84 70 113 100 108 69 97 83 72 -24 -73 75 118 80 -78 -22 -80 -19 82 -9 106 -23 -32 -87 -88 -33 98 127 -92 94 -94 -46 96 -7 -69 99 -36 -40 -102 115 -52 -11 -90 -35 -107 -68 -60 -111 -3 -12 -5 -115 -37 -117 -25 -8 -120 -104 -116 123 -44 125 -15 -127 -91 -129 -95 -130 -67 -20 -118 -34 -39 -1
right_child=1 2 15 6 8 95 74 10 9 104 112 58 29 124 26 16 -18 18 132 -21 78 23 71 28 -26 -27 -28 -29 -30 33 85 32 36 34 54 102 -38 135 47 42 41 -43 122 44 92 -47 -48 -49 -50 50 51 -53 -54 -55 -56 -57 -58 -59 109 -61 -62 -63 -64 -65 -66 131 67 68 -70 -71 -72 73 -74 -75 -76 -77 77 -79 79 -81 -82 -83 -84 -85 -86 86 87 -89 105 90 91 -93 93 129 -96 -97 -98 -99 -100 -101 101 -103 120 -105 -106 107 -108 -109 -110 110 -112 -113 -114 114 121 116 133 -119 119 -121 -122 -123 -124 -125 -126 126 -128 128 130 -131 -132 -133 -134 -135 -136 -137 -138
leaf_value=0.0072293162506068516 -0.022558404461965584 0.013514681328022041 -0.042245522407541716 0.043941550189748754 0.0024387437918412086 0.044540385152384322 0.0038792474664118542 0.0027557865353710128 -0.025881776028921999 -0.014282623333171316 -0.041108903133586713 -0.041790513587912893 0.046165311501523427 0.050088698002964845 -0.044693558456729288 -0.042819304585607953 0.031112883890100852 -0.044868876285356241 0.028558484602475096 0.039188158200692866 -0.043175973918140861 -0.015668935459961304 0.039442037408443847 -0.018433021256100992 0.030544294193673927 0.027733804197000562 0.012558969344977444 0.044996528695809342 0.040087981242406749 -0.040388835939712646 -0.040230862509723513 -0.042091193241662841 0.024869982257239853 -0.0080688663619073783 0.0064171869989489349 0.039816761939056158 -0.014436160923647162 0.016293669024280234 0.04926612127906161 0.039203744121168019 0.049282992955586254 -0.018458435872953871 0.02211696298720902 0.04087577298300421 0.016016193594913707 0.035033857537888957 -0.027611260936650169 0.049809320733417047 -0.019641055644406477 0.0040550446660459673 -0.042962756436555984 0.036653309797455375 0.034109493875187399 -0.043239325973911148 -0.013587115087787373 -0.041530528750259754 -0.041846624900222278 0.036432043972828856 0.041231575509871284 0.033503458266920909 -0.040251616029470069 0.023236382775740045 0.018122184538076361 -0.040546956993519921 0.013785633707933492 0.012351018505008271 -0.019315143609015237 -0.022268886256677979 0.042285542917720562 0.026699816689311404 -0.041361397627754419 0.028893832896163808 -0.0063515337887387517 -0.022317202645440518 0.042573132067806642 -0.016537107661772806 0.013135100218895284 -0.042096599926211418 0.0053677208422295833 -0.04095924290520387 -0.0027732166918958681 0.014547457311073155 -0.04170164912280537 0.018803558086582347 0.0237081018021554 0.016158860727776898 -0.041620995806986909 -0.0018905016426981319 0.0025754392307846875 0.054309983094810936 0.026307092778258899 -0.014975387626672299 0.038632266615855157 -0.00092414132272224006 -0.015922618481285313 0.045040688668775988 0.005387753048686909 0.011775366658175123 -0.010380862352100855 0.037112017359071332 0.0080530437318620841 0.037339718618024514 0.030307550433742742 -0.0072344817531713596 -0.042914788964777163 -0.04283883031228445 -0.04062208400274319 -0.0077646286436341382 0.011239974967722914 0.0058211747044738449 0.035843728000410885 -0.014434267860676427 -0.017331861705366675 0.025072218507092171 0.048727698167690507 -0.0051810285778553225 0.04315343632613107 0.0087751529450405229 0.034803070160365643 0.011192500154043463 0.050215788407570364 0.032320743400720706 0.018340146592093695 -0.040238042338838008 0.047165120968870593 0.037818630292861088 0.015293310564602187 0.0047437703510025998 0.045697419687487806 0.020559848118409652 0.030029379485941671 0.032916219275272725 0.0058858718353098473 0.022786840423961688 0.043717619503088778 -0.0077903979639670166 -0.010697992458106757
leaf_weight=4.8170291185379019 3.3282861411571529 4.162907212972641 1.1665606945753086 46.708272278308868 2.5632225275039691 10.243913158774374 3.5643066167831448 4.038913160562517 3.9343566745519656 1.9575596898794163 9.621120408177374 0.46537925302982586 7.2995780855417252 4.3090241551399222 2.3552637845277777 5.15807120501995 2.3552140593528748 4.3357532918453225 3.3654193580150595 2.9435850381851187 3.8349130898714048 2.3984799236059184 10.11875566840172 2.6462251245975494 2.3343221098184577 1.6886357069015492 3.1680910289287567 7.8616541475057593 3.5822001248598081 0.93382669985294597 2.1758781522512436 2.6755209714174288 3.6111306846141815 3.2849602699279767 3.6867877840995784 4.1575213223695782 2.2325290590524673 3.0384031534194964 3.9781054705381376 7.9679143130779266 3.7075986266136169 2.6790573298931122 2.7885033786296844 10.380348920822142 4.9872329980134991 3.7934626191854468 3.3786941766738883 2.4741055369377127 2.910894200205802 2.571534767746928 2.0440502613782869 6.4373428374528885 2.3272431641817093 3.5783321559429169 2.2386936992406836 8.8761375695467049 3.5217462927103043 2.9228233247995403 18.568516686558727 2.3262202888727179 1.5496291518211354 3.3811336159706116 1.9422776848077772 1.9726951271295545 3.2357198446989051 3.9501304328441611 2.4674628376960817 2.6984387338161451 6.0542755126953116 4.2756603062152863 2.8547175377607346 3.397580385208129 3.5008230358362189 3.229762852191925 2.7235562205314627 2.2589362710714331 4.0346560925245294 2.0439213663339615 3.6456572264432907 2.21565280854702 1.530000567436218 4.2654810100793839 2.4487700909376144 1.9420338869094846 1.8872659355402022 3.0113612413406372 2.8640642762184143 1.4682267159223537 2.6239959001541138 1.8716437220573521 3.9990811347961417 2.0530907660722733 7.6946378499269468 4.1630112677812576 2.2150088250637054 31.188404813408852 4.4034708738327017 2.1699419021606445 1.7671716958284358 2.9458188563585286 2.3580238521099091 3.5287064164876938 3.7462898939847946 1.7121168822050092 5.5905809551477432 1.8244242668151858 1.5406796634197233 1.7305279523134229 2.164803072810173 2.1999353766441345 4.3286054134368888 1.9978620409965504 2.4080033153295508 7.8254295587539699 7.318168103694914 2.7280246764421445 3.3021163195371628 2.3607447743415833 4.4131195694208127 4.3010063171386719 6.114450275897978 5.8824518024921417 3.0021830946207029 1.9707380682229994 12.474910914897917 4.7769043594598761 3.697455137968066 2.7780765891075125 7.5792126655578596 2.7460976094007492 5.0668502897024155 2.9495009928941727 2.3452360779047012 3.3864753097295761 4.1948727965354902 1.7447105795145033 3.3340700566768637
leaf_count=14 13 11 5 82 8 18 10 13 16 7 45 2 13 7 10 23 5 19 8 6 17 9 20 10 5 4 9 14 7 4 10 12 9 11 11 8 8 8 7 16 6 10 7 20 13 8 13 4 11 8 9 13 5 16 8 41 16 6 34 5 7 8 5 9 9 10 9 10 11 10 13 8 12 13 5 8 11 9 11 10 5 12 11 5 5 8 13 5 8 3 9 7 15 13 8 54 12 6 6 6 7 7 8 6 25 8 7 6 6 6 9 7 9 17 12 8 6 7 9 12 10 12 8 9 21 9 9 9 13 7 12 6 7 8 8 6 11
internal_value=0.0173426 0.00889476 0.0181911 0.0223795 0.0181147 0.0366406 0.0351442 -0.00527086 0.00248759 -0.011193 -0.0202396 0.0214944 0.0196884 0.0259245 0.0198336 0.00620776 -0.0186438 0.0087957 -0.00669944 4.36519e-05 -0.00191672 0.00237843 0.0134866 -0.00704477 -0.016416 -0.0233433 -0.0113528 0.0228454 0.0135276 0.0147089 0.00635838 0.0133773 0.00216617 0.019454 0.0136544 0.0305927 0.0233218 0.0307601 0.0138059 0.0124365 -0.000161477 0.0206962 0.0225922 0.0193357 0.0255918 0.0084366 0.000985503 0.0151168 0.0133546 0.0154439 0.00437944 0.0176642 -0.0018327 -0.0220466 0.0223632 -0.0293875 -0.0222948 0.00977877 0.0356207 0.00232792 -0.00448715 0.00168906 -0.0106937 -0.0124306 -0.00926335 0.0393707 0.0224095 0.0160768 0.0224286 0.00933618 -0.0176023 0.0197913 0.0273397 0.00452735 0.0172009 0.0119476 -0.019159 -0.00580072 -0.0244317 -0.0125065 -0.033257 -0.00275647 -0.0138506 -0.00759146 0.00123856 -0.016439 -0.00943856 -0.027471 -0.0218172 0.0250618 0.0292879 0.0127938 0.0182376 0.0241185 0.00678683 0.0410392 0.0326468 -0.00639029 0.013538 0.0198269 0.0345669 0.0259885 0.0336712 -0.0257212 -0.0349005 -0.0134423 -0.0183256 -0.0254115 -0.00383159 0.0371937 0.0261648 0.00491102 -0.0360955 0.0412325 0.0352796 0.0273257 0.0215167 -0.00495692 0.0172974 0.0231095 0.0423555 0.0412458 0.00546879 -0.00319252 0.0412775 0.0357621 0.02831 0.0352167 0.0328837 0.00799802 0.0391872 0.0219221 0.0187523 0.0324943 0.034709 0.00833645 0.000109326
internal_weight=585.951 218.826 132.082 367.124 275.229 51.9966 91.8949 86.744 48.8827 20.6818 22.7823 226.347 200.784 89.0757 63.8174 80.0859 7.51329 72.5726 17.655 63.9617 61.0181 51.3219 23.5752 27.7467 19.1575 16.8232 5.52335 58.2941 8.58917 111.708 40.4952 30.9757 18.893 71.2132 46.8445 24.3687 10.0385 12.0827 54.9176 28.201 12.4716 6.38666 15.7293 50.4324 32.1863 18.2461 14.4526 53.751 51.2769 48.366 18.6706 12.5208 6.08341 6.14987 33.9864 15.1346 6.08497 11.0739 25.5624 13.1336 10.8074 9.25777 5.87663 6.25844 12.8581 74.634 29.6954 19.8306 15.1983 9.14404 9.62239 20.2469 13.6196 6.62734 17.2609 14.5374 11.9443 6.07858 9.69622 5.86131 5.86575 10.7532 6.48768 6.76767 4.28575 9.51953 7.34365 4.33229 8.85447 31.7477 23.348 6.05217 21.806 14.6037 7.20224 45.8358 14.6474 4.86838 8.39978 6.63261 9.86484 5.88673 23.4349 3.75617 7.54814 6.17895 4.82564 3.55495 4.63227 25.0971 6.52854 6.16077 12.0291 67.7343 21.026 13.5741 9.41662 5.00697 12.2784 8.71413 9.86074 13.2006 7.76142 4.75924 25.2583 12.7834 8.47436 17.2958 15.4241 6.90911 12.6461 6.89963 5.71066 6.68859 7.806 4.78311 8.1511
internal_count=1533 636 339 897 714 102 183 297 153 73 90 561 510 207 161 237 28 209 59 207 201 163 66 97 73 68 19 142 24 303 122 86 59 181 129 52 25 27 150 80 40 16 40 128 76 52 44 145 141 130 57 33 20 24 84 64 24 31 51 41 36 29 21 23 45 139 73 52 37 26 36 53 32 21 44 39 44 20 38 21 24 36 24 23 14 36 26 18 34 76 53 16 56 35 21 84 30 16 23 17 21 14 48 15 32 22 18 14 15 49 15 18 54 123 41 30 22 17 31 21 18 24 24 16 46 25 18 37 34 20 25 16 15 14 17 14 25
is_linear=0
shrinkage=0.0283043


Tree=16
num_leaves=130
num_cat=0
split_feature=13 13 13 13 18 9 22 9 9 21 9 15 13 9 21 9 22 15 15 15 15 15 21 21 15 21 21 9 1 1 21 22 22 18 13 1 13 21 15 9 9 22 21 21 13 1 18 9 9 15 21 21 22 15 9 22 21 21 13 13 21 21 9 21 22 21 21 22 15 15 22 22 9 9 9 9 22 22 1 9 13 22 15 15 22 21 9 22 21 15 1 21 18 22 21 22 22 1 22 9 9 22 21 9 22 22 9 22 9 15 15 1 9 21 15 22 9 9 21 1 9 9 21 21 15 21 21 21 21
split_gain=25.7589 26.476 24.935 25.7068 16.779 12.761 12.2827 9.58315 8.95746 8.66889 8.38577 8.18231 7.68766 12.0883 10.7167 7.02228 6.80893 6.62236 23.0376 10.4695 10.2816 13.7901 10.8396 7.8437 6.61034 7.98509 6.41335 6.31241 9.72898 8.66927 7.85188 6.21563 9.08601 6.09691 6.07796 6.8081 6.10225 5.59497 6.53771 5.26875 6.54106 5.16169 5.07374 8.98019 6.50133 5.02577 4.9017 4.77864 9.69807 4.65739 6.09399 5.13857 6.6007 4.98585 5.36977 4.60083 4.57464 6.85788 4.50745 14.7592 4.23733 4.97097 4.2036 4.13844 3.81393 3.77202 7.12267 3.68486 5.94414 8.16947 5.8362 4.16882 3.42353 9.05898 4.88235 7.10229 4.52294 9.53256 3.78294 3.23534 4.42593 3.5104 3.06154 3.03548 5.74668 3.01356 2.98087 2.95359 2.91633 2.89419 2.87152 2.79776 2.75776 2.96269 2.66115 5.53401 2.62517 2.61617 2.58449 2.56345 4.83553 2.44315 2.3132 2.24309 3.32395 2.66027 2.23438 2.21306 2.51707 2.16685 2.1329 2.0243 1.90524 1.86654 1.8179 2.40816 1.69469 4.17736 1.60366 1.51114 1.49419 1.43992 1.41211 1.3392 1.33426 1.15108 1.01292 1.9819 3.17331
threshold=0.22889777337348557 -0.48742083761836419 0.38745883675288362 1.0185520211888746 1.8751067852320178 0.40774757053317873 -0.74606975501858686 0.07502834376458388 -0.35921692352083739 -1.6536027150998542 0.31896302024661327 0.71415315846281224 0.17085031764643507 -0.41167111596783929 0.32341814630674431 -0.77695635024563336 0.21418747157122286 -0.10559005288305956 0.059668677677032413 -0.4709722583517903 0.73467156893969843 0.87544694070562656 0.81487442050911796 -1.177995297531776 1.5685088709243227 -1.0000000180025095e-35 -1.7072431821885066 -0.18008796530552582 2.3461420518193665 1.4513484039933491 0.14889176527721842 1.1397179272930773 1.0912053916162765 2.1846939104343064 2.8037700571839212 0.93652974461139593 6.0079676291142166 -0.11642895986889885 -0.0016500757227746745 -0.35921692352083739 -0.58016757515277695 0.95394401363201486 -0.73323528199706678 -1.3326574633162307 0.34520336677199609 3.056962108043709 4.8108397446066968 1.6953463864944045 1.2801059153800407 -0.027024168433146048 0.13866441069800842 -0.31495301353694116 -0.25302593126695244 -0.012055109080242913 0.52309745148096309 -0.9731532614978492 -0.9459311895854926 -1.7441608616511062 1.2240310375797847 1.1387506505166887 1.6281026379738048 2.4901056526811454 0.44722151902917778 -1.358426617694795 -1.8829183356649513 -0.77383764347896622 -0.9459311895854926 -0.24393877487911539 -0.051838596470502075 -0.029696370181768562 0.85808763168262325 -1.0000000180025095e-35 -0.27010607648259127 -0.5045303964217337 0.98701980625460606 1.2252721441829777 0.91511490444724009 -0.2501876855710139 1.0412949664852076 -0.35671796791040516 0.27293945983958307 0.18048628528247199 1.5685088709243227 -0.11711441558655838 0.68273651944278124 -0.32116500950537569 -0.36643524434460173 0.8451843466279777 -1.1004043973176754 -0.13830284715085733 1.3487099411442709 -0.42920177589176783 2.0617396682563833 1.4075863088988532 0.75310875717277914 -0.85261129723504159 -0.61441331601369997 0.99993933301267257 -0.4758162929960556 0.74295779445484789 0.52309745148096309 -0.92225564540429328 0.70123977182417452 0.035140555485965508 0.9316673625395212 0.026767852422599402 0.42862260418338144 1.0129747539467058 -0.70549736162757382 0.89581558176297349 1.6598997472474186 1.0000000180025095e-35 0.41609599230178829 -1.177995297531776 1.7183649990749503 0.91511490444724009 -0.41403477780318448 -0.26071509680007537 -0.053600407488531086 0.95577780738145657 1.5401485095547924 1.447679193511443 0.71484475158774308 0.4929843784641354 1.5475253869867618 -0.75269796138106049 -0.10849272167348423 0.84994975896206804 0.36829568372129273
decision_type=2 2 2 2 2 2 2 2 2 2 2 2 2 2 2 2 2 2 2 2 2 2 2 2 2 2 2 2 2 2 2 2 2 2 2 2 2 2 2 2 2 2 2 2 2 2 2 2 2 2 2 2 2 2 2 2 2 2 2 2 2 2 2 2 2 2 2 2 2 2 2 2 2 2 2 2 2 2 2 2 2 2 2 2 2 2 2 2 2 2 2 2 2 2 2 2 2 2 2 2 2 2 2 2 2 2 2 2 2 2 2 2 2 2 2 2 2 2 2 2 2 2 2 2 2 2 2 2 2
left_child=1 4 15 26 6 7 27 11 46 -3 -10 16 60 14 -14 87 34 19 31 47 116 22 90 -23 98 85 -4 28 30 82 56 32 67 -12 35 39 -36 38 91 40 -5 -18 43 109 45 49 92 48 72 50 51 52 -44 -51 62 -32 57 -1 59 -39 65 -62 86 -59 -28 66 111 96 70 -70 -69 -71 73 78 88 -76 77 -75 107 -52 81 -81 94 84 -15 125 -55 101 -74 -21 -22 -7 93 -6 95 99 -19 -66 -25 100 -29 -2 -91 -90 105 -105 -53 113 -109 -17 -13 -11 -107 -8 115 -45 -20 -118 -73 -67 -101 -31 -98 -119 -88 -26 -115 128 -128
right_child=2 9 3 5 8 37 17 -9 10 12 33 110 13 83 -16 42 41 18 20 89 21 23 -24 24 25 -27 64 29 -30 121 55 -33 -34 -35 36 -37 -38 58 -40 -41 -42 -43 44 114 -46 -47 -48 -49 -50 53 79 106 -54 54 -56 -57 -58 63 -60 -61 61 -63 -64 -65 97 119 -68 68 69 71 -72 118 74 76 75 -77 -78 -79 -80 80 -82 -83 -84 -85 -86 -87 124 -89 103 102 -92 -93 -94 -95 -96 -97 122 -99 -100 120 -102 -103 -104 104 -106 112 -108 108 -110 -111 -112 -113 -114 126 -116 -117 117 123 -120 -121 -122 -123 -124 -125 -126 -127 127 -129 -130
leaf_value=-0.042691300285440152 -0.01328955980103849 -0.046617337337826699 -0.013154551027506914 -0.040584149273966828 0.0060313860829633486 -0.0010046069596111708 0.0017558717614632817 -0.044513041029363057 0.033606017528796106 0.021262690605487206 0.013636910470365986 -0.043738080094503425 0.024178234616504566 0.03614284945228733 -0.04224952419155354 0.00041375018262107815 -0.041593924926642045 0.00069793732003431658 0.045213635492644746 0.041509832150357515 -0.045067991946203506 -0.043634280210315055 0.036633901909763081 0.001567490379048325 0.021458559589665544 -0.043523514909160885 -0.041371857199215649 0.033915647521344829 0.046405776825651938 -0.042732654300117211 0.028052484077242156 -0.042730555757772667 0.049317854575527953 -0.041531155608879787 -0.043773792719578028 0.040562807687154742 0.019530705753190693 0.043731935423572357 -0.039523989236727744 0.028131247661516048 0.013666737584684351 0.0048875578945753555 0.022606873877343683 -0.042138635292713653 0.039777660533448639 0.041650786400233036 0.01518109151402287 0.045871399752118902 -0.039255773141050512 -0.04021692009320111 0.01329547631249655 0.020050621820579376 -0.04119133221500218 0.013061996092613307 -0.041260994205817476 -0.018158256324023805 -0.041833816495764085 0.029278140353855172 0.041666894576585366 -0.041428222156069915 -0.0091074674343510787 0.040813061354066676 0.036928903842332939 -0.016495399954181037 0.041308824113540026 0.044435361275004262 -0.019379533000713767 -0.041787579048059909 0.035903169466930687 0.015501286690951716 0.014425553056468952 -0.041186705798603909 -0.039311170812075087 0.0132708698199422 -0.024799267979009391 0.038851608670146344 0.023972160320722191 -0.043238287750994829 -0.0048074559165453036 0.013781582862230544 -0.041448402903334083 -0.024343201360860749 -0.00081227615341811818 0.044437372785090107 -0.015732131099477329 0.044555230626250997 -0.040375895410313806 0.0018449227007607694 0.047642573813422635 0.032895968185826019 -0.0022816913387022249 0.035813940812794064 -0.04333951656402104 -0.041307584008617011 0.044764618973192692 -0.018852900485981011 -0.042193020297702465 0.020759776165141436 0.04173181406938363 0.052018394207022131 -0.008059590866951908 -0.041101823715575705 0.0019988288424540182 0.030183988554553662 0.039959795206511335 0.01568780625744293 0.047238328867054036 -0.0044425867927952176 0.033683431390312178 0.034832015628514713 -0.0055732182069786751 0.048726184366177726 -0.015553312034541614 0.044636165410893304 -0.0031898538550373867 -0.004885639057578172 -0.0073383519192394961 0.042599684694903731 -0.0060149344949879911 0.031254343518017709 0.028367694299136832 -0.0089567124186951206 -0.01266505053962474 0.025522910955111357 -0.0071634174491695844 -0.002777578465541955 0.031580706995766365 0.04362846693868723 -0.010594137618070012
leaf_weight=2.9741026014089611 3.9138767272233954 0.98198659718036552 2.0098714530467978 2.8539374470710799 2.3211557418107991 2.9874371737241741 1.3416541516780913 3.949647828936576 6.0983805954456312 3.446153849363327 3.0086696594953537 3.6297136247158042 3.370874390006068 4.9833022505044946 3.814699113368988 3.0030466616153708 3.5174170583486548 2.7568765431642532 13.554945945739748 32.625919103622437 4.8341387510299665 1.1678038388490701 2.0568593442440033 1.2709210813045544 2.7740823775529848 1.6546103209257115 0.45769160985946555 4.4307796955108767 2.4480634331703177 1.8145393729209893 5.0662747323513031 2.7400624155998221 2.4817535281181327 2.8619816452264786 2.5311097949743262 7.7283870279788962 1.9073542356491087 3.9277400225400951 1.9815105944871927 4.9903038144111678 3.8270599395036697 3.638046607375145 2.7675321698188782 7.0317331701517087 3.5335381329059592 2.078631028532981 1.9314975291490561 5.1262176334857932 2.0055522769689551 3.8582062274217614 4.2628262788057265 4.8945157378911919 2.0062918215990058 3.1935461908578855 2.231083795428277 2.2567571550607672 5.65804095566273 3.152615129947665 10.955397218465803 2.3127715438604355 2.9325873851776114 2.7076660841703415 2.2906027138233185 2.5930435508489573 32.767609566450119 55.276389077305794 2.0998988896608335 3.7570450156927171 6.1324951797723815 2.982081845402722 2.1037323474884033 2.383842110633855 0.43714267015457409 4.2864660024642935 3.1162911206483832 2.0902072936296463 2.7355232983827582 4.7398141175508526 3.0440843552350989 4.1237354874610936 3.2751022130250931 3.15756656229496 4.1731681376695624 8.7473346590995753 2.2458112239837646 2.6784918755292884 1.7205461263656654 2.7723573595285407 5.4414526224136379 5.2103306949138632 1.4721551686525343 2.9208463877439503 6.0418288111686707 1.5602581202983854 3.9303092062473288 2.2263520210981396 3.5251497328281456 5.1381461620330802 15.983406588435173 3.0865200757980329 3.720683678984642 6.2135381251573554 2.6760321259498596 7.810699015855791 10.37039704620838 4.7383801490068436 3.9553888589143753 3.00642991065979 2.0591956079006186 2.299967497587204 1.4843592196702955 4.2832264304161072 2.0083117336034775 5.4017625749111238 1.4951845705509175 1.5147693008184431 1.7443894445896191 9.9323830008506722 1.511169344186764 7.3312954157590857 5.0948751717805862 1.749933138489723 1.7715080082416532 5.030893787741662 1.6944278478622434 2.8353515863418584 4.5651358217000908 4.4367627054452896 1.7563565224409101
leaf_count=13 14 4 7 13 7 10 4 17 13 8 8 16 8 10 17 10 16 9 24 59 21 5 4 4 7 7 2 9 4 8 12 12 4 13 11 15 5 7 9 12 10 11 7 32 7 4 5 9 9 18 12 13 9 9 10 8 26 7 21 10 9 5 5 10 60 96 7 17 13 8 6 11 2 12 12 4 7 21 10 11 15 12 13 16 8 5 8 9 9 11 5 6 27 7 7 8 16 12 30 5 13 29 8 17 20 12 7 10 4 5 5 7 7 10 5 5 6 18 5 15 12 6 6 12 6 9 10 8 6
internal_value=0.0169278 0.0209436 0.00813158 0.0170559 0.0166891 0.00609984 0.0186623 -0.00380136 -0.005953 0.0333557 0.0109833 0.000719761 0.0341879 0.020018 -0.0095584 -0.00406687 0.00618569 0.0216364 0.0162241 0.0260737 0.0256424 0.0156554 -0.0156068 0.0249634 0.028082 0.0100924 0.0347246 0.00665993 -0.00409557 0.0151944 -0.0101752 -0.00336788 0.000301227 -0.0124552 0.0134294 0.0202643 -0.015188 0.0218081 0.00338559 0.00693896 -0.0093129 -0.0176024 -0.000279606 -0.014293 0.00416081 0.001309 -0.0233237 0.0201912 0.0183825 -0.000755209 0.00593124 0.0194434 -0.00274943 -0.0134157 -0.00401524 0.0132337 -0.0222506 -0.00970244 0.0308922 0.0122802 0.0384258 0.016094 0.00577988 0.00816849 0.0373798 0.0402745 0.0242311 -0.00443834 0.00233428 0.0129385 -0.0204706 -0.00775358 0.0200552 0.0140948 0.0262601 0.00175306 -0.00627121 -0.0160227 0.0234298 -0.00648334 -0.0149069 -0.0029455 0.0207436 0.0334502 0.0203222 0.0208338 -0.005282 -0.0229056 0.0305443 0.0377564 -0.0343909 0.016736 -0.0314841 -0.013565 0.0248778 0.0204717 -0.0200852 0.0383726 0.0385749 0.0260776 0.0151528 -0.0301548 0.0228653 0.03161 0.0280591 0.0194063 0.0321964 0.0274643 0.01164 0.0144232 -0.0316346 0.0361812 0.00655138 0.0322161 -0.0300401 -0.0351935 0.0378006 0.0319514 -0.0269187 0.0428286 0.0370515 -0.0247883 -0.0319238 0.0366095 -0.0233627 0.00970762 0.034895 0.0300363 0.0200228
internal_weight=583.392 400.587 182.804 105.516 298.366 65.143 274.542 40.0573 23.8238 102.221 11.969 36.1077 101.239 23.162 7.18557 77.288 30.9936 220.166 99.1361 121.03 66.9904 36.7278 8.36315 28.3647 27.1969 9.94254 40.3733 54.3761 24.1489 30.2272 21.7008 32.1457 29.4057 5.87065 23.8382 19.3997 4.43846 25.0857 7.88979 11.6713 6.681 7.15546 64.3882 15.3447 49.0435 45.51 11.8547 80.5178 75.3916 43.4314 28.443 13.6237 4.77382 14.9884 11.1302 7.32303 14.3778 8.71976 17.1959 6.24051 78.0772 5.64025 8.89912 5.74566 38.3634 72.437 9.82928 26.9239 18.8704 13.0096 5.86078 6.87709 73.3861 37.3732 36.0129 5.2065 11.7618 9.02628 25.6114 14.8192 10.5564 7.2813 26.6627 15.9764 7.22911 8.28793 6.60852 12.8998 30.8064 40.5123 6.30629 5.90828 9.92324 3.88141 22.4895 18.5592 8.05353 37.9058 17.2543 16.3329 8.15146 10.1274 7.88636 30.3692 24.9278 14.5574 8.8499 22.5673 5.06563 5.30301 5.11407 7.72938 6.74669 17.5017 10.0417 8.5465 30.2626 16.7077 3.89501 62.6077 8.1814 3.56447 5.29666 14.9633 3.41497 5.60943 16.16 10.7583 6.32149
internal_count=1533 996 537 275 786 194 706 131 80 210 34 114 206 59 25 262 93 545 264 281 157 97 30 67 62 28 81 161 80 81 76 107 95 21 66 50 16 63 25 35 23 27 210 57 153 146 46 203 194 142 86 36 16 56 38 20 56 30 38 17 147 14 28 17 74 133 22 91 60 37 23 24 185 102 83 16 40 33 62 50 38 23 67 34 18 21 23 52 67 78 26 16 41 14 54 47 31 72 34 39 22 43 19 65 56 36 20 52 14 15 21 15 19 38 42 37 60 36 16 111 17 14 22 30 14 16 34 24 16
is_linear=0
shrinkage=0.0283043


Tree=17
num_leaves=129
num_cat=0
split_feature=13 13 13 13 9 3 14 3 3 3 14 4 8 4 4 9 4 8 13 4 8 19 3 3 19 8 8 8 14 4 19 9 13 9 9 14 4 3 9 8 8 14 9 9 19 8 9 9 3 3 9 3 13 13 3 8 13 8 9 9 9 14 3 9 9 3 14 19 14 14 13 3 8 13 13 14 9 8 8 14 13 4 4 8 14 13 19 19 19 9 4 9 4 4 9 14 4 19 4 9 14 9 19 4 3 19 8 13 4 13 19 8 8 14 4 3 8 9 19 14 13 13 9 9 4 3 9 19
split_gain=24.4426 25.2322 23.6469 24.4231 12.0956 16.8195 9.4157 12.0173 11.2109 10.0611 9.20752 8.5225 13.3907 11.5325 13.4485 12.7892 11.4482 8.5121 7.89774 7.5866 7.48041 14.0974 7.37863 7.7671 6.76338 6.58008 6.28346 6.25942 6.21876 6.04812 6.29016 6.60672 5.99028 5.75412 5.63494 9.73956 5.3088 5.29066 8.76823 5.62165 5.59344 5.24839 5.13444 6.11729 5.9257 5.07857 5.06353 4.83045 8.39616 7.59824 5.34961 4.48552 4.40929 6.46685 4.53318 4.33831 4.29975 4.29217 4.26565 6.56998 4.23502 4.12784 3.92031 3.90946 11.8305 3.3128 3.29808 3.25558 3.1804 7.60422 3.17332 3.14975 6.15987 3.05551 4.3892 3.02364 3.02279 2.77515 2.75611 2.65425 2.75607 2.62036 2.57878 2.46861 2.45751 2.35253 2.34589 2.32687 5.54865 3.39259 2.2922 2.28041 3.43939 2.23219 2.16991 2.11881 2.11604 2.08841 2.08818 2.07563 1.95923 2.3979 1.95803 2.7313 3.24558 1.95211 1.94684 3.97993 3.10734 3.18181 1.81309 1.72565 2.45301 1.69525 1.68193 1.62127 1.46541 1.45647 1.30578 1.05026 1.05011 1.03981 1.02887 1.48371 0.972354 0.929887 0.852963 0.829356
threshold=0.22889777337348557 -0.48742083761836419 0.38745883675288362 1.0185520211888746 0.40774757053317873 1.226305268837699 0.50565407809761631 0.19686530729492083 0.96113126235674995 1.2732484878513084 0.93692370871876485 0.2785689586647736 1.5549952483048839 0.61794706533013766 1.4176520504906442 -0.37482345840000159 0.43973011078282004 -1.0000000180025095e-35 0.13159935539451589 1.6545754845169289 0.051812092090256806 0.59764902029464639 0.11574931675755058 1.3087416605815816 0.34278866161801408 1.2561716862433825 0.10664470810082124 1.1290120987837822 0.29823015181898443 1.3746110199049011 0.41165917741782071 0.37393208521876359 0.30408374727401127 -0.39803827851347517 -0.21995983666942806 0.39130984565278709 1.5924890076486053 0.085616578776102792 -0.36180342216220834 0.11106969336002047 1.2432295833392641 0.23637593535194015 0.45295160832698411 0.53920536917368522 0.62675849885262747 0.078401162807038238 0.44722151902917778 -0.26071509680007537 0.067603941421594385 -0.69037532729878148 -0.77695635024563336 2.153729456566897 1.4314245116394584 1.1387506505166887 -0.24460196773608786 -0.17918780210457952 0.4264807968913143 0.72719015196114045 1.2586578728000577 2.6044489289634494 0.07502834376458388 1.4313672654347334 -0.036944243661192096 0.60027857093947068 0.47349238676814814 -0.30978446013218891 0.38209482973014575 0.26258517428926859 -0.16106322585458027 0.37076827840306353 0.27135476521424301 0.35370729239979487 0.23018207311373187 1.4314245116394584 3.4498399798420563 0.33642140087321881 0.42862260418338144 2.1101938412688419 0.13621966488852255 0.32291445972633365 1.2480945796651504 0.34715174257221543 0.45293846937527038 0.14192711268965788 0.29687601498352784 0.25670779003552219 0.49595114181713279 0.54086461653677753 0.61286724050175512 0.57473192282008434 -1.0000000180025095e-35 0.55427868740985919 0.49720205220822783 0.36606534498499821 -0.43101016734793562 0.41422689023250642 0.4474010268437712 0.6519946833437561 0.10953313177790711 -0.35671796791040516 1.1178731122906302 -0.41167111596783929 0.20956647309639528 0.098338388651456415 -0.074861436516853078 0.54474986521494762 -0.062385812884432366 0.67598317957924292 -0.61943162433301524 0.83496560684745946 0.21841288547130541 0.84780036964550998 0.99223893715485945 0.33193438813878201 -0.61943162433301524 3.0167594511277613 1.0352650659472951 0.28186069204331743 0.54474986521494762 1.6751922259681826 0.040410713803417854 0.064144492845360127 2.0326258093291707 0.82062437981219738 1.0599596317297595 0.060055976315711752 1.0883787191669134 0.29408557511073891
decision_type=2 2 2 2 2 2 2 2 2 2 2 2 2 2 2 2 2 2 2 2 2 2 2 2 2 2 2 2 2 2 2 2 2 2 2 2 2 2 2 2 2 2 2 2 2 2 2 2 2 2 2 2 2 2 2 2 2 2 2 2 2 2 2 2 2 2 2 2 2 2 2 2 2 2 2 2 2 2 2 2 2 2 2 2 2 2 2 2 2 2 2 2 2 2 2 2 2 2 2 2 2 2 2 2 2 2 2 2 2 2 2 2 2 2 2 2 2 2 2 2 2 2 2 2 2 2 2 2
left_child=1 6 20 56 5 24 7 11 71 28 -8 12 33 15 124 96 17 113 114 46 42 22 37 32 60 87 36 -26 77 30 100 62 -24 102 45 55 47 38 93 -40 -41 -19 44 -44 81 86 116 48 49 50 119 98 53 -6 -54 58 -4 115 65 -60 68 67 -32 64 -57 -36 -7 -49 73 84 -46 72 97 99 -75 90 -63 82 -34 80 -55 85 83 -10 -70 -2 -35 89 -89 -21 -45 -18 -93 -22 -52 -87 -13 -9 -11 -5 101 -20 103 104 -1 -47 107 -58 109 -109 -51 -28 -113 -17 -3 -53 -16 -102 127 -12 -116 -122 123 -65 -15 -14 -43 -104
right_child=2 18 3 4 52 66 10 8 9 51 26 13 125 14 19 16 91 41 29 25 21 -23 23 -25 27 -27 111 -29 -30 -31 31 -33 78 34 35 -37 -38 -39 39 40 -42 126 43 75 70 105 -48 61 -50 110 94 57 54 79 -56 63 106 -59 59 -61 -62 76 -64 122 -66 -67 -68 -69 69 -71 -72 -73 -74 74 -76 -77 -78 -79 -80 -81 -82 -83 -84 -85 -86 95 -88 88 -90 -91 -92 92 -94 -95 -96 -97 -98 -99 -100 -101 117 -103 118 -105 -106 -107 -108 108 -110 -111 -112 112 -114 -115 120 -117 -118 -119 -120 -121 121 -123 -124 -125 -126 -127 -128 -129
leaf_value=0.0014056806457221974 0.0018436478133838005 0.0327050284263561 0.011935903075350873 -0.041520034666050865 0.038328740028557642 0.013801908993175014 0.042423189440757722 -0.016317245596884706 -0.010633782190434151 0.041007217600853865 -0.044658858746774908 -0.042350170461592646 -0.033082679738508182 0.049572933035454465 -0.041673348819152252 0.023486414036591054 -0.040318513776474968 0.014560797730335555 0.023397575518524654 0.023329497949847341 -0.0051188986543692491 -0.04122992042005659 -0.041135229719385685 0.030675805386655597 -0.042718329065930948 0.048605025895738577 0.049285366246574029 0.007782459045471357 0.025934106563215015 -0.017903998279244337 0.0055445140167579062 0.034188468232788864 0.019123361922729547 0.020496933335705493 0.0063281923716883882 -0.040314584540581115 0.044205740973603767 0.041009571863104131 0.042154424439506795 -0.020676291223025115 0.035104350818482795 -0.016065103350838019 0.02649919923917424 0.0075070818119329962 -0.017346201966277012 -0.041977950053582368 0.017199273715436038 -0.012936400382600508 -0.043233611013375389 0.049390273156646944 0.024864873674723627 0.0076145076756423636 -0.0059500248303736977 0.022612834283032342 0.04110633516007875 0.029670573259774319 0.045576678496769947 -0.020591957094670401 -0.04354617449483187 0.015573290245784528 -0.04436211465102112 0.045826191423522761 -0.043667246589959012 0.050610244687552805 -0.04014029427236096 0.038389124930076672 0.049758612662690022 0.021483437105343544 0.047711759123771055 -0.017627221129089307 0.024059248436359544 0.044579503204602841 0.047050612321913071 0.030742948582280175 -0.019033179374649049 -0.042024394496875957 0.016491329103353651 0.016425457206887352 -0.019031330439500969 -0.023694970626023722 -0.014713713981668023 -0.041318660521670152 0.0040217882143849387 -0.04164220248773022 0.014362919712380601 -0.041707070493986656 -0.013185385048404403 -0.041752865337398908 0.020205957426099767 -0.014538570793185511 -0.022474874294735606 0.0096713405249259313 -0.041213311469354676 -0.041883774207512783 -0.010847190375561408 -0.0035873465571166483 -0.010687289169754624 0.020756952017070476 0.020323001513327377 -0.0030117508125045234 0.010678552306787863 0.046755431221231401 0.030442742278659243 0.041778710480267378 0.036121865276120269 -0.0043380621853840251 0.045637640480728901 0.021212927108293821 0.036126199195831758 -0.019379314250552771 0.020741639829925294 0.0060381581167005616 0.038349299435410336 0.048846116282924006 0.044986627728731028 0.033186082361630675 -0.013572743812947017 0.033521384485026402 0.024958748085397092 -0.017350167597303182 0.024862072940253301 0.040604754731117361 0.049044688832991047 0.026156264910422812 0.032956228312704387 -0.009608558616978782 -0.040983278947867255 0.047672938577112814
leaf_weight=6.2239888161420813 2.6020162701606813 27.465703681111336 5.3874329179525366 3.0459998697042461 4.1320054084062603 3.1931970864534369 18.114099651575089 2.4167538732290286 3.6540335714817065 11.25448109209538 2.2868031412363061 8.3657056093215925 4.1835218071937552 4.2762261033058149 4.3455476611852664 3.5934124439954784 4.2050438821315748 5.0957719832658785 5.0666762888431576 6.1340942680835706 3.0019916892051723 4.6059845089912406 4.7650214582681638 3.1623495668172827 8.1988522410392743 3.0648517608642569 4.8899939060211164 2.3612381368875495 4.2190768569707862 2.6336259692907324 2.367655485868454 2.9595266133546829 2.9433575570583344 4.8603038191795331 5.6401552259922019 2.0107595771551123 3.9172875285148612 6.4704313427209845 6.3057951629161852 3.01061150431633 2.2713024616241455 1.9842123836278918 4.3817680329084387 4.6763845533132544 2.5952452123165122 2.8735888749361038 1.9339884817600248 3.6283521205186897 2.7733356654644004 2.4437243938446036 3.0843020528554916 3.4051278680562955 1.7360987216234214 3.6278380006551725 10.018277063965794 9.1069119274616295 9.283489942550661 2.4752563834190369 2.4891058504581443 3.0397686809301376 1.6607140898704518 5.7935884147882444 2.2914559096097937 2.4357333183288556 2.2110205590724936 4.146669894456859 4.2724529504776001 4.4570605605840683 3.0457634925842303 4.2401614487171173 2.7295631766319275 17.658098489046097 4.2179312109947205 2.2772098630666733 2.8464516699314117 2.0171963572502136 4.6549823880195618 1.9192195087671269 2.5551779568195343 3.1043379753828049 2.3588555157184601 8.5770387947559339 2.7326052486896515 4.1228287518024445 3.1960376501083374 3.4908756464719772 2.1918880343437195 2.2506738305091849 1.8896902650594709 2.3934265971183777 3.2279866635799399 2.3394497781991963 1.5644057244062421 2.0027914196252823 1.9663740694522864 1.49928942322731 1.9071502834558476 1.9277059882879255 5.2606347948312751 1.5006535351276418 4.3293996006250364 9.4050815552473086 2.9025490283966047 3.2697142362594596 2.9250132739543941 1.5060915797948835 14.072036281228064 4.0224929749965641 5.2910208553075799 2.0894429981708527 4.4272038638591766 2.400556206703186 5.5984567701816559 3.9680792093276978 26.815521374344826 3.7950033247470856 1.9940005689859388 3.8180613815784454 5.0516030490398398 1.7983114272356031 4.6196063458919516 9.8251072615385038 4.286118507385253 6.5579144805669785 6.4392437636852264 1.7169646620750425 1.9498964995145796 6.3790312856435776
leaf_count=19 8 55 15 14 8 9 32 9 13 21 10 38 16 7 20 9 20 14 12 15 10 21 22 7 37 5 8 7 10 10 7 6 8 13 16 9 7 13 12 12 5 7 11 14 10 13 5 12 12 4 7 10 6 9 19 20 16 9 11 8 7 10 10 4 10 8 7 11 5 15 7 31 7 5 11 9 12 5 10 12 9 40 9 19 9 16 8 10 5 9 13 7 7 9 7 5 7 5 13 5 12 16 6 6 6 5 24 9 10 7 11 7 11 7 46 8 7 8 12 6 10 18 7 15 13 6 9 11
internal_value=0.0165338 0.0204551 0.00794263 0.0166566 0.00595277 -0.00371665 0.0162945 0.0134371 0.0232386 0.0143775 0.025161 0.00908101 0.0150252 0.00173616 0.013228 -0.00970143 0.001233 0.0146377 0.0326115 0.00158497 -0.00396678 0.00422359 0.0101161 -0.00636817 -0.0125505 0.0129442 0.019356 -0.0309944 -0.00267827 0.0213054 0.0247862 0.00307409 -0.018342 0.0180621 0.0127123 0.017484 0.0139682 0.0197803 0.0114764 0.0247652 0.0038877 -0.00351156 -0.0134095 -0.000417848 -0.0221401 -0.00449341 -0.019996 0.0106661 0.000635683 0.00833417 -0.0081461 0.0252072 0.0212757 0.0103323 0.0338078 0.0205526 0.0339293 0.0103057 0.0089594 -0.0106506 -0.00364861 0.0208157 -0.0177083 0.0278846 0.0159022 0.0197575 0.033807 0.00604607 -2.75183e-05 0.0106676 0.00320794 0.0377211 0.0241257 -0.0115001 0.00292503 -0.0124532 0.0324256 -0.0128315 0.00121552 -0.00296619 0.00752787 -0.0306585 -0.0186038 -0.0268601 0.0299779 -0.0188047 0.00964604 0.00415655 -0.0129058 0.0123143 -0.00484744 -0.0258223 -0.0110826 -0.0182035 0.0105258 -0.029769 -0.0358689 0.00106199 0.034138 -0.0281133 0.0322337 0.0384688 0.0286542 0.0206695 0.0127907 -0.0282084 0.0376484 0.0322078 0.0211687 0.00758589 0.0304516 0.0363622 0.0287231 0.0362808 0.0380729 0.0207602 -0.0324531 0.0215572 0.0357863 -0.0315903 0.0416783 0.0356686 0.0381699 0.0330311 0.0391894 -0.0251255 -0.0276542 0.042079
internal_weight=580.448 398.594 181.854 104.962 64.8161 39.8387 296.996 224.762 69.0588 42.8383 72.2344 155.703 86.0084 69.6949 34.7217 34.9731 24.7003 16.5914 101.597 24.0063 76.8922 41.0948 36.4888 13.4259 32.3731 15.7327 54.1203 10.5601 16.6478 32.8715 30.2379 7.61864 10.2636 80.1079 53.356 41.9242 41.2313 23.0629 16.5925 11.5877 5.28191 9.02988 35.7974 14.3033 21.494 11.4319 8.27354 37.314 18.7801 16.0067 9.13579 26.1905 24.9774 13.223 11.7544 39.9134 40.1459 9.67539 15.3157 5.52887 21.813 18.534 4.65911 24.5977 11.3179 9.78683 7.46565 8.08541 20.1523 10.482 5.32481 26.2205 8.56239 9.67031 5.12366 9.92157 10.4486 12.4287 5.49854 9.09103 5.98669 16.1692 10.5095 7.77686 6.2418 7.59218 7.05219 12.6679 4.14036 8.52752 7.90437 8.1089 3.90386 5.00478 5.05068 4.99017 10.2729 4.34446 16.5151 4.54665 22.6192 14.4718 26.7519 12.4187 9.149 4.37968 34.7585 20.6864 11.403 6.11194 6.87093 12.889 7.99901 7.56149 68.7259 7.20013 6.33955 8.14746 14.3332 4.08511 41.2602 14.4447 13.2798 8.99365 10.7155 5.90049 3.93411 9.28158
internal_count=1533 996 537 275 194 131 786 619 169 117 167 450 229 221 96 125 80 46 210 76 262 129 108 47 115 44 135 44 56 81 71 23 40 207 147 108 109 61 48 29 17 30 133 47 86 39 32 102 57 45 30 61 63 38 25 99 81 27 43 19 71 45 17 56 30 24 16 23 64 29 17 52 21 35 16 36 22 46 18 30 18 69 41 32 14 29 21 39 15 24 27 34 14 19 14 21 45 14 34 19 48 28 60 31 25 18 66 42 26 16 15 26 18 16 129 18 27 20 29 16 74 28 26 19 20 22 16 17
is_linear=0
shrinkage=0.0283043


Tree=18
num_leaves=120
num_cat=0
split_feature=12 12 12 12 12 12 4 4 4 4 17 12 11 11 17 11 19 11 11 17 11 11 12 13 13 19 13 11 11 13 13 17 19 4 4 4 4 12 17 12 13 17 13 17 19 19 4 4 4 17 1 13 19 4 11 4 13 4 4 4 17 13 19 19 12 12 1 13 4 13 17 11 1 11 17 4 17 11 13 4 11 11 11 11 11 4 11 13 4 1 12 13 19 17 4 13 4 4 17 12 4 12 4 11 13 17 17 17 17 12 17 17 13 13 11 17 13 4 13
split_gain=27.0999 31.8272 23.7618 21.92 16.9019 12.9092 11.0359 15.1378 14.5343 16.3558 8.55111 8.03163 7.10466 7.85293 7.08519 9.17506 6.6591 6.3524 9.02256 6.17215 6.28477 5.89899 11.0151 6.57289 8.25076 5.45273 5.33083 4.74634 6.42323 5.07 10.0637 7.60256 6.5898 4.80488 14.6542 7.87531 4.5956 4.44916 4.0525 3.92576 3.91396 7.41595 6.92323 4.43365 4.68775 5.53165 4.391 4.73575 3.90145 3.77934 5.19256 3.7037 3.63445 3.37335 5.53849 3.3634 6.60186 5.67573 5.40783 4.38998 3.14836 5.69442 3.09698 3.04954 3.95884 11.6397 2.83795 2.78569 2.78477 2.77479 2.77349 2.72941 2.61689 2.57762 2.55865 2.46434 2.39925 2.15535 2.88155 5.77514 4.77891 3.21607 2.43945 2.14495 6.57714 2.09183 2.07755 1.96996 1.9658 1.85397 4.23324 1.83375 1.79931 1.73166 1.63082 1.61183 1.57435 1.56593 3.41663 3.1045 1.48659 1.46931 1.40527 4.45181 1.34006 1.33053 2.55199 2.8869 1.32492 1.32391 1.30269 1.61332 1.15924 1.47677 1.48858 1.14672 1.05739 0.979092 0.891237
threshold=0.11462330599291799 0.2572563221607303 0.91236174323230845 -0.60255286843806577 0.21583902089734722 0.35426774859839671 1.4070925551004911 1.7444570462998554 0.5885938255906541 0.35005230770776258 1.1416089457371101 0.052414556294340435 -0.10925861504941378 0.19889115567380486 0.91125668522827197 0.35710882827616525 1.7504560988586031 0.28210374891871698 0.34024773996387542 -0.072284156798026147 1.5148924075399703 1.393497032296857 2.4458598619111309 0.83496560684745946 3.6440887325874933 0.41165917741782071 0.19953054233972764 0.60593254753021586 0.43219196822765188 -0.24155500849263223 0.25883292964869492 -0.0072790410840310382 0.67059605855370219 1.7960799142287878 0.44631031846635477 0.39448369182955328 0.31034333128599484 0.14005143142427981 -0.14595791994766039 1.4406669281170339 0.38745883675288362 0.41349126140991405 2.2199703892255633 -0.073297122341067125 2.6821745957177132 1.5499653124537154 0.25505280661542024 0.2995680913816276 -1.0000000180025095e-35 -0.52854721351159928 2.6289116424859378 0.18365611583270877 0.20242957013988008 0.35005230770776258 0.30189768526416311 0.44631031846635477 0.32208331339420293 0.42322565544542973 0.47900759817615923 0.39224234604299413 -0.15749014305305004 1.3163372094847063 0.29058287399472721 0.64388945687052757 0.31615315971918839 0.27066036657226938 2.3461420518193665 1.1573547822164898 -1.0000000180025095e-35 0.37691557944787563 0.012016004500239881 0.30929113867094105 1.2619060034709337 0.26830932680079206 0.5706859815939368 0.38198249581147198 2.0622387835085845 2.8261877207369652 0.26469538375399904 -1.0000000180025095e-35 0.36762470544447839 1.5837976090489909 0.22331297009438342 0.2332935746178619 0.24077624013211221 0.35813074118445182 1.5677394297039531 0.7690679586700252 1.4666020836045892 1.161876841610183 0.084880495023456112 0.68157999123290025 0.26586073779024882 0.91935066951930133 2.4821714410428006 0.22375896594680497 1.6150343093839947 1.568888954954835 -0.08637801392091364 0.15696058285077871 0.25091770342631364 0.19424719369495713 -1.0000000180025095e-35 0.062965358426118723 1.1387506505166887 1.1931533077926184 0.70562467999095335 -0.064823275971397351 -0.26002368412605364 1.3313922270049807 0.35970668709575748 0.5706859815939368 -0.48742083761836419 -1.0000000180025095e-35 0.28478011214289001 1.3209622871751541 0.26210307982930986 1.045564678309131 1.1221617374155859
decision_type=2 2 2 2 2 2 2 2 2 2 2 2 2 2 2 2 2 2 2 2 2 2 2 2 2 2 2 2 2 2 2 2 2 2 2 2 2 2 2 2 2 2 2 2 2 2 2 2 2 2 2 2 2 2 2 2 2 2 2 2 2 2 2 2 2 2 2 2 2 2 2 2 2 2 2 2 2 2 2 2 2 2 2 2 2 2 2 2 2 2 2 2 2 2 2 2 2 2 2 2 2 2 2 2 2 2 2 2 2 2 2 2 2 2 2 2 2 2 2
left_child=3 4 5 6 16 10 8 17 9 12 63 66 40 74 77 -16 19 88 -19 37 26 23 -23 27 -25 89 53 28 29 32 -31 75 33 34 35 36 105 48 -9 -33 41 43 60 44 45 46 49 -48 -2 50 95 72 -17 54 -21 57 58 59 -57 85 118 67 108 64 65 68 110 -62 -3 -58 -45 97 -43 -55 -14 109 -6 78 82 80 104 -82 -15 -84 -85 -11 -20 -68 -8 90 -13 100 -93 -87 -40 -1 116 98 99 -39 102 -73 -7 -104 -80 106 107 -4 -51 -32 -5 -112 -86 -114 -115 -113 -28 -10 -42
right_child=1 2 21 11 76 91 7 38 117 55 -12 25 13 14 15 52 -18 18 86 20 -22 22 -24 24 -26 -27 96 -29 -30 30 31 39 -34 -35 -36 -37 -38 71 94 -41 42 51 -44 70 -46 -47 47 -49 -50 62 -52 -53 -54 73 -56 56 69 -59 -60 -61 61 -63 -64 -65 -66 -67 87 -69 -70 -71 -72 101 -74 -75 -76 -77 -78 -79 79 -81 81 -83 83 84 112 93 -88 -89 -90 -91 -92 92 -94 -95 -96 -97 -98 -99 -100 -101 -102 -103 103 -105 -106 -107 -108 -109 -110 -111 111 115 113 114 -116 -117 -118 -119 -120
leaf_value=-0.01553059493388409 0.0055395414456313827 0.034208794237534909 0.015313075170058942 0.04148952740739658 -0.036244175062470289 0.039822092144129705 -0.011727410106147895 0.03696121970624041 0.04389609899816109 0.001466352109797244 -0.04029827192981892 -0.0037358821329916219 0.044132040577487971 -0.0089302845993932088 -0.04005383861832993 0.029193981285480987 -0.039391879107385355 0.027747878676191915 -0.042160093413151904 -0.0084324131867225954 0.033169665935524978 -0.041665793389863981 0.029346208100363987 -0.042357209323747799 0.017186070621271012 -0.01339032724183311 -0.020170932509795562 0.040269928373982994 -0.038881048331205988 0.040783708781797538 -0.01916168111176323 0.039777226469417871 -0.041374166302789339 0.036693811043051631 -0.041998574049545365 0.047146852831690123 -0.039494996517327817 0.023548918582678116 0.018388663976773491 -0.00088794668811838597 0.046785517107795639 0.031100741063675576 -0.018725734089254965 -0.040139433560006793 -0.039175286569377729 0.041919140713779335 -0.04306708568774352 0.0044456260637321526 -0.040429282516456097 0.016578525380866814 0.037378340341165613 -0.011387389262874754 -0.013653829717210537 -0.00084935599380521172 0.042351927179823994 0.045156079147379929 -0.039282755322316863 -0.041395478997278405 -0.0091198337988627285 0.014161875476975399 0.017286996683078405 0.04527639604527673 -0.002652873090603837 0.037425905751083684 0.038086473320710808 -0.040490857888093784 0.030518198160470394 -0.020649945389340962 -0.0056492494570315318 0.0024459104250085782 -0.0017380044353391062 -0.017421551721948852 0.0019116524113428244 -0.040273031093999802 0.022138545798995737 -0.040173957234748398 -0.00030112665361594845 0.043196764119828326 -0.040519013971683795 0.047460091066330951 0.026498471438066658 -0.013012216191964875 0.048668954157856888 -0.0402322916947013 0.023210832941391289 -0.042262498708871964 -0.00325580983054931 0.00062949891712120432 -0.042746176289335309 0.038888198544812423 0.03332402693885532 0.011347085888332413 0.036301911339905839 -0.008091435505670359 -0.0067878536893464739 0.010846694326661703 -0.0040617766100206646 0.036194257129014265 0.034939161961171222 -0.0051272871575383933 0.047384163756070657 0.012867210013383272 0.040753820693519904 -0.0039133427388311354 -0.0073693135905779864 -0.011989399618971915 0.034052077056707389 -0.013528955743924126 0.038008704341431103 0.0062744356491700589 0.022950563692492931 0.046376950403466892 0.04536887836163303 0.038518979567350439 0.019184653472228516 0.030093107499772977 -0.041319384284644801 0.032510263995829389 0.03098062336218891
leaf_weight=7.6171727776527387 3.6464200466871262 4.5746462941169765 7.9214002043008858 45.694638669490814 14.473610579967497 17.362148195505142 1.9334987699985555 7.0083665996789932 15.296272948384287 2.5017318129539543 2.2334434986114493 3.9990064054727572 17.861565947532657 1.5185914933681477 3.0789788961410505 4.7800770848989487 2.9701973646879187 4.2267843037843686 2.8947188556194305 3.6632655709982007 2.3191900849342337 5.0150059461593619 2.3474693596363068 4.201447755098342 2.9669011682271957 3.7923317104578009 2.6268645972013456 3.8763444423675528 1.9417275041341771 10.460712864995005 2.5950507968664169 5.0195640027523023 2.2533162981271735 3.5132000446319571 4.6299429088830939 3.9557030647993079 1.5435563921928395 5.1980749815702492 4.6108244210481626 2.6017800569534302 5.9858992099761998 16.788003116846092 2.4448796510696402 2.7580779641866675 1.5226649791002262 3.291377365589141 2.7213810533285132 3.5932061225175858 2.1565688550472251 3.3827982544898978 2.0660570710897455 2.0007489174604407 2.0354981124401093 2.7653744965791702 2.7074011564254761 4.1776928007602674 2.1116058975458145 3.7366253286600104 1.891203701496124 6.2187523245811462 2.9777859002351761 3.3100438565015793 2.8602559864521035 3.767294079065322 2.6499601751565924 3.2977024465799332 4.3772754520177832 2.6407395005226135 1.7136024385690714 2.5371999740600586 2.791850209236145 2.5355520844459525 2.567128211259841 2.1478189527988434 4.8552776575088492 1.9321257323026655 1.4591714739799488 3.8563340902328482 1.9296031147241577 2.4513251185417166 5.0336218625307083 2.1207826733589172 3.0477929115295401 1.1205531507730473 31.736275583505623 2.8929541409015656 1.4913558214902876 2.4494114816188812 6.2393198013305664 4.1425187438726416 5.1832564473152161 3.8277581036090833 4.6815933883190155 1.6906353980302808 3.2476226985454559 2.168299525976181 1.4784876555204389 3.765644133090972 5.2578519135713604 6.295999675989151 12.6082147359848 2.0958824753761292 4.4551818668842342 2.4554398953914642 1.5536448955535886 1.9447255730628956 2.9550962001085272 3.9433484524488556 5.5638775825500515 3.4473704248666763 7.7107986062765148 7.1559411883354169 4.7212606072425869 5.0077088922262245 7.2531721591949463 5.7933037430047989 5.3475865721702576 9.2704150378704053 4.5416868180036545
leaf_count=26 11 10 21 82 67 32 7 14 27 8 10 12 31 5 14 11 14 10 13 13 5 23 5 19 8 13 10 7 9 19 10 10 10 7 21 7 7 13 12 8 10 37 9 13 7 6 12 11 10 8 4 7 7 9 5 8 10 17 7 17 8 6 9 8 5 15 9 10 6 8 9 10 8 10 11 9 5 7 9 4 12 8 5 5 77 13 5 7 28 8 11 10 9 6 11 6 5 8 11 21 21 6 8 7 5 7 6 14 11 10 17 12 8 10 18 12 25 19 10
internal_value=0.0161514 0.00821428 0.0159724 0.0208823 -0.0069747 0.0288173 0.01687 0.00123965 0.0189384 0.0165886 0.0089609 0.0329391 0.0195848 0.0245198 0.0204243 -0.0017162 0.0001846 -0.0170936 -0.000524096 0.00246588 -0.00854425 0.00564179 -0.0180623 0.00809235 -0.0171416 0.0157423 -0.0135317 0.010947 0.00901819 0.0106855 0.0199522 0.00572046 0.003306 0.00670769 0.00268078 0.0121182 0.00443213 0.0106908 0.0217602 0.0254507 0.0134611 0.00980624 0.0236558 0.00268577 0.00638644 0.0086195 0.00482411 -0.0157088 -0.0108902 0.0103608 -0.000665694 0.0231864 0.0159778 -0.000602177 0.012815 -0.00358538 0.00857298 -0.0114414 0.0276196 -0.00293272 0.0293133 0.0173213 0.0216063 0.0159216 0.00923219 0.000800341 0.037035 0.000263881 0.0227667 -0.0159757 -0.0203007 0.0158554 0.027036 -0.0176314 0.0391223 -0.0133036 -0.0325448 0.0235184 0.0223533 0.0105587 0.0015314 0.0144069 0.0252077 0.0262306 0.0248309 -0.0177472 -0.0280755 0.0203737 -0.0348406 0.0239121 0.0170777 0.0368995 0.0254511 -0.0291877 0.00824118 -0.0093734 -0.0290689 0.0202788 0.0166513 0.00809581 0.0396542 -0.00321397 0.0356166 0.0252626 -0.0243026 0.00862751 0.011529 0.00578348 0.0297383 -0.00502135 0.0388307 0.0330133 0.0263786 0.0322769 0.02728 0.0389226 -0.0341531 0.0394218 0.0396725
internal_weight=577.436 215.604 142.693 361.832 72.911 63.627 271.534 31.6525 239.881 215.314 18.2366 90.2985 187.556 103.962 81.2452 9.89455 56.9782 16.7857 8.61286 54.008 23.056 79.0658 7.36248 71.7033 7.16835 17.1171 20.7368 64.535 60.6586 58.7169 26.0566 15.5959 32.6603 30.407 26.8938 22.2638 18.3081 30.952 14.8668 7.62134 83.5939 61.6929 21.901 40.337 34.7871 33.2644 29.973 6.31459 5.80299 23.6585 11.8515 21.3559 6.81558 11.2839 6.37067 27.7584 10.7177 17.0407 6.0689 13.3041 19.4562 8.92857 11.8069 16.0032 12.2359 9.58595 73.1814 5.61853 6.28825 4.64881 5.54993 25.149 19.3551 4.91319 22.7168 7.97455 15.9328 71.3507 67.4943 13.089 10.6377 7.1544 54.4054 52.8868 49.839 7.08532 4.38607 6.82669 8.17282 13.3248 9.18226 45.3903 8.50935 4.58359 7.85845 9.78547 9.45294 20.5176 16.7519 11.4941 36.881 4.63143 24.2728 6.91062 3.48325 16.7646 14.8198 11.8647 8.94668 6.04242 66.3547 20.66 48.7184 16.9821 12.2609 12.9492 7.97445 24.5667 10.5276
internal_count=1533 636 378 897 258 141 714 100 614 568 54 183 474 247 205 32 186 63 28 172 82 237 28 209 27 44 77 182 175 166 66 47 100 90 83 62 55 90 37 18 227 174 53 122 100 93 87 23 21 64 36 52 18 37 18 94 33 61 15 44 44 24 28 44 36 31 139 18 16 18 22 69 45 19 42 29 72 173 166 38 34 20 128 123 118 27 18 16 35 31 23 87 19 19 23 32 40 53 45 34 68 16 47 15 14 48 41 35 19 20 123 41 113 36 28 24 35 46 20
is_linear=0
shrinkage=0.0283043


Tree=19
num_leaves=126
num_cat=0
split_feature=12 12 12 12 22 12 18 10 2 2 2 16 2 4 12 22 16 16 16 10 22 22 4 22 22 22 22 10 2 12 2 16 16 12 16 16 16 12 16 16 2 2 4 10 10 12 4 4 16 4 16 12 2 10 22 22 16 12 12 22 22 16 16 22 22 22 22 2 4 12 12 16 4 12 2 2 22 22 12 12 12 4 16 4 4 22 22 22 22 22 22 12 2 16 2 16 18 22 22 22 16 22 12 22 22 16 10 22 22 22 16 4 4 12 22 22 22 22 16 2 22 22 22 22 4
split_gain=25.6596 30.2253 22.6052 20.9488 17.9417 16.1977 15.7283 20.3725 12.2747 19.7773 12.3139 8.69275 8.54625 7.88517 7.74674 7.27147 8.78556 7.23432 7.19831 7.09804 6.78956 6.34426 6.54553 6.27059 6.1585 9.49355 5.83949 5.3377 9.08506 5.87673 7.75182 4.9397 15.1134 4.91509 4.71465 7.04911 6.19384 4.91715 6.64719 4.62007 5.699 7.73259 4.93121 6.32882 5.91686 4.56199 4.51777 4.49068 4.41717 4.25117 4.13079 4.10002 3.95427 3.95166 3.7201 4.48363 3.61952 3.01547 5.43605 2.98733 8.30586 2.96075 2.89446 3.14662 2.73189 4.59618 2.57628 6.38261 2.51985 2.42541 3.09267 3.08451 2.31274 2.29117 2.28513 2.26004 2.17264 2.66533 2.12702 5.00851 2.58838 2.08287 2.04752 2.04407 5.46419 3.78686 2.03841 4.46895 2.59528 1.9035 1.83667 1.77356 1.76643 1.70964 1.67483 1.91589 1.80319 2.25378 2.03721 1.91993 2.64385 2.18422 1.63193 6.28914 1.49377 1.46139 1.44184 1.43124 1.29336 1.29137 1.24756 1.22782 1.20358 1.20011 1.10462 2.8412 1.07871 1.16982 1.0612 1.03704 1.01488 0.946918 0.982726 1.22521 0.9023
threshold=0.11462330599291799 0.2572563221607303 0.91236174323230845 -0.60255286843806577 -1.0957225441148986 0.21583902089734722 1.9128762108979334 1.0501572875220835 0.15773470574558116 0.37007197695589084 1.0568980631179306 1.2854590588463093 -0.066481981263746007 0.15885472488855415 0.052414556294340435 1.4075863088988532 -1.0000000180025095e-35 0.091779788274736679 1.2388034379441342 1.2220046320898745 -0.24393877487911539 0.42130785496224415 2.6908802869323991 1.4634687430634274 -0.49489693633009707 1.7510378889116014 -1.4440635389819951 0.75924747487856781 0.14316231148770889 1.5838519296415328 0.33081977578288596 0.12980272860371184 1.7301760282318037 1.1636990756435979 0.48889339617006738 0.31157319246303666 1.3715592309594429 1.405799853086332 0.032103035815849196 0.49746426757448553 1.4820389221548018 0.59561766632153612 0.3049377326242933 1.4038554928147429 1.2403100353669998 1.3009042358039922 0.4154588529337167 -1.0000000180025095e-35 0.28765304414445619 0.39644936407017201 -0.10762689174367933 0.30533424672813142 0.13876727737953456 2.6698846845360671 -0.057568591113864621 1.161374457477214 0.30869906611468012 0.17122020456518205 0.16223204300713553 -0.65467347344852767 -1.0000000180025095e-35 1.3614019242229567 2.8877896488191603 -1.6077277571797366 0.1866159419535327 -0.59995972868816339 -0.69231004242492455 0.31980304572393442 0.45460449645725826 0.12606780238821977 0.14872680128020391 0.17560332267107134 1.6150343093839947 1.5194996368078226 2.7882966855150735 0.26358857763476601 0.18048628528247199 0.034805573427064508 2.6395699230843417 2.1237212077488428 1.9727164136712838 1.5924890076486053 0.30354830204952499 0.4075841781648965 0.3353936665475386 0.1866159419535327 0.96703810512000066 0.42130785496224415 -0.81080083752932297 0.65738311461267362 0.65738311461267362 -0.035019924204813833 1.3361984004220155 1.2497642638747843 0.1294409450544963 0.34179787599736705 0.75632753090431304 1.4326058024706152 1.9866599832828473 0.32096752182935323 0.15931660669705075 -0.34373053951615262 0.70146653795425573 -0.25958490241302951 -0.58858289510024109 1.0199783774000835 0.79010024378226718 -0.69231004242492455 -0.66898395594905902 -0.61441331601369997 -0.03235362569550209 0.40112382854481415 0.045792613633940778 -0.021707877352722504 -0.66898395594905902 -0.17947005121422246 0.026767852422599402 0.13924824487677445 0.19065385526945464 1.4429266159666725 0.079024964353705734 -0.45065369459928811 -0.87138188011490481 -1.2901781504929499 0.36918165463475966
decision_type=2 2 2 2 2 2 2 2 2 2 2 2 2 2 2 2 2 2 2 2 2 2 2 2 2 2 2 2 2 2 2 2 2 2 2 2 2 2 2 2 2 2 2 2 2 2 2 2 2 2 2 2 2 2 2 2 2 2 2 2 2 2 2 2 2 2 2 2 2 2 2 2 2 2 2 2 2 2 2 2 2 2 2 2 2 2 2 2 2 2 2 2 2 2 2 2 2 2 2 2 2 2 2 2 2 2 2 2 2 2 2 2 2 2 2 2 2 2 2 2 2 2 2 2 2
left_child=3 5 4 6 26 21 7 8 11 24 107 94 20 15 91 16 -8 52 75 81 109 57 49 39 66 54 62 33 46 30 -30 86 48 47 35 37 -36 45 78 40 41 42 43 44 -9 50 -29 118 -33 69 -35 56 -16 -45 -26 83 -6 58 76 -59 72 -41 63 -3 65 -44 67 -10 -52 -23 -71 124 -61 -38 116 -18 77 -2 79 80 -39 -15 -48 84 85 -56 87 88 -12 -87 -85 112 -90 -73 95 96 97 99 -99 100 120 -102 -53 -104 -19 -106 110 -11 -81 -13 -93 -62 -5 -112 -94 -116 -7 -118 -4 -89 121 122 123 -1 -72
right_child=1 2 27 14 51 74 13 23 9 10 31 12 -14 19 17 -17 18 104 -20 -21 -22 22 -24 -25 25 -27 -28 28 29 -31 -32 32 -34 34 36 -37 73 38 -40 61 -42 -43 64 53 -46 -47 82 -49 -50 -51 68 102 -54 -55 55 -57 -58 59 -60 60 111 -63 -64 -65 -66 -67 -68 -69 -70 70 71 93 -74 -75 -76 -77 -78 -79 -80 108 -82 -83 -84 90 -86 89 -88 119 92 -91 -92 106 114 -95 -96 -97 -98 98 -100 -101 101 -103 103 -105 105 -107 -108 -109 -110 -111 113 -113 -114 -115 115 -117 117 -119 -120 -121 -122 -123 -124 -125 -126
leaf_value=0.02078057717265016 0.00031551855919387419 -0.023878980829673834 0.01350065001125119 0.035386907582865869 0.027642006157961876 -0.040019785604490057 0.038389609292867694 0.0070251075568324118 0.025312673315399041 0.022846807678861842 -0.0072501797308381789 -0.042935591990012317 0.044314705456353014 -0.041974665585027091 -0.02818637277510368 -0.044109988222181942 -0.044749473324616804 0.01046160693520058 0.029007606349803507 0.025746238400094008 0.019007993114265122 0.011591304652655001 0.032389969360833361 -0.041285589116481732 -0.041667399207910689 0.027503537177830203 -0.04024490092187024 -0.043497854253060284 0.021562031605490816 0.042011385767736421 -0.041436362651500434 -0.042179840082223537 0.039988852904320298 -0.0066416351188976997 0.047829530951126784 -0.039201094028348302 -0.0073069447346054469 -0.0059134631009605358 -0.041646945349350747 0.038747120027607863 -0.040520072308032458 0.033319954450596975 -0.039848733462410156 0.046339300107286943 -0.040317416482174115 0.04498397685041735 -0.020419632973870519 -0.041982083452611528 -0.0020254413406442127 -0.040371688475291108 0.034476648843678591 0.042280745185393626 0.011595220720743113 0.0034086383576089068 0.012867535271534749 -0.041847045965665478 -0.013085540130421817 0.019139626325374512 0.039121864845478929 -0.041011451207285866 0.022523652020245175 -0.0029649332699912484 0.031925027185302962 0.015773873508781008 -0.040881585917984256 0.0056211090976159847 0.043303958354405273 -0.038459804545105142 0.0030586302686006813 -0.039480308331250442 -0.002882066422457392 -0.041189353876892265 -0.0020240690978563769 0.023187365166883439 -0.001048736576300539 -0.0033300182014383106 -0.017482406212914581 0.037566345476037218 0.020673718499426071 -0.043739583479036413 0.027703927121687812 -0.0067768928397249706 0.01564846486075077 -0.040418108492802807 0.040136793141999576 -0.042612468571338304 0.036318878104373321 -0.020327474681315825 -0.00031690111180117137 -0.0044095881211627941 -0.00099957447279815158 0.035336990815593668 0.048797540302938251 -0.0054904900632941492 0.047542367709549262 0.038663219581847333 0.039835366858643931 -0.0062172550058780642 0.025021468944639087 0.035524619428376397 0.022286712601404111 -0.0067529944856847155 0.0032285558504485117 0.042239904087036595 0.024049869570811074 0.047567745966020911 0.041904962485932881 0.044648158914822211 -0.011431572404456001 -0.014391800601913014 0.0026831914575053137 5.338682065001422e-07 0.044218618359453211 0.024719227797946913 0.00284055330364763 0.036966410122374053 -0.0075440970395539196 -0.039334547851726895 -0.011730035436922673 0.0057379478011874568 0.016062881395114924 0.034410719247964315 0.017154954019764648 0.04055472402840371 0.018314326885682158
leaf_weight=4.4361499994993148 4.1083205193281156 2.8876287490129462 3.02053402364254 26.91782034933567 5.8718587309122068 10.921424210071562 6.1893677860498419 5.9627660214901024 4.2619501203298569 2.4443820714950588 1.5714814811944986 2.932066783308982 2.9670102000236502 6.7766559571027738 3.2243547141551998 1.6660696864128102 2.6998813301324871 1.9614514410495756 2.4759403318166733 1.6644577831029881 3.5316893905401221 3.1980115473270514 2.2924077659845343 2.4500074088573447 4.1786996126175007 4.025724694132804 2.6100468039512625 5.3472885638475436 3.5175903141498548 3.2591510564088821 2.4120523482561111 4.2130279690027219 4.6818981617689124 4.9553185701370266 6.0635553002357465 2.1618672609329215 3.1625693738460541 2.8198819905519503 2.4142956733703604 4.1012200862169257 2.4293262958526602 5.1489023417234412 2.3910633772611618 3.6015773415565482 2.9875239878892899 4.4982568621635428 2.7949269562959671 2.4465184658765784 4.0763078182935715 4.215729981660842 6.032907232642172 29.350315362215042 4.2907414883375168 2.6097418367862701 2.9538678973913139 3.112928807735444 2.1659248620271683 4.6346214413642874 5.6394381672143927 4.4519697278737995 4.560727104544644 1.6983302384614942 2.3326123803853989 2.9431801736354819 3.0214889496564865 4.9334574937820417 2.0913956165313747 1.5158481597900388 2.7378297448158264 2.7756795287132254 5.9777962863445264 2.5933722704648972 1.4543123990297315 4.0960466414690018 1.4985119253396977 1.4474413245916364 2.4173972457647324 2.0600073933601379 5.5972922146320334 1.805390000343323 3.9614298194646835 1.4695517122745512 1.8760060518980024 1.9465928822755807 2.0614520907402039 2.4540239572525029 5.7961904555559149 2.2286159694194785 1.3122127503156686 1.4981108307838438 1.4599078148603437 6.7392019480466905 2.4450857043266288 1.5246981084346769 4.2406495213508597 17.358779460191727 9.3319116532802564 2.8006785959005347 3.1902830451726913 20.52855421602726 4.6258384436368942 3.2785421907901755 4.349948748946189 10.703174188733099 3.3731338828802091 4.2344827055931091 5.6202382743358603 17.971775978803635 1.6960763484239576 1.8991554528474806 2.1934553831815746 2.9378525018692017 21.963284820318222 9.1858790665864891 2.3653236180543891 6.9734608083963385 1.8430690914392465 1.4673308134078977 1.9466858953237531 2.0853054076433182 4.4292028695344916 17.720579475164421 6.9242431670427314 4.7182745486497888 1.9021135568618772
leaf_count=11 13 11 8 52 14 53 12 18 10 6 5 13 5 31 12 7 12 5 6 4 9 9 5 11 19 9 12 24 9 6 11 19 9 17 10 10 11 9 11 8 11 11 11 6 14 8 11 11 13 20 13 52 12 8 8 14 8 12 11 21 12 6 5 8 14 15 4 7 9 13 20 12 5 10 5 5 9 4 14 8 9 5 5 9 4 11 12 8 4 5 5 13 4 5 7 33 17 9 7 42 12 11 12 19 8 7 10 31 6 7 6 10 38 20 7 14 7 7 7 6 11 36 17 9 5
internal_value=0.0157786 0.0080304 0.0156136 0.0203916 0.0281853 -0.0068157 0.0164642 0.0186096 0.0222687 0.0144433 0.0241889 0.0283868 0.00532896 -0.00507569 0.0322206 0.00795011 0.0152442 0.0153184 -0.00692753 -0.0244437 -0.00950658 0.00018338 -0.0106022 0.000555581 -0.00349526 -0.0107832 -0.00460384 0.00551169 -0.00739367 0.0125695 -0.00347367 0.0146897 0.000622089 0.00967179 0.0127473 0.00777988 0.0271353 0.0106872 0.000425109 0.00324689 -0.000809392 0.00246662 -0.00386825 0.00626585 -0.00857004 0.0210108 -0.0258531 -0.0115447 -0.0220534 -0.0153494 0.0131057 0.0350287 -0.00509021 0.0278666 -0.0188771 -0.0125793 0.0169846 0.00840656 0.018084 0.000826589 -0.00596319 0.0260512 0.00654293 -0.00362696 -0.0188043 -0.00979084 0.0174292 0.00862635 0.0244972 -0.00941899 -0.0141815 -0.00804242 -0.0305518 0.0102049 -0.0320317 -0.0293932 0.00429848 0.0127058 0.00692414 -0.000527839 0.0132399 -0.0352882 -0.00627096 -0.00497397 0.00208377 -0.00962407 0.0219802 0.0176059 0.0249017 -0.0275328 -0.0229557 0.036268 0.0290683 -0.0273041 0.0309674 0.0302298 0.0284241 0.0269188 0.0108209 0.0284051 0.025219 0.0106818 0.0384097 0.0309756 0.0311561 0.0368632 0.0299994 0.041762 -0.0270229 -0.0309807 0.0260927 0.0134263 0.0393482 0.0204261 0.032537 0.0283101 -0.0357409 -0.0220152 0.00312932 -0.00704519 0.028271 0.0299471 0.0250449 0.0309324 0.00220211
internal_weight=574.381 214.313 141.838 360.068 63.2147 72.4748 270.364 245.975 204.639 89.7256 58.1651 114.914 11.3299 24.3894 89.704 14.4787 12.8126 17.0842 6.62326 9.91067 8.36291 56.7445 24.4798 41.3354 31.5605 23.6913 10.7735 78.6235 19.207 9.18879 5.92964 37.7489 12.9712 59.4165 52.0027 38.6805 13.3222 36.5187 18.2944 38.8854 33.0858 30.6565 25.5076 15.1616 8.95029 18.2243 10.0182 7.41374 8.28934 22.1874 13.7261 52.4412 7.5151 6.21132 19.6656 15.4869 8.03778 32.2646 14.2252 18.0395 13.4049 5.79955 8.16342 5.83081 10.346 7.32452 7.86919 5.7778 8.77074 17.9717 14.7737 11.998 5.90628 7.25862 15.7303 4.14732 8.58573 6.16833 15.8801 10.2828 6.78131 8.24621 4.67093 12.374 8.96745 6.906 24.7777 18.9815 14.6676 3.95213 3.4065 72.6199 13.0961 4.11807 103.584 99.343 81.9843 72.6523 5.99096 66.6614 46.1328 7.90438 44.4034 15.0531 9.56907 7.60762 23.7388 20.4162 3.50147 4.83122 18.1185 7.49858 48.8811 11.3793 11.7839 9.33878 14.2318 3.3104 4.96722 4.31392 38.2285 33.7992 16.0787 9.15442 7.87991
internal_count=1533 636 378 897 141 258 714 632 499 243 138 256 34 82 183 42 35 44 23 40 29 186 89 133 105 84 36 237 66 26 20 101 41 171 145 114 31 104 57 122 108 97 86 46 32 47 40 26 32 84 39 105 24 14 75 56 22 97 37 60 48 14 24 19 40 26 21 17 22 64 55 42 26 21 72 17 26 17 46 32 18 36 16 42 28 24 60 48 34 16 14 139 29 17 222 215 182 165 16 149 107 23 83 31 20 15 49 37 14 20 39 22 90 26 25 21 67 14 15 14 84 73 37 20 25
is_linear=0
shrinkage=0.0283043


Tree=20
num_leaves=126
num_cat=0
split_feature=21 19 19 19 19 9 11 11 9 9 8 22 22 9 9 8 8 8 11 8 11 22 11 17 19 8 8 9 21 9 22 17 17 11 11 21 17 17 17 11 17 11 21 11 9 9 21 22 8 17 17 8 22 8 17 22 17 17 9 8 9 11 21 19 19 21 9 21 8 8 17 21 22 19 19 19 17 17 8 22 11 11 22 19 19 9 19 8 17 11 19 22 9 9 21 11 22 21 21 21 9 22 22 21 19 8 22 21 8 17 21 21 17 17 8 22 22 22 9 9 9 17 22 21 17
split_gain=18.5997 21.9654 23.8212 19.2568 14.68 9.74277 9.54572 10.4337 7.51466 9.10677 10.4481 6.43761 6.37034 7.5967 15.0276 6.21177 12.4659 19.0737 12.7324 10.3119 8.00828 9.11275 7.11375 8.10925 6.29429 5.92614 12.6535 6.91201 5.85483 5.54467 5.48289 7.45589 7.18451 5.71352 6.42396 5.36572 6.07753 10.5311 6.1388 11.4157 5.95421 5.72257 5.26306 4.96183 4.33282 8.92832 7.04597 7.35773 6.83445 8.44788 6.78481 6.74757 6.79661 6.66888 6.59373 5.25676 6.58946 5.48453 4.98255 4.9822 4.2226 3.97579 3.71722 3.71003 5.41165 4.0408 3.72228 3.70747 3.56716 3.47292 3.34839 3.26063 3.1531 3.10529 4.40149 7.00088 3.07999 5.77498 3.56241 3.05306 2.97806 5.15871 2.97005 2.95528 5.94587 3.28221 2.76431 2.60366 2.59929 4.40928 2.45818 2.4293 2.38751 3.33615 2.37764 2.33912 2.27675 2.26828 2.26543 4.60052 2.25928 2.2504 2.7886 2.16279 2.05151 1.91353 2.51536 1.88504 1.85417 1.74981 1.52053 1.40391 1.35932 1.82023 1.29652 1.23512 1.14663 1.14028 1.11851 1.04427 1.03674 0.953299 0.937103 0.857946 0.850934
threshold=-0.73904574210442409 0.41165917741782071 -0.44880983598931051 0.68038688522269031 1.3297494173750419 1.6953463864944045 -0.62920908042562285 0.095304747384875779 -0.24549056787409837 -0.51304594579486251 0.98556230010447476 -0.42217583442323103 0.343220322117679 -0.34961106548965376 0.40028253753131449 0.061866206827419758 0.27481372753118644 1.0042803793425035 0.88906947362085087 -0.13537849008042738 0.4072125781353706 0.24156819475557242 1.1215116196402761 0.978492273147617 0.6421201743955457 2.1101938412688419 1.0352650659472951 1.2252721441829777 0.56892189572085849 -0.38121409965852721 -0.3174946549318457 1.4631962854927252 1.1176289345162747 0.22668072715146784 0.014779668877570705 -0.56605464524960669 0.86287784049476668 1.0609028641059799 0.061125353231130393 2.3943007569494816 -0.042421153384914222 0.14899928456984649 -0.97635343600124969 0.30410568492410589 -0.27648080082640075 0.035140555485965508 -0.19135082759466102 -0.52153828458525275 0.061866206827419758 0.76249685120072519 1.0951586315567023 0.60918401852222881 0.26630147867732379 0.1890551636582094 -0.057596156423931927 0.60023658782721889 0.54496250083267495 -0.13276988778153073 0.95958700374135841 -0.036462447914610112 -0.34732698822788938 0.34024773996387542 -0.39055985420218825 0.63559295661622006 0.28325469725713276 -1.6536027150998542 0.74295779445484789 1.6460536529396244 0.13459455968271042 0.038527346522262564 0.92399667494267201 0.65952728178517861 0.78615360631328668 2.8024140763485854 1.9916523367993946 1.7284117955892324 -0.056456570188010834 -0.077845727231453068 1.4995850346609283 0.13924824487677445 1.025173695083482 0.36762470544447839 0.96703810512000066 0.53351253057654835 0.56924486380439443 -0.43101016734793562 -1.0000000180025095e-35 -1.0000000180025095e-35 -0.40543293981892653 0.22668072715146784 0.49829424563535224 0.49097605393566357 -0.29241363245724555 0.67640917402671408 -1.1106317518968856 0.26830932680079206 0.16536487544024417 -0.21660034732947805 0.96759976625778665 0.043311453570359891 0.54643960691216575 -0.2501876855710139 -0.71308409285486241 1.5795640382964906 0.25387026263885037 -0.048915061298905362 1.7864801839045836 0.5157302040063515 -0.023892357045557314 1.0269100780943161 0.56892189572085849 1.3644825352981331 0.3811348043523935 -0.33606428022721635 0.99223893715485945 -0.61035867930521615 0.97767556377872888 -0.24393877487911539 0.46707787013754815 -0.038865139486674576 -0.36180342216220834 0.3811348043523935 -0.24393877487911539 -1.2493033425078404 -0.15260063629721754
decision_type=2 2 2 2 2 2 2 2 2 2 2 2 2 2 2 2 2 2 2 2 2 2 2 2 2 2 2 2 2 2 2 2 2 2 2 2 2 2 2 2 2 2 2 2 2 2 2 2 2 2 2 2 2 2 2 2 2 2 2 2 2 2 2 2 2 2 2 2 2 2 2 2 2 2 2 2 2 2 2 2 2 2 2 2 2 2 2 2 2 2 2 2 2 2 2 2 2 2 2 2 2 2 2 2 2 2 2 2 2 2 2 2 2 2 2 2 2 2 2 2 2 2 2 2 2
left_child=15 2 6 5 97 11 44 -8 9 10 96 28 25 62 124 19 72 -18 100 20 21 30 24 42 -22 26 27 83 118 -11 31 32 33 34 63 122 38 43 39 40 76 -40 -24 -38 46 119 47 -2 59 71 51 53 54 55 -53 56 57 58 79 70 -31 -30 -14 64 65 66 -1 101 -42 -61 112 -50 92 74 75 95 77 78 88 -47 81 -39 -57 85 120 -13 -32 -77 98 -90 -87 -43 -17 109 123 -10 -6 -5 99 -37 -19 102 -4 -73 -104 106 -84 -91 115 -94 -98 -100 113 -48 -64 -21 -23 -59 -3 -46 -85 -93 -9 -67 -15
right_child=1 3 67 4 8 -7 7 35 73 29 -12 12 13 14 -16 16 17 18 -20 108 22 116 23 -25 -26 -27 -28 -29 61 60 86 -33 -34 -35 -36 36 37 80 41 -41 68 91 -44 -45 45 50 48 -49 49 -51 -52 52 -54 -55 -56 82 -58 117 -60 69 -62 -63 114 -65 -66 94 -68 -69 -70 -71 -72 103 -74 -75 -76 87 -78 -79 -80 -81 -82 -83 105 84 -86 90 -88 -89 89 107 -92 121 93 -95 -96 -97 110 -99 111 -101 -102 -103 104 -105 -106 -107 -108 -109 -110 -111 -112 -113 -114 -115 -116 -117 -118 -119 -120 -121 -122 -123 -124 -125 -126
leaf_value=-0.043246253743738888 0.0072396237983678897 -0.041575890762413845 0.040253092631366921 0.018253104281802258 0.0034005569773283865 0.031860482083917625 0.040497558236283752 0.029168328075452336 0.01776985128691843 -0.042966952409282999 -0.039303138774162152 -0.005620388540897317 0.00067001518415766388 0.039083475500564922 -0.041537323638551261 -0.041187476791331092 0.041129636681706584 -0.042758136992923482 0.022373683589623754 0.024642165149665232 -0.043632219849445306 -0.043423249844384441 0.035024648365861284 -0.039656199209803782 0.0091027889687089539 0.048646720754577058 -0.04123994796120993 -0.03774268693132548 -0.020093021132612833 0.011633593256412372 0.013465810725386617 0.032709398124204106 -0.041354322469338886 0.03931172879591982 -0.045178358739807162 0.020392789425534852 0.0063857490146746456 -0.018516565940750226 -0.053719554776486225 -0.040888645027782118 0.0069895197889978111 0.046386291322001977 -0.015489048228131358 -0.041878525179158806 0.044886976969290115 0.025702868514000998 -0.0082920911331447415 -0.043676562112828568 0.044095235198948105 -0.018883754118043938 0.043837415874068288 0.022706247652156605 -0.045518507357492986 0.046194416745115055 -0.039769720433147179 0.036518543706538835 0.028719451907342822 -0.020022381624718727 -0.025871521975920773 -0.041552568125421116 -0.038287567759972954 0.026980528378991935 -0.041403437943950315 0.026845712467910846 -0.041513750510168083 0.014838419707274206 0.0056533142600236168 0.013624535034697627 -0.039017169051616486 -0.00019250197670467103 0.030519678951538416 0.0070564857836134826 0.0057187892465537533 -0.0037024217209717506 0.044686058493912086 0.0026405317517756853 0.044992745580417881 -0.019542120431164448 0.039768467408533105 -0.014542615276292848 0.038605130291345567 0.032644394035917249 -0.0014505788130151276 -0.010293300813931427 0.02424233480081698 0.023058321562810308 0.041252113871971308 -0.041284444175377868 -0.012976581142046098 0.039887917245684391 0.051485971284823275 0.034292694758654693 -0.018291502068667288 -0.041633261114794172 -0.0015381828793744631 0.044028317608024947 0.012762372492680474 0.042753816917464355 0.037240861940673685 -0.01068001554256769 -0.0055260627930684087 0.041433021700062113 0.02872720229344581 0.037537332866829379 0.0011474400685770269 -0.012922754424140554 0.033470841674787782 0.019627287633523213 0.014881278618847625 0.015309885772867677 0.039230145458968989 0.013715272211515347 -0.018757113911776337 0.020254487384930419 -0.018005574271556784 0.043371056711898281 -0.014281502621988988 -0.045460868118426763 -0.020483568906025762 0.028244187355597545 -0.039985662519922395 0.013082718881949489 0.045148080684209085 0.033920188821590223 0.020513710076093976
leaf_weight=2.0680956095457121 4.3120956122875214 6.4455054700374586 8.8183388262987155 3.2719698548316982 2.4246857017278698 6.0636163949966422 22.653503954410553 4.8051166832447052 5.5109470337629372 4.5614525675773621 2.1628240048885337 1.7089219987392414 2.7080645412206641 3.5225216597318649 3.3243597596883774 6.1894193440675709 8.8410746306180972 6.1491026729345304 4.8596785068511963 3.9900546222925177 6.3729157745838183 2.215557068586349 5.197544664144516 2.1656471192836761 2.300770103931427 2.4626209735870352 3.7664454877376548 1.7114905267953862 2.6630127876996985 4.4371796697378159 4.1769617795944214 8.0572149604558927 2.4542119801044455 3.4773612916469565 1.8943752795457829 7.8318303078412956 2.3489262461662319 2.7578368782997114 0.49896417558193462 2.4420553594827643 3.4542103111743918 10.656262159347536 2.0897998511791211 4.5431508421897888 7.5838533639907837 5.620002046227448 3.235230624675749 4.2618979364633542 7.7093514949083346 2.9221339821815482 4.4928088635206214 4.2182824164628983 3.2093983888626099 4.1853656172752371 1.7123603671789149 6.4273358881473523 4.7435014545917502 2.7041837722063065 3.0576320588588715 3.2838273346424129 1.676597535610197 2.4810515940189362 6.867919787764551 5.0488583445549002 2.0057835280895224 3.1696068495512049 2.4043984264135361 4.6653247773647299 1.8916934877634046 2.7826946675777435 3.7054729014635077 4.6965024471282959 2.3378937542438498 3.0008502304553977 6.4438663125038138 2.4961541444063187 3.9472784548997941 2.5739429593086234 7.3911734819412223 1.7721217125654218 4.0740566998720169 2.9080740660429001 2.5320370048284531 1.8799945414066366 5.2621596902608871 5.3243961781263476 7.3934869170188886 1.5536080300807942 1.7630077004432703 9.3143915683031064 3.7259005308151245 3.0961771309375754 2.3129339963197717 2.6327517479658127 4.1929586529731813 4.5128826647996902 2.0677592903375608 18.086161196231842 3.5433170199394217 6.8517679870128632 1.4477481096982954 49.532412812113762 4.8734944313764554 2.6488083600997925 3.2633842825889587 1.8090974092483518 3.4769473820924759 5.364252805709838 3.8117104172706595 2.1071738004684448 6.6472537666559219 3.7494483590126038 2.2631452083587646 3.2358606159687042 2.3863213658332825 7.3857247978448859 1.7098121196031568 2.5031820386648258 2.6918375492095947 4.2700621932744962 1.4859449565410545 2.8931141197681427 6.1952792108058912 3.6557375341653828 3.5440855920314771
leaf_count=9 13 30 16 8 8 13 41 11 14 21 10 6 9 7 15 29 16 28 12 9 29 10 11 10 7 4 17 8 10 13 12 17 11 7 8 20 7 11 2 11 11 18 8 21 13 13 11 19 14 12 8 10 14 7 8 13 11 11 12 15 8 6 32 12 9 9 7 12 9 9 8 14 7 10 11 8 7 10 14 6 8 6 8 7 13 13 14 7 6 18 6 6 9 12 14 8 6 32 7 24 5 89 10 5 9 6 7 14 10 6 13 10 8 8 9 13 6 11 11 9 7 8 11 8 9
internal_value=0.015423 0.0181137 0.0223251 0.00878078 0.0193727 -0.00165848 0.018018 0.0232687 0.0106657 -0.000425889 0.0149148 -0.00492567 -0.00013068 -0.0112566 0.00616898 0.00574485 -0.00397221 0.00997921 -0.0122479 0.00983878 0.00538915 0.0108328 -0.0107814 0.00587644 -0.0291007 0.00899761 0.00492091 0.0133675 -0.0214648 -0.0197717 0.0140996 0.00899201 0.00258003 0.00661055 0.00183152 0.0195199 0.0173242 0.00194452 0.0206534 0.0164139 0.0189331 0.0354464 0.0200596 -0.0243874 0.0118909 0.0165825 0.00517584 -0.0171944 0.0105561 0.0229129 0.0115953 0.00847483 -0.0131265 0.0135903 0.00409255 0.0095556 0.000403101 -0.00844842 0.00310979 -0.00136353 -0.00268804 0.00192318 -0.0265325 0.00598541 -9.8024e-05 0.00546182 -0.0160627 0.0366488 -0.00879227 -0.0221219 0.00862465 0.0314524 -0.0230624 0.0219347 0.0258999 0.0171859 0.0218381 0.0198937 0.0221964 0.0155756 0.0204745 0.0080043 0.0225922 0.018209 0.0061073 0.0279496 0.0309835 -0.0132507 0.0187604 0.0271724 0.0347754 0.038384 -0.0285562 -0.0175082 0.0146211 0.0295169 0.0259796 0.0386939 0.0124335 0.006051 -0.034999 0.0383971 0.0296042 0.0184735 0.0178752 0.0112738 0.0184597 0.0322578 0.0308479 -0.00277618 0.0327731 0.0250236 -0.000611399 0.00563608 -0.0351581 0.0366598 -0.0295669 -0.0317905 -0.0351081 0.0381097 -0.0220171 0.0247198 0.0373881 0.0247458 0.0291353
internal_weight=571.074 446.957 308.077 138.88 68.8542 70.0262 236.924 127.549 47.4961 23.9778 13.3025 63.9626 49.6811 22.3533 10.391 124.116 36.8778 21.2976 12.4565 87.2386 72.0511 53.9244 18.1267 9.45299 8.67369 27.3279 24.8653 21.0988 14.2814 10.6752 49.9991 38.4286 30.3714 27.9172 24.4398 104.895 93.8949 16.632 77.2629 60.1184 57.6763 17.1445 7.28734 6.89208 109.375 64.3182 45.057 8.57399 36.483 17.9768 52.4643 47.9714 9.14004 38.8314 5.93064 34.646 20.4006 15.6571 10.4498 18.5062 6.11378 5.14406 11.9623 22.5454 17.4966 15.4908 4.47249 71.153 5.3459 6.06652 12.4397 15.0547 15.5802 23.5183 20.5175 14.0736 52.3304 48.3831 45.8092 7.39212 9.73997 5.66591 14.2454 19.3873 8.6281 10.7592 11.5704 4.04976 38.418 16.4417 9.0503 16.6456 13.2423 7.05286 11.0183 10.0238 11.1397 21.3581 21.9764 14.6836 7.59685 66.4876 16.9552 7.34531 8.13688 7.81808 6.00898 14.6786 15.1875 4.42011 8.71501 7.29277 8.73424 6.47109 9.25424 11.3758 3.92537 5.20737 9.13734 11.8539 3.36594 5.98929 11.0004 6.82534 7.06661
internal_count=1533 1159 750 409 177 232 614 311 137 79 37 219 162 81 31 374 124 61 45 250 218 153 65 29 36 81 77 60 57 42 137 111 94 83 76 270 248 53 195 161 150 34 19 28 303 167 136 32 104 45 145 137 32 105 18 98 64 53 31 59 21 16 50 68 56 47 16 136 20 24 35 33 63 58 48 37 130 123 113 19 25 17 34 52 27 25 26 15 99 38 19 32 56 27 31 22 27 40 61 44 33 124 35 19 19 21 15 32 32 15 19 17 27 19 41 22 16 22 41 22 14 14 22 17 16
is_linear=0
shrinkage=0.0283043


Tree=21
num_leaves=132
num_cat=0
split_feature=10 18 21 2 2 2 21 10 10 17 20 14 21 21 2 14 2 20 2 17 18 20 14 21 21 17 20 17 10 17 2 20 10 20 21 2 2 21 17 17 17 17 20 20 20 14 20 20 21 14 2 21 17 20 17 20 20 2 21 21 14 17 21 20 20 20 21 21 17 17 20 20 20 21 14 20 21 20 2 21 21 20 20 17 20 14 17 21 21 17 17 21 21 2 2 21 14 2 2 2 2 2 17 21 21 17 21 21 21 21 21 2 20 2 21 21 2 20 20 20 20 17 21 21 21 20 21 2 17 14 17
split_gain=22.5312 17.5154 17.0009 14.367 37.4556 16.8538 9.7265 9.6854 16.3807 9.30157 8.75846 7.67199 7.36218 7.31505 6.65615 6.33558 6.2344 5.85812 11.982 9.21289 5.75667 5.59566 5.31484 5.0245 4.99196 4.98775 6.40481 4.93439 6.50366 7.24057 7.41356 7.18866 5.93741 6.61794 5.69113 5.44943 4.43363 6.44847 6.67717 7.35441 7.59552 5.19379 4.24568 4.19209 4.09778 8.95419 4.09056 4.05285 6.08118 3.94495 3.93063 3.83605 5.43691 6.04566 4.84964 3.68177 3.5615 3.53977 3.40507 5.92173 3.3462 3.1265 5.17426 2.93559 2.88678 2.88077 2.84943 2.84797 2.82497 6.80109 2.8125 4.12379 4.84569 4.50872 3.53915 2.75702 5.05929 2.73563 3.52743 2.73504 7.22551 5.6574 4.82894 4.67189 3.29874 2.72537 2.65386 2.47101 2.43988 2.30172 2.24482 2.40554 2.0349 3.18552 4.2586 6.78105 2.03117 1.99488 1.8646 7.44127 5.88819 1.8632 1.80154 5.81605 3.09742 1.79798 2.03576 1.6691 1.6459 1.56934 1.52987 1.47897 1.46549 1.45023 1.36866 1.35482 1.34438 1.30751 1.31226 1.28673 1.25632 1.25536 1.20776 1.1699 1.16237 1.00301 0.966092 0.919848 0.899047 0.860785 0.859628
threshold=1.0294283519800993 1.9128762108979334 -0.73904574210442409 0.15773470574558116 0.37007197695589084 1.2789114041154674 -0.9459311895854926 1.4349317079556274 2.6698846845360671 0.77622058629827062 -0.52410531456447795 1.3273052923506599 -1.7441608616511062 -0.66693462540620485 0.23964321939023014 0.30459918523998813 1.6516266175702172 -0.25330372701245307 0.29879548216178564 1.0156992767477762 1.5666395082300664 1.4334268169838911 0.33338033086138824 -1.8671016944104351 0.71484475158774308 -0.091101939770672033 0.97746068503792694 -0.13595488521013074 1.0822647929884399 -0.044973047349113594 1.4088855029802827 -0.6050540163964947 1.2311143632982093 -0.76892152093690858 -0.64740108675260932 0.27803273482316915 -0.4051211079858868 1.9392693105523631 -0.18359348589295213 0.050138573110455185 0.71760494554807253 -0.0035291205641196899 1.0806041942114397 -0.59006628694454111 -0.68909502846485504 0.32818182250154199 -0.94747749909995316 0.56718094303535682 0.46875050826027925 0.3972657525816175 -0.023301062598818586 0.98748760125939217 -0.09370253400136376 -0.34400318128326202 -0.091101939770672033 -0.93937265372244061 -1.4440676098765872 0.28346532340250391 1.1418190904523706 0.98748760125939217 0.077827168244577638 -0.1402307686081595 1.3296670141670572 0.8379825305873817 0.88536470356360863 -0.90670389235462101 -0.053600407488531086 -0.86361633806459714 1.8417239768312017 0.050138573110455185 0.59668258020950227 -0.7469262174816288 -0.073226531717014445 -0.17382496824645299 0.37449789256851623 -0.14120748094501159 -0.4389094958272306 0.087648414530164059 0.26766884802697027 -1.1865692691536085 -1.3447980181746926 -0.63216160693605195 -1.350051403497442 1.0456304605339772 -0.036118808880895678 0.30368112636849204 0.92399667494267201 -0.6560459176440433 -0.84552360455957398 0.88115018048269833 0.92399667494267201 0.020471149002007881 0.56084393898623996 0.1294409450544963 -0.056969122292206888 0.96759976625778665 2.4730542397135857 0.29879548216178564 0.10696448415115391 1.0973976612394096 0.29398076309898458 0.11364446967896265 0.077030860267533544 -1.4713999131967872 -1.4547716045968706 -0.87124124876500109 0.43532855276470794 0.23165539217225958 0.27431267247261437 1.2925131371391181 0.76300543516051378 1.5985714445561554 0.33241474493104117 1.0000000180025095e-35 -0.5938550986900929 0.83655735700730516 1.4235045288997803 0.12966892056434434 -0.21026076356141779 0.95419354430802195 -0.73246218573099109 0.5096061073592254 -0.35406733035720001 0.65048091503266681 -1.0558575364946023 0.24590487227076177 -1.606693878623384 1.0568980631179306 -0.33606428022721635 0.36645340170703239 -0.14595791994766039
decision_type=2 2 2 2 2 2 2 2 2 2 2 2 2 2 2 2 2 2 2 2 2 2 2 2 2 2 2 2 2 2 2 2 2 2 2 2 2 2 2 2 2 2 2 2 2 2 2 2 2 2 2 2 2 2 2 2 2 2 2 2 2 2 2 2 2 2 2 2 2 2 2 2 2 2 2 2 2 2 2 2 2 2 2 2 2 2 2 2 2 2 2 2 2 2 2 2 2 2 2 2 2 2 2 2 2 2 2 2 2 2 2 2 2 2 2 2 2 2 2 2 2 2 2 2 2 2 2 2 2 2 2
left_child=1 2 6 36 17 55 12 24 46 11 13 15 23 -3 43 60 116 18 108 107 89 22 58 68 27 26 47 32 -29 30 35 34 -2 -34 -31 -30 37 38 44 41 -41 51 57 67 45 -4 -9 48 -12 79 88 52 130 -54 -53 -6 -38 61 59 64 75 -26 -63 66 77 -36 -55 -8 69 -1 71 114 73 -73 -74 76 -7 78 -19 80 102 82 -82 98 -85 -28 115 -46 -45 101 -33 122 113 94 -94 -96 -39 -79 124 100 -100 128 103 126 -104 106 117 -20 -5 -24 -72 -77 123 -58 -42 -27 -11 118 -89 -114 -78 -16 -92 -108 -81 -48 -14 -57 -10 -17 -40
right_child=7 10 3 4 5 9 14 8 20 16 25 -13 49 -15 121 129 -18 21 19 -21 -22 -23 109 -25 42 86 85 28 29 31 -32 90 33 -35 65 -37 56 96 39 40 70 -43 -44 50 87 -47 125 -49 -50 -51 -52 54 53 63 -56 127 92 -59 -60 -61 -62 62 -64 -65 -66 -67 -68 -69 -70 -71 110 72 74 -75 -76 111 120 97 -80 83 81 -83 -84 84 -86 -87 -88 105 -90 -91 91 -93 93 -95 95 -97 -98 -99 99 -101 -102 -103 104 -105 -106 -107 112 -109 -110 -111 -112 -113 119 -115 -116 -117 -118 -119 -120 -121 -122 -123 -124 -125 -126 -127 -128 -129 -130 -131 -132
leaf_value=0.019672455665449527 -0.041812140879222116 -0.0089872282291158095 0.028414819169360721 0.048605520097338512 -0.0069270409504780927 -0.0052539660539469473 -0.0010320736042887847 0.0072271110044879469 -0.023223588417891173 -0.014330983986401308 0.015926427402199812 -0.022405483305632867 0.018667350397973743 0.041002181923514153 -0.044209704089333009 0.048877565528448873 0.020950220368490993 0.0042479968650239019 -0.040578978486072712 0.031726770411413453 0.026238713190353199 0.015370465772748086 -0.042490655988279245 -0.041064878298915038 0.024872028555371625 -0.042145254294985363 -0.04141715584310391 0.038501323245162145 0.00598289447421021 0.02263720828441082 -0.038827574937933554 -0.039974428086221876 -0.039273063233802148 0.012139671641191828 -0.040167734935827211 0.04972976787927269 -0.042941726180523401 -0.024934424877230188 0.022475789613259488 0.039337609617349174 0.04709533584992779 -0.038138157531889587 -0.019554697842653582 0.015293648989790182 -0.052935662549345709 -0.044002642903910295 0.045875899420509632 0.033821040637155367 -0.042552008106450857 -0.011568186511301237 0.043208573372766956 -0.042956613809088925 0.027609475527551389 -0.0028884058348214092 0.015942629455948699 0.041646188436394387 0.043327750960639767 0.045227192789960936 -0.039334893059631587 0.038158467976626149 -0.016857277459897572 -0.039791221700685837 0.016597486927486676 0.017116056923164397 -0.039856402368495102 0.00059806922895279814 -0.041234539698444539 -0.042104486213132203 0.027566717565217731 -0.041686587585195944 0.017079829599935266 0.0049522700927826539 -0.0012597817328966958 -0.046757805649490516 0.037752037428488899 -0.0095488855945234669 0.023115879743592516 -0.004561805345281696 -0.040542064375629176 0.045191362597256118 -0.013931880983064705 -0.041855094888886661 0.031001648915764415 -0.019389600563984512 0.02380465767151415 -0.004854773380665308 -0.0044067933091150105 0.03747247973862021 -0.019803411555611716 0.0033733174617288967 -0.018002936628151396 -0.039687625899120588 0.036732875030447476 0.047745242442636927 -0.021543872658010579 0.026661330822887686 0.011281253519899014 0.025368338125100656 0.019799103372884392 0.037064728771192441 -0.042045863245760616 -0.041310396653634264 0.01198703200160868 -0.011608211684852812 0.046522187532973526 0.041619157640404032 0.016154194368428073 -0.010151896712760492 0.023785588731945168 -0.014565297524737987 0.03889427646680671 0.01592016551061318 0.0028261115552393212 0.032361640620708516 0.020298689715015132 -0.014371191540011133 -0.042483988654808 0.041602129893883413 0.018693150451318807 0.025245468713729999 0.042666856745650822 -0.017838239070084843 0.0091048197045576276 0.037036028526619733 0.02759672929528114 0.03070192477342143 0.039114885784714282 0.030064979749016601 -0.0014707576109395275 0.033666304403202972 0.041886853546337248
leaf_weight=2.8107261657714844 6.3245512396097174 3.4292300939559937 5.0345057845115653 3.0580276846885699 1.2834858745336521 2.9454958885908136 2.8032842576503754 3.4407498985528973 3.2187339514493907 1.9488783329725254 4.4259540289640444 2.9030851721763602 2.7593076527118683 5.8300326168537122 3.7542204707860938 5.4865875840187055 2.4570308923721313 2.241786584258092 4.6330577880144101 2.2877509146928787 3.2331665009260169 4.8656083047389975 6.354328975081442 2.6409530192613584 5.0125472992658597 5.2058278322219866 3.0403791368007651 2.586398556828498 4.7899111807346291 5.5356989055871964 1.5406768321990956 6.2007182985544294 2.7791668027639389 5.4132729023694974 2.3409724086523056 3.6947395801544189 0.46421220898628135 2.5215484201908103 2.4705533087253571 19.559804514050484 1.8114510178565977 1.6778075248002995 2.8042946308851233 3.7396423071622849 0.24975576996803184 1.6064814776182172 9.4621742963790876 4.2845128029584885 1.8100191950798032 3.4585666358470908 2.3334877490997314 2.0745630860328679 4.8019743710756364 2.9332300871610699 1.8813747614622105 36.550077170133591 19.341238498687744 2.680536985397338 2.3140458464622489 2.0494298636913291 2.1658928841352454 1.9423636794090269 2.911981076002121 1.9120211899280546 2.093692183494567 2.7699728608131355 2.8024932146072286 2.1937570720911035 2.2731657773256302 2.4507763236761093 4.2960716634988767 2.3416305929422379 4.0163815319538116 2.5323208272457141 2.9334273189306259 3.1620697826147124 3.8477242141962043 4.6327745020389557 2.9580875933170319 6.8336811512708664 4.0700789093971252 2.5954463928937894 3.1145044267177582 2.8253079354763031 2.2961182296276084 3.0155249685049057 3.1462103426456451 6.0462168604135513 2.3278886675834656 3.5792658329010001 2.5394692122936249 2.2981255352497101 7.4208739697933241 4.2498304247856131 3.3997651934623718 5.7054015845060349 1.9292784333229063 2.5175402909517288 2.4795191287994376 8.9262659549713117 1.9641695171594618 2.8028373569250107 3.0240785777568817 3.813913822174074 4.7814599871635428 18.459538325667381 2.6985805928707141 1.8618956059217451 5.2832173258066177 1.9335268735885618 5.2520341873168945 3.4987903982400894 3.66018222272396 18.325715333223343 5.4029682278633144 1.6988670974969862 3.3196902722120285 14.6337513923645 5.112945497035982 3.8069795221090317 6.4702399671077719 2.0733512043952942 2.2221514880657196 6.7211112082004547 4.6331711709499448 4.7421518564224234 4.0499811470508575 5.9787301719188681 2.4629436433315295 5.4376693964004517 4.7010061740875306
leaf_count=7 29 12 11 5 4 10 9 10 13 7 11 11 7 11 17 9 6 7 22 5 8 13 29 12 12 24 14 5 15 15 7 30 13 16 11 6 2 9 6 36 3 8 11 10 1 7 16 9 8 12 4 9 11 10 5 66 34 5 11 4 8 9 8 5 10 9 13 10 5 11 11 7 13 11 6 11 9 16 14 12 15 12 7 11 5 10 11 12 9 11 10 11 14 7 11 12 5 6 6 18 9 13 8 14 8 33 7 7 13 7 10 9 11 37 14 6 15 28 13 9 12 8 7 13 11 10 8 13 8 12 9
internal_value=0.0150782 0.0176746 0.0192521 0.0221496 0.0150494 0.0261244 0.00840796 0.00285385 0.0153233 0.0137565 -0.00123894 0.0197272 0.0131612 0.0216237 -0.00934908 0.0236172 -0.0139583 -0.00467385 0.00848108 -0.0140986 -0.00583416 -0.0118779 -0.0169017 -0.00875139 -0.00337834 -0.00953622 -0.000119275 -0.00763735 -0.00211838 -0.00539061 0.0144649 -0.0138278 -0.0214598 -0.00591774 0.0032074 0.0249424 0.0268882 0.0242502 0.0253016 0.0193989 0.0258482 0.00711727 0.0106394 0.00136809 0.0316729 0.0109593 0.0337676 0.0131 -0.000784893 0.0168451 0.0135139 0.0104196 0.015525 0.00437866 -0.0142176 0.0384914 0.0334243 0.0176999 -0.00866201 -0.00412569 0.0149894 0.010101 -0.00586741 -0.0111632 -0.0104288 -0.0176459 -0.0213049 -0.0182756 0.00244782 -0.00841192 0.0166442 0.0103529 0.000104457 -0.0207631 0.0149027 0.0185219 0.0259018 -0.00532994 -0.0204241 0.0185969 0.012318 -0.00704963 0.00529235 0.0245223 0.000685516 -0.0227631 -0.0251233 0.0339674 0.0020453 -0.0149455 -0.0276702 -0.0170163 0.0340639 0.0270527 0.0214055 0.00861583 -0.00781568 0.00590015 0.0295937 0.0225802 -0.00613938 -0.0229616 0.0226203 0.0152553 0.032774 0.0343378 0.0311634 -0.0313777 0.0324174 -0.0355725 0.0289276 0.00402144 0.0236118 0.037967 0.0265187 -0.0349501 -0.0314276 0.0361096 0.028963 0.0143953 0.0351576 -0.0342806 -0.00569256 0.0307853 0.0378805 0.0405375 0.0304342 0.0399637 -0.0139659 0.040903 0.0344009
internal_weight=567.572 468.243 432.356 341.329 136.54 87.4554 91.0268 99.3296 32.942 43.6432 35.8866 35.9176 71.8012 9.25926 19.2256 33.0145 7.7256 49.0848 17.1239 8.7827 15.2969 31.9608 27.0952 10.1756 66.3875 26.6273 16.5764 51.0358 36.5188 33.9324 10.0253 23.9071 14.517 8.19244 10.6466 8.48465 204.789 145.882 141.431 73.4011 48.1461 25.255 15.3517 13.3981 68.03 6.64099 17.6451 10.5205 6.23597 61.6256 8.40102 23.5772 19.6213 12.4497 3.95594 43.8123 58.907 12.5474 18.8074 16.4933 22.0902 9.86689 4.85434 7.64774 14.4439 5.11095 5.73572 4.99704 7.53467 5.2615 28.5863 19.0382 11.8238 4.87395 6.94981 19.9243 13.2635 12.3502 5.19987 58.167 28.2088 9.78003 7.18458 29.9582 5.12143 6.0559 10.0509 61.3891 6.06753 12.0638 13.2605 7.05975 58.4428 20.7759 16.526 9.10517 4.45083 7.15031 24.8368 13.37 4.44369 8.48451 18.4287 10.6232 7.80554 61.1393 42.6798 6.49495 8.34125 8.28786 9.54811 6.66086 16.8869 37.667 7.21442 6.90469 5.26857 25.7929 11.1592 7.46716 10.318 5.82757 4.76162 9.41969 11.4669 14.2043 6.80929 42.5288 5.68168 10.9243 7.17156
internal_count=1533 1215 1099 834 371 202 265 318 89 119 116 91 198 23 67 80 28 169 52 34 53 117 104 35 229 93 52 184 126 121 28 93 58 29 35 21 463 346 332 187 111 76 45 42 145 18 36 28 19 163 23 68 54 39 14 83 117 34 68 57 59 29 17 28 53 20 23 19 23 18 75 54 37 18 19 51 31 43 21 151 79 34 22 72 16 24 41 127 19 45 58 28 115 44 37 23 14 22 56 33 15 34 45 29 16 126 93 29 18 36 21 20 40 71 17 30 22 53 25 20 21 25 17 20 23 26 15 79 21 21 15
is_linear=0
shrinkage=0.0283043


Tree=22
num_leaves=128
num_cat=0
split_feature=12 12 12 12 22 12 10 21 0 0 15 17 17 22 21 12 15 15 10 22 22 22 22 0 21 0 15 15 10 15 22 0 12 12 0 0 21 0 22 17 0 17 17 0 21 22 15 22 0 12 17 17 22 17 0 17 12 22 0 0 21 22 0 22 21 0 22 21 10 0 22 0 17 17 0 21 15 12 21 0 15 22 17 21 21 12 17 15 12 21 21 22 22 0 10 22 21 21 0 10 22 15 21 15 21 21 22 15 22 22 21 12 21 10 12 22 21 15 0 0 21 21 21 21 21 21 21
split_gain=22.6765 26.8905 20.4624 18.5212 16.1054 14.9578 13.4058 10.0628 13.5839 14.7873 8.86999 8.76227 10.5389 8.27974 8.05263 7.29501 7.24213 6.82741 8.45704 6.12829 8.52829 5.8657 5.80697 9.20588 6.06461 7.77639 5.54359 5.33154 4.78646 7.18782 10.1024 7.55756 6.59421 7.17588 5.17722 4.66673 4.54446 4.50321 4.40463 4.22357 4.20359 4.19749 4.85689 4.18538 4.16363 5.04926 4.00674 3.97329 3.86681 3.66717 3.66098 4.22909 3.52364 3.29009 3.76354 7.45216 5.21852 3.17899 2.94448 7.28768 3.51952 2.82869 3.25415 4.81872 2.81321 2.80626 3.56787 2.77006 3.00733 2.75866 2.71978 5.15652 3.11343 2.70907 2.65176 2.57329 5.65973 3.21244 2.55488 3.6353 4.78506 2.54777 2.42895 2.33093 2.28338 2.20556 3.4844 2.16997 2.06651 2.05661 2.05426 2.80598 4.07221 2.04442 3.01256 1.9294 1.91391 1.9003 1.83014 1.82465 1.77621 1.75982 1.74895 2.63301 1.73943 1.71179 1.60961 1.59896 1.58544 1.56149 1.55942 1.52161 2.86762 1.9538 1.51712 5.85091 1.50671 1.3057 1.2918 2.95636 1.23364 1.13441 1.75265 1.11168 1.02588 0.868379 1.29711
threshold=0.11462330599291799 0.2572563221607303 0.91236174323230845 -0.34771042901181659 -1.0957225441148986 0.21583902089734722 1.0501572875220835 -0.70073449700632007 -0.10246678377057575 -0.18065360711000164 -0.12025957339688405 0.79819414653962106 1.1705369040335685 0.10108695820869153 -1.7441608616511062 0.052414556294340435 0.15389729037034702 -0.032999180012661902 1.2403100353669998 -0.92225564540429328 0.73258470015296473 -0.65467347344852767 0.42130785496224415 0.51725434448766661 0.020471149002007881 -0.13238046966777492 1.688568767187655 1.8003676975732399 0.75924747487856781 -0.16250243230799935 -1.4131767475850154 -0.077016734956862801 1.2462300862241864 2.1237212077488428 0.72694284328173187 0.63633832792480438 0.96759976625778665 2.3077728448686501 -0.9731532614978492 0.012016004500239881 -0.045105388528857503 -0.12682845526946351 -0.040112760753176595 -0.51912901191940575 -0.89229072249684016 0.91511490444724009 1.4048266605699078 1.0129747539467058 -0.1137356380469179 0.30533424672813142 -0.17599624432014477 -0.13595488521013074 0.63257827827841961 0.89951992100361455 -0.10246678377057575 -0.29624694234306709 1.7137432838258302 1.0521854759981613 1.0000000180025095e-35 -0.090832057602144606 -1.3232095607026415 0.97767556377872888 -0.71525829839265176 0.65738311461267362 0.89057574020050112 0.68250404326859837 -0.15518993257165445 -1.5012080459426611 1.5371153910377959 -0.092522385743595933 -0.29564731831436775 -0.16691877628097943 -0.041622469014439611 -0.070170565232257912 0.58387961603707905 1.5295373939575359 -0.14494787981778592 0.078081875380266424 1.6460536529396244 1.1608595898614809 -0.064103923670669125 0.49097605393566357 -0.28528938238228729 0.33749552120099208 -1.5472665711839084 0.1814319336638838 -0.061930480141751509 0.69948363794898782 0.15469744288836371 -0.73904574210442409 0.14889176527721842 0.050403999352643204 0.90347571201347499 -0.19441039025254916 1.1646820781657314 0.78615360631328668 -0.037822410123837476 -0.91243837482031898 -0.4204679974986778 2.5254524744537359 -0.25302593126695244 -0.11812338851819169 0.45070501426832427 -0.35750221654818792 1.8712680314910555 -0.8569319469654828 1.540626094545458 0.027783556517215001 -0.48261377218380791 0.079024964353705734 0.30211312591310074 -0.035019924204813833 -0.93286946422220551 0.79010024378226718 0.70146653795425573 -0.25958490241302951 -1.4547716045968706 0.83314890358731242 0.49147501097107343 0.55906618431560107 1.2925131371391181 0.84994975896206804 -0.017910955365698093 0.75310875717277914 -0.22510345968170795 -1.3447980181746926 -1.1865692691536085
decision_type=2 2 2 2 2 2 2 2 2 2 2 2 2 2 2 2 2 2 2 2 2 2 2 2 2 2 2 2 2 2 2 2 2 2 2 2 2 2 2 2 2 2 2 2 2 2 2 2 2 2 2 2 2 2 2 2 2 2 2 2 2 2 2 2 2 2 2 2 2 2 2 2 2 2 2 2 2 2 2 2 2 2 2 2 2 2 2 2 2 2 2 2 2 2 2 2 2 2 2 2 2 2 2 2 2 2 2 2 2 2 2 2 2 2 2 2 2 2 2 2 2 2 2 2 2 2 2
left_child=3 5 4 6 16 22 7 14 9 11 13 46 117 67 -1 84 97 99 -19 -11 120 -20 24 36 74 70 40 -18 29 34 116 32 48 107 43 44 85 105 -36 41 -23 78 52 81 45 58 50 87 95 108 90 64 -43 54 55 56 -30 -22 59 60 -16 62 63 104 -52 -7 -67 -8 69 -69 71 -26 88 -27 109 77 -77 -17 79 118 -81 -4 -35 -14 -5 -24 -87 -25 -72 -46 124 123 98 -15 -95 -32 -33 -3 -93 -12 -56 -79 103 -41 -53 -37 -94 -34 -6 -2 125 -86 -113 121 -51 -116 -31 -13 -10 -120 -21 122 -114 -92 -9 -45 -127
right_child=1 2 28 15 49 65 10 8 39 19 17 12 83 93 35 75 27 18 21 20 57 26 23 47 25 73 -28 -29 53 30 31 96 33 82 38 37 -38 -39 -40 102 -42 42 -44 110 89 -47 -48 -49 -50 114 51 61 -54 -55 100 -57 -58 -59 -60 -61 -62 -63 -64 -65 -66 66 -68 68 -70 -71 72 -73 -74 -75 -76 76 -78 101 -80 80 -82 -83 -84 -85 111 86 -88 -89 -90 -91 91 92 106 94 -96 -97 -98 -99 -100 -101 -102 -103 -104 -105 -106 -107 -108 -109 -110 -111 -112 112 113 -115 115 -117 -118 -119 119 -121 -122 -123 -124 -125 -126 126 -128
leaf_value=-0.040371684620109601 0.02642494222362449 -0.043003248855179664 -0.005621728662462527 -0.048838279927647374 0.0038811819282003148 -0.03944619711236081 -0.039237152830071044 0.027818460520933255 0.043017088206785729 0.017661430787713612 -0.041426076787471781 -0.042670404186188268 0.032131150480026877 0.0065045210305917697 -0.00075398376638620684 -0.005613950394903016 0.037469132566740601 0.029471008254012908 -0.039873062759940889 -0.042137468471895118 0.025217277590525902 -0.039051212436014004 -0.040979077546581574 -0.017962068513673598 -0.038304396242850966 -0.0051013649748301642 0.0389022436666887 -0.015622487366329429 -0.042997136583082331 0.0045407914460537362 -0.042210135606941646 -0.042797257729777181 0.013376273446905847 0.001157423679252232 -0.039341174561241823 -0.04383943934229869 0.002803534635454589 0.015122265995413569 0.018005365008472999 0.013364570069671485 0.013036497303062234 0.027235562973662374 -0.037353920092475346 0.052330739604202037 -0.022420166721120027 -0.017444193160791495 -0.008255623395237905 0.040948578669543066 0.011679641731565436 0.04034889866428687 0.019960811693014714 0.0065916475663594602 -0.013441555969748326 -0.040512036271769365 -0.040771465316512823 0.025695240711095333 0.0057013674701654566 -0.015494359084068788 0.041881513828012099 -0.037348514341083952 0.036485751681559396 0.037700133191530635 0.031885945872289594 -0.038254674738475644 -0.016368421046544599 -0.037970758328331425 0.0092075985429503193 0.025695257422979741 0.040203224631158156 -0.01220075022884734 0.0059799735521608418 0.017598838337112524 -0.010116105679717253 -0.040397565547007568 0.045808017795255028 0.018763025480421729 -0.043738212818204947 0.015578505256311661 0.0056282876449483682 0.026474484839127621 -0.018854586709392843 0.027089258001981878 -0.042045719024713331 0.0034748970973525225 0.037837098901073625 0.0068690320225736415 -0.039833808406850683 0.016138944693231939 0.035829930986522422 0.0097875300476308168 0.025802731253008367 -0.013758531688511974 0.03673247712403243 2.1385003705097497e-05 -0.041502493643447116 -0.0065982716383688857 -0.0079219131127996629 -0.0084530843790791201 0.016917923869183834 -0.0077623987939823714 -0.0041027974442279002 0.038549918766134644 0.043060712740583443 0.037761051901856781 0.035395648543478847 -0.0089374833611262604 0.014600511249755048 0.041356356790318745 0.028009731579162703 0.00010422211633441528 0.018906549352061229 0.044368383364364224 0.021420680707581088 0.038235218518665418 0.0024929610130087088 0.040368533495306572 0.036649282836630825 -0.013926913355443504 0.0026157739612961872 0.035857063841781459 -0.016332476665149556 0.029992898609528276 -0.0032253042106875768 0.045509625752580253 0.042780180372613941 -0.033861051717307473 0.035549254970414647
leaf_weight=2.6668367683887473 4.1478122472763079 3.0957405716180801 4.5654219537973466 0.24732699990272422 4.0214457213878632 10.667674690484999 0.44604526460170646 5.0294681489467612 11.339421555399896 4.6514874696731594 5.5773317068815258 3.5398004800081244 4.2331933975219709 4.3568517565727234 2.5001402944326463 2.6520268768072155 3.4803252816200256 4.8015260696411124 4.1971515417098999 6.5156363695859891 3.3170183300971976 2.4597140550613403 7.4148920625448245 2.5099923610687238 2.0693484842777252 2.7084669321775436 2.0095671266317368 2.1865429133176804 3.0468343943357503 1.2799660712480543 3.940522760152823 5.0821036845445633 2.1007908880710584 2.3601737618446355 1.9201964139938357 2.6187433749437332 3.9485471546649924 2.7171056568622589 1.8618039041757573 4.833570420742034 2.0600870102643949 5.6453153491020203 1.4617533534765224 2.4701372981071534 2.9989559352397919 2.1795478463172904 2.8039712011814109 2.6566714495420456 2.0606519728899038 28.546123787760735 2.4145055711269405 5.6456736028194445 2.1447901576757431 1.9572213143110264 2.5749457329511642 6.2675360143184662 3.532854750752449 2.3696164041757584 5.6178072541952124 1.4847915470600135 6.9853975474834451 6.6526590436696997 5.9225348979234687 1.4921444952487943 4.2794193178415298 2.2054231762886047 2.4680536389350882 4.9336297810077658 7.8439776748418808 1.9300454258918787 2.3664436787366849 2.7582207024097452 2.047670230269433 3.9749804884195319 3.3033573776483536 2.7003117054700851 1.6457384377717961 4.6339914947748184 3.2146425545215598 7.0466081202030182 2.2471226751804334 2.8328297436237335 1.5035268664360044 4.1113663166761398 46.154415369033813 2.3056090474128723 2.3045329302549362 2.9205590337514877 5.7464985400438309 2.8113550543785122 3.3685529083013552 3.4037738740444183 6.5789762586355192 2.7308216691017133 2.4042492806911469 1.5172528475522993 1.4574938714504195 1.8683231025934199 2.4067890197038677 1.4631314426660535 1.4939983040094382 5.2446186244487745 18.344623699784279 11.024039566516874 2.0497650504112244 1.6586644053459156 3.7766173928976059 4.66562519967556 3.9615999758243552 2.7125868648290634 4.3141451627016059 6.4172897934913662 5.386310130357745 4.315923959016799 4.3098242431879035 10.466734647750853 5.4135603010654476 1.6863152980804441 2.3081487864255896 12.114348471164702 1.6788432151079176 3.4193043857812873 3.5064282119274131 5.3064698576927185 10.673530414700506 0.1943134367466034 9.0437197387218351
leaf_count=12 10 14 15 1 13 53 2 11 20 12 26 16 9 13 8 8 7 11 20 30 8 12 35 10 10 9 4 8 14 4 18 23 6 7 9 12 13 7 5 13 6 13 7 4 12 8 9 5 6 52 6 17 8 9 12 15 11 9 10 7 14 13 12 7 16 11 8 12 15 7 7 7 8 19 6 7 7 12 9 16 8 6 7 12 87 7 11 8 12 8 8 12 13 9 11 5 5 7 6 5 5 10 33 22 4 6 10 9 9 9 11 11 12 8 12 19 11 6 7 24 6 7 10 9 19 1 19
internal_value=0.0147445 0.00739907 0.0146145 0.0191236 0.026713 -0.00672478 0.0154447 0.0183782 0.0209787 0.0142036 0.00180323 0.0191553 -0.00145547 0.013417 0.00436962 0.0304979 -0.0045372 -0.0109915 -0.000658584 -0.00853874 -0.0180855 -0.0144026 2.58382e-05 -0.0103911 0.00793729 -0.000438565 0.00193969 0.0164175 0.00494596 0.00890806 -0.000271608 -0.00864111 0.000642217 0.0148869 0.0194874 0.00825724 -0.0228099 -0.0117465 -0.0101721 0.0295952 -0.0146676 0.0241793 0.00748136 0.0244902 0.0140415 0.0205036 0.0230973 0.013786 -0.0191274 0.0332915 0.0244539 0.0167336 0.0157554 -0.00738758 -0.00347904 0.00397833 -0.0164399 0.00791442 0.0258341 0.0174991 0.0263122 0.0226924 0.0160489 0.00562665 -0.00191974 -0.0312877 -0.0135829 0.0263037 0.0285555 0.0152376 0.0107218 -0.00580461 0.0190398 -0.0254108 0.0255765 0.0140473 -0.00432331 0.0202453 0.0282724 0.0304979 0.0157012 0.00724753 -0.0146483 0.017752 0.0345664 -0.031477 -0.01651 0.000674964 0.0268519 -0.00632533 0.0298942 0.0249033 0.0179755 -0.00695752 -0.0190657 -0.0317751 -0.0343407 -0.0291996 -0.000305345 -0.0337187 -0.0265689 0.0276286 0.0371492 0.030401 0.0142598 -0.0296749 0.028368 0.0321413 0.0161919 0.016249 0.0325414 0.0348855 0.0290085 0.0228193 0.036553 0.0293297 0.028847 -0.0321097 0.0359414 0.0304788 -0.0363692 0.0170825 0.0117678 0.0375701 0.0378398 0.0379361 0.0341781
internal_weight=564.041 210.632 139.394 353.41 61.9367 71.2373 267.086 219.872 185.633 103.908 47.2141 85.3755 13.5707 24.6456 34.2393 86.3237 10.6309 22.5685 15.528 18.5326 13.8811 10.7265 55.8962 24.0608 31.8354 21.6716 6.52937 5.66687 77.4576 58.5842 31.3817 24.6881 18.1485 10.6301 27.2026 31.5725 15.9736 6.99451 3.782 81.7244 4.5198 47.5222 9.25186 23.4206 24.578 18.7677 71.8049 8.08722 7.51843 51.3057 69.0009 28.4567 7.79011 18.8734 16.9162 12.8472 6.57969 5.68663 16.5881 10.9703 9.48554 21.7628 15.1101 9.18758 6.69392 15.3412 4.67348 15.1537 14.7077 6.86368 14.9882 4.82757 10.1606 6.68345 10.1638 16.8767 4.34605 12.5306 38.2703 35.0556 9.29373 7.39825 3.8637 8.34456 69.447 12.025 4.61014 5.43055 8.11294 5.81031 40.5442 24.8412 16.1662 9.49192 5.13507 5.45778 6.5396 4.96406 5.81056 7.04046 4.06894 9.87861 34.2022 15.8576 7.69544 4.27741 10.3556 6.76642 7.98305 6.8604 16.0223 69.1997 23.0453 16.628 43.3227 14.7766 6.69353 5.22612 25.7619 14.4225 8.19448 12.312 8.89274 8.67502 15.703 11.7082 9.23803
internal_count=1533 636 378 897 141 258 717 564 460 280 153 215 43 69 104 180 36 84 53 65 53 42 186 89 97 72 22 15 237 171 101 86 58 29 70 92 66 25 14 180 18 112 28 56 67 47 172 23 29 105 163 75 21 66 57 40 25 17 39 29 22 53 40 28 22 72 19 36 34 19 44 17 27 28 25 44 14 30 84 75 24 21 14 21 136 53 18 18 19 20 88 58 41 33 20 23 28 21 18 31 17 22 68 35 21 18 23 15 22 19 35 135 48 37 83 31 15 22 51 31 36 29 22 17 30 24 20
is_linear=0
shrinkage=0.0283043


Tree=23
num_leaves=125
num_cat=0
split_feature=12 12 12 12 9 9 9 4 12 3 2 9 16 9 2 16 0 9 9 3 0 3 9 0 4 4 0 0 2 16 3 9 0 4 4 2 2 12 12 12 12 12 16 3 2 9 0 12 2 3 3 2 9 12 9 16 3 12 9 9 3 4 4 4 2 16 3 3 16 16 0 3 16 3 0 3 16 3 2 3 0 9 9 0 3 2 0 16 16 9 3 12 4 16 9 12 16 16 9 12 2 12 3 12 9 12 3 0 4 2 2 2 4 9 9 12 2 2 9 12 4 4 2 4
split_gain=21.5508 21.9846 26.7679 21.5561 12.3048 13.7542 7.92258 9.31884 7.43879 9.12306 7.26038 7.15601 7.1447 6.69822 6.55125 11.3608 5.62815 5.3908 9.00629 6.5584 6.17417 4.89619 6.12999 4.24158 4.66042 7.08471 4.14594 10.8071 7.67214 5.29531 4.07494 4.96443 4.67786 4.02762 4.33919 3.97367 3.92312 3.81158 4.73885 3.55097 5.98106 3.51486 3.4535 6.52294 3.39 7.19412 3.21166 5.39017 9.87224 3.16866 3.62902 3.15328 3.06601 6.15536 5.72441 5.44856 4.48395 3.59068 7.28004 7.13507 3.21897 3.00393 2.96942 2.94386 2.8888 2.84534 2.78021 4.06531 2.74745 4.23873 2.732 2.56835 2.55389 2.93292 2.3936 2.37021 2.32682 2.26633 3.94369 2.08089 2.037 1.92615 4.22904 1.88594 1.87879 1.79315 1.66978 1.66178 3.46628 1.65176 1.58811 1.58472 1.58003 2.73434 3.06014 1.67395 1.50328 1.47938 1.43504 1.41123 1.39534 2.01241 1.37605 1.33794 2.03326 1.32349 1.29945 1.29247 1.28698 2.594 1.24784 3.53322 2.83283 1.24456 3.99573 1.22063 1.21722 1.1394 0.993558 0.966844 0.941698 0.919848 0.86366 0.838628
threshold=0.080841802163699281 0.29983279267315516 0.91236174323230845 -0.34771042901181659 -0.27648080082640075 -0.47010210989074752 0.31896302024661327 1.4666020836045892 0.17795442591675831 0.18175952334280859 0.15773470574558116 -0.38927601696224634 1.4085108123628658 -1.052135930315423 0.053466310351652974 1.3245945642133581 -0.12655578914571755 1.5401485095547924 1.0506237974602561 0.070353134978436774 -0.042741856105962379 0.1116895757345432 -0.42375205423738099 2.2491821200695123 0.42510742704163179 1.7547648397567583 -0.045105388528857503 -0.20325717260326195 0.30753891871650907 1.1343974503434395 0.13617612049709973 -0.37482345840000159 1.4219677243697386 0.2995680913816276 1.5751934890924295 1.3868054112007544 0.25943835975012391 0.19701632023433482 0.19424719369495713 0.25843389092166169 0.22685112876324451 -0.035019924204813833 0.17045255860591621 -1.0000000180025095e-35 0.28346532340250391 -0.35300932678154728 -0.15619141240492904 0.11462330599291799 0.25274671630690898 0.0041852685476250519 -0.068949192308589896 -1.0000000180025095e-35 -0.16552398834026813 1.1531745548427736 -0.34031558729543465 0.23924616346012825 0.16617090611368809 2.1237212077488428 0.59033845769924842 0.53920536917368522 0.19199755956345085 0.33635253105515756 0.3898212131612564 0.43583472372061821 0.25943835975012391 0.29953070607870397 1.0079857977072355 1.3571136719455212 0.97062375612776675 0.091779788274736679 -0.14265415239763493 1.0311420875229329 -1.0000000180025095e-35 0.020443940120348749 -0.061525719045813228 0.020443940120348749 -0.10031280677115902 0.092405805875258248 -0.066481981263746007 -0.21842057963382919 -0.067445526259813718 0.55427868740985919 0.47349238676814814 -0.10367416101446959 -0.099062222809343528 0.25679201295289439 -0.11572598113988224 0.40175276971577284 0.27306608031193685 -0.38535249748472061 0.12716980181984558 0.16939865288811631 0.25091770342631364 0.79702240407577796 -0.21246296983813148 0.83841410494819624 0.15075603682076302 0.28368695581428677 0.63009095220277966 1.6350485714742133 0.20222131093601389 2.6395699230843417 -0.11285745929529091 0.14005143142427981 -0.40350573871846535 1.2290817411431232 0.07261949525827098 -0.12873638562256817 0.29846539719786574 0.17460370933849426 0.13876727737953456 0.044466399657990992 0.25721025175756274 0.76883869778327296 0.07502834376458388 0.36749699764698512 0.59561766632153612 -0.040216697853356818 -0.29709320538378736 2.985085157102306 0.045792613633940778 0.25505280661542024 -0.17332677596246607 0.36119910760883228
decision_type=2 2 2 2 2 2 2 2 2 2 2 2 2 2 2 2 2 2 2 2 2 2 2 2 2 2 2 2 2 2 2 2 2 2 2 2 2 2 2 2 2 2 2 2 2 2 2 2 2 2 2 2 2 2 2 2 2 2 2 2 2 2 2 2 2 2 2 2 2 2 2 2 2 2 2 2 2 2 2 2 2 2 2 2 2 2 2 2 2 2 2 2 2 2 2 2 2 2 2 2 2 2 2 2 2 2 2 2 2 2 2 2 2 2 2 2 2 2 2 2 2 2 2 2
left_child=3 8 92 4 5 13 49 14 11 30 23 33 39 26 15 66 90 18 19 20 84 22 -12 24 61 -26 27 68 -29 75 31 -10 37 42 103 44 -19 38 62 40 63 120 43 -2 70 -46 47 -13 -49 50 108 74 53 85 55 77 118 59 -59 83 102 -7 -33 -11 91 96 79 71 69 76 -24 -68 73 -20 86 -28 -1 100 -79 87 -37 82 -21 105 -16 -4 -39 88 -8 -23 -9 106 93 95 -95 115 123 -77 -22 -80 101 -55 -57 -35 -105 -54 -48 -75 109 -6 111 112 113 114 -43 -3 117 -15 -56 -60 -5 -81 -51 -61
right_child=1 2 52 41 6 10 7 16 9 12 21 46 -14 116 17 -17 -18 36 72 81 98 89 35 -25 25 -27 29 28 -30 -31 -32 32 -34 34 -36 80 -38 51 -40 -41 -42 110 -44 -45 45 -47 64 48 -50 122 -52 -53 57 54 56 60 -58 58 119 65 -62 -63 -64 -65 -66 -67 67 -69 -70 -71 -72 -73 -74 107 -76 97 -78 78 99 121 -82 -83 -84 -85 -86 -87 -88 -89 -90 -91 -92 -93 -94 94 -96 -97 -98 -99 -100 -101 -102 -103 -104 104 -106 -107 -108 -109 -110 -111 -112 -113 -114 -115 -116 -117 -118 -119 -120 -121 -122 -123 -124 -125
leaf_value=0.010143123642225672 -0.041715691575116884 0.021259275936893363 -0.041714996760703969 0.033636074697117789 0.0071197175041574174 0.0048268083138370164 0.025951483298988276 -0.041572588521740707 -0.03864371218169943 -0.00093759082287606826 -0.039624012636676517 0.029198227766004576 -0.038921909320605262 0.035392919394444049 -0.011383568405799188 -0.02314585577672788 0.012975029284458862 0.00045504345298150775 0.011316320440052282 0.030347702798933281 0.0084789633985006361 -0.011472813112189801 -0.021664761644658314 0.035145637755888075 -0.039710387425667938 0.026906628283180543 0.038413737008430239 -0.040353072916273852 0.01458270313154285 -0.01685398385389366 -0.038582684426635767 -0.039548389856902212 0.025169988701876936 -0.041006978895122177 0.017160312183295452 -0.0057995067971878976 0.038486156700169687 -0.039439713913327734 0.027998726916198965 0.03212089023079237 -0.037001097147795287 0.025778910314881321 0.031128453298617357 0.015525861179489824 0.048269881249046687 -0.012530387311785409 0.023908121366979253 -0.041642826879401691 0.022173356378610072 0.030600501397583618 -0.0067754251600567863 -0.03951347473759869 0.0094253592092739327 0.0021812501524524652 -0.040247793792394973 0.020757465610142564 0.017968310613115882 -0.041526190287917139 0.0025124614586916338 0.0067929145073598665 -0.002220601413361032 0.036581575354335004 0.0038729892462848734 0.036768474197226189 -0.0011809308735144339 -0.023234565626333307 0.020358181363309264 0.038922951787791683 0.031813723869079762 -0.015040283571626071 0.019261061066566835 -0.012556473581437346 -0.040394077616245423 -0.04182004316053161 0.015513733400022121 0.011781570629310911 0.037482648396848686 -0.039818170762978972 0.014986904364574295 0.041246250834723233 -0.04086590486616086 0.041184050692645587 -0.013211763019907197 0.043707253010649365 -0.044920590258311924 -0.0070154933035434953 -0.0012298660337315794 0.039202400578716545 -0.011930854321243408 -0.04077936706596301 -0.0085519289483046712 0.01298657972707821 0.039244120952040391 -0.0076990408632144052 0.034711321656201388 0.014269132848374397 0.023355309405800686 0.035258076085726307 0.034833630747343615 -0.014490847921847691 -0.0086848998211551849 0.030180785105241283 0.040738529969433245 -0.0041898652204555705 -0.039266955889456674 0.031524376838913307 0.044258621623349176 -0.0094165570747822541 0.03772164734634037 0.034848783916949774 0.033903604440088858 -0.0037443757754512838 0.044168057316694001 0.03206936228688826 -0.012368697720380201 0.036808778663520322 0.043143378196319686 0.019254170327216734 -0.017362363801554915 0.025737175129677846 0.041737800969998788 0.029260163236491374 0.042031747634248467 -0.014278395847597138
leaf_weight=8.1637867689132708 2.2503092885017395 4.563294515013701 3.2654120177030554 25.713713392615318 4.8958516567945498 8.6743682324886375 11.502734467387198 3.4556885063648224 5.0019001066684714 3.0833884477615339 3.2115190476179185 3.7367892414331454 2.1220321506261817 6.2093735933303842 4.8998872786760295 3.2355901151895514 4.0218562185764295 2.6242620199918729 2.8544762283563614 6.7865014076232892 3.362559258937841 1.8655986487865446 3.1384093612432542 3.7760383486747733 3.7442278712987891 1.6822640299797056 7.2226903140544954 5.8652815073728544 2.8490976989269257 2.3714112043380728 6.6848362535238257 2.1104389727115729 2.7063385546207419 3.5715442448854429 1.8493449985980976 3.1637463122606277 7.8842715173959732 1.8844799250364301 3.0638262331485748 5.3935249596834183 2.0133834779262543 6.5187807828188031 2.7878166437149048 3.9718160033226031 3.6768688559532166 2.225340723991394 4.1523659378290159 3.7651715874671936 3.4868083745241165 7.6190354973077801 2.5975317209959021 5.2482037693262047 3.3433464020490629 4.6825087219476753 3.3464661091566081 5.2857601195573798 1.8529945909976957 2.6557190120220175 2.5061029940843582 4.5118034631013852 2.8321569561958304 2.9352822601795188 2.4756059497594833 2.8820413798093796 2.7680702805519095 2.7777874767780295 3.305687487125395 3.6870250105857849 5.6164039820432654 4.0537719130516043 1.8685933649539901 3.668408676981926 2.7725823372602445 1.7857719212770464 1.8521233350038562 7.9529274404048902 3.1843194067478207 2.5751144886016846 2.652709797024726 16.433620736002929 1.9560434073209751 4.8529317378997794 2.0918134599924088 5.0344488471746471 1.5877062380313871 1.6208805590867994 1.4119661003351214 4.3712232857942572 2.0897604525089255 5.4650910794734946 1.5051581710577009 3.2102450877428046 14.53039728105068 3.04915452003479 1.9808265864849079 3.4892443865537635 3.2446097284555435 2.5546214133501053 2.6037607789039612 2.0481836944818497 2.9713481217622757 3.1541879922151566 4.8900178819894782 2.9094679355621325 2.0700004994869246 4.8462783992290497 5.0885885804891586 1.6917993426322935 5.6751778125762931 5.0875271260738373 8.0512349158525449 3.4466601312160483 4.6614162325859061 3.8999899476766577 2.8808416426181793 21.49304535984993 4.5711941123008719 6.9575082808732995 2.4521342962980266 2.5547014772891998 19.947840839624405 6.671347811818122 14.957516327500342 1.9374078959226606
leaf_count=23 10 11 15 51 13 27 27 16 25 11 15 8 10 12 17 13 11 8 8 15 10 7 13 8 18 4 14 28 8 9 34 10 7 17 5 11 15 9 7 12 10 14 6 11 6 9 10 17 9 16 8 26 10 14 16 14 5 12 8 13 10 6 8 6 9 11 8 7 12 15 5 13 13 8 5 22 6 12 7 30 9 9 8 9 7 6 5 8 8 26 5 9 27 10 4 9 8 5 5 8 10 7 9 10 10 10 9 6 11 10 16 10 8 8 9 41 8 16 10 6 36 15 27 7
internal_value=0.0144226 0.00751598 0.0152114 0.0188779 0.0150959 0.00813031 0.0204107 0.0164634 -0.00286968 -0.0106503 -0.00353385 0.00527096 0.00705765 0.0162987 0.0189151 0.0254826 -0.0107414 0.0110411 0.00573825 0.0140958 -0.000403701 -0.0133322 -0.00592891 0.00885276 0.00298391 -0.0183091 0.0110207 0.00432974 -0.0218608 0.020859 -0.0191741 -0.0141176 -0.00802526 -0.00761854 -0.0196073 0.00122662 0.0285152 -0.0131644 0.00169529 0.0147647 0.00311304 0.0322327 0.00585709 -0.00530614 0.0107979 0.0251556 0.0148901 0.00350519 -0.0107191 0.0310069 0.0223938 -0.0242409 0.00483371 -0.000110054 0.00363504 0.00901896 -0.0179334 0.0112381 -0.00534346 0.0163154 0.0228838 0.0128999 -0.0157089 0.0167772 0.023279 0.00116043 0.0287178 0.0160984 0.0151871 0.00917299 -0.00555534 0.00348362 -0.0181206 -0.008814 -0.00897946 0.0261879 0.0178276 -0.000891635 -0.0130049 0.032057 -0.0188406 0.0275113 0.0199412 0.0305763 -0.0193213 -0.0289482 -0.0225715 0.0249184 0.0200264 -0.0327843 -0.0307938 0.0290956 0.031485 0.0282807 0.00963762 0.031522 0.00811441 0.0178386 0.0196268 0.00185332 0.00709727 0.01333 0.0303144 -0.0281344 -0.0189446 0.022625 0.0350064 -0.0255615 0.0273735 0.0214353 0.0247033 0.0211068 0.0260574 0.0195557 0.0139778 0.0339948 0.0311098 0.0269518 -0.0302943 0.013766 0.0371591 0.0376264 0.0380771 0.000544786
internal_weight=560.356 219.7 126.148 340.655 265.535 114.956 150.579 109.746 93.5524 47.9341 47.3834 45.6183 15.4944 67.5724 100.764 54.9654 8.9827 45.7983 35.2898 26.1852 12.4539 26.5712 19.2405 20.8122 17.0361 5.42649 49.8343 29.7327 8.71438 20.1017 32.4397 25.7549 20.753 19.4103 10.4004 16.029 10.5085 18.0466 7.64987 13.3723 7.97881 75.1205 9.00994 6.22213 10.9092 5.90221 26.208 10.9888 7.25198 40.8326 18.2561 10.3968 77.0421 43.6299 38.7436 31.092 7.65159 33.4122 7.71652 25.6957 13.0079 11.6097 4.58604 5.96543 15.2193 12.4716 51.7298 10.6611 21.0183 15.4019 5.007 6.9741 9.10463 6.33205 5.14857 17.7302 11.3481 18.0841 7.27601 41.0687 5.11979 13.7312 8.87831 13.2241 6.48759 4.88629 3.29645 17.9637 13.5925 7.33069 4.96085 12.4512 49.106 34.5756 5.02998 29.5456 9.69382 10.5075 5.96632 4.70089 10.808 7.8367 10.1758 8.55101 4.97947 8.18962 9.24095 3.47757 15.6586 9.98338 29.4589 21.4077 17.961 13.2996 9.39962 26.0563 17.7381 13.1669 5.7986 5.0608 45.6616 23.105 22.5766 6.44921
internal_count=1533 664 339 869 717 342 375 290 325 185 164 140 49 178 258 129 32 129 106 71 39 101 68 63 55 22 142 92 36 50 136 102 77 69 42 53 23 70 25 39 27 152 27 21 33 15 71 34 26 85 42 45 237 143 122 91 31 94 26 68 33 33 18 17 37 39 116 28 56 44 18 21 35 22 19 41 29 58 27 88 20 32 23 29 24 21 14 43 35 33 21 28 102 75 14 61 28 27 15 15 31 21 23 37 20 20 19 14 34 23 65 49 39 31 23 52 36 28 26 14 87 45 43 20
is_linear=0
shrinkage=0.0283043


Tree=24
num_leaves=130
num_cat=0
split_feature=9 9 9 9 17 1 17 1 1 0 17 0 17 15 0 7 17 17 5 7 9 1 1 17 0 0 17 7 17 17 15 0 0 5 5 9 7 15 17 0 9 9 9 15 17 7 7 5 17 0 0 9 17 7 17 17 0 15 0 15 1 7 7 0 0 0 0 17 0 0 17 7 15 9 5 5 7 9 9 15 9 0 7 15 15 9 17 7 7 5 5 5 7 17 17 0 15 5 5 0 15 15 7 5 17 17 7 0 15 17 15 0 15 9 9 9 5 0 5 17 17 5 0 5 7 7 17 9 9
split_gain=14.2981 22.3221 19.1157 15.0649 11.7694 8.86935 8.75747 8.49303 7.50562 6.40329 6.05505 7.60548 7.48535 6.3168 5.86455 6.79401 5.5867 6.17136 10.6549 5.4733 5.02099 5.01125 4.90295 4.90112 4.48048 4.23901 5.46508 7.48565 7.42574 7.2531 10.0199 5.98366 6.17719 8.72357 4.99661 5.2554 4.55882 4.55513 4.72427 4.47532 4.21173 9.05552 6.25511 6.95521 6.23634 6.50837 8.03861 7.44858 4.58832 4.33061 10.2181 4.23517 4.44285 4.07996 4.03672 3.81877 3.73785 3.64244 3.63609 3.45033 3.42852 3.36439 3.74453 3.26406 4.89711 6.83484 7.65521 4.91477 4.75429 6.61354 4.28208 3.84227 3.20896 3.2056 2.88043 2.80914 2.72891 2.72816 2.69215 2.65341 2.61895 2.56323 2.40288 3.94934 5.09635 2.39627 2.16633 2.09359 2.25635 2.074 2.04923 4.75389 3.44728 2.01107 1.97476 3.35196 2.058 1.94644 1.84429 2.26916 1.78326 1.74333 1.65424 1.62948 1.61209 1.60998 1.60345 1.56532 3.2847 1.54806 3.39753 1.35983 1.22545 1.22346 1.16385 1.35131 1.14045 1.08322 1.04638 1.01475 0.999171 0.993316 0.985526 0.961837 0.927727 0.923708 0.877816 0.837666 0.832934
threshold=-0.24549056787409837 -0.45711390748238656 0.13358667300522117 -1.052135930315423 -0.16602242974251061 3.2503720758223493 -0.87124124876500109 3.4216387290493588 2.1098930808282521 1.1608595898614809 0.077030860267533544 2.084708069699809 0.60043210436746686 0.59081410017167191 -0.045105388528857503 1.3839469191598097 1.6577733302362794 1.0740421960056172 0.74070409181253904 1.1993869010209013 -0.55662645828762269 1.5076628383373236 0.92952395017698219 2.0622387835085845 -0.18901012112531512 2.2491821200695123 -0.042421153384914222 1.1716208420555188 0.016739930349998353 -0.064823275971397351 -0.13095626299240251 -0.51912901191940575 0.63402601756680166 0.041132314015413993 -1.0000000180025095e-35 -0.35366987874226657 0.1596233958028544 0.018316552682124589 0.94868771005429575 -0.20325717260326195 0.59033845769924842 0.95958700374135841 1.6953463864944045 0.77208239342041385 -0.11972795641487814 -0.21618311553731298 0.12996117226755161 0.90387994246264858 1.0269100780943161 0.42111052868451099 -0.13467814515009405 0.78263866284215655 1.1416089457371101 0.21883695605650558 -0.26511773200115396 -1.0000000180025095e-35 -1.0000000180025095e-35 -0.30621801425751499 -0.15033014469366279 -0.029696370181768562 1.0153628039231297 0.61582284943496413 0.20775936304276074 0.59291665177167807 -0.061525719045813228 -0.23053658087742013 -0.44438138436561686 -0.45508773153453136 -0.14070039649387947 -0.11572598113988224 -0.04390164148628186 0.31131656139647773 0.61413083401363477 0.50975907694884726 -0.18873441203837929 -0.042400723156650708 -1.0000000180025095e-35 0.39443307137313721 0.46707787013754815 -0.061817969372437533 0.50470545652647647 1.9226853610071026 -0.042101901600595661 0.44041407255008563 1.7183649990749503 0.37393208521876359 0.978492273147617 0.61582284943496413 0.74104733182157145 0.089096265335952635 -0.0066459464366750909 0.91213390156523466 1.4806734895891354 2.1083968960900381 1.2680737977644567 0.56276149042570023 1.2946830764002841 0.89622019413910148 0.17386414678320736 0.54105065234913707 0.17505419153053234 0.035019784261272467 1.333360353265211 -0.030200833099510254 1.0269100780943161 0.76249685120072519 -0.020201755252101085 0.6174739731686939 -0.038367231312992058 -0.40543293981892653 -0.064103923670669125 1.1946442003769822 -0.25081121162899672 -0.36180342216220834 -0.59488276280783781 -0.5715167320045611 -0.15877319041403196 -0.29388364027371489 0.074565954879769344 0.76249685120072519 1.9467607116019126 0.053712870352876176 -0.26238938780269111 -0.12258204015319975 -1.0000000180025095e-35 0.13632607556073426 0.93722366732199547 -0.42087905113111979 -0.58016757515277695
decision_type=2 2 2 2 2 2 2 2 2 2 2 2 2 2 2 2 2 2 2 2 2 2 2 2 2 2 2 2 2 2 2 2 2 2 2 2 2 2 2 2 2 2 2 2 2 2 2 2 2 2 2 2 2 2 2 2 2 2 2 2 2 2 2 2 2 2 2 2 2 2 2 2 2 2 2 2 2 2 2 2 2 2 2 2 2 2 2 2 2 2 2 2 2 2 2 2 2 2 2 2 2 2 2 2 2 2 2 2 2 2 2 2 2 2 2 2 2 2 2 2 2 2 2 2 2 2 2 2 2
left_child=1 3 60 4 6 8 9 25 21 14 11 24 100 16 15 19 17 18 56 61 114 40 23 125 102 26 27 29 -28 30 34 37 33 75 35 103 -36 -30 -39 76 44 51 48 98 49 47 119 94 63 50 57 52 -42 -45 122 -23 -14 77 73 85 87 62 82 64 65 66 70 -66 -67 -70 72 121 97 105 -56 120 89 124 123 -60 -81 -11 83 116 -85 -59 -35 -2 -89 -32 127 92 -92 -88 95 96 -46 -43 99 -44 106 -34 -6 -3 -27 -48 -12 -26 -109 110 111 -51 -16 -31 -5 128 -1 -76 -72 -47 -33 -65 -22 -61 -4 -18 -15 -29 -116
right_child=2 7 5 20 10 -7 -8 -9 -10 81 12 -13 13 126 112 -17 22 -19 -20 -21 54 55 -24 -25 107 104 28 90 31 113 39 32 101 86 36 -37 -38 38 -40 -41 41 42 43 53 45 46 58 -49 -50 109 -52 -53 -54 -55 74 -57 -58 59 79 78 -62 -63 -64 71 67 68 -68 -69 69 -71 118 -73 -74 -75 117 -77 -78 -79 -80 80 -82 -83 -84 84 -86 -87 93 88 -90 -91 91 -93 -94 -95 -96 -97 -98 -99 -100 -101 -102 -103 -104 -105 -106 -107 -108 108 -110 -111 -112 -113 -114 -115 115 -117 -118 -119 -120 -121 -122 -123 -124 -125 -126 -127 -128 -129 -130
leaf_value=-0.0094307619395633969 0.03864746065937183 -0.039498315796747785 -0.023996069013850339 0.04099564871773996 0.00668464731530472 -0.0373905547871844 0.038533268528247143 0.047836620268350831 0.044901810538064413 -0.04143104511632878 0.0026860610458004268 0.037742993317298752 -0.040847654179043513 -0.016853831421673918 0.021126523230032276 0.038884635414374015 -0.040135378018965467 0.035028286241915126 0.02968456014427466 -0.037655673009997316 0.0087220771660078533 0.0061368703810070063 -0.044721809201003243 0.018232604694397109 -0.040361587999875354 0.007698040578785181 -0.038453382253350793 0.049963284424493479 -0.041030611558322015 0.011869545652018343 -0.017494065412506886 -0.0091039678895846621 -0.039943904517048961 0.04053627997074459 0.03747239408056529 0.022399147189407054 -0.010997108730051853 0.019365669702926868 -0.03711357155235076 -0.040945036505027572 0.027728694520995741 0.021155588706532964 0.036608961536952443 0.011677347691603919 -0.042105661367223206 0.026492906765389977 -0.041857130362917522 0.02368071725232463 0.030045607268135259 0.02064066297118795 -0.041320350858838943 0.040772825538740398 -0.0040472407528409672 -0.040980989528942011 0.0032174377849989175 -0.040275437604665974 0.0043533644180588169 0.017718937324849644 0.0011108681556776228 0.028506907321433621 0.01306264411864903 0.0350923742797625 -0.038368719337711854 -0.040934907244350775 -0.0097784366499124864 -0.043565603883529244 0.042755489184881847 0.042592886124651869 0.020484787609494015 -0.038766046175142281 -0.040729273600582198 0.016779907399069018 -0.019407613081030915 0.011365887780228562 0.016210487996341977 -0.038864519646165552 -0.03899862122982492 0.022053521765530455 -0.014720884962224828 0.042630647473166666 0.0065146620396796025 -0.00084881598131692946 0.027761219810145635 0.037087369241145793 -0.015553287630667859 0.043372210084610154 -0.00050188492904865547 0.0067838120876531887 0.034338696268933988 0.015577036665487624 -0.038899557643587206 0.031284917431271916 0.010957323919148654 0.033282487330532365 0.00029969993666877586 -0.0043141937474244661 -0.0064133486846570161 -0.010416505536963916 0.010457627982960696 0.015091475875402256 0.039026434339511779 -0.0042770778376210582 -0.019575841565576575 -0.005197161307958045 0.034592756917406917 -0.012122018110291432 0.027751017803611146 0.0056220123926676935 -0.040360700649356443 0.038251562873604726 -0.0034324405725650272 0.042810239053301981 0.041430392016041449 0.035990411299153896 0.010894292247124026 0.037526978743441616 -0.039639392281745615 0.036183565823144609 -0.011083515288221149 0.045729506696739669 0.012742133305127502 -0.014318722332193161 -0.01154301655476689 0.010035586631546788 -0.00060587628492819886 -0.011928791885645943 -0.041045320321656947 0.025839842268355208 0.0293379415364587
leaf_weight=1.8937218636274302 40.293631047010422 3.0558145344257355 2.623985543847084 15.237444311380388 5.7026073932647741 2.2949267029762259 14.401290491223333 2.4665663242340079 6.4322633743286124 1.9704046994447697 3.0682840943336487 2.0299608409404746 3.7974287420511246 1.8659555315971363 3.1741241216659546 4.6351514905691138 1.7043631076812729 7.1064000725746146 5.4338779300451279 2.2493691444396964 4.585679829120636 3.2878793030977249 2.453643724322319 4.5392117500305176 5.1726978868246078 3.6153595745563498 6.7086658775806418 1.2376846671104429 5.7055151462554914 3.1186398416757584 2.6778780668973923 5.4587273150682449 3.1012568622827521 4.6630408465862256 4.9722481369972193 2.3497312813997269 1.9175999909639356 2.6622768193483353 1.7641105800867078 8.0059051215648687 19.050830021500591 8.9782158583402616 17.783835247159015 2.603947475552558 6.05560350418091 3.6769601553678539 2.1073040068149602 4.1585845351219168 5.8623274862766257 4.1335522681474695 2.4366116970777503 16.5172398686409 3.9317619651556006 1.7543500363826749 3.1930582523345956 2.1433619409799567 2.0642519146204048 4.5096629709005427 6.5010766535997417 3.5990046113729521 5.1974895596504203 2.6016770750284186 1.4769225269556034 2.5484186559915534 1.71010085940361 3.407512754201889 4.5376905798912039 4.9307485967874589 3.5332547426223755 2.2649424225091916 1.7257984280586254 1.8276900500059126 2.2882301658391961 3.1692261695861816 2.4385986328125009 2.0595546513795906 1.8338048905134154 2.498629242181778 2.3197256177663812 3.2956268638372359 2.4860066771507263 2.5694966614246368 2.9937452822923705 3.073972150683403 2.2466969788074493 6.7262154668569565 2.8563145846128464 3.4967955201864225 5.6348560750484467 2.8403392136096954 1.8565755486488327 3.6948809772729874 2.1002594977617264 2.2290154844522476 3.4110288172960272 4.3989875316619873 1.4370548129081724 1.6540119051933277 3.2285402417182913 4.4749260097742072 4.8481273055076599 1.4453523010015485 2.6039203703403473 1.4788143038749693 2.8898789286613464 3.5966527611017227 4.7046407759189588 2.17817722260952 2.3059564828872681 7.7263661473989478 2.8210880309343347 3.8246769309043884 6.9730921834707278 2.8762723803520229 3.1900018602609626 8.4187272042036039 1.6774888634681702 10.22765982151031 1.6376914232969282 4.1512129902839661 2.0868588835000992 1.6672140657901762 2.869945332407954 4.7931517958640919 2.2882454395294252 1.5781470984220503 2.5827291309833527 5.811214417219162 3.8699114173650742
leaf_count=7 76 15 10 28 18 11 27 4 11 9 9 4 18 7 8 9 8 14 12 11 12 10 11 12 25 11 34 2 27 9 11 20 15 9 10 6 7 7 9 38 42 22 35 7 29 8 10 10 13 10 11 30 13 8 9 10 6 12 21 8 13 5 7 12 6 15 8 9 9 11 8 5 9 10 6 10 9 6 9 6 8 8 7 6 8 12 10 9 11 8 9 8 6 5 10 15 5 6 9 12 9 5 11 5 6 13 10 7 11 15 9 7 13 6 8 16 8 20 6 7 6 6 9 13 7 6 12 14 8
internal_value=0.0141071 0.00945688 0.0185264 0.0156301 0.00996353 0.0149688 0.019992 -0.00119386 0.0155223 0.0128603 0.00201738 -0.0108917 0.00766011 0.000644487 0.0171416 0.00928032 0.00545396 0.0147389 0.00201962 0.00149195 0.0279673 0.0146502 -0.010981 -0.000473018 -0.0168334 -0.00252849 -0.00411347 0.0021538 -0.0117808 -0.00489611 -0.0107349 -0.00645762 0.00125179 0.00821054 0.0065573 -0.00988202 0.0234782 -0.024344 -0.00358519 -0.0263772 0.0153224 0.0189288 0.0133805 0.0235085 0.0110182 0.00378425 0.0122238 -0.00878425 0.00712361 0.0179647 0.0116931 0.0299344 0.0222015 -0.00814013 0.0181954 -0.011395 -0.0239421 0.0162556 0.00325559 0.0220457 0.0335422 0.00720172 0.00158014 0.00388982 0.00704099 0.00221559 0.0110953 0.0285905 -0.0178642 -0.00281456 0.00220407 -0.0150109 0.00942281 -0.0103351 0.026075 -0.0105267 -0.0108002 0.000185851 0.0107798 0.013065 0.0267816 -0.0177956 0.00673714 -0.000454694 0.0145276 0.0328476 0.0268784 0.0358789 0.0239999 -0.000834489 0.018977 0.00916901 -0.0116101 0.0148198 -0.01795 -0.0234223 -0.0348097 0.0159554 0.0291752 0.0320965 0.0259933 -0.0277203 -0.00189276 -0.0276162 0.0190985 -0.0230168 0.0180161 -0.0298491 -0.0179985 0.0287772 0.0220664 0.031162 0.0348323 0.0228079 0.0354716 0.0301459 -0.022473 0.0321286 -0.0254206 0.0360264 -0.00301397 -0.0298437 0.0013048 0.0179152 -0.0127236 -0.0254671 -0.0299754 0.0297794 0.021224
internal_weight=556.695 271.249 285.447 171.709 117.678 230.824 51.9372 99.5402 228.529 37.5359 65.7404 19.9933 45.7471 33.126 32.996 22.8487 28.6773 18.402 11.2956 18.2136 54.031 222.097 10.2754 7.82172 17.9634 97.0736 90.5684 49.8277 40.7407 35.127 29.1321 34.032 23.9001 19.3535 13.7742 6.88436 6.88985 10.1319 4.42639 15.3579 216.666 117.919 78.4194 29.8456 98.7462 48.4453 28.9841 19.4613 48.5738 50.3009 31.7952 39.4998 22.9826 4.3583 23.3149 5.43124 5.86168 29.3586 21.1559 21.9478 54.6228 15.9642 13.3625 42.7115 36.6682 30.0273 20.8216 6.64085 9.20571 5.7982 16.2839 6.04332 12.9205 8.87318 15.8593 9.60514 7.35202 7.41086 10.7119 12.2827 5.78163 4.5399 11.8856 8.89188 5.32067 11.2359 9.74837 49.4253 9.13165 5.51822 14.7006 7.65172 3.95684 5.08533 15.3027 11.8916 7.49266 10.6322 25.4873 22.2588 12.6211 4.54661 8.30653 4.53463 6.50524 5.70396 7.77292 9.65683 4.48413 18.5057 10.7793 7.95823 10.1472 5.99491 30.7161 15.4786 3.57121 12.6663 3.36349 7.82817 7.54559 4.21563 7.45563 8.39216 4.91223 3.28251 4.44868 7.0489 7.05991
internal_count=1533 800 733 459 343 624 133 341 613 106 210 76 134 106 89 68 87 50 36 59 116 602 37 26 72 337 320 163 157 124 109 123 80 60 43 26 17 43 16 66 582 301 216 71 281 152 83 69 145 129 88 85 55 15 56 20 24 77 68 54 109 48 43 132 109 94 59 15 35 20 51 23 37 33 35 36 28 23 30 35 14 17 36 29 14 24 24 96 20 19 39 23 15 15 59 49 34 28 56 47 28 20 29 20 17 23 19 43 18 41 26 17 21 15 60 32 15 26 14 15 26 18 21 21 17 14 19 16 16
is_linear=0
shrinkage=0.0283043


Tree=25
num_leaves=128
num_cat=0
split_feature=21 2 2 2 4 2 21 17 17 17 17 21 4 4 5 17 4 4 20 5 17 21 20 21 5 21 4 20 2 21 21 4 4 20 4 2 14 2 17 21 4 14 20 20 5 21 2 20 21 5 21 2 2 14 14 2 2 21 5 20 20 14 14 5 5 14 20 17 5 5 5 5 5 20 21 21 2 2 17 17 2 17 2 21 4 21 5 5 20 5 2 2 17 4 20 14 14 21 21 14 14 4 20 4 20 4 20 21 5 14 20 4 5 21 20 14 4 20 5 2 21 14 17 17 2 20 20
split_gain=15.6335 17.588 44.5013 23.7304 11.6665 8.01926 7.83466 7.18493 11.9188 8.31298 7.36737 7.06934 6.77791 6.76006 5.83167 5.97792 5.75588 5.73926 6.38275 5.49159 5.24238 7.2697 8.50227 7.09622 5.20119 6.39234 5.13576 5.09491 10.7702 6.63596 5.48213 6.38342 5.22009 4.94602 4.61269 9.42124 5.76783 5.28156 4.61077 6.25832 4.54912 4.22595 4.15683 8.53355 4.1486 3.94275 8.02621 8.12584 5.50008 7.21514 4.85516 4.28891 4.26413 3.87865 3.87075 7.12116 6.35502 3.78357 8.01678 4.07141 5.51474 3.71456 3.56722 3.5622 4.0237 3.53865 3.47637 3.3971 3.38168 3.33329 3.7975 3.25895 4.87451 3.16635 3.11473 4.23308 3.13942 2.96343 2.90377 9.539 6.16288 2.90731 4.63135 5.27207 2.78986 2.79424 3.55734 8.28787 2.68557 2.63758 2.33346 2.13334 2.3938 2.9757 2.63974 2.12828 2.96007 1.84762 4.15801 2.92027 6.93201 2.26552 1.83329 1.82375 1.80717 1.80103 1.70953 1.5698 3.87794 1.55333 1.53742 1.49477 2.01466 1.44919 4.32873 1.39677 1.25154 1.21651 1.21461 1.18981 1.1647 1.88758 1.11398 1.06122 0.996913 0.98118 0.865935
threshold=-0.73904574210442409 0.15773470574558116 0.38091383828374786 1.1496018064288116 0.33273281753889616 -0.4051211079858868 -1.7441608616511062 -0.19046022346837413 0.050138573110455185 0.5706859815939368 -0.87124124876500109 -0.8569319469654828 0.25091770342631364 0.56541327611896719 1.8776150029822252 0.77622058629827062 1.4760948422300162 0.45460449645725826 0.65715719571863385 3.1249377045320599 -0.072284156798026147 0.96759976625778665 1.4956470914974098 0.69127223456683817 -0.12258204015319975 1.2615003968100116 0.5885938255906541 -0.32143430415511182 0.29879548216178564 -0.21660034732947805 -0.32116500950537569 0.4075841781648965 2.4821714410428006 -0.94747749909995316 0.12801524516226134 2.2027545684029497 1.4146012152940375 1.6683906999244733 1.0156992767477762 0.13866441069800842 1.4070925551004911 0.42733218062311212 0.048071831102126393 -0.29602249664838826 0.015191299693001047 -1.0404338354779179 1.4820389221548018 -0.73971913959208679 -1.177995297531776 0.070499324860722509 -1.3731181062589262 0.37292816623043384 0.074718690137333996 0.32818182250154199 -0.35209980127700807 1.3998389606249955 1.2789114041154674 -0.29712009735379147 1.0450792788317449 -0.073226531717014445 -0.63216160693605195 -0.11200445490901176 0.30576971030114547 1.1313234026831742 1.4401923087188615 0.89617337056023538 -0.052004305820820114 -0.10094913365542614 -1.0000000180025095e-35 1.0683741982787509 0.099420677621751843 1.7789574445749385 0.8236057800318749 -1.4440676098765872 -1.1865692691536085 -1.9330952941663553 0.29398076309898458 1.5218973349289342 0.81130425827936314 -0.079384655652611463 0.2650807908067721 -0.12807518209166777 0.19751151311186951 0.58257411499749467 0.23349034100034019 0.51374614445749778 -0.13687095248039852 0.96256754143615331 -0.34400318128326202 0.067565409139218366 0.64271564456297947 1.2450917915217974 -0.093439552562305045 -0.22772348716435006 0.013408030872149866 0.28270348115480798 1.3641194530976499 -0.44946752699791687 -0.34131266182885472 0.33131469840052225 1.4122831166435101 0.34304061099579936 -1.3215223477685982 0.28409441538992763 1.0473369211849732 0.34715174257221543 -0.15355178390460741 -0.20826257327298581 -0.19258749755870905 0.068658055265511123 -0.17858952162467653 0.38379235256960254 0.85950910944661019 0.96759976625778665 0.15577899167282314 0.36382545818737494 0.59963275323461673 -1.2945145091721491 -0.38941981811531373 1.496168315627235 0.27431267247261437 0.34252649236866745 -0.11161449201725189 -0.40543293981892653 0.0099239963091303559 -0.29158353518008878 -0.80186460014827488
decision_type=2 2 2 2 2 2 2 2 2 2 2 2 2 2 2 2 2 2 2 2 2 2 2 2 2 2 2 2 2 2 2 2 2 2 2 2 2 2 2 2 2 2 2 2 2 2 2 2 2 2 2 2 2 2 2 2 2 2 2 2 2 2 2 2 2 2 2 2 2 2 2 2 2 2 2 2 2 2 2 2 2 2 2 2 2 2 2 2 2 2 2 2 2 2 2 2 2 2 2 2 2 2 2 2 2 2 2 2 2 2 2 2 2 2 2 2 2 2 2 2 2 2 2 2 2 2 2
left_child=4 5 27 33 6 7 69 10 20 -10 24 13 19 17 15 34 57 18 -6 41 21 62 -23 88 97 42 66 28 120 -30 31 44 40 -4 36 37 91 54 39 -31 78 45 43 53 67 48 47 51 49 50 52 -47 -8 -26 -36 56 -56 118 59 60 -59 -61 122 -51 -65 -43 77 -29 -49 70 -1 72 105 -7 75 -15 116 -17 79 81 -81 82 -32 104 85 107 113 -88 89 126 -52 -5 -93 94 110 -63 -97 -2 -99 -100 -101 -102 -50 -64 -84 -44 -76 108 -75 -70 -94 112 -80 114 -87 -85 -77 -19 -11 -68 -3 -122 -9 -86 -109 -62 -22
right_child=1 2 3 14 11 73 12 8 9 16 -12 -13 -14 74 -16 26 -18 117 -20 -21 23 22 -24 -25 25 -27 -28 30 29 38 32 -33 -34 -35 35 -37 -38 -39 -40 -41 -42 65 71 -45 -46 46 -48 68 102 63 90 -53 -54 -55 55 -57 -58 58 -60 61 125 95 103 64 -66 -67 119 -69 109 -71 -72 -73 -74 84 106 76 -78 -79 111 80 -82 -83 83 115 123 86 87 -89 -90 -91 -92 92 93 -95 -96 96 -98 98 99 100 101 -103 -104 -105 -106 -107 -108 124 -110 -111 -112 -113 -114 -115 -116 -117 -118 -119 -120 -121 121 -123 -124 -125 -126 -127 -128
leaf_value=-0.017984165179390228 0.046364719731032428 0.045010561023098895 -0.012058462377013376 -0.049340198327288719 0.020610958700562135 -0.039502471403905524 0.025197903217575333 0.022529272208748605 0.037882893620622894 0.020657348389299598 0.038645708717829991 -0.039800381394219202 0.047586580464956063 0.02717770841984966 -0.040167072818177878 0.021579948786357713 -0.021074652961441419 -0.015474327486023128 -0.038456869655406886 0.046883240280681103 -0.0057744993121095481 -0.042705269396778739 0.022101312269409881 0.02518758310211431 0.028465993322529033 -0.026445663652138116 0.032804523271595921 -0.0064320008202460744 -0.039042623330669116 -0.038778908219672739 -0.041838477233299823 -0.03745948091055528 0.016438726820407625 0.038688008616500097 -0.016502597230830519 -0.041609169851662034 -0.017313674159226675 0.036899128615234013 0.03794761132199926 0.013845351033557891 -0.039727158803804723 -0.041434610444473094 0.033963779052051467 -0.043489775666683744 -0.014764387180080354 -0.042902013547932771 -0.043911654903574945 0.03174580474766682 0.00012559298022030718 0.036808120114667921 -0.04240992078332937 0.0092064692483474469 -0.019778546235569943 -0.014411867633740826 0.019748786311686486 0.039216735513244005 -0.041005815307673055 0.017047194575801738 -0.042295436243109143 -0.00037352799695452253 -0.042065589242577396 0.043624783767905795 0.016716310513561695 -0.012594620962129384 0.031529745893762756 0.0084350557291274029 -0.041178210975366898 0.036701625496177996 -0.0057069798327335618 -0.040986037870034797 0.023299500560386713 0.039594391938784383 -0.0187936417278214 -0.0014570916136836377 0.027615022337871501 -0.012453718920183768 0.0124127112928119 -0.019234742277108079 -0.040663956578860641 0.036703747919499034 -0.010567667698800968 -0.040862676334912786 -0.04062127292232335 0.017862457912857555 0.028514142632656152 0.035857944865509389 -0.026035911889744797 0.039767746826046335 -0.032010835362040767 -0.037399062316873219 -0.0075288100584213116 0.036161563559680081 0.0078906765511393261 0.041643761011139091 -0.016607974326773692 0.0027330653236844354 0.032417181908107599 -0.039590789809660999 0.036381393223659714 -0.015636978942285662 0.016863658208976867 0.044877311876916709 0.034476498897349397 -0.014488222137570677 -0.0048118946501994452 0.010300514451117453 0.0032622429116801461 0.042287551333697104 0.034123032242122112 0.019518414810157259 0.037618552926441708 -0.0029587583393639537 -0.0050986090907822025 0.037946679963164968 -0.010406879267990627 -0.005963735847273507 -0.041415121678687203 -0.039126415517559396 0.039471914947264986 -0.013179136760488578 0.011660488174084766 0.040449082140559395 0.043238635813948434 0.043427293936814396 0.028842738126118071 -0.013673841769954492 0.01706668345482416
leaf_weight=4.8044424057006818 3.5836479067802456 2.3684724569320696 1.4550817757844914 0.2496468871831955 4.4211459308862677 0.46026740968227287 4.5770922899246154 3.1932876408100128 16.23501843214035 4.2736643254756927 21.307797104120255 4.7358016967773429 4.2160454392433158 2.2215448021888733 1.5768319517374028 2.6140010803937903 3.1788043677806845 2.1236889958381617 1.8972547948360441 3.0457417964935294 3.2278035730123515 3.5473916828632346 2.5583762675523758 3.2282182723283759 5.2178885042667389 2.9333774447441092 1.9861261844634999 1.7093942165374745 4.2734859436750403 2.8762594908475858 3.535332739353179 1.9850252121686924 3.6951065510511389 44.893899962306023 4.4097184091806421 2.6265672743320456 2.19080726802349 5.2405497729778281 2.0408473759889603 4.0501455962657928 6.1577339172363272 2.1529880613088599 5.6097557097673434 2.4164342433214241 2.4139015972614288 3.0783377587795302 2.4642905443906775 7.4903994947671926 1.2092774063348759 7.3551561236381513 2.8987101167440423 1.805218383669853 2.2956942766904831 2.1336915493011475 2.60371029376984 4.5350554883480072 2.3834352046251297 5.4352217018604279 1.7907273024320591 3.9955036491155669 1.7490920871496203 5.1455760598182687 3.6988705545663834 3.1969182044267654 2.7790956795215607 1.9079728573560713 3.2426233291625968 5.6955772787332526 4.1980610936880147 2.3837093859910965 2.4822578430175781 6.2408931851387015 2.4228452593088141 3.1522896736860275 6.2138800472021103 1.8382740020751969 1.8975949883460996 2.5032081007957458 5.7980162650346738 4.58363781869412 3.6210972964763641 4.0347940176725379 3.3488075435161573 4.5336235165596008 4.7280526757240322 3.633610665798189 3.551949515938758 2.2174240946769714 7.0880026072263727 1.5790153145790098 2.7637597173452377 14.196644037961965 3.1354498714208603 2.8015696406364388 2.1044755578041077 3.7123171240091306 7.097116082906723 0.67692485451698914 12.94735613465309 3.328731194138526 4.2375590950250608 4.0916818380355835 12.878200396895407 2.145309180021286 1.4558712095022199 4.132826030254364 3.2625799477100355 11.076089262962343 7.6176646649837512 3.1741215884685516 2.0180261731147766 1.3901028484106062 1.4269527196884153 4.8255184441804886 2.35069240629673 3.0304298847913742 2.5967978686094284 6.3587104380130786 6.2656732648611051 1.6524277776479719 4.1936264485120773 2.6915563941001892 4.4598191678524035 14.108922004699705 6.6330229789018622 1.6882815062999741 1.8769406825304042
leaf_count=18 6 4 5 1 12 2 11 8 31 11 40 23 7 5 7 7 13 8 9 5 12 16 6 8 12 11 4 6 21 14 16 10 10 85 17 12 8 10 4 12 30 10 12 11 10 14 11 16 4 15 13 5 9 8 7 9 11 14 8 13 8 9 10 11 6 5 15 12 15 11 6 12 9 9 15 7 5 10 28 9 14 19 16 12 10 7 12 4 33 8 9 29 10 5 8 12 15 3 26 12 11 7 27 8 5 12 10 20 15 8 4 5 5 9 7 10 12 32 12 6 12 5 8 25 14 6 5
internal_value=0.0138043 0.016319 0.00985952 0.0216902 0.0048127 0.0213587 0.0107018 0.0182766 0.0130879 0.0207642 0.0244679 -0.00824491 0.0138581 -0.00364523 0.0102985 0.0116648 0.0144645 -0.0176623 0.00219472 0.0117488 0.000386769 0.0102252 -0.0147666 -0.0110881 0.0194204 0.0114147 -0.0060007 -0.00600024 0.0053322 -0.0107827 -0.0104296 0.00652586 -0.0147918 0.0369657 0.016079 0.00649524 0.0239176 0.0132702 0.00270581 -0.00793758 -0.0175756 0.0100362 0.015494 0.000936201 0.016 0.0118551 0.00237164 0.00826663 0.0171525 0.00947936 -0.00574485 -0.0216309 0.00968281 0.0154453 0.00432785 0.0142471 -0.00816194 0.0172626 0.0122644 0.0158336 0.000385393 0.0228979 0.0217424 0.0237712 0.00829133 -0.0171496 -0.0143689 0.0263832 0.0186369 -0.0128414 -0.00389591 0.0233737 0.015043 0.0299023 0.00792924 -0.00414567 -0.0159317 0.00137003 -0.013824 -0.00942947 0.0159061 -0.0199092 -0.0145769 -0.00644166 0.0304597 0.026656 0.0175223 -1.72265e-06 -0.0199569 -0.00741907 -0.0249272 0.0278912 0.0287642 0.0184513 0.00887027 0.0289947 0.0220967 0.0279881 0.0253823 0.0272497 0.0171796 0.0305165 0.031235 0.00566297 -0.0288024 0.0236992 0.0190077 0.0319752 0.0236571 0.00539409 0.0192047 -0.0279939 -0.0332904 0.0267979 0.0179642 0.0081324 -0.0288801 -0.0328336 0.0315307 -0.0311785 0.0284673 0.0231408 0.0342486 0.0394877 0.0371272 -0.0273031 0.00246522
internal_weight=552.861 432.137 189.33 108.42 120.725 242.807 83.1575 178.451 97.17 60.567 81.2814 37.5673 73.4871 32.8315 62.0709 60.494 44.332 14.8008 6.3184 69.271 36.603 19.6031 6.10577 17 59.9736 31.1077 11.9984 80.9098 22.4944 13.2407 58.4154 11.8039 46.6115 46.349 48.4957 21.799 26.6966 19.1725 8.96725 6.92641 42.9164 66.2253 28.1743 9.76801 9.81887 62.1643 22.2104 19.7461 39.9539 25.8664 12.5353 4.88356 6.87279 7.35158 13.9319 9.5222 4.98715 41.1532 30.6138 28.8231 8.8726 19.9505 13.4973 13.3312 5.97601 4.06096 10.0123 7.40497 14.8626 9.67041 7.2867 18.4063 12.1654 64.3555 18.0307 8.55421 6.33267 5.11721 36.7587 28.1436 8.20474 19.9389 15.9041 12.3687 63.8952 45.0583 16.5792 5.76937 13.7718 6.68376 5.66247 24.5058 24.2562 10.0595 7.25795 15.955 10.8094 28.8659 25.2823 24.6053 11.658 8.32924 14.0875 5.84418 4.80468 9.74258 9.47646 28.4791 10.77 7.37218 5.15348 8.61507 7.22497 10.8098 5.9843 7.56405 4.43507 8.4824 10.5393 4.89505 9.25366 6.88518 7.65311 18.837 17.7091 3.43737 5.10474
internal_count=1533 1159 559 270 374 600 236 466 274 152 192 138 201 115 180 173 121 61 21 194 122 56 22 66 152 87 42 289 72 51 217 38 179 90 131 66 65 54 30 26 169 189 76 31 28 174 69 58 105 74 42 19 20 20 44 27 18 108 85 77 28 49 34 32 17 15 38 18 39 35 24 45 33 134 54 29 24 17 139 101 23 78 59 43 132 97 39 16 58 25 22 57 56 27 22 36 27 65 59 56 30 18 31 18 21 24 25 58 24 23 14 38 33 23 14 22 19 40 23 21 21 17 16 35 34 14 17
is_linear=0
shrinkage=0.0283043


Tree=26
num_leaves=125
num_cat=0
split_feature=12 12 12 12 10 20 0 0 3 19 20 20 19 0 12 12 7 10 7 20 20 20 20 0 3 3 3 7 7 0 19 12 7 0 20 20 7 7 12 20 20 20 7 12 12 10 20 3 19 3 7 20 7 20 12 3 0 0 20 0 0 7 19 20 3 7 7 3 0 7 0 19 3 3 0 0 19 20 0 3 19 10 20 19 3 7 7 7 19 7 7 20 3 20 12 12 12 20 19 7 20 7 12 3 3 3 7 0 3 3 20 0 20 20 3 20 12 12 10 19 7 19 7 20
split_gain=19.2409 19.4252 23.9922 19.2624 11.4103 9.24425 8.5483 10.0557 9.92624 7.87006 7.63428 14.103 8.04573 6.62546 6.16145 9.65329 6.22967 6.13826 5.19522 5.16594 5.15651 7.41856 5.0682 5.00726 4.61598 5.09674 4.40813 4.29583 4.68834 4.18908 4.13245 9.52417 4.03631 3.96493 3.71532 3.71603 3.701 3.63812 3.55606 3.54749 8.90546 7.01347 6.16835 5.6531 4.41838 3.54128 3.52722 3.44871 4.88045 6.17724 3.44318 3.3989 3.32691 4.31259 3.22659 4.59908 4.74015 3.60602 3.14967 3.28821 3.00767 2.8931 2.78644 6.41181 2.74809 2.69682 2.6904 3.33671 2.66466 3.26347 2.53447 3.20272 5.10546 9.02488 3.02068 2.67744 3.9422 4.73223 2.90527 2.44926 2.40519 2.49112 2.34894 2.35576 2.31008 2.23937 3.29554 2.98146 4.55701 2.2877 2.18373 2.17187 2.46664 2.12526 3.52734 3.27401 2.63542 2.11059 2.04608 2.00788 1.99168 1.9254 1.90831 1.89405 5.85817 2.0278 1.87835 1.85083 1.69276 1.63158 2.23174 3.0896 1.67025 8.46465 1.60684 1.5982 1.57396 1.54439 1.49114 1.20228 1.1134 1.10287 0.968527 0.836091
threshold=0.080841802163699281 0.29983279267315516 0.84985860134349789 -0.34771042901181659 1.0501572875220835 -1.054810589883995 -0.045105388528857503 -0.17935842061200644 0.27999146086310062 1.7504560988586031 0.12966892056434434 -0.82218905855649849 0.54474986521494762 0.343596909626529 0.21583902089734722 0.2572563221607303 0.22075529798981683 0.75924747487856781 0.025272928380899614 0.075578429414114731 0.45805231727537316 -0.3563724222286348 1.953508510362423 -0.19441039025254916 -0.011009199067611166 0.76362289083937263 0.17337399030742198 1.6146802078785314 1.2171731464603874 -0.21858720488179237 0.64388945687052757 0.27066036657226938 0.61582284943496413 -0.12490204819347515 -0.42153537906383531 -0.82218905855649849 1.0788307536280741 0.20978859179302634 -0.021707877352722504 0.15577899167282314 0.60967527079929906 -0.28405226347544649 0.11769709031239452 0.19701632023433482 0.19424719369495713 1.0000000180025095e-35 -0.3563724222286348 -0.068949192308589896 -1.0000000180025095e-35 0.051187610003317126 0.066666977149978365 -0.61168752061316656 -0.44880148014425963 0.98978005001174585 2.0225422918681928 -0.059410771652592072 -1.0000000180025095e-35 0.7824675616251634 -0.71156415364989745 1.4092134302115149 -0.12727289805421202 1.1480463047710125 -0.081803268543717056 1.4956470914974098 1.2732484878513084 0.74104733182157145 1.2618716223747071 0.109699120184428 0.68250404326859837 -1.0000000180025095e-35 3.2169205920828405 0.54086461653677753 -0.063391682752822587 0.21955847131430425 1.1946442003769822 0.6174739731686939 -0.015574721845065998 0.30351161941554267 0.55906618431560107 1.1477808120116175 0.41632147583162465 1.6499041763002331 0.38189170871253281 0.49829424563535224 0.067603941421594385 1.0142724487972206 0.086948175970938638 0.44592206849742771 0.26965034957787926 -0.074979842827576179 1.7710971518744123 -0.16983628861696293 0.59185248910863431 -1.350051403497442 1.6678457014173407 1.2290817411431232 1.3500585318169318 0.897160370836111 0.51226918626544671 1.4711372233310567 -1.5395800954023493 0.066666977149978365 1.5838519296415328 0.033096142726031806 0.13162369245673713 0.095559002786332004 0.27951422229395495 1.5987350703136329 0.109699120184428 0.71330969262705335 0.51885112659960553 -0.51912901191940575 -0.34400318128326202 -0.66453111247454799 0.051187610003317126 -0.14120748094501159 -1.0000000180025095e-35 1.3820644827488089 1.1702854222674619 0.54182098544217328 0.26690639120623932 -1.0000000180025095e-35 0.012432234977579745 -0.16235489288387464
decision_type=2 2 2 2 2 2 2 2 2 2 2 2 2 2 2 2 2 2 2 2 2 2 2 2 2 2 2 2 2 2 2 2 2 2 2 2 2 2 2 2 2 2 2 2 2 2 2 2 2 2 2 2 2 2 2 2 2 2 2 2 2 2 2 2 2 2 2 2 2 2 2 2 2 2 2 2 2 2 2 2 2 2 2 2 2 2 2 2 2 2 2 2 2 2 2 2 2 2 2 2 2 2 2 2 2 2 2 2 2 2 2 2 2 2 2 2 2 2 2 2 2 2 2 2
left_child=3 9 5 4 6 100 7 8 23 14 11 99 80 -8 16 68 22 20 24 34 21 45 39 27 -19 -26 66 28 29 47 31 64 91 102 35 -9 38 60 65 41 82 43 62 46 -43 54 51 85 114 -50 117 -2 53 -22 57 56 -56 93 59 101 97 106 63 -42 -17 -34 67 84 -16 -70 71 74 -73 -74 75 76 77 -60 -79 -28 81 118 83 -41 123 86 89 -88 -89 -1 -38 92 116 94 96 -95 -4 -21 -64 -6 -3 -15 -20 -18 105 -105 109 -76 -109 -10 112 -112 113 -111 -49 -36 -5 -23 -12 -30 -57 -44 -61 -13
right_child=1 2 17 32 10 -7 13 19 61 -11 12 26 -14 58 15 30 103 18 33 37 52 50 -24 -25 25 -27 79 -29 119 -31 -32 -33 36 -35 115 -37 90 -39 -40 40 42 44 121 -45 -46 -47 -48 48 49 -51 -52 -53 -54 -55 55 120 -58 -59 70 122 -62 -63 98 -65 -66 -67 -68 -69 69 -71 -72 72 73 -75 107 -77 -78 78 -80 -81 -82 -83 -84 -85 -86 -87 87 88 -90 -91 -92 -93 -94 95 -96 -97 -98 -99 -100 -101 -102 -103 -104 104 -106 -107 -108 108 -110 110 111 -113 -114 -115 -116 -117 -118 -119 -120 -121 -122 -123 -124 -125
leaf_value=0.012505746583689385 0.02430852203216443 -0.011729094783315856 0.0061756124426868494 0.039769707743565384 -0.040864717690538517 0.03736862910900992 0.038702308015370869 0.0057276606746826733 0.041251748501265006 -0.038255500531777106 -0.014056138715677137 0.006567787720472831 0.025817731308268376 0.032918883917479096 -0.038168180499094963 0.0031480990972505224 0.032555167858420581 -0.042252937577647282 0.0072853981372010684 -0.0043214878903632455 0.025378420560323862 -0.019923008997902818 -0.042294075486165372 0.039527038752015568 0.012963938077499662 -0.041033495829934437 0.04450774070640709 0.026710139500674308 -0.041341598315498794 -0.023415198073526072 0.039409188898137992 -0.039129160772368894 0.0027729182876217546 -0.020072990929007752 0.031714141547390905 -0.039114852898980257 0.042182822399159769 -0.03970602671200342 -0.016144772740553193 -0.0011106481892399999 -0.039587822622340403 -0.039959185470195377 -0.016055662368253964 -0.036880537384226253 0.0037452302163498864 0.04273191621892812 0.045089503534946548 0.022806436938579512 -0.048677664807589262 0.0042263247171181982 -0.040194027121937849 -0.019003217744130798 0.037943433908970953 -0.02072995793091335 -0.011013563247668189 -0.043330642217804825 0.027643456098141929 -0.017397858568967754 0.028821287746200741 -0.024162059165863812 0.017150519767983412 0.0068914550574939257 0.024937107597111912 0.019389529364023939 0.038909206959309564 0.03535362039909086 0.03221837261144312 -0.036436437307905301 0.0094289274263436688 -0.037475985075031588 0.043280860302643963 0.024913956292310763 -0.042642685383711618 0.030684269504358052 -0.0032811971673606406 0.035724781273906554 0.034536489229157037 -0.026968757665283106 0.015399825880312972 0.018085347687977222 -0.040828693064611059 0.0052332577843211278 0.041110451381388691 0.036474149051719161 0.031594198318794009 0.038088790406376527 -0.023010642467977994 -0.016035489706892028 0.029066755120688719 0.034839128486097277 0.015041599033329304 0.039253256043836685 0.01205718941864202 0.0055736530448296994 0.03311239962708673 0.033631977189181067 -0.039475174754340377 -0.039974647839347607 -0.0029608684944665829 -0.0031997980887562339 0.016048734039385625 0.0014494436291791603 0.036690898643053811 0.002255811859538943 0.037283802890435244 -0.037907896780266591 0.043107024569842174 0.027760715209035298 0.0052046164413184154 0.036115107070946478 -0.004539083149488048 0.03349091201283047 0.036988945109206278 -0.037649176361317059 -0.0035590419846564629 0.0050491215496747443 0.021310739982075194 0.0088170819942251649 -0.039810294061932733 -0.010495213688723875 -0.013858261801631667 -0.041627702733577014 -8.8533982906489368e-05 -0.014113334448472157
leaf_weight=10.67853885889053 2.9719096869230266 3.5179474949836731 2.2352914512157436 10.200285226106644 4.0174850225448635 35.376753017306328 17.931443005800247 4.6200167238712311 4.8903501629829433 4.5513626039028159 4.1384075433015841 4.5246843993663797 3.1316653788089743 3.3192504793405515 8.941194102168085 3.6604060828685743 5.8241504579782468 4.7515638470649719 4.2165052592754364 2.8755362629890442 4.641021654009819 2.498878210783003 2.054268240928649 3.7274975627660742 3.8321919441223162 1.910103380680084 6.1746045202016813 7.250518634915351 1.9609249234199517 3.249189928174018 2.1123655289411536 3.3447022885084152 3.729501336812973 2.9107977300882322 4.5335792005062103 1.8938917964696882 6.1142659187316877 3.8865983188152313 3.0856875628232974 2.836045518517496 2.7363399267196646 6.1406001597642881 2.0989652276039124 1.6265563964843748 2.4239145666360855 2.306605100631713 2.3839097619056728 4.5775998681783676 3.0532745569944399 3.515628457069397 3.3474703133106232 2.3047428280115123 7.0745469033718091 2.1620668917894363 4.8782682865858069 1.9670819193124764 4.6270934492349616 2.2460561841726294 4.1054511666297859 2.3321768045425415 2.5796761065721494 4.3262589126825324 5.7222319692373294 2.6613536924123764 2.6570016145706177 3.5952854007482529 2.7826477587223044 1.3766619265079487 2.4200108796358109 1.9350758492946614 3.8399126082658759 5.3561161607503891 3.1191958487033826 1.9649064242839811 3.8961096405982962 17.872831299901009 7.7510793805122438 3.136571541428566 1.8363521993160246 4.3436461240053177 3.9951879084110251 3.0499973595142365 5.205441951751709 2.0119474530220032 2.2568781524896622 2.5956580787897101 3.0572574883699399 2.836810514330864 3.740214928984642 5.0719069838523909 3.3074209690093994 32.243638888001442 5.6157562136650077 4.5898767262697282 1.9435319751501081 9.7815229445695859 1.4857481271028516 2.1047258675098419 2.9156056344509125 1.3716574162244795 4.0754421502351752 2.3391691446304321 2.5350302308797836 2.4311260432004933 3.4379284381866455 1.4084168970584867 6.7852673530578604 6.383518770337103 4.0425120443105698 4.5488194823265076 4.1089551597833633 2.5002794265747061 9.1599292159080488 1.4596276134252573 2.6888311505317688 2.5025888979434985 5.1795214265584955 2.974613830447197 2.8636395633220673 1.6579255461692808 1.6979444921016691 2.9897241294383994 2.4711974561214447 2.0912193208932885
leaf_count=30 7 12 7 19 19 68 34 14 9 23 16 14 8 7 47 12 13 22 13 10 11 10 9 7 11 9 11 17 9 13 4 16 10 12 10 9 11 19 10 10 13 30 8 8 8 4 4 11 13 11 16 9 14 8 17 9 11 9 9 9 7 13 14 7 5 7 6 7 8 10 7 13 14 4 13 36 16 12 5 12 19 9 10 4 5 5 12 9 8 10 8 61 14 14 4 21 7 10 10 5 10 7 5 8 7 7 12 14 12 9 14 5 18 7 9 8 12 9 14 6 6 14 8 8
internal_value=0.0135148 0.0069264 0.0142382 0.0177732 0.0141726 0.0312488 0.0169182 0.0120336 0.0161275 -0.00292481 0.00144183 0.0102239 -0.0134426 0.0234424 -0.0010501 -0.0128274 0.00371813 0.00516042 -0.00829956 -0.00389595 0.00964006 0.00515644 -0.000886078 0.0089683 -0.0219839 -0.00540685 0.0196837 0.00683422 0.00381015 0.00628177 0.00558641 -0.00196282 0.030584 0.00640909 0.00769754 -0.00719883 0.0198404 -0.017852 0.00831903 0.00099732 0.00705536 -0.00885091 -0.00417217 0.00783101 -0.0271776 0.0105771 0.0180653 0.00868849 -0.00274702 -0.0202291 -0.0179017 0.00581165 0.024646 0.0109986 0.00839614 -0.00258457 0.00749825 0.0149052 0.0197136 0.00570212 -0.00673992 0.0274365 0.00533274 -0.00997701 0.0179505 0.0185606 0.00890702 0.00213293 -0.0292798 -0.011642 0.0220756 0.020646 0.00662671 -0.0134464 0.0236609 0.0281613 0.020181 0.00766955 -0.0106505 0.0331784 -0.022621 -0.0154021 0.0282673 0.0148585 0.00829419 0.0143761 0.0118679 -0.000994809 0.00932416 0.019729 0.0323154 0.0346594 0.0276623 0.0187336 0.00480331 0.0244985 -0.0113994 -0.0190617 0.0152486 -0.0284849 0.00353449 0.0194738 0.0181763 0.0208887 0.0116109 -0.0115213 0.0302909 0.0128857 0.0188548 0.0269485 0.0236374 0.0102934 0.0295141 0.0182982 0.0127189 0.0217991 0.0333697 -0.00472566 -0.0244605 -0.0261245 -0.0288397 -0.0302728 -0.0114411 0.000146286
internal_weight=548.717 215.391 123.584 333.325 260.254 42.9701 214.136 122.438 97.4413 91.8073 46.1184 28.9395 17.1789 91.6978 87.2559 25.0708 62.1852 80.6138 20.1562 24.9966 60.4576 46.58 49.0836 59.6618 10.4939 5.7423 23.5503 55.9343 48.6838 45.0649 11.7745 9.66211 73.0714 9.66233 13.5501 6.51391 19.8322 11.4465 10.4105 47.0293 29.1777 17.8516 19.1242 9.28712 8.56451 37.759 7.66056 41.8157 13.8353 6.5689 8.82096 5.27665 13.8776 6.80309 35.4524 13.1704 9.50536 22.282 73.7664 10.4618 7.55994 37.7795 14.0355 5.39769 6.31741 7.32479 13.0321 10.2494 13.2963 4.35509 63.3046 59.4646 10.4402 5.0841 49.0244 34.7023 16.8295 9.07837 4.97292 10.5183 14.0472 10.052 10.0534 4.84799 8.87278 27.9804 25.3847 9.63428 6.57703 15.7504 9.42169 53.2392 20.9956 20.036 5.66457 14.3714 3.72104 4.98026 8.63784 5.38914 7.59339 5.65842 6.75154 13.1016 7.27747 3.83954 33.4532 14.3221 10.426 26.668 21.7776 6.60923 15.1684 6.00845 7.26643 7.03617 15.3798 5.47349 7.00205 3.61885 3.66503 5.08869 4.80337 6.6159
internal_count=1533 664 339 869 717 90 564 344 257 325 153 87 66 220 302 102 200 249 72 87 177 144 165 170 42 20 63 163 146 131 37 33 152 30 41 23 46 46 27 156 90 66 66 28 38 109 20 118 44 24 35 16 33 19 105 43 28 62 186 31 27 87 44 20 17 17 40 34 65 18 155 148 31 18 117 78 42 26 17 23 58 39 24 14 27 74 69 29 17 40 19 106 45 53 18 35 14 20 24 24 22 14 18 35 22 15 74 39 26 62 53 19 34 16 20 18 31 19 30 15 15 22 17 22
is_linear=0
shrinkage=0.0283043


Tree=27
num_leaves=110
num_cat=0
split_feature=10 18 10 2 2 2 2 19 8 10 10 8 3 2 3 8 3 8 8 4 8 10 4 18 8 4 19 10 3 8 3 10 19 4 4 8 19 4 4 4 8 3 4 4 3 4 3 4 2 3 19 3 4 2 4 10 3 3 8 19 8 8 4 8 3 4 4 3 4 19 19 10 3 19 3 19 19 3 19 19 4 19 4 4 3 2 2 2 2 4 8 19 8 4 19 19 4 8 4 2 4 4 4 4 4 8 3 2 4
split_gain=17.0086 14.8483 11.919 12.402 26.8505 16.7423 8.89046 10.1281 8.41455 7.47868 13.6647 6.77831 6.86017 6.49043 6.40341 6.32941 7.32649 5.4523 6.76873 5.17161 5.11277 6.11476 6.14178 4.79909 4.77777 4.58594 10.0447 4.69889 5.10162 6.54479 3.98977 3.8526 3.73121 3.33662 5.76695 6.71452 5.43279 5.31574 4.97993 3.71796 5.3576 3.49533 3.44529 4.51764 3.14463 3.14215 3.52149 3.09396 3.08478 3.02084 4.47668 6.06293 2.94882 2.77409 2.75684 2.73587 2.59064 2.58488 2.57399 2.44795 2.34462 2.32114 2.17032 7.69387 2.15804 3.49636 6.3232 3.896 2.15217 2.77622 5.43105 2.12519 2.09198 2.38051 1.95919 1.93531 1.95533 1.89179 1.88566 2.42959 1.78845 1.76819 1.74258 4.10593 1.7131 1.63586 1.5948 1.91327 1.55691 1.54986 1.45209 3.9593 2.66274 1.36276 1.34946 2.82344 1.53398 1.33823 1.32815 1.28741 1.23398 1.42393 1.2503 1.22321 1.04889 0.945582 0.923674 0.907069 0.888325
threshold=1.0294283519800993 1.9128762108979334 1.0000000180025095e-35 0.15773470574558116 0.48694257890402709 1.1496018064288116 -0.4051211079858868 2.8024140763485854 -0.14237819021389533 1.4349317079556274 2.6698846845360671 0.11106969336002047 0.13617612049709973 0.25943835975012391 0.0041852685476250519 -0.1700245582934943 0.18765206007037746 1.2756142099707493 1.0576347370032029 2.7714728487977678 -0.53350968592360426 0.72547271671936497 0.25505280661542024 1.5666395082300664 0.15303852478963834 0.29846539719786574 -0.14672876260876647 1.1923894115767415 0.060055976315711752 1.0000000180025095e-35 -0.071787069528556235 1.2311143632982093 0.54783415493484855 0.35005230770776258 0.60813068993338926 1.0506839858217172 0.52495302887325701 1.1069559784094307 0.3353936665475386 2.0205141380433367 1.1003475925029516 0.075930352014898297 0.2995680913816276 -0.61943162433301524 0.015201750255688715 1.5862683741554278 0.23086071149243392 1.6762338365827709 0.27867392017051551 0.07261949525827098 0.64388945687052757 0.1145471604352037 0.3570640044197258 0.30120867065088924 1.8438793099335899 -0.28888725924264741 1.0151297594588868 0.0076932001111945369 0.63307110708958769 0.56924486380439443 1.2561716862433825 0.12216152587920803 -0.22772348716435006 -0.2827539947087146 0.52496529963248395 0.18636215045087126 0.049951688435737752 -0.067638644842424947 1.7960799142287878 0.5078698893006266 0.70182150331487125 1.2667282558711701 -0.13205254549145187 0.73926334596111221 0.56401567262806196 1.5894753028578748 -1.0000000180025095e-35 -0.094795553239046995 -0.081803268543717056 0.34706841246965975 0.4198336722497279 0.45572387473392684 0.36792314496850986 0.54942421045442214 0.099589182588297978 1.3011080750490587 -0.056969122292206888 0.60475747200007357 0.88592307576916574 0.43636209919980867 -0.01268304704161226 0.60015948867131008 0.13459455968271042 1.531637068833841 0.4188558534309233 0.62323188851398093 0.27922817801376171 0.092234136637234232 0.037834038220703949 1.5985714445561554 0.13189864641811785 0.23349034100034019 0.09246534354229069 0.46469654539994709 0.45460449645725826 0.016823381213313882 -0.0060330601923230384 0.0054823305393308696 0.42510742704163179
decision_type=2 2 2 2 2 2 2 2 2 2 2 2 2 2 2 2 2 2 2 2 2 2 2 2 2 2 2 2 2 2 2 2 2 2 2 2 2 2 2 2 2 2 2 2 2 2 2 2 2 2 2 2 2 2 2 2 2 2 2 2 2 2 2 2 2 2 2 2 2 2 2 2 2 2 2 2 2 2 2 2 2 2 2 2 2 2 2 2 2 2 2 2 2 2 2 2 2 2 2 2 2 2 2 2 2 2 2 2 2
left_child=1 2 3 6 19 88 7 33 55 11 62 25 13 31 -10 16 -12 18 24 45 21 -4 30 -17 68 27 85 28 29 -2 -23 -13 -28 38 35 36 41 -36 42 40 47 61 43 78 60 46 49 93 -29 57 51 -51 75 -34 -47 56 72 82 -26 -53 -15 -35 63 -11 65 66 67 107 69 89 -71 -50 73 86 -32 76 -48 -41 -1 -80 -9 -59 94 104 -16 -27 -3 -88 -6 97 -81 92 -92 -39 96 -96 -5 -7 -45 -19 102 -102 -100 -38 -84 -30 -74 -8 -37
right_child=9 8 20 4 5 17 64 80 14 10 15 12 -14 44 84 23 -18 99 -20 -21 -22 22 -24 -25 58 26 32 48 105 -31 74 -33 53 34 37 108 103 39 -40 77 -42 -43 -44 98 -46 54 52 -49 71 50 -52 59 -54 -55 -56 -57 -58 81 -60 -61 -62 -63 -64 -65 -66 -67 -68 -69 -70 70 -72 -73 106 -75 -76 -77 -78 -79 79 90 -82 -83 83 -85 -86 -87 87 -89 -90 -91 91 -93 -94 -95 95 -97 -98 -99 100 -101 101 -103 -104 -105 -106 -107 -108 -109 -110
leaf_value=0.012868611775399837 -0.025270837752875704 0.012643329679759674 0.037862647642760365 -0.012388935001313014 0.041282751097380978 0.0067237464721962717 0.036999378221474699 -0.041476122347820076 -0.041060904955248841 -0.021480706558956127 -0.040030264645888512 -0.039941689967032623 -0.038569787508809322 -0.01691409213844397 0.013499747935863031 -0.0029659445148243597 0.01520380011402535 0.019217975118735808 -0.039225540542878579 0.036361155824608644 0.035720231444629498 0.012661918095535341 0.034846615476082088 0.045257517948178567 0.039262676158148498 -0.039496900756396155 0.029311695101917661 0.011734204800486266 0.044381635279941802 0.031256817515600339 -0.043054846701916984 0.00097071160132349054 0.0074793852030097365 -0.022022669488403354 0.037467153584938948 0.032449338066232167 0.021650867929195929 0.0076299785872911766 0.045956867250878455 0.0073149343751265682 -0.041462703188323013 -0.040895375984706162 -0.0081872652178496211 0.041296522816857265 0.037203024352856252 -0.039391294574860881 -0.0076493276658624746 -0.016352607449068166 -0.038223590880090606 0.039253995955502795 -0.020658389569794624 -0.013156874464236286 -0.039219213463199294 -0.03731931117280448 -0.001706726013881208 -0.021725059805185253 -0.016811379026921806 -0.039851966832862767 0.0099367844933269389 0.020070615832639419 0.018498617155892055 0.016962344922674368 0.041307734720905452 0.036279834970596329 0.039104443466644004 0.03846723495396729 -0.013089602870380012 -0.00065863221906085391 0.029160753916879906 -0.039260107841040968 0.0078596995477930795 -0.003701069903084431 0.043505972568254191 0.033063447624606147 -0.008473113665047707 0.015876281066601952 -0.039476522194585507 0.03690565198843275 0.037324968620772392 0.02357744549852334 -0.0040706016123570419 -0.0026898299857181147 -0.013644906376626494 0.014999971611525605 -0.014030232771555346 -0.0068692197155244472 -0.025416238834354125 0.01057661065049567 0.028788830318027349 -0.008174842159525816 0.00015707374676405617 -0.020517526731579961 0.034411016262019041 0.030628008133288767 0.02765353086960122 -0.0065154627069384094 0.015834987556049538 0.025730413032029022 0.02779440252055666 0.043238993884950928 0.03944868552688699 0.02125028373946319 0.00532718188370007 -0.0056657604694663266 -0.038747739410402091 0.026489913091145286 0.021196066391256811 0.022293810191288566 0.012738852041810071
leaf_weight=47.557612404227257 3.1313644945621517 3.9019061923027065 7.279460787773135 5.5909321159124428 17.24291425943375 18.250388026237495 10.33337180316448 2.5802796781063075 6.0941690355539304 2.212666779756546 5.7325858324766177 4.5617890506982821 7.0329768210649481 2.7790197134017944 3.0639758259057999 4.0404619276523546 2.6320695132017136 2.610919475555419 2.2041449993848792 2.0431931018829337 35.220013529062271 3.9677616059780121 3.7878690659999839 2.3604335784912109 5.2783941626548749 5.8407537639141109 4.4027523994445783 5.2690634578466398 4.3981062322854978 2.8503604084253311 2.2267383038997632 2.8046342581510544 3.4095073193311691 2.7206417620182055 8.7979188263416308 3.6454319208860388 3.4424763619899741 3.9211438000202197 5.3419986367225638 2.2812436670064926 1.7384794056415547 4.6074228733778 3.3617149144411078 5.9658575654029873 2.5471603721380234 4.0129311978816977 6.0401697605848303 2.5096005797386169 2.2138399332761765 5.2325163632631284 2.9375966638326636 4.2354292124509811 3.437287673354148 1.3909290879964826 2.228448897600174 1.9639535099267948 2.0886853933334342 2.6860431134700766 3.7490162253379822 2.6945654451847076 2.6706672310829163 1.8164470642805097 8.0846557170152682 6.5358992367982882 14.754207253456114 11.67313578724861 3.6244221627712241 3.1782660782337233 2.2720830887556067 3.2873385101556769 4.1343496143817902 3.1085097938776016 1.7342618703842161 1.9662472903728474 2.5340588837862015 1.7606134265661237 1.8526987880468357 4.8737379610538474 5.8376141786575344 13.851902648806577 1.4181573837995527 1.3948703855276106 2.1038368642330161 2.4787499010562897 3.66718690097332 1.3633068203926084 2.7339950650930431 1.7136771082878111 14.076568052172659 4.5132344961166373 2.7450289577245659 2.4220516681671143 3.9897233843803406 3.6017808616161346 3.8353394120931625 3.2924073934555054 1.844265818595886 3.2253882288932791 3.7188378572464016 3.9677490592002869 7.5407230108976346 5.5075094550848007 3.4353128671646118 1.7680855542421339 2.9441283196210861 4.1645291894674301 5.815436705946925 4.4535956978797921 2.9984218180179596
leaf_count=131 13 11 14 21 32 53 20 12 29 8 28 22 36 12 9 14 7 7 10 4 69 10 8 4 10 29 10 16 8 6 10 10 11 11 17 8 9 11 9 7 8 22 12 11 5 20 21 10 11 10 12 17 17 7 7 7 8 13 11 8 7 5 15 13 28 22 11 9 5 16 12 11 3 4 8 5 9 10 11 33 5 5 9 7 14 5 11 5 30 16 9 10 8 8 9 12 5 8 8 7 14 13 9 7 15 10 15 10 9
internal_value=0.0132297 0.0155352 0.0170253 0.0151491 0.00885153 0.0192054 0.019529 0.0164 -0.00215641 0.00240233 0.0135987 -0.00317007 -0.0156601 -0.00521936 -0.0202918 -0.00601879 -0.0221656 0.00963337 0.00622954 -0.00517375 0.0292555 0.0178949 0.00595637 0.014573 0.00860074 0.00356288 -0.00797672 0.0111296 0.0215066 0.00226142 -0.00701562 -0.0239363 0.0112875 0.0175078 0.0113516 0.000256716 -0.0106378 0.0197656 0.020209 0.0114261 0.00172002 -0.0237174 0.0188707 0.0197914 0.0122669 -0.00670186 -0.00452629 0.00941345 -0.0029637 -0.000476955 0.00953473 0.0170906 -0.0171951 -0.00534228 -0.0253886 0.0083366 0.0115326 -0.00624879 0.0267296 0.000154687 0.000741993 -0.00675569 0.0308971 0.021511 0.0302026 0.0262733 0.0195623 0.0263052 0.00397668 0.00214792 -0.0128929 -0.0180531 0.0150163 0.00694508 -0.024335 -0.0093995 -0.0151919 0.0271251 0.0163252 0.0219973 -0.0265625 -0.0263883 -0.00247808 -0.013354 -0.00172832 -0.0326416 0.000285561 -0.0111582 0.035554 0.00647267 0.0179121 0.00927618 0.0200077 0.0184095 0.00320152 0.0119091 -0.00498426 0.00964454 0.0298688 0.0332305 0.0265153 0.0315726 0.0172989 0.0117674 -0.0278486 0.0353702 0.0261857 0.032406 0.0232198
internal_weight=544.77 449.232 414.489 359.473 147.459 84.8125 212.014 163.997 34.7435 95.538 31.5988 63.9393 22.3962 15.3633 12.8253 14.7656 8.36466 53.493 46.9143 62.646 55.0159 19.7959 12.5164 6.4009 44.7102 41.543 16.4072 25.1358 14.5444 5.98172 8.72856 7.36642 9.20319 159.999 48.7228 20.9989 14.3551 27.7239 111.276 18.926 11.771 9.14451 105.934 102.572 7.99685 60.6028 54.3615 10.0325 10.5914 41.2707 15.1001 12.1625 13.0908 4.80044 6.24138 21.9182 19.9542 26.1706 9.02741 6.92999 5.44969 4.53709 16.8332 8.74857 48.017 33.2628 21.5897 17.9652 35.6828 33.4107 7.42169 5.32235 17.8655 10.3158 4.7608 9.65348 7.89287 7.15498 76.4039 28.8463 3.99844 4.08091 22.0897 7.52672 6.73116 7.20406 8.34958 4.44767 31.3195 25.989 23.0087 9.1568 6.73475 7.52292 14.5629 7.12775 7.4352 21.4758 26.1682 6.57867 20.2024 13.0482 7.15415 5.21056 5.04797 8.56264 7.5497 14.787 6.64385
internal_count=1533 1215 1099 980 443 217 537 437 116 318 89 229 92 56 52 53 35 155 141 226 119 50 36 18 131 137 62 75 37 19 28 32 28 420 142 71 54 71 278 54 37 38 269 257 24 222 195 29 38 143 47 35 52 18 27 64 57 96 21 25 19 16 36 21 100 72 50 39 110 105 28 22 49 31 18 35 30 17 202 71 17 18 78 31 23 34 27 16 62 77 60 27 17 19 47 21 26 61 55 14 44 27 17 16 24 18 18 30 17
is_linear=0
shrinkage=0.0283043


Tree=28
num_leaves=125
num_cat=0
split_feature=17 17 17 17 17 22 14 7 22 17 19 11 11 7 7 22 22 14 22 22 17 17 22 11 22 19 22 22 22 11 22 22 17 22 14 11 17 5 11 14 11 14 7 19 7 11 7 5 5 19 11 22 7 5 5 22 22 22 19 7 22 19 5 22 22 5 5 19 5 17 22 14 14 7 14 22 22 14 19 22 22 7 7 22 7 22 22 22 22 7 5 7 7 14 5 7 5 14 5 14 5 22 14 5 19 5 22 5 7 5 5 22 11 22 19 22 5 5 14 17 17 19 7 19
split_gain=10.966 17.7833 17.3565 14.8382 10.63 12.8469 12.4628 8.74477 8.6259 7.66428 7.39857 6.9789 6.92645 6.46373 15.7591 7.92008 7.40197 5.22745 5.04905 9.1763 6.03393 4.96338 4.89403 4.81498 4.72792 4.57083 4.31255 5.21273 4.87615 4.82825 4.29592 4.17164 4.12152 9.77869 4.19544 4.04211 3.87719 3.76448 3.73473 3.50552 6.19087 3.49821 9.06916 3.49391 3.44758 3.38651 3.34568 4.57697 6.29974 3.18547 3.08104 3.50702 3.07297 4.78965 7.3686 3.49961 3.06924 3.04477 2.88101 2.88053 3.57342 2.87475 4.63568 2.87433 2.68939 2.58435 2.58341 4.51443 2.56955 2.54198 2.50997 2.33227 3.86815 2.26274 2.26228 2.04269 2.05022 2.742 2.03816 1.93842 2.29564 1.89338 1.86063 1.83799 1.77526 1.71616 1.71027 1.70067 1.6853 1.66538 3.84488 1.56409 1.52535 4.01362 2.75176 1.91682 3.45423 1.86861 3.13164 2.53635 1.70337 1.52353 1.51879 2.23474 1.51626 1.45263 1.45041 1.42709 1.31898 1.23637 1.17065 1.12628 1.46916 1.09248 1.49156 1.08973 1.06551 1.79522 1.03022 0.971085 4.12256 0.909363 0.882445 0.868984
threshold=-0.17599624432014477 -0.87124124876500109 0.077030860267533544 0.71760494554807253 -0.042421153384914222 0.15062507846469689 1.6297827390368107 1.2878634922688195 -1.0957225441148986 -0.076891202008202916 2.8387800039762565 0.24077624013211221 0.2490506631001804 0.35410778405918192 0.11769709031239452 -0.7590922940940702 0.33201044415892961 0.83127808408136061 0.60023658782721889 0.95394401363201486 -0.09370253400136376 -0.064647955012024902 -0.51066231788484895 0.34510979982112305 0.51919155526587735 0.44841960721896729 -1.0496189396590208 -0.039537383163194842 0.38278880623164757 1.3725767930945711 2.1707881914563489 1.3085100683868423 0.0043603226076417622 -0.88056443971941245 0.38079807157415763 1.4585326586442606 0.35970668709575748 -0.018836551950393115 2.3943007569494816 0.13460910944660637 0.14899928456984649 -0.61032681035705083 -0.2815398054502381 0.5326039801164224 0.17429372168592189 0.40239512433185926 0.22075529798981683 -0.0013073339687483222 0.79069207359917859 -0.081803268543717056 0.49964747299024553 -1.5179294794889033 1.7710971518744123 0.14864732684774806 -0.12172786215833145 0.056796014869547239 0.49941923861097681 -1.7081157919209626 0.6421201743955457 -0.39064134465167527 0.46340452431797341 1.8578682815458558 0.50147854598888431 -0.3174946549318457 -0.18712615935200669 -0.33332260675668141 -0.21098017807864464 0.50027871111404842 0.9478236864812527 0.90458474871881944 -1.4824156320834188 0.35036441998406459 1.4637747435985431 -0.058247022149156731 1.1178731122906302 -0.57563190843726064 -1.0000000180025095e-35 0.27912305155597356 0.21464718290630988 -1.5912945531082932 -1.0957225441148986 0.066666977149978365 0.76835875483744098 0.46340452431797341 0.35410778405918192 -1.0789077271767742 0.48346305062288447 -1.8164699952541514 0.30164837045363574 0.20978859179302634 -1.0000000180025095e-35 1.7710971518744123 0.12326360852350565 0.33193438813878201 0.25059161362659321 0.41152497787817183 2.1028858800418901 1.3701556901777365 -0.063745888484935356 0.31452569678803877 -0.19258749755870905 -0.61441331601369997 0.96448842633543275 1.1313234026831742 0.44594500267625597 -0.020786306069114219 1.161374457477214 0.50147854598888431 0.17953866812786518 0.0045140747571475095 0.87532068689509612 0.1332378422265513 1.5036070759447075 -0.7698013051653011 0.58147443118214193 0.70956867413127722 -0.12258204015319975 0.67731851386725872 0.8044592892977831 -0.023642330625462237 -0.028220155675743569 0.61822290637197097 2.4909300128156153 0.43110933003130542
decision_type=2 2 2 2 2 2 2 2 2 2 2 2 2 2 2 2 2 2 2 2 2 2 2 2 2 2 2 2 2 2 2 2 2 2 2 2 2 2 2 2 2 2 2 2 2 2 2 2 2 2 2 2 2 2 2 2 2 2 2 2 2 2 2 2 2 2 2 2 2 2 2 2 2 2 2 2 2 2 2 2 2 2 2 2 2 2 2 2 2 2 2 2 2 2 2 2 2 2 2 2 2 2 2 2 2 2 2 2 2 2 2 2 2 2 2 2 2 2 2 2 2 2 2 2
left_child=1 10 4 8 5 9 32 12 84 57 13 18 49 14 15 68 71 31 -7 20 -20 109 91 37 25 46 58 89 -29 -30 106 66 34 87 119 61 -10 86 123 -38 74 42 63 64 69 121 47 -14 -49 92 52 -52 53 54 115 -55 122 -2 -16 60 113 62 88 -3 -23 -19 67 -18 79 -26 -61 -17 102 -43 -41 -59 77 -77 -68 -1 -81 -72 -44 -56 -4 -70 -13 -34 -27 90 -28 -9 94 95 97 96 -94 98 99 100 -5 -47 103 -73 -39 -12 -21 -96 -83 -11 -109 112 -53 -51 -115 -15 -67 -118 -57 120 -6 -35 -54 -25
right_child=2 41 3 7 6 11 -8 22 36 21 105 23 24 50 26 16 17 65 19 30 -22 43 -24 38 44 35 27 28 29 -31 -32 -33 33 45 -36 -37 39 104 -40 40 -42 73 82 -45 -46 101 -48 48 -50 59 51 111 56 55 83 118 -58 75 -60 70 -62 -63 -64 -65 -66 116 78 -69 85 -71 81 72 -74 -75 -76 76 -78 -79 -80 80 -82 108 -84 -85 -86 -87 -88 -89 -90 -91 -92 -93 93 -95 107 -97 -98 -99 -100 -101 -102 -103 -104 -105 -106 -107 -108 110 -110 -111 -112 -113 -114 114 -116 -117 117 -119 -120 -121 -122 -123 -124 -125
leaf_value=-0.011668435947496327 -0.037577798572230564 -0.031570890352060954 0.0065073279598590692 0.0088048597663802144 -0.038497670517968603 -0.039594244700867212 0.04277100024056385 -0.015008170382672582 0.039773272188570137 -0.039550672595510955 -0.0082267881430195394 0.0061919424197390367 0.020217273697360729 0.010533328894342879 -0.0032778881397449392 0.034007584594859912 0.010074444496651146 0.0032779577718636045 0.030249440026358359 -0.013670613457156798 -0.018191301260203029 0.0076271147283028373 -0.040853764522850333 -0.041441850061228601 0.012474537230009703 -0.038800603377330038 -0.041609377392498946 0.016547851971686817 -0.039765079009967758 0.014810864954431596 0.009535451661395274 -0.040451881018295451 -0.0093610140539532732 0.018413688150270537 0.00088445436256370574 -0.039696741538953549 0.031210002183978933 0.010733955155768518 0.018105329685948732 -0.023565329410532441 0.033241867498238396 0.038831676469978406 0.036391449489806521 -0.0084187260520403005 -0.041957490354206477 0.0094692782668823004 0.032557912156276264 -0.039132590686223906 0.018367266721454785 0.030806671130291955 -0.041252081748262795 0.03460582495861636 0.022844801500806852 0.037364025008271379 -0.011599479392312453 -0.0052691725584227073 0.044212854263218269 0.045118668820256697 0.037524195273219124 -0.037022397811394873 -0.017773182800103926 0.027398331644696825 0.021469561348103031 0.0086929395479733284 0.041102497444667645 0.04044864696879661 -0.0029104482165622147 -0.042447112953281851 -0.0072342667833760858 -0.023443961671889068 0.041850474773938273 0.023768567992443392 0.038451095249177322 0.026092887171419582 0.0082989495595147764 0.031722187485687031 0.0400651110947364 -0.0044162966278871877 0.022648656420054931 0.022988082739814199 -0.0024488952105917424 0.01069504285687563 0.015730178914773969 -0.042906276447979133 -0.022895102534533633 -0.042287052095337278 0.033129110540955194 -0.03997471631849539 -0.0024856011750501897 -0.040050051479285968 0.0114357909993956 0.015639174414361488 -0.028776057078012965 0.023790539421140552 0.041136979244580235 0.012084598500441574 0.014946107759524653 0.023034223160024032 -0.021561820322111961 -0.016997982943263691 0.035409042925765154 -0.020988198872263428 -0.015368953108611276 -0.01118884615698809 -0.017782248473485095 -0.041093222392428096 -0.041024485820891597 0.029955214470786723 0.02939217403898628 -0.0072147909900917902 0.0072143264387874214 0.040902183795032764 0.013467512738439926 0.0029518303132840236 0.026368355621198155 0.030901853214565025 0.0030686648519554936 0.031304081885703362 0.019655939516112435 -0.038022638029666093 0.006550352854866319 0.040637747758063558 0.0020170126023094565 -0.016304778892966106
leaf_weight=3.742308735847474 0.4348097294569041 2.6862010210752487 4.0551615059375754 5.5668812394142124 4.6728548556566238 4.5498623400926617 2.8960435390472403 2.2451797127723694 20.391757130622864 1.8810235708951943 1.781238451600075 2.2238575965166092 8.5795737504959106 6.6041152477264387 3.0558777451515224 23.064704701304436 2.6066855490207699 4.1512422710657111 5.8146219700574875 1.798633947968481 2.8234220147132891 3.2097415626049015 3.9473683238029462 1.956321939826011 3.0469480752944929 2.7680221647024137 2.0237513333559041 5.2799362987279839 3.5324463397264481 1.7718715965747831 2.0332409888505927 1.7258882075548161 1.7651404887437827 3.5487986057996732 3.8578751236200324 2.3175228238105765 20.250573351979256 3.0541539043188104 1.8284728825092313 3.021125525236128 5.5176285803318024 29.235108405351639 11.714429512619974 3.4290656447410583 2.7681793868541718 2.3464494347572327 5.8100512474775305 3.0230719000101134 2.6220927983522415 3.6714024096727362 0.46405565738678234 6.5781240761280078 4.5078385919332487 7.0063636600971204 3.4790956228971508 2.548174262046814 5.2046325206756592 7.6033455133438155 2.0540562570095062 0.41517040133476513 2.3366564363241187 2.2067260891199112 2.3829058408737183 2.4031733572483089 3.7535970956087121 3.7313812971115103 3.8993483036756533 2.1528156101703644 2.7340541332960129 2.7592810839414597 7.1320999860763576 4.4594475328922254 4.7222997397184363 17.422395676374435 3.4444276243448257 3.3108708709478414 4.3646056652069021 2.7559735178947449 5.6554819345474243 5.6242746263742447 5.1125582009553909 3.8433403968811026 4.4739132970571509 2.3147281557321548 2.3839755654335022 1.5645478069782246 7.8920775800943375 5.1226470619440096 1.3735618144273756 5.9080518931150436 1.8423210233449987 2.5353367328643799 4.6469700485467893 4.6917430162429801 3.275346636772154 2.5095679312944412 1.8133829683065412 4.6482786983251563 3.0577962547540727 1.9928510189056385 2.5121925026178369 2.4123681634664536 1.6920414119958875 1.8506954610347746 2.4488893300294876 2.1126155257225028 6.2905669659376144 3.3887878507375717 10.331306800246237 1.5000769197940824 3.1101925373077393 7.5087876915931693 3.7276778519153595 4.6708872169256193 3.5412610173225403 2.6506146639585495 2.3195834755897513 5.2699714303016663 2.1645108759403229 8.2592946738004702 2.229351893067359 2.0501055717468262 2.1498571634292603 2.0077127069234848
leaf_count=14 2 10 12 16 24 22 5 9 39 9 7 7 21 18 11 49 7 13 13 7 12 10 19 9 9 14 9 14 17 5 6 8 7 10 13 11 42 9 5 10 11 56 23 13 13 8 13 15 7 8 2 13 11 14 13 9 9 13 4 2 9 5 6 6 7 7 13 10 9 12 13 11 9 38 9 7 8 9 14 14 17 11 11 11 9 7 17 25 5 29 5 7 21 12 6 7 5 11 13 8 5 10 6 7 10 10 30 7 24 5 9 14 10 15 8 6 7 11 5 44 7 4 7 8
internal_value=0.012947 0.0174519 0.00934694 0.0147335 0.000783315 0.00686913 -0.0111912 0.00924146 0.0264034 0.0204264 0.0126258 -0.00290807 0.0112733 0.013512 0.00955886 0.0153288 0.0198642 0.00992673 -0.0135869 -0.00720567 0.0139429 0.00471901 -0.0176597 0.00866017 0.00169563 0.00677188 -0.0098866 -0.0158114 -0.00223027 -0.0208551 -0.0252233 -0.00130773 -0.0157356 -0.00579468 -0.024783 -0.00767516 0.0302049 0.0168134 -0.0128541 0.024152 0.0121583 0.0296865 0.0202973 0.0140925 -0.0166664 0.0114496 0.0147808 0.00756047 -0.0118966 0.0162059 0.0212525 0.0307455 0.0167663 0.0114654 0.000993893 0.0248322 0.0285634 0.0322949 0.0123035 0.0223504 0.0125903 0.000871049 -0.00825498 -0.0116819 0.0254071 0.0215066 0.00351913 -0.0125362 -0.0006926 -0.00480208 0.0287997 0.0286355 0.0191489 0.0340354 -0.00631402 0.0341754 0.0263017 0.0157271 0.0119546 0.00473437 0.0108388 0.0301875 0.0304407 -0.0236868 -0.00386857 -0.0195798 0.0269461 -0.0313656 -0.0260394 -0.0305566 -0.0167678 0.000627298 0.0108729 0.00319409 0.0146572 -0.00779246 -0.0159779 0.0081151 0.00265592 0.0100899 0.017103 -0.00543881 0.00721483 0.0131882 -0.00150817 -0.0246196 -0.0345772 0.0265519 0.0243244 -0.0238006 0.0193034 0.0328241 0.0268942 0.018682 0.0131348 0.0162372 0.0284969 0.0227081 0.00697008 -0.0314978 -0.0238244 0.0261181 0.0163189 -0.0282886
internal_weight=541.018 240.285 300.732 184.607 116.126 76.9649 39.1609 125.542 59.0646 32.2431 172.35 44.7218 116.814 168.456 111.548 86.0793 67.3016 31.5124 23.3103 18.7605 8.63804 13.7735 8.72788 21.4115 39.6579 31.0835 25.4683 20.3584 10.5843 5.30432 10.1224 16.0402 36.2649 17.2455 19.0194 11.0487 52.6255 15.619 5.79251 32.2338 11.9832 67.9352 21.2777 10.3924 8.57441 10.3577 20.0348 14.2247 5.64516 77.1561 56.9086 18.2786 38.6299 26.7676 15.0486 11.719 11.8623 18.4696 5.10993 35.9421 14.2202 8.73122 6.52449 5.08937 6.96334 15.4722 14.3143 4.7595 18.7777 5.80623 21.7219 35.7892 12.7245 46.6575 6.46555 18.0348 10.4315 6.06684 9.55483 14.4791 10.7368 21.3067 16.1883 5.79382 6.43914 4.2986 10.1159 6.88779 4.14158 9.77412 3.86607 4.78052 41.214 13.6617 27.5523 8.96992 6.46035 17.778 13.1297 10.0719 8.07907 4.75882 8.00218 6.31014 5.50304 3.89385 8.0892 9.77433 14.1746 3.3811 6.49898 17.8146 10.3058 11.8836 8.21215 9.25473 11.3209 7.58955 4.71269 15.1615 6.90221 5.5989 6.6577 3.96403
internal_count=1533 630 903 508 395 238 157 376 132 83 486 155 341 469 327 233 172 90 90 68 25 44 35 65 131 97 94 79 36 22 43 52 152 64 88 41 111 43 22 72 30 144 50 30 34 32 56 43 22 210 142 39 103 76 48 28 27 39 15 90 40 30 25 16 17 38 44 17 61 21 50 82 33 94 19 37 24 16 27 45 31 48 34 24 21 16 24 32 19 43 14 16 120 45 75 33 26 53 42 29 21 18 24 18 19 17 37 22 35 14 16 37 23 31 23 24 25 18 14 75 31 14 18 17
is_linear=0
shrinkage=0.0283043


Tree=29
num_leaves=114
num_cat=0
split_feature=6 2 2 6 9 4 9 17 17 16 16 16 2 4 15 2 2 2 17 4 17 17 17 16 6 2 6 16 16 9 2 4 15 16 17 9 17 9 16 9 9 17 15 17 16 4 9 2 2 2 15 17 9 9 15 16 9 16 16 9 9 16 4 15 2 17 17 17 16 15 15 15 2 6 17 17 6 15 17 6 2 4 4 6 6 17 15 4 9 9 16 4 15 15 9 15 4 4 15 4 4 2 2 15 15 4 9 15 16 15 15 15 15
split_gain=29.8861 12.8347 11.5711 10.8877 11.035 10.4236 9.80237 8.09467 12.8426 9.37668 9.21926 10.9262 7.51138 7.18808 7.31337 5.68235 7.00889 6.49686 5.136 5.12525 4.87682 6.32378 8.88483 4.77748 4.75791 4.26699 4.26362 3.79234 10.812 4.39913 3.65225 3.6058 3.53653 3.44868 3.28307 3.09585 4.31848 3.02697 7.59732 5.29392 3.80562 6.26088 5.26613 3.41338 6.74015 9.44987 6.10614 5.29619 4.40019 3.87989 3.66837 3.07538 4.47096 2.99609 2.8421 2.82239 2.78567 2.77034 2.61288 4.73441 4.9284 2.53524 2.46533 3.68633 4.4626 4.77517 2.46429 2.35748 2.34258 2.32293 2.29629 2.21941 2.09031 2.04832 2.03134 4.45175 2.51623 6.77922 2.49368 2.35731 2.0283 2.01087 1.98252 1.73816 4.41207 1.7163 1.60617 4.5536 1.54735 1.5222 1.48995 1.85728 1.43818 1.47943 1.3433 1.23967 1.93686 3.54518 2.72382 1.87183 1.59037 1.1754 4.24183 1.08509 0.973748 0.905215 0.901901 0.883377 0.881459 0.860043 4.9421 1.05132 0.845471
threshold=0.98517258165982136 0.16371521634901207 0.38091383828374786 1.0000000180025095e-35 -0.27010607648259127 0.34849415288288188 -0.016119868357326771 -0.16602242974251061 -0.45508773153453136 2.3310023549040202 1.8301420572083347 1.0447226479690885 2.6108165813695945 1.9211398176349828 -0.081280111311520131 2.3223414646407536 0.48694257890402709 0.10990227883354101 -0.05997272942875885 0.38109554614192442 0.70562467999095335 0.025642339064800786 -0.042421153384914222 0.26112660920890723 0.83897537852386062 1.2522730674120768 0.88314899572267425 0.21068002595477789 0.12285949864388276 -0.34170035887573785 -0.020678031632401606 0.60813068993338926 1.7183649990749503 1.2388034379441342 1.359756919462964 0.40774757053317873 0.90458474871881944 1.0506237974602561 1.29908798056271 0.63009095220277966 1.6953463864944045 -0.45508773153453136 -0.040936959248245627 -0.11972795641487814 0.24523135130383852 0.39644936407017201 0.45295160832698411 0.23467694742714729 -0.049135003139174717 -1.0000000180025095e-35 0.38443972264752369 0.41349126140991405 0.38319572958355047 1.1986272289481783 -0.0081926345763342189 0.21560415640106614 1.9844532669408068 0.10206071334878632 0.2209403479725669 1.1986272289481783 1.3633672962601098 0.92909829623448614 0.31834984992461279 0.71415315846281224 0.22094392307852831 -0.093439552562305045 -0.19790162418840593 0.86287784049476668 1.4162369584605985 -0.11711441558655838 0.73467156893969843 -0.23755267669925315 0.28950412358296612 1.4682040146225184 0.12163056432123197 -0.070170565232257912 1.4682040146225184 -0.027796663333927784 -0.11161449201725189 1.1162126604010105 2.554637087026645 0.26723038586218023 0.3570640044197258 1.1811337354706042 1.1272269483805266 2.2165114877030656 -0.10559005288305956 0.48784113745259827 1.2801059153800407 1.3436541973841845 0.23157152500304709 0.4198336722497279 0.61413083401363477 -0.25081121162899672 -0.35921692352083739 -0.51770031724805665 0.36468697725529603 2.4821714410428006 -0.038367231312992058 0.86873807729786057 0.23349034100034019 0.24434135929896819 -0.033618317733392251 -0.1645992041815498 0.61413083401363477 0.56977610962863323 -0.23588470984291476 -1.0000000180025095e-35 -0.028912915299978525 -0.23931837932961134 -0.22900793718448378 -0.12978963804020152 -0.05987884951945479
decision_type=2 2 2 2 2 2 2 2 2 2 2 2 2 2 2 2 2 2 2 2 2 2 2 2 2 2 2 2 2 2 2 2 2 2 2 2 2 2 2 2 2 2 2 2 2 2 2 2 2 2 2 2 2 2 2 2 2 2 2 2 2 2 2 2 2 2 2 2 2 2 2 2 2 2 2 2 2 2 2 2 2 2 2 2 2 2 2 2 2 2 2 2 2 2 2 2 2 2 2 2 2 2 2 2 2 2 2 2 2 2 2 2 2
left_child=3 5 83 4 7 32 106 8 15 10 11 12 18 14 23 16 17 30 19 62 21 22 72 -7 108 73 -26 28 34 -29 31 81 74 35 67 36 112 39 40 43 41 58 53 80 45 46 47 51 50 -48 54 52 -45 -43 -46 -55 -40 -19 59 -39 88 66 63 64 65 -9 -28 -22 -13 -53 101 -49 -20 -4 75 76 77 78 -2 -76 95 -1 -69 84 -3 -36 -59 -88 -61 -44 91 -24 93 -81 -86 99 109 98 -98 100 -8 102 -42 -78 -41 -25 -6 -18 -5 -97 -111 -112 -27
right_child=1 2 25 24 6 13 37 9 -10 -11 -12 68 -14 -15 -16 -17 107 57 20 -21 27 -23 90 105 26 33 61 29 -30 -31 -32 -33 -34 -35 85 -37 -38 38 56 104 70 42 89 44 48 -47 49 71 -50 -51 -52 69 -54 55 -56 -57 -58 86 -60 60 -62 -63 -64 -65 -66 -67 -68 82 -70 -71 -72 -73 -74 -75 79 -77 103 -79 -80 92 -82 -83 -84 -85 94 -87 87 -89 -90 -91 -92 -93 -94 -95 -96 96 97 -99 -100 -101 -102 -103 -104 -105 -106 -107 -108 -109 -110 110 111 -113 -114
leaf_value=0.0047388920372042663 0.0082480856862696579 -0.039694552644142976 0.0035431049317404257 0.03419150484138811 0.023629565717216389 0.018071710802766362 0.015252803392448016 -0.040593006115358328 0.034891186400569971 -0.040023018882934192 0.03814784594428456 -0.038536670352711321 -0.040874302951052349 0.028083153612089986 -0.039306500775475275 -0.037533932652097188 0.023418362822743673 -0.030893817699610884 0.0067635220031403882 -0.039224260495129989 -0.0028038806728103755 0.031822482674968303 0.005053529645163605 -0.039742651005007207 -0.01159800698212487 -0.042733853948695971 0.028817882486061826 0.029740857142645367 -0.039186357498903139 -0.013065791207303433 0.033637470661644124 0.025922110171413004 -0.016046807953672342 0.016398728381113652 -0.01646400852276669 0.008443786785283805 0.012551767226424367 -0.039968837658054375 -0.041221139806464697 0.032079318647675707 0.031456220522613244 0.018895455039698021 0.039218798672645182 -0.045282089456997271 0.0056246867993862432 -0.04043277102936705 0.0031927720291660263 0.0086694497927395468 0.035502944490659938 -0.039936700449076296 0.028548796622686806 -0.00064781972584844179 0.012734774789220006 -0.028302424661005996 -0.039691051514086716 0.013726418638957879 0.0011320857239581169 0.011675846808699744 -0.038245764191512058 0.0091284896983034013 -0.022636646962637782 0.04122527194024634 0.025457093798564718 -0.038962337571713267 0.029236046706944473 0.017339957623457455 -0.0032342731789540471 0.029458793367027277 -0.0086780118279766554 0.027914252139637857 0.0014887042510165331 0.041454260956610291 0.037526815734962075 0.03679374891441628 0.04231826099482041 -0.013020885563207003 0.017313777590883424 -0.038321092363917605 0.039577014396489259 0.019275255325177845 -0.007438977390318637 -0.020678174816756 0.0058944072470237573 -0.038392473325011327 -0.013409312135824003 0.0071567184364158777 -0.038401671333795385 0.018093915446681496 0.037269131449778364 0.01917708754870262 -0.03768339675040356 -0.035231046763385183 0.036225580412282798 -0.012331920660030667 0.017636118679373283 0.04065884473926553 0.018101244420402517 0.0429921957010495 -0.014532811837603321 0.031501486070968497 -0.0079532047531491925 0.035892770809563768 -0.0025106654095595248 0.039748552338548029 0.019219645299490898 -0.011441196581539477 0.038427204981911239 0.038645294928704624 0.025850973421662884 -0.057042787469466338 0.041443945253664898 0.025624914461903767 -0.022263207497763705
leaf_weight=12.578904837369921 4.3781576454639479 4.5385914295911807 2.3360556513071087 30.456279292702675 3.6370824277400997 4.5760348290205011 8.5578131824731809 2.3460517227649667 20.297524660825729 3.5816600620746604 6.1230163425207129 5.3999150395393354 2.3699702173471442 2.9605634808540335 7.0070127546787271 1.8527383655309666 8.0956422984600049 4.2628846764564496 2.4237326979637146 3.0786466449499121 4.1669559478759828 15.456346005201338 2.314527675509455 1.6697078794240954 3.8567652702331534 3.9847953468561164 3.3463397771120063 7.5774693191051483 4.6841853857040396 2.2348956614732725 4.8310897499322918 5.6462874412536612 2.2981254756450644 3.4847178608179084 5.497475326061247 3.039996162056922 1.7766917198896406 1.9714523404836644 2.7530169188976279 22.616599753499035 9.5415259003639239 3.9007975906133634 6.185723081231119 1.9706375002861123 3.0936849564313889 3.534076824784278 3.3160392642021179 1.9511664807796476 10.455377265810965 2.9019393473863593 3.6082523316144943 4.3869658559560829 1.7880883663892744 3.2895094007253647 1.4448256641626374 1.7646876871585844 1.9069963097572324 3.0881430506706238 1.8116081804037083 3.0781903862953168 2.794990286231041 3.3267646431922913 2.3596355468034735 1.8927684277296064 2.9310261905193329 1.7928135991096499 3.5828839987516394 7.6083477586507779 3.1813876181840897 4.0226188600063253 3.1555393636226645 5.9779042303562155 4.5361855179071426 2.9699360132217407 4.9893729388713819 3.9404514580965069 2.2480808943510056 1.6922314316034324 3.1811628341674805 3.0501554310321803 1.7617048323154438 2.8803333342075339 4.1090276837348938 10.134998127818106 2.1714289188385014 4.0297207683324814 2.4194447845220566 1.7716822624206541 2.4983383119106293 5.194899320602417 2.2987355589866638 1.2510162591934202 1.938205614686012 1.5899985581636431 1.7982605993747709 3.7469856739044145 4.7188950777053833 2.3084325790405273 3.1827945411205274 3.6565831005573264 2.9400070309638968 6.3557063788175574 3.8927791714668301 4.7817623615264884 5.4630294591188422 1.5271558612585066 18.840694263577461 4.2582734227180472 14.67935651540756 0.48908108472824352 3.8223719000816372 17.828656330704696 2.4339054226875296
leaf_count=37 13 22 8 62 9 12 22 11 41 17 12 28 11 7 35 9 20 18 8 15 14 33 8 8 12 19 7 17 23 9 10 14 9 10 21 9 5 9 13 47 21 10 12 9 9 17 10 6 22 14 9 13 5 14 7 5 6 9 9 9 12 6 6 9 7 5 11 18 12 9 10 11 9 6 9 16 6 8 6 8 6 12 13 53 9 12 12 5 5 14 12 7 4 6 5 7 12 4 12 8 10 13 12 9 14 6 37 8 32 2 7 41 10
internal_value=0.0126752 -0.00213188 -0.014457 0.0156797 0.0139531 0.00702542 0.018291 0.00870121 0.0159649 0.00362382 0.0052319 0.00303475 0.00610055 -0.0104288 -0.018547 0.00851434 0.0102961 0.00423558 0.0075311 -0.00761578 0.0107708 0.0197187 0.00526461 -4.48061e-05 0.026948 0.000357563 0.0128573 0.00443033 -0.000550963 0.0194893 0.0120192 0.00702701 0.0161603 -0.0073466 0.00666642 -0.0149502 -0.023959 0.0162016 0.0109646 0.0186319 0.013859 0.00766739 0.0171835 0.0156306 0.0102125 0.0019124 0.00766353 0.0152203 0.0234714 -0.0162785 0.00831109 0.0037404 -0.0166775 0.00135869 -0.00832117 -0.0130118 -0.0229674 -0.0132666 -0.00811345 -0.00300863 0.00621283 0.0220164 0.000876197 -0.00569471 0.00342279 -0.0146252 0.0126774 0.0145127 -0.0270142 0.0129143 0.0226269 0.0329377 0.0262098 0.021132 0.0186481 0.0132987 0.0197114 0.0102774 0.0212883 0.0279887 0.0205698 -6.94027e-06 0.0210117 -0.0304408 -0.0212323 -0.00621904 -0.0029939 -0.0139957 0.0213629 0.0298455 -0.0200971 -0.00946927 0.0173748 0.00879042 0.000128489 0.0216127 0.0244526 0.014257 0.00520219 0.0148963 0.00928879 0.0262374 0.0215883 0.0322416 0.029442 -0.025472 0.0358149 0.0285948 0.0314449 0.028557 0.0264854 0.0284558 -0.0347346
internal_weight=537.092 90.4976 38.6694 446.595 387.347 51.8282 212.118 175.228 71.9829 103.246 99.6639 93.5408 84.9595 17.7405 14.7799 51.6854 49.8327 37.4788 82.5896 14.4009 68.1886 28.2805 12.8242 7.7729 59.2484 20.0261 14.1128 39.9081 30.0957 9.81236 25.9366 21.1055 34.0877 14.7201 25.4115 11.2354 8.19539 189.64 60.0958 129.545 55.4357 32.4902 20.3356 101.465 48.4516 29.8494 26.3154 20.0974 18.6021 6.21798 8.14676 12.1683 3.75873 8.95499 4.53851 5.0542 4.66001 11.5422 12.1546 10.343 8.37152 10.256 11.3223 8.96266 7.06989 4.13887 6.92922 15.8843 8.5813 8.40958 22.9456 7.92907 6.95992 5.30599 31.7896 20.2218 16.2814 9.25155 7.55932 11.5677 53.0133 15.4592 11.7174 18.6433 8.50828 9.5272 7.27927 4.19113 5.57653 11.3806 5.86428 3.56554 6.57836 4.64015 3.96969 51.2516 36.0972 10.2101 7.90169 15.1544 11.4978 19.79 13.4343 7.02984 28.0796 3.19686 22.4778 12.3539 45.1356 25.8871 22.1401 21.651 6.4187
internal_count=1533 318 156 1215 1085 162 553 532 195 337 320 308 268 68 61 154 145 117 257 53 204 77 44 26 130 67 36 127 101 26 73 63 94 53 78 43 34 507 174 333 155 99 55 272 141 94 77 53 47 24 25 36 14 29 16 19 19 44 44 35 26 24 38 32 23 16 18 45 40 22 56 17 17 14 85 58 42 27 19 27 131 49 31 89 36 33 26 17 14 26 27 15 18 14 14 125 85 28 24 40 32 46 33 15 61 14 46 28 94 57 50 48 29
is_linear=0
shrinkage=0.0283043


Tree=30
num_leaves=118
num_cat=0
split_feature=13 13 13 13 3 17 1 8 8 17 8 14 15 8 3 8 8 15 13 17 1 14 3 14 3 3 14 14 15 15 15 14 14 15 3 8 8 14 8 15 15 14 8 15 15 8 14 15 17 15 8 3 3 14 13 8 15 15 14 14 13 14 17 14 3 3 14 3 14 3 17 14 17 3 17 15 15 15 15 8 14 3 14 17 3 15 15 8 13 1 8 17 15 8 17 13 17 8 8 3 3 14 14 15 13 14 14 15 8 3 8 14 3 3 17 8 17
split_gain=15.8978 16.1572 13.4148 16.3154 8.47121 7.25588 8.24384 5.83568 19.0642 14.5581 13.6529 11.6106 7.3834 7.09034 7.34708 6.11552 5.57598 5.28377 5.2775 5.005 6.26618 4.97347 4.81015 4.51502 4.348 5.74971 5.35049 4.06224 4.00802 4.56471 5.8476 3.93163 4.33709 3.74605 3.68739 3.77843 7.14263 3.5559 5.28699 6.73372 3.58462 3.39397 5.68227 4.18256 3.36941 3.27514 3.11055 3.07331 3.05191 3.04771 3.04128 3.17645 3.50212 3.1942 3.02484 2.92531 2.85768 2.84937 5.31282 6.71571 2.91075 4.685 2.82612 3.77919 5.09238 2.7503 3.37125 6.76999 2.92866 2.71946 3.96467 2.69472 2.61932 2.57411 2.44941 2.60018 2.37471 3.48264 5.39134 2.23638 2.13989 2.61447 2.18146 1.98154 1.96042 1.89401 3.66278 1.83645 3.84827 2.07457 1.82043 1.66593 2.22219 1.5755 1.54535 2.84991 1.53659 3.7281 1.49954 1.45975 1.40113 1.34676 1.34638 1.30424 1.27322 1.21842 1.19683 1.13109 1.07029 1.05476 0.958472 0.900817 0.878363 0.872989 0.86417 0.853061 0.837919
threshold=0.22889777337348557 -0.48742083761836419 0.38745883675288362 1.0185520211888746 0.23086071149243392 -0.19790162418840593 0.98033383175106026 0.90592235522928444 0.23018207311373187 -0.19046022346837413 -0.02421542012864043 0.29823015181898443 -0.14866058490215525 0.11377167550944302 0.025351102813207137 -0.53350968592360426 0.051812092090256806 0.89581558176297349 0.088794280341256124 -0.058560421700480571 1.2982753699863221 1.3578307498279023 0.16929454180372039 0.82152370857171542 0.11574931675755058 1.1888807629993934 0.40965954734681376 0.40641191408889649 1.5053850018890158 0.52755622691888215 -0.016429952650996598 0.42603542246712395 0.28270348115480798 0.69948363794898782 0.085616578776102792 0.13459455968271042 1.2432295833392641 0.24456961078004211 0.069071492559213257 -0.077961536278570054 0.035019784261272467 -0.16106322585458027 1.1003475925029516 -0.16871392191836673 0.2632841448412459 0.040778998313447973 1.2773055110618079 -0.047928826360423074 0.4815157936464351 -0.024005132239274574 2.0801391847517143 0.96113126235674995 0.19199755956345085 0.28502157980533543 0.4264807968913143 0.90592235522928444 -0.44428177126967866 0.4858257370746118 0.28584783278968184 0.24456961078004211 0.14664937429297642 0.11343637672272942 0.32573338119069079 0.0069644991009786507 0.23086071149243392 0.08930187766592014 1.3816084745996491 -0.26200367318907564 0.34252649236866745 -0.0069987267463393604 -0.11214045489536924 1.3460681205368596 0.94868771005429575 -0.15640113788914892 0.019788567032419702 1.6598997472474186 1.0402169500019587 0.83314890358731242 0.78575082360363335 0.069071492559213257 0.33948542235683682 -0.11841496885105821 0.96448842633543275 -0.099751107099714242 0.13869867802595867 0.4858257370746118 -0.08970661181086366 -0.062385812884432366 0.67598317957924292 0.99993933301267257 1.1658412902552593 -0.045917832519065338 -0.029459892150916992 1.6296619796586731 -0.097082332495933163 0.27293945983958307 -0.025609821391753381 0.15303852478963834 1.4546107375795976 1.4095946930342036 1.1477808120116175 0.38079807157415763 0.31739463076146385 -0.041212850284239051 0.3095248374904967 0.44191784094400505 0.27144578424308807 -0.22900793718448378 0.092234136637234232 0.87566977232630638 0.72719015196114045 0.39130984565278709 0.67401297612279776 1.2567434727699069 -0.056456570188010834 0.17274537285770944 -0.066742066471196168
decision_type=2 2 2 2 2 2 2 2 2 2 2 2 2 2 2 2 2 2 2 2 2 2 2 2 2 2 2 2 2 2 2 2 2 2 2 2 2 2 2 2 2 2 2 2 2 2 2 2 2 2 2 2 2 2 2 2 2 2 2 2 2 2 2 2 2 2 2 2 2 2 2 2 2 2 2 2 2 2 2 2 2 2 2 2 2 2 2 2 2 2 2 2 2 2 2 2 2 2 2 2 2 2 2 2 2 2 2 2 2 2 2 2 2 2 2 2 2
left_child=1 7 16 54 5 23 91 8 10 12 15 37 90 14 45 22 17 19 99 20 27 50 28 41 34 26 104 94 29 30 65 32 48 -31 35 49 115 38 39 -12 96 42 43 -5 -14 -13 55 79 112 108 51 52 53 72 -4 57 -43 58 59 60 61 -20 63 64 -24 66 80 -68 84 -48 109 -65 85 -17 75 -19 77 78 -35 83 81 106 -82 -16 -67 86 114 88 -56 107 -9 -7 -93 -92 95 -2 116 -98 -53 -3 -64 -47 -30 -74 -26 -32 -1 -90 -18 -71 -10 -21 -6 -66 -11 -37 -40
right_child=2 18 3 4 31 6 -8 9 110 21 11 13 44 -15 47 73 24 74 46 111 -22 -23 62 -25 25 -27 -28 -29 102 33 105 -33 -34 76 -36 36 -38 -39 40 -41 -42 56 -44 -45 -46 101 69 -49 -50 -51 -52 98 -54 -55 87 -57 -58 -59 -60 -61 -62 -63 100 71 113 68 67 -69 -70 70 -72 -73 103 -75 -76 -77 -78 -79 -80 -81 82 -83 -84 -85 -86 -87 -88 -89 89 -91 93 92 -94 -95 -96 -97 97 -99 -100 -101 -102 -103 -104 -105 -106 -107 -108 -109 -110 -111 -112 -113 -114 -115 -116 -117 -118
leaf_value=0.0072439604079449918 -0.0021923014565508997 0.034045772187332672 0.0077813792601391903 0.0057872132986164383 0.03601078589223277 -0.040830482120318166 0.014251906123399525 0.008605640775903636 0.03802291458550168 0.0023961380778648508 -0.013490401028043093 -0.04060490406669709 -0.025953494000567113 0.045463170353314548 0.0021445542736074183 0.017614091073965554 0.015093463298636043 0.0095825272657462848 -0.020948514971027246 -0.038648713351146315 0.035598774880895426 0.028075647004035208 0.022174629636017185 -0.025598255688547865 -0.039124114043629081 0.015909342634208994 0.022734133294855619 0.011364729875632328 -0.0012968677311113992 0.04291759109348306 -0.022730111903556324 0.033476345923953821 -0.021640390683477773 -0.0055704116636223957 0.027683642814506835 -0.01596007979345633 0.02077208703813235 -0.039792861940455941 -0.0066314279390916565 0.040363361390199679 -0.038795097264838048 -0.0094960631018658585 0.032222657548273761 -0.039678794994630409 0.010803660574880147 -0.012769073481023236 0.02106355890856796 0.03249474767561817 -0.013921378807107166 -0.011700859243246833 -0.041136942330403388 -0.040117857941132172 0.029222986278754744 -0.044153824580177706 0.038905116300442695 0.038883087971486083 0.033212816867226144 0.032121712696340926 0.042014910526874373 -0.038417762639125122 0.031760418074461352 0.024973143939334232 0.043495638268252958 0.036328247358481967 -0.039623469866804165 -0.039991805934541949 -0.024593223662632724 0.031734009736137853 0.014033501000568469 -0.0038334836392946567 -0.040067957134166263 0.0055563215685215323 -0.04287386805785455 0.034457316212783522 0.02127887481054299 -0.036276129317526884 0.032408250229769717 -0.014028532580683732 0.043522090900366468 -0.016395592035988983 0.036340041371133912 0.024777240079846267 0.013297955599698258 0.032715184773701597 0.0008990810853856864 -0.019092970260309594 0.028915004140907349 0.038763445504178456 0.0097125399725217568 -0.0087436774646219642 0.03957418746006499 -0.0090964451273968135 -0.03920289432697311 0.02247382920859416 -0.039552489063906744 -0.0401888974315548 -0.030216002851522445 0.013080470824902641 -0.0066902580842014593 0.017366004890518882 0.023982715729679919 0.015308294204534331 -0.024556299412288787 -0.0097035567560146072 -0.014421859399311321 0.0029843691641802104 -0.015387220380579329 0.02998161950045234 0.035953326160842236 0.020446177236083912 0.027105091123257256 -0.019960175324867407 0.017610608595905467 -0.012300893839838829 -0.021181658911322617 -0.039287460755878578 0.015782729726711225
leaf_weight=8.158065587282179 3.9640926420688603 43.548532158136368 5.1077988594770423 3.2236867249012029 2.417988374829295 5.6206638365983972 4.4455315321683875 2.9079920351505342 22.282159432768825 2.3834856450557766 3.6951730400323868 2.5707757622003609 3.2035632729530326 4.10122525691986 3.4817803204059619 12.19055585563183 3.7221380621194839 2.0595873892307277 3.2832262665033394 7.8441358059644699 1.982956305146218 2.1901315897703162 3.3785618394613328 2.7381685823202124 5.4989993125200254 4.5562991350889197 1.5491513311862943 3.1389376223087302 5.0527948439121237 5.0874766111373928 5.662133887410163 7.2400671094655982 2.8776103407144538 3.0348723381757718 6.8386723250150672 1.7116217464208583 3.3720359951257706 3.4719408154487601 3.3961421400308609 3.1461519747972551 4.726701244711875 1.3641824126243589 2.7748555690050125 2.8093480616807938 4.324102982878685 3.6787147670984268 5.6776633858680725 6.3871668428182558 2.0945304930210105 2.1633098125457817 2.7293197065591803 3.5796248167753211 1.8735428601503361 1.6962322592735279 8.2368881106376701 7.3337393999099723 6.5251201987266549 8.2248024642467481 3.383598566055297 2.2739251852035514 3.8310286700725555 3.1613430231809616 5.6447878479957563 6.7457780987024289 1.6454812437295916 2.1159883141517635 4.3686635196208954 2.4356193393468848 2.8122665286064148 2.7383384853601456 1.7273524403572063 2.9501792341470718 1.7243434339761736 16.738192215561867 4.4003262966871262 1.5141352415084837 4.3313084095716468 3.4979923665523529 3.4135028719902039 2.1757320612668991 7.3525511026382429 6.719338506460196 5.326543927192688 2.7222063988447189 1.3726320266723631 2.4353130906820288 3.6261225193739 12.376636445522307 3.874981552362442 2.3202192932367316 8.8366006165742892 4.7595348507165918 3.0392975658178329 7.6220196187496176 3.4154102504253396 2.3252149969339371 5.5768102705478624 2.0060827881097794 1.3231635987758634 4.2052659988403311 5.2500337958335876 1.8388440012931822 2.9441589564085007 1.6250222474336613 2.1785444319248199 1.7361056357622144 2.173332840204238 4.155819505453108 3.3591995239257812 2.3732313960790634 8.5407050997018796 2.5937575548887253 8.1511336117982847 1.6558977812528608 2.1110642999410634 3.3753755986690521 1.8439843952655852
leaf_count=25 14 89 15 10 5 27 12 9 44 8 14 12 13 7 11 29 10 6 11 41 4 5 9 11 28 13 4 9 16 9 24 15 12 11 16 7 9 17 13 6 24 5 6 14 12 14 14 14 8 9 13 18 4 8 16 14 14 17 6 11 8 7 10 14 8 10 17 5 8 9 8 9 8 34 12 8 9 13 6 9 15 16 14 6 5 10 9 24 10 7 17 18 15 18 17 11 27 6 5 10 13 5 12 6 9 5 9 9 7 6 19 11 22 6 9 17 5
internal_value=0.0124087 0.0157186 0.00520087 0.0120891 0.00308925 -0.00520678 -0.0181793 0.0122756 0.014326 0.0039808 0.010958 -0.000907576 0.0186381 0.0122407 0.00619429 0.0158235 -0.00406628 -0.0125332 0.025979 -0.0188785 -0.00843137 -0.0105381 0.0126564 0.00663074 0.00324986 -0.00932737 -0.0221303 -0.0155112 0.00906523 0.0112332 0.00675259 0.0165817 0.00872465 0.0228232 0.0103758 0.00365669 -0.00986729 -0.0136857 -0.0099564 0.0108067 -0.0181099 0.0122037 0.000442882 -0.0148894 -0.00459738 -0.0150106 0.0189618 0.0179223 0.0156729 0.0159007 -0.0141615 -0.0107544 -0.00512813 -0.00944822 0.0270703 0.023642 0.0255186 0.0189552 0.0120115 0.00355882 0.0130282 0.0018729 0.0228188 0.0155301 -0.000405384 0.0107365 0.0137166 -0.00386714 -0.00615865 0.00714566 -0.00476633 0.0265708 -0.00504772 0.0272806 0.00724521 -0.00904528 0.0155699 0.00799979 0.019887 0.00702393 0.0178199 0.0113702 0.0265426 0.0152216 -0.0232404 0.00182335 0.00836262 0.0304557 0.0249156 0.0135761 0.0278859 -0.0292356 -0.020966 0.0315896 -0.0245296 -0.0164657 -0.010467 -0.0184316 -0.0304296 0.0324874 0.0338686 -0.00348056 -0.00957045 -0.0261571 -0.0318612 -0.0160873 0.00251695 0.0200233 0.0248657 0.00713424 0.0348562 -0.0337933 0.0218494 -0.0251872 -0.00800301 -0.0307651 0.00108681
internal_weight=533.109 365.391 167.718 96.1541 60.0817 37.3004 17.865 273.629 219.437 54.1916 188.614 54.8194 26.8943 26.9564 22.8552 133.795 71.5639 33.2386 91.762 25.2645 14.8266 27.2974 104.866 19.4354 38.3253 13.783 9.2267 12.8437 77.5953 69.5984 50.2332 22.7813 15.5413 19.3652 24.5424 17.7037 8.45903 27.863 24.391 6.84133 17.5497 16.6972 8.80789 6.03303 7.52767 8.08833 44.0082 14.7669 12.6637 9.24465 25.1072 22.3779 17.4751 15.6016 36.0723 31.4917 7.8893 24.1579 15.9331 12.5495 10.2756 6.44457 27.2707 16.3759 6.67994 42.835 36.5341 6.80428 6.30089 12.5166 6.83892 9.69596 13.9054 28.9287 7.97405 3.57372 14.2777 9.94637 6.44838 8.37972 29.7298 17.0507 12.6791 6.20399 3.48862 10.556 8.12067 30.9645 18.5879 10.351 19.3666 13.4195 7.79883 16.4586 9.70472 6.28931 12.823 7.58289 4.90279 47.7538 10.8948 5.51756 7.99695 3.34937 7.67754 7.39824 10.3314 8.0308 7.08134 5.11157 30.8229 10.4379 10.5691 3.30138 4.49455 5.087 5.24013
internal_count=1533 996 537 275 194 132 72 786 614 172 551 190 69 78 71 361 262 133 210 107 55 103 298 60 129 54 41 51 229 201 153 62 47 48 75 59 33 112 95 20 75 49 30 24 25 31 111 40 35 26 98 85 62 58 81 74 19 60 43 37 26 18 69 46 23 124 101 22 23 37 23 23 50 63 26 14 39 30 17 26 79 50 29 17 15 36 26 66 42 26 44 60 33 35 42 25 51 33 23 99 23 19 28 14 37 29 34 19 17 15 63 52 27 14 17 24 18
is_linear=0
shrinkage=0.0283043


Tree=31
num_leaves=119
num_cat=0
split_feature=6 18 13 4 13 22 13 13 22 14 8 22 22 4 4 14 8 22 18 13 22 13 13 13 8 4 4 4 4 8 14 14 4 4 6 8 8 22 4 18 22 14 8 22 22 8 8 22 13 8 8 4 4 22 22 8 14 8 8 22 8 8 13 13 8 14 13 22 8 18 22 14 4 22 22 14 13 13 8 8 22 4 8 22 14 13 8 8 4 14 13 22 4 14 8 13 13 13 22 14 14 8 14 6 8 13 8 8 22 22 22 13 22 22 14 14 4 4
split_gain=27.6423 13.8083 10.4367 9.4129 8.62752 8.77235 8.18836 7.66086 9.70406 7.48174 7.38855 5.69244 5.76028 4.55159 5.48074 4.48821 4.05265 4.00779 4.56226 4.05969 3.92008 3.44175 3.79704 3.87162 3.41788 3.38801 13.2356 6.38215 5.27424 6.73888 4.32667 7.03692 3.86409 3.34834 3.30504 3.28275 4.18343 3.2327 3.1674 4.31103 2.95063 2.94452 3.28157 4.67382 5.42431 2.81569 2.6668 3.84358 2.66316 2.64869 2.93887 2.60126 4.26797 4.38661 3.35039 2.57134 5.73171 3.47468 2.80926 4.43531 7.57131 5.71703 3.65465 6.09397 2.71449 3.81813 2.57044 2.53204 2.51562 2.1613 2.15444 2.13961 2.07988 2.05152 2.61296 2.03294 2.00268 4.75148 2.94782 1.81835 2.75436 1.80253 1.9028 1.77993 1.72017 1.68862 1.63623 3.20283 1.61455 2.38075 2.02874 1.8021 1.60289 1.60266 1.59784 1.49683 1.47101 2.27675 1.46434 1.44569 1.43633 1.42108 1.41437 1.40578 1.39619 1.33682 1.30789 4.42764 1.38405 1.14618 1.37027 1.12619 1.00895 0.979311 0.922134 0.876445 0.871622 1.15
threshold=0.98517258165982136 1.9128762108979334 0.22889777337348557 0.35813074118445182 -0.48742083761836419 -0.74606975501858686 0.32735952208897662 1.0570610165930912 0.40733128372005895 -0.16106322585458027 1.5549952483048839 -0.40249892098500084 -0.53503783974408703 0.45714548740244837 2.983981195298806 1.5030332360908913 -0.14972053301123919 1.0912053916162765 2.087699785627835 1.1136245386247365 0.63942345907450693 2.2854008730914814 1.4314245116394584 1.2480945796651504 0.3353831607140757 0.10953313177790711 0.46559548087583985 1.34588104209537 0.29265228112042635 0.045713052673263137 0.3972657525816175 0.24456961078004211 0.34849415288288188 -0.045599159748485489 1.1416020916045473 0.3353831607140757 0.059017377822050313 0.91511490444724009 0.43261054181374969 2.133359050887035 0.63942345907450693 0.11104942365683977 0.23018207311373187 -1.4824156320834188 -1.6679033360944702 -0.18759723205513743 -0.01268304704161226 -0.25302593126695244 0.21801559294051481 1.1658412902552593 1.3472558960920331 1.6278591221733973 0.4075841781648965 0.45133601740919227 1.0129747539467058 1.0962554601172319 0.55646863663492085 2.1313789476867782 0.24674639846453969 0.7697442530460108 0.038527346522262564 0.11106969336002047 0.29972354703319132 0.43794006265027596 0.040778998313447973 0.28584783278968184 0.098815412827510371 -1.2901781504929499 1.6296619796586731 1.3995530665206759 1.0129747539467058 1.2942092700332282 0.21299461214998619 0.13924824487677445 -0.30616552295225841 0.17802181833247446 0.038771058670840623 0.23079391087316994 -0.14237819021389533 0.76084745134416487 -1.2901781504929499 0.40331723110599232 0.11895047462916962 0.0080211203469036721 0.15597692968067622 0.30762869999081238 1.0576347370032029 1.4068659298160691 0.36792314496850986 0.29624484950937424 0.31433388187375394 -0.38921402306367431 0.13618956508971247 0.19392718828114297 -0.16289759088487241 0.38745883675288362 0.30408374727401127 0.28277739063504653 0.2818760537987352 0.30402539844530302 0.78757848179815004 1.0576347370032029 0.83127808408136061 1.3332041163358237 1.9170021175851284 0.33723409322259829 -0.023892357045557314 0.030157075733290403 -0.3174946549318457 -0.0086028901578804554 -1.0789077271767742 0.34280342462263724 0.26630147867732379 -1.1153756067489613 0.28052309133500491 0.28797084393001637 0.16398465000431531 0.10155058475197969
decision_type=2 2 2 2 2 2 2 2 2 2 2 2 2 2 2 2 2 2 2 2 2 2 2 2 2 2 2 2 2 2 2 2 2 2 2 2 2 2 2 2 2 2 2 2 2 2 2 2 2 2 2 2 2 2 2 2 2 2 2 2 2 2 2 2 2 2 2 2 2 2 2 2 2 2 2 2 2 2 2 2 2 2 2 2 2 2 2 2 2 2 2 2 2 2 2 2 2 2 2 2 2 2 2 2 2 2 2 2 2 2 2 2 2 2 2 2 2 2
left_child=1 2 4 15 5 41 51 20 9 21 25 12 13 -5 -15 55 34 19 -19 38 24 22 23 -9 46 69 28 -28 71 32 31 35 -30 -23 -13 36 -29 -10 40 -40 76 42 43 44 -1 113 73 -48 -36 -44 -51 52 53 88 -55 58 57 -57 59 61 -61 62 64 -64 65 109 116 -43 79 84 99 72 92 74 93 -11 78 -78 98 80 -68 -31 -83 -25 86 -54 94 -88 89 90 96 -91 -27 95 -7 -8 97 -4 -3 -12 -67 102 -77 -63 -80 -50 108 -108 -82 110 -2 -79 -93 -45 -86 -116 117 -6
right_child=3 17 6 11 66 10 7 8 37 75 70 16 -14 14 -16 -17 -18 18 -20 -21 -22 33 -24 83 -26 26 27 30 29 81 -32 -33 -34 -35 48 -37 -38 -39 39 -41 -42 67 49 45 -46 -47 47 -49 105 50 -52 -53 85 54 -56 56 -58 -59 -60 60 -62 103 63 -65 -66 100 68 -69 -70 -71 -72 -73 -74 -75 -76 101 77 111 104 -81 106 82 -84 -85 114 -87 87 -89 -90 91 -92 112 -94 -95 -96 -97 -98 -99 -100 -101 -102 -103 -104 -105 -106 -107 107 -109 -110 -111 -112 -113 -114 -115 115 -117 -118 -119
leaf_value=-0.0077672735267085751 0.030740121221370511 -0.0021787822928504025 0.0065451745894967465 0.014328523066896585 0.031568622334094763 0.02103889207916541 0.0054148974861218894 0.015027046171094691 -0.040659820662640983 0.040794685336000731 -0.0026107181902229968 -0.037387059228851618 0.03010606115324636 -0.032725352678804984 0.022328428797499914 -0.028013906033231551 -0.040120120237767017 -0.042098989148943923 0.0018317736028677979 -0.038272356578364357 0.039611972618085453 -0.041727723554851846 0.027057515960842535 -0.039038951544176387 0.036018011876214243 -0.0028476794186882946 0.037335072692275657 0.014482178240550782 -0.013811555339431833 -0.040534209504302199 0.033981979059478501 -0.037092534619285994 0.020419518069826462 -0.001565332943163338 0.012113577609456279 0.034377465647778917 -0.037396438533294184 -0.0045306131305536202 0.008480154933996991 -0.040783018484611126 0.034251211993121755 0.035389838085553758 0.026701330310809096 4.3061972567896735e-05 0.034999575190010457 -0.041203978824626841 -0.023160070084019543 0.025824485302982394 -0.0370483815970893 -0.021699974642802274 0.015249005992348559 0.017078715697193596 -0.038844226500163531 -0.038504095110487933 0.0040906597418934555 -0.039297759090297785 0.031308412590076239 0.005377288266226324 0.0278454885819629 -0.039253635838518167 0.022127230707685942 -0.038652173565082958 -0.037684542585764425 0.016229075374768573 0.038638944978003964 -0.013498878762381639 -0.013903500251689979 0.0046370752805475436 0.040503189260349029 0.039641347303036124 -0.024038976691354397 -0.0055405015345727062 0.03701563191784684 -0.00058182058274401747 0.038183612238827332 0.029769897905740854 0.035036515367747628 -0.017060146849071797 -0.040363774890705258 -0.0013597065071010224 0.015032860194465782 0.00039794574443555056 -0.036632136115524697 -0.00061201847448750081 0.0083828629727169847 -0.0049769078791472602 -0.0042041894717624395 0.038871903072549327 0.028128740551303395 0.024358205028448689 -0.03758027729806937 -0.012517055642173676 0.024695269195326518 -0.0044704218249716115 0.035933653861553332 0.025900235233823579 0.018061295927776819 -0.036539121530060205 0.026058746580452086 0.023130020139936019 0.012411899222695019 -0.00056114575267734784 0.010368466716906211 -0.0036922327777566791 -0.0053285188454822666 -0.0021809640548092757 -0.0078584474366969262 0.040861059588543761 0.032632972434476701 0.037506456884258084 0.0096781929722075423 0.010489191486488976 0.014005553274917723 -0.021331880086796783 0.043957561498754197 0.020611201656999721 0.038040059293087757 0.016229461960359719
leaf_weight=6.347917839884758 4.1226166039705285 3.3554606437683177 2.017667815089236 3.7321420013904563 27.488150000572208 8.0056322067976051 3.7113142162561443 3.6927231997251528 3.9355727881193152 4.3196899294853237 6.2917467653751356 2.8950236886739713 3.3577940911054602 6.944150894880293 1.5999278873205183 2.8468468338251105 7.8008168190717724 3.7011828422546378 3.4041499942541122 1.6211861521005619 8.2582249343395215 2.5453076660633087 4.7497432380914688 2.3966517299413685 6.7758585661649695 2.8283692449331301 21.831851109862328 5.17245662212372 3.7536172121763247 3.765357866883277 6.2886898815631858 2.3301409035921088 6.7010922282934189 3.8368617743253699 3.9676294773817062 4.1789270341396332 1.4155669659376142 3.5620030611753464 2.8447562456130973 2.4137003421783447 3.2703561633825293 3.9037059396505356 5.2997881770133954 3.5297191441059121 3.3718887418508547 3.2814507782459268 3.0924029350280762 1.821698591113093 1.8205249756574633 2.5895219892263412 3.9025290310382843 4.5261951237916938 3.6714054197072974 3.5210373401641837 2.2468221634626389 3.5744236260652533 1.8937901109457014 1.994543671607971 5.4885861575603476 3.8301158547401419 2.416157066822052 1.9786074012517922 2.4022052884101859 4.1354048550128937 4.6145324707031241 3.7421417683362952 1.5088799744844532 3.9346299320459357 4.2971399426460257 6.7232685387134543 2.6718513965606681 2.4886070787906638 4.1319774836301804 3.6090300977230063 5.1822002083063134 8.1040162146091443 4.4058279097080213 2.5430070459842682 1.8285086452961024 3.0347427874803534 4.7800428867340221 2.5731779783964157 1.6517150849103925 1.347321957349777 4.5551432073116294 1.5173677951097486 2.9449477344751349 2.1007415652275085 2.182689130306243 4.7366242855787277 1.409883067011833 2.2671894431114179 3.2007649391889572 2.3873684555292138 18.310587897896767 8.8248134404420835 1.8243570625782011 1.5160921514034269 2.1474519371986389 2.1225685328245163 2.7429705262184143 2.1673946231603614 4.2899382114410392 1.3921218961477277 1.4310683906078336 1.3685508221387861 3.3539635688066403 2.2216325998306274 11.496899649500845 3.3464505076408448 5.1580727696418771 1.8164405226707456 1.8288352191448209 2.8990161716938019 1.1708436012268055 41.37581042945385 13.175722524523733 4.1592502295970908
leaf_count=22 9 11 6 11 58 20 12 10 19 8 21 15 8 34 4 12 39 17 11 8 16 12 11 12 14 8 44 14 14 18 13 12 18 13 12 9 7 12 9 12 7 8 12 12 7 16 13 4 10 11 10 13 19 18 7 18 4 6 13 19 6 10 12 12 9 15 5 12 8 13 11 8 8 11 10 18 9 11 9 9 12 9 9 5 13 6 11 4 5 12 7 9 7 8 38 20 5 8 5 5 8 7 12 5 5 5 12 4 24 7 15 5 5 12 2 103 26 10
internal_value=0.0121543 0.0150665 0.0165366 -0.00219148 0.0195161 0.0165412 0.00962131 0.0140993 0.00593392 0.011764 0.019336 -0.0140314 -0.00171534 -0.0104987 -0.0218543 0.00489831 -0.0249352 -0.00196588 -0.0206833 0.00279764 0.0225168 -0.000829597 0.00775539 -0.00451489 0.0184745 0.0209093 0.0164168 0.0268798 0.00254164 -0.00712043 0.0152407 0.0059646 0.00755038 -0.0174358 -0.0132458 0.0153453 0.00335368 -0.023049 0.00551452 -0.0137039 0.010454 0.00451025 0.000578207 -0.00653484 0.00708422 -0.020305 0.0142005 -0.00426409 -0.00293003 0.0122067 0.00050334 -0.00230385 -0.0054891 -0.000411879 -0.0214662 0.00677864 -0.00835855 -0.022777 0.00930807 0.00671327 -0.0147804 0.0107529 0.0146463 -0.0037255 0.0197919 0.0151683 0.027691 0.0197238 0.021444 0.0247275 -0.00265119 0.0163487 0.0221957 0.0180781 0.0216065 0.0242453 0.00592784 0.0153219 -0.00347379 0.0181509 0.0207867 -0.0265075 -0.0143277 -0.0244445 0.0234188 -0.028277 0.0285218 0.0144402 0.0065148 0.00340988 -0.00894662 0.0129244 0.0120425 0.015691 0.0313635 0.0196162 -0.00147761 -0.0115669 0.00859877 0.00392926 -0.00218919 0.0193474 0.0229227 -0.0231406 -0.0243224 -0.0214677 0.0233427 0.0119771 0.0273741 0.0240522 0.0191601 -0.00495356 -0.000329584 -0.00979514 0.0200105 0.021287 0.0320116 0.0295023
internal_weight=528.988 439.821 405.038 89.1661 283.162 207.646 121.876 88.6101 44.9472 37.4496 168.585 33.4866 15.634 12.2762 8.54408 55.6796 17.8525 34.7831 7.10533 27.6778 43.6629 18.5686 12.1864 7.4367 35.4047 157.499 72.3123 41.2176 31.0947 18.445 19.3858 13.0971 10.4547 6.38217 10.0517 10.767 6.58802 7.49758 26.0566 5.25846 20.7981 39.0602 31.2218 19.43 9.71981 9.71019 28.6288 4.9141 7.15671 11.7918 6.49205 33.2662 28.74 23.5512 5.76786 52.8327 7.46276 5.56897 45.37 39.8814 6.24627 33.6351 30.2644 6.53761 23.7268 19.1123 75.5164 7.83834 30.6933 85.187 11.0862 12.6497 10.1611 23.7147 20.1057 18.881 17.5278 8.76528 8.76249 26.3962 23.3614 7.99025 4.22489 3.74397 78.4637 5.18877 31.3619 5.04569 17.7833 15.6006 6.768 8.83265 6.02913 14.9235 26.3162 12.5361 5.35812 3.53376 5.50291 8.41432 6.48511 14.5613 12.394 3.37073 3.25958 3.18908 21.8525 5.5756 16.2769 12.6271 9.28069 4.35945 4.09602 6.42874 47.1018 42.5467 44.8231 31.6474
internal_count=1533 1215 1096 318 729 561 367 247 139 108 439 138 57 49 38 180 81 119 28 91 108 63 38 27 92 402 198 99 99 68 55 42 32 25 42 30 21 31 83 21 62 122 102 69 29 40 78 17 27 33 21 120 107 82 25 168 28 24 140 127 25 102 87 24 63 54 168 20 74 204 37 31 23 61 50 45 55 25 30 66 57 36 18 17 191 25 73 15 57 52 26 26 15 40 58 32 19 14 16 26 23 37 30 15 14 15 52 16 36 31 24 16 14 24 118 105 94 68
is_linear=0
shrinkage=0.0283043


Tree=32
num_leaves=120
num_cat=0
split_feature=6 6 4 22 22 19 22 5 5 5 22 22 5 19 19 15 1 4 15 15 6 22 6 22 5 5 19 19 19 5 5 22 22 5 5 5 19 22 22 4 22 5 19 4 19 4 22 22 1 4 6 6 6 6 6 6 19 22 5 15 5 22 22 19 5 19 4 4 22 5 5 5 4 4 22 1 5 5 22 22 5 5 22 5 5 5 5 22 22 4 5 5 22 4 22 15 15 15 22 15 19 6 22 15 22 5 5 5 5 19 22 22 6 5 5 5 1 22 22
split_gain=26.2893 9.71506 8.96957 5.47418 5.475 5.4265 5.0536 6.39678 16.2397 7.92477 6.68728 6.7288 5.33274 4.96041 9.83931 6.11402 5.04604 4.93013 10.2859 4.85371 4.50136 4.485 4.04241 3.84758 3.78267 4.74915 3.67353 3.39772 3.28114 3.2478 5.79204 3.11832 3.10358 3.07445 4.05378 5.95874 4.04598 3.06402 3.33548 3.26564 3.02964 2.83644 2.78777 3.29782 2.9961 3.53919 2.78293 2.70944 2.49275 2.40329 2.35197 2.34357 5.40787 6.2174 5.01586 2.7052 2.31241 2.28856 2.24369 2.11911 2.0823 2.06766 4.61111 2.02837 1.97775 1.96504 3.36136 5.1178 3.83111 2.17543 8.28185 6.1508 1.9559 2.27593 1.9192 1.79948 2.39952 3.19638 1.79478 1.78462 1.91545 1.6071 1.59701 1.59636 1.82185 2.58578 1.5628 2.22742 2.78374 2.19156 5.3538 2.22134 1.53798 1.49888 1.43509 2.67933 3.96605 3.78639 1.5949 1.50124 1.41229 1.39302 3.49924 1.34855 1.26881 1.2037 1.17598 1.12047 3.69969 1.05926 1.82262 1.12238 0.967217 0.930119 0.874886 0.863655 0.844557 0.832575 2.27148
threshold=0.98517258165982136 1.0000000180025095e-35 0.35813074118445182 -0.40249892098500084 -0.53503783974408703 1.7284117955892324 -0.2501876855710139 -0.094227044540941621 0.070499324860722509 0.80940042859547845 0.15062507846469689 1.9866599832828473 -0.38941981811531373 0.32012271856013641 0.63559295661622006 0.54459841034225054 1.467182929169091 0.35189812188492897 -0.062669290283503085 -0.03972303868987432 0.83897537852386062 1.2517451544680687 0.88314899572267425 -1.6679033360944702 -0.043728412866065644 -0.065844195298416175 0.47069104810336926 0.42039799829087382 1.7452438883241967 0.093849951568263076 0.013287968291392399 0.16536487544024417 0.90347571201347499 0.74070409181253904 0.099420677621751843 -0.14303588931292613 0.75886890852172362 1.7510378889116014 1.5048975899024652 0.34849415288288188 -0.2810506261638262 0.90387994246264858 0.34706841246965975 0.29265228112042635 0.68038688522269031 0.54942421045442214 1.8953591049294582 0.31529103043747553 1.0688356022592682 1.2628913189609541 1.242660679501193 2.5871857941728829 1.428372888605961 1.2454225704446971 1.0715565441819461 1.0570815735744252 0.48304016159429108 1.2843730545692795 -0.019402909099164468 0.89581558176297349 -0.015345563623540117 0.46340452431797341 0.39461880509875358 0.54979471119090972 0.94171445690926014 -0.44880983598931051 0.43400089534979708 0.73172832496546525 -1.0789077271767742 1.0450792788317449 1.233174844027795 0.6260492650883166 0.72136060247683587 1.5862683741554278 -0.65467347344852767 1.3121082396093739 0.021235537461036399 0.0076893886076361499 0.24156819475557242 -1.9738853027599945 0.43300503824808445 2.8692135250466566 0.24156819475557242 1.0450792788317449 1.5727941578787399 2.1028858800418901 -0.12258204015319975 -0.5575291480740886 -0.98579418770665173 0.28813363212827214 0.070499324860722509 0.01838518263033467 -0.98579418770665173 0.36606534498499821 0.67259992767157184 -0.23755267669925315 -0.036696119894974455 -0.096572357306587045 0.31529103043747553 -0.032455280541703282 0.58951988459878302 1.1684722956633362 0.73258470015296473 0.44041407255008563 -0.35777866317084089 1.2571475351446417 -0.092444412203825224 0.093849951568263076 0.25059161362659321 0.04528620437205183 0.49941923861097681 0.44456238902560735 1.2055248928391393 0.034633133619676994 1.2930787181896444 2.0324719027257916 0.89660386510506795 -0.80197603998732869 -0.43543688154038995
decision_type=2 2 2 2 2 2 2 2 2 2 2 2 2 2 2 2 2 2 2 2 2 2 2 2 2 2 2 2 2 2 2 2 2 2 2 2 2 2 2 2 2 2 2 2 2 2 2 2 2 2 2 2 2 2 2 2 2 2 2 2 2 2 2 2 2 2 2 2 2 2 2 2 2 2 2 2 2 2 2 2 2 2 2 2 2 2 2 2 2 2 2 2 2 2 2 2 2 2 2 2 2 2 2 2 2 2 2 2 2 2 2 2 2 2 2 2 2 2 2
left_child=1 6 5 4 19 29 13 12 10 116 75 24 21 23 15 16 41 26 114 50 109 32 -22 79 25 -12 27 83 101 30 51 -24 42 34 35 36 -16 38 39 -23 65 106 94 82 47 -46 -39 -45 49 -14 -4 52 53 54 55 -2 -56 -27 -26 -21 -60 62 -62 -32 92 66 69 68 -68 71 -71 86 -20 -74 -69 76 77 -9 -53 80 -1 -66 100 -11 105 -86 87 88 -25 90 91 -88 -31 -67 95 -8 97 -97 -98 -96 -44 -5 112 -84 -89 -85 -15 -92 -109 111 -111 -3 -103 -63 -19 -72 -10 -38 -119
right_child=2 20 3 28 -6 -7 7 8 9 17 11 -13 48 14 33 -17 -18 18 72 59 22 37 31 40 58 57 -28 -29 -30 64 63 -33 -34 -35 -36 -37 117 46 -40 -41 -42 -43 43 44 45 -47 -48 -49 -50 -51 -52 78 -54 -55 56 -57 -58 -59 60 -61 61 113 -64 -65 81 93 67 74 -70 70 115 -73 73 -75 -76 -77 -78 -79 -80 -81 -82 -83 103 84 85 -87 89 104 -90 -91 107 -93 -94 -95 99 96 98 -99 -100 -101 -102 102 -104 -105 -106 -107 -108 108 -110 110 -112 -113 -114 -115 -116 -117 -118 118 -120
leaf_value=-0.0096897921751043919 -0.038590941761320857 0.03657951969671086 0.023004079119001847 -0.039166152533837754 0.029433766525931215 -0.038093783089992818 0.033033930753347741 -0.00094051304826661003 0.032119128107623893 -0.0029003698685110143 -0.026127466164886572 0.029072156457165717 0.035005265645401303 -0.01541471879285241 -0.010871796094322546 -0.040420103311291526 0.034347742327191115 -0.042625931678729051 -0.00060432638802024275 -0.037928097614316765 -0.012168024395715675 -0.016290339791783404 0.03182035770972081 0.0076651442558995858 -0.039059664744371544 0.027623342003480825 0.032321055932165894 -0.019654373250414123 0.0050287847850616048 0.038796784383255997 -0.038868797974052481 -0.00013830465472956159 0.03289677876652651 -0.017441887037076026 0.033879431706783585 -0.040026346942845716 0.031144810525241755 0.035178778055416013 -0.040774179957119835 0.026848220218394198 -0.011735205162362242 0.0073709452034963034 0.042791687527805648 -0.0012209218407777543 -0.006810544527580906 0.034700710165064916 -0.00071368248684213647 -0.038983524691522962 0.0051867314359387989 0.0098948889717560256 -0.01006011584854417 -0.00067809237136690558 0.032339926970542672 -0.038391422687475002 0.026399337018779067 0.0050340864337757793 -0.0021696798344950355 -0.009207172099718686 0.0072123926190586895 -0.0002117267421436403 -0.036537965429446595 -0.03921033978565578 0.018319953954326479 -1.7026006871328504e-05 0.0032180124886452299 0.018362453373611587 -0.038447448634034181 0.028204914681766894 0.0026048663500965788 -0.036434933965825651 0.024671253982672978 0.042638230876478604 0.040732283237383871 0.0085197241452676133 0.00069958924282665551 0.027958414937692765 -0.019108499433747275 0.038329886571207089 -0.038500232458872539 -0.023964857074548564 0.021257587678754134 0.028887026226905796 -0.0020048711251542629 0.017799247797848704 -0.0062646960375294337 0.025101438952017174 -0.0029461179904583701 -0.0027720905750263807 0.031269972778910367 0.030831830966083443 0.027662667253502048 -0.040492150339405314 0.016003226629529039 0.040438992907725194 -0.0024692134102535881 0.017807560654364361 0.018748147573577904 -0.023105639433801929 0.038791000700171385 0.025917353598064814 0.01867989871957966 -0.01686558830128853 0.0102185051733378 0.025081282936618546 0.022474694702578377 0.040011636748645218 -0.040722818370118125 -0.018350850414043947 0.025421257160757126 0.016889812346422495 0.03510928014683902 0.022696405976546756 -0.038774797143877923 -0.014772032620971572 -0.019953509150813405 0.0089020877383758721 0.019461703457523089 -0.0024318682977598461 0.034093871393832471
leaf_weight=3.5963404774665833 2.1974140256643429 20.918668821454052 3.185898929834365 6.5213734209537533 3.3411610275506964 2.0575741827487937 14.247322350740427 3.742252901196478 25.262965932488445 2.867073059082041 3.2235119938850403 2.7940722256898871 26.838823258876804 7.2197366952896109 3.4001872837543514 4.9349169731140128 2.0211847722530356 3.2189900875091544 3.5621609687805158 4.527845472097396 3.8332723826169959 3.2157253772020322 6.6986077129840833 5.2203982472419694 4.7781797498464629 3.7506880909204501 9.4403682649135572 2.3183812648057929 2.3987302035093299 3.5862677693367004 3.4767554998397818 3.3388141244649887 11.062959656119345 2.1039515733718863 6.9202392995357505 1.6189005821943308 5.1189429312944421 2.9137835502624512 1.9585450142621992 2.0798545032739639 3.1851784884929648 4.2344916313886634 2.8499856591224688 3.8102526217699033 3.1001501828432083 2.8308046013116837 3.300862118601799 2.2328720092773438 2.6300625801086417 3.0740975737571707 3.0650532245635986 2.4450119137763973 5.811619520187377 2.4660269767045966 7.7793616652488691 1.9186408072710035 2.8948647826910019 1.7834362089633939 2.1337974220514342 1.4075234830379484 2.0661690235137886 4.4446037411689758 2.3702607750892639 1.3419270515441892 10.386288002133368 5.4356285780668241 3.1431060582399368 4.6999823898077011 3.7248662859201414 2.5697162896394721 5.7171136885881406 7.3073716163635245 3.16484734416008 3.1209800988435745 3.0458546131849289 4.4228438138961783 2.0443731099367142 2.4808224439620972 1.399753540754318 2.6294519156217557 2.4287254810333252 2.106713503599166 3.5674704760313034 3.3138074874877912 3.7754727452993393 3.9607487767934799 2.3514144271612265 4.4848629981279373 13.45918759703636 2.6865960210561743 3.731113135814665 2.2385696619749069 5.4707129597663897 3.7539799809455872 3.5100616365671158 3.6848499476909637 7.8360808491706937 3.0458575189113573 4.6518153548240662 2.151553437113761 4.5217300653457642 2.2058237046003324 1.9040142744779585 2.1024058312177658 2.0972798317670849 3.6897106468677521 1.6374757140874887 2.2527081221342087 3.5753293484449387 9.9635283499956149 7.1936320364475241 5.5619193315505973 4.6072589159011841 1.5043902099132536 2.0749973356723785 4.7422228157520294 4.4539358615875235 2.51429119706154 2.3016343861818274
leaf_count=13 11 42 8 33 8 10 31 12 53 10 13 6 55 29 13 24 4 16 13 24 12 12 14 16 24 9 21 9 8 7 18 10 24 8 15 8 11 6 9 5 12 13 5 13 11 6 10 11 7 8 12 8 12 12 19 6 11 7 7 5 11 23 6 5 35 13 16 11 13 13 13 13 6 10 10 11 9 5 7 11 6 5 12 9 13 9 8 14 30 6 9 11 14 7 12 9 21 13 9 5 12 9 6 5 5 7 8 9 8 24 15 13 25 6 9 14 12 9 5
internal_value=0.0119006 0.014751 -0.00214204 -0.013763 -0.00166363 0.00479249 0.0131083 0.0156364 0.0108865 0.0187941 -0.00323379 -0.0107914 0.0201761 0.00889219 0.00101915 -0.0135269 -0.00478 0.0112828 -0.0017596 -0.0102616 0.0255606 0.0165935 0.0117629 0.0124244 -0.0152835 -0.000373969 0.0179751 0.0111905 -0.0245374 0.00654892 0.000823008 0.0208231 0.0192738 0.0131629 0.0163543 0.00818229 0.014251 0.00172387 -0.0106756 0.00043972 0.0141715 -0.0110803 0.0168985 0.00955605 -0.00110675 0.0128072 0.0158151 -0.0148615 0.0299263 0.0322918 0.00667399 0.00588641 0.00930155 0.00143934 0.00824696 -0.0170547 0.0184258 0.0154021 -0.0229305 -0.0283831 -0.0167291 -0.0218678 -0.00771026 -0.0270959 0.0149797 0.015175 0.0137044 0.00159792 -0.0158759 0.0165536 0.00640232 0.0192652 0.0150458 0.0245366 0.0170213 0.013628 0.00619353 0.0145647 -0.0139293 -0.00523032 0.00273641 0.0078232 0.0191974 0.0153299 0.0190908 0.00986259 0.0151305 0.019533 0.0245054 0.00849394 0.00403016 -0.0202052 0.02491 0.0273114 0.021587 0.0238281 0.0170195 4.07771e-05 0.026276 0.00882816 0.0278103 -0.0294085 -0.0221142 0.00836377 0.00576457 0.0292955 -0.0201301 0.0158798 0.00852251 0.0300361 0.0246455 0.0335772 -0.0313874 -0.0326598 -0.0326517 0.0173198 0.0300598 0.0233135 0.0153455
internal_weight=525.097 436.593 88.5036 33.1647 15.5275 55.3389 379.085 236.982 115.764 74.2244 41.5394 28.8491 121.218 142.103 44.026 20.0478 15.1129 44.5075 15.142 12.1863 57.5084 88.6749 13.8707 98.077 26.055 8.75764 29.3656 19.9252 17.6372 53.2814 31.7314 10.0374 75.2062 23.9781 21.8742 14.954 13.3351 13.4688 7.25412 5.29558 89.4225 13.0917 64.1432 25.0157 11.9741 5.93095 6.21465 6.04312 32.543 29.9129 6.25095 26.9127 23.0679 17.2563 14.7903 4.11605 10.6742 5.53412 17.2974 5.93537 12.5192 10.3854 4.43643 4.81868 21.55 86.2373 77.0477 14.6138 6.86797 62.4339 13.0291 49.4048 9.84799 6.28583 7.74584 12.6903 8.26745 6.22308 3.84477 8.65452 6.02507 12.493 13.0416 17.6068 14.7397 7.73622 42.0975 25.2617 18.6796 16.8357 14.1491 4.58998 9.05698 9.18961 39.1275 33.4659 19.2186 6.73071 12.4879 5.66162 7.37172 15.2385 8.7171 5.66988 6.58214 7.00352 8.85721 9.55915 5.82804 43.6377 17.1572 26.4806 6.81308 5.94899 5.29399 10.4593 29.7169 9.93487 4.81593
internal_count=1533 1215 318 138 57 180 1085 657 346 197 149 112 311 428 147 78 54 132 54 49 130 241 36 281 106 29 78 57 81 170 109 24 199 69 61 46 38 42 26 17 251 50 175 75 41 17 16 24 70 63 20 86 71 59 47 17 30 16 77 29 53 46 17 23 61 239 219 50 29 169 40 129 29 16 21 37 26 17 15 30 19 40 34 48 38 22 116 65 46 51 45 19 21 20 100 83 52 22 30 17 17 73 40 17 19 16 37 26 17 94 39 55 34 29 25 27 65 25 14
is_linear=0
shrinkage=0.0283043


Tree=33
num_leaves=123
num_cat=0
split_feature=13 13 13 13 18 10 10 8 3 10 10 13 15 3 15 3 8 15 15 10 10 7 13 7 7 15 7 8 10 8 3 10 8 8 8 3 15 7 8 8 15 15 8 7 3 8 8 7 7 7 15 10 7 7 10 10 13 15 7 15 10 8 8 3 3 13 3 7 13 7 8 15 8 3 7 8 3 3 13 15 3 8 8 3 3 3 8 13 18 3 18 13 13 10 7 7 8 3 3 3 3 7 15 15 15 3 3 3 3 7 13 8 7 3 15 15 13 3 7 8 3 10
split_gain=14.0709 14.4589 11.7125 14.7626 10.3893 11.5915 9.99694 7.7287 7.68818 6.25211 5.15821 4.93213 4.91846 6.11744 4.22871 4.09324 3.7335 4.96335 4.14612 4.13192 4.42774 3.55327 3.38322 3.25374 5.39388 3.47164 3.24276 3.21954 3.86404 4.28723 3.56992 7.31033 3.07139 11.1168 10.0794 6.71437 5.52319 5.32624 4.75134 6.3539 4.59938 4.51923 3.90797 3.5803 4.76467 3.4468 3.19077 3.12691 7.17105 3.05101 4.76166 8.90844 4.50158 2.82393 2.97347 10.7936 2.79915 2.77689 2.76072 3.29143 5.86879 2.68991 3.21291 2.763 2.99982 2.47533 4.03014 2.45881 2.38497 2.18238 2.7032 4.71687 2.48111 2.16274 2.1395 2.32987 2.09026 3.31627 4.36057 5.06771 2.12931 2.25897 3.91072 2.01414 1.96736 1.7925 1.77761 3.73766 1.74289 2.03316 1.71296 1.60158 2.90438 1.50522 1.50312 1.47429 1.42767 1.39897 1.39002 1.38304 6.37057 2.51928 2.70087 3.31773 1.6226 1.61024 1.40416 3.51907 1.33679 1.32337 1.48807 1.31874 1.15373 1.13618 1.10491 1.0988 1.07894 1.06919 1.06573 2.47736 1.0269 0.870059
threshold=0.22889777337348557 -0.48742083761836419 0.38745883675288362 1.0185520211888746 1.8751067852320178 1.0750457607101371 1.0000000180025095e-35 -0.14237819021389533 0.23086071149243392 1.1646820781657314 1.3551957776245629 0.088794280341256124 0.56940495577857819 0.0076932001111945369 0.82004802067813654 0.08930187766592014 0.051812092090256806 0.89581558176297349 -0.0081926345763342189 1.2403100353669998 1.1576177394362495 0.26690639120623932 0.32517026188402715 0.111110413385303 1.4177119549224251 -0.065404552840352695 0.44592206849742771 1.887955809478836 1.197924002990107 1.2432295833392641 0.064697088019198309 1.1898111857630618 0.23018207311373187 0.93050451891479169 -0.035375781180603215 1.9347202236121357 -0.045918763098184906 0.19358802783598808 0.040778998313447973 0.056090230493509197 -0.098133112310207313 -0.029798843995137558 -0.12256365445146315 0.21883695605650558 -0.15640113788914892 2.1101938412688419 0.078401162807038238 1.4990585238401752 1.1216219762907784 0.077988521161022853 -0.11597932103847096 0.9131159914389666 -0.43287813322960739 1.2171731464603874 0.79010024378226718 1.4038554928147429 0.4264807968913143 -0.054889163068487061 0.27951422229395495 0.0088495488470341725 2.8633891259387672 1.5549952483048839 1.2756142099707493 1.043035552121889 -0.11328117013021637 0.25105601787462734 0.060055976315711752 0.16862740533955192 1.2202754029185743 -0.093597739394220461 2.0801391847517143 -0.0016500757227746745 0.10039882182788062 0.1254256897784079 0.14792483661416486 0.14565702283070861 1.3087416605815816 0.11574931675755058 0.30408374727401127 -0.014940141056631816 0.085616578776102792 0.13459455968271042 1.2432295833392641 0.24649859742328992 -0.068949192308589896 1.0221357688456785 -0.062385812884432366 0.67598317957924292 1.9853354796788374 -0.059410771652592072 1.5877639174636984 2.0286162231946205 1.2406016305118086 1.2753395300888599 0.24318770105969253 0.17953866812786518 0.092234136637234232 0.14647327915982467 -0.16971354109808798 0.35370729239979487 -0.1246326790100816 -0.11564203860475573 0.52755622691888215 -0.0016500757227746745 -0.10995701385278485 1.0964034098418107 0.060055976315711752 0.15497705707937651 -0.029386424814962481 0.1627836700860549 1.2406016305118086 0.84780036964550998 0.23348510457618227 0.94399560789313408 0.68386032271072872 1.6598997472474186 0.83496560684745946 0.1145471604352037 -1.0000000180025095e-35 0.11106969336002047 0.9373837481202264 1.1468063791908862
decision_type=2 2 2 2 2 2 2 2 2 2 2 2 2 2 2 2 2 2 2 2 2 2 2 2 2 2 2 2 2 2 2 2 2 2 2 2 2 2 2 2 2 2 2 2 2 2 2 2 2 2 2 2 2 2 2 2 2 2 2 2 2 2 2 2 2 2 2 2 2 2 2 2 2 2 2 2 2 2 2 2 2 2 2 2 2 2 2 2 2 2 2 2 2 2 2 2 2 2 2 2 2 2 2 2 2 2 2 2 2 2 2 2 2 2 2 2 2 2 2 2 2 2
left_child=1 4 10 56 5 6 32 12 14 -9 16 90 13 -6 23 -15 17 18 22 20 76 -19 65 69 25 73 27 28 30 58 31 -7 34 -34 42 36 61 45 40 -40 -36 46 43 67 47 84 -41 48 -45 52 51 108 88 54 109 -56 -4 -28 59 74 -61 62 -35 64 -63 66 -2 99 -27 70 71 72 91 -25 75 93 77 80 -79 -80 81 96 -83 -46 -38 -86 87 -58 89 -13 98 92 -5 -30 118 -67 -18 -97 -3 100 101 102 103 -1 -101 -106 -102 -108 -51 110 -10 -8 -48 -52 -59 -16 -89 -96 119 -43 -91 -32
right_child=2 11 3 8 7 26 111 9 53 -11 -12 49 -14 15 115 -17 19 21 -20 -21 -22 -23 -24 24 -26 68 57 -29 29 -31 121 -33 33 35 38 -37 37 -39 39 41 -42 94 -44 44 83 -47 112 -49 -50 50 113 -53 -54 -55 55 -57 86 114 -60 60 -62 63 -64 -65 -66 95 -68 -69 -70 -71 -72 -73 -74 -75 -76 -77 -78 78 79 -81 -82 82 -84 -85 85 -87 -88 116 -90 120 -92 -93 -94 -95 117 97 -98 -99 -100 104 106 -103 -104 -105 105 -107 107 -109 -110 -111 -112 -113 -114 -115 -116 -117 -118 -119 -120 -121 -122 -123
leaf_value=0.01541472341179613 0.008342777575334661 0.037994596332339862 0.0070870433224057101 -0.00028272025925864654 -0.03013949415474226 -0.038632055246527713 0.035119689137938837 -0.039833330817178512 0.012267351382377631 0.016754716833957999 -0.037677980924953156 0.026760064863743441 0.032712677430552964 0.033269726171630411 -0.040185431928509617 -0.015323932989666167 0.00055629331723982157 -0.0087648082842010453 -0.03821953425440159 -0.035396729301447993 0.02962805987613143 0.02910055447651946 -0.038592598963972775 -0.042926957744005276 0.027604608483521583 0.016455458599243709 0.0301019005683184 -0.037514103970588158 0.012545691784729893 0.029816478883742295 0.038037137631679652 0.028559480797426779 0.033924900087306475 0.015397076084595495 -0.041889895216318501 -0.038831317310712911 0.01181402733036627 -0.040163664058085143 0.033097850541297706 -0.01125875119878633 0.0015435550254543845 0.0038342342146722129 0.034663207185302788 -0.016611443507946598 0.025568781400687069 0.032968811917738747 0.028536829687213314 -0.029483720857302297 0.030177928463509304 -0.051238536233268142 0.015310422347632177 0.021304169857852953 0.037127919984257234 -0.015031046257304772 -0.039458162745360598 0.041288361334593744 0.037699957905381207 -0.015889660734486246 -0.039390324798313565 0.021918410526777076 -0.037105452724307986 0.011814641787882539 0.039755576535300569 0.034352741748485544 -0.025587786428691594 0.014286568902344782 -0.041028289243444496 0.039881906882627084 -0.020597262846965583 0.030382873127877463 0.030086252525902895 -0.039953370834858483 -0.019150706961392754 -0.0050176072572474051 -0.038151506347412406 -0.036925299379829572 0.02269709970062004 -0.037978813044466292 0.021319127369778527 -0.035860420460030511 0.021833397666304922 -0.028492417135055813 0.013865843343991669 -0.0019101434405336467 -0.0030433268984714477 -0.041040002777309396 0.03749227010757001 0.018108304900782933 -0.010642381101495613 -0.0035708849308000203 0.013449143037699193 -0.0019619282878528353 0.038499348976222522 -0.01690851889332097 -0.017396356051721809 -0.020219990994052962 0.025480943550609703 0.0089736827229347817 0.027848092638754918 0.032956289721970025 0.0036655181035892743 0.036733933143016873 0.028693306760996965 -0.022070788943932905 0.024943491595229232 -0.0040482820201968332 -0.041612477710344181 0.0075721585594587465 -0.020431912265789984 0.011133059125042732 0.034933862700425616 0.01771522367814091 0.0073868700399200458 0.03696148968464659 0.012251582673027814 -0.012090728342450827 -0.001124161905360928 0.0061789471148912273 -0.040143288265718419 -0.037323100466388724 0.017407627721330136 0.017462300514436813
leaf_weight=6.9036341607570666 2.0029894411563971 20.340852037072182 5.0445261895656577 2.4891969561576825 3.9515819102525729 2.4720819890499133 21.894454747438434 6.940350800752638 2.7774495333433213 1.8118411004543302 3.2599645406007758 7.9698552936315545 3.8231554627418509 3.323612853884697 3.0699230581521979 1.9648904055356977 3.7222462445497602 3.5554068386554709 5.1487412750720969 1.8370578289031971 5.1148760169744483 3.7609151750802994 2.575194686651229 4.8461461067199698 2.0439491271972647 2.4118134379386893 4.3841076493263245 1.9974441230297078 2.765747770667085 1.8049567192792881 2.5364380329847336 2.209441676735878 23.461808606982231 9.6513536423444801 3.9964260458946228 1.93824803829193 2.7144934982061377 2.4352857023477545 4.6409462839365032 3.4424209594726598 3.3977676331996909 2.1868724226951617 7.9940574765205374 6.3176666945219058 8.6587643474340421 2.4362314790487289 4.8594551682472229 3.1700764745473853 4.0473044514656067 2.1589412987232199 4.0971233695745459 4.1477335840463638 11.063580960035326 1.9507461637258519 2.473534256219863 2.2785412669181824 7.9633603692054811 1.9719813913106903 2.5621249526739112 4.8171062320470801 1.6121600866317747 4.2447586208581924 7.2481687664985648 1.9545945972204206 2.5100512951612455 4.9768278002738935 2.9607309103012085 3.7305146157741538 2.6038640886545181 2.3152463287115124 2.1728444546461096 2.070339798927308 2.5885503441095361 1.3944594413042066 3.0974909365177155 1.7320594042539594 3.1493360847234717 3.6416352838277799 3.3179290145635605 1.6876296848058698 4.768701657652854 4.0302934795618057 2.7213487476110458 2.4679259657859793 2.0889545828104015 1.5094074457883833 11.888452753424643 7.08105421066284 1.7927507758140553 3.7201162129640588 3.6217397302389136 4.0209047943353653 3.0580030828714371 2.2774062156677246 2.4788128733634949 2.7280799746513367 3.0686289221048355 2.140219584107399 22.101865902543068 7.6154428720474243 4.886370003223421 6.1002031862735775 7.2247199565172187 2.2892433553934097 3.3579620718955976 2.32631716132164 2.2027961611747742 1.9779945760965345 1.8948426693677891 3.872475028038024 9.0364360362291318 3.6427893191575995 3.0869980901479721 3.0140492171049118 1.9955461621284483 1.4913903325796125 3.0737822651863098 3.2857354879379272 2.0353154093027062 2.0545201450586319 3.155382826924324 3.4597301930189133
leaf_count=19 6 41 15 9 17 12 45 35 8 5 17 18 8 7 15 8 12 14 27 10 12 9 13 23 5 7 10 10 8 4 5 5 49 28 19 9 8 12 10 13 11 7 16 23 21 5 11 13 9 9 11 11 22 8 12 4 16 9 13 13 8 11 14 4 10 16 14 7 11 5 5 10 11 5 16 9 8 19 9 9 12 19 8 9 7 7 24 17 7 12 9 14 6 9 11 13 8 7 49 16 14 12 16 9 8 8 10 6 7 11 19 10 10 6 6 6 9 11 10 11 8 10
internal_value=0.0116493 0.0148014 0.00479771 0.011312 0.011521 0.0131769 0.0159494 -0.00708004 0.00269735 -0.0275313 -0.00394202 0.0246633 0.00643629 -0.00439091 -0.00528845 0.0148972 -0.00226783 -0.00967924 -0.0162571 0.00371648 0.00588874 0.0102285 -0.00972844 -0.00170317 -0.0123008 -0.0199983 -0.000374643 -0.00435753 -0.00216036 -0.0092518 0.0114804 -0.00610084 0.0135895 0.0186541 0.0108844 0.00939646 0.0120523 -0.00434185 -0.00165442 0.00358236 -0.0215494 -0.00235005 0.0163635 0.0143288 0.00559469 0.00560603 0.0102157 -0.00558112 0.00167887 0.0178226 0.00777192 -0.006671 0.0233581 0.0156606 0.0188205 -0.000210427 0.025796 0.0151212 -0.013263 -0.00902293 0.00649773 0.0192592 0.0258257 0.00677757 -0.00183168 -0.00451796 -0.020246 0.0187633 -0.00291303 0.00585528 0.0023163 -0.00216834 0.00444002 -0.0339038 -0.0191244 -0.0104958 0.00177982 -0.000777972 -0.0150398 0.00158564 0.00597992 0.00036392 -0.0110931 0.0191101 -0.00498874 -0.0185804 0.0291284 0.023632 0.0141923 0.0172404 0.0310906 0.0110612 0.020751 -0.000842674 -0.0143657 0.00365387 0.0115662 -0.00706536 0.0327061 0.0169507 0.0137373 0.0217161 0.0160726 0.00604784 0.0244984 0.0136183 -0.0060229 -0.018008 -0.0356619 0.0247189 0.0294269 0.032404 0.0200788 0.0243039 -0.00133392 -0.0302613 0.0123952 -0.00423195 -0.0238824 -0.016179 0.00625711 0.0258222
internal_weight=521.243 357.057 164.186 94.017 267.978 246.163 204.467 21.8154 58.9658 8.75219 70.1688 89.0788 13.0632 9.24009 36.5766 5.2885 66.9088 29.8491 22.5328 37.0597 35.2226 7.31632 17.384 32.0153 13.3002 11.2563 41.6958 33.3442 31.3467 20.6691 10.6777 4.68152 178.93 62.1934 116.736 38.7315 36.7933 11.1844 35.4653 28.0711 7.39419 23.4301 81.271 73.2769 24.6617 8.74909 11.3889 13.535 10.365 43.0144 15.3127 8.20152 27.7017 22.3892 20.4384 4.75208 35.0512 8.35164 18.8641 16.302 6.42927 25.6089 16.8995 8.7094 6.75481 14.8088 4.96372 48.6152 5.01568 18.7151 16.3998 14.227 12.1567 6.24061 9.8727 6.77521 30.1077 26.9584 8.64719 5.00556 18.3112 13.5425 6.75164 11.1267 6.31286 3.59836 30.0066 18.1182 16.6381 14.8454 46.0645 9.5681 5.5472 5.04315 12.0413 9.84513 6.79088 4.8683 42.4427 44.8847 31.585 22.5178 16.4176 9.19288 13.2997 5.68428 9.06716 4.18079 4.05378 15.6864 11.8139 25.5372 7.94645 7.11117 3.96753 4.56131 10.1548 5.76455 6.27671 4.24139 6.8755 5.99617
internal_count=1533 996 537 275 786 706 559 80 194 40 262 210 40 32 132 15 245 119 96 126 116 23 69 111 51 46 147 122 112 80 32 17 504 164 340 115 106 39 124 94 30 84 216 200 75 27 34 45 32 111 44 27 67 62 54 16 81 25 76 63 21 67 42 25 21 56 20 125 18 60 55 50 40 28 42 26 104 96 37 18 59 47 27 30 22 14 66 42 45 38 99 29 15 17 50 36 20 20 90 118 86 56 44 28 32 16 30 16 16 38 27 55 21 17 15 21 26 22 28 18 20 15
is_linear=0
shrinkage=0.0283043


Tree=34
num_leaves=120
num_cat=0
split_feature=13 13 13 13 17 2 13 13 19 2 2 17 2 2 2 2 7 1 11 2 11 11 17 17 11 17 17 13 11 11 7 2 2 19 7 11 2 2 17 13 7 13 17 17 7 13 13 7 2 7 19 7 17 7 7 13 1 7 13 11 7 7 13 1 19 17 7 19 7 13 13 1 2 2 2 2 2 2 17 2 17 11 19 19 7 19 17 13 7 13 11 7 7 7 13 2 17 17 17 2 17 17 7 19 13 11 13 2 17 17 17 17 11 2 7 2 17 17 7
split_gain=13.4236 13.858 11.1632 14.111 6.70077 5.45428 5.37168 5.33764 4.73714 5.17528 5.96096 8.64905 4.5322 10.8288 8.34801 6.1728 4.46611 4.19809 5.22745 3.99302 3.86829 5.59573 3.79977 3.88025 3.70354 3.6934 4.94963 3.69258 3.86752 3.57479 3.53261 3.46653 3.81774 5.17334 3.51811 3.44657 3.30897 5.42649 3.44848 3.25532 3.20383 5.37765 3.22373 3.15956 4.47965 3.11699 5.49237 3.07699 2.90664 2.78989 3.02259 2.93008 5.45128 9.67386 2.97602 2.72613 2.6689 2.52675 3.95401 2.9476 2.46086 2.44017 2.41236 2.35374 2.31294 2.2014 2.19999 2.05812 2.01817 4.32344 2.933 1.99882 1.99569 4.14559 3.9295 3.119 2.85596 2.5483 4.66798 2.33276 5.22748 2.6914 2.15662 1.99556 1.93427 1.8618 1.80905 1.79914 1.73759 1.70339 1.68834 1.67363 3.40333 3.05924 2.09357 1.6199 1.44137 2.8028 1.42271 1.36689 1.35364 1.29022 1.26263 1.2585 1.24981 1.18017 1.179 1.14009 1.07483 1.0541 3.502 2.70404 1.02787 0.994111 0.97956 0.956967 0.933109 1.88126 0.918123
threshold=0.22889777337348557 -0.48742083761836419 0.38745883675288362 1.0185520211888746 -0.20721311514174423 1.9105139449978743 0.13159935539451589 2.3083560449475633 1.8667146939207657 0.23467694742714729 1.433087335363757 -0.045917832519065338 0.15773470574558116 0.43938994196173803 1.0568980631179306 -0.24820556661711735 1.5711682209056239 1.2982753699863221 0.41501863753920859 0.17460370933849426 -0.27548307429742502 0.18618958187241716 -0.088355244740503186 0.28109471692379834 0.51167995598559013 1.1416089457371101 -0.055998787682982713 1.1778184110778172 0.26830932680079206 0.42566833286873024 0.111110413385303 0.19041184262943422 0.23467694742714729 1.7637615812549206 -1.0000000180025095e-35 1.5148924075399703 2.3223414646407536 1.8510352605949423 -0.050963180127673265 2.4456931924488519 0.24318770105969253 0.26994411219515418 0.031710392269748179 1.0016054196248887 0.17953866812786518 1.3163372094847063 1.2480945796651504 1.333360353265211 1.0000000180025095e-35 -0.48524997687717192 -0.081803268543717056 0.16862740533955192 -0.013931497486886725 1.1993869010209013 1.1716208420555188 0.4264807968913143 1.4805690006777028 0.17953866812786518 0.24650345585847713 0.35129888977702306 0.8277719113616101 0.12326360852350565 1.4314245116394584 1.0688356022592682 0.30302762437618852 -0.072284156798026147 -0.43287813322960739 0.53351253057654835 0.33085481854384358 1.3998771804852905 1.4946565752158874 1.3887787960472193 0.29398076309898458 0.30753891871650907 0.40264419260108714 0.38536716196895365 0.27641228458169365 0.26766884802697027 0.91935066951930133 0.33556454735324914 0.012016004500239881 -1.0000000180025095e-35 0.49229303075399428 0.51226918626544671 1.5711682209056239 0.32012271856013641 -0.25842631538510447 0.22375896594680497 0.25014030448273367 0.67598317957924292 0.27992920379907649 0.077988521161022853 0.11769709031239452 -0.43287813322960739 0.2022968878706681 0.053466310351652974 0.76249685120072519 0.16773023658289499 0.82826169107200098 0.12033611312217761 -0.095329122902208394 2.1083968960900381 0.33085481854384358 1.5696186934595968 0.35144138434342131 0.2903558688599171 0.28834672203508543 -1.0000000180025095e-35 1.1416089457371101 -0.36568378230786647 -0.17599624432014477 -0.0015908499577239929 2.6932839836299074 -0.023301062598818586 0.24318770105969253 1.4468436755431886 0.19014209922267664 -0.31637963251100659 -0.023539448442428647
decision_type=2 2 2 2 2 2 2 2 2 2 2 2 2 2 2 2 2 2 2 2 2 2 2 2 2 2 2 2 2 2 2 2 2 2 2 2 2 2 2 2 2 2 2 2 2 2 2 2 2 2 2 2 2 2 2 2 2 2 2 2 2 2 2 2 2 2 2 2 2 2 2 2 2 2 2 2 2 2 2 2 2 2 2 2 2 2 2 2 2 2 2 2 2 2 2 2 2 2 2 2 2 2 2 2 2 2 2 2 2 2 2 2 2 2 2 2 2 2 2
left_child=1 12 8 55 30 6 63 25 9 16 57 88 15 19 116 17 29 20 56 -14 61 -22 64 24 -24 26 27 28 -6 40 39 -21 34 72 103 -31 37 49 -38 62 41 65 106 98 101 46 -28 105 -41 50 115 100 53 85 -54 -4 71 58 -11 -60 95 96 -5 -3 66 -2 -23 -52 69 -32 -70 -19 76 -74 75 79 77 82 -79 81 -81 -75 -34 -84 86 -53 -63 91 -12 -57 -66 93 -93 94 107 -17 97 109 -25 -97 -51 -45 -68 -33 -59 -42 -43 -8 -88 -1 -111 -112 -37 -91 -40 -16 117 -15 -58
right_child=2 5 3 4 7 -7 87 -9 -10 10 11 -13 13 14 36 60 -18 18 -20 31 21 22 23 43 -26 -27 45 -29 -30 35 68 32 33 -35 -36 112 38 -39 114 48 47 42 -44 44 -46 -47 -48 -49 -50 51 67 52 54 -55 -56 89 118 104 59 -61 -62 84 -64 -65 90 -67 102 -69 70 -71 -72 -73 73 74 -76 -77 -78 78 -80 80 -82 -83 83 -85 -86 -87 108 -89 -90 113 -92 92 -94 -95 -96 99 -98 -99 -100 -101 -102 -103 -104 -105 -106 -107 -108 -109 -110 110 111 -113 -114 -115 -116 -117 -118 -119 -120
leaf_value=0.0052831999164611142 0.025346902163479346 0.032376477847826164 0.0068770662984168791 0.010665529407118875 -0.021779706315134414 -0.012912085356965766 0.026750509557496568 -0.039458412304478226 -0.038028241325132842 -0.038656193572880478 0.03072198272389794 -0.035941106738990106 -0.041134133781852489 0.030815397721180179 -0.013568733056181424 0.034091606089535827 0.034477367282765577 0.0024757104273967824 -0.038390553043456552 0.022831532785309649 0.03679080009264607 -0.0025436730426532587 -0.038990588301668364 0.038810501542011301 0.0070806456780343873 -0.038142239863514983 0.014324337539224807 -0.040536214525203382 0.026106152347055486 -0.039451288054458487 -0.039732697970541221 -0.01501259567395068 0.022179005463926718 -0.037956945189216877 -0.038520055051967962 -0.012164250198382576 -0.028616832206487051 0.031608686792338567 0.01695597420047015 0.019209789427251617 0.012199539861308966 -0.011610614735291328 0.003798827920071338 -0.0042557431960773082 -0.041610347099495348 0.022884438140318177 -0.036979127520159201 -0.0057344720078985768 -0.019644308629280079 0.014322989116964094 0.021247718847481008 -0.0029519659751760263 0.0033282163495142172 0.039820338240819583 -0.039051921134869105 0.036211752784891103 0.0073754873982213752 -0.03788393106055267 0.0065116516885599081 -0.035747815450184114 0.010084612163609964 -0.024261398176428237 0.03418838281411922 0.012968437085566097 0.0039231107719449355 -0.008713515675260939 0.033950115147467659 -0.0090654083749344763 0.020676455335349824 0.015142981202007872 -0.019172237844378288 -0.037349394071678012 -0.037730061935447916 0.023560688702792473 -0.036498986620776455 0.032285834471339113 0.027600070021341488 -0.038131880566220015 0.018852580898173717 -0.036501390157946102 0.014023064399884176 -0.0083989245982406414 -0.020021076981106004 0.01777798482925208 0.019292841831430659 -0.041469964983938186 0.0058166884854435955 0.03518770822110534 0.0028667842243632821 0.015172121775447496 0.037431671121168575 -0.022403507823252199 0.01325583956399411 0.040255120252875323 -0.0077148253851495709 0.0036751662721830197 0.021292481216313181 -0.017929102565706036 0.01589283218824206 0.027219475484337799 0.037424523473679853 0.021264159386800253 0.011573317393419963 0.01524072523092606 -0.0092189694960946068 0.033908872758746982 -0.038301452256740663 0.0061689959913176495 -0.016303393507951857 0.039017391646436583 -0.018157789859025542 0.023659862955802961 0.015337146103726357 0.028761285907401606 -0.0087843456185305591 -0.039423422477878466 0.037336314639685543 0.0047450265733557685 0.027401870799210751
leaf_weight=8.6868229061365163 5.3413950055837631 51.428374886512756 5.0438365638256064 5.0706762671470704 2.9952681064605784 2.7045525163412085 5.3443715572357187 3.4212434142827979 2.9066383987665168 2.9736768007278496 5.1116513609886169 2.6977879106998426 1.7644637972116459 9.4882815778255445 3.4164722114801407 18.157195404171947 3.3758434951305381 2.1679100543260561 2.5713141560554496 4.4705951958894721 10.44130580127239 3.8874868303537369 2.5327636003494325 3.0702581703662855 2.6116175949573517 1.9865565747022618 4.5376871377229691 3.1172623187303543 2.0548846274614334 2.864868000149726 2.4659232497215253 2.1604668796062474 5.6881202161312121 2.3773838728666297 4.0663000494241706 2.0923779159784321 3.4149522930383682 8.5237336158752424 2.9859145134687406 2.8377052098512641 2.7386325448751432 1.7440115362405757 3.7102692276239395 2.4685718417167655 1.5175794064998624 7.4877256006002426 2.3184570223093033 2.9814534187316886 2.7277499735355377 3.3235337138175964 3.6306156665086693 2.3521618247032117 2.2186718285083797 5.7973902374505997 2.6191776841878891 13.023208662867548 3.9232198297977439 6.6033509671688071 6.4873915314674377 1.4697687923908231 6.1702308803796759 3.2162372916936866 9.3747907578945142 5.1358656436204901 1.2288516461849202 1.824019581079489 3.7637417912483198 2.9598053097724915 4.4604527801275253 1.7666435688734052 1.9055624455213545 1.5320780575275419 2.1818720251321819 4.7789479196071625 1.7418491691350926 2.6833057254552832 5.0387793928384772 2.5657863169908515 1.7302071154117582 3.2562970370054236 2.8974115997552872 3.3261015564203316 2.4075717628002167 1.687240421772003 2.4334836900234214 1.4324658364057539 5.9535183459520322 2.9995485693216315 2.3792598992586136 7.4487888813018825 8.2916966676712018 2.5143505036830893 8.2963428944349271 3.7330161035060909 2.9398168772459021 2.7790612280368796 8.8794769495725614 2.6411754339933387 5.3759002089500427 4.9883012920618057 4.0645564794540467 3.3463989198207855 3.5476662218570709 1.7618238925933836 1.3085958659648893 5.4812469184398651 3.8386951982975006 3.0914211571216592 2.2189319133758545 3.6104403138160706 2.221954420208931 2.1447302252054259 1.7710014432668684 9.1820426881313306 1.6039336174726484 1.4676807373762129 8.2047353982925397 2.5146321505308178 2.9043115824460992
leaf_count=26 13 110 15 16 13 9 12 17 15 15 12 15 8 21 13 38 7 7 13 11 21 13 13 6 9 10 13 15 5 14 12 9 15 12 21 9 15 18 8 7 8 7 13 9 7 19 12 11 11 9 9 8 7 11 13 27 12 36 22 8 16 13 20 13 4 7 8 11 12 5 7 8 11 13 9 6 12 13 5 18 9 13 10 5 6 7 20 6 8 19 17 10 23 7 11 8 22 9 15 11 8 8 10 5 5 12 20 9 9 7 9 5 5 20 6 7 17 7 7
internal_value=0.0114139 0.0145062 0.0046967 0.0110865 0.00263987 0.0242122 0.0254822 -0.00736853 -0.00386092 -0.00234058 -0.0112869 0.00593799 0.0112848 0.00741171 0.0148324 0.0148019 0.00454534 0.0115506 -0.00331832 -0.00177736 0.0136318 0.018774 0.0141601 0.00569652 -0.0145421 -0.00280692 0.000464776 -0.0167009 -0.00250123 0.00153094 0.0117109 -0.000453105 -0.00256587 0.000803297 -0.0202422 -0.0166564 0.00864356 0.0118039 -0.00774098 0.0187015 0.00599723 -0.00185612 -0.0159657 0.0125472 -0.000721421 0.010419 -0.0029735 0.0175572 0.00089129 0.00668017 -0.00439512 0.012566 0.00523163 0.0173074 -0.018789 0.0253263 0.00525419 -0.0206963 -0.0120294 -0.00166703 0.0256384 0.00727237 0.0257631 0.0305411 0.0226615 0.0160964 0.0141355 0.0076555 -0.00127816 -0.0159734 0.00844428 -0.0127924 0.00321966 -0.00278682 0.00146383 0.00562949 0.00978642 0.00335654 -0.0142953 0.000437018 -0.0124873 0.010211 0.0111618 -0.003953 -0.00239941 -0.016245 -0.00733632 0.0156346 0.0214273 0.0286499 0.0327423 0.0131735 0.00477752 0.0191705 0.0120452 0.0294883 0.0119943 0.00771987 0.0241563 0.0189623 0.0263805 0.0100276 0.0229469 -0.00193034 -0.0328021 0.0264492 -0.0294414 0.0189618 -0.000402629 0.0119389 0.0192533 0.00298194 3.18753e-05 0.0227425 0.0076032 -0.020925 0.0300518 0.0252412 0.0156957
internal_weight=517.004 354.075 162.928 93.2265 58.5286 88.1877 85.4831 27.9191 69.7019 66.7953 29.0315 10.1887 265.887 126.603 70.0187 139.284 37.7638 107.189 13.0988 56.5845 94.0906 52.0838 41.6425 20.9231 5.14438 24.4978 22.5113 8.16742 5.05015 34.388 30.6095 54.8201 50.3495 42.3609 7.98859 6.72825 49.8111 41.8063 8.0048 20.0109 27.6597 16.4584 9.29298 15.7787 7.33255 14.3439 6.85614 11.2013 5.56546 33.2825 11.4746 21.808 14.4199 9.58202 4.83785 34.6979 10.5275 18.8428 10.9308 7.95716 32.0948 42.0068 14.4455 56.5642 20.7194 7.16541 11.1989 6.59042 10.5986 4.23257 6.36602 3.69999 39.9835 20.8658 18.6839 16.9421 19.1177 14.0789 4.29599 14.2588 6.15371 8.10505 9.78293 4.09481 13.8222 3.78463 11.3887 28.9189 7.49091 29.654 9.52055 25.9193 10.8107 15.1086 11.3756 25.9246 28.1846 19.3051 8.44616 7.76736 7.38809 5.81497 7.31141 3.92229 7.91195 8.21988 5.58271 8.43579 8.17245 16.6639 7.97712 4.36668 3.86338 16.6308 4.58985 4.88415 20.2076 12.0029 6.82753
internal_count=1533 996 537 275 194 210 201 104 262 247 121 35 786 400 195 386 126 313 47 205 266 140 119 67 22 87 77 33 18 119 90 197 186 151 35 28 150 121 29 54 91 60 40 45 24 44 25 31 18 103 40 63 46 26 20 81 34 86 45 30 73 126 36 123 52 20 31 20 36 17 19 15 139 79 68 59 60 48 18 53 27 26 30 15 48 15 42 78 20 66 21 72 33 39 32 57 78 56 21 19 17 17 18 14 41 20 27 21 29 47 21 14 14 39 14 20 45 28 19
is_linear=0
shrinkage=0.0283043


Tree=35
num_leaves=119
num_cat=0
split_feature=12 12 12 12 18 21 11 21 9 9 21 16 21 11 12 21 14 11 21 9 16 16 11 11 9 14 14 16 9 11 16 16 16 9 12 11 18 21 11 11 12 16 11 16 21 21 9 11 11 16 16 14 9 9 9 9 14 16 16 12 21 12 9 16 16 21 9 21 14 21 21 21 21 21 14 14 9 12 9 21 16 21 9 16 16 21 14 14 9 14 21 12 21 11 14 14 21 21 14 9 11 16 21 9 9 14 9 21 21 12 14 14 14 9 12 16 14 9
split_gain=14.988 15.9896 12.796 18.6929 10.7626 9.71913 8.31497 7.33739 7.32862 11.3238 6.14865 6.15386 5.57744 5.29497 4.75701 4.51192 4.99721 4.43723 4.38499 4.61529 4.06971 5.84863 4.03505 4.35222 4.04307 3.82751 3.61174 4.68113 4.08478 3.46802 3.40878 6.44174 4.95557 5.59873 3.64546 5.35 3.40649 3.33144 3.28778 3.20468 3.04763 3.9489 3.01919 3.30585 2.93219 2.90737 3.63177 3.08446 3.28099 3.29903 4.24954 3.27459 2.81824 2.91366 5.06193 3.24121 2.65625 2.59316 4.10517 4.03907 3.54036 5.06 2.96966 2.85562 2.46857 2.42324 2.33192 2.27909 2.20785 2.20205 3.55683 2.18306 2.14461 2.69412 2.14345 2.12848 2.06865 2.44076 2.72624 1.99556 1.97288 1.93292 1.88865 2.86292 1.88036 3.05058 1.85918 2.09557 3.66708 1.84441 1.59707 1.5778 1.57096 1.53881 1.84923 1.52951 1.39701 1.91302 1.36508 2.00716 1.34776 1.34324 1.27498 1.2436 3.24091 1.2421 1.15007 1.14515 1.13959 1.10175 1.07694 1.06211 3.82729 0.954642 0.935476 0.862654 0.850544 0.836034
threshold=0.052414556294340435 -0.34771042901181659 0.29983279267315516 0.84985860134349789 1.9128762108979334 -1.5472665711839084 0.34224386086857111 -1.177995297531776 -0.27648080082640075 -0.45711390748238656 1.6281026379738048 0.11025042821238296 -0.73904574210442409 1.3468725546290765 0.21583902089734722 -0.12774282324867203 1.3521732120323084 1.7870673959249304 0.33749552120099208 -0.41167111596783929 2.418843485271176 1.4750071764440185 0.30484168481075352 0.24077624013211221 -0.37015184393081774 1.1178731122906302 -0.23700964599908839 0.52492814156989287 1.9229264331056117 2.3943007569494816 1.2004817532993799 0.29386486560703329 0.200028245868037 -0.38927601696224634 0.14005143142427981 0.28750108142079928 2.5589013670151393 -1.7441608616511062 0.96094097770332987 0.35979634301377234 0.61060974824364456 2.817924685039396 0.28909574784186892 0.11025042821238296 1.6958913392263069 1.2305112762374393 -0.48935361823990514 1.0073870311561657 -0.056645774667546271 0.33541092855657467 0.12285949864388276 -1.0000000180025095e-35 -0.0097133101840849983 1.447679193511443 1.0506237974602561 0.4928234796908863 0.25697488128113211 1.2004817532993799 0.59598808261277314 1.5838519296415328 -1.5012080459426611 2.3436965721443896 -0.38927601696224634 -1.0000000180025095e-35 -0.042098871306775636 -1.7072431821885066 0.48702972273421546 0.38220772031980293 1.4703503402656335 1.1418190904523706 0.56892189572085849 1.3296670141670572 0.5157302040063515 -0.5938550986900929 0.37837669130058688 1.4224620943812221 0.57473192282008434 -0.035019924204813833 -0.55662645828762269 -0.99744587858608746 -0.16792173589038531 0.21835746924363267 0.49833869064002478 0.34257049060714029 0.2260293028689401 -0.75269796138106049 1.964897178604645 1.0739095680818649 0.47349238676814814 0.34371996890161222 -1.2194479702488985 0.17795442591675831 -0.837563746607625 0.12858086347209333 0.33642140087321881 -1.0000000180025095e-35 -0.25909228933409512 -0.66693462540620485 -0.16106322585458027 0.37393208521876359 0.28349768809797377 0.10206071334878632 0.25503895114089287 -0.32610974091128991 1.3436541973841845 -1.0000000180025095e-35 1.3633672962601098 0.41473212506708329 0.59169134101960819 0.50750808337053621 -0.11200445490901176 0.99402697052581723 0.15597692968067622 0.42862260418338144 0.26680566883140816 1.3423750017662732 0.28797084393001637 1.2801059153800407
decision_type=2 2 2 2 2 2 2 2 2 2 2 2 2 2 2 2 2 2 2 2 2 2 2 2 2 2 2 2 2 2 2 2 2 2 2 2 2 2 2 2 2 2 2 2 2 2 2 2 2 2 2 2 2 2 2 2 2 2 2 2 2 2 2 2 2 2 2 2 2 2 2 2 2 2 2 2 2 2 2 2 2 2 2 2 2 2 2 2 2 2 2 2 2 2 2 2 2 2 2 2 2 2 2 2 2 2 2 2 2 2 2 2 2 2 2 2 2 2
left_child=1 4 6 7 5 37 20 40 9 17 12 25 42 18 15 -8 -17 45 103 36 21 30 23 69 -24 -12 28 38 57 52 31 32 33 34 71 67 -20 -1 39 86 41 -4 74 -44 68 46 47 48 49 50 108 -49 -14 54 55 75 117 58 60 -59 65 62 63 -62 -50 -5 -34 -36 91 70 81 -2 73 92 82 89 77 -3 -79 -64 -47 84 -10 -84 85 -11 87 88 93 98 -29 95 -26 94 -28 -35 97 -81 99 -54 -66 -21 -32 -6 -105 -93 -58 -55 116 -9 -57 112 -111 -100 -16 -86 -7 -56
right_child=2 76 3 26 13 8 14 109 10 22 11 -13 29 -15 114 16 -18 -19 19 101 -22 -23 24 -25 72 -27 27 90 -30 -31 102 -33 66 44 35 -37 -38 -39 -40 -41 -42 -43 43 -45 -46 80 -48 51 64 -51 -52 -53 53 107 56 110 106 59 -60 -61 61 -63 79 -65 100 -67 -68 -69 -70 -71 -72 -73 -74 -75 -76 -77 -78 78 -80 96 -82 -83 83 -85 115 -87 -88 -89 -90 -91 -92 105 -94 -95 -96 -97 -98 -99 113 -101 -102 -103 -104 104 -106 -107 -108 -109 -110 111 -112 -113 -114 -115 -116 -117 -118 -119
leaf_value=-0.040379991671704273 -0.040205175184580666 0.030109651330664983 -0.042445053416650932 -0.00058280539886775332 -0.042516376521240663 0.0021603724964313589 0.015148861204597191 0.039077119826086595 0.034395739131521545 0.0061152978495124912 0.020065244058090615 -0.047040649112239014 0.037914128801975672 0.023556102967484296 -0.036844180364867696 -0.039646569415885534 0.015234192921853284 0.035244261774890345 -0.038371400305596541 0.024556240177105393 -0.039243407032122306 0.031646468445722629 -0.040083182699167774 0.025503280373135907 -0.014631420983001355 -0.023390429543824438 0.025646251879230048 -0.0026938078541966968 0.034138560739480933 -0.0062539392795622198 -0.037174315217820636 0.030274905215555568 -0.037409600410318454 0.024285337541548491 -0.0059299203242374754 -0.036497033264272213 0.0084837566412046365 0.0033132122335055064 -0.024105324409091716 0.027718867220535855 0.025835705383816014 0.011437776838381606 0.0066053709281294372 -0.038439577441197192 -0.020319139739343205 0.011191354004379213 0.039709945037455265 0.0037696338196108597 0.032494136265352379 0.021968775677645432 -0.03782461498845379 -0.047216453443830256 0.022569394113259502 0.04038357033606111 0.0076779320128268769 0.026468386999870745 -0.010721458061030465 -0.039382784932129322 0.027545449016773981 0.011549575237994407 -0.040507465207180363 -0.040466110175102106 0.017572731737720355 -0.00063808511089912781 0.018225534545032333 0.032460538426310442 -0.0040486614439346306 0.023953700251018947 0.030711678085852082 -0.023752687468537301 0.020148313508862672 -0.0091859704869820674 0.013973685510789521 -0.036930206264373558 -0.013897079089876276 0.033570419746451523 0.038613728621239317 0.026934976149527612 0.0042991658543621893 -0.002352783904547134 0.037029957276051198 -0.0374412869196728 -0.0095898608247085935 0.028755403262339746 0.018655381834500238 -0.038855785048693463 -0.02290502463191138 0.023238606518787414 -0.026997799656343961 0.00093392078819904052 0.030282177140017297 -0.0055718069058516388 0.018749318423731443 -0.013761749632063494 0.00050391522660439287 0.0072225757923739088 0.0070924036575128399 -0.036767065426619838 0.020808966609817649 -0.0016775049411883122 -0.006358937599833101 -0.00090072555387695711 -0.0061358476313933315 0.0053390637280501252 -0.041400817907367195 0.01920989632754061 0.01390084830208423 0.023890897958228286 0.013324631757391034 0.031673482276481854 0.038874922037855177 0.039314041987949085 -0.0016886749866461951 0.037049942430600655 -0.016788697519022004 -0.0057878361108164734 -0.021482692125013313 0.024663101270279562
leaf_weight=3.3665379732847214 3.8508420586586025 32.307502076029778 2.0015323311090465 3.8991406410932541 3.196733295917511 2.8203488737344689 4.6049240082502365 12.385487020015715 3.4864327013492566 2.1396804153919216 5.5392773598432523 1.8216773867607114 10.438320994377134 3.6190335154533377 7.8516634851694089 3.8310186415910739 1.7891391813755033 8.5770833194255811 3.2759552001953161 3.7534035295247978 1.6755894273519505 5.0438818633556357 3.7235737591981879 5.3531112372875205 2.436230242252349 1.9723473340272901 4.1375458985567217 1.1856772899627674 2.0384377092123023 2.7162916064262381 2.3846645504236217 5.7722649276256552 3.8620103895664206 6.5084879249334344 3.173438757658003 2.2576361000537872 1.7044631391763685 2.0534778088331214 2.8209144771099082 4.5782227665185919 1.8444223552942274 1.844574302434921 2.635711356997489 2.158130094408989 2.2117400318384162 3.4512127637863159 2.6910009980201783 2.1411122530698781 6.5291509181261063 4.2178486883640298 2.5260209292173377 1.5202724635601033 5.5386219173669762 8.9927418977022153 3.7204187661409396 10.202552050352098 6.2251809239387503 3.5990693271160117 3.2267464846372595 1.6339505612850187 2.9162989407777786 3.5384141355752936 4.2534865885973021 2.44486884772778 4.1337907761335337 2.7385811805725089 2.6662753373384476 4.5565570592880249 4.0066124796867362 3.1789418160915366 5.172298088669776 3.086564838886261 2.7668917924165726 2.553250014781951 1.7008871436119068 6.4177514463663092 11.820283085107802 9.0480097830295581 7.3931836336851111 3.3542954623699215 5.8798349350690824 1.3822587728500355 2.8948825150728226 2.7112334966659546 2.785136416554451 2.2157830148935376 1.935112640261649 3.6706844270229331 2.9782343804836264 5.0975547432899466 8.8847387135028821 7.5289922207593918 1.7132046073675153 1.9692095220088948 4.4953287094831467 10.311336591839797 4.1614419370889619 1.8399868309497831 10.981701985001573 4.787554919719696 2.6968555003404617 2.5031939595937729 1.6068972051143644 1.9720101952552855 2.3136889785528183 1.8029452264308909 1.7474983036518095 4.6376662403345099 4.0052290707826614 13.000904738903051 11.419813349843023 5.1175507605075827 3.1344768851995459 3.4282753467559806 2.249716728925705 1.6069745570421217 1.7768619358539579 5.0622286200523376
leaf_count=16 19 72 9 13 16 9 13 25 7 7 14 8 22 9 45 20 5 18 17 9 8 11 18 13 11 7 10 4 4 10 13 13 21 16 12 12 5 6 12 11 4 5 8 11 8 10 5 7 15 11 13 7 13 17 11 24 23 18 7 5 14 17 12 9 10 6 10 12 9 14 14 12 8 14 6 14 24 20 20 12 12 7 11 6 8 11 7 9 12 16 20 30 5 8 15 32 14 10 29 16 10 9 6 6 11 5 5 11 11 28 23 10 9 7 9 6 7 13
internal_value=0.0111779 0.0151761 0.00533028 0.0115975 0.0119503 0.0138332 -0.00250069 0.027383 0.0147736 0.00861322 0.0191655 -0.00251378 0.0209325 -0.00664882 -0.0184172 -0.0050436 -0.0216094 0.0169713 -0.0127972 -0.00176641 0.00197537 0.0030174 -0.00336086 0.00350372 -0.0158635 0.00815199 0.00345117 0.00981853 -0.00245958 0.0233538 0.000764857 0.00239964 -0.000533341 0.00252029 -0.0105294 0.000156017 -0.0213795 -0.0213013 0.00365294 0.0070237 -0.00151621 -0.016019 0.00536009 -0.0130664 0.00939949 0.0134084 0.00967509 0.00704047 0.0101321 0.00132214 -0.0067488 -0.0166996 0.0242265 0.0225867 0.0203906 0.0243394 0.00683705 -0.00459819 -0.00162926 -0.0227228 -0.00495731 -0.0103041 -0.0045706 -0.0218008 0.0202988 0.0126445 -0.0233034 0.0112782 0.0117247 -0.00291495 0.00144967 -0.0261627 -0.0062414 -0.0146483 0.0133492 0.019205 0.0281586 0.0256299 0.0168559 0.00243991 0.0272041 -0.00812642 0.0188272 0.00904457 -0.00340987 -0.0160953 0.00200881 0.00489584 -0.000151524 0.0160157 0.0260491 0.00875611 -0.00111243 0.0074769 0.0126486 0.0138653 -0.00473749 -0.0143604 0.0191694 0.0114669 0.00879263 0.0142271 -0.0239103 -0.0293047 -0.0198822 -0.000475177 -0.00497676 0.0344476 0.00247301 0.0324534 0.0329452 0.0286153 0.0250551 0.0247502 -0.0321512 0.00939697 -0.00663882 0.0171668
internal_weight=512.919 304.656 208.263 115.629 244.087 221.749 92.6332 39.3289 216.329 89.994 126.335 9.3333 117.001 22.3385 20.3265 10.2251 5.62016 52.9666 18.7194 11.237 72.3067 70.6311 37.0273 23.8342 13.1932 7.51162 76.3004 36.6557 39.6447 101.414 65.5873 61.5957 55.8234 49.2952 16.925 9.98763 4.98042 5.42002 26.5853 23.7643 5.69053 3.84611 15.5873 4.79384 32.3701 44.3895 35.0585 32.3675 28.7061 15.3463 11.1285 3.66138 98.6979 88.2596 74.6292 57.8738 16.7553 37.6063 32.3733 5.23302 29.1465 22.5088 18.9704 5.36117 13.3598 6.63772 6.52829 7.73 30.1584 18.4811 15.3021 6.93741 9.46958 6.70268 10.7934 36.2515 60.569 48.7487 16.4412 13.6092 9.33105 10.1298 9.09255 5.60612 8.74757 4.35546 19.1861 17.251 13.5803 29.8337 10.0704 26.1518 4.14943 10.6021 8.63287 16.8198 9.35572 5.19428 24.7362 10.3262 6.83065 6.2566 3.99156 7.48243 4.2857 9.33194 7.97268 13.6304 8.60244 33.6384 21.6224 21.2529 16.1354 14.41 10.1014 4.39211 4.59721 8.78265
internal_count=1533 853 680 339 717 635 341 90 613 281 332 29 303 82 92 38 25 145 73 40 249 241 136 80 56 21 249 108 141 254 230 211 198 167 67 36 22 22 84 72 18 14 49 19 100 127 105 100 86 51 40 14 244 222 194 142 52 137 114 23 107 88 71 23 35 19 31 24 92 67 53 31 38 30 30 95 136 112 40 48 22 39 24 17 32 18 61 54 45 81 24 83 16 33 25 48 36 22 65 29 20 18 19 33 17 35 28 28 27 72 47 47 37 36 54 14 16 24
is_linear=0
shrinkage=0.0283043


Tree=36
num_leaves=115
num_cat=0
split_feature=6 18 20 17 17 17 3 6 6 6 1 22 17 20 17 20 17 20 17 20 1 20 17 17 1 18 3 3 17 22 6 3 17 22 17 3 3 22 6 6 22 17 3 17 20 3 17 17 6 6 3 3 3 3 20 3 20 20 20 22 3 20 20 20 20 22 6 6 6 3 20 20 22 3 3 1 20 22 22 17 22 17 22 22 22 17 22 22 20 20 22 20 20 22 22 22 20 17 22 20 22 22 3 3 17 17 17 6 6 20 20 22 20 17
split_gain=22.8325 11.5702 7.24892 6.59193 9.49094 9.25738 6.36518 6.29692 16.2802 9.12504 7.24397 7.01856 6.06508 5.42459 5.76851 4.89913 4.72021 5.10225 9.20587 6.35791 4.71339 4.63695 5.65669 4.86233 11.7854 4.41389 4.39577 9.50496 4.28946 4.97132 4.15041 4.10933 4.79494 4.07874 3.68314 3.19997 4.39119 3.07152 4.78562 4.33055 3.00126 4.94977 2.9964 2.81652 3.33703 2.49313 2.42739 2.54347 2.42383 2.33568 2.77583 4.11496 3.27363 8.24948 7.19018 4.81855 2.87552 5.86116 2.71422 2.62922 2.59736 2.53205 2.33072 4.33808 2.32791 7.51546 2.31897 2.38135 2.73091 2.30719 4.32857 3.80487 2.61304 2.22698 2.22537 2.17444 2.12666 2.98261 2.10855 2.0862 2.31468 2.05777 2.04397 3.14988 1.84766 3.26342 1.8022 3.05501 1.74343 1.72566 1.58668 1.57101 1.50359 1.46844 1.46418 1.4001 1.37325 1.30605 1.22958 1.22844 1.21867 1.17095 2.03242 1.29097 1.15879 0.975393 1.35125 0.971355 4.92703 0.956972 2.5843 0.918975 0.91701 0.860412
threshold=0.98517258165982136 1.9128762108979334 -0.93937265372244061 -0.19790162418840593 0.061125353231130393 0.63308076302394178 1.2732484878513084 2.6652840838644956 1.428372888605961 1.2454225704446971 1.5447649537603934 -1.0000000180025095e-35 -0.87124124876500109 0.97746068503792694 -0.10286792415522487 1.8756770567525261 -0.042421153384914222 -0.23185705924426622 -0.17852865817774724 0.8379825305873817 1.1136762610244324 -1.0327404724713845 -0.31151934591506952 0.050138573110455185 1.0997004160047599 2.9320144264910968 0.96113126235674995 1.1888807629993934 -0.029612983297424955 -0.69660318717508418 1.1009723465199888 0.21955847131430425 1.6577733302362794 -0.034218653833831068 -0.26166975313349522 0.10849696386208112 0.08930187766592014 -0.74606975501858686 1.2210646888706618 1.1868405342273625 1.0521854759981613 -0.15991541632436931 0.085616578776102792 0.44659770257141679 -0.073226531717014445 2.153729456566897 0.0079738823813744492 -0.021012516234875021 0.71924906991268778 0.63422941496506524 1.736522090270461 1.3087416605815816 -0.032224302034928751 0.18175952334280859 0.95419354430802195 0.13617612049709973 0.056176676479638678 -0.20248011199900598 -0.36056200383916442 -0.43543688154038995 0.96878761860645068 0.30351161941554267 1.2794098168253771 1.4334268169838911 -0.29158353518008878 -0.24393877487911539 1.0757659321862023 1.1162126604010105 1.1416020916045473 0.041530944463153981 -0.16983628861696293 -0.32143430415511182 0.48346305062288447 0.067603941421594385 0.11927695580181423 1.0688356022592682 -0.46400476884200059 0.60023658782721889 0.62208392444469685 -0.050963180127673265 0.0080211203469036721 1.9186703978891224 -0.029639299433661143 -0.23458925964543492 -0.92225564540429328 1.4631962854927252 -0.71308409285486241 -0.11807808128694357 0.67326713453055087 -1.4440676098765872 -1.0850373838478353 0.038495644563773294 -1.2662098953152976 -0.87138188011490481 0.89586730548402571 0.91511490444724009 0.46870083720213568 1.1176289345162747 0.86183220793692905 -0.24395198234609253 0.079024964353705734 0.12410298423037901 0.15871162467092939 -0.37654355098382691 -0.0035291205641196899 0.35970668709575748 0.44659770257141679 1.2855531786117551 1.2961182433655203 1.3382135872874523 1.0050670352930233 -0.7698013051653011 -1.7638972774661179 1.0075078919237621
decision_type=2 2 2 2 2 2 2 2 2 2 2 2 2 2 2 2 2 2 2 2 2 2 2 2 2 2 2 2 2 2 2 2 2 2 2 2 2 2 2 2 2 2 2 2 2 2 2 2 2 2 2 2 2 2 2 2 2 2 2 2 2 2 2 2 2 2 2 2 2 2 2 2 2 2 2 2 2 2 2 2 2 2 2 2 2 2 2 2 2 2 2 2 2 2 2 2 2 2 2 2 2 2 2 2 2 2 2 2 2 2 2 2 2 2
left_child=1 2 21 12 16 48 7 8 9 11 90 30 49 14 25 26 17 18 -5 42 64 22 75 86 84 93 31 -28 -18 104 -2 32 69 37 -23 36 66 39 96 -32 41 -15 78 88 -45 -8 47 -31 105 50 51 52 56 54 55 58 57 -4 -54 -55 -61 -52 -21 -64 65 -14 95 94 -69 71 -71 82 -72 -60 -75 101 -20 -78 -19 80 -44 -34 83 -7 85 89 -24 -88 -16 -25 -9 -83 -86 -3 -68 -13 -39 -29 -62 -10 -37 102 103 -1 -30 -6 -107 -11 -109 110 -58 -73 -87 -36
right_child=6 13 3 4 5 15 45 10 99 107 -12 35 20 40 43 -17 28 19 76 62 -22 34 23 24 -26 -27 27 97 29 46 33 -33 81 -35 113 100 -38 38 -40 -41 -42 -43 79 44 -46 -47 -48 -49 -50 -51 61 -53 53 59 -56 -57 109 -59 73 60 98 -63 63 -65 -66 -67 67 68 -70 70 72 111 -74 74 -76 -77 77 -79 -80 -81 -82 91 -84 -85 92 112 87 -89 -90 -91 -92 -93 -94 -95 -96 -97 -98 -99 -100 -101 -102 -103 -104 -105 -106 106 -108 108 -110 -111 -112 -113 -114 -115
leaf_value=-0.021871910649732516 0.032142016657045074 -0.0023361621992118949 0.018682949191417435 -0.049389318943230606 0.036233824801198543 -0.0020960727226044941 0.033705914158356914 -0.011691371837158404 0.018281583082952083 -0.037714140803983498 0.031948377810376752 -0.038782692269488446 -0.026817087447722283 -0.038232753857687422 -0.038044235055886132 -0.025236709399616346 -0.035839390821163081 -0.0094163648861939758 0.041371967236631856 0.024380336615615766 -0.0045055753222268038 0.0067313853671129671 0.040744282261082669 -0.023333258534383308 -0.041201564229424704 -0.0084534587839388588 -0.037394917157665068 -0.0003778728433303846 -0.0087406715222296504 0.017296104539747798 0.032292484302574559 0.03405770010335827 -0.023549734790265904 0.038503507474408741 -0.04232408402545073 -0.01086007603902916 0.030022438220775206 -0.038142077791855099 0.025462362776305977 -0.014781624569583544 -0.040580362295273537 0.011871272211247392 -0.024767166496114455 0.023832396740579069 -0.018864860672208439 0.00528412565552225 0.033566156034582954 -0.018006643803144807 0.0097565101188533052 0.030550581992333108 0.011070487789677693 0.039108297526441328 0.02833030764425417 -0.0054976539728999871 -0.040841844101569519 -0.036971838171971833 0.029944887977669761 -0.026491775924242983 0.018730684605365686 0.035421324149483319 0.02038275355487185 -0.023148811083199473 -0.024605523203419848 0.017959483670203245 0.034409243649656508 0.033462268202941341 0.022296307362896034 -0.037406558810852204 0.0038353667205396347 0.026981022437111896 0.0024087054351702342 0.038597872419911534 -0.037858404318189494 -0.025869968930835523 0.011110817039231693 0.0130313932812654 0.030459830613609688 -0.010412469248671312 -0.038694986298488679 0.023760985107707983 0.0053321678170569582 -0.010344996484034719 -0.019183651272244247 0.03393875663200608 0.011089988859067876 0.030427373555872016 -0.0046252877187900263 0.031189646957110708 -0.0017487599496857531 0.010504596763294516 -0.040446069324528058 0.013246270371742303 0.032851451799089521 0.02981667915507252 -0.0082493736558057265 -0.013478575437542816 -0.0086451066488189773 0.022961987970791131 -0.0023962382431312905 0.037305557247558914 -0.038799922832613819 0.0036008489595373812 -0.040494034890522342 0.0025838316283482393 -0.037609492958237956 0.015824281016741649 0.032340431546253365 0.012847471673215389 -0.038236776929158209 0.036299361552500825 0.0039302131410983857 0.024868798228922857 0.0096556057920600905 -0.016952505113118427
leaf_weight=3.1087985038757306 5.0075773149728731 1.1534899473190297 16.593084841966633 1.1754638403654087 17.74270287156105 4.3311684429645529 4.7453024089336378 1.706041932106017 4.0317534506320953 5.8536094576120359 1.3446473628282536 2.7909565716982057 2.0072180479764938 2.3825677335262299 3.3678749203681964 2.4247031658887854 3.3930255472660091 4.2430408298969295 6.4849137961864463 9.6576322615146655 2.7362975478172293 3.1706797629594803 5.3343916386365882 2.9674537032842618 3.2749279290437689 3.749428689479827 3.8418588787317258 2.5768481642007828 1.634565621614456 3.3833204358816147 3.3143141418695441 8.8205416649579984 2.6522599756717673 1.9803147315978975 2.6091822236776343 1.5622942000627507 2.0972474217414847 3.5946132391691217 1.5446580350399015 2.4756290465593338 3.5103540271520615 3.650478243827818 2.8734021782875043 2.6261913329362869 2.6730736792087555 4.4280457943677902 2.4760851562023163 2.7269093543291056 4.1892681419849387 9.1021726280450803 4.3372538834810248 6.0387260019779196 4.0122335702180827 2.3134301900863674 3.4020067453384391 1.785006821155547 12.48383797705174 2.3804208487272254 3.0967794209718758 9.289663031697275 6.561362147331236 2.5231654942035675 2.5573765188455573 5.3623341768980026 37.640543788671494 5.6238089352846137 3.1402887850999814 2.3253446519374847 2.3578721731901169 3.8257532119750977 3.5345313400030118 4.6185478121042172 1.7657697349786756 2.928108349442482 1.9655206799507139 3.4140324890613547 4.4274921268224707 1.8072378635406492 3.3245890438556671 2.2988356649875632 5.2592259794473648 3.4180919378995878 1.8104586005210785 2.9743268787860879 3.9859730899333954 3.1959125548601151 2.4744555950164786 5.5866430252790442 1.3300197124481199 1.6944751441478727 7.2756248861551276 5.3684722781181335 5.7792407125234657 9.1668558418750745 1.7256319373846052 3.9164736717939377 1.7166925966739652 5.4019003212451935 2.3619456887245178 6.6931889057159406 4.0682208389043808 2.6479511409997931 2.0839799046516418 3.2782074213027954 2.6206355541944513 5.6070085465908077 11.232746690511702 1.9838910996913908 4.4099765419960022 6.7876657992601386 3.6304613053798667 18.644716456532496 2.9082494676113129 1.5242881774902342
leaf_count=13 11 4 46 5 38 14 10 7 10 32 3 14 7 12 18 9 19 16 12 24 8 9 10 12 15 12 20 9 7 10 7 19 12 4 13 7 5 19 4 11 17 11 12 7 12 14 5 13 11 20 12 12 9 8 16 9 29 10 8 19 17 10 11 14 81 12 8 12 8 9 12 9 9 12 6 10 10 7 17 6 17 13 7 6 12 7 9 13 5 5 38 15 13 21 7 16 7 13 8 14 21 8 10 10 14 14 24 6 23 14 11 46 9 6
internal_value=0.0109516 0.0136563 0.015033 0.0166665 0.0130292 0.0179297 -0.00231217 -0.00498829 -0.00180925 -0.0079217 -0.0253 -0.00189009 0.0210557 -0.00220006 0.00484231 0.0122087 0.00446871 0.00878044 0.0231132 0.00313393 0.0293212 0.00592584 0.00887132 0.0147067 0.00710507 0.0164102 0.0134991 -0.00211805 -0.00868891 -0.00137116 0.0105801 0.0165204 0.0135575 0.00312758 -0.0147897 -0.0120979 -0.00645676 -0.00280564 -0.0154966 0.0119058 -0.0201275 -0.00846273 -0.0086171 -0.0113809 0.00232376 0.0196475 0.0109299 0.00173091 0.02914 0.0171503 0.015799 0.0171819 0.0154788 0.00945239 -0.00489493 0.00396171 0.0209 0.012853 0.0104335 0.0214534 0.0251148 -0.00113106 0.0151243 0.00405491 0.0315254 0.0176069 -0.0113619 -0.00254038 -0.0165209 0.0180021 0.00566476 0.0215437 -0.0107944 0.00112469 -0.0106234 -0.00591119 0.0302025 0.0189482 -0.0220463 0.00101067 -0.00549372 -0.00246203 0.00631049 0.0125967 0.0149483 0.00704407 0.0281901 0.0201471 -0.0271025 -0.010286 -0.0346405 0.00382353 0.0237732 0.0259696 0.011006 -0.023909 -0.028202 0.0150486 0.014486 0.0297662 -0.0304807 -0.0120855 -0.0172223 -0.00953545 -0.0254624 0.0316414 0.0268402 -0.0293045 -0.0220012 0.0276228 0.0239608 0.0275838 0.0202364 -0.0323695
internal_weight=508.828 422.738 389.127 330.088 180.488 114.782 86.0902 76.9169 66.5905 55.8656 10.3263 43.6181 149.601 33.6103 24.0669 76.0099 65.7061 49.4715 13.8951 35.5764 48.0079 59.0388 51.7347 37.2017 23.8062 14.0698 73.5852 11.8206 16.2345 12.8415 19.6338 61.7646 52.9441 14.6262 7.30415 23.9843 18.3538 12.6459 6.85596 5.78994 9.5434 6.03305 17.9991 9.99716 5.29927 9.17335 8.58631 6.11023 38.7717 101.593 92.4907 85.6303 79.5915 37.7161 17.1897 13.7876 41.8755 18.9735 12.0026 20.5264 18.213 6.86042 17.5773 7.91971 45.2716 7.63103 16.2566 9.54914 4.68322 41.5053 9.12605 32.3792 5.3003 7.99041 4.89363 14.533 12.7196 6.23473 7.56763 10.4315 8.13263 11.4388 9.11595 7.3055 20.5313 10.7661 13.3955 8.0611 4.69789 4.66193 8.98167 8.78656 9.76521 10.3203 4.86592 6.70743 5.31131 7.97875 8.92331 10.7249 5.63052 11.1189 8.47099 6.38701 4.2552 34.5825 16.8398 12.2475 6.39387 22.902 16.1143 23.2633 6.10416 4.13347
internal_count=1533 1215 1096 912 528 309 318 294 246 222 48 161 384 119 79 222 219 151 34 117 108 184 156 105 73 37 213 42 68 49 63 171 152 52 28 98 70 48 30 18 40 23 68 42 19 24 28 23 87 276 256 234 222 112 60 44 110 56 35 52 44 22 49 25 100 19 65 35 20 112 30 82 21 26 18 51 29 17 33 35 29 40 27 20 58 33 32 22 23 17 45 28 25 25 15 30 26 22 25 24 28 41 33 23 21 76 38 61 29 54 40 55 16 19
is_linear=0
shrinkage=0.0283043


Tree=37
num_leaves=119
num_cat=0
split_feature=12 12 12 12 18 20 20 8 8 8 8 8 8 20 20 16 16 20 14 20 8 22 14 12 8 14 16 8 22 12 16 22 22 8 20 16 16 18 20 16 22 20 20 22 12 14 12 20 22 20 20 20 20 8 8 14 8 12 14 20 16 16 12 20 18 8 8 22 12 8 20 16 12 16 14 20 20 20 22 22 14 16 22 22 16 20 22 22 16 14 12 20 22 20 22 16 22 16 8 22 20 20 22 22 22 22 20 16 12 16 20 22 20 22 20 8 22 22
split_gain=13.9415 14.906 11.8885 17.5053 9.85782 9.27561 8.12836 5.69029 5.24052 9.45204 6.13523 6.61838 5.31843 4.90732 9.21799 5.39299 4.87782 7.79219 6.13904 4.76707 4.61019 6.73401 5.90111 4.44478 4.42155 4.21083 4.0691 4.01806 6.79223 6.32925 4.62881 3.87305 6.48442 3.85485 4.54909 3.82068 8.0276 3.74977 3.59881 3.56903 3.5235 4.80989 5.47993 4.45673 3.50174 3.66492 3.97627 3.31155 3.28808 3.18124 3.39376 4.0899 4.55456 2.84799 2.78288 2.73891 2.59041 3.10657 2.50456 2.43013 3.84438 2.53925 2.32043 2.16853 1.96052 1.93493 1.91388 1.89403 2.06875 1.88944 2.13821 1.83737 2.90758 1.87731 1.79525 1.78451 1.67877 3.30951 3.11433 2.80323 4.39949 2.76459 2.01761 1.69379 1.67444 2.62548 3.48647 4.54678 2.84627 1.61675 4.6658 2.20872 3.47635 3.71228 2.77947 1.61032 1.58907 1.51587 1.51453 1.48174 1.45544 1.24646 1.2168 1.16322 1.15621 1.96387 3.92271 1.10698 1.10647 1.0928 1.04289 0.978219 0.953372 0.940689 0.92824 0.862215 0.839592 1.21108
threshold=0.052414556294340435 -0.34771042901181659 0.29983279267315516 0.84985860134349789 1.9128762108979334 -1.2662098953152976 -1.054810589883995 0.073114675992950628 0.20441534479025289 0.90592235522928444 -0.035375781180603215 -0.14636263490525395 1.2756142099707493 0.19173956716320123 1.0555415185055934 0.27306608031193685 1.2854590588463093 -0.103800502279569 0.28584783278968184 1.2024262547318967 1.5549952483048839 0.050403999352643204 0.29624484950937424 0.20915079832549491 0.0075622394982640551 0.3245899171668139 0.12980272860371184 0.10039882182788062 -0.49489693633009707 1.1932486917382195 0.48889339617006738 -1.1153756067489613 -1.6679033360944702 0.092234136637234232 1.2550703427070624 -0.067378821338557091 1.2388034379441342 1.233408315343387 0.59668258020950227 2.402567070825286 0.31529103043747553 0.12966892056434434 -1.1998748531485801 0.45133601740919227 1.5194996368078226 0.090198011537986442 1.3054305157288224 -0.27704468947212063 -0.034218653833831068 1.3382135872874523 -0.46400476884200059 0.27039397430373791 0.60967527079929906 0.051812092090256806 0.13002272756756431 0.36958627760601248 1.0793289125217551 0.19182765788148101 1.3816084745996491 0.97746068503792694 0.16501335175311241 0.12695950683974622 0.26112941941348117 0.21592941336685387 2.1717902050349678 0.098998881801187072 0.13459455968271042 -1.2901781504929499 1.3500585318169318 1.1383123996604179 -0.93937265372244061 0.29386486560703329 0.26383414766124541 -1.0000000180025095e-35 0.053831404490850394 2.060218151502041 0.79474006325013014 -0.24966278108901688 0.9316673625395212 0.73258470015296473 1.3273052923506599 -0.067378821338557091 1.1147699861338174 0.24156819475557242 0.37345447194181053 0.51885112659960553 -0.55366531779894512 -0.98579418770665173 0.21654159546092444 0.33131469840052225 2.0481268131506156 -0.28405226347544649 -1.5371770784521179 -1.3215223477685982 -0.7321647361889041 0.21872551942455018 0.89586730548402571 1.3353390580532716 0.37624574582889375 -0.22018337392823337 -0.68909502846485504 1.2347708222846159 -0.65467347344852767 0.4369539824961583 0.60674785736496084 0.32096752182935323 0.30982092981711434 1.9824501506149719 -0.033400767158533233 0.29171184622779844 -1.3807999399604356 0.9316673625395212 -0.434677697568294 0.96703810512000066 -2.2825575056553626 2.2214743887053867 -1.0850373838478353 0.034805573427064508
decision_type=2 2 2 2 2 2 2 2 2 2 2 2 2 2 2 2 2 2 2 2 2 2 2 2 2 2 2 2 2 2 2 2 2 2 2 2 2 2 2 2 2 2 2 2 2 2 2 2 2 2 2 2 2 2 2 2 2 2 2 2 2 2 2 2 2 2 2 2 2 2 2 2 2 2 2 2 2 2 2 2 2 2 2 2 2 2 2 2 2 2 2 2 2 2 2 2 2 2 2 2 2 2 2 2 2 2 2 2 2 2 2 2 2 2 2 2 2 2
left_child=1 4 7 6 5 31 39 40 10 -10 11 37 13 15 95 116 17 54 65 35 -14 115 26 33 -20 -16 -23 30 67 -30 38 32 114 -9 56 64 66 48 63 -4 41 42 110 -42 45 46 -32 55 84 50 -45 -52 -53 101 99 71 104 -58 -40 61 -61 -43 -25 89 -6 -19 -37 68 -29 70 -3 73 -73 -44 -71 -21 77 78 83 -79 -81 82 -78 -50 85 86 87 -7 -88 91 -91 92 -5 109 100 -15 -51 -86 -31 -12 -95 -26 -99 -55 105 106 -35 -18 -72 -94 -2 -54 -89 -101 -1 -22 -11 -118
right_child=2 69 3 27 19 8 -8 23 9 12 16 -13 20 14 25 -17 107 18 24 75 21 22 -24 62 53 -27 -28 28 29 98 44 -33 -34 34 -36 36 -38 -39 58 -41 43 59 47 49 -46 -47 -48 -49 76 96 51 52 111 103 -56 -57 57 -59 -60 60 -62 -63 -64 -65 -66 -67 -68 -69 -70 74 108 72 -74 -75 -76 -77 81 79 -80 80 -82 -83 -84 -85 97 -87 88 112 -90 90 -92 -93 93 94 -96 -97 -98 102 -100 113 -102 -103 -104 -105 -106 -107 -108 -109 -110 -111 -112 -113 -114 -115 -116 -117 117 -119
leaf_value=-0.01285519801332383 0.012532384403640521 0.011895524431333624 -0.016117270680668844 0.021906250198135694 -0.00098325113558607674 0.021749211060718993 0.032935455059233384 -0.036382767399646944 0.03413691531559028 0.046530688458938471 0.040857165245388738 0.036380290552628834 0.038312487409219512 -0.041610174725818634 -0.0087633012534584515 -0.020897665151382284 -0.040207000400180277 -0.040322630112266805 -0.027718513814185688 -0.039424717334549657 0.022699466877472842 -0.00043571972362838767 0.026268489830864307 -0.036429042432054817 0.011213188763109077 0.036416253214602463 -0.042262229355348187 0.0048401805825674746 -0.026401416680524231 0.0021538371031567792 0.010860509034159133 -0.031748717872417051 0.029353444305485258 0.028172494776114984 -0.039883872912376973 -0.042890897502528023 0.022451645833283927 0.033359063098157081 0.034835036235917147 0.022799110538602344 -0.037867690221634998 0.035785299132717482 -0.0014970181347014021 0.014765144651862868 0.035640254661964701 0.026073124689041976 -0.042750014948922221 -0.038073128233752522 0.014053559947354841 0.027601548351838531 -0.03817282531993757 0.021393570235546128 -0.037466205793822614 -0.020248545174875933 -0.00044836042557884731 -0.03754975830589715 -0.035866890855350615 0.0064454022042625759 0.0041304909631784308 -0.019034426057251638 0.025738693539039327 0.0069873615841439356 -0.008554875835728502 -0.025982650775534199 0.025849072649381275 -0.0032743309922956378 -0.0053765477655892784 -0.039856594527548549 -0.037258751006662823 -0.0017566749700045946 0.033644196515422532 0.024499221104615391 -0.0145850036972949 -0.038300812622078434 0.028209554931879228 -0.0036870770768510624 0.031055490872902436 -0.031842431722078936 0.033719531135257309 0.021876950094299664 -0.02691517742139176 -0.016025353936900476 0.0043653081053486959 -0.011688684696496055 0.040301566781549357 -0.011945472885654944 0.032201541522423063 -0.0041100664843709851 0.0034549864037998796 0.0064889178724102789 -0.041749059652164154 0.026494734680575768 -0.041201196222268428 -0.025214586393844451 0.015191830904042618 -0.010660831599821731 -0.00046653367467155093 0.0048013619964015616 0.023971277454134153 0.013853330017547816 0.003965683438462167 0.032254863909750887 0.030279755927477999 0.0067070186214024411 -0.0031920610168919643 0.038151067990369561 -0.018256036751987909 -0.010877238099032927 0.02445976764819249 -0.012657139350869429 0.036002330200679139 -0.012039933556044 -0.028471749392445147 0.031838180393491504 -0.040921514042876389 0.037166001021061816 0.011482894470949455 0.032083990993909725
leaf_weight=1.8237005919218066 2.89541295170784 4.941949635744094 4.3022538274526587 4.1337253451347413 3.4732118844986015 4.6426046192646027 31.175340428948402 2.4114496856927934 26.174427539110184 1.2018113732337941 3.6015217900276193 10.231391713023184 8.7726016938686353 4.5478013306856138 2.6683908402919769 2.2807952761650077 2.2680328786373134 4.2899302542209652 2.7651265114545849 3.9289037585258475 7.0930315405130404 4.8440378755331022 3.9500585943460464 7.1642132401466352 5.8846103847026807 3.3249690532684326 2.71673783659935 2.0402568727731709 3.4511550664901725 3.6462465822696668 2.4508783966302854 4.4880317002534849 3.2436675280332565 3.1443441212177294 1.8532292991876591 4.0521571636199933 3.0810656994581223 5.9804019927978507 3.8415469229221335 2.9083154648542404 2.7785072624683407 7.6655405759811419 3.636020526289939 3.459030464291577 6.6225867569446555 4.4115364551544189 1.6481784582138059 2.5634187757968876 3.3991644680500048 3.4582695066928855 4.0046062320470774 3.1407870799303055 1.6815980672836301 2.6318781971931449 3.9136631637811652 1.5243169665336616 2.1518864929676047 3.0927423238754272 3.928785502910614 2.6353781074285498 2.9059411585330963 3.1088808476924896 3.3625590354204178 2.5828840881586066 4.7976727038621902 1.3305741250514982 1.2901591211557386 4.4761186838150051 1.3817164152860639 3.1232520639896384 33.668463811278343 4.1206353902816772 2.0450068265199661 1.3659520000219334 2.6070964932441711 1.3532757908105848 4.9030523300170881 3.7362720072269457 2.8316691964864731 2.8613970726728439 2.5200289189815521 1.919702649116515 3.6408688724040985 4.1473678052425385 3.672168701887129 2.825588345527648 10.36161713302136 2.1527604013681412 3.2726663202047339 3.7586588114500037 2.4659224152565002 2.7463393658399609 2.3525573909282751 2.9716067761182838 6.024119928479184 1.7008862048387525 2.5072052776813507 2.7035824507474899 6.6418806910514832 6.2304214835166931 2.1535516381263733 3.220981165766716 2.628645122051239 2.0760334879159927 2.3837472796440125 2.5058752000331879 2.2539277374744415 1.5556140691041944 14.778402790427206 1.628477558493614 2.4814123362302807 3.102310910820961 2.5244410336017591 3.2844642698764801 1.5289727449417112 5.4677141159772873 3.874457314610483 4.5966522544622421
leaf_count=7 9 13 15 11 12 12 68 13 56 2 7 21 18 22 10 10 11 21 11 20 18 16 9 42 18 7 13 7 16 13 7 21 7 8 9 20 8 13 8 7 14 16 13 10 14 11 8 14 9 8 21 8 9 11 14 8 12 11 12 11 7 10 13 11 12 5 5 23 7 9 74 10 9 7 6 5 11 17 6 8 11 8 11 16 7 11 23 8 11 12 12 7 11 13 16 7 9 9 17 18 7 7 6 7 9 5 9 6 34 6 5 12 11 7 7 11 12 10
internal_value=0.0107327 0.0146253 0.00505306 0.011149 0.0114969 0.0133124 0.0266423 -0.00254041 0.0146621 0.0201473 0.010981 0.0155582 0.0137152 0.00369279 -0.00884979 0.0163339 0.00237377 0.00530752 -0.00567053 -0.00644992 0.0210771 0.0147588 -0.000735742 -0.0125349 0.00287938 0.0156304 -0.0152831 0.00324761 -0.00700589 0.0048618 0.00736828 -0.0115477 0.001593 -0.00471631 -4.73781e-05 0.000782585 -0.0124142 0.0124953 0.00219892 0.000172138 0.00241348 0.00789702 -0.00108907 -0.0059424 0.020536 0.00886294 -0.00967779 -0.00976148 0.0105118 -0.00161875 -0.00833719 -0.0155019 -0.00393692 0.00942471 0.0195531 -0.00395352 0.00494798 -0.0108604 0.0191257 0.0193154 0.00451686 0.027085 -0.0272846 -0.00214267 0.0141756 -0.0304065 -0.0331077 -0.0275955 -0.0126319 0.0273236 0.0290114 0.00090802 0.0111261 -0.0113391 0.0123791 -0.0295585 0.00366557 -0.00123501 0.00947583 -0.0135684 -0.000884253 0.0126707 0.0195463 0.000345952 0.0163968 0.0127799 0.0159049 0.00287662 0.0249521 9.74303e-05 -0.0124176 0.00368547 0.000349141 -0.00591981 0.00232894 -0.0325207 0.0156151 0.0267475 0.0159601 0.0258869 -0.0123774 0.0185804 0.0176482 -0.00784474 0.0131253 0.0183499 0.00917352 -0.0273074 0.0308202 -0.0281477 0.022558 -0.0207838 -0.0166105 0.0202519 -0.0243765 0.0288148 0.025584 0.0226999
internal_weight=504.551 299.403 205.149 113.745 240.283 218.307 38.3859 91.4042 207.223 83.2144 124.008 80.9554 57.0399 24.1958 12.242 11.9537 43.0529 39.2292 22.1991 21.9764 32.8442 24.0716 11.5108 30.324 16.5786 5.99336 7.56078 75.3587 21.6374 13.7393 53.7214 11.0844 6.59634 19.7972 17.3858 16.6943 8.42338 70.724 38.5882 7.21057 61.0802 36.9479 20.6322 24.1323 15.1332 8.51059 4.09906 15.2554 64.7436 21.3538 15.3883 11.9293 7.9247 13.8135 17.0301 12.6919 15.5325 5.24463 7.77033 16.3157 5.54132 10.7744 10.5268 30.8178 8.27088 5.6205 5.34232 7.89809 3.42197 59.1192 53.3888 11.1676 6.16564 5.00197 5.73035 5.28218 29.9595 19.4959 10.3782 9.1177 5.38143 10.4636 8.54392 7.54653 34.7841 25.7797 22.9541 9.31981 13.6343 28.235 6.22458 22.0104 19.264 15.1303 11.1493 6.24869 5.96547 9.0044 10.2881 13.1164 5.12516 9.10559 5.33223 4.70791 10.2879 7.90415 5.39827 3.82365 48.4469 3.98103 5.37683 4.78391 4.6772 9.51489 3.35267 12.5607 9.67292 8.47111
internal_count=1533 853 680 339 717 635 90 341 593 221 372 229 165 80 46 34 143 126 80 82 85 67 38 131 54 17 29 249 83 46 166 42 21 76 63 57 33 208 126 22 210 119 75 91 40 26 15 61 195 77 60 50 29 43 46 47 54 23 20 44 18 26 55 106 24 26 25 37 14 136 121 39 19 20 15 25 97 67 31 36 19 30 22 25 98 76 65 31 34 95 24 71 64 53 36 29 17 22 30 32 20 25 15 18 31 22 17 17 108 17 14 21 19 25 14 29 24 22
is_linear=0
shrinkage=0.0283043


Tree=38
num_leaves=126
num_cat=0
split_feature=10 21 9 9 21 9 21 7 7 15 21 10 10 15 9 17 9 7 21 17 16 7 21 21 7 17 17 17 7 17 21 16 9 21 7 16 17 10 15 21 15 21 10 7 9 21 21 9 9 17 17 7 21 10 10 16 21 21 16 7 16 15 9 9 7 15 7 17 21 21 17 7 17 9 21 16 16 9 9 7 17 9 7 7 21 7 21 7 16 15 16 17 17 16 16 10 9 9 15 10 21 16 21 15 7 21 9 9 7 15 21 21 21 7 9 9 7 7 7 7 7 21 9 15 15
split_gain=11.439 10.2163 8.12891 14.1687 7.49608 6.47101 5.23754 5.11675 11.1824 4.86506 4.7948 4.75639 10.523 8.65966 6.93102 4.54863 5.1371 4.21206 3.97672 4.87634 5.99348 4.72825 3.95086 3.94584 3.95665 6.12725 3.88508 6.0419 5.38987 4.87162 7.47433 4.53953 4.10044 3.68859 3.49962 3.4296 3.25547 4.74296 6.42028 3.87275 3.16782 3.09527 3.0931 4.149 2.97107 2.93238 7.99559 2.85567 3.01956 2.85173 5.10232 2.81836 2.74877 5.07612 2.65199 2.62394 2.5887 2.43827 4.40009 3.93768 2.35862 3.24326 4.2292 2.29051 2.28747 4.72909 4.3218 5.63309 4.18495 9.65982 3.3869 3.83772 4.22926 2.83616 4.17549 2.70039 2.62265 2.28568 2.27505 2.26674 2.25595 2.19032 2.1012 2.06051 1.94299 1.95977 1.89969 1.83328 1.79321 5.14921 1.76902 1.59156 1.76127 1.58135 2.32269 1.53231 1.50179 4.4706 1.51161 1.48678 1.48012 2.24091 1.38948 1.33376 1.26502 1.18685 1.17265 1.73043 1.17791 1.16723 1.14929 1.13539 1.13165 1.10455 1.10302 2.22877 0.910784 1.24211 1.3365 3.76021 1.14435 0.903139 0.878867 0.876125 0.985411
threshold=1.0294283519800993 -0.73904574210442409 -0.31103642267511605 -0.47010210989074752 -0.84552360455957398 -0.038865139486674576 1.6281026379738048 0.077988521161022853 0.29806558677042655 -0.068502415044507978 -0.77383764347896622 1.4349317079556274 2.6698846845360671 -0.027796663333927784 -0.44310702253219342 -0.091101939770672033 0.91368262170004366 0.33085481854384358 0.20798839612521869 0.85352738932823458 0.17045255860591621 0.26690639120623932 1.7900869282837908 -1.7441608616511062 1.2878634922688195 -0.056456570188010834 -0.11972795641487814 0.061125353231130393 0.8029221756821282 -0.0035291205641196899 -0.39055985420218825 0.1917355157231373 -0.028192848169510374 -1.8671016944104351 0.67920575400610095 -0.072364760953627247 -0.13595488521013074 1.2262329224243091 0.0088495488470341725 0.71484475158774308 -0.4709722583517903 1.8254929433282161 2.9912519381251843 0.48630704723222123 1.0883787191669134 0.56892189572085849 0.36829568372129273 0.55427868740985919 0.43531566682151351 -0.051401482526104429 -0.063683689735476265 0.19851140250876356 -0.25909228933409512 1.321060067851445 1.2692205408243937 1.0447226479690885 0.27431267247261437 0.62482985943677249 0.21872551942455018 1.9694293126790574 0.22819262377630528 -0.035797503377738536 -0.37759300156060788 0.67640917402671408 -0.44880148014425963 2.6871445480644982 0.13632607556073426 1.0951586315567023 -1.3447980181746926 -1.1865692691536085 0.71760494554807253 0.28338417220566375 0.041245904448951244 0.13358667300522117 -1.0334660073003961 -0.061723282395016739 -1.0000000180025095e-35 -0.55051436303662937 1.9229264331056117 0.066666977149978365 -0.079384655652611463 0.50975907694884726 1.2276519506625785 -0.42623601289403862 0.16880322003535783 -0.72533102426514995 -0.51683107263280703 0.12326360852350565 0.26800802999995454 0.56940495577857819 0.22204261148251006 -0.28528938238228729 0.92399667494267201 -0.01797269242558901 0.2209403479725669 1.3484236378206311 -0.41001575683736197 -0.42489807209694225 -0.083187700760389297 1.1446750458515778 0.41473212506708329 0.76199720843272301 0.71484475158774308 0.9426697622756941 1.2494301215124233 -0.70073449700632007 0.74295779445484789 0.47349238676814814 -0.13501396552668993 -0.31275269051004623 0.93729561862469968 0.21835746924363267 -0.092313188447712677 -1.0000000180025095e-35 1.1682100049256565 1.3226120361294622 1.5711682209056239 1.1716208420555188 0.41152497787817183 0.12326360852350565 -0.43287813322960739 -0.47296918474921984 -0.35921692352083739 0.035019784261272467 -0.23755267669925315
decision_type=2 2 2 2 2 2 2 2 2 2 2 2 2 2 2 2 2 2 2 2 2 2 2 2 2 2 2 2 2 2 2 2 2 2 2 2 2 2 2 2 2 2 2 2 2 2 2 2 2 2 2 2 2 2 2 2 2 2 2 2 2 2 2 2 2 2 2 2 2 2 2 2 2 2 2 2 2 2 2 2 2 2 2 2 2 2 2 2 2 2 2 2 2 2 2 2 2 2 2 2 2 2 2 2 2 2 2 2 2 2 2 2 2 2 2 2 2 2 2 2 2 2 2 2 2
left_child=1 4 3 7 23 121 26 41 9 40 -6 14 63 42 17 16 22 110 21 49 -21 60 -8 33 64 -26 32 29 47 30 86 82 -7 79 -10 105 39 51 54 52 -9 45 43 -14 87 46 84 48 56 50 96 83 53 -16 -39 57 -29 93 59 77 61 62 112 -13 65 68 75 70 76 -70 71 90 -73 123 -75 -66 -25 -59 100 -1 -23 -50 113 122 85 91 -28 106 -62 -90 -68 -3 -93 111 -95 -40 97 -20 -98 -41 101 -46 -33 -27 -89 -34 107 108 -37 -47 -2 -36 -5 -32 -49 -116 117 118 119 120 -107 -4 -38 124 -71
right_child=11 2 5 18 10 6 15 8 34 -11 -12 12 13 -15 36 -17 -18 -19 19 20 -22 80 -24 24 25 103 27 28 -30 -31 31 102 35 -35 55 44 37 38 95 99 -42 -43 -44 -45 78 109 -48 114 81 -51 -52 -53 -54 -55 -56 -57 -58 58 -60 -61 88 -63 -64 -65 66 -67 67 -69 69 73 -72 72 -74 74 -76 -77 -78 -79 -80 -81 -82 -83 -84 -85 -86 -87 -88 104 89 -91 -92 92 -94 94 -96 -97 98 -99 -100 -101 -102 -103 -104 -105 -106 116 -108 -109 -110 -111 -112 -113 -114 -115 115 -117 -118 -119 -120 -121 -122 -123 -124 -125 -126
leaf_value=0.011272923851897236 -0.037617409274783874 0.020235284505966001 0.01786056896993567 -0.037026011310345761 -0.04137373870721292 -0.05467218751503209 -0.026191042604195143 -0.019882620971114026 0.037150290321405009 -0.038853466064208017 0.0017234560684229276 0.032721725566049353 -0.037564739957201353 -0.038461318179388887 0.016583924458237351 0.025254358279001569 -0.044181689858488873 0.0043736123324228642 -0.036369307730365827 0.026658777674093428 -0.036736385848580765 0.03651987333291163 0.017184064736219102 -0.00024847489132628973 0.017508283798523296 -0.03837044153802769 0.0092793191283778893 0.029964273470234417 -0.011267967051050832 -0.036477996453101159 -0.016241552001002361 0.0055380298563144185 -0.036830890056547466 -0.03900472819969502 0.020128727248098371 0.019216403262439369 0.0025175371275860531 -0.0064054268771127024 0.003285147072350122 -0.0049126882851568644 0.021252957282504321 -0.0086723009002289339 0.022975211209511719 0.016146508229802337 -0.040539934779662237 0.023982590148320604 -0.020775825983295623 0.037817710495180644 -0.023933821349371248 -0.039659476533841158 0.026034839995863795 -0.015430796329876763 -0.039711972128112991 -0.036982966873643899 -0.037005439510847712 -0.010764405062060316 0.0053637687368094274 -0.043037884102684477 0.037955850716469341 0.017250467950137082 0.023359164077028368 -0.036811499901963543 0.023106072867842324 0.0073256857995409493 0.0070829167759598136 0.037908591174023905 -0.038559065443712015 -0.037069315246608378 -0.040073170222402844 0.019165025429184881 0.032855132272084572 0.025648720406415939 -0.019750866860094658 0.0078697104089888222 -0.042300727668767968 0.03928915557273073 0.029230491529289391 -0.0024275385996454634 0.020208412724666936 -0.020306218358165821 0.0063946057711782934 0.01562279843567848 0.0087106640670157904 0.029925621096364562 0.037372849395343168 0.027467712923390258 0.039730962621778484 -0.0061463422534988321 -0.035880126278031214 0.025717788388007767 0.0027398215304390182 -0.015729185006488448 0.018848071575094501 -0.0057643503054560456 0.022985224271721217 0.031686533990233558 -0.014849895370922718 0.016801111165687419 -0.039634791986979279 0.022381965517556782 0.010638220478066847 0.0010058353240619009 0.034294564228968226 -0.0067823113409005657 0.021118671902237436 0.024158629960563473 0.038503139668390168 0.001592765032326355 0.036238878137752062 0.037580770847503449 -0.012723059574103811 0.039489318422819053 -0.0052051468318253923 -0.038562756034499213 -0.0069054701693104532 0.029877187964751657 0.038046165511578398 0.010173481293693477 0.037946901601964331 0.0021946526838119767 0.034982661981507637 0.036096113335502299 0.019884424376057398 0.028344885211523643 -0.004135010963287381
leaf_weight=4.6212318688631058 7.0906950235366804 5.2365230023860976 2.1791585236787823 1.8390714377164878 4.4548603445291519 0.49824252724647422 2.3516381829977018 2.7300826609134674 5.167572706937789 4.4861554354429227 3.4886562377214423 11.811749011278154 1.9605558812618236 4.5687077343463889 2.7753004133701316 3.6224398761987677 2.4615640491247177 3.2442703545093527 2.0640845149755478 4.4776289016008368 1.3956995308399198 4.3842398971319199 4.3302761167287827 3.5832118839025497 3.6085754334926605 3.6041650027036649 2.1023804247379303 9.3076028972864169 3.7025114297866812 2.1813862323760977 5.5712906420230892 3.1958598792552939 0.20835036039352317 2.4419964849948865 4.3074204325676 8.2873579412698746 4.9141827523708379 4.5647317171096784 2.6089950054883948 2.901264712214469 2.7158215343952179 2.2077122032642356 5.081571102142334 2.1602815836668015 1.857073619961737 8.3092228472232836 3.3912815004587165 9.2205964773893374 2.2482764571905127 3.7873810231685647 2.0930744260549554 1.8715159595012654 3.6376042068004599 2.4301660805940628 4.1397506445646286 3.0988410413265219 4.9376466870307913 2.2919400930404663 2.0478597283363342 2.8284635990858078 3.3075843602418891 2.9030541926622409 2.8244573622941971 3.3565138876438132 2.4293033629655829 3.075502172112464 1.7982180118560855 1.7293318361043919 4.5387374162673977 3.2740545570850372 5.0212966799736014 6.6216984838247281 1.891602963209152 3.4286655783653259 1.8617231100797642 8.0950338840484672 5.7792315334081632 1.7561689019203166 2.9486116021871567 2.650538370013237 3.0773485749959937 1.7842675000429151 1.8997059613466261 7.8894656151533136 5.6616434752941123 10.420844301581385 4.7656757533550325 2.8855032026767722 1.8723914176225664 1.9900437891483305 1.2346008270978925 2.7628142535686502 1.6954930573701856 3.0373494625091588 6.3158884793519974 2.8796897083520889 3.6377314031124142 2.5865554809570339 3.8143562227487529 2.8635078072547913 1.6949036866426466 1.8355658054351804 1.9018063247203825 1.3139765709638593 2.0806867182254791 18.147637903690335 3.498560518026351 2.6190272122621527 4.7256566882133528 11.682516470551489 1.6899009495973585 4.5615740716457367 1.3978982418775556 2.3579812496900514 1.3893397599458674 7.5874048173427582 5.5408861041069022 3.1491395384073249 7.6678167581558219 4.4909532815217963 13.097537532448774 17.705116406083107 3.9548426121473312 2.9211111217737198 2.1572001874446887
leaf_count=13 39 14 6 10 22 2 9 12 11 23 12 26 10 24 8 8 11 12 11 11 7 9 11 12 10 19 7 21 14 12 23 11 1 12 11 21 18 19 10 11 7 8 13 6 9 21 13 19 10 19 5 8 18 13 23 12 14 12 4 7 10 16 7 10 7 6 9 9 23 9 11 16 7 10 9 16 13 5 7 11 11 5 6 18 12 24 9 10 10 5 5 11 5 10 15 7 14 8 19 7 5 6 4 5 5 44 7 8 10 25 7 9 5 12 5 17 11 9 16 15 28 39 11 7 7
internal_value=0.0105208 0.012503 0.0147866 0.00977267 0.00381865 0.0187604 0.0168972 0.0159725 0.0090782 -0.0170643 -0.0219042 0.00129741 0.0106492 -0.00703482 -0.00328855 -0.000275557 -0.0109682 -0.0222505 -0.00286125 -0.0110117 0.010913 0.00528747 0.00148752 0.00647596 0.00888757 -0.00883005 0.0183806 0.013135 0.0198054 0.00195554 0.00589277 -0.00524144 0.0223341 -0.010115 0.0164656 0.0228179 0.00155573 0.00649649 -0.00569725 -0.00942742 8.76907e-05 0.0220788 0.00834596 -0.0089539 0.0156308 0.0235689 0.0178857 0.0231207 0.0153056 -0.0183148 -0.0125883 0.0158372 -0.0211488 -0.00840824 -0.0207092 0.0128373 0.0212822 0.0156189 0.00374744 -0.00708948 -0.00320315 -0.0128162 -0.00140637 0.0267833 0.011473 0.00612169 0.0171725 0.00895717 0.00239274 -0.00548552 0.0139223 0.00565442 0.0151252 0.00625302 -0.00950466 0.0313648 0.0174933 -0.0246247 0.00129201 -0.000447169 0.0236813 -0.00563697 -0.0164228 0.0195511 0.0231984 0.0191453 0.029505 0.0205899 0.00864227 -0.00391608 -0.0203094 0.010091 -0.00207549 0.0215167 0.0136302 0.017753 -0.01954 -0.00732255 -0.0273797 0.00815806 -0.00960372 -0.0196276 0.0158722 -0.0293211 0.00587535 0.0272873 0.0245688 0.0213258 0.0254573 0.0318416 -0.0325561 0.0299715 -0.0223738 -0.0228948 0.0309795 0.024199 0.027572 0.0262868 0.0275234 0.0252399 0.0286912 0.0338638 0.0104321 0.0164045 0.010087
internal_weight=500.223 411.828 326.203 144.166 85.6245 182.037 162.153 96.7132 45.3451 9.93206 7.94352 88.3953 28.9394 13.7711 59.4559 12.7659 9.14348 12.0249 47.4526 23.8565 5.87333 23.5961 6.68191 77.681 67.9672 8.52672 149.387 64.1537 40.1776 23.9761 21.7947 14.9266 85.2335 9.71377 35.4131 84.7353 47.431 32.8232 14.1932 14.6078 5.4459 51.3681 9.20241 4.12084 32.4329 49.1603 29.1686 36.4751 18.2778 17.9832 14.1958 18.63 8.84307 5.20547 8.70448 30.2455 14.2452 27.1467 8.92443 6.87657 16.1345 8.96448 6.06143 15.1683 59.4405 30.6194 28.8211 18.2967 27.5439 18.1815 16.5674 11.5461 8.5133 13.6428 5.29039 10.5243 9.36244 4.04811 8.33615 7.27177 7.46159 4.03254 9.82898 16.7585 25.7773 20.1157 6.86806 24.0968 7.17002 3.86244 3.03282 9.69483 4.45831 18.2222 9.35324 5.48868 12.1027 4.65064 7.45209 5.76477 5.38754 3.69264 5.09767 4.91814 4.96619 52.3023 19.1306 15.632 13.013 19.9917 8.7806 8.86899 3.23697 7.92927 18.1973 8.97674 52.094 46.5531 43.4039 35.7361 31.2452 19.8843 8.86903 8.35237 5.43125
internal_count=1533 1215 935 448 280 487 442 271 138 42 34 318 89 53 229 39 31 58 177 94 18 83 20 246 210 34 403 189 105 84 72 56 214 36 96 212 171 114 59 57 19 133 29 16 88 125 79 91 50 76 57 55 39 21 42 85 35 73 28 24 63 38 22 36 176 96 80 57 90 65 48 37 23 42 19 23 25 17 27 24 20 15 41 47 66 54 16 61 25 15 14 30 16 45 25 17 52 19 33 18 20 15 15 24 15 124 46 39 31 46 46 20 15 35 41 22 123 112 103 87 72 45 29 23 16
is_linear=0
shrinkage=0.0283043


Tree=39
num_leaves=122
num_cat=0
split_feature=21 2 2 2 4 4 3 21 0 8 8 8 2 21 16 0 4 3 2 4 4 2 16 21 8 4 16 3 16 16 8 8 4 16 16 0 0 21 4 3 21 8 2 16 16 16 2 16 0 21 21 21 0 0 0 8 21 21 3 21 0 3 21 21 3 0 0 3 16 16 0 0 21 21 3 3 8 3 2 4 21 2 21 0 16 4 21 2 8 4 0 16 21 8 2 0 16 16 3 3 0 0 4 0 0 0 0 21 21 8 8 3 16 8 0 3 4 0 3 21 21
split_gain=10.59 10.9053 27.8243 17.0468 7.24219 5.74687 5.55161 5.452 5.31166 4.97091 5.84996 7.42056 7.34407 4.64992 4.76416 4.58684 8.17252 6.86254 5.80458 4.57837 4.50571 4.45442 5.63304 6.22969 5.48717 5.16135 4.39928 3.65911 4.01759 3.36869 3.2805 3.21362 5.99346 3.10512 4.25192 7.06851 6.85611 5.60158 3.0887 3.57092 4.4968 4.77927 3.08813 3.04727 2.95346 3.14714 2.76489 3.27162 3.88743 2.72813 4.99391 4.63975 3.36718 4.55199 4.21149 2.64441 2.6091 4.54715 3.22498 8.54934 2.84188 4.59856 3.1178 5.68561 2.57538 3.55423 2.53682 2.50739 2.48829 3.22384 4.57019 2.48596 2.48591 2.47947 2.37353 2.28113 2.23925 3.26705 1.96949 4.53205 2.60755 2.19502 2.14393 3.06724 1.89245 1.8805 1.84572 1.76493 1.68593 3.22083 1.68052 1.6701 1.62464 1.54008 1.4828 1.41657 4.04761 1.39868 1.2343 1.64797 1.20153 3.75221 2.17598 1.30484 1.24362 1.1568 3.02136 1.09507 1.72122 1.08571 1.0839 1.05236 1.04259 1.02197 0.970536 0.920472 0.916912 0.861758 0.84373 0.834048 1.63568
threshold=-0.73904574210442409 0.15773470574558116 0.38091383828374786 1.1496018064288116 0.33273281753889616 0.27408626709165529 0.23086071149243392 -0.8569319469654828 -0.15619141240492904 2.1101938412688419 0.095787830551148645 0.056090230493509197 0.2085049273400085 -1.6536027150998542 0.40175276971577284 -0.20513043669075784 0.26723038586218023 0.015201750255688715 1.4880777223352639 0.56541327611896719 0.45460449645725826 -0.4051211079858868 1.2497642638747843 1.9392693105523631 1.1003475925029516 0.36468697725529603 0.28368695581428677 -0.067638644842424947 0.98764188059903935 -0.042098871306775636 1.0042803793425035 1.06248068324945 1.5862683741554278 0.25461604343055116 0.12285949864388276 0.65693691544941679 -0.11936274774724723 0.34507746304839743 0.23349034100034019 0.82360260833220222 0.62482985943677249 0.76084745134416487 2.0464102648890887 1.6260893880031491 -0.028912915299978525 0.086515707400148079 1.7760282328708217 0.17318246356044845 -0.074587345593391627 -1.0404338354779179 -1.177995297531776 -1.2590346821998371 0.31643458035783928 0.63633832792480438 -0.2804780941475728 1.1091681936501607 -0.4389094958272306 -0.53877382645286775 1.0311420875229329 0.12964166370203059 -0.44438138436561686 0.14309344622076761 0.18299869371227531 0.796805306760629 -0.028805054134483237 -0.23382211046837961 -0.16218439399734735 -0.044856797159917645 1.3163121355965888 1.6260893880031491 1.5705336648714103 -0.074587345593391627 1.000572946379213 -1.2757338500693558 0.21955847131430425 0.96113126235674995 0.061866206827419758 -0.22692435755338106 0.24706931150404188 0.39448369182955328 0.73265404801435841 0.227192565736304 0.23165539217225958 0.70584666998387846 0.25461604343055116 0.36606534498499821 -1.177995297531776 -0.056969122292206888 1.0000000180025095e-35 1.4229857343142747 0.56910570903452407 0.84097902460781204 0.65048091503266681 -0.054544190776869096 1.3361984004220155 -0.10805730628169614 -0.0034475377618515151 -1.0000000180025095e-35 0.1145471604352037 0.08930187766592014 -0.20325717260326195 -0.098917826417312144 0.39224234604299413 -0.13877591034149114 -0.14671533039982315 0.70584666998387846 -0.26238938780269111 1.3644825352981331 -0.41677778395489812 -0.060418065014744199 1.9661370755849543 1.1220034272635904 0.18218599914633957 0.37624574582889375 -0.040063673855870695 0.070353134978436774 1.2722042904912028 0.56276149042570023 1.88044582178028 -0.56605464524960669 -0.065103228920575892
decision_type=2 2 2 2 2 2 2 2 2 2 2 2 2 2 2 2 2 2 2 2 2 2 2 2 2 2 2 2 2 2 2 2 2 2 2 2 2 2 2 2 2 2 2 2 2 2 2 2 2 2 2 2 2 2 2 2 2 2 2 2 2 2 2 2 2 2 2 2 2 2 2 2 2 2 2 2 2 2 2 2 2 2 2 2 2 2 2 2 2 2 2 2 2 2 2 2 2 2 2 2 2 2 2 2 2 2 2 2 2 2 2 2 2 2 2 2 2 2 2 2 2
left_child=4 21 8 91 5 13 15 19 9 10 11 12 88 27 49 16 18 46 94 20 30 22 23 33 25 -24 29 28 97 86 -6 32 78 34 56 36 37 112 39 40 44 87 -20 -27 67 -46 47 90 -49 50 51 64 54 -54 113 -33 57 -2 60 -60 61 62 -58 92 105 -66 -61 -23 -16 70 -70 -71 -39 114 76 -8 77 -35 81 80 84 -10 83 -81 -80 -68 -21 -42 89 -3 -17 -4 -64 -47 -5 -52 -97 -1 99 -19 -62 103 -103 104 -102 106 -15 108 -14 -53 -57 -77 -36 -51 -28 -18 -40 -38 -113 -78 -121
right_child=1 2 3 6 7 -7 75 -9 31 -11 -12 -13 107 14 68 17 115 98 42 26 -22 38 24 -25 -26 43 73 -29 -30 -31 -32 55 -34 74 35 -37 117 72 116 -41 41 -43 -44 -45 45 93 -48 48 -50 52 95 109 53 -55 -56 110 58 -59 59 66 100 -63 63 -65 65 -67 85 -69 69 71 -72 -73 -74 -75 -76 111 119 -79 79 82 -82 -83 -84 -85 -86 -87 -88 -89 -90 -91 -92 -93 -94 -95 -96 96 -98 -99 -100 -101 101 102 -104 -105 -106 -107 -108 -109 -110 -111 -112 118 -114 -115 -116 -117 -118 -119 -120 120 -122
leaf_value=-0.00078092390956668032 0.01598135175144089 -0.025059924702356521 0.033718416619061685 0.0035569081038155448 0.01345281092485234 0.042436300795057565 0.038467385819343315 -0.037624486818823383 0.0024615359754079132 0.019610068620325057 -0.038033964149059594 0.034075049337261146 -0.0077827148442702653 0.022653725042763247 0.033559059862565167 0.033948374305690365 -0.040229763481866208 -0.022789331696938763 -0.046037477723680373 -0.018456963180326417 -0.030618857585742443 0.036463236848587328 0.01885350624296472 -0.015118624981873665 -0.040612187683554041 -0.036929198935597742 0.012553440821430045 -0.041160377735749411 -0.026131783775594289 -0.047723140007537745 -0.035218020962407538 0.031881177463456159 -0.037844802417806113 0.019848091183075123 -0.010814147008120631 -0.037739801243414833 0.024163509007240982 0.022102056207041889 0.038314802380120611 0.03376556393226994 0.026023311696675988 -0.037593246006120178 0.0030981655413514883 0.005664060624415229 -0.017436416758242205 0.0058822628920417548 0.030655028328162789 0.012215896552277974 -0.037815971717021397 -0.012305818617031826 0.040658281229734798 -0.012970868302595534 0.027578407513182322 -0.015348161581293851 -0.042983042250289219 -0.013397025135131061 0.01933136774573295 -0.036754722585665089 0.029450081384773421 0.0068193502030658984 0.033404475595631811 0.032543504882464117 -0.042636325822470095 0.01507197585846658 0.01043852834471342 -0.038554010260013566 -0.035863822960465849 0.0076539833182244568 -0.036265630552273241 0.032249451700380675 0.023548485601605638 0.0023311673226627159 -0.013545702772951378 0.029123670855965046 0.036621042552385283 -0.0001509701733395929 0.042868973057173736 -0.019366316522946882 -0.037375735396935596 0.012732180165553478 0.002119389041350131 0.034231721434937842 0.028751396695939676 -0.035472515344445912 -0.0089879412514578469 -0.0022162720081725104 0.014376758063548283 -0.0048617151731543858 0.019397110526320011 0.017959242045696957 0.0068288974319634967 0.01651186155652757 -0.0100225672466672 0.030617790755201726 0.031480585040743581 0.032646910620024172 -0.015324996036453528 0.025949142747225058 -0.037591492562290649 0.011463250267390576 0.0022482229824595961 0.022345570649955657 0.038545468593166182 -0.013584945285496735 0.028151284143803471 0.031533552994649203 -0.018729314153881189 -0.0082078637179591636 -0.03792659950726153 -0.042089333948502256 0.011324455200203655 0.02776185037435604 -0.03741789769307069 0.012153041902496518 -0.012546031640929628 -0.018290486721335059 0.023912413595046911 0.043094967122102049 0.0098538327184747605 0.0038952027914499255 0.032768562938025672
leaf_weight=2.9008129835128775 3.6264435201883316 2.8167400360107511 34.456393077969551 1.9429000169038788 4.4894461333751696 3.3327346444129935 4.4227130711078635 4.2124454081058493 4.3173364847898545 2.9764203876256934 8.0284279286861402 2.4499354362487784 1.6020051091909433 4.1450342237949345 7.0304175913333919 3.652387693524366 4.7183316051959983 2.5753450244665137 1.8359961658716204 2.3654085099697109 7.538828007876873 9.8071914166212082 8.0676145106554014 4.6518923640251151 2.301254376769065 2.7170493900775901 2.4616790711879739 2.3328264206647864 3.4214217811822891 1.4735216349363351 1.2722159922122953 4.0439912527799589 3.3768303096294394 5.063019901514056 1.6722678244113955 2.6755304187536231 4.3075176626443872 5.2532473802566528 11.438010066747667 9.9725520312786085 2.5252779275178909 2.1841703206300735 1.7759793400764463 2.2909751087427139 2.4093623161315936 3.6407801508903503 7.7362748384475699 2.6027256846427917 1.9840494543313978 3.0465137511491767 3.157543271780014 1.7451563477516177 3.9744360148906699 3.3727556318044662 3.1903214901685741 1.9238700866699217 6.9354844540357581 1.733004257082938 7.1597799360752097 3.1930811405181876 11.23529738187789 6.7774512022733679 2.5295878648757917 4.9963895082473755 2.5821122378110886 1.8223105818033207 3.44444815814495 2.8339168280363092 2.0354151576757427 5.9748523682355881 1.6385790407657621 3.0234619379043561 1.9455513954162595 5.848011210560796 9.8985875248908979 2.5211255401372892 2.235379695892334 2.242361798882488 4.1855809241533297 3.7992386370897275 4.2909601926803589 2.4575350135564804 3.4741800725460052 1.257141977548599 3.116732120513916 1.8602018505334852 2.6034498512744908 2.7042574286460868 3.3516285121440887 2.2853260040283203 3.0209746062755585 4.8133130967617026 1.9849188476800916 3.6490304321050644 4.4635670334100723 4.1156044006347656 1.8056162297725658 2.7114757150411597 1.5636688619852064 1.6391421407461164 3.5226771235465999 20.250245511531855 9.308778911828993 1.9587461054325022 2.1263451874256138 2.6503822803497314 1.807942911982537 1.4559652656316746 8.98237600922584 1.9286963939666772 3.7621909379959106 4.4735424220561981 2.9573978036642075 2.0866812020540237 1.9779531508684156 2.0500190407037735 4.6463359594345084 2.8478592038154602 3.386650949716568 2.0196568071842194 4.5643149018287641
leaf_count=10 10 12 77 6 14 6 9 23 15 8 43 5 7 10 15 8 24 11 9 10 40 21 22 16 12 15 7 11 15 7 7 9 18 13 7 14 11 14 24 22 6 8 5 8 8 10 18 8 10 12 6 7 9 14 15 8 19 9 17 10 25 15 12 14 8 9 15 8 11 13 4 10 8 14 21 9 4 9 23 13 14 5 8 7 13 6 8 8 9 6 10 13 7 8 10 9 8 6 8 5 12 51 19 8 5 6 7 6 49 9 11 11 16 6 8 9 11 5 10 7 10
internal_value=0.0103136 0.0125224 0.00715537 0.017217 0.00258074 0.00743913 0.00728613 -0.00819544 -0.00586205 -0.0140911 -0.0174688 -0.0102393 -0.0157451 0.00578039 0.0088604 0.00197545 -0.00934306 0.00965927 0.00652472 -0.00401939 -0.0162749 0.0167354 0.014344 0.0160673 -0.00178613 0.00507941 0.00578324 -0.0106382 -0.00280103 -0.011899 0.00208678 0.00108031 -0.00342724 0.0171368 0.015132 0.00392146 0.00986683 -0.00314841 0.0236052 0.0194085 0.0145059 -0.00418808 -0.0209419 -0.0169903 0.0207631 0.00928154 0.0178445 0.00908692 -0.00901906 0.00343984 0.00905282 -2.64121e-05 -0.00580607 0.00786465 -0.0179915 0.015078 0.017764 -0.000783356 0.018944 0.00743293 0.0214839 0.0134133 0.00534688 -0.0051166 0.00774348 -0.00937485 -0.0116125 0.0296903 0.0202432 0.0129477 -0.00866991 0.021799 0.0120662 0.0172062 0.0259077 0.0220053 0.0193342 0.0079285 0.000996303 -0.00340213 -0.0148224 0.0138814 0.0120291 0.000816921 -0.0250917 -0.0236702 -0.00160251 0.00964378 0.00414347 -0.00551935 0.0212545 0.0314847 -0.0274815 0.0181131 0.0225077 0.0256975 0.0181067 0.0116362 -0.0167512 -0.00955301 0.0253809 0.0229573 0.027478 0.00560384 0.0119479 0.0166304 0.0101122 -0.0298592 -0.033116 -0.027146 0.00309578 0.0150034 -0.026868 -0.00274372 0.00198422 -0.0331457 0.033951 0.0313782 0.0198903 0.028665 0.0239448
internal_weight=495.831 385.755 169.59 95.6351 110.076 75.8331 56.3654 34.243 73.9544 33.9488 30.9724 22.944 20.494 72.5004 61.1338 41.5614 16.7868 24.7746 10.0184 30.0305 13.3005 216.165 160.354 144.977 15.3769 13.0756 16.73 11.3665 9.03371 6.44238 5.76166 40.0056 30.2755 140.326 114.302 21.6594 18.9838 11.8285 55.8109 39.7265 29.754 7.41371 3.61198 5.00802 22.3403 9.69917 18.9964 11.2601 4.58678 41.4311 25.7604 16.6816 15.6707 7.34719 8.32352 9.73005 92.6429 5.35945 87.2834 15.6575 71.6259 23.2238 16.4464 9.5109 13.0078 4.40442 8.49773 12.6411 19.7027 12.6723 3.67399 8.99831 7.1988 10.2876 26.0233 14.804 16.1247 7.30538 26.8987 20.1238 11.5933 6.77487 8.53056 5.05638 7.30231 5.30465 4.96886 5.22954 8.45369 5.10207 6.67336 39.2697 4.51451 7.28981 6.40647 9.07876 5.92122 5.61229 5.77816 4.21449 48.4021 37.1668 29.559 7.60777 5.64902 8.60336 5.95298 12.0403 10.5844 3.67385 5.68606 10.3813 4.62967 5.13319 4.43963 6.76835 16.0843 7.15538 7.86019 8.81935 6.58397
internal_count=1533 1159 559 270 374 236 180 138 289 145 137 94 89 230 188 141 63 78 30 115 61 600 466 409 57 45 54 42 31 25 21 144 116 393 329 75 61 45 134 99 77 22 14 23 55 26 54 36 18 135 79 56 56 23 33 28 254 19 235 48 187 67 52 33 40 17 31 29 53 38 15 23 22 29 64 39 43 22 98 78 50 20 28 20 36 21 18 14 27 18 18 90 19 18 16 23 17 16 24 16 120 95 70 25 17 23 17 62 56 16 19 30 23 18 15 33 35 16 21 21 17
is_linear=0
shrinkage=0.0283043


Tree=40
num_leaves=130
num_cat=0
split_feature=9 9 9 2 9 17 17 17 17 19 0 0 0 9 15 0 15 0 2 0 0 0 2 0 19 15 17 9 15 19 9 14 17 19 14 17 14 15 0 17 19 14 17 2 2 19 17 17 19 0 0 0 14 14 0 0 14 2 15 17 17 17 14 2 17 9 2 0 15 15 15 17 17 15 17 0 2 2 0 0 15 15 14 0 17 17 0 15 15 15 2 2 2 15 19 15 17 0 0 15 9 15 9 19 9 19 19 9 2 17 15 14 14 9 0 17 15 2 17 0 17 14 19 14 14 14 15 2 9
split_gain=8.46934 11.6962 11.2322 9.89773 8.25741 8.53407 5.71303 4.73114 6.61213 5.26227 4.52487 4.51999 11.1486 4.34557 4.32905 4.28605 4.25807 3.97871 3.87716 3.58082 6.065 4.38258 3.9519 3.54768 4.42558 3.70332 4.62017 3.42312 4.91502 3.57217 3.40408 3.40323 3.11058 3.04308 2.86419 6.8209 2.63679 2.55869 3.1562 2.93802 2.62795 4.46831 2.5243 2.51338 6.43028 2.47473 2.32488 2.30477 3.04632 2.29929 2.19665 3.26043 3.34887 5.08092 6.00645 5.60968 4.58938 3.42483 3.34798 6.46402 4.10366 6.69268 3.14347 3.05197 3.01771 2.34933 2.23626 2.44298 2.16025 2.64801 4.66335 2.10674 2.23454 2.06212 2.06186 2.03642 3.68937 1.91931 1.90566 1.89546 2.09604 7.61425 1.89545 2.23278 3.17004 2.42773 1.8175 1.69336 1.65901 1.6556 1.8798 1.63003 1.61616 2.99862 1.97189 2.69537 2.54079 1.77803 3.984 1.58998 1.52851 1.5002 1.48141 2.75282 1.98161 1.40999 1.37725 1.3751 2.15448 1.33633 1.28559 1.25358 1.32704 1.19692 1.16703 1.1106 2.06299 1.09395 3.39301 1.07897 1.06286 1.0393 1.03513 1.01654 1.20594 1.01407 0.99889 0.994425 0.858564
threshold=-0.24549056787409837 0.062477856510916488 -0.45711390748238656 0.15773470574558116 -1.052135930315423 -0.16602242974251061 -0.87124124876500109 -0.042421153384914222 -0.064823275971397351 0.48482139868059054 1.1608595898614809 -0.025004386777486152 -0.20325717260326195 -0.59488276280783781 -0.13095626299240251 -0.21858720488179237 0.71415315846281224 -0.0071352035678578906 1.3011080750490587 1.0000000180025095e-35 -0.096993340264923858 0.52569135031923964 1.6802118261464594 -0.11572598113988224 0.51226918626544671 0.018316552682124589 0.87413734210779903 1.3436541973841845 0.059668677677032413 1.6756919596792956 2.0326258093291707 1.9262009971710878 0.031710392269748179 0.55127708299427314 0.83127808408136061 -0.35806706062846222 0.29624484950937424 -0.034260396177203507 -0.34173236632111836 0.60043210436746686 0.53005764790580645 0.42603542246712395 1.9803931156415326 1.6187046644628318 0.60475747200007357 0.50520401097683598 -0.061122055717978421 1.1705369040335685 0.43456421270204731 1.4219677243697386 -0.10612550269146605 -0.12555330016139357 0.24456961078004211 -0.16106322585458027 -0.23053658087742013 -0.29086153844505946 0.30368112636849204 0.089908953911740128 -0.14494787981778592 -0.42990969375798394 -0.19046022346837413 0.64909341064662796 0.36382545818737494 -1.0000000180025095e-35 -0.05997272942875885 0.44722151902917778 1.3245638008465301 -0.21858720488179237 0.96698758644826188 0.018316552682124589 -0.14494787981778592 -0.26511773200115396 1.0951586315567023 0.87544694070562656 0.025642339064800786 0.7486097767312444 1.3979970099908006 0.39367925565364403 1.9226853610071026 1.0750699486044446 0.59081410017167191 -0.073492101495475706 0.039509686095512433 0.4023486180581855 0.46102272150645224 -0.31002911776040348 -0.054493661279862028 0.89581558176297349 1.3643810346932643 0.72157068603052255 -1.0000000180025095e-35 0.074718690137333996 1.3979970099908006 0.17505419153053234 0.26258517428926859 -0.095713153794493092 0.91125668522827197 1.7300684446979113 0.72694284328173187 -0.4709722583517903 0.61942661934297349 -0.047928826360423074 -0.36643524434460173 0.45971671491395388 -0.38927601696224634 -1.0000000180025095e-35 0.68647178238327033 0.78263866284215655 0.93940959165326066 0.061125353231130393 -0.25081121162899672 1.4930837730710536 0.97466740407314501 0.33986192926889008 -0.21057461044504258 0.11425734397428945 -0.23931837932961134 -1.0000000180025095e-35 -0.038242670519870188 -0.061525719045813228 -0.051401482526104429 0.28052309133500491 0.19788681783925052 1.3676080768093348 0.29149389484938237 0.33338033086138824 0.61413083401363477 0.227192565736304 1.0883787191669134
decision_type=2 2 2 2 2 2 2 2 2 2 2 2 2 2 2 2 2 2 2 2 2 2 2 2 2 2 2 2 2 2 2 2 2 2 2 2 2 2 2 2 2 2 2 2 2 2 2 2 2 2 2 2 2 2 2 2 2 2 2 2 2 2 2 2 2 2 2 2 2 2 2 2 2 2 2 2 2 2 2 2 2 2 2 2 2 2 2 2 2 2 2 2 2 2 2 2 2 2 2 2 2 2 2 2 2 2 2 2 2 2 2 2 2 2 2 2 2 2 2 2 2 2 2 2 2 2 2 2 2
left_child=2 34 4 14 5 6 10 8 9 18 17 12 15 -6 47 37 92 43 36 20 22 107 33 24 25 125 -27 29 30 42 109 82 119 45 115 -36 -5 38 40 74 -7 -42 75 44 68 50 -47 48 123 105 51 52 53 54 55 71 63 -55 60 101 111 -62 -53 -54 66 -66 67 -61 69 70 -1 127 91 102 -39 76 89 79 -12 -77 81 99 83 84 85 122 -34 -11 100 90 -23 -73 93 94 95 97 -96 98 -13 -81 117 -60 103 104 -9 126 -104 108 113 -29 -19 112 -58 -21 -38 116 -2 -35 -119 -22 -50 -20 -15 124 -4 -16 -25 -3 -102
right_child=1 19 3 7 13 11 -8 73 -10 87 78 16 -14 31 23 -17 -18 110 121 21 32 27 -24 49 -26 26 -28 28 -30 -31 -32 -33 86 88 35 -37 114 39 -40 -41 41 -43 -44 -45 -46 46 -48 -49 120 -51 -52 62 56 57 -56 -57 58 -59 59 64 61 -63 -64 -65 65 -67 -68 -69 -70 -71 -72 72 -74 -75 -76 77 -78 -79 -80 80 -82 -83 -84 -85 -86 -87 -88 -89 -90 -91 -92 -93 -94 -95 96 -97 -98 -99 -100 -101 128 -103 106 -105 -106 -107 -108 -109 -110 -111 -112 -113 -114 -115 -116 -117 -118 118 -120 -121 -122 -123 -124 -125 -126 -127 -128 -129 -130
leaf_value=0.010776045511303249 0.037051862668019749 0.027206953354995816 0.024783442484581395 -0.036313708435173113 0.035155462213425331 0.01821829398341205 0.032321229573004359 -0.022086136420709952 0.025755546742837837 -0.03718819470338558 -0.038464452263168102 0.011350077444588973 -0.037194085662932933 -0.0094307407608746202 -0.010048500807702322 0.038500367146652559 -0.022625219460767437 0.015454821785630251 0.0075760054594605939 0.0034923332775310192 -0.03716746255849962 0.02962323752159739 -0.019084130277932834 -0.0039213509146254983 -0.037352269159855955 0.023427578103790148 -0.033985655001306861 -0.024411818972202948 -0.040016849569217562 -0.018051094024680851 0.024188142337939422 -0.014693801123897286 0.018369534948423617 0.021767573804787242 0.031363074384319886 -0.024785588994638567 0.0097093130599204339 -0.016810347985326865 -0.029181311713049642 -0.031762521406612079 -0.035837529814527508 0.018354597278415284 -0.013296886071722268 -0.019803145799734342 0.036644210635442535 0.0024636511102432827 -0.036823525514170272 0.043148426589484694 0.0076169297273091545 -0.014930067141680303 0.033715353142316051 -0.039091633254179539 0.00075649323126810277 0.038149248263241696 0.032829823710895954 -0.032511110994898396 0.032304594408668459 0.0055758363253386872 -0.013262022628766301 0.020254889420636038 -0.017697922909627947 0.034046212390159779 0.0094847672699246207 -0.038519872056538146 0.0039883331256566346 -0.038206574684737586 0.041954014184402803 -0.01666783235179186 -0.02083677881582512 0.027341017773703489 -0.036223228530442443 -0.019156595597532463 0.017808323653893128 0.0022324698066154393 0.018283741229366251 0.032903325389073618 -0.018709826852732446 0.042955638101011544 -0.0019084752848259597 0.0092111987760180661 0.033413990835782774 -0.038427566994100888 0.025216573196757668 0.026347709624237037 0.022815283483784393 -0.032991517564475069 -0.017234878154475091 -0.0030975351099325273 0.0016346081723096202 -0.003728298877280481 0.0061089379913497844 0.0032502190358934726 0.027968438830178306 0.036704773107944726 -0.001679554683652698 -0.038627833539109591 0.031764942042530046 0.024072237194712444 -0.038359761037903707 0.032995504323089571 0.038716026827295802 -0.042315271082254489 -0.036761150250150462 -0.037674802782430489 0.011743344986778512 0.027731577620511431 -0.0054729637635948748 0.033413634746665755 0.037810511342419542 0.0068023900766702936 0.038071097448615858 0.038875268761893893 0.0077828742735481784 0.023019038424822218 -0.016095268405902145 0.037468570341457993 0.014583636154216817 0.018802167064588624 -0.03431119306059216 -0.0081948449378022765 -0.016478576823321173 0.030862339239050185 0.015502841438973718 0.035321690387946837 0.0013821338050964405 -0.039771362645744684 0.016518913673062841 0.0079962170361863628 0.023654924379355621
leaf_weight=5.5310292840003985 6.4150242805480957 4.8962424248456973 5.0496233552694374 2.3798257410526329 12.360158413648604 9.1078848540782946 12.005168721079825 2.2786547541618347 4.9176406264305106 5.4902309626340857 1.7889502644538868 3.3100789934396797 7.5599166005849829 2.3511067330837214 1.6255409270524999 2.0330328941345241 2.8588721007108679 2.7528454810380936 2.9542474001646042 4.8923859745264071 3.5692383199930191 7.2446026355028152 3.3930936306715003 3.0006640255451194 3.369426265358924 5.1817617863416672 1.2412722855806348 2.407716438174246 2.0917595475912085 2.2528583556413642 4.1916581392288208 2.4054354280233374 2.4863328337669373 5.7621113657951382 4.7316781729459763 2.3381279855966559 2.9015329182148015 2.4173903167247754 1.6806121617555607 3.9372280538082123 2.1629846692085257 2.2507630586624146 1.851724475622176 2.2645818442106238 5.2245653122663489 3.2454841583967209 1.65988628566265 2.2865478396415702 3.089569017291069 2.1759337931871405 2.6806065589189521 2.0576028823852535 2.9341636598110199 10.031466007232664 6.6654799878597286 2.8847026079893103 3.1143530458211917 3.0725616663694373 2.7743217796087265 5.35565517842769 5.1202764362096698 2.9011053293943405 1.754302069544792 2.9480453729629508 2.9611314833164384 1.3750084340572355 2.269980788230896 1.690056279301644 2.8330262899398795 3.1197568327188492 2.1946334987878835 4.0627973526716215 4.3670196682214728 2.3901859968900672 2.4328313320875168 6.4706325531005922 2.6166415065526953 3.2508586049079886 2.382133886218071 4.4256475716829273 3.3269028961658469 2.0287709832191458 15.456431701779364 5.0657865703105918 4.1457569003105164 1.9606163948774389 1.7063138931989668 1.2955144792795179 3.2976196110248557 2.3369227349758139 3.9434971809387225 6.0475004911422729 4.3066053986549369 2.3926950991153708 3.1447480469942084 1.3798689842224154 3.5182907730340958 1.9349427074193952 1.802387088537216 3.8266473859548578 4.3613269925117484 2.4878088980913118 8.0909029841423017 2.8242268711328506 2.8047606796026274 4.3920445144176474 1.1496942937374122 11.015665620565413 3.4657160341739646 1.650328457355499 5.4424538016319293 4.4561833441257477 3.2114588469266891 4.4670281559228897 2.2781397998332942 16.37922191619873 5.922616049647333 2.848797082901001 1.2167761474847818 1.2508068233728389 2.368264526128768 2.5646939277648926 2.3494200259447098 3.4002356976270676 2.3604938834905624 1.6413729041814802 4.1373286098241806 3.3010468482971191 8.0986647456884366
leaf_count=17 14 12 13 13 28 25 27 10 12 31 9 10 42 8 7 4 13 8 10 14 20 17 13 12 18 14 7 11 10 9 11 8 7 15 11 8 9 12 6 18 12 6 7 10 11 11 9 4 10 9 6 10 10 21 14 12 7 9 10 15 20 6 5 15 9 7 4 7 12 8 12 17 12 9 6 14 11 6 8 13 7 10 37 12 10 7 7 5 11 8 13 20 10 5 12 7 8 5 9 8 9 12 47 15 9 11 5 24 7 5 11 9 9 11 10 36 16 8 7 5 10 6 6 7 8 8 12 11 21
internal_value=0.0101145 0.0137361 0.00630633 -0.00160921 0.0110399 0.00662288 0.0157642 -0.0111071 -0.00296021 -0.0101529 0.00982461 -0.000545042 -0.00728842 0.020979 0.00765247 0.00142897 0.00860014 0.0136956 0.00019314 0.0112578 0.00852707 0.0161058 0.010087 0.000428703 -0.010041 -0.000563917 0.0118402 0.0116607 -0.0027736 0.0151092 0.00667471 0.0157811 -0.0136105 0.0109006 0.0286624 0.0129951 -0.0126397 -0.0018584 0.00507645 -0.0138975 0.00965429 -0.00781024 0.0170079 0.00728061 0.0105843 0.008683 -0.0104307 0.0180813 0.0144776 0.0103723 0.00968604 0.0089579 0.0100541 0.0154222 0.0094294 0.00319691 0.00447366 0.0300941 0.00807289 -0.000262816 0.0164628 0.00149428 -0.0158517 -0.0176601 0.0098727 -0.00899416 0.0188781 0.0113453 0.000519014 0.00608443 -0.00257125 0.00786112 0.00145761 -0.0214945 0.000318558 0.0185273 0.0108886 0.0238427 -0.0170509 0.0206411 0.0146953 0.0084042 0.0182336 0.0114537 0.00421991 -0.00769793 0.00348083 -0.0301674 0.0195669 0.0166887 0.0212212 -0.00581147 0.0128767 0.00911448 0.00444886 -0.00450307 0.0157285 0.00226639 -0.00612679 0.0201279 0.0223674 -0.025664 -0.0249622 -0.0161082 -0.00382579 0.015428 -0.0326076 0.026142 0.0200108 -0.0109545 0.0301634 0.0277454 0.0200697 0.0129833 -0.00175544 0.0326718 0.0263851 0.0141806 0.00319386 -0.0290748 -0.00243782 0.0179553 0.002678 0.0229895 0.0173984 -0.02364 0.00790701 0.0191057 0.0288771
internal_weight=491.367 251.862 239.505 89.6403 149.865 103.77 45.5391 44.3203 24.7818 19.8642 33.534 58.2311 33.5826 46.0947 45.3201 26.0227 24.6485 29.3629 13.0784 216.075 138.317 77.758 129.305 26.7653 13.0594 9.68995 6.42303 53.9172 10.3415 43.5757 8.2497 33.7346 9.01269 125.912 35.7867 7.06981 7.5595 23.9897 15.2022 8.78745 13.5216 4.41375 41.3228 21.1676 18.903 100.326 4.90537 18.5547 16.2682 13.706 95.4209 92.7403 88.9284 45.3288 32.2248 25.5593 43.5995 13.104 37.7173 18.914 18.8034 8.02138 3.8119 5.88221 13.6518 4.33614 9.31569 7.04571 13.6784 10.8454 7.72566 22.6746 14.4773 19.5384 4.85022 39.4711 16.1417 23.3295 4.17108 20.0786 13.608 10.2811 31.3291 15.8727 10.8069 6.66114 4.19265 6.78575 25.5853 13.525 11.1881 10.1103 21.7896 17.483 15.0903 8.42728 6.66304 7.04741 5.11247 8.25229 22.2877 5.26213 17.1482 7.90764 5.08342 11.53 9.2406 23.8408 12.8251 4.05804 8.1953 10.782 6.32581 9.35941 5.17967 28.7169 12.3376 9.82768 4.06557 4.82005 5.45783 5.51894 4.70053 10.8104 7.41012 3.26691 7.13799 8.19729 12.46
internal_count=1533 733 800 341 459 343 133 191 96 84 106 210 131 116 150 89 79 89 48 648 432 216 393 98 54 36 21 160 37 123 27 88 39 380 85 19 32 85 49 36 43 18 114 70 60 309 20 52 48 44 289 283 268 128 98 84 140 30 115 64 51 26 15 25 42 16 26 22 49 37 29 72 49 95 18 107 49 58 17 52 38 31 80 43 31 21 14 36 71 38 30 37 66 56 51 31 20 24 19 21 60 22 86 34 19 35 52 56 32 16 19 25 16 25 19 66 30 30 15 25 20 16 14 28 21 15 24 23 30
is_linear=0
shrinkage=0.0283043


Tree=41
num_leaves=111
num_cat=0
split_feature=12 12 12 12 12 22 8 8 8 8 4 8 14 8 22 12 8 8 22 16 22 22 14 16 0 8 8 22 4 4 0 16 22 14 22 16 22 14 22 12 0 0 16 4 0 0 22 0 0 0 0 22 12 12 16 14 4 0 22 16 0 22 4 14 0 22 22 12 12 16 0 16 16 0 14 16 8 12 8 0 22 22 22 14 22 0 8 14 16 14 0 0 0 0 16 22 0 0 0 0 12 16 16 0 4 4 0 22 8 0
split_gain=12.1908 13.0557 10.4067 11.4034 11.3959 9.78905 7.96307 9.46266 5.65531 9.80198 5.09804 4.64975 4.33656 3.87217 5.62567 7.84687 3.84997 4.57932 8.45595 3.78375 3.60702 3.5029 5.19653 4.65907 3.2943 3.28175 4.22666 3.00926 3.77127 5.86105 4.92385 4.2567 2.88488 2.83502 3.5285 3.07892 3.95712 2.827 2.72291 3.90607 2.67191 4.04433 3.69108 4.20342 2.91012 3.69226 3.9649 2.65773 2.56807 3.04737 4.35691 2.78751 4.39549 2.46648 2.3827 2.74253 2.36562 2.35307 2.32256 2.233 2.22666 2.59475 2.15737 2.14633 2.42377 2.10853 2.93217 2.06489 3.4841 4.68591 3.41612 3.06547 2.06391 3.96438 1.99977 1.8995 1.8756 1.77214 2.55252 1.76055 1.89681 3.07705 1.9573 1.75078 1.68471 1.86962 1.6 1.59889 2.96508 2.95849 1.75482 3.34554 2.81813 1.55596 1.48475 1.30875 1.25752 1.25556 1.23616 1.30431 1.21188 1.15037 2.57964 1.14031 1.08128 1.03657 0.966706 0.966229 0.879811 0.84487
threshold=0.052414556294340435 -0.34771042901181659 0.2572563221607303 0.21583902089734722 0.91236174323230845 -1.0957225441148986 0.20441534479025289 0.90592235522928444 -0.036462447914610112 -0.18253591042016837 0.48100922783581374 -0.0057029264889373191 0.30402539844530302 0.10039882182788062 -0.49489693633009707 1.1932486917382195 1.2756142099707493 1.5549952483048839 1.3085100683868423 1.3245945642133581 -1.4440635389819951 0.050403999352643204 0.29624484950937424 0.12980272860371184 -0.098917826417312144 -0.20383849432286219 -0.30091405589414527 -0.74606975501858686 0.290506821784629 1.6658900857068322 -0.14555185778297999 1.0199783774000835 0.7697442530460108 -0.23700964599908839 -0.69660318717508418 1.915284187205349 0.49097605393566357 0.93692370871876485 -0.25958490241302951 0.70146653795425573 -0.10246678377057575 -0.16254294845159462 0.34257049060714029 0.38379235256960254 1.1946442003769822 1.7300684446979113 -0.65467347344852767 1.383770698835644 0.61108584993281945 0.51725434448766661 -0.13627334659960225 0.77887911104218299 0.12167031904661661 0.31615315971918839 0.066438029074173371 0.31506505637504267 1.6348228756599796 0.60237078146325873 0.88029273036261413 0.17560332267107134 0.68250404326859837 -0.15518993257165445 0.45460449645725826 0.25035338167046706 0.70584666998387846 -0.22609837336178654 0.15062507846469689 1.3150074616673344 1.5838519296415328 0.10206071334878632 0.029195875316582905 0.29586336206431357 2.8877896488191603 0.94601961482680186 0.28584783278968184 0.185884247745121 1.1383123996604179 -0.096345497332692917 -0.20656984584347407 0.8424998216791314 0.53569631174982335 -0.53503783974408703 -0.90520232042449356 0.053831404490850394 -1.2901781504929499 0.72694284328173187 0.054151851995010429 0.42224842962220294 1.2630326321066241 0.29149389484938237 -0.14318100792224309 -0.11499423735570415 0.63402601756680166 0.7824675616251634 0.20535413591140744 -0.24393877487911539 0.63633832792480438 -0.15619141240492904 -0.26238938780269111 -0.077924097249243582 0.19182765788148101 0.15742112552107376 -0.02331918552522003 0.52569135031923964 0.59963275323461673 0.34304061099579936 2.1483770963611426 -0.98579418770665173 0.60918401852222881 0.55047551228935065
decision_type=2 2 2 2 2 2 2 2 2 2 2 2 2 2 2 2 2 2 2 2 2 2 2 2 2 2 2 2 2 2 2 2 2 2 2 2 2 2 2 2 2 2 2 2 2 2 2 2 2 2 2 2 2 2 2 2 2 2 2 2 2 2 2 2 2 2 2 2 2 2 2 2 2 2 2 2 2 2 2 2 2 2 2 2 2 2 2 2 2 2 2 2 2 2 2 2 2 2 2 2 2 2 2 2 2 2 2 2 2 2
left_child=1 6 3 27 5 20 8 108 9 25 11 -10 19 32 84 -16 87 -18 21 63 72 98 23 -23 -12 26 40 105 31 30 54 48 33 67 -35 36 65 -34 39 53 41 42 43 59 79 95 -47 58 49 50 51 97 -53 -7 55 -30 -45 75 -14 101 -5 -62 -17 64 109 -36 -67 71 93 70 107 -6 73 -4 -65 86 77 -3 -79 80 81 82 -42 -78 85 -15 -32 88 89 90 -9 -92 -93 -69 -43 -46 -40 -29 -19 -100 -59 102 -1 -82 -44 -2 -48 -70 -8 -13
right_child=2 76 4 60 13 38 7 16 10 -11 24 12 47 14 15 62 17 18 -20 -21 -22 22 -24 -25 -26 -27 -28 28 29 -31 57 -33 37 34 35 -37 -38 -39 96 -41 44 94 104 56 45 46 106 -49 -50 -51 -52 52 -54 -55 -56 -57 -58 100 -60 -61 61 -63 -64 74 -66 66 -68 68 69 -71 -72 -73 -74 -75 -76 -77 83 78 -80 -81 103 -83 -84 -85 -86 -87 -88 -89 -90 -91 91 92 -94 -95 -96 -97 -98 -99 99 -101 -102 -103 -104 -105 -106 -107 -108 -109 -110 -111
leaf_value=0.013377943067204971 0.0067971749588914996 0.037079118912177779 -0.025294811008360469 -0.03600820871884252 0.025073825510263773 0.0091770510593951419 0.036135042502523571 -0.0022741392185928926 -0.027667720758712485 0.032492955536357261 -0.038389985994567694 0.0060374217158999351 0.00062267674642863045 0.004071776297151484 -0.035729834306346027 0.022669589339847914 0.035234982735477517 0.035675157593775139 -0.040183000565678813 -0.037723481718047541 -0.036454090455340302 0.0055673129722257639 0.031127898243879112 -0.041721423177448091 0.0019865098548812569 -0.029470532479483898 0.035289559548364616 0.0080104242986762126 -0.036128509939851609 0.017961622574800943 0.02474559818524703 0.028693154805252578 0.0017451703066670991 0.029540908080080402 -0.0277250037255754 0.037721245607111265 0.02540789314231312 -0.044861874969421386 0.033875650343947759 -0.0075143431737096453 0.015491582664838755 -0.038295912857064775 0.014181055965343145 -0.028968193091110563 -0.0097958985490594879 -0.0099896390438583421 0.033979053811383018 0.036675476385816898 -0.023291952001979973 0.031754138290564483 -0.036492221692893213 0.014197316107075341 -0.037562807837967851 0.033914527464911845 -0.038578007936043164 0.0021927895274242068 0.0006771487692610697 -0.036470678645033568 0.024338464963810431 -0.018135019109694221 -0.034658521939773007 0.0082521180208895012 -0.0060668226414791089 -0.037514243989411028 -0.018016604231387068 0.014941543447917109 -0.024589004888437387 -0.041273474078441764 -0.040983095967276992 0.023575254499501031 0.014676878125687919 -0.013641160588564825 0.025443396612785371 0.022632152695500663 0.00026721169960822948 -0.015823121977330656 -0.003406091421082621 0.014720134481407505 0.029819360261668256 0.034535543086776345 0.013366898878854878 0.02968382858734956 -0.016670955059318475 0.026797744319981692 -0.038912051225520591 -0.036610556204922234 -0.0026706929968939577 0.017569030668223611 -0.036154145287792649 -0.023815851379257187 0.031939004620388164 -0.019579888714398502 0.021772457398325649 -0.0055954439051344599 -0.0090554768312244745 -0.044876923009065518 0.017642964849312232 0.029384534610184379 0.0041699627127992859 0.027501762929852534 -0.002012686842770452 0.030237627389406802 -0.015001613747993373 -0.013994545552500261 0.034879141797365176 0.028246651300941915 0.012437391823048823 -0.013833282453257198 0.025900114633661674 0.021790657358846409
leaf_weight=12.744437381625174 2.7750850319862357 11.697905510663984 3.1750238239765167 8.6956558227539045 5.0788675993680981 5.0836098343133944 14.619985342025759 8.2879930585622876 3.3449720293283454 13.616045221686361 4.3853945285081863 7.7983367741107994 8.0229802429676074 1.9783593863248827 2.8359289169311515 7.4113238751888257 8.4983463138341886 5.7951042205095291 2.0744927674531928 2.1253800243139258 2.2114552259445173 4.8641523420810682 3.6106452196836472 2.2690430581569672 2.3150510340929022 1.7183542698621739 3.8943325877189627 8.6017201989889251 2.3162992298603076 5.4300047308206549 3.9992955923080462 5.3402092903852454 2.2723699361085887 8.504178389906885 2.8111366331577283 1.9796918630599964 3.7233846187591544 1.541673496365547 21.882053881883625 3.8148229867219916 3.7231270521879196 2.2772132307291093 5.189706936478613 5.0100623816251737 1.6102933883666994 4.4810046553611746 3.33577637374401 3.5951543897390357 2.7900223284959784 2.6530675590038291 2.0440216362476376 2.2851494699716559 2.493207648396492 7.6421160250902176 6.3298173099756241 3.4010131061077118 3.4683920294046402 1.7924838066101068 5.2119967937469474 2.2683299928903571 1.8135932385921476 2.3181957900524131 2.5670087933540344 1.9036826193332661 2.5647616386413565 3.8766865879297256 2.0988534092903137 2.4281318932771678 2.2091293483972545 4.7839124649763107 2.0009477287530899 2.1003368347883224 2.1441019177436829 2.0646086633205414 2.167631521821022 2.0989146679639816 3.0402063578367224 13.27698908746242 25.801841959357265 3.9122353643178931 1.9327082633972157 8.8027004748582858 2.1935835629701641 2.4736725986003876 4.3016975969076183 1.3354384601116178 2.5281369388103485 4.8644857704639426 1.5139487385749806 2.7011428922414771 4.5848415642976761 2.6636340618133563 2.1664192676544189 1.3677603900432584 2.9220663458108902 1.4057980328798283 4.2490777820348731 2.6660214364528665 2.8098186403512955 4.5687161237001472 1.2173587679862974 1.8489586859941471 2.9393620491027859 2.4601860046386719 2.8371596038341522 3.9067462980747223 2.661664143204689 1.6368698626756657 11.779405429959295 3.8430137932300568
leaf_count=37 9 26 14 53 13 16 33 31 15 30 23 25 28 7 15 19 19 12 10 11 12 15 8 11 8 6 9 27 13 15 10 12 7 20 13 4 10 7 49 12 11 12 15 25 7 17 7 7 12 6 11 6 13 17 35 12 12 10 13 10 11 8 11 10 11 11 9 12 11 12 6 9 5 5 8 10 9 35 60 8 5 21 9 6 23 7 9 13 8 12 10 12 6 5 12 7 11 6 9 11 5 4 11 10 6 9 8 6 28 11
internal_value=0.0099159 0.0136292 0.00452318 -0.0035661 0.00969601 0.0196359 0.0106686 0.017385 0.0065886 0.010482 -0.00142235 0.00231849 0.00519808 0.00215271 -0.00813456 0.00316085 0.0113093 0.0175171 0.0116855 -0.00349298 -0.00579168 0.0163755 0.00457193 -0.00928716 -0.0239871 0.00686867 0.00767426 0.00124627 -0.000815146 -0.00797936 -0.0140605 0.00639242 0.00648453 0.00851193 0.0153989 0.00702105 0.00180262 -0.0164175 0.0254502 0.0165815 0.0062409 0.00134293 0.00465642 -0.000113301 0.011801 0.00150093 0.00924161 0.0157697 0.00128307 0.00465858 0.000556265 0.00544378 -0.012171 0.023926 -0.0266576 -0.0137716 -0.0166114 -0.00107384 0.0100563 0.00694701 -0.0277399 -0.0111761 0.0149345 0.000566161 0.00573704 -0.0084586 0.000721193 0.00122066 -0.00496056 0.00320602 -0.013218 0.013303 0.00317469 -0.00597623 -0.0170644 0.00645735 0.0258257 0.0275569 0.0246853 0.017897 0.0144267 0.0192136 0.00393066 0.0106536 -0.027107 -0.0127764 0.0139175 0.00328802 3.64443e-06 0.00280359 0.00700027 0.0152879 -0.000634697 -0.0273471 -0.0215352 -0.0246965 0.0311195 0.0130649 0.0260438 0.0187082 -0.0216359 0.0103936 0.00795616 -0.00143251 0.0213706 0.0183628 0.0240626 -0.0288344 0.0314744 0.0112113
internal_weight=487.101 288.495 198.607 77.496 121.111 52.2669 232.204 87.6722 144.532 97.2535 47.2784 40.5779 37.2329 68.8437 20.4298 12.8143 61.2728 34.4903 25.992 20.4028 9.59519 23.9175 10.7438 7.1332 6.70045 83.6375 81.9191 64.6686 57.9867 29.1133 23.6833 28.8734 48.4139 44.5999 22.9939 14.4898 12.5101 3.81404 42.6717 16.5405 78.0248 41.5057 36.3064 28.2795 36.5191 13.4945 10.4784 16.8301 23.5332 20.7432 18.0901 16.0461 4.77836 12.7257 12.0471 5.71731 8.47845 11.6362 13.235 19.8011 12.8274 4.13179 9.97833 18.2774 14.2061 8.78668 5.97554 21.606 14.4268 10.6309 5.84695 7.1792 7.38373 5.23963 4.07131 8.62635 56.2906 50.7767 39.0788 23.0245 19.1123 14.7194 5.91671 5.51388 7.6155 3.3138 6.52743 26.7825 21.918 20.404 17.7029 9.41489 4.83005 3.79589 5.19928 3.01609 26.1311 11.2677 13.1736 7.37853 3.00984 17.5328 15.6838 4.39289 8.02687 6.68183 5.99744 3.846 26.3994 11.6414
internal_count=1533 853 680 302 378 141 717 248 469 299 170 139 124 237 82 45 187 95 76 76 36 66 34 26 31 269 263 230 212 119 104 93 155 141 67 47 43 14 105 45 254 144 120 99 110 46 32 48 81 69 63 52 19 33 60 25 37 44 41 62 72 19 30 65 47 33 20 74 52 35 23 22 24 19 18 29 136 121 95 64 56 41 20 15 37 14 19 92 79 71 59 28 18 17 24 14 60 33 32 20 15 52 48 15 21 18 15 17 61 36
is_linear=0
shrinkage=0.0283043


Tree=42
num_leaves=110
num_cat=0
split_feature=12 12 12 12 20 2 2 2 20 11 20 15 15 19 15 11 20 20 20 2 17 20 2 20 2 2 20 20 2 15 15 20 20 20 20 2 19 20 12 19 11 20 20 17 19 20 17 2 20 2 11 11 20 17 12 11 15 17 2 17 20 19 11 12 20 17 17 17 12 20 19 11 15 20 12 12 2 15 15 2 15 15 17 17 20 2 20 15 12 15 20 12 20 20 17 20 20 20 2 20 20 20 20 17 11 15 19 2 2
split_gain=11.6165 12.5877 9.92163 14.977 8.11987 8.24337 12.0734 12.6995 7.45297 6.77659 7.54706 6.05979 7.29138 5.25861 4.80267 4.59683 5.2762 4.44511 4.27269 4.57661 5.27614 4.10687 3.87146 4.29693 6.47861 3.59061 3.45502 4.71732 3.08945 2.94746 3.15283 3.36493 3.13401 2.91276 4.09858 5.52291 3.01553 2.91185 3.56533 4.57439 3.16065 2.90359 3.31989 2.88351 4.87122 4.10103 2.85148 5.46173 2.76756 2.72253 2.45008 4.84763 3.32204 2.3366 2.42376 3.66899 2.35341 2.3088 2.79639 2.40972 2.27079 4.15258 2.26246 2.24377 2.18274 2.07014 2.7008 2.47741 2.01847 2.00223 3.60649 1.98198 1.80269 1.73655 1.74573 3.32809 1.70726 1.67599 2.44355 3.47485 3.64605 4.82118 2.7161 2.15754 3.26595 2.68778 1.73019 1.66421 1.6276 1.5805 1.53649 1.53318 1.52214 1.49768 1.42161 1.53963 4.38983 1.26606 1.23216 1.22654 1.19272 1.16158 1.12894 1.10893 0.947236 0.942497 0.920848 0.902489 1.46016
threshold=0.052414556294340435 -0.34771042901181659 0.29983279267315516 0.84985860134349789 -1.2662098953152976 0.15773470574558116 0.37007197695589084 1.0568980631179306 -1.054810589883995 0.34224386086857111 1.217763115984728 0.72157068603052255 0.96698758644826188 1.7324285449918948 -0.11812338851819169 0.099163171033058509 -0.20248011199900598 1.5274180853772588 0.14126508395063161 0.30120867065088924 1.0156992767477762 0.29615491361133922 0.19041184262943422 0.15577899167282314 0.25322469083856719 0.29155591669447462 0.56718094303535682 -0.3717840974387972 -0.17332677596246607 0.045550939235194828 -0.17520918516575604 0.74179671944564107 0.55189395775407935 -0.14120748094501159 0.74179671944564107 1.5985714445561554 0.51521002064953836 0.86232200470569553 0.17267376600445664 0.62675849885262747 0.33351222584970669 1.2794098168253771 1.7512115697397115 -0.09562132450116255 0.56318387586644947 -0.52410531456447795 1.7917672434633445 1.0973976612394096 0.8379825305873817 1.6187046644628318 0.30872241148580432 0.246285087768535 0.7105244852813315 0.025642339064800786 0.21583902089734722 1.4883964116206576 0.88951738354129384 -0.17599624432014477 0.25943835975012391 0.19014209922267664 0.84878067842880578 0.4885990558569035 0.014779668877570705 -0.035019924204813833 1.1597324230817385 -0.30497403009849705 -0.072284156798026147 0.025642339064800786 0.078081875380266424 0.69084841450330892 -0.44880983598931051 0.22668072715146784 -0.040936959248245627 -0.83558075691872691 0.25843389092166169 0.21583902089734722 0.42278907042316988 2.0036678606963179 -0.15376062776752039 -0.066481981263746007 0.15389729037034702 0.96698758644826188 -0.18359348589295213 -0.31151934591506952 -0.53355681117394627 0.34627817161163693 -0.8567032308718131 0.90784443093228895 -0.021707877352722504 -0.12978963804020152 0.24590487227076177 1.1753827656934637 -0.90670389235462101 0.56718094303535682 -0.12297139416326895 0.11211257857736352 -0.25330372701245307 1.4334268169838911 0.29155591669447462 -0.82914675658827075 0.24590487227076177 0.32485853524062192 1.0974872105824427 -1.0000000180025095e-35 1.5207246490659807 1.6289841860140926 0.32012271856013641 1.5284257675564612 1.9779666435387138
decision_type=2 2 2 2 2 2 2 2 2 2 2 2 2 2 2 2 2 2 2 2 2 2 2 2 2 2 2 2 2 2 2 2 2 2 2 2 2 2 2 2 2 2 2 2 2 2 2 2 2 2 2 2 2 2 2 2 2 2 2 2 2 2 2 2 2 2 2 2 2 2 2 2 2 2 2 2 2 2 2 2 2 2 2 2 2 2 2 2 2 2 2 2 2 2 2 2 2 2 2 2 2 2 2 2 2 2 2 2 2
left_child=1 4 9 8 46 11 18 76 87 13 53 29 62 14 22 16 -14 33 19 72 104 -20 28 -24 -25 50 27 77 48 30 31 32 92 36 35 106 107 38 68 40 73 98 -43 69 45 -45 47 -1 90 63 51 52 -23 54 55 -11 -56 -28 59 -59 -36 64 -13 100 -62 91 -67 -68 -16 71 -71 -32 89 103 75 -75 -8 78 83 80 -80 -82 86 -5 85 99 -81 -4 -65 -7 -2 -29 -6 -31 -70 96 -96 -53 -39 -85 -3 -94 -95 -40 -21 -17 -35 -9 -109
right_child=2 49 3 26 5 6 7 17 -10 10 -12 12 15 -15 37 105 -18 -19 21 20 -22 25 23 24 -26 -27 57 65 -30 93 43 -33 -34 34 60 -37 -38 41 39 -41 -42 42 -44 44 -46 -47 -48 -49 -50 -51 -52 97 -54 -55 56 -57 -58 58 -60 -61 61 -63 -64 88 -66 66 67 -69 94 70 -72 -73 -74 74 -76 -77 -78 -79 79 82 81 -83 -84 84 -86 -87 -88 -89 -90 -91 -92 -93 101 102 95 -97 -98 -99 -100 -101 -102 -103 -104 -105 -106 -107 -108 108 -110
leaf_value=-0.033404909920451559 -0.0073542688905446144 0.025031637912095089 -0.013668698254619957 0.018698617814625635 -0.0033472120964446834 0.016746911604276278 0.0099042079249192731 0.029693503976962115 0.031276422181304518 -0.02196681709575533 0.033053333743676805 -0.0078882126653799928 0.011806448287851023 -0.035525886685138501 -0.008604620324322276 0.033334497738227144 -0.043278597780753547 -0.036567791480212559 -0.039856531241235747 -0.036870808762005061 0.015906166647227264 0.0014174912602955662 -0.038076062743045376 -0.036753211182027845 0.013769261224411479 0.018370941824936534 0.028987047647188031 -0.010064433505840614 0.02860054896737119 0.035718781949417154 0.0017652559580005579 0.032166907688079796 -0.01257610882476805 -0.019170668928556799 0.031316829961017062 0.016494476289837297 -0.0081979843537482947 -0.038414008630652294 -0.037583907695199884 0.038051920813851836 0.031660263908049456 0.028315934505477595 -0.017804227983994645 0.012314726942239659 0.034560734154366744 -0.03051145979415416 0.008043714375944637 0.018855791840513621 0.012412426252636836 -0.0023464958347927645 -0.037214018921562307 0.0024581905381691783 -0.032398495555354172 -0.038572019461962759 -0.035567177912069516 0.023504488543708298 0.0080345928924827822 -0.023637554643086391 0.028094041122292506 0.01333435854399749 -0.037132582293299375 0.025655156201425323 -0.043612302584061985 0.0032849596553577625 0.00088890853349816372 0.015427730425394939 -0.036210362427664046 -0.0012691988826972096 0.036371450045765377 -0.015075245031765725 0.027736133195932905 0.031654674613904185 0.028055047768886007 0.004592409912081011 0.020382010079772136 -0.035754959228271745 0.035671627106574046 0.027566192919439399 -0.039579920069231618 -0.023414328436696864 0.014152623076240635 -0.037370293857211412 0.019102850241195971 0.01054039209828996 0.024190411605826852 -0.039159762482421513 0.0049982856520993327 0.01274349519366702 0.023128238172525122 -0.013903919590963289 -0.038516300249330081 -0.041945228569836394 0.022529012507148484 0.0036009992674383702 0.02567296450536255 0.03503157518796278 -0.034257067671999188 0.029081006083238926 -0.0055291388787865334 -0.013697639680675239 0.035504872381397191 0.0076455070697685548 0.027960107733926834 -0.0059865890815501473 -0.012110832552962655 0.015888966545105788 -0.0397443617605737 0.0034693208613585966 0.027842271946211236
leaf_weight=6.4958817511796934 4.1827483922243101 14.888990700244902 3.6648875772953025 10.558433353900911 2.0456407517194739 3.1690955311059952 2.0500068366527584 6.1421097815036756 29.171984657645226 2.9956211000680977 1.9386194795370091 2.5931501090526607 3.6935402899980545 2.7501634061336508 1.2323754131794 4.954115152359007 1.9306713938713063 1.7568808943033207 3.633027762174609 3.4940921962261182 3.4067929238080978 3.2959657609462791 4.7805666178464881 2.9646566659212095 5.2211997210979462 3.2201509773731223 5.6552896797657013 1.720611199736594 3.0110743790864971 12.276813700795175 2.1178634017705935 15.796607598662375 2.4118658155202857 4.3881287425756508 3.1072519272565833 3.3256750255823135 3.0828108340501776 2.0993547439575191 1.8651891797780993 2.5486184358596793 1.8084728121757514 2.62093685567379 1.9001669585704801 2.5558010935783386 1.8507484346628187 4.4893601983785612 3.6561172157526007 1.8814188838005064 4.9201845526695251 2.3800689578056327 2.7278500050306311 3.4271502196788779 6.4695026725530624 5.4646853208541861 5.3735694289207458 2.2843520194292068 1.0642945766448972 2.7588217854499799 2.6875331550836563 2.4033660590648651 1.7435639351606349 3.7692690193653107 2.6519265621900558 3.944808483123782 2.8769837319850922 2.70984162390232 2.7833441346883765 3.3461118191480637 6.4255446791648856 3.2629728317260742 2.5349884629249564 7.1040742099285126 5.5052801221609133 5.5110057294368726 2.2929185479879379 2.1070047169923782 17.585787907242775 2.0870026797056189 3.3546366542577726 2.664356410503383 3.905743271112442 1.9689714461565015 6.1788161396980383 3.4224939793348308 3.2184643298387474 1.6571226716041563 3.8314021527767181 3.3697318732738495 14.501423105597494 1.9685769975185392 1.588478237390518 2.9860112369060516 27.920942455530167 2.2469774931669226 2.7976777702569948 2.3091465383768082 1.2471644282341006 2.0362589061260223 1.327015548944473 2.7524645179510121 19.873820513486862 4.5985962301492682 3.3852369487285614 1.3808183670043952 1.68994764983654 4.2856283336877823 2.6123277395963669 3.7829165309667587 3.4041839390993118
leaf_count=31 17 37 13 29 7 9 7 14 68 14 4 10 11 16 4 11 9 9 18 20 10 12 26 16 16 10 13 7 7 27 7 36 9 18 7 10 12 11 10 5 4 6 8 8 4 21 11 5 14 7 15 12 32 30 34 6 4 12 6 7 9 9 13 11 10 8 16 12 13 12 6 16 13 20 6 12 40 5 17 12 11 10 18 10 9 9 13 9 35 8 8 15 71 7 7 5 7 5 5 10 46 14 8 6 7 13 14 12 8
internal_value=0.00971999 0.0133604 0.00443258 0.0101349 0.0104477 0.0116922 0.00591715 0.0141909 0.0249453 -0.00262698 -0.0174623 0.016914 0.00292267 0.00149223 0.00309211 0.0128461 -0.00662958 0.00509251 -0.00529397 0.00461138 -0.0104413 -0.0130576 -0.00613 -0.0171802 -0.00496412 -0.00834406 0.00274524 -0.00021192 0.00420091 0.0199151 0.0175115 0.0213567 0.0167198 0.00707518 0.000347983 -0.0124472 0.0159957 0.00934501 0.0132064 0.00478036 -0.00121288 -0.00570273 0.00859872 0.00903886 -0.00360958 -0.0143478 -0.011881 -0.0211599 -0.00273646 0.0254171 -0.0132248 -0.0088644 -0.0206305 -0.0234894 -0.016453 -0.0024667 -0.0279006 0.0155341 0.00590074 -0.00610992 0.0118129 0.00439192 -0.0250629 0.026774 -0.0130922 -0.0147648 -0.00690006 -0.0170524 0.0237482 0.0164595 0.00382303 0.0245671 0.0169348 -0.00605153 -0.000269073 -0.00662685 0.0327012 0.00412447 0.00295145 -0.00367727 -0.016699 -0.00371291 0.00582325 0.00965127 0.00106178 -0.00871785 -0.00653211 -0.000615653 0.0188883 0.00547505 -0.0158052 -0.0296394 0.0188678 0.0301497 0.0271535 0.0180429 0.00758069 0.0120918 -0.0247917 -0.00049507 0.0309902 0.0203628 0.0186231 -0.0232645 -0.0282731 0.0250242 -0.0266599 0.0218484 0.015312
internal_weight=482.873 286.002 196.871 108.857 230.413 218.379 103.672 59.6279 36.2066 88.0136 19.1211 114.708 20.109 68.8925 66.1423 14.864 5.62421 39.9921 44.0437 19.2338 8.59083 24.8099 26.6689 12.9664 8.18586 21.1769 72.6508 59.1458 13.7025 94.5985 76.6895 52.7737 36.977 38.2352 21.8232 10.3261 16.412 39.4734 31.5259 17.514 14.9654 7.94747 4.5211 23.9158 8.89591 7.04516 12.0334 8.3773 10.6914 55.5891 17.9567 15.2289 9.76547 17.1825 11.7178 5.27997 6.43786 13.505 7.84972 5.16219 11.4971 8.38982 5.24508 53.209 4.62055 13.5459 8.8393 6.12946 14.0119 15.0199 5.79796 9.22194 10.643 13.1569 9.91093 7.61801 19.6358 45.5999 43.5129 21.9039 9.22935 5.87471 12.6746 21.609 11.0505 7.83208 6.49576 7.03462 18.4462 5.13767 5.77123 4.70662 34.5652 17.909 12.7795 6.35399 4.04484 5.46341 3.42637 6.17496 34.7628 32.5195 5.63221 3.24601 5.18404 9.23974 7.00046 13.3292 7.1871
internal_count=1533 853 680 339 717 670 350 179 90 341 92 320 67 249 233 44 20 132 171 67 37 104 104 58 32 86 249 211 46 253 211 137 101 123 77 42 46 129 99 63 58 30 14 74 33 29 47 36 39 136 76 61 44 88 58 20 38 38 25 19 35 28 23 129 19 58 36 28 36 41 18 23 30 54 38 32 47 153 148 81 38 21 43 67 38 29 25 22 46 17 25 22 92 42 32 19 14 17 16 20 83 85 15 16 27 24 32 34 20
is_linear=0
shrinkage=0.0283043


Tree=43
num_leaves=104
num_cat=0
split_feature=6 6 9 9 9 17 17 16 16 16 7 7 16 16 16 0 14 6 6 6 14 6 6 7 7 6 6 14 9 17 17 17 6 6 7 0 0 0 0 17 16 14 9 16 17 14 7 7 17 17 14 14 9 16 7 7 7 7 7 7 14 0 14 7 6 7 7 17 16 16 17 7 16 14 0 17 9 0 0 0 0 7 14 0 16 16 17 0 0 6 9 0 0 14 0 0 0 7 17 16 6 6 9
split_gain=18.5144 6.31766 7.27458 7.44857 5.36289 5.31653 9.36973 6.98127 7.04681 7.76 6.0975 10.9634 4.56329 7.36758 4.60642 4.17345 4.32349 4.13419 3.79924 3.673 3.85327 3.67064 4.441 3.5744 3.30779 3.25518 3.13883 3.01995 5.42066 2.95178 3.90349 3.80647 2.89907 6.44569 2.72159 2.71664 3.44945 2.52812 3.79409 2.80398 3.00433 3.48209 3.60443 3.02101 2.71104 4.83059 3.11055 4.17749 2.88675 2.65656 2.58903 3.46166 5.36617 3.98426 3.55752 2.51646 4.35123 2.81791 5.60586 2.47759 2.71064 2.42507 2.16902 3.75878 2.32916 2.96245 3.97424 2.14246 2.12424 1.97277 1.91704 1.88786 1.88265 1.82563 5.745 1.81597 1.74456 1.70368 1.64138 1.71624 2.93817 1.39615 1.38824 1.35819 1.34497 1.31843 1.30766 1.30603 1.68569 1.23943 1.19378 1.11699 1.78239 1.55689 1.04828 1.17234 1.04791 1.02972 1.00521 0.998797 2.13642 1.73803 0.893846
threshold=0.98517258165982136 1.0000000180025095e-35 -0.27010607648259127 -0.016119868357326771 1.4928593559331742 -0.16602242974251061 -0.45508773153453136 2.3310023549040202 1.8301420572083347 1.0447226479690885 0.33085481854384358 0.053737574293094954 0.40175276971577284 1.2497642638747843 0.17488221570194964 -0.085124456085555703 1.4703503402656335 2.8256567754574768 0.83897537852386062 0.88314899572267425 0.17802181833247446 1.428372888605961 1.2454225704446971 0.24631470929780669 0.29321983286951925 1.0628881997146837 2.0801791512729015 0.30280897044057081 -0.58847620463459605 0.012016004500239881 1.6577733302362794 -0.040112760753176595 1.4906152622183007 1.2520610914474568 0.19358802783598808 -0.44438138436561686 1.5987350703136329 1.0000000180025095e-35 -0.096993340264923858 1.2280616588143383 0.84097902460781204 0.090198011537986442 1.0883787191669134 0.48889339617006738 0.81130425827936314 0.39130984565278709 1.4990585238401752 1.2494301215124233 1.0156992767477762 -0.1402307686081595 0.15597692968067622 1.4593910124871494 0.30283918563917495 0.11025042821238296 0.077988521161022853 1.2984420946062694 0.2625263619365405 0.093046950903430764 -0.02819669475451354 -0.01422495581825871 0.011864638327588616 -0.12727289805421202 1.4224620943812221 1.3667261964867907 1.1747946966183451 1.2618716223747071 0.14243593917492195 0.76249685120072519 0.058021680591709889 0.30679328341057266 -0.050963180127673265 -0.020678568565004957 0.19065385526945464 0.039509686095512433 0.58387961603707905 0.031710392269748179 -0.34541695846195392 0.75745655908195719 0.42111052868451099 -0.11887247941184789 -0.24094197748843216 -0.0083812205647616714 1.3676080768093348 0.26382951971327845 0.11796627278198535 0.29386486560703329 -0.076891202008202916 1.1608595898614809 1.5705336648714103 3.1265365093269115 -0.55051436303662937 0.56276149042570023 0.52569135031923964 1.2773055110618079 0.80559066520519007 0.71478126158869248 0.66596663374617415 1.3562695696479905 -0.021012516234875021 -0.028912915299978525 0.47711775123308842 0.73139473490520535 0.44722151902917778
decision_type=2 2 2 2 2 2 2 2 2 2 2 2 2 2 2 2 2 2 2 2 2 2 2 2 2 2 2 2 2 2 2 2 2 2 2 2 2 2 2 2 2 2 2 2 2 2 2 2 2 2 2 2 2 2 2 2 2 2 2 2 2 2 2 2 2 2 2 2 2 2 2 2 2 2 2 2 2 2 2 2 2 2 2 2 2 2 2 2 2 2 2 2 2 2 2 2 2 2 2 2 2 2 2
left_child=1 2 5 -4 12 6 10 8 9 15 11 27 14 -14 17 16 55 21 99 -20 -21 22 25 85 -25 67 -23 35 -29 31 68 70 33 76 -32 -1 -37 38 39 40 43 49 -43 44 46 48 47 50 72 -42 59 52 -52 -54 -53 56 57 58 -7 60 102 -59 63 64 65 66 -27 82 81 -70 86 -18 -46 74 -39 -40 -15 -11 79 80 90 -31 -2 -8 -41 -16 -17 94 -89 -19 -12 92 93 -75 95 96 -76 -26 -57 -3 -101 -102 -5
right_child=4 18 3 37 -6 7 83 -9 -10 77 78 -13 13 32 23 29 71 89 19 20 -22 26 -24 24 97 62 -28 28 -30 30 34 -33 -34 -35 -36 36 -38 73 75 84 41 42 -44 -45 45 -47 -48 -49 -50 -51 51 54 53 -55 -56 98 -58 61 -60 -61 -62 -63 -64 -65 -66 -67 -68 -69 69 -71 -72 -73 -74 91 87 -77 -78 -79 -80 -81 -82 -83 -84 -85 -86 -87 -88 88 -90 -91 -92 -93 -94 -95 -96 -97 -98 -99 -100 100 101 -103 -104
leaf_value=-0.0067198931400366674 -0.038782553509608929 0.029055936397661117 0.031256046089805305 -0.0070114411554727876 0.026457761425432581 -0.010698631428083883 0.035223689453614926 -0.03785269172168939 0.033933722361623994 -0.03191336715514341 0.029696138794490196 -0.038279849192243323 0.035916608474217356 0.023595223722167328 -0.036090022557373334 0.0093222030474066023 0.031189853734785864 -0.038695653860235955 -0.015093362233544343 0.028994803637423443 -0.0095142491634739746 0.032332693934599727 -0.036379325880338743 0.020962575976410856 -0.036464322234137779 0.0030893599915799634 -0.00019730614931520737 0.012060357539216032 -0.04016981127050543 0.018421936831624623 -0.024370363428092692 -0.034378229216236691 0.021464360901397753 -0.036926178600970166 0.019649407591230711 0.029229401114444883 -0.010968055847082089 0.028841417688224156 -0.025228228899898404 0.012347483791789699 -0.045273131485808887 0.022063505206325381 -0.022194595682389528 0.036122798185897712 -0.039788163554640814 0.033301602554959953 0.033353522820471132 -0.021983540374147546 0.0083483899781042498 -0.0020688953846112667 -0.027741360552011315 0.033198137232360786 0.015025712783235286 -0.0095504150359512902 -0.0016913830238412123 -0.011255494329127567 0.015241540267235469 -0.029985635336478422 0.028771379082904627 0.029914534388004819 0.030368034361028667 0.0052682541406483714 0.023371313479455851 -0.036183017407077973 0.020145239564166001 0.026305441696419234 -0.03774620418648128 0.0059378038003826857 -0.0084248325436629586 0.022214114047131372 0.030947357418599226 0.0016549622410676104 -0.0010991671528394697 0.0090614823514923951 0.00059484879949116482 0.0035601849846051575 -0.0096081265713071542 0.0025630737344675266 0.0015795173041992878 0.034314731939107869 -0.0094035321242945859 0.036038512640333933 -0.007634596872955042 0.01795901290869131 0.035760627049591924 -0.011322120254382617 -0.017437453679493561 -0.023555463435289005 0.0029993466926991714 -0.013186379961162937 0.010031412186640918 0.02553426058519874 -0.0051138157321069669 0.03329704704915995 0.022083538722814464 -0.013781072755966168 0.021414360876914375 -0.0056812306463189409 -0.038662584473769274 0.036718461972284289 -0.0047690308954813666 0.02041714988879309 0.0098779594631532817
leaf_weight=3.4963611960411098 3.2322707772255006 25.413349494338036 18.640704035758972 3.4172565490007418 4.5156135261058798 12.482966721057887 12.379615396261217 3.2228977084159842 5.4028409570455542 6.3254754394292823 6.2663650363683727 5.5126118808984748 5.0894313752651241 2.9310301393270493 8.2656969949603063 3.6075357198715206 3.9291430413722992 2.8582906723022452 3.6321529150009146 6.4910654127597791 2.6342536211013794 4.3621613383293134 3.0124273747205725 2.3493103682994834 1.634198382496834 5.2949705719947868 4.4756067246198654 3.4337324500083923 2.5895605385303488 6.191684842109682 2.6947872489690772 2.0877887904643995 2.571028769016265 4.1236792057752609 1.603855714201927 8.0630768835544604 1.8892497569322575 10.76557672023773 3.2969100773334494 2.7495882958173743 2.1422582566738129 4.481578528881073 1.8733664900064466 3.5779162049293509 3.2242870777845365 1.9052034914493559 4.9721400141715995 2.704200714826583 2.4865972846746445 1.9680219888687114 3.7273872792720821 6.7527700364589673 16.548221871256832 7.4271340966224662 3.1749058812856674 1.6700148433446886 7.6683095991611472 6.6354489624500275 3.489013731479651 10.155387073755263 4.1949986964464179 1.8521306961774806 3.6744859814643851 1.8319269269704808 4.967621535062789 1.9584497660398472 2.7107091248035431 1.8497878313064573 2.7994212210178366 3.3730951547622681 1.8571618795394895 2.5746255815029135 1.2556740045547483 3.9520315080881137 4.0790454745292681 3.2776819318532944 1.8487811088561992 1.2293299883604047 4.2440646886825553 4.8790148049592981 2.7916955053806314 7.5840679407119787 1.5388361960649488 4.7384292632341376 5.0872227251529694 2.0057220906019202 2.1231818199157719 2.4466105699539167 6.1089909970760345 2.8448138833045959 3.5333261340856543 21.281676605343819 2.5356650799512863 3.7571685910224915 3.5090430527925482 1.9749340564012525 3.17390376329422 1.4662501066923139 2.3045560568571082 3.6621427834033957 2.9748442918062192 6.0847577452659607 7.0452408641576767
leaf_count=13 17 62 46 12 11 51 28 17 12 35 15 29 11 8 50 11 9 16 12 15 9 10 17 7 9 18 15 11 13 17 12 13 7 23 5 20 7 25 17 8 10 12 8 8 16 4 11 12 8 7 14 15 47 29 10 7 22 35 8 25 10 7 10 10 14 5 14 6 11 9 4 9 5 11 14 11 8 5 15 10 11 16 6 13 11 9 9 10 20 11 10 52 9 8 9 8 9 6 13 8 9 15 22
internal_value=0.00953365 0.0120537 0.0106864 0.01441 -0.00274126 0.0061736 0.0124419 0.00184754 0.00331389 0.00130533 0.0059111 -0.00358731 -0.00452041 0.00854801 -0.00812883 0.00399934 -0.00187447 -0.00350562 0.0213378 0.00818297 0.0174079 -0.000204502 -0.00488707 -0.021226 -0.00306704 -0.00129227 0.01561 0.00626188 -0.00999195 0.0113837 0.0166575 -0.00152999 -0.00381217 -0.0114887 -0.00704013 0.0137075 0.0212209 0.0125629 0.00991796 0.01127 0.00990447 -0.00421444 0.00852077 0.0117096 0.0105622 -0.0039468 0.0124211 0.0107817 -0.0149233 -0.0238542 0.0122672 0.00760862 0.00248018 0.00733877 0.0217173 -0.00570789 -0.00310221 -0.00889499 -0.00197332 0.0193131 0.0120016 -0.0219424 0.00427982 2.91537e-05 0.00465368 -0.00308567 -0.0107186 -0.0181296 0.0219155 0.00853087 0.00734251 0.0189729 -0.0283532 0.0170238 0.0123049 -0.0105204 0.0102418 -0.0257022 0.0167933 0.0206593 0.0152428 0.0280643 -0.028335 0.0301956 0.0272069 -0.0310514 -0.000386708 0.00381664 -0.00465814 -0.0255298 0.0223402 0.0218459 0.0143185 0.0208264 0.00943859 0.00456902 0.0096587 -0.0214233 -0.0264563 0.0258176 0.0194587 0.0121339 0.00432088
internal_weight=478.503 397.09 346.198 189.671 81.4131 156.526 63.8171 92.7093 89.4864 84.0836 46.6991 24.9846 76.8975 16.564 60.3335 76.5288 42.6062 44.6124 50.8926 12.7575 9.12532 38.9093 30.0715 15.7212 5.44976 27.0591 8.83777 19.472 6.02329 33.9226 24.2469 9.67567 11.4745 8.90349 4.29864 13.4487 9.95233 171.031 107.446 100.871 93.0345 10.4652 6.35495 82.5693 78.9914 8.87176 70.1196 65.1475 6.96656 4.11028 62.4433 37.6304 27.7027 23.9754 9.92768 36.1024 32.1279 24.4596 15.972 24.8129 14.6575 8.48758 20.4382 16.7637 14.9318 9.96413 8.00568 6.62089 19.9483 6.17252 7.58788 6.50377 4.47996 63.5846 32.0581 6.57459 4.77981 7.55481 21.7145 17.4704 12.5914 13.7758 4.77111 17.118 7.83681 10.2714 5.73072 21.2925 8.5556 5.7031 9.79969 31.5265 10.2449 7.7092 12.7369 9.22788 7.25295 3.10045 3.97457 38.1351 12.7217 9.0596 10.4625
internal_count=1533 1215 1085 553 318 532 195 337 320 308 154 93 307 57 250 268 161 169 130 36 24 142 117 81 22 100 25 64 24 107 70 37 46 39 17 40 27 507 332 304 285 37 20 248 240 33 207 196 29 17 184 115 90 76 25 143 123 101 59 69 44 42 71 61 51 37 32 29 53 20 24 18 21 175 95 28 16 40 61 46 36 33 23 41 19 59 20 70 30 27 25 80 28 19 40 31 23 15 20 94 32 24 34
is_linear=0
shrinkage=0.0283043


Tree=44
num_leaves=114
num_cat=0
split_feature=12 12 12 12 12 22 9 11 9 9 19 13 11 12 13 13 12 22 9 22 12 11 9 9 22 22 7 9 9 13 7 12 7 9 9 22 19 11 22 9 11 22 22 22 7 22 22 11 13 9 22 13 9 13 9 11 11 22 19 19 22 9 13 9 22 12 19 12 13 19 7 7 7 7 7 7 11 11 7 7 12 22 9 22 22 22 7 11 7 7 13 22 22 11 19 22 22 12 12 7 12 22 9 9 11 9 22 22 22 7 12 13 22
split_gain=10.9484 11.6721 9.16658 10.292 10.2555 8.92915 6.0739 6.69245 5.8133 4.90593 4.83567 3.74891 3.24116 7.18744 3.78152 5.49096 3.4089 6.58638 4.94131 4.21134 3.63041 4.61727 3.28221 5.05391 3.23705 3.22893 3.88083 6.59754 5.62187 3.16199 3.12833 2.93363 3.564 2.79726 2.79247 2.72567 5.88999 2.94504 2.65231 4.30597 2.62879 3.47204 2.72676 3.63427 4.2755 7.61994 4.2112 2.62509 2.60509 2.94247 2.58534 2.545 2.54331 5.90325 3.49115 4.60777 4.25838 3.26719 3.15894 2.75969 3.25521 2.68263 2.56597 2.58189 4.36645 2.50834 2.28627 2.27029 2.06484 3.81956 3.26378 2.06137 2.03093 5.19639 1.98145 1.82936 2.76934 1.70578 1.6532 2.41539 2.51619 1.57604 1.56369 1.55789 2.50125 1.44503 1.35148 1.33929 1.33124 2.03167 1.29855 1.29492 1.55147 1.29142 1.28358 1.26265 1.22692 1.22505 3.27222 1.22036 1.21051 1.20752 1.148 3.08607 1.80188 1.2677 1.11305 1.10214 1.09178 1.05739 0.951312 0.945697 0.866106
threshold=0.052414556294340435 -0.34771042901181659 0.2572563221607303 0.91236174323230845 0.21583902089734722 -1.0957225441148986 -0.27648080082640075 1.7870673959249304 -0.22416190215448603 -0.0097133101840849983 1.7504560988586031 0.28378499993439565 1.393497032296857 2.4458598619111309 0.83496560684745946 3.6440887325874933 2.1237212077488428 -0.17947005121422246 1.584294072519975 0.8451843466279777 1.5194996368078226 -0.10925861504941378 1.3226120361294622 -0.29709320538378736 -0.71308409285486241 0.42130785496224415 2.0567415923489545 -0.38535249748472061 0.41873820014466562 2.1453798208201076 0.67920575400610095 0.078081875380266424 0.16862740533955192 0.32756611265068086 -0.36303698305270832 1.2517451544680687 0.18504756528431351 2.609703390441672 -0.25958490241302951 -0.28623786954738767 -0.31706706789301292 0.73258470015296473 0.18048628528247199 -0.039537383163194842 0.19358802783598808 -0.29564731831436775 -0.49489693633009707 0.39121015635750295 0.4264807968913143 -0.33713220435220898 -1.5371770784521179 0.27135476521424301 -0.47010210989074752 0.18974757205150142 -0.33713220435220898 0.346749072295929 0.24077624013211221 1.0521854759981613 0.45572387473392684 0.70182150331487125 1.8278613291352868 -0.36814631267658554 0.13591375521263821 -1.052135930315423 0.67259992767157184 0.18879173841970481 0.42495270520282075 0.16845107802580436 1.1573547822164898 1.8100857001100239 0.2625263619365405 0.76835875483744098 1.5711682209056239 0.93738352992103746 1.0000000180025095e-35 -1.0000000180025095e-35 0.37574300722446979 1.4810921703213522 0.61582284943496413 0.74104733182157145 -0.0056267039612534807 0.15062507846469689 -0.016119868357326771 -0.22609837336178654 0.2818760537987352 -0.98579418770665173 -1.0000000180025095e-35 0.062965358426118723 1.3110388370122896 1.2276519506625785 0.25433532813978194 -0.034218653833831068 -0.49489693633009707 1.7192104366787107 1.6602226926345205 0.63942345907450693 -0.60408591780914989 -0.035019924204813833 -0.021707877352722504 0.25990943305641651 0.70146653795425573 -1.4131767475850154 1.1682100049256565 1.2801059153800407 0.34224386086857111 0.4928234796908863 -0.12933566085402839 -0.17431827751403106 -0.25958490241302951 0.111110413385303 1.9022002843545731 0.16532678666909381 -0.19206327581468993
decision_type=2 2 2 2 2 2 2 2 2 2 2 2 2 2 2 2 2 2 2 2 2 2 2 2 2 2 2 2 2 2 2 2 2 2 2 2 2 2 2 2 2 2 2 2 2 2 2 2 2 2 2 2 2 2 2 2 2 2 2 2 2 2 2 2 2 2 2 2 2 2 2 2 2 2 2 2 2 2 2 2 2 2 2 2 2 2 2 2 2 2 2 2 2 2 2 2 2 2 2 2 2 2 2 2 2 2 2 2 2 2 2 2 2
left_child=1 6 4 5 10 8 7 11 -4 112 25 51 14 -14 16 -16 19 18 101 20 21 22 23 24 -5 31 27 94 111 78 48 -2 33 34 83 37 74 40 39 100 41 42 43 44 46 -46 85 99 49 -13 -10 52 53 59 55 56 57 61 109 60 62 -54 63 64 91 -34 -38 -30 -50 70 -70 95 73 77 -37 76 -6 102 97 -80 -81 108 -40 -33 -85 -11 -25 -41 89 -75 -55 92 -1 -79 -27 -44 -67 -3 -99 -23 -7 -18 105 -104 -105 -42 -48 -56 -35 -58 -22 -29 -8
right_child=2 29 3 12 75 38 9 -9 50 35 -12 30 13 -15 15 -17 17 -19 -20 -21 110 47 -24 86 -26 26 -28 28 67 -31 -32 32 65 81 -36 36 66 -39 82 87 72 -43 71 -45 45 -47 106 -49 68 -51 -52 -53 54 90 107 -57 58 -59 -60 -61 -62 -63 -64 -65 -66 96 -68 -69 69 -71 -72 -73 -74 88 -76 -77 -78 93 79 80 -82 -83 -84 84 -86 -87 -88 -89 -90 -91 -92 -93 -94 -95 -96 -97 -98 98 -100 -101 -102 -103 103 104 -106 -107 -108 -109 -110 -111 -112 -113 -114
leaf_value=0.010626541363223574 -0.023284170063499855 0.032936971860456202 -0.037872730894988077 0.0076329549408806234 0.0073008785427161405 0.0036598151197284783 0.017430168130913554 0.028748696485953351 0.019727158986454937 0.014620146241807625 -0.035517613578416193 -0.036993099479170094 -0.038109688756021713 0.022847815025516062 -0.039022963971475887 0.012924548031442567 -0.014798456421631323 0.019278174512155574 0.019079002352426096 -0.023271894129203288 0.034872676670851969 0.021076216683449684 -0.036978065475724027 0.026015246378276201 -0.029583599187695517 -0.032847531270918225 0.025484916035734814 0.022562540228847443 -0.00042008052928490511 -0.003933452046533681 -0.030833045878334069 0.013496398283363279 0.028655773279389878 -0.017931719279981165 0.027356412715233144 -0.043431447208997477 0.024702336574033121 -0.012435193543325236 0.035707265617808112 0.033729565187776034 0.021174234609997098 0.026801176137622989 -0.039996763600583331 0.03015178912595913 -0.032295783389717378 0.024199405949401322 -0.014051099663343286 0.0021317301024882987 0.02283371463742755 0.0047121972787684081 -0.017704228334106623 0.031904309170984635 0.0042265505576999252 -0.037319045538002256 0.0092103145313133933 -0.037619589835621796 0.042596252894635978 -0.036533085327137969 -0.013676488623578141 0.030457585504664122 -0.02417843113846237 -0.03710357240897514 0.034341865918396379 0.02164499618897647 -0.021541081658940513 0.015307661610956475 -0.0055922858431187994 -0.037136657814294358 -0.028381557685662025 0.029577383754205704 0.016691419462266835 0.005881215426049905 0.035893778146365317 -0.012954221448549836 -0.0087328995840572805 -0.03547722802492536 -0.035169451646292885 -0.0032948652116853816 -0.0032969378997298468 0.03341426964598803 0.0058907530334033585 -0.037625650582783221 0.021426404745728121 -0.024704077223841072 0.014848160772023869 0.034617941638026305 0.0034088971704518117 0.013570119487365135 -0.021570498655749646 0.019089467442465646 -0.0037769609497290742 0.022878745039668236 -0.016347438700497808 0.021405496952313689 -0.0027092940323389892 -0.0060680064487710524 -0.013029473785736299 -0.0036732738533662131 0.029624839767189836 0.041737231250480782 -0.023600161363909151 -0.041864522976314961 -0.0085546031249398389 0.035366851152196177 0.010269255721289177 0.033526557309232444 0.010948758360894262 0.033766219554143675 0.011092017468823523 0.017622430568620569 0.017665505322826194 0.005296394549735667 0.035788743854031649
leaf_weight=7.0614866763353374 1.9524870067834843 25.013547256588932 2.9122651517391205 2.8192982971668199 2.3552685081958771 3.9849899709224728 2.3215270340442649 8.3332959115505201 4.6334707587957382 6.1775220632553145 2.574315980076789 2.9785593152046204 4.2537712305784217 2.1478717476129532 3.6045450717210761 2.6301635503768921 1.6206286102533329 4.5918134003877622 1.57190965116024 2.6280857026576987 5.5051399618387205 5.5932035297155434 1.7531750053167332 5.0786597728729248 4.5179517269134521 7.3253062963485771 2.7810600399970999 5.6504302620887739 2.1031595170497885 2.5895176678895941 3.7960447818040839 3.6000508517026848 9.9571395516395551 2.0997367650270462 4.2479358762502732 2.1762796044349662 5.6346703916788083 3.021878480911254 15.420480296015739 6.6118065416812879 14.843648269772538 7.4832021892070761 1.9837464243173593 5.298141017556186 5.118929848074913 2.7565548717975608 4.1328783929347992 4.013663798570632 3.2408488243818265 2.1818405389785793 1.8579111993312816 2.5985842347145072 6.429335266351706 2.3421373963356014 4.1879396736621857 3.2253983020782462 1.7133145332336415 3.2060516476631165 2.096122607588768 5.5466288477182379 1.9251129329204548 1.3644188791513467 3.2787962704896918 8.091750264167791 4.3159578293561927 2.5841630548238754 2.6823050230741501 2.9342625290155411 3.9544855207204819 1.8917010575532911 1.6395341306924818 2.7923380583524704 4.7194063216447821 2.8010709732770911 2.6622081249952316 7.7459152936935407 2.1833782866597176 3.6051738262176505 3.0069620013236991 7.3508662283420554 3.6703777909278861 1.5676117688417432 9.6588616073131561 3.2267280369997025 1.8187106847763059 4.7169161736965188 3.1679396480321902 3.8440714478492737 2.2115805149078369 2.9324739724397659 1.2821946740150449 4.3331499546766308 2.0301028639078131 2.7028353214263916 1.1751917600631712 1.2824447005987165 1.9214465469121922 2.7478473633527747 9.8319408893585223 3.3105156421661377 1.6483636051416395 4.4914554506540307 2.805005580186843 4.7774791568517667 3.7705733180046082 11.423202738165854 1.8596280366182316 1.9005302190780629 1.6208134293556207 3.9670146405696869 4.1860361099243164 4.1308558806777 9.0506450831890088
leaf_count=22 7 61 15 9 9 13 7 21 12 17 15 17 23 5 19 8 7 13 4 11 12 15 9 12 24 40 7 15 7 8 19 10 24 9 10 10 14 13 35 15 39 18 10 12 25 7 16 15 9 8 9 6 22 13 14 17 3 18 10 13 8 7 7 20 19 8 10 16 19 4 5 9 10 10 10 49 14 14 9 17 10 8 25 15 6 10 11 11 9 8 5 12 9 7 5 5 9 8 23 6 6 22 10 10 12 26 5 4 5 11 12 14 22
internal_value=0.00934443 0.0129123 0.00416984 0.00908725 -0.00351881 0.0187173 0.0100942 0.00483452 -0.00576684 0.0141646 0.00105393 0.00259676 0.00187367 -0.0169626 0.00386234 -0.0166645 0.00623528 -0.00675014 -0.0226521 0.010018 0.0123072 0.00751049 -0.00196908 0.00204274 -0.0146555 0.00267166 -0.0048034 -0.00859372 0.00270417 0.0246787 -0.00827324 0.00832338 0.0103557 0.00209086 0.00905442 0.0124378 0.000436315 0.0139795 0.0244071 0.0155546 0.0148115 0.00961023 0.00596931 0.00942753 0.00492027 -0.0120805 0.0128462 0.0201792 -0.00285853 -0.018874 0.00851728 0.00562145 0.00458252 0.00912897 -0.00192533 -0.00717441 -0.00186941 -0.0130333 0.0139648 0.0125466 0.00928999 -0.00341846 0.0116229 0.00865762 0.00264522 0.0207446 0.0145299 -0.0209202 0.00505286 -0.00292293 -0.0145621 -0.0110499 0.0188259 0.0172238 -0.0237227 -0.0269856 -0.0131997 0.0210143 0.0262406 0.0180644 0.0239962 -0.0149487 0.0301409 6.16335e-05 -0.0100308 0.0232276 0.017074 0.0260355 -0.00344207 0.00317971 -0.0242723 0.0104752 0.00458412 0.00777227 -0.0282269 -0.0260054 0.00397971 0.0293251 0.0222469 0.0287147 -0.00395035 -0.0342489 0.023303 0.0159051 0.0240947 0.0265414 -0.00571954 0.0166355 -0.005565 0.0248709 0.0271739 0.0151262 0.0316904
internal_weight=474.482 280.868 193.614 118.058 75.556 50.5722 226.657 98.9123 9.40365 127.744 63.2714 90.579 67.4858 6.40164 61.0842 6.23471 54.8495 12.2758 7.68399 42.5737 39.9456 30.2544 17.337 15.5838 7.33725 60.6971 26.1003 23.3192 14.8187 54.2111 19.683 34.5968 32.6443 18.1816 12.8934 116.372 13.1555 103.217 41.1686 16.0892 100.195 43.6023 36.1191 30.0606 24.7624 7.87548 16.8869 12.9174 15.887 5.1604 6.49138 70.896 68.2974 40.2073 28.0901 22.0017 18.7763 10.9998 7.77645 36.583 31.0364 7.79375 29.1112 25.8324 17.7407 14.4627 8.31698 5.03742 10.7266 7.48572 5.59402 6.05853 56.5924 51.873 4.83849 12.2846 4.53865 43.9279 51.6215 14.0282 11.0212 5.28816 25.0793 8.64549 5.04544 10.8944 8.2466 10.4559 7.94513 5.73354 3.62433 13.4247 9.09159 6.30801 8.5005 3.26619 4.50561 37.5933 12.5798 8.90372 5.63335 6.11208 37.6199 11.3531 8.54805 26.2669 5.99251 6.08847 3.72055 5.68033 9.69118 9.78129 11.3722
internal_count=1533 853 680 378 302 141 717 342 36 375 230 321 237 28 209 27 182 46 33 136 125 101 65 56 33 215 104 97 52 136 81 111 104 63 41 346 44 302 105 45 289 134 116 92 80 32 48 36 62 25 21 240 234 128 106 88 71 47 24 110 97 29 89 82 62 41 24 23 37 28 24 24 155 145 20 72 23 118 128 36 27 22 60 31 21 27 23 26 27 18 18 43 31 21 45 15 17 92 31 21 19 29 97 32 22 65 21 18 14 14 24 29 29
is_linear=0
shrinkage=0.0283043


Tree=45
num_leaves=115
num_cat=0
split_feature=6 21 0 0 21 0 0 3 6 6 6 22 21 3 22 22 3 21 21 8 8 22 3 22 21 3 8 21 3 21 0 21 21 3 22 22 3 0 8 16 6 21 22 0 22 22 22 8 3 22 22 3 3 3 8 21 21 21 16 3 21 22 3 6 22 3 3 3 16 3 16 16 21 21 22 8 8 6 8 22 22 22 21 8 16 8 8 0 0 0 16 0 16 22 0 16 0 8 8 16 8 16 21 21 21 21 21 8 0 3 3 22 22 0
split_gain=16.9731 8.25304 6.10849 11.1297 7.60981 7.19154 6.96789 5.05325 5.11916 12.4175 7.50551 5.75709 5.76126 5.36995 5.10401 4.25709 3.7605 3.9091 4.67559 5.05015 3.74685 6.42857 3.6758 3.66315 4.18837 4.01661 3.64143 3.36707 3.29299 4.05547 2.98529 2.92477 4.05377 3.14244 3.59005 3.46932 3.57194 2.8522 2.77194 2.73943 2.65896 2.6219 2.60373 3.49098 3.39222 2.42759 2.41859 2.50532 4.4234 3.01113 5.24671 2.47948 2.41167 3.87851 4.51607 2.40443 4.22918 3.88831 4.2836 2.58966 2.32678 2.31986 2.30037 2.26602 2.43637 2.15261 2.05233 2.02808 2.67967 1.9726 1.97028 7.01784 2.15456 2.89902 1.95531 1.95503 1.90196 1.82979 1.72381 1.71947 3.95645 3.04156 1.65245 1.63695 2.29105 1.66027 4.13522 1.56393 1.58619 1.56248 1.54774 1.50482 1.84641 1.43669 1.39587 1.36347 1.33832 1.26884 1.16428 1.15393 3.48877 1.14995 1.11698 3.79384 1.09159 1.04846 1.34126 1.02545 1.01105 0.985874 0.980043 0.93219 1.17334 0.851129
threshold=0.98517258165982136 -0.76176794789010593 -0.08306825605201533 -0.21057461044504258 1.000572946379213 -0.71525829839265176 0.42111052868451099 1.2732484878513084 2.6652840838644956 1.428372888605961 1.2454225704446971 1.0000000180025095e-35 -0.18400508331259532 0.18175952334280859 -0.41618928257717547 0.62208392444469685 0.19199755956345085 0.796805306760629 0.35317903953955004 1.4995850346609283 0.042560740165603447 0.73258470015296473 1.1477808120116175 -0.3174946549318457 1.6460536529396244 0.76362289083937263 -0.02342244710652731 -0.84552360455957398 0.96113126235674995 -0.037822410123837476 -0.096993340264923858 -1.7441608616511062 -1.8671016944104351 0.063820105128305951 0.42130785496224415 -0.54383878648191375 0.23086071149243392 -0.18901012112531512 -0.0021394427846263705 1.8301420572083347 1.1009723465199888 0.78291688991865283 0.7697442530460108 -0.18431964346873378 0.51186935838643888 -0.57563190843726064 1.7510378889116014 0.20441534479025289 0.9373837481202264 -0.7590922940940702 -1.1487190309751989 1.2171412903148913 0.17337399030742198 0.1145471604352037 0.11377167550944302 -1.4713999131967872 -1.2194479702488985 -0.97635343600124969 0.7494190425856142 -0.16235279705880049 -0.20826257327298581 -1.2024071911563585 1.4406044139065437 1.1272269483805266 -0.66898395594905902 1.736522090270461 -0.064958427468012322 0.12219366294455734 0.27931910788703523 2.153729456566897 0.2260293028689401 0.16892793244263035 -0.037822410123837476 -0.51683107263280703 0.19978158585402131 1.6296619796586731 0.37624574582889375 1.2055248928391393 0.52990629589170746 -1.0789077271767742 -1.8829183356649513 -2.1977012490683019 0.14889176527721842 1.1290120987837822 1.2240928557740511 0.10343365685078282 0.059017377822050313 1.7300684446979113 1.1946442003769822 0.52569135031923964 0.18436992310996539 -0.090832057602144606 0.30597946268827819 -0.9731532614978492 -0.12873638562256817 -0.0034475377618515151 1.1608595898614809 0.030157075733290403 0.84780036964550998 0.34257049060714029 -0.11618071111297217 0.20146015827815014 0.73265404801435841 -0.011651719884195248 -0.28670378472230956 -0.11642895986889885 -0.35406733035720001 2.1101938412688419 2.084708069699809 1.1725629689845871 1.1220034272635904 -0.43543688154038995 -1.3403363916573114 -0.12156529653762317
decision_type=2 2 2 2 2 2 2 2 2 2 2 2 2 2 2 2 2 2 2 2 2 2 2 2 2 2 2 2 2 2 2 2 2 2 2 2 2 2 2 2 2 2 2 2 2 2 2 2 2 2 2 2 2 2 2 2 2 2 2 2 2 2 2 2 2 2 2 2 2 2 2 2 2 2 2 2 2 2 2 2 2 2 2 2 2 2 2 2 2 2 2 2 2 2 2 2 2 2 2 2 2 2 2 2 2 2 2 2 2 2 2 2 2 2
left_child=1 27 3 5 15 16 -4 8 9 10 11 12 77 -10 63 22 17 18 67 66 42 40 30 25 105 45 -6 31 38 60 83 32 79 39 35 36 -35 -17 -18 55 -22 94 43 44 -13 -7 47 49 75 50 -8 -50 53 87 -55 111 59 61 -59 99 101 -58 109 -14 -65 90 78 70 -69 -9 71 72 73 -3 -19 -49 -29 -2 -20 80 81 -1 104 84 85 86 102 88 -51 -48 110 92 -12 -38 -39 -63 97 -54 -76 100 -57 -30 103 -5 -72 106 -25 -77 -89 -37 -31 112 -33 -86
right_child=7 2 6 4 26 23 46 69 13 -11 91 20 14 -15 -16 37 28 74 19 -21 21 -23 -24 24 -26 -27 -28 76 29 65 -32 33 -34 34 -36 62 93 41 -40 -41 -42 -43 -44 -45 -46 -47 89 48 51 52 -52 -53 96 54 -56 56 57 58 -60 -61 -62 95 -64 64 -66 -67 -68 68 -70 -71 82 -73 -74 -75 98 107 -78 -79 -80 -81 -82 -83 -84 -85 113 -87 -88 108 -90 -91 -92 -93 -94 -95 -96 -97 -98 -99 -100 -101 -102 -103 -104 -105 -106 -107 -108 -109 -110 -111 -112 -113 -114 -115
leaf_value=-0.015754200069826984 0.040973907586742436 -0.0075319661657885497 0.029223811805311646 0.032461828099128939 -0.0024269565290013857 0.009761974783055221 0.015658330474299684 0.030687839378534986 -0.038816951525106787 0.026926321297759168 -0.0019071869184037985 -0.017488830091784691 0.025544116716340166 0.0056888321980500846 -0.036126341321316861 0.012979363951050916 0.037726032297469146 0.025145921899816685 -0.026337490045634199 0.020526294866403783 0.0033806556144589999 0.022496690798604332 -0.020135570044377351 0.032301620840166356 -0.0033528730964367108 0.030006172668752964 -0.038474949608327966 -0.02934601942436953 0.022706213495145268 0.0060702103540479866 -0.015423081505186773 0.025898885489366068 -0.038656654423479229 0.011740938398556803 -0.027202374956117409 0.015569869989503073 -0.013748924894866401 -0.038106785429822432 0.0084077253356508192 0.030586265366940504 -0.036459149353718391 0.010983182477568005 -0.037497861236193329 -0.036144338139721587 0.029866179103433171 -0.024676968424650513 -0.023128246631455383 0.032327677849619992 -0.022304429067643097 0.014241033750431415 -0.039099784121097929 0.017280080869044489 0.036582055443473635 -0.037580563913056586 0.018470189991387293 -0.026083369309503154 -0.010848248455611947 -0.027608642079006672 0.016481962473026777 -0.0435478692527312 0.038895471488867954 0.035813772651269012 0.036294177688419298 0.0071599440440253048 -0.034349303495297134 -0.018146280611895885 -0.044186359606586845 0.0094115447624878289 -0.035876213948769296 0.0045426348871200799 0.020460684313548406 -0.035308365682973894 -0.0044337630428402238 0.025911979598228531 0.01177922834223428 0.0033480474998913187 0.0017217721090954951 0.013163663317127903 0.0036921438955904167 0.021999033924470723 -0.03962261683603456 0.025510353365201327 0.037477702932270249 -0.0036129135916660449 -0.014377409532812585 0.034513913325785649 -0.016787886042930421 0.039101508875559174 -0.0025738506388945249 0.0097261882534435927 -0.009294424755230464 -0.037310295278956324 -0.035074764686832974 -0.044335777492196131 -0.0063870371568801945 0.017082023193726412 0.0073566500866229095 0.016793659375295221 -0.012354128208058231 0.013501090099079838 0.018163778575972393 -0.0038428172387212634 0.035438933981800286 -0.014548801825428359 -0.0037493906844558674 0.033500563934528917 0.011218654574665849 0.025062833137636818 0.017527610016628632 -0.0061778687232838646 0.029192658830926928 0.035263806834758736 0.00060296116776157682 0.011687595089903082
leaf_weight=2.3219082355499254 4.2366478741169002 2.445134028792384 35.163608968257904 3.5703929364681315 3.4241040199995041 3.2156945765018463 2.8978623151779175 4.3495976030826551 6.4911274760961515 9.6571858227252942 2.808524876832962 2.3479776680469442 3.2253450006246567 3.0470780283212662 2.6462013274431202 2.3128843307495117 8.7448233962059003 9.7077887207269686 3.8859849125146857 2.3724480718374243 1.9294819533824901 5.2283845990896225 2.7706329673528662 4.6665233969688416 2.8194520622491828 3.8334001153707504 5.6310438290238363 3.6182943731546393 2.6397174149751663 2.8784655183553696 2.404678635299212 3.3368384391069412 2.4457806050777426 3.3917804509401357 3.4377286732196799 3.6762945353984833 2.9405687451362637 4.2379201501607886 3.2216042280197135 5.2557956576347342 3.2985848188400269 1.3883909136056898 5.0860846191644669 2.6271077841520398 2.0127443373203278 2.7820513695478422 2.0683554708957663 16.786103859543807 2.3489235788583747 19.690135642886169 2.3137869387865058 2.1912002116441727 6.4403854757547361 2.5989911407232276 1.7487483471632002 3.7541294842958446 1.3822607547044725 3.145455285906805 3.3714132308959961 1.4088124930858557 4.4752903580665588 5.4914016872644389 2.7464470565319061 4.0494001358747482 1.3533840626478193 3.5072295069694519 2.7329653054475775 1.9101082086563104 1.8649877458810804 4.2239934206008911 3.900318518280983 2.8129474967718116 4.4834289699792924 8.5989137440919858 8.9592697620391828 3.253564551472663 2.4752474427223206 2.868456169962883 2.1957748532295227 2.1241695284843436 1.8602140396833418 2.8342745751142506 2.7893306910991669 2.7441519647836676 1.8883230835199358 5.9071936458349219 2.1443080306053153 2.5511254966258994 5.5207060277461997 2.0187202543020248 2.5626872777938843 6.2111865356564504 2.2642334550619125 1.7957079261541338 1.3073587119579304 6.2685926258564031 2.6205836981534949 3.8204359263181686 1.7035600244998921 1.9980240389704702 2.0114013552665715 2.0739217102527618 3.9677586406469345 1.8761256337165848 2.0276226252317411 24.78028512001038 4.2850804626941628 3.087438777089119 3.943098172545433 2.6345234215259552 2.4151251465082169 2.7824973165988869 2.1340481340885162 1.6627625674009312
leaf_count=9 8 9 87 8 12 9 9 10 37 24 12 11 8 11 15 7 19 25 16 7 6 14 13 11 9 9 30 17 7 10 12 8 12 11 17 12 12 23 10 12 19 5 28 15 5 10 8 40 10 57 12 6 14 14 6 18 6 14 10 7 9 12 6 14 8 14 13 7 11 14 10 16 16 22 26 11 9 10 7 6 9 7 6 11 9 13 9 5 20 6 11 35 14 8 5 18 8 11 7 6 6 8 8 8 8 59 12 8 11 10 6 6 7 5
internal_value=0.00916353 0.0115969 0.0136976 0.0105153 -0.00134392 0.0144849 0.0186537 -0.00269573 -0.0051782 -0.00221117 -0.00764884 -0.00203909 0.00964448 -0.0242408 -0.00272689 0.00413338 0.0100325 0.00596735 0.00104148 -0.0144717 -0.0115683 0.000673676 0.00946921 0.0235921 0.0277278 0.0085387 -0.0244078 0.0035482 0.017794 0.0110075 0.0127621 0.00518366 -0.00773048 0.00758632 -0.0014104 0.00377234 -0.00936329 -0.0123517 0.0294615 0.0119892 -0.0208452 -0.0215297 -0.0222511 -0.0113031 0.00394296 -0.00579006 0.0143239 0.0153755 0.0222673 0.0118474 -0.00735568 -0.00235405 0.0140128 0.0102795 -0.0140499 0.00930468 0.0054568 0.0127898 -0.0046442 -0.0101959 0.0246702 0.0216012 0.0156977 0.00754323 -0.00327378 -0.000222445 -0.0243769 0.00668698 -0.012097 0.0175436 0.00941053 0.00420251 0.0115492 0.0182374 0.016064 0.0272854 -0.0162338 0.0291239 -0.0155451 0.000669024 -0.00583579 0.00644097 0.0203376 0.0158082 0.0184951 0.0226903 0.0165779 0.0136858 0.0105318 -0.00624953 0.00774828 -0.0278909 -0.0168535 -0.0251068 -0.0302262 0.0257251 0.0244059 0.0290556 0.00787861 -0.00411287 -0.0103153 0.0114954 0.0244405 0.0165046 0.012279 0.0305088 0.0223949 0.0143134 0.0258174 0.00665609 0.0164048 0.0225251 0.0161853 -0.0014369
internal_weight=470.2 390.237 309.594 188.53 47.238 141.292 121.064 79.9627 71.3891 61.8509 52.1937 40.9098 18.3794 9.53821 11.2743 38.1829 94.9094 62.3906 42.02 11.1872 22.5304 10.4565 28.9363 46.3825 36.5513 9.83115 9.05515 80.6436 32.5189 20.5524 26.1657 74.5501 11.5863 62.9637 20.6231 17.1853 8.12806 9.24655 11.9664 42.3407 5.22807 6.93367 12.0739 6.98783 4.36072 5.99775 85.9002 81.8131 27.6672 54.1459 5.21165 4.54012 48.9342 36.0528 4.34774 37.0849 28.8315 19.6591 6.51687 9.17237 9.18893 13.1423 9.05727 8.62813 5.40278 11.3635 8.81473 30.8328 3.7751 8.57359 27.0577 18.3404 15.5275 11.044 20.3706 23.1271 6.09354 7.1051 6.08176 9.14057 7.0164 5.15618 8.71727 23.761 21.0169 17.4658 11.5586 31.7051 25.2108 4.08708 7.85628 11.2839 5.07276 4.73628 5.54528 11.76 12.8814 10.2608 10.6628 7.76355 5.76553 4.71364 9.41428 5.44652 5.92794 33.7319 8.9516 6.341 6.49422 6.31082 5.29359 8.25338 5.47089 3.55109
internal_count=1533 1215 940 597 178 419 343 318 294 246 222 161 63 48 45 136 300 206 148 43 98 39 96 119 91 28 42 275 94 65 83 249 43 206 76 59 31 40 29 130 25 33 59 31 16 19 256 242 75 167 21 16 146 113 20 118 97 60 24 37 24 36 28 30 22 41 36 105 18 24 87 63 47 31 58 59 26 18 23 31 25 16 24 71 60 46 33 93 77 14 27 61 26 20 28 30 33 25 33 30 24 15 24 16 18 82 23 19 16 22 16 21 15 14
is_linear=0
shrinkage=0.0283043


Tree=46
num_leaves=115
num_cat=0
split_feature=12 21 12 12 12 12 9 9 21 11 9 13 21 7 8 21 21 7 9 11 9 9 8 13 21 11 21 21 12 21 21 7 7 21 9 13 11 13 13 21 9 21 13 13 8 9 9 9 21 8 13 11 8 21 7 11 9 8 7 21 8 11 9 9 13 9 9 21 8 21 7 11 12 7 13 21 7 8 8 9 7 11 12 21 9 8 13 21 21 21 21 8 13 7 7 9 9 7 9 11 8 12 11 12 9 8 12 8 21 21 8 8 21 21
split_gain=10.1487 12.2585 10.0351 8.53369 9.72848 9.58746 6.44292 6.29635 5.86692 4.95934 4.74367 4.3976 4.34876 4.29894 3.99664 4.8167 3.82071 3.68143 5.32635 4.64817 4.21053 4.52761 3.50517 4.72145 6.25808 3.45132 4.57535 3.28865 4.25874 4.52522 3.30099 3.27313 3.26254 4.98461 3.11235 3.10238 3.06834 3.90613 3.05052 3.00763 7.02341 3.31037 3.03281 2.98112 2.87697 2.86746 3.88858 4.24834 3.92597 3.76588 2.82425 3.70312 2.81124 2.7607 2.75754 2.65182 3.2793 2.52784 2.49931 2.48955 2.46507 2.3382 2.32999 3.77588 2.22939 2.22605 2.17715 2.13375 6.59243 2.12198 1.99032 1.97952 2.00895 1.96203 2.22691 1.95889 1.87194 1.86102 3.47735 1.80043 1.78574 2.66498 1.71823 1.66226 1.65709 1.64828 1.63724 1.59106 2.2921 2.26795 1.90124 1.53146 1.51043 1.51018 1.50551 1.98847 1.44953 1.44299 1.24766 1.13072 1.41876 1.12585 1.08616 1.00105 0.993009 0.964632 0.928818 0.908419 0.898829 0.893387 0.891537 0.875392 0.843811 0.832076
threshold=0.052414556294340435 -1.6536027150998542 -0.34771042901181659 0.2572563221607303 0.21583902089734722 0.91236174323230845 -0.27648080082640075 -0.47010210989074752 -0.77383764347896622 1.7870673959249304 -0.0097133101840849983 0.17085031764643507 1.6460536529396244 0.093046950903430764 0.12216152587920803 0.90543256706037012 -0.73323528199706678 1.0788307536280741 -0.38927601696224634 0.31816774336444814 0.42862260418338144 2.1132051900795719 0.10039882182788062 0.32936558060313537 -1.3447980181746926 0.17538376535481862 -1.1643903177682078 0.18299869371227531 2.1468401944380662 -1.6536027150998542 -0.84552360455957398 0.10447938173142976 -0.13501396552668993 0.054578077437064755 -0.41403477780318448 2.1453798208201076 0.30929113867094105 0.27135476521424301 0.5102039695826891 0.5157302040063515 -0.32929312385451565 0.65952728178517861 0.32208331339420293 -1.0000000180025095e-35 -1.0000000180025095e-35 1.447679193511443 1.0506237974602561 0.4928234796908863 1.0611812416453874 -0.32586823161471812 0.4264807968913143 0.32780265097147093 0.13459455968271042 -1.0000000180025095e-35 0.1596233958028544 -0.0079917215547679141 0.25995901739392452 1.2561716862433825 0.53946618728016216 -1.0000000180025095e-35 1.1383123996604179 1.2881263818584792 0.31896302024661327 0.36448539633474114 0.13591375521263821 0.95958700374135841 0.61942661934297349 0.96759976625778665 0.040778998313447973 0.41473212506708329 1.9694293126790574 0.42813281733765624 1.3979340617535481 -0.48524997687717192 0.24328826618509936 0.12964166370203059 0.025272928380899614 0.073114675992950628 0.016823381213313882 -0.36180342216220834 0.23348510457618227 -1.0000000180025095e-35 0.30533424672813142 1.5135704385405699 -0.046807679930022758 0.040778998313447973 0.3095248374904967 0.71484475158774308 1.1418190904523706 0.075528801482698679 -0.19135082759466102 1.0962554601172319 0.24169441147521978 -0.39064134465167527 0.65984491576586202 -0.59488276280783781 1.5401485095547924 0.10447938173142976 -0.49906293621674352 -1.0000000180025095e-35 1.0000000180025095e-35 1.095620881652253 1.5394034340680214 0.50750808337053621 0.07502834376458388 0.44882725182823752 0.15696058285077871 -0.061739686718266136 0.58257411499749467 -0.66693462540620485 -0.03888052614253535 0.20441534479025289 0.38220772031980293 0.48178861386703253
decision_type=2 2 2 2 2 2 2 2 2 2 2 2 2 2 2 2 2 2 2 2 2 2 2 2 2 2 2 2 2 2 2 2 2 2 2 2 2 2 2 2 2 2 2 2 2 2 2 2 2 2 2 2 2 2 2 2 2 2 2 2 2 2 2 2 2 2 2 2 2 2 2 2 2 2 2 2 2 2 2 2 2 2 2 2 2 2 2 2 2 2 2 2 2 2 2 2 2 2 2 2 2 2 2 2 2 2 2 2 2 2 2 2 2 2
left_child=1 107 6 4 17 8 7 9 25 11 -8 64 16 -14 15 34 54 18 31 92 61 53 23 27 38 44 -27 28 29 -7 -30 73 33 -24 -9 60 59 -38 -25 40 -36 -41 -42 71 66 46 47 62 49 75 51 -13 -51 65 93 57 79 111 -56 86 94 77 104 -64 67 -22 -5 68 70 -52 76 72 101 74 85 -48 -3 78 110 -57 81 -6 -10 -69 -62 -2 -16 89 -89 90 -65 -54 -19 96 -4 -96 -12 -70 -97 100 -47 -29 -49 -84 -18 -105 -55 -1 112 -26 -20 -34 -91 -61
right_child=3 2 35 5 80 22 10 14 82 -11 12 50 13 -15 36 -17 45 19 20 -21 21 -23 32 24 109 26 -28 43 30 -31 -32 -33 55 -35 39 -37 37 -39 -40 41 42 -43 -44 -45 -46 99 48 102 -50 52 69 -53 91 106 58 56 -58 -59 -60 113 84 -63 63 87 -66 -67 -68 83 97 -71 -72 -73 -74 -75 -76 -77 -78 -79 -80 -81 -82 -83 103 -85 -86 -87 -88 88 -90 108 -92 -93 -94 -95 95 98 -98 -99 -100 -101 -102 -103 -104 105 -106 -107 -108 -109 -110 -111 -112 -113 -114 -115
leaf_value=-0.040162786100807729 -0.018003794765657492 -0.0059833392991173679 0.031051793331737708 0.028041005796681506 0.0072181412104039746 -0.036457278159718838 0.032546117566576535 0.020594692251655621 0.0080084696617852887 0.032060961087890395 -0.0089199970321265695 -0.029984701176191994 -0.031662427815706523 0.0097587501959749256 -0.017684022619400545 -0.037744894134861144 0.0084528480494622353 0.031311805994558586 0.0069501062374980483 -0.018707026066235637 -0.017188235551395249 0.029932841729192826 -0.037685052222630966 -0.0091364588079001045 -0.038100096162252635 -0.03915933005667821 0.010300147043161286 -0.02088357628878933 0.013439086306208211 0.028874145020302645 -0.025859934486357983 -0.036270565693496869 -0.017094395509797751 0.016764692387968537 -0.03644150805176747 -0.0041175129377789589 -0.03670442935027609 0.011382918621978285 0.026620934972256104 0.030045046281532012 0.024277021471978837 -0.014795912176665937 -0.016080843179699881 0.021197627331586141 -0.014432071381810921 0.0053015295632532124 0.001436691114149581 0.031589088864794376 -0.03851457978682972 0.028476425218127922 -0.0079244217622771191 0.016903224060677614 -0.012907658069586717 -0.017048996839024881 -0.03656494807203281 0.012674282431527045 0.039549127061280456 0.0090921764857377421 0.00019310711276818149 0.037014073009004923 -0.010209274848410095 0.036533293667368169 -0.022014135000719241 0.0029683015424698525 0.037550624449320544 0.021142664798006968 -0.0009927483738651603 0.030499767867022635 0.030102589342466509 0.023240487895536947 0.013588792563067158 0.012202186288017789 -0.04353402517044945 0.017042048468642306 -0.0367366534672686 -0.037211639957505746 -0.033505959371662661 -0.0078763673678380122 0.031964567858294539 -0.020771042738211426 -0.035165308075405806 -0.034835886292898216 0.03560831667615369 0.0064297292378508999 0.020258725102576942 0.0072636283942377772 0.016463245838665083 0.031474796573656275 -0.00077333662826060458 -0.025675509053988008 0.034308625684951112 0.013954837004443808 0.009302122756185735 0.02468354726077919 0.029235347990806015 -0.0092715651942441059 0.019093753855501678 0.011019730305567573 0.017726322380068854 0.035938542514658722 0.029640690534378285 0.0086483598346209362 0.014912237675933469 0.020986058729919096 0.02498781357050681 0.03564349529973565 -0.037855585012802478 -0.015338537679227632 0.0080531150457116493 -0.017285079551105111 -0.015121793832466998 -0.043632740189313061 -0.0015273331539035131 0.018179872931855426
leaf_weight=3.2951377779245377 4.0450068414211273 4.3465501815080696 33.558217391371727 7.1095133870840073 2.3425583839416504 0.80262184143066484 10.789749532938002 2.9161066412925782 3.7493758201599112 7.662664294242858 3.5116843432188025 5.2044492512941343 3.087612807750701 4.4530219733715057 2.3556186258792886 4.187902405858039 3.4787719994783393 6.4192703515291196 7.9827856123447392 2.3918933421373358 2.2352528870105735 1.8125827759504307 5.1263109147548702 3.2861012369394302 3.4960101395845413 2.6501662880182266 2.8881260603666297 2.1295158565044408 4.2689107954502106 15.398402735590938 2.5046761035919181 4.3590411543846121 2.1926187723875059 1.6315473914146421 6.6109302490949693 2.5680093467235556 2.3666147738695136 2.6088669151067734 3.8034916073083878 2.5503164529800406 3.0388190150260881 2.1661574691534042 2.4472482800483704 3.0487741678953153 2.1728444397449502 2.8014281392097473 1.8954038321971904 16.701991200447086 1.4802774637937535 5.7582354098558426 3.2094751000404358 1.6263534575700758 2.8390160650014877 3.1529828757047644 2.170436978340148 2.8676307797431946 2.1287404596805573 2.204052209854126 3.5991439372301102 2.4600012749433526 2.1691372692584991 2.4127642661333075 2.9567814171314266 2.9497969597578049 2.4892258048057547 2.135736420750618 2.5577419996261597 6.3906005769968015 5.8095006793737394 3.1868191510438919 1.8463751226663587 1.9267911612987516 1.7380174100399015 1.8785188347101218 2.285565048456192 1.8804882317781446 3.2604728043079376 4.1421301066875449 4.9141808599233618 1.9865662753581972 7.543167382478714 2.1259478926658613 8.618525445461275 3.1804853677749634 3.0489982068538657 3.775240883231163 1.7470604628324506 5.1918872892856589 2.2780468910932541 2.2522581815719604 2.6037533134222048 3.4092250168323517 3.5503363460302353 3.6555531919002524 6.3595091700553894 2.2042080760002136 2.1630502045154572 6.2523694485425949 2.6732540726661664 7.3228011429309827 4.6394063532352448 1.5923375487327573 3.3755372464656821 15.535483911633493 11.609253153204916 4.2466348409652701 3.3022599667310715 1.5987070202827443 1.9024150967597959 2.7888412624597532 1.5675271451473314 1.5293221920728681 1.9432703107595442 5.521654486656189
leaf_count=16 18 15 83 17 9 4 28 8 12 18 13 27 12 13 11 23 10 16 26 11 11 4 28 13 19 14 9 9 12 37 12 26 11 5 39 8 13 8 10 6 8 9 12 9 9 8 7 40 7 14 12 5 11 12 12 10 4 7 13 5 7 5 13 10 5 6 9 16 14 8 5 6 8 5 13 10 15 17 11 9 49 14 21 10 8 14 5 12 8 10 6 10 11 9 15 7 6 21 7 16 11 5 10 40 29 10 18 7 6 11 6 8 7 16
internal_value=0.0089856 0.0124552 0.0132594 0.00396304 -0.0035112 0.00875291 0.0105863 0.00507739 0.0181559 0.0113588 0.0148693 0.00792932 0.0131489 -0.00719707 -0.00328576 -0.0107396 0.0146441 0.000959871 -0.00244234 0.014662 0.00396366 -0.00878739 0.00174755 0.00593503 -0.00813399 0.00504904 -0.0131214 0.0116109 0.0175785 0.0254227 -0.000771971 -0.0156013 -0.0082332 -0.023907 -0.00495722 0.0243275 0.00708523 -0.011164 0.00961794 -0.00958313 -0.0170198 0.00917649 0.00619696 -0.00137438 0.0134522 0.0168698 0.0146205 0.0181566 0.00294631 0.00694528 -0.00578045 -0.0183163 0.014666 -0.0157928 0.00162148 -1.72839e-05 0.0116963 -0.0135053 -0.0136058 0.0147573 0.0259145 0.0116986 0.0125242 0.00668214 0.0133388 0.00103786 0.0200638 0.0113066 0.00638589 0.00739042 -0.0110442 -0.011073 -0.0197608 -0.00813338 -0.0129579 -0.0161504 -0.0176404 0.00837282 0.0130877 -0.000603484 -0.02664 -0.0129286 0.0253081 0.0222486 0.00806422 -0.00592949 -0.00208439 0.0112103 0.0212681 0.00480251 0.0173421 0.00185629 0.0231778 0.010841 0.0280569 0.0192417 0.00212164 0.0200714 0.00597751 0.0281403 0.0206824 -0.00857902 0.0285683 0.02771 0.0209833 0.0242513 -0.0274488 -0.0306831 -0.00699936 -0.0284991 0.00335629 -0.0276978 -0.0143097 0.0239289
internal_weight=465.973 275.618 270.724 190.354 74.3747 115.98 218.143 95.4426 49.5284 54.4653 122.7 46.8027 111.911 7.54063 40.9773 23.9175 104.37 62.3631 50.0016 12.3615 33.6582 12.6388 66.4513 46.7845 13.3744 17.3784 5.53829 33.41 22.9746 16.201 6.77359 16.3434 19.6668 6.75786 19.7296 52.5813 17.0598 4.97548 7.08959 16.8135 12.097 4.71647 5.48607 10.4354 11.8401 89.27 74.5064 57.2438 17.2626 15.7824 13.2271 6.8308 12.0065 10.8262 15.0999 12.9089 6.98294 5.92599 5.76958 12.0843 50.0133 21.0194 37.1662 22.0782 33.5756 4.37099 9.66726 31.0864 21.5153 6.39629 9.4534 7.38666 5.45987 11.9843 10.1058 3.77589 7.60702 18.6066 14.4645 4.8542 12.0117 4.46851 32.15 9.57109 5.21814 7.82025 4.10268 19.1214 7.46993 11.6515 5.55355 6.24824 9.96961 9.33029 44.7952 11.237 5.67473 12.0619 4.87746 14.7636 7.44083 3.72185 20.0775 28.4006 15.088 19.7821 6.45524 4.89384 6.09794 6.28485 9.55031 3.72194 4.19553 7.98166
internal_count=1533 853 830 680 302 378 695 334 141 171 361 153 333 25 163 105 308 230 192 38 116 51 237 155 53 58 23 102 65 41 24 76 82 33 82 135 58 21 23 74 59 15 20 37 35 255 220 161 59 52 52 32 35 47 53 49 23 26 25 37 127 65 111 72 101 17 26 96 70 20 35 28 22 50 45 17 30 60 43 19 72 23 83 26 15 32 16 59 20 39 16 21 27 28 112 29 19 35 14 35 19 14 50 71 39 50 30 23 23 30 32 19 17 21
is_linear=0
shrinkage=0.0283043


Tree=47
num_leaves=104
num_cat=0
split_feature=12 12 12 12 12 18 10 12 11 10 10 5 5 10 5 5 3 10 11 12 10 11 5 12 17 3 5 5 5 3 3 3 11 11 17 11 17 3 17 17 5 12 17 17 5 5 12 5 5 11 17 12 17 5 5 3 3 3 11 5 17 3 17 5 5 5 3 3 17 17 12 11 12 11 17 11 12 17 12 12 12 5 12 5 3 17 3 17 12 5 17 12 12 12 5 5 17 10 3 17 5 10 5
split_gain=9.6912 10.5302 8.13422 9.35716 9.1726 7.86984 8.63428 5.32243 4.01349 3.82924 3.55298 3.26365 4.75008 3.79851 3.09663 3.49498 6.50938 3.09167 3.07498 6.72202 3.84092 3.79027 3.40413 4.36054 2.84555 3.93458 5.2391 7.38896 2.99935 2.55754 4.07468 3.46285 2.84434 2.74316 2.69279 2.41059 3.97559 2.40874 2.20604 2.17746 2.14638 2.2792 2.11 2.88385 2.50775 2.09249 2.0654 2.06508 1.907 4.06149 1.88607 1.84614 1.79278 1.77265 2.06229 1.75814 3.42948 2.58703 1.7169 1.58971 1.55787 2.28655 1.92631 1.52256 2.48887 1.50766 1.45155 2.50734 1.45001 3.16672 2.01315 1.41598 1.36156 4.14574 3.12994 2.128 1.75441 2.16328 3.25336 2.51642 2.05151 1.54345 1.49554 1.35321 1.34303 2.72145 1.34206 1.30315 1.24464 1.21422 1.19423 1.58875 2.49135 1.31299 1.17467 1.17092 1.15821 1.01794 0.993839 0.960261 1.53127 0.954446 0.947506
threshold=0.052414556294340435 -0.34771042901181659 0.2572563221607303 0.21583902089734722 0.91236174323230845 1.9128762108979334 1.0501572875220835 0.35426774859839671 1.3468725546290765 0.5469735495522805 1.1646820781657314 -0.072937586473191929 0.010066231723791371 2.6698846845360671 0.035505880701390276 2.0738995354769036 0.18765206007037746 1.6499041763002331 1.393497032296857 2.4458598619111309 0.75924747487856781 0.19255709604326213 -0.49933952769407042 2.985085157102306 -0.12297139416326895 -0.012802579810784335 -0.12258204015319975 0.20017654284251948 2.6835597947707188 0.14309344622076761 0.99324460214796606 1.3571136719455212 0.34224386086857111 1.5092162872020369 0.81130425827936314 0.16599419104334509 0.81130425827936314 0.94399560789313408 0.85352738932823458 0.74112717426387997 0.80940042859547845 0.20472571571605744 0.74112717426387997 0.016739930349998353 -0.01393431302332296 0.90387994246264858 1.1866156677020359 0.77061889071977385 -0.19995942503615927 0.062965358426118723 2.0622387835085845 0.14464210964072319 1.359756919462964 1.1886740274038414 0.12163859003174977 1.3571136719455212 0.19199755956345085 0.08930187766592014 0.61780890933748356 0.77061889071977385 -0.15749014305305004 0.0041852685476250519 0.95453174203337843 1.0066041308889824 0.28274398749864621 -0.20650502814900859 0.099589182588297978 0.96113126235674995 -0.29624694234306709 0.041245904448951244 3.2215464841508923 0.32780265097147093 0.17122020456518205 0.33588749821116021 -0.08637801392091364 0.30872241148580432 0.084880495023456112 -0.16099656224049949 0.11800881618059568 0.15297708852669059 0.14464210964072319 -0.078814702459622646 0.19701632023433482 2.1028858800418901 0.27999146086310062 1.0537634050382005 1.9347202236121357 -0.14595791994766039 -0.033400767158533233 1.8776150029822252 1.0456304605339772 1.5838519296415328 2.6395699230843417 2.169048405288756 0.01838518263033467 -0.19045205257153838 0.978492273147617 0.706479786558592 -0.060573513013550483 0.94868771005429575 0.070499324860722509 0.86222181387693131 -0.00062027775548465945
decision_type=2 2 2 2 2 2 2 2 2 2 2 2 2 2 2 2 2 2 2 2 2 2 2 2 2 2 2 2 2 2 2 2 2 2 2 2 2 2 2 2 2 2 2 2 2 2 2 2 2 2 2 2 2 2 2 2 2 2 2 2 2 2 2 2 2 2 2 2 2 2 2 2 2 2 2 2 2 2 2 2 2 2 2 2 2 2 2 2 2 2 2 2 2 2 2 2 2 2 2 2 2 2 2
left_child=1 5 3 39 7 6 9 53 10 24 60 13 -13 17 -14 16 -16 55 20 -20 22 68 46 63 25 87 58 37 29 32 84 34 35 45 71 42 -37 -28 -33 72 41 51 43 44 -26 95 -6 -11 -9 97 -5 -41 86 54 65 56 57 -8 66 -29 61 -7 -62 64 102 -4 -27 -68 70 -70 -22 -32 74 75 76 -74 -2 78 -78 80 -80 -79 -75 89 85 -31 88 -1 -3 -65 91 -48 93 -93 -38 -34 -35 -50 -90 -44 -101 -51 -24
right_child=2 52 4 50 18 8 11 48 -10 47 -12 12 14 -15 15 -17 -18 -19 19 -21 21 -23 23 -25 28 26 27 59 -30 30 31 38 33 96 -36 36 94 -39 -40 40 -42 -43 99 -45 -46 -47 90 -49 49 101 -52 -53 -54 -55 -56 -57 -58 -59 -60 -61 62 -63 -64 83 -66 -67 67 -69 69 -71 -72 -73 73 82 -76 -77 77 81 79 -81 -82 -83 -84 -85 -86 -87 -88 -89 98 -91 -92 92 -94 -95 -96 -97 -98 -99 -100 100 -102 -103 -104
leaf_value=0.021869187636685078 -0.017403330124354337 0.029275475892269334 -0.0049810929330713028 -0.03033255114799889 -0.022721621600065876 -0.024404242684057657 -0.0072415804724202245 0.030930967046382405 0.020177046931998854 0.030396719707986769 0.012476244350847739 -0.036444670863293352 0.019722591627966524 -0.021386918960173192 -0.032141827354553454 0.023466030694245906 0.016921161845389516 0.035954018837810194 -0.03759322964238531 0.021964432879775505 -0.040713387417884224 0.011902123380289153 0.024754470169200741 -0.021700153116823346 -0.017015633512882957 -0.0041298784393418901 -0.041305058232745107 0.028679457762955503 0.040054521642230966 0.032049705453978755 -0.013902782012489413 -0.0044954707154980372 -0.015028309607635511 0.014115006952016024 -0.036463797035216877 0.032792464138010465 -0.017839162946110335 -0.0062177681019572667 0.028027063710907442 -0.0044126148029918471 0.010608625921824249 0.014620363244070574 0.02221555154778641 -0.026799647204139018 0.018462362576396284 0.0052505591891047294 0.015776293140920425 0.0043166990177332908 0.031697573607892285 -0.011974926748967187 0.004985951027034103 -0.02961646343887318 0.0024850145605082407 0.019024293666958514 -0.023794022311350513 0.02947149564718949 -0.035332852311687001 0.028445023107063979 0.034081553687172056 0.0058700579243699006 -0.03809184713763468 0.0054288751025169998 -0.00062547178415596353 0.0018300811260237829 0.034952809954761237 0.018295506003158175 0.032124804251973164 0.0080177924693489826 0.0074803036903581463 -0.03782715911676067 -0.0024665395569754786 0.012529441202864906 -0.0067495550086129532 0.024505822286388892 0.023106785358053564 -0.03598774758461689 0.032514647927986265 0.0058345795180672353 -0.036758485509524562 0.016317355010773409 0.0033878164133106011 -0.017522858791193904 -0.0016302983126620064 -0.014219524408371041 0.033261566903254949 -0.00077898958231783577 0.005282408117696819 0.039915480869958539 0.014476994212918419 0.026954614845705226 -0.018457051191488945 -0.0059684660193318499 0.016081214265536058 -0.038602289765709091 0.012515242526631182 -0.04065921194486103 -0.011744922915689895 0.012146403867650051 0.028636028610722609 -0.0072007459912461639 0.01512198556799569 0.010246218676067719 0.0085334526226893866
leaf_weight=29.739506438374519 2.8394916653633144 30.733813539147377 5.1036825478076917 10.606742225587366 2.922492414712905 4.2501657605171239 3.0951264351606351 16.610901832580566 3.367339774966239 14.952695652842523 3.3750339671969405 3.9017124921083477 3.4913058131933203 2.6759497970342627 6.5148478150367719 1.9217909425497044 3.0154481530189514 3.5335345864295951 4.1498804390430442 2.1091043055057526 3.5461893528699866 4.5541976094245902 3.8883396238088652 2.2989725619554511 2.3574298173189163 2.2884419858455685 3.4894596487283733 3.1130177676677695 2.0950686633586875 3.9173523783683795 2.6901069134473783 2.1589417904615402 2.577657163143158 4.3401414006948471 1.9727024883031843 6.3508630841970426 1.9640653133392336 2.500857874751091 5.0333932340145111 3.5387303531169874 3.331284061074256 1.6190441250801075 3.5431817024946204 3.5199386179447174 3.7913680672645587 1.8711999505758283 5.7641667127609235 2.5473679006099692 8.8489315360784548 3.1282567232847205 1.2029337733983982 5.888488233089447 2.7143504172563544 4.3180887997150412 2.4500134587287894 1.784219831228256 1.5905500352382658 2.8292071223258972 4.8910338729619971 8.1720283776521665 4.722576707601549 3.5669968277215958 1.2480735182762144 3.2031992524862281 6.5088105201721183 3.5444630533456802 5.9997776299715024 7.2465884685516357 3.292381450533866 1.7092429697513578 1.3771472722291944 3.2898969203233719 7.1795643419027346 4.139344483613967 7.4040854722261455 2.5574259012937546 4.0852101296186474 4.3262937813997269 1.6564356386661514 4.4813243001699448 2.0144496113061905 4.2572154253721219 2.6394735276699066 1.7666641771793363 7.2662036716938019 3.5447313040494919 2.3449615240097037 3.1589390039443961 10.456660449504854 2.4580317735671997 1.7721357643604267 2.1170007288455968 2.5102984756231308 1.5048137158155439 1.6604823172092436 2.7659538239240629 1.7682106792926786 2.4441985189914694 5.8816162645816794 3.9242328256368619 5.5154417604207993 2.5382813364267349 8.5137498378753733
leaf_count=79 10 79 20 67 14 18 12 41 9 37 11 22 10 12 35 5 9 8 23 5 19 15 10 9 11 8 17 8 4 9 11 8 12 14 11 14 9 9 12 13 11 5 9 14 11 6 18 8 21 10 5 32 8 12 12 4 9 7 11 27 26 13 5 12 14 10 15 23 11 9 5 10 31 11 19 15 9 14 9 13 7 20 11 7 18 13 7 6 28 6 8 8 7 8 5 15 7 7 14 15 16 8 29
internal_value=0.00881265 0.0122199 0.00388423 -0.00344207 0.00858242 0.00952327 0.0112303 0.0178376 -0.00705198 0.0139018 -0.0126756 -0.00163286 -0.00955355 0.00784435 -0.00238434 -0.00939227 -0.016407 0.0142621 0.0017124 -0.0168418 0.00367233 -0.00891388 0.00772567 0.0136224 0.0124302 0.0165356 0.0103284 -0.00108227 0.00870666 0.00777625 0.0141916 0.00401076 0.00359629 -0.00734654 -0.0087197 0.00806225 0.019538 -0.0259939 0.0179031 0.000938023 -0.00862141 -0.0146526 0.00301407 -0.00686098 0.0044241 -0.0190438 -0.00235999 0.0263146 0.0241581 0.0175826 -0.0263373 -0.0199897 0.0236313 0.00424728 -0.00181754 0.00590112 -0.000127827 0.00943782 0.0199268 0.0121657 -0.019038 -0.0109058 -0.0298221 0.0168973 0.0211467 0.00451486 0.0154464 0.0189591 -0.0187012 -0.00829207 -0.0294751 0.000302645 0.00385541 -0.00265136 0.0073395 -0.0144016 0.00235846 0.00516015 0.012723 0.00265118 -0.0142869 -0.00557143 0.0140024 0.00628485 0.0247068 0.016561 0.0248913 0.0236598 0.025935 0.0126493 0.00212401 0.00535628 -0.00444374 -0.019135 -0.00309754 -0.0281067 0.00629239 0.0271699 0.0197 0.0103621 0.00577564 -0.00151635 0.0138351
internal_weight=461.755 273.034 188.721 73.7675 114.954 220.902 200.372 48.9868 20.5302 166.018 17.1628 34.3537 18.8451 15.5086 14.9434 11.4521 9.5303 12.8326 65.9668 6.25898 59.7078 14.4792 45.2287 28.6378 148.518 70.5997 37.7012 17.2754 77.9186 75.8235 29.8733 15.145 45.9502 13.3232 7.95271 32.627 9.97541 5.99032 7.19234 61.9579 14.3775 11.0463 22.6516 9.66874 6.1488 7.21481 16.5909 17.5001 33.5706 16.9597 11.8097 9.42722 52.1314 15.4162 11.0982 9.2991 7.51488 5.92433 20.4258 11.285 13.7878 7.81716 5.97065 26.3388 18.9109 8.64815 15.5348 13.2464 9.92496 5.00162 4.92334 5.98 47.5803 16.5158 31.0645 9.73699 23.6604 20.8209 12.2374 8.15221 3.67089 8.58351 6.77882 7.4279 14.7283 7.46208 49.4171 32.8984 47.0721 5.66123 13.6684 11.8963 6.13211 3.62181 3.62455 5.34361 6.10835 11.2931 16.3383 12.9829 9.43967 5.66654 12.4021
internal_count=1533 853 680 302 378 717 635 141 82 502 73 133 81 52 59 49 44 40 237 28 209 59 150 87 457 203 118 61 254 250 92 52 158 54 32 104 28 26 20 230 61 50 76 36 22 33 63 45 87 46 72 45 136 54 42 32 28 19 57 35 62 31 31 78 53 30 46 38 44 20 24 21 169 68 101 46 82 72 38 29 16 34 22 25 40 22 128 85 121 18 49 41 23 16 14 27 21 28 42 40 31 18 39
is_linear=0
shrinkage=0.0283043


Tree=48
num_leaves=103
num_cat=0
split_feature=13 13 13 13 22 3 22 20 3 3 20 22 10 10 19 3 13 20 13 10 22 10 1 3 3 22 20 10 10 22 22 22 19 19 20 19 22 10 22 22 22 22 3 3 3 3 20 1 1 3 22 22 13 20 13 20 20 13 13 3 3 20 20 22 22 22 22 22 20 3 19 22 22 20 20 22 22 19 10 1 1 22 20 22 22 22 1 20 20 20 22 13 22 22 22 22 3 10 20 22 20 20
split_gain=8.9325 9.19462 6.03938 9.98209 6.55729 7.86309 5.72503 4.88257 4.26158 8.48096 6.89518 6.48634 5.67653 4.03757 4.34085 3.91577 3.4872 3.08881 4.48073 2.9142 7.32572 4.49453 3.94031 2.86422 2.8535 2.69935 2.68393 2.6756 7.69133 2.90863 2.65408 11.901 4.61622 2.91195 2.95616 2.49154 3.24079 2.46409 2.36204 2.79954 2.5353 2.3521 2.34518 3.40168 3.07273 4.65205 2.86337 2.33558 4.33117 3.38709 2.82355 2.20088 2.17044 2.98439 2.29992 2.36024 2.12339 2.88298 2.11136 2.56848 1.97701 1.84023 2.14772 1.76768 1.76312 1.75691 1.89193 2.69544 1.75096 1.74987 1.72772 1.6394 4.93745 1.60508 2.38648 1.58545 1.55283 1.53283 1.45171 1.44314 2.39356 1.41546 2.56834 1.94285 1.36915 1.36534 1.24164 1.23041 1.17382 1.1738 1.15635 1.096 1.03772 1.00493 2.92396 2.04763 1.00039 1.88467 0.973657 0.910804 0.889163 0.887343
threshold=0.22889777337348557 -0.48742083761836419 0.38745883675288362 1.0185520211888746 0.33201044415892961 0.52496529963248395 -1.6679033360944702 -0.90670389235462101 0.16929454180372039 0.96113126235674995 -1.5749172212483038 1.4075863088988532 1.2149059170162102 1.3551957776245629 1.8667146939207657 1.0311420875229329 0.088794280341256124 -0.93937265372244061 0.43794006265027596 1.0294283519800993 0.8230985019688245 1.0000000180025095e-35 1.2831378498691064 0.093913428148365355 -0.30978446013218891 -1.0496189396590208 -0.80186460014827488 0.78289839967605535 1.4038554928147429 1.0000000180025095e-35 -0.32841832324058445 -0.51066231788484895 0.28325469725713276 -0.081803268543717056 -0.71156415364989745 1.4339458096179019 0.51186935838643888 1.2715409440567054 0.65738311461267362 0.7697442530460108 0.48346305062288447 -0.3834898300634621 0.1116895757345432 1.1888807629993934 0.081369616686500432 0.060055976315711752 1.217763115984728 1.0412949664852076 2.6289116424859378 -0.067638644842424947 1.0521854759981613 -0.057568591113864621 0.30762869999081238 0.12966892056434434 0.3207001406287327 -0.76892152093690858 0.28223951754779469 0.17085031764643507 0.67598317957924292 -0.13205254549145187 0.15871162467092939 0.97746068503792694 -0.33844201045499961 -1.2299787207740487 -0.050246394234425791 0.33201044415892961 -0.034218653833831068 -0.10116786113214919 0.60967527079929906 1.4095946930342036 0.82898270389854478 -0.60408591780914989 -0.9731532614978492 -0.036118808880895678 -1.1998748531485801 0.89586730548402571 -0.2501876855710139 0.56924486380439443 0.99730365834165136 3.1520586187210462 1.4314390800139181 0.15062507846469689 0.69084841450330892 -0.10116786113214919 0.85808763168262325 1.4634687430634274 1.2261800262403386 0.51885112659960553 -0.41569989039202637 -0.24395198234609253 -0.82706708597159329 1.6287052523674821 1.6426598347742456 1.4075863088988532 0.99704241676278094 0.91511490444724009 -0.19026844346214963 0.77875605020207683 -0.63216160693605195 -0.22018337392823337 1.5274180853772588 -0.47397996315278518
decision_type=2 2 2 2 2 2 2 2 2 2 2 2 2 2 2 2 2 2 2 2 2 2 2 2 2 2 2 2 2 2 2 2 2 2 2 2 2 2 2 2 2 2 2 2 2 2 2 2 2 2 2 2 2 2 2 2 2 2 2 2 2 2 2 2 2 2 2 2 2 2 2 2 2 2 2 2 2 2 2 2 2 2 2 2 2 2 2 2 2 2 2 2 2 2 2 2 2 2 2 2 2 2
left_child=1 6 13 17 7 85 60 25 19 10 -10 12 15 14 42 68 69 18 -4 21 22 30 23 24 64 -5 -17 29 91 41 31 32 73 34 -32 61 -37 -25 40 -40 65 90 44 52 45 46 79 50 49 -49 -18 -27 53 -44 -54 -56 -52 -58 -19 -60 78 62 -35 -12 71 66 67 -36 -11 -3 77 72 -21 74 -8 -28 -43 -34 -1 80 -2 83 84 -64 -83 -6 -22 -42 98 101 -9 -29 -38 94 95 -41 97 -23 -76 -24 -63 -45
right_child=2 16 3 4 5 -7 8 27 9 11 63 -13 -14 -15 -16 26 47 58 -20 20 86 96 99 37 -26 51 75 28 -30 -31 33 -33 70 35 38 36 92 -39 39 93 87 76 43 89 -46 -47 -48 48 -50 -51 56 -53 54 -55 55 -57 57 -59 59 -61 -62 100 81 -65 -66 -67 -68 -69 -70 -71 -72 -73 -74 -75 88 -77 -78 -79 -80 -81 -82 82 -84 -85 -86 -87 -88 -89 -90 -91 -92 -93 -94 -95 -96 -97 -98 -99 -100 -101 -102 -103
leaf_value=0.0031397367178789622 -8.0016613728302433e-05 0.027884945688588399 -0.022126672794745231 0.0062984696395287044 -0.039562943603455837 0.016570422827383677 0.024350989758945042 0.0066392875029962521 -0.033965194134613227 0.0010091520157213742 0.0059863241931647597 -0.03678152011039252 -0.032822181418581682 -0.035740592559529237 -0.036451659290364591 -0.0017272754725743064 0.022111177711996791 0.034474426316130638 0.023618281795945009 0.027027061693529721 -0.038431108920081558 0.030079186840463339 -0.0089170221419374446 0.0081941847803637547 0.031105963137930612 -0.040259336834810588 0.016559276774675731 -0.037249542642953264 0.02947453648960981 0.030348765778714818 0.020587972236603389 -0.042920480834310305 -0.0084322840112008302 0.024176863894381114 -0.015077432874079645 0.020024496619254584 -0.020444301146461192 -0.035638924480765617 0.028142384050758435 -0.0090771757659827753 -0.015310546334436965 -0.022433609070111073 -0.036740868089450644 0.0085371317776726519 0.020186468139272013 -0.037092627961838959 0.026935432603483928 0.0012509481091821822 0.027792773854760498 -0.04492670147250144 0.018517138509047841 -0.0031761917162379557 0.018509851256669391 -0.0053783644357298906 -0.035655329198333419 0.0017467653086212119 0.0073172571193694949 -0.037899600917199294 0.0013962832027909495 0.027544828190199981 -0.038929204874807236 0.034349153041895439 0.0025729404295564253 0.033143714015834387 -0.0096763254945481866 0.020662949122821139 -0.024784579577838931 0.024381288353298905 -0.036203261202888103 0.0078756922042416046 0.0089234581020367545 0.022630022226177771 -0.034792368459820928 0.022650583993146477 -0.0059657727882549225 0.034893036541489911 0.0050800117129402829 -0.036479288958973025 -0.022638519799017216 0.019807884980297938 -0.035241686822973392 -0.027235346064139118 0.015613375601739633 0.031629678136786979 0.00090953976489604408 -0.009631307259354854 -0.0096268126807614197 -0.050276200055695421 -0.021324288869789217 -0.0090779682073235148 0.024759899664831705 -0.012476446840614237 0.0053918875467707152 0.0082358614103071239 -0.030496787177465762 0.027745136306953379 0.032906320138508055 0.0033871720261371796 0.017079599945513037 -0.037632413040016542 0.016140256288852271 0.032392722436048037
leaf_weight=4.1247495263814908 17.326371125876918 34.492765814065933 2.7744259834289577 2.9709010571241379 6.5009795576333982 3.3362829834222794 3.6439750641584405 4.514974117279051 1.2326678335666681 2.10747218132019 1.8895347341895128 2.3065761476755133 2.060554012656211 2.8404201641678801 2.6418159753084174 5.4142506420612291 23.245656266808513 11.24030749499798 3.6077055037021637 2.0013267397880559 4.0221740901470175 4.2002975940704346 1.5019753724336626 1.9261755645275109 5.442384913563731 3.2424502223730087 22.769049912691123 2.5023596584796888 3.3490937352180481 6.9528085440397254 6.4503185898065558 4.2278466522693625 4.4666175544261915 10.261370033025736 2.7989970147609688 3.9689226597547513 3.833594337105751 1.7958185002207754 3.5515098273754147 2.4303877651691419 1.4383923038840287 2.1738987565040588 5.3564883023500496 2.9475361257791515 7.3050129711627951 2.2748041898012152 3.3180859237909308 3.119575098156929 2.5811697542667389 1.8133868724107731 3.1767198890447608 1.8478690683841685 2.483599826693534 4.1602231711149216 2.0675539523363113 3.069142147898674 2.4606636464595795 1.7138130813837049 4.5559256970882442 7.4757837057113603 1.8231487125158308 6.4980595111846906 3.1636739820241928 23.452293142676353 3.4554083198308936 1.8991724848747242 3.1193461865186727 2.2751308232545857 1.5915100723505018 3.5221061408519736 2.5701107382774353 5.8142288476228723 1.7007783055305559 9.3997938781976718 3.132844671607018 4.1869800090789786 4.6608913689851823 2.1483670622110367 2.6839198619127274 2.2638890594243994 1.5391913652420033 2.4952185899019224 4.7787309437990189 3.5291035771370032 2.6024296134710312 1.3163444250822065 1.500607907772064 1.4031711369752882 1.7776983231306074 1.6448688507080067 6.4385469853878021 2.8397324085235596 1.5836414843797681 7.6323292106389999 2.427082434296608 1.9204557090997694 5.7282244563102704 3.6365443617105484 2.3470849096775059 1.667212739586829 2.7534398883581161 1.7560919374227526
leaf_count=14 71 89 12 11 35 10 9 15 7 7 7 12 13 17 15 19 62 27 9 5 22 11 7 7 13 17 69 14 8 18 17 22 16 26 12 11 18 11 9 10 7 10 32 10 20 12 8 10 6 8 9 7 8 18 12 12 7 9 14 19 9 15 10 57 15 5 14 6 9 10 8 16 10 25 13 9 15 12 11 7 9 12 15 8 10 5 6 7 9 7 17 12 5 24 11 5 14 11 7 9 8 4
internal_value=0.00863637 0.0113297 0.00284306 0.00787822 0.000507864 -0.0186022 0.00857932 0.00565021 0.00943406 0.0154193 0.0277828 0.00729949 0.0100497 -0.00374513 -0.0022035 0.0126647 0.0198702 0.020958 0.00399483 0.00693935 -0.000852382 0.00878931 0.00552742 0.00976076 0.0143319 -0.0136534 0.0158145 0.0104177 -0.00288983 0.0151522 0.00699844 0.000331113 0.00664244 0.00971715 0.00388982 0.014517 0.00172908 -0.0121299 0.000239182 0.00681994 -0.00889577 0.00916493 -0.000573337 -0.00741679 0.00416142 -0.00024786 0.00332016 0.0138631 -6.98872e-06 -0.0154119 0.0172913 -0.026401 -0.0139662 -0.0229179 -0.00287733 -0.0133562 0.0023532 -0.0108983 0.0257687 0.01768 -0.0136626 0.0178965 0.0141801 0.0310135 0.00722712 -0.00242912 -0.00795436 0.00237084 -0.0139599 0.0259247 -0.00977518 0.0133408 -0.000483123 0.0141463 0.00692378 0.0194633 -0.00365452 -0.0174902 -0.0071584 -0.000481351 -0.00305298 0.00791316 0.00113257 0.017664 -0.0125551 -0.0340942 -0.0298977 -0.0318503 -0.00244004 0.00994633 0.0171341 -0.0236749 -0.0124388 0.00136187 -0.00646097 0.00685332 0.0240359 0.0177722 0.00377708 -0.0231227 0.0286037 0.0172136
internal_weight=457.987 312.691 145.296 82.3013 52.6471 11.1536 236.565 41.4935 227.933 67.0109 26.5745 40.4364 38.1298 62.9951 60.1547 36.0693 76.1259 29.6541 6.38213 160.922 30.8281 130.094 25.3053 22.1361 18.4141 8.06122 32.3703 33.4323 8.69119 24.7411 116.529 33.7143 29.4865 82.8145 37.3463 45.4682 9.38616 3.72199 30.896 17.9618 12.9342 17.7883 57.5129 23.4855 34.0274 26.7223 24.4475 38.111 7.51413 4.93296 30.5969 5.09032 17.137 9.51671 7.6203 5.1367 7.3512 4.17448 23.272 12.0317 8.63182 36.082 26.8305 25.3418 12.9717 10.0926 8.19347 5.07413 3.69898 38.0149 9.1851 9.51633 3.70211 20.3014 10.9016 26.956 6.83479 6.61498 6.80867 21.1295 18.8656 16.5692 9.87638 6.69278 5.09765 7.81732 5.52278 2.84156 7.25763 6.3485 10.9535 5.34209 5.41724 14.4103 6.77793 4.35084 13.5651 7.83684 5.47993 3.16919 9.2515 4.70363
internal_count=1533 996 537 275 194 50 786 144 752 209 71 138 126 262 245 113 210 81 21 543 121 422 93 77 59 35 97 109 34 75 386 121 99 265 127 138 34 18 110 59 51 57 230 103 127 107 95 111 24 18 87 24 82 50 32 24 25 16 60 33 34 104 81 64 46 37 32 18 16 99 36 31 15 63 38 78 25 28 25 87 80 55 37 18 22 40 28 14 29 21 32 26 23 50 26 15 36 22 20 16 23 14
is_linear=0
shrinkage=0.0283043


Tree=49
num_leaves=109
num_cat=0
split_feature=6 21 4 10 22 21 4 6 14 21 14 10 22 21 10 22 14 10 4 14 22 21 10 10 22 4 14 21 21 4 21 10 4 4 4 4 14 21 7 7 14 21 7 14 14 21 22 4 14 7 21 7 7 14 22 6 14 14 14 6 6 4 22 22 7 14 7 10 21 22 7 21 22 21 21 22 22 21 21 21 10 7 7 7 7 22 4 7 22 4 21 22 22 7 21 21 22 14 4 22 6 21 7 4 21 21 21 10
split_gain=14.9277 7.39856 6.03477 5.48772 4.9328 4.64286 5.95614 4.36035 4.08434 3.85779 3.72888 3.28634 4.4935 3.35828 3.27098 4.20656 5.06236 3.89505 3.19703 3.19197 3.99967 4.05799 3.21451 5.75663 3.99348 3.15065 2.98019 4.17257 3.21356 4.32942 3.51476 2.80404 2.74119 8.86614 8.0564 4.05706 3.69218 4.63566 3.45401 6.81957 6.46313 3.73501 6.24621 3.14744 3.16058 3.08337 3.14999 2.98667 2.9798 2.69785 3.41578 2.66065 2.55928 2.46663 2.44209 2.3774 3.27926 2.33324 2.43329 2.2661 5.19048 2.2081 2.57396 2.24485 2.17759 2.17011 2.39298 3.75243 2.15937 2.12069 2.61229 4.06016 3.64837 3.25496 3.15168 2.21594 2.04492 1.89886 1.86359 3.22168 1.80727 1.77661 1.75772 2.93124 5.18665 3.24813 2.25695 1.63545 1.62066 1.56556 1.68996 1.53062 1.45827 1.40905 1.3613 1.34671 1.31185 1.63507 1.13958 1.06143 0.98095 0.970163 0.904604 0.903236 0.858562 1.5787 1.51803 0.846481
threshold=0.98517258165982136 -0.76176794789010593 0.34715174257221543 3.0750442770697712 -0.2501876855710139 0.13866441069800842 0.63019655941496899 1.0000000180025095e-35 0.33193438813878201 -0.41677778395489812 1.5030332360908913 1.0464102660062025 0.67259992767157184 0.86350749921256831 1.4038554928147429 -0.02100530832500697 0.32380956712604231 2.3034328555517392 0.36119910760883228 -0.35209980127700807 -0.57563190843726064 -0.9459311895854926 1.3036656376951532 1.1702854222674619 0.33201044415892961 0.33273281753889616 1.4224620943812221 0.39404121834332301 -0.66693462540620485 -0.045599159748485489 -1.1004043973176754 0.93497934633896973 0.43811202692621315 1.2628913189609541 1.8438793099335899 0.26723038586218023 1.4796112591318493 -0.18400508331259532 0.066666977149978365 0.25800217980480078 1.3676080768093348 0.28397315289500941 0.21883695605650558 0.99402697052581723 0.86129860917928036 1.2615003968100116 1.2517451544680687 1.4266294194432263 0.48876179486208954 -1.0000000180025095e-35 1.2615003968100116 -1.0000000180025095e-35 0.1627836700860549 0.33948542235683682 -0.7321647361889041 0.83897537852386062 2.1462252814610028 0.35036441998406459 0.011864638327588616 2.7961411457359344 1.3002777176780262 0.41859913419616862 1.3726925824017246 -0.057568591113864621 -0.22465486835262935 0.36645340170703239 0.21309301893826754 1.1549535727621139 1.6958913392263069 -1.0599940394719056 0.65984491576586202 0.29698763874522843 -0.02100530832500697 -0.35406733035720001 -0.46432435385778564 -0.51066231788484895 2.1707881914563489 0.28994895129810466 0.50833722021121786 0.12964166370203059 1.0822647929884399 0.19081585741212795 1.2171731464603874 0.27951422229395495 -0.023539448442428647 -1.0789077271767742 0.5227677771426168 0.18512736370236707 0.67259992767157184 0.53935613312442376 -0.17382496824645299 -0.029639299433661143 -0.51066231788484895 1.1480463047710125 -0.86923784011968264 0.96759976625778665 -0.25958490241302951 0.23637593535194015 0.13189864641811785 -0.42217583442323103 0.47711775123308842 0.13866441069800842 1.54941222741917 0.27408626709165529 0.51374614445749778 0.95189262816269471 1.6460536529396244 0.5469735495522805
decision_type=2 2 2 2 2 2 2 2 2 2 2 2 2 2 2 2 2 2 2 2 2 2 2 2 2 2 2 2 2 2 2 2 2 2 2 2 2 2 2 2 2 2 2 2 2 2 2 2 2 2 2 2 2 2 2 2 2 2 2 2 2 2 2 2 2 2 2 2 2 2 2 2 2 2 2 2 2 2 2 2 2 2 2 2 2 2 2 2 2 2 2 2 2 2 2 2 2 2 2 2 2 2 2 2 2 2 2 2
left_child=1 3 10 8 5 6 99 11 19 53 26 32 13 14 15 16 18 -16 -13 20 21 82 23 24 94 -21 27 28 29 30 59 -23 35 89 36 38 37 -35 43 40 41 42 -40 44 48 61 -47 -39 57 50 -29 -10 -43 -6 -8 98 -57 58 64 60 -2 62 78 -63 88 66 -30 -68 -45 -41 73 74 75 -71 -72 -73 80 -36 79 -37 -14 -18 83 84 86 -85 103 -80 91 90 -34 92 -3 -51 -22 -15 -60 -98 100 -4 -9 -59 -84 -1 -74 -106 -107 -66
right_child=2 7 4 -5 9 -7 54 55 51 -11 -12 12 76 95 17 -17 81 -19 -20 25 22 31 -24 -25 -26 -27 -28 49 65 -31 -32 -33 33 34 77 45 -38 47 39 69 -42 52 -44 68 -46 46 -48 -49 -50 93 -52 -53 -54 -55 -56 56 -58 101 96 -61 -62 63 -64 -65 107 -67 67 -69 -70 70 71 72 104 -75 -76 -77 -78 -79 87 -81 -82 -83 102 85 -86 -87 -88 -89 -90 -91 -92 -93 -94 -95 -96 -97 97 -99 -100 -101 -102 -103 -104 -105 105 106 -108 -109
leaf_value=-0.0021799589419188004 0.017187141839117643 0.0091997909220755125 -0.03615439286757214 -0.037170622031126165 -0.024687312704217444 0.021004900831902141 -0.0072247132393222649 0.034746341755454907 -0.003216746974642362 -0.037429247160236864 -0.02872777503804038 0.0023225509349263746 -0.0020572588023142313 0.040962822995079681 0.035597684465010881 -0.027815692538142461 0.010118795475503803 -0.0033086124621481395 -0.035914265247587687 0.028901934858335126 0.021784176430540838 -0.044795837767771088 0.038792152882886524 -0.034021414307000196 -0.016173599521579478 -0.0046853788962799752 0.031423178627732723 0.019133462054621801 0.030179263096193197 0.036118097691209688 -0.029190847348141927 0.0047524588242107493 0.000421975108306126 0.015235063673877341 0.0093033391725488735 0.016647113527493845 0.02259642647544639 0.00016070076549347365 0.032013476299508105 0.031605933013636379 -0.039871568055834611 -0.0001211363979185005 -0.021034771527964229 0.029122310319551335 -0.011940270594480707 -0.039574159290480693 0.0090701896235645587 -0.03107250427452735 0.034848874709837177 -0.039120110684262424 -0.024153130289112645 -0.041019924259404282 -0.039150855409436004 0.010839189182919463 0.030735618384895996 0.017945607385681482 -0.022635963864042079 -0.019671467599835193 0.010303926303586831 0.022813148124616822 -0.038568710543691091 -0.035403383272147725 -0.018506805377017582 0.0062723246224978936 0.030076950766100927 -0.0064220579031361198 0.018534157860738445 -0.033221865288539459 0.0031628966945315994 -0.0015782419950381116 -0.0069753054859253609 -0.0058121295149752275 0.019392573798479685 0.03555706981646381 0.025167534347393015 -0.045987886068457287 0.013441513631483248 0.033894291349246188 0.011568977940333829 -0.017163406155157594 -0.031001477590352454 0.038747410930777888 0.027004360113318613 -0.039865064839176727 0.030398346466332566 0.00041496902827667479 -0.025771610045005219 0.033430890314470052 -0.016132754562528308 0.033401415607578727 0.031530826711100343 0.020562997192520169 -0.011889861382578672 -0.011339670421838685 -0.0016105444985420503 0.01680206183953489 0.035994079198587069 0.01521901669187041 0.033437303833066263 -0.0099814489815994029 0.019074480725913192 0.006854702686141796 0.0051889776193783385 0.018703249492451002 -0.019292009829817887 0.022815862827910146 -0.0032528341687350615 0.010460181987611948
leaf_weight=10.450880467891695 2.6648589968681327 6.9630899727344513 4.9004413038492194 2.3848199099302283 2.9932265952229491 4.7234589308500281 2.456010177731514 3.527607709169394 3.423066183924675 8.1981949657201749 2.4758583009243003 4.6574680060148257 2.468471020460127 2.7267484664916983 4.59792736172676 3.9217453747987774 3.379499688744545 3.2476187348365784 2.5675938725471497 8.1946361064910871 14.494046851992616 2.736573025584224 3.006097584962844 2.1111889705061904 2.8877419084310523 2.7412214428186408 3.0067924857139579 3.4299961030483246 8.7962743490934425 1.8761717379093159 3.9663729891180983 1.1691698580980299 2.5198489129543304 3.5864897370338467 3.385692432522772 4.9350733011961108 2.9845063686370841 3.4566651284694689 5.0678707510232943 4.4144519269466391 3.6652260571718207 2.9195131808519363 2.3740093111991882 19.973208323121074 3.3491243571043006 2.5660956501960746 1.5229627043008802 6.9875896573066711 5.1736856102943412 2.8208765238523466 2.1742282435297966 2.3280164748430243 2.1536448001861572 2.8528527766466141 2.4303257763385773 5.7224463671445838 1.9031856656074522 2.2114843279123302 4.3457306772470501 2.7600414156913757 2.2570392787456512 1.870983734726906 2.290033131837844 1.858033776283263 4.3445689082145718 2.491363897919654 4.6688594892621031 1.2778215035796163 2.6270643621683112 2.3733312040567398 2.7654634565114966 1.9632119387388232 2.5312124192714682 6.3785632103681547 11.319647923111917 1.9868033826351155 1.5595232248306272 7.5503832846879959 7.0506371110677701 3.7430015057325363 4.5502967536449432 2.9365244060754776 2.5532178133726111 2.9520671963691711 4.1203991025686291 3.0384575128555289 3.0023137331008902 4.0578558444976807 2.4993628412485114 21.489873871207237 2.5135045200586346 4.6882552504539499 3.8614822328090668 2.6517495363950729 2.058483928442004 4.18616783618927 7.5490175485610944 4.4742450267076492 9.0986887067556363 1.4888544827699686 18.31668309867382 1.7595975846052168 2.9012558460235596 1.7278678268194188 1.9762913733720759 2.8681582063436508 3.7505788803100586 2.4802771955728531
leaf_count=37 8 21 30 12 17 14 11 9 13 48 12 19 10 5 11 20 12 13 15 20 41 14 6 13 13 10 7 10 22 4 21 5 11 11 11 15 7 12 12 10 18 11 11 50 11 13 5 37 13 16 10 12 11 10 6 15 7 10 13 7 12 11 10 7 11 12 15 8 8 9 11 7 7 15 29 10 4 17 23 16 25 6 6 15 10 12 13 9 10 55 6 14 14 11 8 12 18 14 23 7 50 5 10 5 8 8 12 7
internal_value=0.00846363 0.0107878 -0.0028418 0.00305809 -0.0127483 -0.00211417 -0.0118097 0.0128185 0.00437116 -0.02495 0.00342139 0.0115027 0.00415283 0.00895336 0.0042225 -0.00257707 0.00478773 0.0191277 -0.0110421 0.00625014 0.00366498 -0.0025085 0.0123538 0.0085963 0.0133598 0.0201312 0.00530161 0.00335529 0.00869004 -0.00149965 -0.00798042 -0.028939 0.012874 0.0183639 0.00731419 0.0110562 -0.00482323 -0.0109594 0.0131441 0.00798584 -0.00751069 0.00192703 0.0145248 0.0171054 0.0133956 0.00166731 -0.0206024 -0.0204705 0.015152 -0.0114044 0.00195856 -0.0181356 -0.01633 -0.00775622 0.0111847 0.0216664 0.00785313 0.0128342 0.0148162 0.00293994 -0.00807013 0.00522238 0.00862365 -0.0142973 0.00927302 0.0167615 0.0209108 0.00747574 0.0259092 0.0139272 0.0117918 0.00773376 -0.0023986 0.0251046 0.018521 -0.0249121 -0.0138499 0.0259901 0.0119111 0.00228185 -0.0205064 0.0230342 0.000904817 -0.00220689 0.00310796 -0.0191881 -0.00443241 0.0195171 0.00412184 0.0300306 0.0162709 0.00745853 0.00171486 -0.0254301 0.018706 0.0261466 0.0232044 0.0280308 0.0251697 -0.0296097 0.0217112 -0.00726929 0.0151879 0.000857671 0.00571165 0.00160098 0.00802605 0.0225282
internal_weight=454.189 376.827 77.3617 78.2815 30.0434 15.9991 11.2756 298.546 75.8967 14.0443 47.3183 259.977 40.7996 32.2213 25.3084 17.4628 13.5411 7.84555 7.22506 70.1456 59.2098 34.6522 24.5576 21.5515 19.4403 10.9359 44.8424 41.8357 30.7588 13.5245 11.6483 3.90574 219.177 54.4746 27.9513 164.703 17.0153 14.0307 134.808 58.508 16.1803 12.515 7.44188 76.3002 53.6999 29.8947 4.08906 10.4443 50.3508 11.0769 5.60422 5.75108 5.07316 5.84608 4.88634 38.5686 7.62563 45.1771 41.206 7.68194 4.9219 25.8056 22.0766 3.72902 24.837 17.2343 14.743 5.94668 22.6003 42.3277 37.9133 29.1614 15.0763 8.75189 14.0851 3.95002 8.57829 10.9361 19.7866 8.67807 7.01877 6.31602 30.7465 25.292 19.3015 5.99052 15.1811 11.1085 18.0122 26.5232 5.03335 15.5128 10.8246 5.47263 16.5525 6.91292 16.369 12.0233 30.943 6.3893 21.8443 3.97108 5.45447 12.1787 11.1262 8.59503 6.61874 6.82485
internal_count=1533 1215 318 275 143 68 54 940 263 75 175 836 152 113 96 72 52 24 34 238 208 127 81 75 62 30 163 156 109 52 48 19 684 167 95 517 67 60 408 189 63 45 23 219 161 109 18 49 150 47 20 25 22 27 17 104 22 137 122 27 20 91 73 18 77 57 45 23 58 126 116 92 52 24 40 17 39 28 63 31 35 18 108 92 65 27 55 32 59 72 17 49 35 27 49 17 45 32 82 37 59 15 16 42 35 28 20 18
is_linear=0
shrinkage=0.0283043


Tree=50
num_leaves=103
num_cat=0
split_feature=9 9 9 9 9 11 9 5 5 5 5 19 5 19 14 5 15 19 7 7 7 14 7 11 5 9 7 11 11 7 7 19 7 7 7 19 11 7 7 5 15 5 5 5 11 5 15 7 7 11 11 5 11 11 15 15 14 15 15 14 9 15 15 5 7 11 5 5 5 5 5 11 9 5 14 9 11 11 5 9 19 9 5 15 15 9 5 5 14 14 14 5 5 14 19 15 14 5 7 5 14 7
split_gain=6.17908 9.11878 7.27435 5.57536 4.35759 4.05028 4.47306 3.39956 11.3809 5.20922 3.66939 3.59572 3.32291 3.18536 3.10248 3.08102 2.98596 3.1772 2.73622 3.05355 2.67357 4.55364 2.83566 4.47981 3.83962 4.45138 3.68054 3.93656 2.65803 2.6059 2.45838 2.30257 2.53991 6.21226 2.61584 2.56363 2.22933 7.24384 5.74049 4.41689 4.24969 4.36308 3.39846 4.22385 3.32304 4.16502 3.5392 3.23022 3.09758 4.11976 3.47164 2.89885 2.63857 9.27331 2.45505 2.57138 2.61621 3.76419 2.19504 2.70018 2.18385 2.11103 2.39943 2.03268 2.02216 1.9778 3.39773 1.88428 1.88397 2.56696 2.30498 1.80947 1.77721 1.87306 1.7459 4.13348 4.02473 1.69178 1.67936 1.67144 1.62705 1.59932 1.54939 1.49406 1.48835 1.48074 1.42753 1.40347 3.03749 1.57776 1.38281 1.29394 1.25902 1.24873 1.23467 1.1951 1.17615 1.13598 0.954774 0.921745 0.903765 0.856307
threshold=-0.24549056787409837 -0.016119868357326771 -0.45711390748238656 -1.052135930315423 -0.59488276280783781 2.3943007569494816 0.91368262170004366 -0.08222212989567329 0.14864732684774806 0.80940042859547845 -0.49933952769407042 0.47972873425935841 3.1249377045320599 2.8024140763485854 1.9262009971710878 1.9847400649908149 -0.10888498011292445 0.41632147583162465 1.4990585238401752 0.12326360852350565 0.34264208718609662 1.4122831166435101 0.11769709031239452 0.22668072715146784 -0.050970356735601061 -0.37015184393081774 0.17638948252636014 -1.0000000180025095e-35 2.0034736656261853 0.20775936304276074 -0.15095948980473312 1.6602226926345205 0.27497895148051993 0.093046950903430764 1.4177119549224251 -1.0000000180025095e-35 -0.27548307429742502 0.12326360852350565 -0.43287813322960739 -0.029179533323037379 -0.25710152724964791 0.91213390156523466 2.1557706393763443 1.0312267400454032 0.31151028984431778 -0.38941981811531373 0.59081410017167191 0.077988521161022853 1.5711682209056239 1.464153021415024 1.7192104366787107 0.082207134116471473 0.28210374891871698 0.2332935746178619 1.5685088709243227 0.91489147625166523 1.3395728540210254 0.61413083401363477 -0.2938975088501492 0.31506505637504267 0.32756611265068086 0.82004802067813654 0.69948363794898782 1.7225352741965196 1.3562695696479905 0.46910347769437127 0.43300503824808445 0.053712870352876176 0.070499324860722509 -0.064451513785043921 0.84296405306774835 1.5207246490659807 -0.39803827851347517 0.97295694552590994 0.039509686095512433 -0.49906293621674352 0.10535226098895857 0.22331297009438342 1.0995331260045982 0.74295779445484789 0.75256882835742955 -0.5045303964217337 0.041132314015413993 -0.095713153794493092 -0.03972303868987432 -0.34732698822788938 1.7789574445749385 -0.12861699337781254 0.28502157980533543 0.056815095823212418 0.82152370857171542 0.89622019413910148 1.9118006918638015 -1.0000000180025095e-35 0.23447988308195289 1.1084645097057162 0.28270348115480798 -0.20959678110869495 0.61582284943496413 -0.17550393766134342 -1.0000000180025095e-35 0.27497895148051993
decision_type=2 2 2 2 2 2 2 2 2 2 2 2 2 2 2 2 2 2 2 2 2 2 2 2 2 2 2 2 2 2 2 2 2 2 2 2 2 2 2 2 2 2 2 2 2 2 2 2 2 2 2 2 2 2 2 2 2 2 2 2 2 2 2 2 2 2 2 2 2 2 2 2 2 2 2 2 2 2 2 2 2 2 2 2 2 2 2 2 2 2 2 2 2 2 2 2 2 2 2 2 2 2
left_child=2 98 3 7 -5 36 -7 10 16 94 13 18 15 28 74 20 17 -9 19 30 22 63 23 68 25 -25 -24 29 31 -28 -11 32 33 35 83 -1 37 51 39 44 41 -41 43 58 60 46 79 -40 49 52 -51 54 53 77 55 56 57 87 59 99 -38 62 90 -22 -54 66 -42 93 69 -4 -70 101 -26 82 75 76 -6 -49 95 -46 -37 97 -74 -34 -81 -27 -45 89 -89 -3 -60 -67 -80 -63 -10 -53 -91 -76 -2 -39 -59 -29
right_child=1 5 12 4 14 6 -8 8 9 11 -12 -13 -14 -15 -16 -17 -18 -19 -20 -21 21 -23 26 24 72 85 27 71 -30 -31 -32 -33 34 -35 -36 80 38 42 47 40 65 -43 -44 86 45 -47 -48 48 -50 50 -52 78 64 -55 -56 -57 -58 100 61 -61 -62 67 -64 -65 -66 91 -68 -69 70 -71 -72 -73 73 -75 81 -77 -78 -79 92 84 -82 -83 -84 -85 -86 -87 -88 88 -90 96 -92 -93 -94 -95 -96 -97 -98 -99 -100 -101 -102 -103
leaf_value=0.014260013392785591 0.032845731621043997 0.0011031921755647529 -0.0076975202402476961 0.032960916504714229 0.0093418136350921915 -0.039809908076180262 0.014169245963177193 0.001739849467738145 0.016898040445223389 -0.0088891666502461785 0.024134083819688457 0.019090796991853762 0.033572361203062298 -0.033789193090246014 -0.017622365660227991 -0.03509839996398284 -0.036319976424322505 -0.035647843588729605 0.019911124662730265 -0.030399057777870463 -0.0013553164884916918 0.038187376783221136 -0.036914919948992445 -0.035778651419094719 0.0328142104271235 0.021376947745160781 0.024444390288491814 -0.036481971186004665 0.028217316571938416 -0.0060297485013166589 0.019560738790546477 0.031673753252330621 0.037086664867833116 -0.036425958891182539 -0.005353213650501982 -0.02915073242884891 -0.0048997253038761636 -0.017204690129383672 0.029560294661240414 -0.047933354619947507 -0.035537853315894735 -0.0023272324511403558 0.029382311183159943 -0.041684954878843772 -0.013245554048330251 0.033451234701744895 -0.037883097399845883 0.010372237655649527 0.033051554103267045 -0.036710628924342757 0.01634825619192963 0.021438517275621037 0.022024774586801046 -0.037743189938393519 -0.021220631332873607 0.02924861399782103 0.021253416583502934 -0.013323594480503697 0.0079039677668452657 0.0061850258934636401 0.027669987783812335 -0.01451775456907047 0.027734192105136706 0.029433807796422632 -0.0048280229052439444 0.027398382035115947 0.0090904050052978969 -0.03853166460414733 0.021916355725179314 -0.035903906839075836 -0.012035527570392246 -0.00073987111752204073 0.00070927745461016984 -0.012270706546550381 0.013435369431685114 0.024211243156445569 -0.030627672160302367 0.037894166676345598 -0.0040239965758270806 -0.00026099653069180137 0.0042887224647156236 0.0043395507630719738 0.027864660707102744 0.011715275696963894 0.029785262646035673 -0.012490926332404758 -0.0061089837299529801 0.0061056465131515414 -0.039772838472671518 0.027085142333965417 -0.014051348247872282 -0.00037014926267731036 0.018950457478554214 0.015957253012421745 0.037016482886165249 0.038113076391946998 0.0097702735000330127 0.032646033946827337 0.017617558780855986 -0.040754297281495183 -0.04237480889690072 -0.01494025427363618
leaf_weight=7.8522748947143537 16.09453168511391 8.1318738460540789 7.0339570492506018 10.643486827611921 4.9952954947948465 2.6112565994262686 1.965860992670059 5.4485641494393349 4.4292878806591016 9.4997729212045687 11.803611472249029 7.1618423461914054 1.8425539433956135 1.3637950718402851 2.2799252420663825 2.0324330329895011 6.0711762234568578 2.520741730928421 2.969469651579856 3.8031273558735839 16.559265583753593 2.9569523334503165 3.9991080984473255 2.6176284104585648 4.2027394175529489 2.7648643851280212 3.4113105237484032 4.1032442450523323 4.1723522245883933 5.4867338761687279 2.9840559363365236 2.0919282883405677 3.1572093665599823 3.6141307950019828 3.7275116592645645 2.139116868376739 1.7047639340162302 3.4336056113243103 16.086896359920502 3.0362273752689388 1.9103003218770007 3.216811403632164 2.2079686671495429 3.0092692822217932 2.9471305310726148 2.4149319529533377 2.0071861892938614 4.5247678160667402 6.2226143777370444 2.3108632117509837 1.4293591678142545 10.265143081545832 24.103729531168941 2.95769102871418 1.8471841514110554 4.7205383926630011 8.499676585197447 1.745335325598717 9.0958011895418185 3.3036399632692337 10.784828305244444 2.3026429563760757 3.8084757328033438 1.6853756755590428 2.1792975366115561 3.3358820006251335 3.4712927341461182 1.3749106824398039 2.4379461109638205 3.8564345240592983 3.5860479325056076 2.3776932582259178 2.375399231910702 1.9501129090785978 3.2073030173778525 6.5357823520898863 2.9971227645874023 2.4856818616390228 2.7814315706491461 2.6518230736255637 2.046067088842392 2.8793437927961341 4.3058891519904137 3.664706274867056 2.0975172817707071 1.3790387809276605 1.1109873056411741 4.2185906767845216 1.3693600147962568 5.1062992066144925 2.8356106579303733 1.8647399842739103 4.7263396829366684 1.6310377568006509 4.5677943825721741 4.6546658277511588 7.1468051373958588 7.7224090546369544 3.7365898489952079 1.9139479696750656 1.3330199420452107 2.0958696752786636
leaf_count=23 44 28 30 28 15 14 6 22 12 38 31 22 4 8 8 12 37 15 8 21 66 6 23 15 10 8 9 25 10 25 8 5 7 21 15 10 6 15 41 15 11 10 5 17 12 6 11 14 15 13 4 28 66 15 8 12 23 7 31 10 27 10 9 4 9 9 11 7 7 23 16 10 10 9 9 17 11 5 10 10 7 9 12 13 5 7 5 14 7 13 11 7 13 5 10 10 22 19 10 10 7 10
internal_value=0.00829877 0.0115307 0.00490026 0.00891672 0.0175797 0.0098083 -0.0158243 0.00515589 2.24675e-05 0.00853132 0.0107049 0.0022569 -0.0016949 0.00600001 0.0122147 -0.00255818 -0.021345 -0.010303 -0.00409966 -0.00866943 -0.00167612 0.00688261 -0.00481337 -3.41259e-05 0.00914233 -0.00769307 -0.0129414 -0.00740647 0.00775664 0.00562885 -0.0020049 0.0046679 0.00237946 -0.00480092 0.012991 0.00480818 0.0103911 0.00743698 0.013313 0.00518405 -0.00594063 -0.0240702 -0.00275349 -0.00500604 0.0127471 0.00234857 -0.00594838 0.0187343 0.0149579 0.0120645 -0.0152512 0.0129544 0.0149609 0.00278541 0.00876984 0.0101486 0.0076872 0.00365608 -0.00130304 -0.0130599 0.0228975 0.00361858 0.00880578 0.00167927 0.0196492 0.00480028 -0.00681168 -0.011452 -0.0106078 -0.0176466 0.0018087 -0.0209199 0.0182021 0.0110509 0.0147312 0.00797207 -0.00548316 0.019963 0.0211955 0.00254538 -0.0124797 0.0218639 0.0179174 0.0232933 0.0128138 0.00975784 -0.0311513 0.00712716 -0.00515884 0.0105652 0.00268252 0.0170766 0.0105959 -0.00210046 0.026873 0.0266864 0.016928 0.0268263 0.029737 -0.0254467 -0.0247593 -0.0289905
internal_weight=450.137 230.727 219.41 136.349 41.2607 210.896 4.57712 95.0885 49.4558 35.4154 45.6327 26.4183 83.0606 33.8291 30.6172 81.218 14.0405 7.96931 19.2564 16.287 79.1856 21.2016 57.984 36.5101 19.5957 6.76153 21.474 17.4749 32.4653 8.89804 12.4838 28.2929 26.201 15.6516 10.5494 12.0375 206.318 102.574 103.744 41.4434 16.8353 6.25304 36.0279 33.8199 24.6082 12.1186 9.70366 62.3009 46.214 39.9914 3.74022 66.5463 36.2512 9.96814 44.1187 42.2715 37.551 29.0513 29.6997 8.65119 12.4896 21.0485 15.7399 18.2446 26.283 10.5822 5.38159 5.30859 16.9144 10.8904 6.02399 8.57681 12.8341 8.6314 28.3373 14.5282 7.99242 7.01045 22.4276 7.69647 4.18518 13.8091 6.68129 6.82192 4.74934 4.1439 4.12026 25.9729 5.58795 20.385 11.9314 5.20062 7.50777 3.93368 8.99708 14.9198 12.2531 10.9297 19.8311 5.34755 3.07836 6.19911
internal_count=1533 733 800 459 116 679 20 343 193 119 150 97 341 119 88 337 74 37 75 67 325 76 249 147 71 30 102 79 111 34 46 101 96 61 35 40 659 337 322 140 63 25 135 130 77 44 38 182 141 126 17 202 109 34 141 133 121 98 108 35 33 73 51 70 75 38 22 22 76 53 23 45 41 31 80 43 26 19 61 27 17 37 22 20 15 15 22 84 21 63 42 16 23 15 22 38 35 28 54 25 14 35
is_linear=0
shrinkage=0.0283043


Tree=51
num_leaves=102
num_cat=0
split_feature=21 18 10 10 21 7 7 7 21 7 7 21 21 7 16 16 10 21 1 1 7 1 21 7 1 16 16 21 4 4 4 4 16 4 21 4 7 7 10 10 10 4 21 21 4 10 7 21 7 7 7 21 21 10 10 10 4 21 4 7 16 4 4 4 4 4 4 7 21 10 21 4 4 16 21 16 4 4 4 4 21 4 21 21 21 16 7 21 21 21 21 21 16 21 21 21 21 21 21 21 21
split_gain=7.63603 7.25615 6.47568 5.70797 4.92751 4.68383 13.469 6.93592 4.08535 3.98937 3.55657 5.12713 3.43656 3.39623 4.46931 6.18134 3.32669 3.30254 3.03819 4.59199 2.82812 6.40532 5.88307 5.537 4.6423 3.11649 3.0286 2.97323 2.79917 5.90058 5.34296 2.49186 2.37008 2.14901 2.83366 2.13774 2.90158 4.1394 2.12006 8.0199 5.85001 2.99439 3.67151 2.02541 3.11969 2.93921 1.94733 2.53112 2.15624 2.80786 1.99157 3.9304 3.07184 1.94308 1.87828 3.85577 1.96577 1.80631 1.77758 1.76108 1.8579 1.65102 3.04288 1.55172 1.54967 2.57148 1.46859 1.57296 1.45754 1.4166 1.35622 1.34606 3.66273 1.96196 1.34397 1.30965 1.24885 1.75102 1.24226 1.20338 1.21561 1.19007 1.18551 1.17917 1.15903 1.0816 1.07238 1.03847 2.67381 1.02732 1.35606 0.977149 0.943175 0.920408 1.65731 0.985777 1.6256 1.55855 0.893141 0.967229 0.830658
threshold=-0.76176794789010593 1.9128762108979334 1.0294283519800993 3.0343942500740897 -0.84552360455957398 0.066666977149978365 0.27951422229395495 -0.72533102426514995 1.6281026379738048 0.098746533294887154 0.61582284943496413 0.26538440450277284 -0.56605464524960669 1.7710971518744123 0.086515707400148079 1.2388034379441342 1.7176771388558241 -0.35406733035720001 3.1520586187210462 0.9386028878623961 0.13632607556073426 2.6289116424859378 -1.7072431821885066 -0.44880148014425963 1.5267321818616084 -0.061723282395016739 0.40175276971577284 -0.9459311895854926 0.10155058475197969 0.43811202692621315 0.3570640044197258 1.7547648397567583 1.3163121355965888 1.5862683741554278 1.3296670141670572 0.12278943359573834 -0.071996987451502681 -0.051438571588156422 1.4038554928147429 2.3034328555517392 3.1470455299597968 0.39840305050444552 0.86350749921256831 -1.411641929165836 0.5227677771426168 0.93912169581294824 0.21309301893826754 -0.27073682930534393 0.19358802783598808 0.12326360852350565 0.24318770105969253 -0.17382496824645299 -0.50565892779223776 0.25692314551332485 1.2403100353669998 1.1898111857630618 0.30443432875779342 -1.1865692691536085 -0.61943162433301524 0.066666977149978365 0.17045255860591621 1.0599596317297595 1.9211398176349828 0.3353936665475386 0.5885938255906541 -1.0000000180025095e-35 0.35189812188492897 0.093046950903430764 1.3084800925560836 1.321060067851445 -0.069378404853225009 1.6545754845169289 0.45501201387299622 0.29625482013326526 0.48178861386703253 -1.0000000180025095e-35 1.4666020836045892 1.6278591221733973 -0.045599159748485489 0.29846539719786574 0.53823983198322756 1.7444570462998554 1.8712680314910555 -0.22510345968170795 0.13866441069800842 2.6064240109959953 -0.0097007736865191568 -0.27073682930534393 -0.39055985420218825 0.96759976625778665 0.52591031907249375 0.54964817438913671 0.21654159546092444 0.020471149002007881 -0.47296918474921984 0.67476202474959102 0.58257411499749467 1.0892887519208152 0.35317903953955004 0.50833722021121786 -0.4109909436040749
decision_type=2 2 2 2 2 2 2 2 2 2 2 2 2 2 2 2 2 2 2 2 2 2 2 2 2 2 2 2 2 2 2 2 2 2 2 2 2 2 2 2 2 2 2 2 2 2 2 2 2 2 2 2 2 2 2 2 2 2 2 2 2 2 2 2 2 2 2 2 2 2 2 2 2 2 2 2 2 2 2 2 2 2 2 2 2 2 2 2 2 2 2 2 2 2 2 2 2 2 2 2 2
left_child=3 2 5 4 16 7 33 8 28 -6 17 12 -12 14 18 59 20 -8 19 66 23 22 -22 24 26 -25 31 71 58 30 63 43 -28 34 46 36 -9 -38 41 -40 92 54 81 78 45 57 47 -7 49 -49 75 52 -52 82 55 56 68 -45 93 60 -16 70 76 79 65 -10 -3 -68 -4 84 -31 72 73 -24 -35 -48 -63 -78 -1 80 -30 -43 -13 -39 -56 -75 -85 88 -14 90 -58 -32 -41 94 -2 96 98 -97 -95 -100 -57
right_child=1 13 38 -5 9 6 10 35 64 -11 11 53 87 -15 15 -17 -18 -19 -20 -21 21 -23 27 25 -26 -27 32 -29 29 61 91 -33 -34 74 -36 -37 37 83 39 40 -42 42 -44 44 -46 -47 50 48 -50 -51 51 -53 -54 -55 69 100 89 -59 -60 -61 -62 62 -64 -65 -66 -67 67 -69 -70 -71 -72 -73 -74 85 -76 -77 77 -79 -80 -81 -82 -83 -84 86 -86 -87 -88 -89 -90 -91 -92 -93 -94 95 -96 97 -98 -99 99 -101 -102
leaf_value=4.3542912039212535e-05 0.021813632594104397 0.012493299739813082 -0.0021910832749711634 -0.036789681264202199 -0.040608250561690394 0.022240688160897037 0.0040450023538603792 0.028317806487982253 -0.0030442216886766731 0.00072688272949510905 -0.0065362274719534784 0.00057086358381418679 0.025292962470234603 0.031259694509871566 -0.037476316033389162 0.015123519017728104 0.033014095396263952 0.035423137767853385 0.036824893354918391 -0.037597589297445271 -0.037957603522241881 0.029931947255532981 0.0091230301683428109 -0.00078166286854463565 -0.027665705399471392 0.034165851902005391 0.036951850418126153 -0.026808214911622275 -0.0061299019899181354 0.013718227299346363 -0.036379691829097852 0.02362119573748573 0.0095668130917586809 -0.037995459696324854 -0.027308603275992334 0.034028029340365931 -0.018730877928040665 0.0025749749187073717 0.031894052597367897 -0.039302484529844396 0.01826579900409785 -0.029349535865241704 0.026029227943095569 -0.015628849035077021 -0.045795544717832003 -0.035108646423238805 -0.0092513178221308584 0.015956395310201349 0.019969097952530084 -0.01343091245693123 0.011253358776779156 0.027288874120426382 -0.035387490675578809 0.020530661231175678 -0.035126083341429359 0.041904711248507295 -0.020762864001322691 0.0095946774622503103 0.034709743633956978 -0.038756887565858981 -0.0062631807689848577 0.015341739368219124 0.027822771570415454 0.017435504764226926 0.0087467848131744519 -0.048043019571137179 -0.023915216627572875 0.0088607413547445793 0.020293465827509037 0.0053755930477414103 0.036704301271287036 0.021430369459033101 -0.034380374325975654 -0.014849932538067512 -0.0036559797663996713 -0.035797776849795508 -0.021355087121678898 0.0093206448635513289 0.022831127188878007 -0.019274866227058023 0.019590134899930504 -0.00044956767687505964 0.014209245550503383 0.035122065735756498 -0.0024743056181693221 0.010379937042664931 0.01525345372500147 0.028040055880673122 -0.011390786471970659 -0.035257257583884434 0.012296370446554718 -0.0085644057437059377 -0.012307983158941023 0.024150056245913178 0.0052191707511312435 0.0013702576961718861 0.038415778194160817 0.024487409885705108 -0.0038001802621291116 0.021588902019105682 0.019735782295405072
leaf_weight=5.0084730088710785 7.7311491668224361 10.071134835481649 5.4796504527330452 2.8434214591979972 3.6136290282011023 4.9477626681327811 3.210709661245347 19.06379513442516 2.1281312853097916 3.4656981229782104 2.7743573188781765 25.698083154857162 5.6308999955654144 2.0604089647531501 2.0465121120214445 3.7266484498977652 2.8501185178756705 11.352703511714932 1.939450442790984 1.9284837320446957 4.0648475885391262 4.0131602883338919 13.074939146637929 2.4159022718667975 3.4582737833261481 8.0130143016576749 3.2788162827491742 3.3046688288450232 3.1569710373878497 3.0273973941802979 3.672719992697238 2.9092327430844298 7.5994239449501038 2.2615603581070896 3.112115114927291 15.527119591832159 2.6836093068122855 2.3410781323909751 7.2528032064437848 3.0154937505722046 3.314623735845089 5.9851154834032041 1.2248996198177335 3.0849498957395491 1.5466198772192008 1.9782996028661717 3.1295725703239441 3.3420041650533703 3.1803044825792304 9.1495503932237607 1.760063901543617 2.6735274493694305 2.4449140578508377 5.8952875137329093 2.1565431654453273 1.6823908090591428 2.2364175766706462 6.584509283304226 4.3904829025268546 4.8634642735123634 4.398790642619133 2.9565642923116666 5.5715234130620948 5.0464700162410736 1.8018747270107267 1.5484039336442941 2.0572679936885825 2.1680060178041458 3.5904934853315353 2.2155828773975372 5.0540263056755084 2.1184517890214911 2.2159117907285681 5.6481081768870345 1.2817199677228925 2.5359587371349317 2.8688949197530746 2.649447426199913 2.7282188683748219 2.2146975100040436 2.2772548794746399 1.2345198094844816 6.0679257065057746 3.6624383032321912 1.2270753085613249 1.560950919985771 4.3833880573511159 19.89059779047966 1.9115190207958246 1.3480047881603239 1.4643969386816023 1.2113929539918897 1.3523110002279279 8.4434534609317833 11.663238242268561 4.6165955662727338 4.2911374270915976 4.1342370510101318 2.2119897305965415 2.0316850692033768 4.3207308650016776
leaf_count=17 22 32 21 15 19 14 11 52 7 14 11 88 15 5 11 12 7 29 4 10 22 10 44 8 18 19 7 19 11 11 22 8 24 13 14 39 9 7 18 16 11 35 3 13 8 12 14 10 9 39 6 7 15 16 14 3 11 21 11 28 18 8 15 15 6 7 10 8 10 8 12 6 14 25 5 16 14 9 7 10 6 5 18 9 5 5 12 51 8 8 5 5 6 22 41 16 9 11 8 6 13
internal_value=0.00813345 0.0100883 0.0114568 0.00113492 0.00231305 0.0132082 0.0091504 0.0166951 0.0122735 -0.0199956 0.0156639 0.0129579 0.0215913 -0.00203723 -0.00426846 -0.0156125 0.00415071 0.0282324 0.00510374 0.00119711 0.00314097 -0.0028527 -0.00708806 0.00758075 0.00261762 0.0256061 0.00570409 -0.00248864 0.0137214 0.0081451 -0.00401709 0.000103741 0.0179512 -0.00432522 -0.0023226 0.025474 0.0213603 0.0111957 0.00204432 0.0108422 -0.00885522 -0.00185778 -0.0163335 -0.00332359 -0.0100259 -0.0051164 9.95528e-05 0.00542702 -7.79108e-05 -0.00536377 -0.00860147 0.00140345 -0.0150622 0.00601162 0.00290704 0.00693935 -0.00103483 0.00128667 0.0181993 -0.0260156 -0.0165624 0.0177938 0.0120434 0.0054685 -0.0108237 -0.0216277 0.00665254 -0.00694966 0.00664859 -0.0112923 0.0278296 0.000899214 -0.00110676 0.00263578 -0.0247756 -0.0208904 0.00147984 -0.006496 0.00795665 -0.00232237 0.00450721 -0.0240951 0.00322652 0.019038 -0.0227386 -0.00902465 0.0242065 0.0246611 0.0159152 -0.0149978 -0.00777113 -0.0287467 -0.0302073 0.016545 0.0119228 0.0200284 0.0239854 0.0124636 0.0189968 0.00870568 0.0256015
internal_weight=446.353 348.974 313.713 97.3796 94.5362 264.612 122.251 142.361 94.6997 7.07933 82.4321 67.8687 30.2074 35.2602 33.1998 15.0354 87.4569 14.5634 18.1643 16.2249 84.6068 36.001 31.9879 48.6057 38.1768 10.4289 34.7185 27.923 89.2213 39.7074 17.5795 23.8403 10.8782 39.8191 36.2758 47.6614 32.1343 13.0705 49.1011 14.9352 7.68243 34.1658 8.44453 20.9311 13.1944 11.6478 33.1637 20.6196 15.6719 12.4916 12.544 6.87851 4.20498 37.6613 25.7213 20.1221 14.119 9.66946 49.514 11.3088 6.4453 22.1279 14.0464 12.6954 5.47841 3.67654 14.2964 4.22527 9.07014 5.5992 8.08142 24.6184 22.4999 20.284 3.54328 5.66553 8.47491 5.51834 7.73669 7.64892 5.43423 7.21964 31.766 10.3869 3.38362 7.20906 8.04583 27.433 7.54242 5.04882 3.70081 4.88411 4.3678 45.1235 19.3944 25.7291 16.9783 8.75083 12.6871 4.24367 6.00312
internal_count=1533 1171 1033 362 347 841 409 432 304 33 247 207 85 138 133 69 314 40 64 60 307 145 135 162 135 27 117 113 284 138 69 86 31 162 144 128 89 37 192 51 33 141 43 78 54 46 130 72 58 49 58 28 21 122 98 71 55 34 146 57 29 69 46 42 20 14 50 18 31 27 23 94 88 74 18 30 31 23 24 27 17 40 106 28 19 30 21 74 23 24 16 27 22 135 63 72 45 27 36 14 16
is_linear=0
shrinkage=0.0283043


Tree=52
num_leaves=111
num_cat=0
split_feature=10 2 2 2 5 2 19 5 5 5 2 9 19 5 1 7 2 9 5 9 2 2 19 10 10 5 7 7 7 5 7 7 9 9 5 9 5 7 9 9 9 9 9 7 2 5 5 5 5 10 10 9 10 9 10 5 9 9 9 2 2 9 9 9 9 5 5 5 9 7 5 10 19 19 10 5 5 5 7 7 9 9 7 7 9 2 7 5 7 7 2 2 19 5 2 2 19 19 19 19 7 2 9 9 9 9 2 9 2 9
split_gain=6.25433 6.3054 13.1339 10.9215 5.80864 5.95172 5.19902 4.8877 4.87569 4.50362 5.71271 4.19298 4.71549 5.38719 3.18983 4.89771 3.41628 3.72468 3.05893 4.12568 4.08943 5.22295 3.01503 2.97005 3.21132 4.71844 4.68471 2.87871 5.06847 3.41201 2.91202 2.87813 2.8 2.64685 2.61098 2.60803 2.53512 2.38714 2.37727 2.28632 2.3941 2.25155 2.21473 2.17503 2.1086 2.16175 2.09135 3.09073 2.06623 2.66093 3.72595 3.67178 2.86469 2.73444 2.0597 2.05179 2.04008 2.02577 1.97506 2.45334 1.85138 1.81744 2.41863 2.92254 2.18929 1.78524 4.51732 1.77859 1.72928 3.75117 2.16376 1.67785 2.05731 2.03921 1.61703 1.57786 1.55014 3.36963 1.53895 4.13144 1.40105 1.2986 1.28744 1.28668 1.63464 1.28476 1.26147 1.24873 1.2453 2.30004 1.91763 3.8058 1.23659 1.19351 1.59273 2.17937 1.17651 1.27042 1.13753 1.15043 1.09332 1.07933 1.51918 1.0351 1.43051 1.17063 0.970854 0.94499 0.918696 0.917737
threshold=1.0294283519800993 0.062512852706940125 0.48694257890402709 1.1496018064288116 0.047770762562488099 0.2085049273400085 2.8024140763485854 1.8776150029822252 0.94171445690926014 0.082207134116471473 1.433087335363757 -0.44705441738179325 0.2469844065200015 -0.19045205257153838 1.4866811988832376 0.28801924115435767 -0.4051211079858868 -0.23588470984291476 -0.064451513785043921 1.9844532669408068 0.50779858956589408 1.4127209571489547 3.2992238134790086 1.0987482500238983 1.2344488686839015 -0.0056896384641594569 1.4806734895891354 -0.020678568565004957 0.26690639120623932 0.96256754143615331 1.3110388370122896 -0.48524997687717192 -0.37759300156060788 1.9229264331056117 0.099420677621751843 0.63009095220277966 -0.1155536407823813 1.5711682209056239 0.3077177199996684 -0.24549056787409837 -0.43382746125269039 -0.35671796791040516 1.0000000180025095e-35 1.6711881297984952 0.31980304572393442 1.9448350973609905 -0.12861699337781254 -0.031528522808925118 -0.32485510315537836 2.6698846845360671 1.6499041763002331 -0.34961106548965376 1.1390373254056649 -0.38121409965852721 1.2344488686839015 0.74070409181253904 1.447679193511443 -0.35100379552731503 -0.42375205423738099 0.16894962036643976 0.13876727737953456 -0.34426298214503454 -0.39914450408624608 -0.35671796791040516 -0.43936654757390309 1.2571475351446417 0.87532068689509612 0.97295694552590994 -0.56466450021926773 -0.057515169157257705 0.5362398765626547 0.74393281354531104 0.20956647309639528 0.04528620437205183 0.25692314551332485 1.0683741982787509 0.20017654284251948 0.059237173689252569 1.0487915149151263 0.077988521161022853 1.9844532669408068 1.447679193511443 1.2878634922688195 0.14792483661416486 0.52309745148096309 1.5439774267084625 0.61582284943496413 -0.064451513785043921 0.16862740533955192 0.20775936304276074 0.29155591669447462 0.31875383333736751 -1.0000000180025095e-35 0.40848455906931119 1.4088855029802827 1.7760282328708217 -0.14672876260876647 0.50366186611688557 0.50520401097683598 1.7637615812549206 0.29806558677042655 0.77485811569336593 0.1706332920070105 2.3953404618803096 1.135492786726654 0.78263866284215655 1.9027497733372798 0.56064545329631055 2.3223414646407536 -0.41167111596783929
decision_type=2 2 2 2 2 2 2 2 2 2 2 2 2 2 2 2 2 2 2 2 2 2 2 2 2 2 2 2 2 2 2 2 2 2 2 2 2 2 2 2 2 2 2 2 2 2 2 2 2 2 2 2 2 2 2 2 2 2 2 2 2 2 2 2 2 2 2 2 2 2 2 2 2 2 2 2 2 2 2 2 2 2 2 2 2 2 2 2 2 2 2 2 2 2 2 2 2 2 2 2 2 2 2 2 2 2 2 2 2 2
left_child=1 6 4 101 5 58 14 9 39 10 36 85 13 -13 16 68 17 27 48 20 23 109 -8 -20 25 -25 83 31 32 30 86 61 55 82 -17 -14 -5 42 -38 40 -6 -31 -19 -32 45 -10 74 87 49 50 52 -51 -2 54 -54 -29 65 -34 59 60 -3 62 64 -64 -1 66 76 96 69 -16 -70 72 73 -18 103 -23 77 -49 79 -60 -58 98 88 84 -26 -12 -30 -48 90 -90 -7 -92 -67 -11 -95 -96 -27 -98 -55 -100 -91 -4 -103 104 105 -44 -15 -41 -97 -22
right_child=18 2 3 7 8 33 22 -9 44 93 11 12 35 106 15 34 71 37 19 -21 21 75 -24 24 26 67 -28 28 29 41 43 -33 57 -35 -36 -37 38 -39 -40 107 -42 -43 46 -45 -46 -47 47 56 -50 51 -52 -53 53 81 -56 -57 80 -59 78 -61 -62 -63 63 -65 -66 92 -68 -69 70 -71 -72 -73 -74 -75 -76 -77 -78 -79 -80 -81 -82 -83 -84 -85 -86 -87 -88 -89 89 100 91 -93 -94 94 95 108 97 -99 99 -101 -102 102 -104 -105 -106 -107 -108 -109 -110 -111
leaf_value=0.0052199076560213364 0.025584201526777515 -0.0082864221480547333 0.034544716158819551 -0.032443173151953733 0.024157664546880332 -0.03169046843354989 -0.037980955386359198 -0.039642434436364386 -0.0086848167149542344 0.032671011076498703 0.033263368852728022 0.017736429386966492 -0.03982344472042857 -0.01141582694351948 -0.028708555400848247 -0.045779975893942726 0.02484090111644769 0.034231244138859272 -0.037186844053271863 0.02994751298472759 0.01536358489649352 -0.035536507026542263 0.010507896244530305 -0.034050744289438536 -0.0098179020536332453 0.00095419855501352761 0.013892700474640005 -0.038950789371681761 0.0067660179905043904 -0.02951267417650856 -0.016205297124997905 0.030612344823682528 0.02123897580820747 0.011597078041245703 -0.0045156826608742122 0.0034378345763892292 -0.020874483975889032 0.033824198689643974 0.018718757031448468 0.035695192234852582 -0.004746373649758209 0.011527176327631391 0.015560821862201974 0.016804579023614246 -0.026002627278864335 0.024487153504124351 -0.023359748940456667 0.015646219159930645 0.026089759049203427 0.009585305892812963 0.035130385905616096 -0.037144959039461793 -0.035864177311947722 0.015903472939178452 0.00089828643104550472 -0.0059881909142196332 0.035437935959007447 -0.014892204371033717 0.014454237094621897 -0.035179358343937914 0.019049824751785759 0.02491985153848986 -0.037826810223092595 0.010209221353897114 0.031305074640436144 0.008872717372864089 -0.028719381567507769 -0.014458253983581512 0.0075454341121778141 0.021634403235167774 0.033725375642381622 0.0091100000197444353 0.035517920212463208 0.0021008891304663681 0.034460719728061091 0.0032009694069003564 0.021715495316095786 -0.024527896092985189 0.030577220161190376 -0.028912458392304462 0.011976492577498592 -0.015624385520989059 -0.036699116212033575 -0.035332735347443869 -0.038320381046239214 0.013814227543613613 0.027525858436497547 0.0055315160726643843 0.0081069671884310621 -0.034561201788215638 0.0078423368905117374 -0.036172716400549802 0.031638302907460669 0.029075527380611331 -0.011275511915521617 0.028837021495828355 0.034864414792247708 0.01047149254588472 -0.010482184157012846 0.016808277174615423 -0.0086952643702746055 0.027306410551070467 0.010064115988238427 0.033302471751664495 0.0033175414155450144 0.031168941315053763 -0.042019378703175209 0.017172434807147141 0.0052927595225807913 0.036209127308378102
leaf_weight=12.025927722454076 3.7119988799095252 6.7807741165161151 9.2757578194141406 4.5652173012495041 3.5180398821830767 8.0861851349473088 2.4342103302478786 1.6422855556011189 5.0482484996318799 3.9641266018152228 4.4414069801568932 10.174137800931929 3.0607997924089423 1.5849420130252938 2.2278972268104553 2.0142866075038901 13.434825986623769 4.4435817897319785 2.9245547205209723 2.4469451308250418 3.0996905565261841 1.8225900083780291 1.4825303852558134 2.1796238422393808 5.9102588370442373 3.3097973763942701 3.0275324732065192 3.8596706241369247 2.7905280143022599 2.5303885638713837 3.2952574342489234 6.2600218355655661 2.1540604382753372 2.1294015347957602 2.4406502544879913 1.4983463585376737 2.3789358437061292 5.8020752668380728 2.0237826406955719 4.6429435163736361 5.4042564854025841 1.5301281213760365 21.324214503169067 2.6794103235006332 3.3056096807122231 1.9962235689163206 2.8659695386886597 4.3404285013675743 3.8038156181573859 2.3719532042741776 3.3508002161979666 2.5654670074582091 2.5277092605829337 7.3908495455980212 2.0492906272411346 2.2348368465900421 4.2772811949253073 2.3263770639896375 7.7466711252927762 1.7788854986429203 2.4956991225481033 4.6041392087936392 1.9226295202970507 1.7184267193079019 2.9760457724332801 3.6192032396793365 2.805604174733161 1.8975156843662269 6.9032886028289795 1.9938030689954764 3.5809388160705566 5.5642610341310492 10.417123585939406 3.7440463304519644 4.3008484542369834 1.2767675220966337 5.0132545977830887 2.3732306808233261 2.1349643319845191 2.0132174491882324 3.2689635306596756 1.7832685858011235 3.0968146920204154 5.0407561510801315 2.0163862854242325 5.9876991361379623 9.435260131955145 1.7016733437776554 3.4551005661487562 2.4156991019845009 3.475086845457553 2.5512754172086716 3.3256295621395102 3.9710975736379606 2.7999823316931725 2.8354006856679916 2.7190002202987671 3.5532968789339066 3.3956320732831955 1.6517046540975568 2.4781524315476418 16.239687651395801 5.0659226775169364 2.4619781225919715 6.1160377562046042 4.3393566459417334 1.3588501065969465 3.5443403199315071 1.9910134971141813 2.9692647159099561
leaf_count=40 9 24 25 21 10 46 13 8 20 10 10 31 17 7 10 9 36 12 16 6 10 11 5 13 28 14 10 21 10 11 15 17 6 6 9 5 11 13 6 10 24 5 64 8 20 5 11 13 11 8 8 14 15 24 9 9 10 12 23 10 7 12 10 6 7 11 13 9 23 5 8 17 26 12 11 5 13 11 5 9 10 8 18 33 11 19 24 5 13 16 12 15 8 10 12 7 6 13 15 5 11 43 15 6 21 11 7 11 7 7
internal_value=0.00797103 0.00953587 0.00540266 0.0130959 -0.00296292 -0.00864792 0.0128891 0.00550615 0.0074629 0.00698522 0.0016457 0.00787296 -0.000438564 0.00803437 0.0135332 0.00264515 0.0147147 0.0128401 0.000753508 -0.00418126 -0.00628375 0.0102407 -0.0181968 -0.010973 -0.00831221 0.00169862 -0.0168577 0.00763085 0.00187485 0.00947691 0.0147121 0.014001 -0.0140544 -0.0174611 -0.0227778 -0.0247747 -0.0177503 0.016781 -0.00306476 0.0167105 0.00705958 -0.0131874 0.0154643 -0.00107133 -0.00764673 0.000776319 0.0142689 0.00912512 0.00702036 0.00462196 0.00823016 -0.0139706 0.00412494 -0.000364451 -0.0187604 -0.0265456 0.0124994 0.00235425 0.00194474 -0.00650234 -0.000846312 0.00947453 0.00554328 -0.0145938 0.0104862 0.00809948 0.00248138 0.00896565 0.0103597 -0.00436528 0.0165097 0.0228728 0.0257516 0.0198098 0.0187452 -0.0185872 0.0100508 0.00144573 0.00991476 0.00530961 0.0249417 0.00568955 -0.0200145 -0.0242619 -0.0172868 0.0218989 0.0225698 -0.0112026 -0.0176744 -0.00909171 -0.0227561 -0.0108694 0.0196257 0.0196651 0.0152446 0.00774511 0.0139362 0.0210666 0.00894298 -0.00116495 -0.0212655 0.0265679 0.0231545 0.0167187 0.0153439 0.0182511 -0.0245125 0.0274215 0.0188354 0.0252883
internal_weight=442.714 363.917 162.957 84.8594 78.0976 50.6379 200.96 54.278 27.4597 52.6357 37.0741 28.1062 17.6771 13.1179 197.044 19.1609 177.883 144.722 78.7965 44.194 41.747 9.16831 3.91674 32.5787 29.6542 13.6592 15.9949 62.3431 32.8359 22.261 18.2005 29.5072 10.5749 27.6877 4.45494 4.55915 8.96794 82.3793 4.40272 17.1096 8.9223 4.06052 76.5773 5.97467 10.3501 7.04447 72.1337 33.5912 34.6025 30.7987 25.8613 4.93742 22.5105 18.7985 4.577 6.09451 29.0236 4.48044 22.9502 11.0554 9.27647 23.2472 18.643 3.64106 15.002 21.4774 14.5325 11.4796 14.7059 4.2217 10.4842 33.1603 27.596 17.1789 38.5424 3.09936 11.7269 6.71366 11.8949 9.75989 7.54624 14.2215 25.5583 12.9674 7.92665 10.4291 12.2258 4.56764 22.4615 8.34895 14.1125 6.02636 6.94483 15.5616 11.5975 7.6264 9.58209 6.2723 12.4382 5.04734 4.89385 30.5814 21.3056 34.2416 31.7796 25.6636 2.94379 8.18728 4.82641 6.06896
internal_count=1533 1215 586 271 315 215 629 188 100 180 134 96 67 45 611 64 547 456 318 192 186 33 18 153 137 55 82 213 121 73 57 92 48 137 18 22 38 243 17 55 34 16 230 23 45 25 218 105 126 115 93 22 85 76 24 30 89 18 78 41 31 75 63 16 47 69 50 42 46 15 31 91 74 48 113 16 37 24 37 32 20 52 131 72 39 29 34 16 113 40 73 27 19 46 36 26 33 19 44 20 27 83 58 102 96 75 14 21 14 17
is_linear=0
shrinkage=0.0283043


Tree=53
num_leaves=115
num_cat=0
split_feature=13 13 16 13 13 8 19 14 8 8 8 14 8 14 8 7 16 16 13 19 7 5 13 16 8 8 8 16 13 13 16 5 8 5 5 5 8 16 7 5 14 7 5 19 7 19 7 7 7 16 16 16 19 16 19 5 5 5 5 13 7 14 5 16 14 13 7 5 19 16 16 5 5 7 14 14 5 5 7 8 5 16 16 7 19 16 16 7 13 5 7 8 13 14 16 19 7 5 16 16 16 19 8 8 7 8 5 5 5 8 8 13 16 16
split_gain=7.83175 8.05407 7.83474 4.23728 7.24363 4.15375 5.19621 4.84524 3.72713 11.3206 5.59329 6.39639 4.96367 4.02571 3.7512 3.718 3.54371 3.45408 5.39898 3.42634 3.89485 3.29696 3.25836 3.35717 3.79274 3.23981 6.2441 3.97926 3.20167 4.23841 3.50176 5.80561 4.59631 3.1273 2.97543 2.87443 2.64522 2.64025 2.90675 2.57476 2.50011 2.36492 2.3528 2.24903 2.08821 2.03125 2.00144 2.29809 2.99 2.19772 1.9626 3.39315 1.90488 3.48652 2.83204 1.84796 1.98588 1.83414 2.10071 1.77482 3.34534 3.25545 3.19773 6.54739 2.8706 2.60722 4.17713 2.55088 1.76218 1.75076 3.12225 1.96324 1.86785 1.73981 1.73576 1.7051 1.61577 1.60995 1.59851 4.98825 1.65453 1.57908 2.68004 2.8418 1.54478 1.55797 2.7474 1.50146 1.47901 1.47759 1.86661 1.4707 1.43015 2.3151 1.42987 1.36839 1.3507 1.27688 1.25146 3.45241 1.46728 1.23301 1.2052 1.03842 1.00758 0.997251 0.979986 0.96058 0.925314 0.919474 2.70065 0.908545 0.867539 0.85858
threshold=0.22889777337348557 -0.48742083761836419 1.3124284594914615 0.34520336677199609 1.0185520211888746 0.051812092090256806 0.60015948867131008 0.38079807157415763 0.90592235522928444 0.24674639846453969 -0.02421542012864043 0.29823015181898443 0.11377167550944302 0.55646863663492085 -0.1358777693906468 1.2393615985329636 0.17318246356044845 1.6788435135584678 0.43794006265027596 0.59764902029464639 0.18512736370236707 -0.08222212989567329 0.01454263506376339 0.14573919262130189 1.3328159552572567 1.2561716862433825 1.5549952483048839 1.1679289244075994 2.8037700571839212 1.4314245116394584 0.15742112552107376 -0.01393431302332296 0.10039882182788062 -0.14303588931292613 1.1443774707351833 0.010066231723791371 0.27481372753118644 1.2388034379441342 1.2984420946062694 1.3530847223291413 0.084769988460266288 -0.096857811812679842 0.20017654284251948 1.471686517547079 -0.020678568565004957 0.19060645954692598 0.8277719113616101 0.44592206849742771 0.31131656139647773 0.27931910788703523 0.29386486560703329 0.14573919262130189 0.46394864732032964 0.52492814156989287 1.7452438883241967 0.053712870352876176 -0.19045205257153838 0.79069207359917859 0.50147854598888431 0.1158531700710506 0.066666977149978365 0.28584783278968184 -0.17756510630113428 -0.072364760953627247 1.3985810879864318 0.19606803038378248 1.0487915149151263 0.6260492650883166 0.43456421270204731 -0.072364760953627247 0.29586336206431357 -0.74859238041400478 0.74070409181253904 1.2618716223747071 0.42224842962220294 0.404174145589625 0.97295694552590994 0.93579091820571703 -1.0000000180025095e-35 0.13621966488852255 0.034633133619676994 1.2004817532993799 0.24612758425117545 1.1216219762907784 0.3708819982140123 -0.18849388756661498 1.5277922065837284 0.10447938173142976 0.25670779003552219 1.7225352741965196 0.26690639120623932 0.078401162807038238 0.11853707484113511 0.050228023420228508 0.31819707505082617 0.50520401097683598 0.29806558677042655 -0.064451513785043921 0.086515707400148079 -0.39289680872823129 0.22819262377630528 0.51714666768296469 0.72719015196114045 1.1091681936501607 -0.078960679556239227 0.034190469376631359 -0.1155536407823813 0.96256754143615331 0.5719482305655178 0.098998881801187072 -1.0000000180025095e-35 2.0737846000590809 0.92909829623448614 0.28526308961822427
decision_type=2 2 2 2 2 2 2 2 2 2 2 2 2 2 2 2 2 2 2 2 2 2 2 2 2 2 2 2 2 2 2 2 2 2 2 2 2 2 2 2 2 2 2 2 2 2 2 2 2 2 2 2 2 2 2 2 2 2 2 2 2 2 2 2 2 2 2 2 2 2 2 2 2 2 2 2 2 2 2 2 2 2 2 2 2 2 2 2 2 2 2 2 2 2 2 2 2 2 2 2 2 2 2 2 2 2 2 2 2 2 2 2 2 2
left_child=1 8 3 5 36 7 37 16 9 10 14 19 15 25 34 21 76 -4 -19 81 91 -13 -3 24 59 89 45 40 29 30 31 105 -33 44 42 -23 43 38 73 94 68 -30 46 69 -31 -27 47 48 52 55 51 57 53 98 113 56 -48 58 -44 62 61 67 63 -24 65 66 -62 -61 87 71 -71 -5 106 78 -9 109 88 -37 80 -80 -7 82 83 -12 85 -41 -87 -28 -2 90 95 -21 93 -25 -36 -10 -84 -63 99 -1 -100 -76 -11 -40 -73 -6 -72 -59 -64 110 -32 -35 -16 -54
right_child=2 22 17 4 28 6 -8 74 13 102 11 12 -14 -15 112 -17 -18 18 -20 20 -22 35 23 92 -26 26 27 -29 41 33 75 32 -34 111 39 77 -38 -39 103 84 -42 -43 50 -45 -46 -47 49 -49 -50 -51 -52 -53 54 -55 -56 -57 -58 107 -60 60 64 97 108 -65 -66 -67 -68 -69 -70 70 72 104 -74 -75 101 -77 -78 -79 79 -81 -82 -83 96 -85 -86 86 -88 -89 -90 -91 -92 -93 -94 -95 -96 -97 -98 -99 100 -101 -102 -103 -104 -105 -106 -107 -108 -109 -110 -111 -112 -113 -114 -115
leaf_value=0.0045846571039750974 -0.0045304277247268515 0.029698196279511247 -0.03747339631944778 0.0033354334805884255 -0.039704765373131175 0.0023364069622962649 -0.035305758811830137 0.022974631320852573 -0.0028700595021232244 0.033412285321139046 -0.037239180067995224 0.010567257315932718 0.038167772960275723 0.020133710837791721 0.031392017488591245 0.028682379532976764 -0.035719282006440339 -0.035719361438997864 0.022086950175496618 0.028805497768610303 -0.033621528414868207 -0.037878276820972535 0.026561454910770638 0.0019652770828250295 0.030349639030530173 0.0059954783517169683 -0.012292631175188367 0.02095383471490132 -0.008189113939813801 0.031920417082690486 0.0099092622069760147 0.017851890462824413 -0.034567772032026121 0.0062020269164383603 -0.0088772789335385596 0.009252162040285181 0.032084516511387037 0.037667063340118136 -0.03620828282784716 -0.017134991977895649 -0.039906698355731289 -0.046270778095478554 0.019683633273243073 0.036861380400083923 0.0084411076513988131 0.035201803495443905 0.0056027694721397965 0.033724295102116171 -0.0212331865816427 -0.035965856190040738 0.031757674031571002 -0.011421083749409162 -0.00074874920139641316 0.02713093069688419 0.021963751623089989 0.022933795793845128 -0.026205026789078132 0.035691572801959351 -0.01041952711531589 0.0077174516893887277 -0.0403685711057611 0.0098085107449640274 0.035689412900615981 -0.028257289796744751 -0.040594212413935273 0.023847336099866067 0.014800184732071175 -0.039663562660289843 -0.026449791630653502 -0.021328719145528811 0.0041430568933982868 0.012896522864161718 -0.0096209532372631985 0.031172475858144665 -0.018319669340507726 0.02759201069534712 0.01714883257423087 -0.020599390555705061 0.011884143238578998 -0.035297583671044921 0.023988049871640157 -0.036111495014133986 0.010462617348869573 -0.0057129880416603171 0.023129070595239623 0.017107793157947183 -0.023442411532466411 0.011691726840671067 -0.03504899616909548 0.0043040222903425289 -0.036207943897005671 0.0010692685675426276 0.034597151457128723 0.030790106739706995 -0.044473812101062778 -0.02540563001106453 -0.017843055546161373 0.03124855742782473 -0.015503579893511386 0.034509985256730873 0.013963621983961907 0.012726039700776178 0.019292595698905346 -0.0032938382725520364 0.035908129996250281 -0.019850302721708998 0.025327161538849223 0.016357632497446928 0.016736240175317 0.013017186921715463 -0.03618927605222888 -0.018226422397423579 0.013963997656301306 -0.017967594789146005
leaf_weight=12.960056461393826 3.6396012082695979 16.19641225039959 5.227596700191496 3.5653633326292038 3.5460383743047688 5.2456480711698656 2.2095711082220069 2.9834200739860526 5.6117333769798261 14.651985585689546 5.0974321365356499 8.0622115135192924 3.7810774445533744 6.8767288923263541 7.6769910603761655 3.6898519396781913 6.9949945732951164 2.1507277488708496 2.5815743803977966 3.0810820609331122 1.4436170756816862 2.648835703730585 3.3033921718597412 3.6886970251798648 6.4475612789392462 2.7171070426702526 4.1272107660770434 3.169746220111846 5.2572099417448044 7.3035192489624032 2.5279345065355305 5.6544294059276625 1.52601782977581 2.3663015961647025 1.727245777845382 3.2155099958181381 8.0399479866027814 2.0138374567031851 1.5380290448665612 3.1936281174421293 2.2107654064893714 1.5081152915954579 4.8759765625000062 2.7195064425468436 4.7424683123826989 4.8527191281318665 3.8389614373445498 2.7419559657573691 2.3131012171506873 1.3102630525827397 6.1110890656709662 3.2061699032783499 7.4759839475154859 10.600944019854067 3.8159803897142401 2.1195243448019028 2.3341583907604213 5.0991717129945737 2.6114587783813477 1.878719076514247 2.1806292086839671 4.0090204626321766 4.1849306225776655 3.0755002498626709 2.0109890252351761 1.822364494204521 1.7906670570373533 1.3992171734571455 2.8238483518362045 2.8012690693140057 2.3389921933412552 1.9486029744148252 2.3070102781057358 2.3218292593955985 2.1678165495395665 2.8000444769859314 1.4953738301992414 2.2634578049182892 5.2127581834793117 2.4955101832747459 5.4890396893024445 2.9759144261479369 3.8455259427428237 3.8733944892883301 2.289501577615737 4.661191388964653 1.6132942438125608 3.711815282702446 1.7450173273682592 2.8493664264678946 3.1017541736364356 2.5098061412572861 7.9400793462991706 4.6728972643613815 1.4778693318367002 3.2558993846178055 1.8392504602670667 4.1708639562129983 3.3166569322347632 3.6424890458583947 1.9480876475572584 1.5646034628152845 6.8131678551435462 1.2076929062604902 4.5203116238117236 4.2265453189611435 4.9277270734310132 2.9098197519779205 3.4309188425540924 3.2969818413257599 1.432399645447729 2.0689886510372162 2.8602433949708939 3.1381620019674301
leaf_count=42 15 45 31 13 19 21 13 9 24 39 30 27 8 19 19 9 45 12 7 8 9 14 9 11 17 9 16 9 21 19 9 18 9 8 7 11 22 4 9 12 12 7 14 6 16 12 13 7 10 7 15 15 29 28 11 6 10 11 9 7 11 12 10 11 10 5 5 7 14 10 8 7 9 5 10 7 5 10 19 15 15 18 15 17 7 14 7 11 11 10 18 10 18 12 7 18 9 10 14 9 6 5 19 5 11 20 13 9 10 11 8 10 8 15
internal_value=0.00781538 0.010398 0.00228775 0.00413786 0.00807399 -0.00248262 0.00462328 -0.0120754 0.00778148 0.00958988 0.00700708 -0.00101989 0.00942303 0.000538704 0.0104767 0.00385509 -0.0216131 -0.0216353 -0.00470959 -0.0110768 0.00535887 -0.00198137 0.0186169 0.0154087 0.0109763 -0.00304034 0.0034264 -0.00645871 0.00110106 0.00401664 -0.0032804 -0.0119288 0.00609579 0.0150865 0.0088118 -0.0145877 0.0182215 0.00823987 0.00560443 -0.00273007 -0.0134694 -0.0166409 0.0108249 0.0137678 0.0225606 0.0242708 0.0078692 0.0100504 0.00865273 -0.00386736 0.0181435 0.0136733 0.0101953 0.0139843 0.00171232 0.0012979 -0.00628593 0.0190747 0.00927312 0.00712363 0.00157439 0.0111465 0.0146963 0.000347412 -0.0125382 -0.00285707 -0.0150732 -0.0112665 -0.00791943 0.0108083 0.00374451 0.0194382 0.0112467 0.00918907 0.00735047 0.00946788 -0.00746816 -0.00325532 0.00632143 -0.00340214 0.0132688 -0.0177517 -0.0139982 -0.0235048 0.00322299 -0.00168534 0.00627356 -0.00107127 -0.0143635 -0.0133407 -0.0177515 0.0160251 0.0261 0.0182056 -0.0244875 -0.0112496 0.000980285 0.0206696 0.00758965 0.0113222 -0.00422795 -0.00485739 0.0287731 -0.0207578 0.028645 -0.0287096 0.0182632 0.0283439 0.0268889 0.00248979 -0.00655976 -0.00453796 0.026306 -0.00578675
internal_weight=438.884 299.174 139.71 129.75 81.4257 48.3247 27.7339 20.5908 226.971 181.662 160.197 48.327 23.6609 45.3087 111.87 19.8799 13.875 9.9599 4.7323 24.666 7.03451 16.19 72.2029 56.0064 39.7048 38.432 23.6132 16.0434 48.257 41.4917 25.0104 14.953 7.18045 16.4813 101.333 8.1278 33.1687 25.5243 23.5105 14.9627 12.8736 6.76533 86.37 25.1288 12.046 7.56983 61.5563 51.9534 49.2115 9.60291 24.8137 18.7026 46.8984 32.4682 14.4301 8.29264 6.17312 15.4964 7.48744 33.2572 19.2625 11.4578 13.9947 6.37889 7.80465 5.79366 3.9713 3.27794 10.6629 22.4093 12.375 10.0343 9.57373 20.7648 6.71584 10.0574 6.87999 5.47897 18.443 7.70827 10.7347 17.6315 14.6556 8.97083 11.7576 9.46811 6.27449 7.83903 5.38462 14.8188 11.9694 5.59089 16.3017 8.36159 3.20512 8.86763 5.68478 8.17988 21.8673 16.6025 5.26474 3.73242 21.4652 2.74572 6.46891 7.77258 7.26672 8.00899 7.61585 7.25732 3.96033 4.43529 10.5372 10.6141
internal_count=1533 996 537 487 281 206 106 100 786 614 556 195 79 172 361 71 76 50 19 116 27 62 210 165 124 153 83 62 182 154 101 66 27 53 334 35 99 93 89 54 53 28 280 77 35 21 207 171 164 36 73 58 154 99 55 29 23 43 23 107 67 36 40 20 31 21 16 14 41 71 40 31 30 75 24 35 31 21 70 34 36 89 71 47 40 33 21 27 26 70 60 18 41 23 14 42 24 22 71 51 20 15 58 14 18 39 21 20 20 28 17 18 27 44
is_linear=0
shrinkage=0.0283043


Tree=54
num_leaves=102
num_cat=0
split_feature=6 21 19 19 19 0 0 3 3 6 6 6 1 21 3 3 0 21 21 3 21 21 19 21 3 21 3 3 0 17 21 21 1 21 19 0 17 21 21 0 0 0 21 6 21 0 19 1 19 0 0 0 3 0 0 3 21 21 21 0 3 17 0 21 21 0 0 17 17 21 21 17 1 3 1 0 0 0 21 21 21 21 17 19 0 17 0 21 0 3 21 3 21 21 21 19 19 19 0 21 21
split_gain=12.9492 6.5722 5.35647 6.19667 5.28079 5.06304 6.02639 4.19869 4.1368 4.46313 10.0287 6.25895 5.60562 3.95696 4.55625 4.62591 3.64297 3.52855 2.94066 2.87857 3.82548 3.40871 2.77657 4.55362 2.77425 2.64103 2.35708 3.65339 5.84595 2.28437 2.13547 3.81126 2.71429 3.53955 5.59968 3.15617 2.91959 2.75115 2.11172 2.6578 3.03686 2.22861 2.10103 2.06071 2.36535 2.03351 1.95471 1.90868 1.83631 1.78972 5.59141 3.16843 2.67575 2.24324 1.85201 1.72191 1.67446 3.32055 3.03455 4.036 2.23481 1.63606 1.62349 1.57258 1.56224 1.58992 1.55551 2.46894 1.55046 2.4129 3.36842 1.70344 1.60638 1.54457 1.53052 1.39423 1.33531 2.18865 2.37526 2.06259 1.3024 1.28668 1.24832 1.24762 1.22756 1.17073 1.16355 2.37924 1.4961 1.12092 1.10687 1.06238 1.04705 1.84548 1.7709 0.958254 0.950207 1.1018 0.878032 0.875518 0.828721
threshold=0.98517258165982136 -0.76176794789010593 0.41165917741782071 -0.44880983598931051 0.68038688522269031 -0.085124456085555703 -0.29086153844505946 0.19199755956345085 1.2732484878513084 2.6652840838644956 1.428372888605961 1.2454225704446971 1.5447649537603934 0.58257411499749467 0.14647327915982467 -0.063391682752822587 0.18638907503371407 -0.25351802679207752 -0.84552360455957398 0.16617090611368809 1.5553065483361006 0.92007681611143322 0.3125434949848756 1.5295373939575359 0.11574931675755058 1.4387194300844102 0.82360260833220222 1.226305268837699 0.7486097767312444 0.90458474871881944 -1.7441608616511062 -1.8671016944104351 1.3405782154614689 -0.98405347663132481 -0.14672876260876647 -0.055825434967066115 -0.078508050855749079 -1.1534779902495123 1.6460536529396244 -0.21057461044504258 -0.14602017380485396 -0.18065360711000164 -1.1534779902495123 0.21846500058421522 -0.053600407488531086 -0.21476018489054113 1.6050521614045072 0.9460018646375169 0.35508995666366611 2.3077728448686501 1.3287142965140866 0.51725434448766661 0.099589182588297978 -0.12655578914571755 -0.19967162806078947 2.153729456566897 0.69127223456683817 0.14889176527721842 1.0958314244807255 -0.18221222137030094 0.56401567262806196 -0.056456570188010834 -0.4204679974986778 -1.6536027150998542 1.0491587855695952 0.56276149042570023 -0.098917826417312144 0.82826169107200098 0.93722366732199547 0.65952728178517861 0.90543256706037012 1.2680737977644567 0.8443463576402056 1.1336899633152571 1.0000000180025095e-35 -0.090832057602144606 -0.26238938780269111 0.88488973909656654 -1.1865692691536085 -1.4713999131967872 0.42677820089940938 0.48178861386703253 -0.018587242963555833 0.67818723674028025 0.50717091514169288 1.6577733302362794 -0.11887247941184789 0.12964166370203059 -0.10246678377057575 0.07261949525827098 -0.069378404853225009 -1.0000000180025095e-35 0.96759976625778665 0.41473212506708329 0.33749552120099208 1.9916523367993946 -1.0000000180025095e-35 0.61615475861405267 -0.154991352598877 -1.1643903177682078 0.63921429116596207
decision_type=2 2 2 2 2 2 2 2 2 2 2 2 2 2 2 2 2 2 2 2 2 2 2 2 2 2 2 2 2 2 2 2 2 2 2 2 2 2 2 2 2 2 2 2 2 2 2 2 2 2 2 2 2 2 2 2 2 2 2 2 2 2 2 2 2 2 2 2 2 2 2 2 2 2 2 2 2 2 2 2 2 2 2 2 2 2 2 2 2 2 2 2 2 2 2 2 2 2 2 2 2
left_child=1 18 3 5 19 6 7 25 9 10 11 17 83 14 15 62 -7 24 26 20 49 -21 -5 48 61 43 30 -28 42 56 31 -1 33 63 -35 -36 -34 -38 39 -8 41 -41 -29 44 -3 -15 -16 -9 -24 50 51 52 53 54 -4 -10 57 90 -58 89 80 -2 -6 -32 -47 -66 67 -63 69 -18 -71 -70 -72 81 76 -13 -65 78 79 -78 -59 86 -26 -11 -64 -73 87 -42 -88 -60 -19 -53 93 94 -46 -48 -20 -98 -56 -79 -95
right_child=8 2 4 22 13 16 38 47 55 12 -12 75 -14 45 46 -17 68 29 96 21 -22 -23 23 -25 82 -27 27 28 -30 -31 32 -33 36 34 35 -37 37 -39 -40 40 73 -43 -44 -45 92 64 95 -49 -50 -51 -52 91 -54 -55 98 -57 58 60 59 -61 -62 66 84 74 65 -67 -68 -69 71 70 72 85 -74 -75 -76 -77 77 99 -80 -81 -82 -83 -84 -85 -86 -87 88 -89 -90 -91 -92 -93 -94 100 -96 -97 97 -99 -100 -101 -102
leaf_value=0.0032950007392439267 0.027668935586885032 0.0097409599669531065 -0.011249822905972375 0.026938267719530101 -0.0096398413125807492 0.032340324234276747 0.019318505555281047 0.024512914819825669 0.028755528192838331 -0.038388414214273935 0.025023732342626604 -0.015683828404138053 0.029318375434526717 0.030570021715333226 0.03457252000425283 -0.039371833860447444 0.021008749090089221 -0.034384240327994808 -0.0053057757331528158 -0.030184066707088227 -0.037561385647726056 0.0053381877861274222 0.0032934839600865201 -0.024704489130109183 -0.033934874670590774 0.023327625775503926 -0.036773225967543517 -0.007091100012818494 -0.041671711067000461 -0.034768789236531872 0.038155390672896555 -0.037385620962335733 0.012663366172173734 -0.032634832584922245 -0.0070746150688893858 0.039388658260208161 -0.039387108327230622 0.0052164413366300993 -0.026483387143957916 -0.0041410097215105485 0.0046449459710057091 -0.036606794486360013 0.025024587323847238 0.017600400081844964 -0.014269238954577945 0.021974103166309503 -0.0036863404945122963 0.0056833601972198179 0.028819736164522561 0.025893377403429983 -0.035044855343985562 0.012722518722706258 0.017018397299304117 -0.037552373020504494 0.018908823230320736 0.0035772631204881874 -0.036823788707492602 0.012037527584250394 -0.037258633849477342 0.014448311383028439 0.031938702643398577 0.011372896225998063 0.019673808884771857 0.019968502209271558 -0.016436356670971604 0.018255290075249491 0.025794113794594072 -0.034157459612339902 -0.01793257087945661 -0.016184371809520731 0.018881998259949479 0.023974555689533172 -0.0082647860500107209 -0.018260476326050521 0.027284175715870936 -0.036181445188509256 0.014074707015049634 0.027398307995069242 0.014609145811296203 -0.019835582619902477 -0.015743218673488928 0.018635545125785174 0.0038119183263748959 -0.011163626188671741 -0.0039375127054956079 -0.0020173885840253053 0.023069516228998534 -0.035960766673311086 -0.0089273016669801104 -0.0054995883228150903 -0.0066898849965017528 0.033428220889905443 0.0023521973110643517 -0.04290737477890065 0.020395279393503055 0.020503706767885307 -0.042045331902288367 -0.0097347483458571585 -0.00092581201533639408 0.0053544706800292491 -0.018895313087291907
leaf_weight=8.0944336950778943 4.9213093072175971 8.026811107993133 7.5139265954494485 37.175416931509972 4.9856084436178199 10.854473844170569 3.8120858520269456 20.894571751356128 3.9946987181901914 6.2224428132176381 8.756574794650076 4.6699792370200157 1.2058129161596296 10.678503304719927 4.1793511807918531 2.3757426440715816 30.672252789139748 1.8387706279754636 2.7006801664829254 5.0578601285815221 1.5937126129865635 3.4808881431818008 3.2050749063491804 2.0700859278440467 1.3759028762578966 5.2058352231979361 2.5122331380844107 2.2836168557405463 1.8191735446453092 2.223428286612033 2.0276389718055645 2.141898661851882 3.1775508970022202 3.2877879962325096 2.0949079096317291 2.0332767665386262 2.6478357464075089 1.6188389062881459 2.7016022950410834 3.0119971036911011 2.8720883503556296 3.4017775356769624 4.1937571018934241 5.0271254479885092 3.1638652682304365 5.5347185283899289 2.3266877681016922 5.0702684521675101 5.7630482614040375 2.6799948513507834 2.6559759378433219 3.8252309560775757 5.7915286198258391 1.3966915160417617 3.3268062323331833 4.0742460042238235 3.0679145902395231 3.2332167774438858 2.352235466241837 4.0481669083237648 2.7500731870532036 2.3940415978431697 4.5233817547559729 8.7946826517581922 2.1590734720230107 1.6605710685253141 1.8345063924789355 1.3142195194959638 2.0837363451719275 3.4637825638055793 9.9912485182285291 2.5311474949121475 1.8518399149179448 2.3466486185789099 5.4084431529045096 5.7485962286591512 1.7236380726098994 4.1610478013753891 4.6963001042604553 5.1910927593708038 1.9968525320291517 4.015248328447341 1.1230561435222615 1.5470488369464872 2.5155942291021347 2.4652112573385239 2.594593733549118 1.6285388767719267 1.7292840778827567 1.2054257839918134 2.5085913762450343 3.4177089482545844 3.9323620796203622 1.6250829994678495 1.5888604670763014 2.4162497818470001 1.7121277004480355 1.3342502564191816 3.273347109556199 1.8696757405996312 2.8504416197538376
leaf_count=28 13 28 32 102 20 29 10 57 10 38 24 26 3 29 11 13 89 12 11 28 8 12 10 8 9 14 14 9 9 14 4 11 11 17 10 4 14 6 11 12 11 20 11 14 14 16 10 17 14 7 16 12 19 8 11 14 17 11 13 13 7 8 14 25 10 5 5 8 10 13 29 7 7 11 14 35 5 11 15 24 10 12 5 7 9 10 7 9 8 5 11 8 14 8 5 8 9 6 12 7 12
internal_value=0.00766482 0.00988273 0.0118499 0.0144291 0.00602455 0.0115867 0.00708659 0.0123257 -0.00306666 -0.00540937 -0.00251446 -0.0075213 -0.0237521 0.0130049 0.00514866 -0.00465958 0.0175965 -0.00224143 0.00247366 -0.000871428 0.0026476 -0.0154649 0.0232262 0.0109688 0.00966012 0.00541184 0.00406023 -0.00793905 0.000843106 -0.00836936 0.00628551 -0.00530608 0.00875244 0.0115863 -0.00580141 0.0153178 -0.00671302 -0.0219387 -0.00360841 -0.00113749 -0.00495837 -0.0209815 0.0132829 0.00174004 -0.00212189 0.0221878 0.0207648 0.0207137 0.0193775 0.00467205 0.0027791 0.00641238 0.000964224 -0.00515225 -0.00183885 0.0157971 -0.00575748 0.00129176 -0.0138775 -0.00448603 0.0120568 0.0160931 0.00231539 0.0154575 0.0127754 -0.000853406 0.00586925 -0.00455265 0.0145624 0.0164459 0.00736123 0.0024422 0.014375 0.0018721 0.0139397 -0.0267807 0.0111406 0.00666704 -0.000470912 -0.0109086 0.00161107 0.0057445 -0.016023 -0.0326988 0.0109862 0.0109989 -0.000178809 -0.0100307 0.00998552 -0.0256515 -0.0180099 0.0223334 -0.00947018 -0.0146788 -0.00277193 0.00888308 -0.0165559 -0.0275257 0.00895482 0.0201646 -0.0275038
internal_weight=434.928 360.52 284.996 197.626 87.3692 149.413 85.4991 57.3852 74.4071 66.3382 57.3629 48.6063 8.9753 43.3555 23.3226 14.4003 63.9137 38.1877 75.5249 44.0137 35.4749 8.53875 48.2136 11.0382 12.963 31.4204 69.7778 10.8088 8.29655 25.2247 58.969 10.2363 48.7327 41.2885 7.41597 4.12818 7.44423 4.26667 28.1139 25.4123 21.6002 6.41377 6.47737 26.2145 21.1874 20.0329 8.92229 25.9648 8.96812 33.8812 31.2012 28.5452 21.3023 15.5108 14.1141 8.06894 23.0012 12.3275 10.6737 7.60583 7.98014 10.4641 12.0246 33.8725 9.35436 3.81964 5.54277 3.70826 53.0592 45.9791 15.3069 7.0801 11.8431 15.1864 31.8449 10.4186 26.4364 17.6418 11.611 6.91473 5.23007 12.8398 2.49896 7.76949 7.03898 4.99636 8.82451 4.50063 4.32388 3.55766 4.34736 7.24294 13.1606 9.22825 4.75273 4.74294 5.74706 3.04638 6.60015 6.03072 4.47552
internal_count=1533 1215 940 622 318 488 294 183 318 294 246 222 48 145 85 56 194 161 275 173 133 40 134 32 48 109 249 43 29 113 206 39 167 136 31 14 31 20 111 100 90 32 20 95 81 60 29 74 24 125 118 102 82 63 55 24 99 51 48 31 28 34 43 105 31 15 21 16 165 138 49 27 36 58 101 61 87 62 44 29 21 47 14 45 23 17 35 20 15 18 23 20 53 39 19 18 26 15 23 18 20
is_linear=0
shrinkage=0.0283043


Tree=55
num_leaves=110
num_cat=0
split_feature=21 2 2 2 21 20 2 7 2 21 16 4 4 4 21 16 16 21 21 16 4 20 2 20 21 20 2 2 4 21 21 21 4 18 16 7 7 20 16 21 7 16 20 16 7 21 21 18 16 16 16 4 7 20 20 20 21 21 21 20 4 20 16 16 21 2 16 2 2 16 7 21 16 16 21 21 21 4 21 20 20 2 16 7 20 2 16 2 2 21 21 20 20 20 21 21 21 21 21 2 16 20 21 16 20 20 2 21 20
split_gain=6.72892 6.69843 15.5866 12.458 4.97312 4.82756 6.36507 3.91073 3.55439 4.33358 3.84809 3.65089 2.983 6.51111 4.63148 3.47751 2.9523 2.92881 3.99061 3.78666 3.60013 3.43521 3.49092 3.07092 2.98102 2.91999 2.71282 4.47755 4.17553 2.60698 2.51939 3.06133 2.49142 2.3673 2.63472 3.46745 3.13404 3.55496 3.73511 3.06901 2.88746 2.33161 2.31544 2.28173 2.23118 2.2775 3.93199 2.99741 2.20533 2.11241 2.91937 4.10417 3.01267 2.04255 2.51305 2.00587 1.93032 1.9127 3.17706 2.71229 2.99329 2.72125 2.11954 2.09966 1.83971 1.78374 2.70563 1.70069 3.07389 1.69867 1.69444 1.68673 1.68582 2.66941 1.68192 3.51907 2.62962 1.65299 3.62521 1.65078 6.68871 1.6435 1.57374 1.53813 2.63382 1.4325 1.41372 1.39179 1.38233 1.31119 1.2724 1.21546 1.86385 2.64156 1.20953 2.8766 1.57443 1.60225 1.87747 1.1791 1.1624 1.51479 1.1395 1.12634 1.04563 0.98308 0.932801 0.863581 0.857995
threshold=-0.76176794789010593 0.062512852706940125 0.38091383828374786 1.1496018064288116 -0.84552360455957398 -0.32143430415511182 0.33556454735324914 0.098746533294887154 -0.4051211079858868 1.9392693105523631 1.2497642638747843 0.36468697725529603 0.45460449645725826 0.56541327611896719 -1.6536027150998542 0.28368695581428677 -0.042098871306775636 -0.32116500950537569 1.0000000180025095e-35 0.16852617284554819 0.4075841781648965 1.4956470914974098 0.15773470574558116 0.94347021042392842 0.56892189572085849 0.61446336406847568 2.3223414646407536 1.6516266175702172 0.27408626709165529 -0.51683107263280703 -1.0404338354779179 -0.86361633806459714 0.14930203723140087 2.133359050887035 0.25461604343055116 0.70648391097688401 1.4990585238401752 -0.073226531717014445 0.21560415640106614 0.70123977182417452 0.20978859179302634 0.17670558618101453 -0.78440801010440186 1.6260893880031491 -0.12380330833259982 0.40306396533930083 0.96759976625778665 1.4856541224693232 0.84097902460781204 0.11796627278198535 0.2209403479725669 0.35189812188492897 0.111110413385303 -0.28405226347544649 0.55189395775407935 0.15577899167282314 -0.17382496824645299 -1.177995297531776 -1.3447980181746926 -0.64061558411444197 -0.31777285023610979 -1.350051403497442 0.22204261148251006 2.4803745127935195 -1.2757338500693558 1.5679694166146236 0.23683560587763561 0.1294409450544963 0.26358857763476601 -0.66209634182949928 1.0487915149151263 0.35317903953955004 0.98764188059903935 -1.0000000180025095e-35 0.43532855276470794 -0.16881757986125098 1.3644825352981331 0.38379235256960254 0.93729561862469968 0.19173956716320123 0.048071831102126393 1.3998389606249955 0.9052502586128176 0.093046950903430764 0.87434211385019134 0.32812679732403111 -1.0000000180025095e-35 -1.0000000180025095e-35 1.433087335363757 -1.177995297531776 -0.41677778395489812 0.22827371632645002 0.38189170871253281 0.79474006325013014 -0.46432435385778564 -0.080715887989531859 0.30780548723778828 0.35317903953955004 0.52591031907249375 0.29879548216178564 0.10206071334878632 -0.69931960263340931 1.5295373939575359 0.17670558618101453 -0.6050540163964947 -0.27704468947212063 1.2789114041154674 -1.7947543801468762 0.86232200470569553
decision_type=2 2 2 2 2 2 2 2 2 2 2 2 2 2 2 2 2 2 2 2 2 2 2 2 2 2 2 2 2 2 2 2 2 2 2 2 2 2 2 2 2 2 2 2 2 2 2 2 2 2 2 2 2 2 2 2 2 2 2 2 2 2 2 2 2 2 2 2 2 2 2 2 2 2 2 2 2 2 2 2 2 2 2 2 2 2 2 2 2 2 2 2 2 2 2 2 2 2 2 2 2 2 2 2 2 2 2 2 2
left_child=4 8 5 42 12 6 67 -6 9 10 33 83 14 -14 72 16 89 20 -19 21 29 23 -23 25 71 79 27 41 -28 -7 57 82 44 34 36 -36 37 38 39 94 -41 53 -4 -13 87 47 55 -46 -44 69 51 52 -51 -5 88 -47 -8 58 100 61 -61 -60 -59 -64 107 66 -43 -3 -69 74 -11 -21 73 -1 75 108 91 78 -26 80 -20 106 103 -12 -85 99 -35 -10 -55 -15 -31 -76 -93 -94 104 -96 -97 -98 -99 -70 101 -16 -78 -32 -2 -29 -56 -17 -39
right_child=1 2 3 26 7 17 56 -9 32 70 11 43 13 15 30 64 -18 18 19 24 -22 22 -24 -25 77 -27 28 105 -30 90 31 -33 -34 86 35 -37 -38 49 -40 40 -42 65 48 -45 45 46 -48 -49 -50 50 -52 -53 -54 54 81 -57 -58 62 59 60 -62 -63 63 -65 -66 -67 -68 68 85 -71 -72 -73 -74 -75 76 -77 102 -79 -80 -81 -82 -83 -84 84 -86 -87 -88 -89 -90 -91 -92 92 93 -95 95 96 97 98 -100 -101 -102 -103 -104 -105 -106 -107 -108 -109 -110
leaf_value=-0.016266634350608624 -0.020482534009663256 -0.0028192087145058704 0.0075262451956939523 0.022028598878175362 -0.039740662895496312 -0.0099130676344928344 -0.034923844932079465 0.00045947172591015705 0.031599489156803801 -0.029956455588134884 0.021025960991424085 -0.035062980248886787 -0.0287836651800575 -0.016514850249846339 -0.0098086825952334797 0.011282605653175985 -0.045776443530334242 -0.036598819768447206 -0.035464496159354666 -0.0013484583255807261 -0.033432215571437877 0.027372455603369678 -0.015103950530733792 -0.038593763800956291 0.027809100528421428 0.0094125834689677574 0.006268756856315138 0.014890249083333341 -0.039013354616275267 0.035162636757998779 -0.0082268637159409932 0.029588645982765099 0.032569276546549099 0.0069925275272999677 0.02752219905323711 -0.0054282125518981565 0.028519329763367931 0.0087521025966568588 -0.033654982409695819 -0.035193159679734014 0.011250186489525077 -0.019847366752691914 0.033044778941097495 0.0027659563033263909 0.030157692834845321 -0.001612920785368078 0.024577720935348789 -0.0073292777746545709 0.0088549570345493062 0.021383199416309676 0.024996894712733198 -0.035650226282597758 -0.018283385035107388 -0.02411852273584119 0.014560850281133237 -0.036819421319869011 -0.0018288458655574896 0.030183806253956853 -0.011604144146198151 -0.042828100986053205 0.0044864531414979571 0.023388649855389385 -0.0073093976336794817 0.028260477609441541 0.025856397091591873 -0.035372651522139219 0.010654418375789464 0.031223365741977989 0.012315309820344122 0.027920973047035249 0.0044846704696405535 -0.034549087189674005 -0.027149054992162056 0.018197745986227191 -0.011399475442032275 0.030672048434594888 0.036738784250271141 0.032955573931140937 -0.019793895701137067 -0.031538563764072866 0.024367660728936175 0.02571117419007124 0.0098023597143311048 -0.015961476229056745 0.025366323522062906 0.026603669758131176 -0.019791520127662877 0.010037438992913133 0.00011219611357802945 0.012805559731271402 0.010622710989987332 0.026606244520010765 -0.02412829211579209 0.0096256587338694067 0.025111421590071067 -0.011726297760287384 0.028627577322249229 -0.013036663195833815 0.022623373862702835 -0.011090419499601989 0.021969471376827889 0.017987217919131028 0.014372562419817193 -0.035081433645573326 0.0091861642640130234 0.032452360551789725 -0.006105991745816431 -0.013727499030922088 -0.017159249702261167
leaf_weight=4.544343113899231 1.7216383218765261 3.6433217972517076 3.7993803173303595 5.4753479510545722 4.040814295411109 2.8154074698686591 3.0960557758808136 3.3825616836547852 8.4091345071792585 2.6796643286943427 4.1457039788365346 3.2429284155368796 6.8319079503417042 2.1230687201023097 2.4224965274333954 2.3053536266088486 1.4655434116721142 4.4920015260577193 3.302703566849237 3.3184700608253461 1.5246770828962315 2.525249019265174 3.1423579305410385 5.4637893289327613 2.424352690577507 3.1427141577005377 3.6564768254756919 4.3966615349054337 2.6061829626560211 2.7758334875106798 7.8694681972265226 2.0276321172714225 10.364292666316031 3.76707673817873 19.257269412279133 2.6625585556030265 8.5665843933820707 2.5678097009658809 1.9069392532110203 2.5081964880228034 1.5515551418066023 4.1892621740698797 25.250430524349216 1.8802526444196699 5.6847517490386981 2.5486317127943039 2.5009247064590454 2.0993231981992722 3.1269328743219367 3.9906175434589368 3.5956847071647635 2.3326417207717896 2.1382276117801666 2.9758037775754991 2.8833972215652448 2.1269631087779999 2.3232274353504172 8.2776417285203987 2.9913195073604584 2.2268375754356389 1.696583479642866 3.6155209988355637 3.0055857151746741 1.9774671047925947 5.1492679715156537 1.5197558179497708 4.7117231115698814 7.3015922755002967 3.0527025759220106 9.7254199683666354 1.6446767300367353 1.7255570739507673 3.4533683508634567 2.6424074470996839 3.153763115406039 10.529109649360171 3.0438755452632895 2.5600817948579788 2.1712793409824371 5.5469552427530289 2.4088686481118202 3.9435765296220779 3.4267821162939063 3.2794153094291687 1.6667535901069639 1.9027364104986189 2.4013581722974768 2.9897045046091071 4.3208689540624619 2.3008881211280827 3.3997625410556798 2.7424082010984412 2.1959438621997815 7.0173079967498779 7.8647691905498602 3.6561122834682305 2.3228684365749359 2.7350039333105087 1.7124267518520353 3.411491371691227 10.266273148357866 3.409656658768653 3.6095301657915115 1.3226196914911268 1.6341984421014881 5.2196929305791837 3.6611496210098267 1.7139372974634168 1.4007160812616346
leaf_count=19 8 12 13 16 22 13 20 14 23 11 12 21 42 10 10 7 8 29 20 14 10 6 14 30 6 11 12 13 14 6 32 5 28 13 51 10 21 9 12 12 5 22 68 8 15 8 7 7 10 11 10 14 10 15 9 8 10 21 13 11 6 10 13 5 14 9 16 17 10 27 5 11 17 7 13 28 7 6 10 28 7 10 12 14 4 5 12 9 16 8 12 7 10 23 22 16 6 11 5 17 30 10 11 8 6 14 14 8 6
internal_value=0.0075119 0.00938385 0.00517247 0.0137775 0.000846538 -0.00391302 0.00633637 -0.0210466 0.0131614 0.0111216 0.0120026 -0.00180262 0.00273079 -0.00625792 0.00576372 0.00402585 -0.0124915 -0.00875644 -0.0120871 -0.00909971 0.00442714 -0.0152626 0.00381513 -0.0208065 0.00377162 -0.0140269 0.00491213 0.00739851 -0.0121767 0.0113304 0.00909441 -0.00084336 0.0209762 0.0136216 0.0145301 0.0233107 0.0124782 0.010845 0.00252704 0.00530784 -0.0165335 0.00256113 0.0274427 -0.0207275 0.0164115 0.00927166 -0.00207567 0.0195794 0.030268 0.0148102 0.0043859 -0.00466579 0.00710585 0.00749805 0.00290145 -0.0172064 -0.0200969 0.0127763 0.00843903 -0.00351236 -0.0218631 0.0071586 0.0214768 0.00742559 0.01485 -0.00847111 -0.00379588 0.0139477 0.0180108 0.0175753 -0.0159362 -0.0123405 -0.0111033 -0.00364242 0.0147788 0.0221567 0.00982481 0.0154462 0.00581662 -0.0206552 -0.0102241 0.0116497 -0.00608087 0.00867334 -0.00157642 0.00656292 -0.00307258 0.0256853 -0.0096065 -0.00161885 0.0215221 0.0033241 0.00734973 0.00137001 0.00953289 0.0124039 0.00280578 0.0106208 0.00109727 9.57385e-05 0.0162556 0.00647312 0.0243091 -0.0121541 -0.0055217 0.0242079 0.00325352 0.00110262 0.000367977
internal_weight=431.272 336.783 159.208 81.7366 94.4893 77.4712 24.7311 7.42338 177.575 140.851 136.527 14.2151 87.066 21.89 65.176 15.0581 5.8895 52.7401 42.2244 37.7324 10.5157 25.5326 5.66761 19.865 12.1997 14.4012 49.5599 43.2972 6.26266 8.991 54.5359 14.6465 36.7237 122.312 116.143 21.9198 94.2233 85.6568 27.6137 25.7068 4.05975 33.6809 32.1767 5.12318 26.3594 14.9606 7.17652 7.78407 28.3774 58.0431 12.0572 8.46149 6.12885 23.2601 17.7848 4.67559 5.41928 39.8894 26.6287 10.5303 3.92342 6.60684 13.2607 4.98305 9.16856 10.4207 8.90099 19.3118 15.6685 45.9859 4.32434 5.04403 10.6401 7.18675 36.2605 14.4976 21.7628 7.15571 4.59563 11.2585 5.71157 10.4881 12.6189 9.09187 4.94617 8.36693 6.16843 11.3988 7.29667 4.42396 6.1756 15.1094 11.9557 9.21325 21.647 18.2912 10.4264 6.7703 4.44743 6.46419 16.0984 5.83215 6.65341 9.19209 3.35584 9.61635 6.54455 4.01929 3.96853
internal_count=1533 1171 595 271 362 324 91 36 576 471 455 59 326 97 229 55 26 233 192 163 41 116 20 96 47 66 180 154 26 31 186 57 105 396 371 61 310 289 103 91 17 127 91 29 77 45 23 22 78 186 45 35 21 80 64 16 30 129 90 40 17 23 39 18 29 47 38 61 49 141 16 25 43 26 114 43 71 22 16 55 27 33 52 30 18 32 25 32 31 18 18 53 40 33 74 60 38 22 16 27 50 20 18 40 14 27 23 15 15
is_linear=0
shrinkage=0.0283043


Tree=56
num_leaves=95
num_cat=0
split_feature=6 13 13 13 0 15 7 7 13 9 0 1 15 6 6 6 9 9 1 7 7 15 7 0 9 9 0 7 15 15 15 9 9 6 6 15 15 9 15 15 9 0 15 15 15 9 15 15 0 15 15 15 7 15 15 7 1 0 15 15 6 15 9 13 15 6 0 15 7 13 15 0 7 9 9 13 9 15 15 6 0 9 15 15 15 15 0 6 0 6 6 9 9 9
split_gain=12.0478 5.55715 5.63727 5.57216 4.15802 6.62376 4.7297 4.17178 4.02057 3.93039 3.59821 3.36275 6.16744 2.86691 9.5427 6.2199 4.16658 2.77311 3.57158 3.39401 3.20151 3.99493 3.47954 2.68829 2.67803 2.91017 2.36068 2.35859 2.41988 2.09441 2.34958 2.07393 2.22425 2.06823 2.42059 2.04058 2.04651 1.97329 2.33361 3.16186 2.43205 1.94818 1.9442 1.93211 1.85309 1.85604 1.72997 1.69055 2.17022 2.85803 1.69006 3.23438 2.07808 2.30946 2.16725 2.18368 3.62374 1.66605 1.64404 1.6083 1.59624 2.80998 1.56629 2.00795 3.86946 1.54169 1.4891 1.48636 1.45499 1.27988 1.54554 1.25817 2.52007 1.24924 3.17508 1.23771 1.2291 1.22823 1.21925 1.38857 1.18112 1.15689 1.12569 1.3632 1.10111 1.06051 1.04025 0.994611 0.987931 0.977439 0.874314 0.847055 1.24781 0.946794
threshold=0.98517258165982136 0.22889777337348557 0.24650345585847713 -0.48742083761836419 1.0000000180025095e-35 2.3956853750399616 -0.72533102426514995 -0.084471754358873039 2.8037700571839212 1.4928593559331742 1.2458955350208136 1.0412949664852076 -0.095713153794493092 2.6652840838644956 1.428372888605961 1.2454225704446971 -0.41167111596783929 0.50975907694884726 1.5564710643587125 0.111110413385303 0.26690639120623932 0.34439610942332771 0.61582284943496413 -0.096254279042904026 1.3633672962601098 -0.32303777637107706 0.19642859975263716 -0.096857811812679842 -0.16871392191836673 -0.025928486890200528 -0.05987884951945479 0.39443307137313721 0.98701980625460606 1.2181530568519077 1.2055248928391393 0.38443972264752369 0.99980285452942874 0.45295160832698411 0.54459841034225054 -0.24541951252558139 -0.30577588236143555 1.9226853610071026 -0.087381244507490116 -0.029798843995137558 -0.13830284715085733 0.035140555485965508 -0.23168802153413467 0.96698758644826188 -0.1905906876991397 0.69948363794898782 0.73467156893969843 1.0402169500019587 1.2494301215124233 0.4858257370746118 -0.019535697456180282 0.012432234977579745 1.1136762610244324 -0.15033014469366279 1.8789493472252101 1.4048266605699078 1.0827871248257124 0.81046277782762044 0.53920536917368522 0.35008569183156973 -0.055937549005262273 1.1851268308106102 -0.20513043669075784 1.0402169500019587 -0.078960679556239227 1.0000000180025095e-35 0.59081410017167191 2.6911334133995362 0.37326902602890277 -1.0000000180025095e-35 -0.40350573871846535 -0.075748318242459964 -0.15360221921788778 1.7763809426438641 -0.11711441558655838 1.1298890119405305 1.7300684446979113 -0.51304594579486251 -0.25507569878535297 -0.053430881878235852 -0.075013443493954016 -0.036696119894974455 -0.10805730628169614 1.1727981489483423 -0.25433288873889065 1.1234168699102711 1.1234168699102711 -0.41167111596783929 -0.53997736549455222 1.6388811315389382
decision_type=2 2 2 2 2 2 2 2 2 2 2 2 2 2 2 2 2 2 2 2 2 2 2 2 2 2 2 2 2 2 2 2 2 2 2 2 2 2 2 2 2 2 2 2 2 2 2 2 2 2 2 2 2 2 2 2 2 2 2 2 2 2 2 2 2 2 2 2 2 2 2 2 2 2 2 2 2 2 2 2 2 2 2 2 2 2 2 2 2 2 2 2 2 2
left_child=1 3 73 4 5 6 23 -8 17 13 26 69 -13 14 15 33 -15 18 19 37 29 22 -22 31 25 71 -6 28 -10 30 76 35 -33 34 42 44 -37 38 39 68 81 -27 65 85 45 88 -20 48 49 66 52 -52 53 54 55 56 -28 -50 -17 -49 -45 -62 -19 64 -64 78 -9 -65 -4 -5 91 72 80 74 -3 -16 -21 -61 79 90 -12 -40 -24 -84 -34 89 -59 -81 -1 -44 -2 92 -71 -93
right_child=9 2 8 11 10 -7 7 47 27 -11 24 12 -14 16 75 58 -18 62 46 20 21 -23 82 -25 -26 41 50 -29 -30 -31 -32 32 84 -35 -36 36 -38 -39 40 -41 -42 -43 43 60 -46 -47 -48 59 57 -51 51 -53 -54 -55 -56 -57 -58 86 -60 77 61 -63 63 67 -66 -67 -68 -69 -70 70 -72 -73 -74 -75 -76 -77 -78 -79 -80 87 -82 -83 83 -85 -86 -87 -88 -89 -90 -91 -92 93 -94 -95
leaf_value=0.012755782921845975 -0.0080886532557299783 -0.03513690219205913 0.0013857974398645847 0.029597826098534841 0.033303620788027656 -0.03707727728465849 0.033668079713778144 0.010393475902222234 0.0057374576366338928 0.023316204477607287 -0.035696116397622366 -0.023150170435700473 0.025492815431371881 0.0066852383736640134 0.011644232517619457 -0.031127516637021482 -0.031177183176750476 0.032325378460349226 0.037190599527577438 -0.03519581480653753 0.013275937758847381 0.018905945613823066 -0.028482402295859105 -0.035231121072364958 -0.023713188018314093 0.0076694686869932666 0.027623353099082575 -0.045344213403168084 -0.035665885434810952 -0.035632538565080453 0.012065581974066679 0.018139397811124655 0.0069451829640579769 0.015932775916551203 -0.034209140453338061 0.018671036503069189 -0.014445609661281004 -0.016096543426309732 -0.0054808679619228863 0.027798633761079952 0.012711815264010896 0.030811383427341708 0.016203180949625605 0.0114546346497477 -0.028988722765528691 -0.028116111142053014 0.011402589605209401 0.035147141193219031 -0.022387294354047245 -0.016118363043944321 -0.019809968894536682 0.017286644659822634 0.033172424201529882 0.033131357450574418 -0.0056418688506599266 0.0060694271132641997 -0.0078535707694119498 0.0094885596436124087 0.0017725858792929799 -0.003226750147258658 -0.026006310139830013 0.016971671435284896 0.013186616195930895 0.01356385229641373 -0.034964112052357096 0.01520133433657091 0.029769861002123161 0.036875961999377913 0.02663004521218764 0.015947084748898176 0.031538231316344152 0.0096157880605351152 0.01658777099049177 -0.038443867703117689 0.017171198257407653 0.030917617262458123 -0.0052380257307165969 0.022036738606725729 -0.036128684005298374 -0.035303648608106461 -0.0087816151743066728 -0.037149178721929708 0.0082383510940203693 -0.022010533910159991 -0.016471039991136631 0.032956738849352782 -0.0089763290080220239 -0.0051522884877095608 -0.012598247188621202 -0.0085869676750571187 0.013227160747179915 0.022769185932849177 -0.0033882403512960776 0.0056386049464668452
leaf_weight=3.2094823867082645 8.2818624973296995 1.9160010740160944 10.158026866614824 11.939025953412054 6.801153600215911 2.5487528741359702 5.6498870849609366 33.938461154699318 3.4678937941789623 4.048067867755889 2.1503582000732457 3.8267794698476791 3.9340617954730979 3.2048387676477432 4.418034166097641 9.1169958785176259 6.7726853489875776 3.1060436666011837 3.1579132378101349 2.2998196482658386 3.9785127192735699 6.645597666501998 4.1474922820925704 1.6840776354074467 2.1255654692649832 6.1152454763650894 14.116084769368177 1.4847930073738087 1.4281686246395113 3.4726902097463626 2.4678350239992142 7.3761840611696226 2.8220020234584808 4.2345686927437773 1.8682884350419033 3.716981202363967 2.1320708990097046 2.2241979688405982 1.6384575664997103 8.7203896045684832 3.1743228733539572 4.9740599542856216 3.9832207858562469 2.8916453421115929 4.0936524420976683 1.8360228389501569 4.8187112510204306 3.2854989469051343 2.6105825901031485 2.8384025394916526 2.6907681673765174 4.6545426398515701 5.9342820793390265 4.877724662423133 4.1716220080852535 11.160211965441702 2.4835143536329261 5.6457020789384833 1.2528525441884983 2.4512427300214767 4.0106867626309395 1.5522434115409849 3.6674276441335678 18.909910634160045 1.8497940450906778 1.599914863705634 3.2462119311094346 2.1778858602046958 1.954803243279456 12.426363587379454 6.6488818377256385 4.0865279138088226 1.8958917856216428 2.3388343751430503 1.4704385772347448 5.7858956307172758 1.7974201142787931 3.2173658907413483 1.4066552594304127 2.3537536934018148 2.7758116573095322 1.67987485229969 1.9598135650157926 2.3693428784608832 3.0434194654226303 1.7503529936075199 3.962583899497985 1.1836567670106886 1.69555215537548 1.6229136064648626 1.6572536677122105 19.339863330125816 3.1159822195768312 2.6605430990457526
leaf_count=11 36 12 39 35 19 13 16 111 11 11 13 15 10 11 14 57 41 7 7 15 14 21 21 10 10 19 39 7 8 22 8 22 9 15 12 11 9 11 7 24 11 13 13 10 22 8 15 8 14 13 12 13 14 12 16 38 10 20 5 9 23 5 12 62 11 5 8 5 5 38 17 13 6 12 5 15 7 9 8 15 12 10 7 11 13 4 18 5 7 8 5 53 12 8
internal_value=0.00736696 0.00952292 0.00419421 0.0118765 0.00935554 0.00552749 0.00668866 0.0109474 0.00570907 -0.00308561 0.0141221 0.0190532 0.00192737 -0.00469335 -0.00232598 -0.00751856 -0.0185788 0.00714984 0.0039527 0.00153606 -0.00529666 0.00144095 -0.00788242 -0.0022959 0.0050249 0.00788805 0.0180045 -0.0156312 -0.00677995 -0.0181147 -0.00899579 -0.000378232 0.00792496 -0.00229066 -0.00458276 -0.00695221 0.00623437 0.00826194 0.0103691 0.0149668 -0.00416437 0.0180029 -0.00278143 0.00426997 -0.0141991 -0.00532048 0.0214432 0.00881204 0.00686454 0.0100362 0.0158961 0.00360946 0.0180376 0.0155491 0.0127797 0.0156114 0.0220761 -0.00347555 -0.0267882 0.020006 -0.00480208 -0.0136327 0.0143123 0.0121316 -0.00262252 -0.00952747 0.0121306 0.016074 0.00575819 0.0214771 0.0192706 -0.00233302 -0.00978645 -0.0224165 -0.0124402 0.022306 -0.0216948 0.0112734 -0.0124003 -0.00981956 -0.0203596 -0.0208285 -0.018096 -0.00834109 -0.00471903 0.0147263 0.0018191 -0.0246214 0.00370156 0.00905833 -0.00443567 0.017044 0.0120253 0.0205813
internal_weight=427.388 354.391 108.482 245.909 182.018 101.004 98.4554 66.8459 102.757 72.9964 81.0134 63.8915 7.76084 68.9483 58.9708 48.7669 9.97752 96.3763 66.6652 58.6886 29.1385 19.1008 12.4552 31.6094 24.1235 21.9979 56.8899 6.38086 4.89606 10.0378 6.56507 29.9254 13.2416 38.397 34.1624 16.6838 5.84905 29.5501 27.3259 20.8332 6.49266 11.0893 32.2942 15.8111 10.8347 6.74106 7.97662 61.1961 52.2419 40.0231 50.0888 7.34531 42.7434 36.8092 31.9314 27.7598 16.5996 12.2189 10.3698 8.95411 8.45458 5.56293 29.7111 26.605 5.51722 16.4831 37.1847 21.0878 12.1128 56.1307 44.1916 10.9086 6.82206 5.72527 3.38644 10.2039 4.09724 5.66861 14.8832 13.4765 4.92617 3.31833 8.47665 4.32916 5.86542 7.35649 9.60829 3.53741 4.90503 5.60613 9.93912 37.5428 15.5423 22.0004
internal_count=1533 1215 407 808 620 361 348 226 378 318 259 188 25 307 255 226 52 352 255 233 126 74 53 122 86 76 173 26 19 52 30 112 44 164 149 68 20 107 96 68 28 32 137 63 48 26 22 210 184 132 154 25 129 115 103 87 49 52 62 26 38 28 97 90 23 74 119 67 44 163 128 44 31 29 17 29 22 18 69 61 25 17 39 18 22 25 38 20 18 21 41 111 50 61
is_linear=0
shrinkage=0.0283043


Tree=57
num_leaves=92
num_cat=0
split_feature=12 12 18 10 12 12 12 22 19 10 22 10 4 22 22 22 22 22 4 4 19 19 19 22 11 11 12 12 11 12 10 19 22 12 11 11 22 11 10 10 10 22 10 22 4 4 4 12 22 22 4 10 12 22 12 12 11 22 22 10 11 12 22 22 11 19 22 19 11 11 11 11 11 11 11 22 19 19 12 22 4 4 4 22 10 10 10 22 22 22 22
split_gain=7.7096 7.7818 6.83683 6.42934 6.05413 7.41937 7.08196 6.56138 3.81891 3.6436 3.37685 3.25283 3.07422 3.29209 3.04406 2.70305 2.64758 2.60153 2.5783 3.21838 2.5593 2.50147 2.44951 2.4328 2.42593 2.40256 5.69545 2.92227 3.79373 2.64084 3.02924 2.21065 2.16626 3.93557 2.06522 3.24446 2.096 3.37904 2.06276 6.96698 2.2434 2.01475 2.47567 1.9953 1.98637 4.41641 2.02063 1.8924 1.89218 1.83854 1.6908 1.68305 1.60687 1.59901 4.18355 3.24054 3.07261 1.56403 2.62014 1.50197 1.47446 1.46865 1.44885 1.38164 1.37782 1.21342 1.21003 1.15472 1.1131 2.04969 1.18029 2.23628 1.95777 4.25505 2.59171 1.1126 1.46945 1.19277 1.08399 1.05719 0.911973 1.66584 2.42034 0.89891 0.857721 2.16262 1.47739 0.833981 2.1703 1.48755 1.98577
threshold=0.052414556294340435 -0.34771042901181659 1.9128762108979334 1.0501572875220835 0.25843389092166169 0.91236174323230845 0.21583902089734722 -1.0957225441148986 1.7504560988586031 1.1390373254056649 1.4634687430634274 0.5469735495522805 0.15885472488855415 1.4075863088988532 0.63942345907450693 -1.4440635389819951 0.88029273036261413 0.42130785496224415 2.3776192522933051 0.290506821784629 1.9916523367993946 1.6602226926345205 0.47972873425935841 -0.15518993257165445 -1.0000000180025095e-35 1.393497032296857 2.4458598619111309 2.1237212077488428 0.10535226098895857 1.5194996368078226 1.2692205408243937 0.2469844065200015 -0.25958490241302951 0.70146653795425573 -0.10925861504941378 0.28861623276420462 0.91511490444724009 0.33094737775987421 1.5371153910377959 2.6698846845360671 1.323414847427939 -0.02100530832500697 1.1543176103947392 -0.90520232042449356 1.4666020836045892 1.9664941088453567 0.53935613312442376 0.17581088278162543 -0.29564731831436775 -0.49489693633009707 0.21299461214998619 3.1470455299597968 -0.035019924204813833 -0.96249195203495341 1.1788234744168102 1.2792940090897125 -0.10925861504941378 -0.17947005121422246 -1.4440635389819951 0.79010024378226718 0.30484168481075352 0.31615315971918839 -0.87138188011490481 -0.58858289510024109 0.30532119988841772 1.1219663180665125 -0.46515498353315982 0.38245406196930015 2.8261877207369652 1.4417496309260092 0.51167995598559013 0.34024773996387542 0.36762470544447839 0.38887949004978556 0.35710882827616525 -0.092748527261003202 0.32965054378014086 0.22618338282764541 0.35426774859839671 -0.3174946549318457 0.4075841781648965 0.31034333128599484 0.25505280661542024 -1.2901781504929499 0.25692314551332485 0.77241361470042502 0.706479786558592 -0.19206327581468993 1.0000000180025095e-35 0.15062507846469689 0.22461027299244324
decision_type=2 2 2 2 2 2 2 2 2 2 2 2 2 2 2 2 2 2 2 2 2 2 2 2 2 2 2 2 2 2 2 2 2 2 2 2 2 2 2 2 2 2 2 2 2 2 2 2 2 2 2 2 2 2 2 2 2 2 2 2 2 2 2 2 2 2 2 2 2 2 2 2 2 2 2 2 2 2 2 2 2 2 2 2 2 2 2 2 2 2 2
left_child=1 2 3 11 6 7 8 15 17 12 20 34 13 14 22 78 25 43 19 47 38 -21 -4 -8 -25 27 -27 29 57 30 53 -13 33 61 44 65 37 64 40 -40 41 79 -43 -2 46 -46 80 67 49 63 52 -41 84 55 56 -7 -55 58 -29 -54 -11 -9 -60 -45 -37 75 -32 -19 69 70 71 -39 74 -74 -73 -36 77 -77 -6 -5 81 82 -1 -31 -3 86 -86 -50 -89 -90 -91
right_child=4 50 9 10 5 16 23 32 -10 60 -12 31 -14 -15 -16 -17 -18 18 -20 21 -22 -23 -24 24 -26 26 -28 28 -30 83 66 -33 -34 -35 35 36 -38 68 39 51 -42 42 -44 48 45 -47 -48 -49 87 -51 -52 -53 59 54 -56 -57 -58 -59 62 -61 -62 -63 -64 -65 -66 -67 -68 -69 -70 -71 -72 72 73 -75 -76 76 -78 -79 -80 -81 -82 -83 -84 -85 85 -87 -88 88 89 90 -92
leaf_value=0.0073175847295927111 0.024706776408719433 0.026420378765765359 0.0018683856913561708 -0.0028432732152482943 -0.0064531156153312848 0.034771736992479402 -0.034484534439304278 0.0094461330058119193 -0.034137399751917132 -0.0017851340403819051 -0.036413979752855513 0.030919324712060804 -0.031062154932064712 -0.040464308621509029 0.023540434487684798 -0.034487520495787523 -0.025751089412791386 0.013609540744859035 0.020959657479115011 -0.026614639618391986 0.031998684993380155 0.010677359180828896 -0.0416575128054247 0.0066533683927936099 -0.033359806533885226 -0.036133502664339526 0.020795025112804674 0.014407499765912279 -0.031391458357521065 0.032474710680323191 -0.034912783254415533 0.0080856681236179742 0.027107902308646306 -0.012288758989652036 0.028987711060113743 0.0030104494658666401 0.022969918836927613 0.031279918345949252 0.034774037236188854 -0.02586602732401495 -0.034337847174610456 0.0045922920790372234 -0.027929770842239514 -0.01193387793782375 -0.036174772268781005 0.014789929506355666 0.023707464369811235 -0.019769495621369006 0.020639570305628515 -0.036341741671607648 0.031432388266286602 0.0031695306233115879 0.0056106654137364426 -0.036535367625740035 0.011073357214672697 -0.0011679168833561915 0.0039457939798401695 0.015767075987890306 -0.037143112811828242 0.02720612140324612 0.028315735163843159 0.030096611977029012 -0.0053052708381964141 0.013972715414895195 -0.026637948288569708 0.034002744128043404 -0.0012896686169496692 -0.0079273564930956962 0.025223361084938268 -0.00064615558428195369 0.01996659147789125 -0.035448186610810686 0.035793367728664476 -0.0090764927502966705 0.010418236461581845 0.01423470770621481 -0.0047289676196309747 0.033606874448591159 0.015813235036184418 0.01701359508908545 -0.0081041210286776893 0.021144819177530218 -0.017800914289576562 0.014706620206551611 0.016186072200818812 0.033116716975162219 -0.014361300769224261 -0.014666729414244668 0.02195447460614915 -0.018644132780617866 0.011666467710973951
leaf_weight=35.333993062376976 4.0755730718374243 15.713894054293631 2.8513821512460726 4.6867454349994659 4.1625235974788666 3.9244509488344184 6.9278435185551643 4.5261995345354062 2.2884900942444792 2.248026728630065 1.9310501217842091 11.230538442730902 5.6710730642080298 1.5015765726566312 3.1316337287425995 1.9137093797326068 2.704763561487197 6.613329499959951 2.4664394259452811 8.238857649266718 1.7091667354106892 1.5885384380817402 1.3701105713844297 3.0015069544315338 1.8061414435505847 3.6608402431011191 2.0079403966665268 2.5710612684488288 3.68482532352209 3.1514369994401932 2.0496104508638386 4.4607851952314368 20.818124055862427 3.4560173302888861 5.9156270623207154 1.8236379772424687 7.6857140958309165 2.2362193316221264 4.3758651018142682 3.0055358558893204 2.0334475934505454 2.9421609640121504 4.3741595819592476 3.7576079368591304 2.4646028429269782 2.5499265640974045 5.7535891383886328 2.413939729332923 3.6164654642343583 1.3075554817914987 9.3811182677745801 2.9723015502095222 10.740601196885111 3.078825056552887 12.922356426715849 3.5450456291437149 2.5741142630577185 3.6862730085849753 1.9907181113958348 3.0096821933984748 2.4137865155935287 6.127423107624054 2.1813538819551477 2.5580217465758328 2.9890006482601166 4.8463865071535102 1.2303216159343708 2.5390456318855286 3.2345965653657904 12.569775819778441 11.246047899127005 2.0173977017402636 2.7494741976261139 3.4636200591921806 1.6151793301105497 10.983546867966654 2.2851617336273184 2.9385918974876395 2.6405758261680603 3.5653167068958354 2.9948300570249549 5.8669902831315985 3.0967329442501059 6.562261223793028 2.5626418441534033 2.8393977284431458 2.0041178017854691 2.9667603820562389 5.5377055704593641 2.1494623869657516 5.7155138552188873
leaf_count=118 11 46 11 20 17 9 50 15 15 10 11 31 32 7 9 12 12 20 7 48 4 6 7 12 13 22 5 8 19 8 13 14 58 12 15 6 22 5 11 16 13 11 25 15 14 8 17 12 11 7 27 11 32 18 43 15 9 11 11 8 6 17 8 9 14 12 5 11 9 48 34 13 6 15 6 34 9 8 7 11 14 17 13 21 8 8 7 13 15 11 19
internal_value=0.00721512 0.0104078 0.00802531 0.00969957 0.00265959 0.00693616 -0.00381031 0.015839 0.00023896 -0.00794329 -0.00187106 0.0121084 -0.0149894 -0.00475584 0.0030539 -0.00576257 0.000622637 0.00172096 -0.00529904 -0.00848015 0.000435774 -0.0202992 -0.0120288 -0.0236986 -0.00861459 0.00186667 -0.0153244 0.00373328 -0.00720596 0.00771518 0.00350988 0.024202 0.0213261 0.0128826 0.0107106 0.0136945 0.00955404 0.00716582 -0.00160658 0.00830124 -0.00747497 -0.00388192 -0.0145395 0.00701933 0.00667109 -0.0099953 0.00826651 0.00151835 0.00432109 -0.00746787 0.0208568 -0.0110454 0.0181692 0.00670486 0.00229918 0.0174833 -0.0175927 0.00131835 -0.00652846 0.0105848 0.0132217 0.0211928 -0.020228 -0.00147341 -0.0141283 0.0216045 -0.0214163 0.00741998 0.00990488 0.00848521 0.0134147 0.00737498 0.00156118 0.010979 -0.0144429 0.0188643 0.0150422 0.0184306 0.00212018 0.00557694 0.00634895 0.00736312 0.00522946 0.0203494 0.0226837 0.0149388 0.00307262 0.00885674 0.00618679 0.0109731 0.0032354
internal_weight=424.126 249.387 203.135 183.948 174.74 105.171 69.5688 43.6446 57.8333 19.1876 31.5957 152.352 14.5258 8.8547 7.35313 8.71681 61.5262 55.5448 23.8602 21.3937 29.6647 9.8274 4.22149 11.7355 4.80765 58.8214 5.66878 53.1527 14.1142 39.0384 29.3247 15.6913 34.9278 14.1096 136.661 78.6 51.6307 43.9449 27.9555 10.3537 17.6018 15.5684 7.31632 31.6847 58.0607 5.01453 53.0461 11.5663 27.6091 7.62319 46.2515 5.97784 36.8703 26.0448 18.5753 7.4695 5.65294 10.4294 6.74313 13.7503 4.66181 10.6536 4.17207 6.31563 4.81264 26.9693 3.27993 9.15238 39.1323 35.8977 23.3279 12.0819 9.84567 6.21309 3.63258 22.1229 16.2073 13.9221 6.8031 8.25206 47.2925 44.2977 38.4307 9.7137 23.1201 7.40616 4.56676 19.9859 16.3694 13.4027 7.86498
internal_count=1533 853 717 635 680 375 305 138 230 82 133 502 66 34 27 36 237 215 104 97 122 54 18 75 25 225 27 198 57 141 112 45 102 44 457 256 178 156 118 38 80 67 36 111 201 22 179 43 100 31 136 27 109 94 70 24 27 38 27 40 16 32 19 24 20 78 18 31 136 127 79 45 40 21 19 66 51 42 24 31 162 148 131 29 69 23 15 69 58 45 30
is_linear=0
shrinkage=0.0283043


Tree=58
num_leaves=104
num_cat=0
split_feature=12 21 12 12 12 12 20 15 20 19 20 21 12 11 15 21 15 15 15 14 14 20 14 14 14 20 20 20 19 20 20 19 19 20 11 11 11 12 20 20 15 20 12 15 20 11 11 12 12 20 15 19 15 11 15 15 14 14 14 15 15 15 15 21 15 21 21 21 21 21 12 11 15 11 15 15 20 20 19 11 20 15 14 21 12 15 12 14 20 14 15 20 15 12 14 14 20 12 12 14 15 21 14
split_gain=7.34766 9.78123 6.89017 5.77855 7.46203 6.9382 9.28612 7.33885 3.93315 3.97636 3.88804 4.40266 3.72336 3.6426 3.28842 4.58057 4.32331 3.1346 6.77258 3.81446 5.41523 4.77187 3.54509 3.34597 7.92942 2.77732 3.74455 6.23754 2.69934 2.56324 2.49248 2.44377 4.73254 3.6613 3.20855 4.02853 2.43942 5.7714 2.37971 3.43587 2.35781 2.44762 2.2865 2.66417 2.26653 3.39804 2.23786 2.10777 3.83312 2.07981 1.9 2.19531 1.85499 1.72894 1.69039 2.92182 2.42523 1.92675 1.63714 2.8292 6.15696 3.47745 2.99975 2.47354 2.20427 2.34183 4.45037 1.63247 1.59008 3.48243 2.93536 1.53637 1.4888 1.83013 1.3831 4.36946 1.33552 1.31606 1.29444 1.23511 1.22769 1.16921 1.14816 1.12911 1.12759 1.10182 1.05398 1.04715 1.02977 1.02046 1.0072 0.983364 0.980455 0.97607 0.941037 0.937863 0.922863 1.70608 2.87689 0.890258 0.859877 0.859559 0.830901
threshold=0.052414556294340435 -1.6536027150998542 -0.34771042901181659 0.2572563221607303 0.21583902089734722 0.91236174323230845 -0.68909502846485504 0.15389729037034702 1.953508510362423 1.7504560988586031 0.094082414860620328 -0.62800926663821766 0.42234594258974162 0.28707732391030516 0.69948363794898782 0.67476202474959102 0.89581558176297349 -0.032999180012661902 -0.079884890929495952 0.30402539844530302 0.24456961078004211 0.33241474493104117 0.28052309133500491 1.2773055110618079 1.3641194530976499 -0.73971913959208679 0.11211257857736352 -0.28405226347544649 0.41632147583162465 0.72538752480440016 0.60967527079929906 0.50520401097683598 0.57421798211245212 -0.67298508965293802 0.38887949004978556 0.22668072715146784 1.393497032296857 2.4458598619111309 0.56718094303535682 -0.3717840974387972 0.70460732861743802 0.79474006325013014 2.169048405288756 0.85104240792174668 0.97746068503792694 -0.10925861504941378 0.11758547122611591 1.5194996368078226 1.366765288612646 0.19767480777811849 -0.099362798070635347 0.49829424563535224 -0.11711441558655838 0.17538376535481862 -0.054889163068487061 -0.14494787981778592 0.32380956712604231 1.3136032636935817 0.35036441998406459 0.82004802067813654 1.0402169500019587 1.5475253869867618 2.1902017314320212 1.2615003968100116 1.6289841860140926 0.59169134101960819 -0.61771105278940552 0.56084393898623996 -0.9459311895854926 -0.76176794789010593 -0.030521243547818239 0.34224386086857111 -0.019535697456180282 0.36232773656330258 0.089591031180781946 -0.015389449315249775 0.39470983340189097 1.7257249482756565 0.52196437604389534 -0.056645774667546271 0.84878067842880578 -0.045437924435453435 0.38802778518718878 0.27431267247261437 1.3979340617535481 -0.034646643627594322 -0.018828353742007507 0.29149389484938237 1.8756770567525261 0.13460910944660637 -0.25507569878535297 0.86232200470569553 -0.053430881878235852 0.20220498258718869 0.35921221235810752 1.4703503402656335 0.24590487227076177 -0.11892169842117402 -0.043906888447467783 0.32380956712604231 0.4858257370746118 0.18299869371227531 0.38802778518718878
decision_type=2 2 2 2 2 2 2 2 2 2 2 2 2 2 2 2 2 2 2 2 2 2 2 2 2 2 2 2 2 2 2 2 2 2 2 2 2 2 2 2 2 2 2 2 2 2 2 2 2 2 2 2 2 2 2 2 2 2 2 2 2 2 2 2 2 2 2 2 2 2 2 2 2 2 2 2 2 2 2 2 2 2 2 2 2 2 2 2 2 2 2 2 2 2 2 2 2 2 2 2 2 2 2
left_child=1 -1 10 4 8 6 7 12 9 25 31 13 -5 77 17 16 78 18 19 20 21 49 -22 -21 -25 -2 27 52 80 -20 50 58 83 34 35 -34 38 -38 39 42 41 -32 47 46 94 -46 -44 48 82 -13 51 -28 -27 -9 55 56 -43 -58 59 63 -61 -62 -63 74 65 66 -60 -30 -4 -70 96 84 73 -6 75 -3 -17 -12 -16 100 -23 -52 -7 -33 -41 -54 -72 -24 91 -49 -8 -26 -31 -29 -40 -59 97 -71 -99 -57 -19 -68 -35
right_child=3 2 68 5 72 36 90 53 -10 -11 11 14 -14 -15 15 76 -18 79 29 23 22 28 87 24 88 26 30 93 67 92 40 32 33 102 -36 -37 37 -39 44 71 -42 54 43 -45 45 -47 -48 89 -50 -51 81 -53 85 -55 -56 99 57 95 64 60 61 62 -64 -65 -66 -67 101 -69 69 70 86 -73 -74 -75 -76 -77 -78 -79 -80 -81 -82 -83 -84 -85 -86 -87 -88 -89 -90 -91 -92 -93 -94 -95 -96 -97 -98 98 -100 -101 -102 -103 -104
leaf_value=-0.029810893827822205 0.02297394019327699 0.022072975619161234 0.03478780956058531 -0.038637161136762119 0.001834116688679833 0.0052439287436088604 0.019875162752935424 0.022897078036818497 -0.038702808486525769 -0.033856855672992729 -0.041787816494760391 0.00078490631780117452 -0.00010322715332070805 0.011156460402250885 -0.03636647572206541 -0.012896277277651719 0.022809854584077825 0.023855859715980914 -0.036876314576687268 0.029177428079485354 -0.036772658384107426 0.027607004051890226 0.013892787871513919 -0.026879558074645399 0.011150313403408075 -0.012307229158889552 -0.013322061250203457 -0.036203064018887121 -0.019709002899342694 -0.016005366508649508 -0.021813003122609566 -0.034801680642311185 -0.010561518010633535 0.015462511513398386 -0.037276518055049425 0.036637522009608098 -0.036673958183154484 0.020280221176112657 0.013931890810286863 -0.030192879572138953 -0.023292317595142571 -0.0079747897299264365 0.0071132784687980332 -0.036516882135534459 -0.017707439448017621 0.026692820311227109 -0.025271804797182943 0.02894591272481091 -0.027593206421465257 -0.036180877548626818 0.039027161811332728 0.024383143276849935 0.024455606520826349 -0.0031597573562197625 0.024109828008515286 -0.0081730762887961741 0.038566648325870076 -0.0025400323026687275 0.017683472697830969 -0.037401358416634591 0.031590648374627245 -0.022585331236413732 0.016886755253356263 -0.0073934429909136472 0.027850665290577246 0.013607832657959498 -0.047083338895162107 0.012254573350545896 -0.011981361934824904 0.033487325395132793 -0.0080078203298692644 0.0040009371868361919 -0.034034565451018503 -0.034177930771321051 0.032469577084653513 -0.011984674156585468 -0.044956978717289618 -0.010455349054084621 0.00013203861992662898 0.029343429793483769 0.010618718979294622 0.016924537081138072 0.025501610771643413 -0.0081334449579933896 -0.0090738604255887478 0.00051323685762571115 0.01276048087235597 -0.014203401084703247 0.0037909862143164653 0.0074017975382207023 0.030769097313021587 0.028384435810994472 0.012737328655043234 -0.011633792644561295 0.036894422527751866 0.022767252548391435 0.030432433889965985 -0.0015993274122284322 0.029086236982701439 -0.038310974598066053 0.0047776853526866328 -0.01726004204911466 0.030847783672562731
leaf_weight=4.5362740829586974 4.5518691390752712 36.737860143184655 5.4509977698326102 4.2661034166812923 2.605797290802002 11.731129571795469 12.240762814879419 6.9641527831554395 1.8206005096435536 2.2418367043137541 3.1449415981769553 2.2265480309724799 3.4401191025972366 2.2173215746879578 1.7058018594980224 1.5151396468281748 4.3203664720058441 2.9120865613222122 3.5818807333707872 10.216663986444475 3.9480257779359809 8.9030809402465838 2.057243220508099 3.5826482027769115 3.7221204191446287 2.723028689622879 2.6339126899838448 5.3084812611341539 2.2720102518796912 1.8503964841365816 2.2973163202405038 2.1623144447803524 4.0730922818183943 10.742763295769686 1.7208189368247984 1.9374381303787229 3.8313038647174826 1.9982824176549909 2.0992332994937879 4.3871490955352765 2.6527913212776175 3.4922990947961772 6.7925249785184842 1.815213382244109 2.9217847883701324 2.1579804718494415 2.0747320801019669 4.7575146853923789 2.4838384836912146 2.187356561422348 2.9878494441509247 1.9244062155485151 3.4921628683805466 2.5337566882371902 3.7860870808362987 1.447843298316003 2.518736332654953 2.4160057753324509 1.8660666197538365 2.0208439677953711 4.6056269407272321 2.5545653700828552 3.1675997376441956 2.2330805361270896 2.5597174614667884 4.4684105962514877 1.8729683682322495 2.3889268040657043 2.4125937670469275 4.8156134188175193 2.4485343247652054 2.5083099082112312 6.4057563468813878 1.7481549829244611 7.4607822448015204 2.972528323531157 2.4487725049257278 1.3972944617271421 1.1595009788870809 6.5152392536401731 5.1026997268199912 4.2342094331979734 2.5170511752367011 2.5961636304855347 3.4425671324133873 2.2846694588661176 6.5223319977521914 1.7180929780006406 2.6956295967102042 2.4063301980495453 14.501097515225409 7.3829864710569382 1.5303000360727308 1.53738397359848 3.1491895020008087 1.8274226039648054 14.599873229861258 4.7769507467746726 4.4050938785076132 1.3246768936514852 4.3066314160823822 1.0905423313379285 3.5116700381040582
leaf_count=23 13 107 14 23 12 44 39 18 9 15 17 8 12 8 10 7 13 9 21 29 23 24 7 18 13 12 12 34 12 9 12 14 17 35 10 4 23 5 7 25 13 16 23 10 12 5 10 13 13 10 6 5 9 10 10 7 5 10 6 11 12 12 10 9 7 14 10 8 8 14 8 11 48 12 19 14 12 6 5 18 18 14 7 11 14 9 19 7 9 8 39 19 5 7 7 5 44 16 12 7 14 6 8
internal_value=0.00707118 0.0102008 0.0109717 0.00260512 -0.00379801 0.00676416 0.015319 -0.000753747 0.000231355 0.00157619 0.00868606 0.00464954 -0.0210187 -0.0169488 0.00629207 -0.00794052 0.00516711 0.00831956 0.00574543 0.00887928 0.00207107 0.00886782 -0.0181591 0.0164935 0.00903203 0.00312601 0.00116169 -0.0103258 0.0151179 -0.0201958 0.00643735 0.0125852 0.00529965 0.0107745 -0.00460119 0.00468597 0.000610681 -0.0164951 0.00243153 -0.00037361 0.00081234 0.00422979 0.00388344 -0.00686624 0.0145471 0.00156438 -0.000667225 0.008739 0.00330809 -0.016854 0.0168285 0.00309303 0.00556284 0.0155742 0.0079723 0.00320898 0.010049 0.0198708 0.0152475 0.017098 0.005129 0.0137326 -0.000545483 0.0201223 0.00572916 -0.000696782 -0.0141044 -0.00304535 0.0208799 0.0189615 0.0210662 -0.0145621 -0.0252449 -0.0128963 0.0215069 0.0194189 -0.0319 -0.0315736 -0.0203893 0.0205027 0.0213074 0.0257927 0.00887905 -0.0194433 -0.020793 0.0146751 0.00719941 0.000643915 0.0186276 0.0213843 0.0257194 0.0224764 -0.00340791 -0.0302643 0.0273063 0.00881768 0.0254827 0.0203711 0.01327 -0.0216547 0.0127249 -0.0353764 0.0192289
internal_weight=420.616 247.333 242.797 173.283 68.2633 105.02 43.946 17.2041 57.5036 55.683 197.365 97.0097 7.70622 6.75956 90.2501 11.1496 7.18567 79.1006 65.3666 58.404 30.804 23.0806 7.72336 27.6 17.3834 53.4412 48.8893 15.3457 18.6667 6.96258 33.5436 100.355 26.7443 21.9858 7.73135 6.01053 61.0741 5.82959 55.2445 44.9164 21.7632 19.1104 34.5783 10.6825 10.3282 5.07977 8.86726 23.8959 16.732 4.4139 11.7804 4.55832 8.49986 9.49791 16.8131 13.027 10.2545 6.76216 73.6106 61.7529 12.3486 10.3278 5.72217 49.4043 11.8577 9.29799 4.82958 4.66094 45.432 39.981 37.5684 10.338 10.7597 4.35395 47.1712 39.7104 3.96391 4.54224 2.8653 13.734 14.0058 7.22206 14.2482 4.75848 7.82972 5.77683 8.97087 3.77534 13.8007 7.16384 26.7419 11.1051 3.3807 6.84587 5.24842 4.24343 28.5975 13.9977 9.18204 2.77252 7.21872 2.96351 14.2544
internal_count=1533 853 830 680 302 378 141 63 230 221 695 359 35 31 328 47 28 281 240 205 117 80 37 88 59 206 193 71 62 35 122 336 99 74 31 21 237 28 209 178 85 72 128 43 31 17 33 85 64 18 37 17 30 28 60 50 36 20 237 194 45 34 22 149 43 36 22 20 135 121 113 50 72 24 140 121 19 23 15 41 42 20 51 25 39 18 27 14 41 21 78 32 14 41 14 15 86 42 28 14 23 16 43
is_linear=0
shrinkage=0.0283043


Tree=59
num_leaves=105
num_cat=0
split_feature=6 2 12 21 2 4 12 12 4 2 12 8 12 5 5 8 21 2 8 21 12 12 2 21 8 8 4 4 4 21 21 4 5 5 4 2 2 2 5 21 21 21 21 6 6 5 21 8 12 4 4 4 5 5 2 4 8 5 6 4 6 6 21 6 6 21 21 21 2 2 2 4 2 8 4 4 21 6 2 2 21 6 21 21 5 5 5 4 6 6 8 2 21 21 21 21 21 21 21 5 2 8 21 4
split_gain=11.0082 7.34238 6.07153 8.96212 5.82892 4.9404 4.43894 7.16479 4.30021 4.26887 3.86184 3.73977 4.36208 3.5941 4.51261 5.88631 3.45752 3.23766 3.12313 2.93101 2.79322 2.63811 2.57963 2.70846 2.34913 2.6509 2.326 2.21882 4.31632 3.74361 4.41373 4.19571 2.26354 6.26743 4.25468 4.09967 3.87178 3.77957 3.55266 3.12927 3.24363 3.22562 2.21034 2.1687 5.0773 2.09644 2.02856 2.52675 1.97561 2.06096 1.74132 2.19698 2.38308 1.72795 1.68988 1.66552 1.61731 1.60953 1.57783 1.57214 1.56118 1.5417 2.97814 2.17206 1.52444 1.43941 2.29305 1.80747 1.40944 1.39238 3.2607 1.36406 1.35475 1.35186 1.25037 2.81755 1.28663 1.23522 1.20251 7.67536 1.99453 1.16914 1.15877 1.63659 1.11658 2.42225 2.07153 1.10988 1.10576 2.86897 1.06246 1.04188 0.997894 0.955326 2.04398 1.28379 2.41483 1.01367 1.47092 0.954801 0.909551 0.905683 0.849326 0.834939
threshold=0.98517258165982136 0.16371521634901207 0.052414556294340435 -1.7441608616511062 0.38091383828374786 0.34849415288288188 0.30533424672813142 0.84985860134349789 1.9211398176349828 2.3223414646407536 -0.34771042901181659 0.11106969336002047 0.1946611827124721 0.9508133094632919 0.25059161362659321 -0.066605212545306006 0.34507746304839743 2.7322454282415931 1.0506839858217172 -0.86361633806459714 -0.035019924204813833 -1.0000000180025095e-35 1.2522730674120768 1.0611812416453874 -0.13977410596843734 0.68887291234940162 1.8694929780933598 1.4229857343142747 1.6278591221733973 2.0311737832260524 2.4901056526811454 0.53935613312442376 -0.14303588931292613 0.079393917459459631 0.35005230770776258 1.0568980631179306 0.22094392307852831 -0.70576708839890279 0.84296405306774835 0.83655735700730516 1.4387194300844102 0.33749552120099208 -0.36873519916479747 1.1851268308106102 1.2454225704446971 -0.19995942503615927 0.58257411499749467 -0.23007513258537107 0.19020850083520038 0.37537831651524672 0.29265228112042635 0.25721025175756274 1.8310344486316366 0.91213390156523466 0.39367925565364403 0.51259182755551114 0.1890551636582094 -0.019402909099164468 1.428372888605961 1.6006872991887469 1.2100004871993959 1.0628881997146837 -0.73323528199706678 1.6123713942939766 1.2961182433655203 -0.099021199303360799 -0.66693462540620485 -0.84552360455957398 0.27280998872114764 0.25274671630690898 0.33556454735324914 -1.0000000180025095e-35 1.4570093777774804 1.1383123996604179 0.13189864641811785 0.049951688435737752 -1.118780567901106 1.428372888605961 0.28586685397620132 0.227192565736304 -0.75269796138106049 1.2146923742239026 1.3962983473493951 -0.42920177589176783 -0.022299686646978647 0.80940042859547845 -0.090931031625960737 0.35005230770776258 1.1811337354706042 1.1272269483805266 0.059017377822050313 0.16894962036643976 -0.011651719884195248 -1.4713999131967872 -0.66693462540620485 -1.118780567901106 -1.2194479702488985 -0.29712009735379147 0.4929843784641354 0.96256754143615331 0.19751151311186951 -0.074515363185644487 -0.13780483953214437 0.58050340630761965
decision_type=2 2 2 2 2 2 2 2 2 2 2 2 2 2 2 2 2 2 2 2 2 2 2 2 2 2 2 2 2 2 2 2 2 2 2 2 2 2 2 2 2 2 2 2 2 2 2 2 2 2 2 2 2 2 2 2 2 2 2 2 2 2 2 2 2 2 2 2 2 2 2 2 2 2 2 2 2 2 2 2 2 2 2 2 2 2 2 2 2 2 2 2 2 2 2 2 2 2 2 2 2 2 2 2
left_child=2 5 3 -1 88 18 11 45 43 10 27 26 48 14 15 93 65 -11 61 -15 73 -20 58 60 -22 -26 50 29 57 31 91 32 34 39 35 78 37 -35 -39 41 -41 71 -37 -7 81 -8 47 -30 49 -13 51 52 84 -38 -14 69 -21 -29 -6 -57 90 -2 63 64 -63 66 67 -17 -36 87 -71 92 -44 -12 75 76 -47 -62 79 80 -5 -45 83 -82 86 -86 -4 -52 89 -3 -24 -31 -34 -9 95 96 -95 -96 102 -87 -43 -16 -99 -76
right_child=1 4 6 9 22 8 7 13 -10 17 20 12 54 19 101 16 -18 -19 21 56 24 -23 23 -25 25 -27 -28 28 46 30 -32 -33 33 36 68 42 53 38 -40 40 -42 100 72 44 -46 74 -48 -49 -50 -51 55 -53 -54 -55 -56 59 -58 -59 -60 -61 77 62 -64 -65 -66 -67 -68 -69 -70 70 -72 -73 -74 -75 103 -77 -78 -79 -80 -81 82 -83 -84 -85 85 99 -88 -89 -90 -91 -92 -93 -94 94 97 -97 -98 98 -100 -101 -102 -103 -104 -105
leaf_value=-0.034948669495276884 -0.0015492032781488766 -0.035568177350538396 -0.0020072746892956599 -0.0014531294363402689 -0.0049307426511385486 -0.035862738237507498 0.029352092293901143 0.019519230590330946 0.024440313625309427 -0.038634641313756553 0.02885340201020295 0.0015225552874966724 -0.035096479203947727 -0.037235139199830056 0.017561295958221639 -0.013704057389502741 -0.04119074352989073 0.0074676606316612165 0.0058297902639158567 -0.010970670395544131 -0.002564462760586337 -0.034883949250429896 -0.0037599354657329178 -0.038021297480514457 0.030600900753756655 0.0011575564072764421 0.020714238283317289 -0.035874805039671054 -0.025276100471458989 -0.045370502734274336 0.018221490155191152 0.028048177910955444 -0.0094017977388196998 0.01431201390392841 -0.00083711698301108415 -0.018183610109356541 0.035472450409049734 0.0018802969409821768 -0.045253310654174948 -0.037090019811798082 0.0025076284712064667 0.028349764985004678 -0.0051321064752055043 0.00065137724988580527 -0.029245644515489291 -0.0018231982979213851 0.024658279166381882 0.013143532634945519 0.026171826293923433 -0.036944998499547292 -0.010677341140614499 0.02968249480297435 0.028391666740989294 0.016401559891070342 -0.0014822163221043295 0.015077572522182807 0.019435319525925077 -0.0047501084216632159 0.030306197881182932 -0.014381206949780862 -0.034800982334085087 0.0020954690133920435 0.026262408690204159 0.022312968834330992 -0.035690369555583495 0.013067016147303552 -0.035657490064261513 0.019994269438138933 -0.035690700505086027 0.018231405371377369 -0.023141020002547672 0.0074735811851564275 0.021905999805252416 0.0095380962897371399 0.034610702163217322 -0.019285714995302766 0.0237568669608893 -0.004319706116087639 0.030361434901784921 -0.036056592864823545 0.034781708835377657 0.02879551908739391 0.03668162783948508 0.018133183916454802 -0.028033623145453875 0.018160140750893741 0.024401877983446237 -0.036048202731058784 -0.034505351247279957 0.00061126574179766111 0.019619755413155023 -0.014921978310117082 -0.035937890291963134 -0.011999334436609079 0.026989939899692054 -0.01842619796411275 0.023603943905793526 0.0095734474401920778 0.02450220136109128 -0.0086147466066680712 0.008805546763862037 0.036232836253939638 -0.013919420719736396 0.01295812480432933
leaf_weight=2.886028215289115 3.0157363861799302 3.5851618647575396 9.27466829121113 2.4575915336608807 1.3886339738965028 3.0163201466202727 12.399035021662714 6.0933004468679419 2.3769656717777243 2.1142502278089514 23.782097667455677 5.1787891983985883 6.101240061223506 2.5500326901674271 4.1472528129816055 3.2275909781455985 2.7198592126369467 2.3509732633829117 3.5019427686929703 5.1004512906074506 5.7024161368608466 1.7669328972697247 3.1968292295932752 1.9214610904455174 6.31719823181629 3.5660789012908936 4.981971062719821 2.5046992599964142 1.8631725460290898 1.7716835886239999 2.2648886740207672 13.896796554327009 5.900930024683479 17.460762307047837 2.1743746697902675 3.1054814085364342 7.8154009133577329 3.8090583384037116 1.6425644457340238 3.6935972422361365 2.6782180964946747 3.1846605092287055 2.2585263252258283 2.3244762718677503 4.5658541619777679 2.001708671450614 4.8258001208305359 3.6620298922061911 1.7442350685596464 1.2368136644363401 2.5363675802946108 2.4789508879184714 2.3218655660748473 6.8021026402711868 1.3417060822248457 4.1544517427682868 1.6710290461778639 2.4563926607370368 2.5325173586606979 1.9565936028957365 1.5441350787878034 1.8386144340038364 13.582510724663729 2.1215929388999939 1.3005745410919187 2.2624210491776493 2.137870192527771 1.7711541801691053 1.3548663705587385 2.6859078779816628 2.9644731059670448 3.2818842902779668 3.2237203121185303 3.0152521878480902 2.7499244213104239 2.1594922691583633 4.8144108057022086 2.5121172368526459 8.8421402424573881 1.7343065589666355 5.6591950505971864 1.9100588262081144 4.3614198565483084 22.377097919583328 3.0221796855330512 1.9512542933225634 2.9341311901807794 2.6434653028845787 7.4470843970775604 3.1201317086815834 2.6176079958677292 1.4360159933567045 1.2272016853094099 3.0511696636676771 3.5219668224453926 2.8539554923772812 2.5742302089929581 2.4615835696458817 2.7632030546665192 1.8137031048536298 3.9198356494307518 3.4754573404788962 1.9849781692028061 2.3150009661912918
leaf_count=16 12 22 33 9 7 18 36 17 7 12 72 20 42 14 12 14 15 8 13 21 18 11 15 11 17 11 14 15 9 8 6 42 26 57 9 14 19 12 8 21 9 8 8 10 28 7 13 13 5 7 12 6 6 22 6 14 5 11 7 10 10 8 36 6 8 8 13 5 8 9 16 12 9 10 7 8 14 9 24 9 13 5 10 66 16 6 8 17 53 14 8 6 7 14 10 13 7 8 8 8 14 8 8 7
internal_value=0.0069348 -0.00318249 0.00902222 0.0121575 -0.0138571 0.00450703 0.00453895 0.00888545 -0.00890812 0.0128728 0.0134965 -0.00119542 -0.0130944 0.00302959 0.00631573 0.00229587 -0.0137985 -0.0136674 0.0115719 -0.0127923 0.0210344 -0.00750727 -0.00209019 -0.00858487 0.0116296 0.0197448 0.00286556 0.0114123 0.00127533 0.0125409 -0.0098199 0.0134863 0.0117702 0.00799731 0.0157911 0.0177643 0.0151766 0.00798995 -0.0121824 -0.00328066 -0.0200669 0.00279199 0.000141748 -0.015935 -0.00895686 0.0209168 0.0114777 0.000192276 0.00095546 -0.00602015 0.00064972 0.00555356 0.00266384 0.0264757 -0.0286595 -0.00624916 -0.00336482 -0.0199955 0.017171 0.00532752 -0.00271618 0.0162929 0.0193101 0.00179864 -0.0131748 -0.0058971 -0.0119458 -0.00178619 -0.0131862 -0.0128969 -0.00338182 -0.007078 0.0104407 0.0265708 0.0135704 0.00724724 0.0158949 -0.0157889 0.0211486 0.0189066 0.0217787 0.0127967 0.0236501 0.0215598 -0.000644103 -0.009733 0.00439037 -0.0233368 -0.0269801 -0.0188293 0.00656977 -0.030959 -0.0140416 0.010008 0.0069725 -0.00326854 0.00422563 0.0150613 0.00918514 0.00490163 0.0173032 0.0258229 -0.000701942 0.0243944
internal_weight=416.698 71.1873 345.511 203.381 29.8657 41.3216 142.13 80.8071 14.1937 200.495 196.029 61.3228 15.6028 54.3675 45.046 37.4233 12.1189 4.46522 27.1279 9.32151 42.383 5.26888 15.7133 11.7922 15.5857 9.88328 45.72 153.646 15.3121 138.334 5.47259 132.862 118.965 61.4162 57.5487 54.0195 37.5299 22.9124 5.45162 23.8863 6.37182 17.5145 8.58773 11.8167 8.80039 26.4396 10.351 5.5252 8.15984 6.4156 40.738 23.7968 21.3178 14.6175 7.44295 16.9413 6.77148 4.96109 3.92115 6.11105 9.87069 21.859 18.8433 5.26078 3.13919 9.39904 7.13662 4.99875 3.52924 10.8302 5.65038 10.41 5.48225 26.7973 14.0405 8.97561 6.81612 4.05625 45.4318 36.5896 34.8553 4.23454 32.3977 28.0363 18.9959 6.78714 12.2088 5.17983 14.1524 6.70529 5.81444 3.2077 7.12813 25.3044 19.2111 8.47936 5.6254 10.7317 7.20976 3.76496 7.1045 7.62271 4.44656 5.06493
internal_count=1533 318 1215 681 156 162 534 279 68 665 645 255 80 200 160 140 55 20 94 40 128 24 67 53 46 28 175 517 61 456 20 436 394 215 179 162 118 77 20 97 30 67 31 61 43 79 35 22 32 27 161 83 77 41 48 78 26 26 14 24 42 70 58 22 16 40 32 19 17 54 25 45 17 82 43 29 21 19 131 107 98 15 89 79 71 30 41 29 89 36 23 14 33 85 68 34 21 34 24 14 22 20 16 14
is_linear=0
shrinkage=0.0283043


Tree=60
num_leaves=97
num_cat=0
split_feature=13 13 13 13 9 3 11 9 3 17 3 9 3 11 11 4 17 11 1 3 3 13 1 1 17 4 4 4 3 17 1 11 4 9 4 11 9 4 9 3 4 3 9 11 17 3 3 3 17 11 11 9 13 3 3 9 9 9 17 17 9 4 11 3 3 11 11 9 17 4 17 17 13 13 3 13 13 4 3 13 11 9 4 4 9 1 9 3 13 9 17 17 4 3 4 4
split_gain=6.37408 6.5591 3.79479 7.26476 4.73859 8.02055 4.5304 3.44671 3.3815 3.2541 3.4853 3.15479 3.0391 3.97954 5.32765 3.56407 4.56466 4.33666 3.37398 3.05668 3.56931 2.98635 2.80436 4.39891 3.47093 2.7049 4.80606 3.16541 3.45655 3.10805 2.66384 3.0295 2.84218 4.06208 4.57607 3.92541 2.96061 2.59524 3.45806 3.6516 3.23901 2.2856 2.18823 4.27031 2.14625 2.10811 2.76839 2.7934 2.03592 1.98239 2.41114 1.86228 5.28048 2.50284 2.63561 1.82832 3.68237 2.22228 4.72112 2.31996 2.04669 1.8124 1.74385 1.74237 4.39553 1.72651 2.6467 3.22318 1.67402 1.46229 1.45906 1.37753 2.05825 1.854 1.28275 1.27236 1.89774 1.2633 1.26154 1.23029 1.17456 1.12996 1.11744 1.10341 1.07497 2.16138 1.0249 0.990588 1.33663 0.953014 0.928296 1.61523 0.922988 0.914788 0.854044 0.840595
threshold=0.22889777337348557 -0.48742083761836419 0.38745883675288362 1.0185520211888746 0.40774757053317873 1.226305268837699 0.9703640065551058 -0.55662645828762269 0.10146139325424799 -0.077845727231453068 0.14309344622076761 -0.40350573871846535 -0.69037532729878148 -0.62920908042562285 0.18618958187241716 0.10953313177790711 -0.028220155675743569 1.4122315748660677 1.2261800262403386 1.0687242532067922 0.15497705707937651 1.0000000180025095e-35 1.0412949664852076 2.6289116424859378 -0.12297139416326895 1.8694929780933598 1.1999778214548094 0.60813068993338926 0.10430912421456146 0.64909341064662796 1.0000000180025095e-35 1.9100685891025475 0.54942421045442214 1.6953463864944045 0.4198336722497279 -1.0000000180025095e-35 0.45295160832698411 0.37783540681602018 -0.37221308438655643 0.060055976315711752 2.8301313850513536 -1.0000000180025095e-35 0.30283918563917495 0.96094097770332987 0.28109471692379834 1.1888807629993934 0.17560093562586773 0.14966589103228681 -0.056456570188010834 0.34224386086857111 0.28750108142079928 -0.41167111596783929 0.1946390571956145 -0.04109266834732344 0.82360260833220222 -0.33713220435220898 -0.43611153851445489 0.51560854310702442 0.077030860267533544 -0.020447593143563751 -1.052135930315423 0.4198336722497279 0.26526496363329527 0.038338332590691838 -0.11996200608555377 0.37831900682773628 0.32357622737996439 1.4928593559331742 0.031710392269748179 1.5116687154626776 2.0268239497153444 -0.058560421700480571 0.25232010954108358 0.28834672203508543 0.56401567262806196 0.4264807968913143 0.67598317957924292 1.6762338365827709 -0.022478952831641641 0.027146911390167252 0.21736921343403257 0.37906529021471497 0.40331723110599232 2.3341107752600974 -0.30577588236143555 1.4717045260872201 -0.70549736162757382 -0.45437824598561111 1.1889204335397368 0.44722151902917778 0.91125668522827197 1.7917672434633445 -0.045599159748485489 -0.11731134993218241 0.35648868571515441 0.30443432875779342
decision_type=2 2 2 2 2 2 2 2 2 2 2 2 2 2 2 2 2 2 2 2 2 2 2 2 2 2 2 2 2 2 2 2 2 2 2 2 2 2 2 2 2 2 2 2 2 2 2 2 2 2 2 2 2 2 2 2 2 2 2 2 2 2 2 2 2 2 2 2 2 2 2 2 2 2 2 2 2 2 2 2 2 2 2 2 2 2 2 2 2 2 2 2 2 2 2 2
left_child=1 12 11 75 5 6 7 8 68 61 -11 71 18 25 -15 16 -16 19 30 20 41 -3 51 24 93 26 27 28 29 63 31 32 33 34 36 69 42 38 -13 -40 65 -17 43 49 -18 46 47 -41 89 50 80 52 53 -23 -55 56 60 59 -59 -57 70 92 -38 64 -14 66 67 -39 -5 -34 95 72 -2 -74 -19 -4 -77 -37 -66 -53 -1 -28 94 -71 85 -50 -32 88 -9 -20 -46 -92 -6 -24 -43 -30
right_child=2 21 3 4 9 -7 -8 87 -10 10 -12 37 13 14 15 17 44 74 48 -21 -22 22 23 -25 -26 -27 81 -29 55 -31 86 -33 35 -35 -36 77 62 40 39 45 -42 82 -44 -45 90 -47 -48 -49 84 -51 -52 79 -54 54 -56 57 -58 58 -60 -61 -62 -63 -64 -65 78 -67 -68 -69 -70 83 -72 -73 73 -75 -76 76 -78 -79 -80 -81 -82 -83 -84 -85 -86 -87 -88 -89 -90 -91 91 -93 -94 -95 -96 -97
leaf_value=-0.0009255516551658152 -0.033440108346238395 0.029336398391687016 0.0042583575105409168 0.0091963501791581352 0.016977247726620924 0.023485140042283668 0.015435214826142444 -0.035640943713305513 -0.037311487656656352 -0.027857950187606756 0.012921369208888903 0.026294387239948029 0.019863719495467676 0.029923071916758897 0.02380638186727229 0.020692088870424827 -0.019038070584944947 -0.039226794099477678 -0.0095668706421767977 -0.023270378509640276 0.028395892023223439 0.024032266367432612 0.011331852734846812 0.027225707033240069 -0.046456542845379444 0.025895857577506062 -0.039067590844764889 0.028123113913034771 -0.010893269465904749 0.031091612590217709 0.0049996091532318399 0.020432325563666271 0.032314370215087408 0.017934960181895655 -0.034644990431288804 -0.0016033019607924715 -0.0072381797195409086 -0.026176900812203637 0.010843624581286323 -0.019396004085669692 0.024551268279671988 -0.035404900507573916 0.021592474826563023 -0.035603594765213298 0.018114120415158572 0.0080198247360155038 -0.036586113508750656 0.018319107247062556 -0.034738200324808011 0.019327114634099269 -0.034276318897651883 0.0060339905330040796 -0.033125129874474732 -0.017339732161146603 0.016688568189719352 0.022688573824900932 -0.035856714329164659 -0.023100234792047494 0.017981280420885416 -0.01036596403049095 0.015657892611961013 4.2853781942179875e-05 -0.03184728328296655 0.019016194539497731 -0.0083349931613855115 -0.034234543596450298 0.0086369027105477961 0.019406421851305738 -0.021250412713269703 0.0024936091600729609 0.012605589232971339 -0.029496353171262236 0.02200326825096224 -0.015817027787645318 -0.0057241595329339838 0.030421422415707337 0.013719140926506977 -0.03378173230728148 -0.038110073330456941 0.023687931173556043 0.022818693788906823 -0.0067966857921022208 0.00071574090752242177 0.027143641800295409 -0.036290918667883934 0.011030610186304591 0.026658990484347941 -0.035795690126792609 -0.0050512032929350388 0.01512201933857469 -0.016546223720930384 0.016782211834173468 0.034269450071118319 -0.014064172597843372 -0.0047458850262531169 -0.034521810364286545
leaf_weight=13.745495691895497 1.6216798797249792 12.383359253406523 4.2523792237043407 5.8456882908940369 4.7088618874549866 5.2655380219221106 3.3385717272758475 1.8592644184827856 2.098611481487751 2.865878462791442 3.4415299221873283 4.3777218014001873 3.3700246661901483 13.592467010021208 21.452489897608757 3.0758030414581361 2.7249787822365752 2.289095930755138 2.510750949382782 2.1528492122888556 5.9257092475891104 9.6565737873315847 2.1557314991950989 2.7445788681507111 1.739352747797964 4.0410697013139716 2.5083699524402614 4.0072331577539435 4.1260606944560996 5.0678041875362387 2.1876525282859802 6.9104299172759047 4.7761977910995466 6.5502179861068717 3.8031074926257125 2.9818311333656302 5.9716072827577573 7.090173542499544 13.009566560387613 4.0559317916631681 1.8112725317478169 1.477258875966075 3.7351045310497275 2.3686721920967093 3.9611079245805723 3.5630913078784934 3.5041040703654289 2.2714401632547379 1.4641995802521708 4.4130616337060919 1.4878211021423329 3.3401580005884233 1.8163210749626149 2.9549448788166019 3.8813952207565308 6.0417396724224091 3.3288572132587424 5.2842678874731046 3.5379819869995117 2.0809972211718613 3.280936822295188 2.7116997241973868 3.4772403165698051 4.3285698965191841 2.1363540589809427 2.6243211030960074 4.1313371360301963 1.3408312499523161 1.7320477217435835 3.6768084168434143 1.4888572245836256 4.5920656844973546 1.8452484011650088 1.8411576449871061 1.2839761450886724 9.0983391255140322 12.629824742674826 1.2352593019604681 1.9947978928685186 24.337409019470215 1.6685323268175114 1.1333357393741605 4.820931002497673 2.0621120780706406 2.7393324077129346 1.4487020522356031 5.6079485565423957 7.3502824380993808 2.3605046570301056 2.0470363199710846 2.1881827414035797 2.011779859662056 4.478843569755556 1.8688784092664716 1.1331155374646185 1.5251784622669218
leaf_count=52 11 38 15 22 15 16 11 11 13 15 11 12 10 38 60 9 15 13 10 11 18 28 7 7 8 11 15 12 18 12 7 21 13 19 25 11 23 44 47 20 5 9 10 11 12 12 21 7 9 14 9 11 11 11 13 17 20 25 11 11 10 11 18 13 7 18 16 4 9 15 5 30 5 10 6 27 39 8 11 69 5 5 20 6 16 5 16 40 9 7 11 6 11 7 5 10
internal_value=0.00680163 0.00920793 0.00166855 0.00589739 -0.00059773 -0.00752857 -0.0143181 -0.0191426 -0.00684104 0.0106953 -0.00539046 -0.00376853 0.00679495 0.00957462 0.0142367 0.0103012 0.0162579 0.00159605 0.00271742 0.00700576 0.0111661 0.0169316 0.0141036 -0.000584995 -0.014559 0.00422758 0.00258345 0.00479314 0.00276845 0.0129675 0.00474386 0.0029751 0.000992792 -0.00238846 -0.00571957 0.0117606 -0.00268928 -0.000772455 0.00411702 0.000285434 -0.00959352 0.00140811 0.00200755 -0.00112979 0.0015476 -0.0100237 -0.0167942 -0.00587175 -0.0124185 0.0028398 -0.00151568 0.016849 0.00991042 0.0148664 0.00205409 -0.00287378 -0.0104961 0.00328739 -0.0063899 0.0138184 -0.00237214 0.0193647 -0.0161839 0.00519866 -0.00299606 -0.0138877 -0.00958211 -0.0185433 0.00198096 0.0209694 -0.010651 -0.0181563 -0.00867322 0.00291787 -0.0261474 0.0179041 0.020715 -0.010675 -0.0222047 0.0214648 0.00174915 -0.0279555 -0.0070977 0.0116954 -0.023754 -0.0123368 0.0201791 -0.0295138 -0.0189226 0.00110517 0.00853841 -0.000383907 0.0253792 -0.000893519 -0.0214601 -0.0172488
internal_weight=412.838 281.12 131.718 74.0379 48.0573 29.8505 24.585 21.2464 9.67635 18.2068 6.30741 57.6799 214.241 127.372 68.0897 54.4973 32.3385 22.1587 86.8691 18.5857 16.4328 66.8787 54.4953 8.50854 5.76396 59.2824 55.2414 51.5997 47.5924 16.8976 76.6591 68.8635 61.9531 47.2209 40.6706 14.7322 36.8675 47.7798 30.7819 26.4041 16.9979 10.5071 27.4187 23.6836 10.886 13.3946 9.83148 6.32737 10.21 21.3149 16.9018 45.9868 18.3092 16.4929 6.83634 30.6949 13.7499 16.945 8.82225 8.12274 10.421 11.8994 9.44885 11.8297 7.50118 15.1867 12.5623 8.431 7.57774 10.5151 7.1401 9.90015 5.30809 3.68641 3.57307 25.9805 21.7282 4.21709 4.13115 27.6776 15.414 3.64171 7.43131 5.73892 5.65223 2.9129 7.7956 11.5701 4.21977 4.55779 8.16107 4.19996 9.18771 4.02461 2.61037 5.65124
internal_count=1533 996 537 275 194 131 115 104 44 63 26 262 786 456 233 195 104 91 330 72 61 210 172 29 22 223 212 192 180 53 283 260 239 186 167 53 142 206 119 107 87 43 101 91 44 60 48 27 47 80 66 143 63 52 24 127 63 64 36 28 43 37 41 41 28 82 64 48 31 34 33 56 26 15 19 81 66 19 18 80 57 20 34 21 30 14 23 60 20 17 29 17 26 14 14 28
is_linear=0
shrinkage=0.0283043


Tree=61
num_leaves=94
num_cat=0
split_feature=6 12 3 12 12 19 12 15 15 15 22 22 22 22 3 3 22 3 6 6 6 12 22 5 5 15 22 19 15 12 15 22 6 22 22 15 15 15 5 19 5 22 22 15 22 3 3 5 5 22 12 15 22 22 6 6 22 3 5 5 22 5 6 22 22 5 15 5 5 3 5 22 15 15 5 19 5 19 22 22 22 22 22 22 3 22 22 22 22 6 22 22 3
split_gain=10.2079 5.75203 4.63997 4.59871 5.58218 4.50947 4.17942 5.35065 3.96396 4.67186 4.0616 5.90527 3.94816 3.70205 4.55955 6.33941 4.51829 3.50064 3.81758 8.07963 5.32248 5.1577 4.36244 3.38514 3.82937 3.19649 3.62916 3.08845 3.04666 2.81882 3.74813 2.61975 2.42122 2.67787 2.4081 2.29579 2.29339 2.24912 2.20193 2.19675 2.1671 2.16627 3.93595 2.33353 2.06473 2.05745 2.87259 2.05861 2.1407 2.05186 1.99523 2.57032 1.89226 1.83949 3.04549 2.61401 1.78683 1.77477 1.75795 1.73221 1.72599 2.43684 1.71972 1.83569 1.70818 1.69354 1.66887 1.61254 2.5603 1.60795 1.52201 1.58746 1.50631 1.29604 1.26473 1.41575 1.24768 1.22502 1.16068 1.15876 3.2727 1.31931 1.67618 1.13033 1.09174 0.995884 0.909732 1.41898 1.60249 0.893077 0.872624 0.85168 0.851219
threshold=0.98517258165982136 0.052414556294340435 2.2598640938455672 0.27424827139073221 0.84985860134349789 1.7324285449918948 -0.34771042901181659 0.73467156893969843 0.0088495488470341725 -0.13095626299240251 1.2517451544680687 0.80053564122632037 -0.49489693633009707 0.13924824487677445 0.21955847131430425 -0.058267737772327882 -1.0340443645376094 1.2732484878513084 2.6652840838644956 1.428372888605961 1.2454225704446971 0.26112941941348117 1.0000000180025095e-35 0.9508133094632919 0.25059161362659321 0.96698758644826188 0.90347571201347499 0.42880209004703845 1.5685088709243227 0.21583902089734722 0.89581558176297349 -0.81080083752932297 1.1009723465199888 -0.034218653833831068 0.55523012036304831 -0.24362227949110962 -0.023185341732322531 0.79544642286854694 -0.19995942503615927 0.4188558534309233 0.1330307248111344 0.67259992767157184 0.89586730548402571 -0.11812338851819169 -0.15518993257165445 0.10849696386208112 0.08930187766592014 -0.003591331650678699 0.93579091820571703 0.90347571201347499 -0.035019924204813833 0.4858257370746118 -0.40249892098500084 -0.74606975501858686 1.2210646888706618 1.1868405342273625 0.50626441940706457 0.10849696386208112 0.093849951568263076 0.070499324860722509 -0.2501876855710139 1.5727941578787399 1.0757659321862023 0.7697442530460108 -0.29564731831436775 0.5719482305655178 -0.042379475236440055 -0.022299686646978647 0.91872592739519632 2.153729456566897 -0.038807604852150505 1.3319315580793785 1.8789493472252101 -0.086088497938834982 -0.21098017807864464 0.53914315250706546 -0.25553670196313261 0.50520401097683598 1.9866599832828473 0.1866159419535327 -0.2501876855710139 -1.5371770784521179 -1.0789077271767742 0.63257827827841961 -0.16489506206835355 1.2843730545692795 -0.81080083752932297 -0.57563190843726064 -0.32481685181128422 1.1811337354706042 0.079024964353705734 -1.0023466457989327 -0.45437824598561111
decision_type=2 2 2 2 2 2 2 2 2 2 2 2 2 2 2 2 2 2 2 2 2 2 2 2 2 2 2 2 2 2 2 2 2 2 2 2 2 2 2 2 2 2 2 2 2 2 2 2 2 2 2 2 2 2 2 2 2 2 2 2 2 2 2 2 2 2 2 2 2 2 2 2 2 2 2 2 2 2 2 2 2 2 2 2 2 2 2 2 2 2 2 2 2
left_child=1 6 3 5 34 29 7 8 9 13 11 12 31 16 15 35 65 18 19 20 22 -20 32 24 58 37 28 49 64 41 44 -11 -2 53 38 -15 56 57 -5 -12 76 43 -43 -3 -31 46 47 62 -49 -16 92 -52 91 55 89 -34 -14 -9 59 79 61 -25 -24 -64 -27 -1 -45 77 -69 -19 71 -44 -22 -72 -18 -76 -30 -68 -10 80 81 -6 -83 -17 -39 -81 -84 -88 -89 -55 -47 -40 -8
right_child=17 2 -4 4 23 -7 50 25 78 10 39 -13 36 14 27 83 74 69 21 -21 72 -23 45 60 -26 26 -28 -29 40 30 -32 -33 33 -35 -36 -37 -38 84 52 -41 -42 42 70 66 -46 90 -48 48 -50 -51 51 -53 -54 54 -56 -57 -58 -59 -60 -61 -62 -63 63 -65 -66 -67 67 68 -70 -71 73 -73 -74 -75 75 -77 -78 -79 -80 85 -82 82 86 -85 -86 -87 87 88 -90 -91 -92 -93 -94
leaf_value=-0.017996397042313796 0.026840434184431747 -0.001096139037325348 -0.03909668674429885 0.024473041681305763 0.014827451777210822 -0.034206954864601638 0.031005436196963519 -0.0161567358173525 0.025219859182393098 0.0011511096418279393 -0.037972114586404072 0.027604617624823611 -0.031357989720390306 0.0039220930370583709 0.010003463917139414 -0.013984691461172562 0.029348483836918699 0.027711196108959956 -0.037428999842186728 0.023190930066138756 -0.030105815757284361 0.0098976967182863255 -0.035354081189056814 -0.039943120984801385 0.02512095926132207 0.006252745903613576 -0.025767311649645276 -0.0090216493517588908 0.0021149200553503967 -0.034632929081428308 0.01229906383529043 0.036759013536354752 0.026892718497524681 0.033039266790246435 0.033584416609185902 0.032392733832976847 0.0066386323310178809 -0.01475722928865021 0.0033603749505032757 -0.00091723346983695162 0.018848237899480098 -0.035167537165247072 0.02502401022117309 0.02591519193133518 -0.0033908461539498519 -0.0091501892002720086 0.026575077341678344 0.013800553395207717 -0.018787136757933535 0.033075405290579007 0.0046269079170574851 0.029282110489939672 -0.0071308651714651018 -0.035469550198564501 0.021217255870950739 -0.012937280794116825 -0.0057667399228392121 0.019886497198378168 -0.019280848289781331 0.027425072953640127 0.0038557750896901291 -0.004235996778513329 0.0045458739885716375 -0.034271579894814656 0.033375821144424472 0.012596571072545439 0.023254720044471881 -0.033656352913020042 0.011797745522801429 0.0027137268088282297 0.00081613854044142371 -0.0014043427416968542 0.0019086733477630896 -0.034895588551722388 0.021705161417670645 5.2512396452099117e-05 -0.019746549942804201 0.00073961976308540146 0.0045380412448851699 -0.0014728131934782949 0.022506529117788932 -0.023545088491402754 0.010718228555589425 -0.0372186155026345 -0.039750438762666852 -0.02581863569500141 -0.023819932649287945 0.018376819346906624 -0.016188382458463314 -0.0096586081440764807 -0.035565688002077073 0.022521534787318366 0.020610292953482177
leaf_weight=2.9836625605821601 4.069159314036372 13.355617068707938 1.7176654115319241 9.7844871729612404 3.1767468750476811 2.9612715840339652 9.6845169961452502 2.0257069915533088 19.944225750863556 3.96966153383255 2.9584562331438056 6.6078465655446044 4.974174149334436 12.400884516537188 4.5754931569099417 3.324563920497897 15.789905354380606 3.7223471850156775 5.886446960270403 8.046320900321005 8.4448982849717122 2.4960314035415649 3.3358517438173232 2.7575441151857376 7.451664686203002 2.6431185603141785 2.4930627793073645 2.4264338016510001 4.3105229586362892 4.7672906965017319 3.1764050796627998 2.3819282352924409 2.7671056538820258 1.7189478874206514 6.8328542113304129 2.4326496720314017 3.2817256748676256 2.5993990451097488 2.610689744353297 1.9715556502342222 3.2597073465585709 2.6486973017454138 2.7514058947563163 6.2770202755928031 2.4483828693628293 1.254418596625327 1.7207297235727299 3.9136408567428669 2.4242678582668304 8.0784708559513074 11.300352618098257 4.4344012290239325 4.6775881797075227 2.6820699051022538 1.3110046982765196 2.0928694754838943 3.6113767176866531 1.8648664653301237 2.3611951023340216 2.2922044694423667 3.2625916302204114 2.9730599075555801 2.6995325684547424 1.3086437433958051 4.7050765901804033 2.3972955942153931 5.0896324664354307 1.5294222384691347 2.1163085401058197 3.9266836643218994 1.6188730448484423 4.1922015026211739 1.2204368114471424 1.3077082782983769 15.152595624327661 2.639334797859191 3.654226854443543 2.7020536661148071 2.177925392985343 7.3082034289836866 6.8704287856817308 2.6332035809755281 3.9898650944232896 3.0144209712743759 2.6141205653548241 1.4420442879199979 2.1604762226343106 2.2757942378520921 1.6387156397104439 1.5781572908163068 3.2408594191074371 4.6925441324710846 16.83886393904686
leaf_count=13 11 53 9 30 10 20 30 10 60 15 16 18 27 42 16 14 44 10 39 24 56 9 21 15 20 9 12 11 16 34 11 5 7 4 20 7 12 11 9 8 10 16 7 17 12 7 5 13 12 22 35 12 16 17 4 11 16 5 11 6 12 12 11 8 13 8 14 10 7 14 7 16 5 8 44 10 17 10 7 30 20 14 14 17 15 6 10 7 8 9 21 13 54
internal_value=0.0066697 0.00869714 0.0043007 0.00487209 0.00919096 -0.00128065 0.0117809 0.00966128 0.0122004 0.00991139 0.000457499 0.00505215 -0.00317991 0.0136573 0.00717855 -0.00126501 0.0196979 -0.00316582 -0.00540115 -0.00264296 -0.00722493 -0.0229608 -0.00225604 0.003739 0.00697654 -0.00100911 0.00496758 0.0189434 0.00927742 0.000568515 -0.012534 0.014261 0.00857175 0.00237827 0.0192153 0.00872083 -0.0128039 -0.014873 0.0146908 -0.0226007 0.000142468 0.00372223 -0.00611334 0.00771987 -0.0238189 -0.0110815 -0.00623784 -0.010513 0.00110183 0.0245912 0.019659 0.011778 0.00662586 -0.00302578 -0.0140072 0.00933842 -0.0204857 0.000756764 0.00319095 0.00482318 -0.0118927 -0.0212621 -0.0206019 -0.0084965 0.0232247 -0.00363175 0.0144263 0.00811086 -0.00703104 0.014647 0.00193867 0.00910517 -0.0257016 -0.0145087 0.0235635 0.0184502 -0.0077984 0.0151782 0.0230229 0.00310533 0.00644663 -0.000539047 -0.00464905 -0.0245883 -0.0269989 -0.00554472 0.000530759 -0.00619293 0.00356855 -0.0255756 -0.0276601 0.0153408 0.0243959
internal_weight=409.235 339.374 139.852 138.134 81.1919 56.9423 199.523 157.264 127.095 104.972 29.7567 24.8267 18.2189 75.2157 36.2529 21.1725 38.9628 69.8604 62.2114 53.8289 45.7826 8.38248 36.1173 52.5937 43.6005 30.1698 21.0657 15.0804 18.5727 53.981 10.3921 6.35159 16.2193 12.1502 28.5982 14.8335 11.8673 9.10409 21.7653 4.93001 11.2245 43.5889 12.5189 31.0701 7.21567 19.8979 15.4027 13.6819 6.33791 12.654 42.2581 15.7348 11.9808 10.4312 5.57123 4.85998 8.58555 3.89057 36.1489 33.7877 8.9932 5.7306 7.34403 4.00818 7.3482 5.38096 17.7144 11.4374 3.64573 7.64903 9.87019 6.94361 9.66534 2.92658 33.5818 17.7919 7.96475 7.79169 22.1222 31.4955 22.7452 15.8748 12.6981 6.33898 5.21352 8.75025 10.0649 6.07499 3.91451 4.26023 4.49528 7.30323 26.5234
internal_count=1533 1215 534 525 283 242 681 550 432 365 117 93 75 248 129 80 119 318 294 246 222 48 161 195 156 118 77 49 65 222 57 20 63 52 88 49 55 41 68 24 43 165 54 111 46 98 70 65 25 38 131 47 38 48 30 18 43 15 136 125 39 27 40 19 22 21 58 41 17 24 38 23 61 15 98 54 33 24 67 119 83 63 53 31 26 36 39 25 15 26 28 22 84
is_linear=0
shrinkage=0.0283043


Tree=62
num_leaves=101
num_cat=0
split_feature=21 19 19 21 21 19 19 3 3 21 7 9 21 9 3 9 21 21 21 9 7 3 17 9 21 21 9 9 1 19 21 1 9 9 7 3 21 3 21 3 9 7 3 21 9 3 21 3 7 21 1 7 21 3 7 21 3 9 19 7 7 7 9 9 9 7 9 3 19 3 7 21 3 19 17 21 3 9 3 3 7 21 21 21 7 3 3 3 1 3 7 7 7 3 3 21 21 9 3 9
split_gain=5.57657 5.48046 7.20807 5.10953 4.47719 4.44784 4.77481 4.46288 4.25873 5.39391 3.56162 3.41415 2.94488 3.31777 2.81832 2.81625 3.70109 3.00591 3.80635 3.38212 2.77631 2.75418 3.07119 3.40122 2.66924 2.74274 2.63853 3.75851 3.16999 2.49246 3.97953 2.35457 2.36315 6.12016 2.28715 2.25768 3.86141 2.54324 3.61274 2.96965 2.44075 2.22057 2.15193 2.08854 2.08234 2.02018 1.96235 1.9543 2.99623 5.84313 2.90612 2.65626 2.14472 2.12822 1.90551 3.62847 1.89365 2.20076 1.84785 1.83069 3.06129 1.83042 1.81732 1.95191 3.60635 1.79277 2.02899 1.75926 2.82404 1.67513 1.62993 1.58367 1.55202 1.51643 1.48319 1.43134 3.0437 1.4622 2.15568 1.42212 1.23496 1.26846 1.30024 1.86321 1.19957 1.18391 1.1459 1.12712 1.08787 1.0659 1.03852 1.03481 2.32974 0.988357 0.997016 0.932789 1.38375 0.866522 0.85041 0.849631
threshold=-0.76176794789010593 0.41165917741782071 -0.44880983598931051 1.9392693105523631 -0.84552360455957398 0.68038688522269031 1.3297494173750419 1.0687242532067922 0.21955847131430425 0.67476202474959102 0.098746533294887154 0.30283918563917495 0.56892189572085849 -0.37482345840000159 -0.022478952831641641 -0.36180342216220834 0.96759976625778665 0.30211312591310074 -0.22510345968170795 -0.56466450021926773 0.086948175970938638 0.87566977232630638 -0.11486766981894113 0.32756611265068086 -1.7441608616511062 -1.8671016944104351 0.56064545329631055 0.46254950790080968 0.9460018646375169 0.3125434949848756 1.5295373939575359 1.2148492260581487 0.46707787013754815 1.8361553725306365 0.33085481854384358 0.0041852685476250519 1.7900869282837908 0.070353134978436774 -0.17382496824645299 0.11927695580181423 1.2801059153800407 -1.0000000180025095e-35 0.085616578776102792 -0.21660034732947805 -0.038865139486674576 0.15292747908717863 -0.092313188447712677 0.10430912421456146 0.21656377630894028 -1.0558575364946023 1.3405782154614689 -0.023539448442428647 -1.1643903177682078 1.3931488003948849 -0.035803530397585569 -0.35406733035720001 0.054153585847795761 1.0883787191669134 0.35508995666366611 0.48630704723222123 0.30204642349908967 0.19851140250876356 0.46707787013754815 -0.45711390748238656 -0.38121409965852721 1.4990585238401752 2.3953404618803096 1.4838130653286001 0.62675849885262747 -0.26200367318907564 -0.059987945175340902 -0.68793258896490672 -0.30449300156579334 2.8024140763485854 -0.056456570188010834 0.56892189572085849 0.095559002786332004 -0.37482345840000159 0.060055976315711752 0.99324460214796606 -0.44880148014425963 -1.5472665711839084 -1.1865692691536085 -1.3447980181746926 1.5276007905242388 1.2171412903148913 0.99324460214796606 1.4406044139065437 1.4064005136807194 0.0076932001111945369 0.37326902602890277 0.61582284943496413 -1.0000000180025095e-35 0.17337399030742198 0.87566977232630638 -0.42920177589176783 -0.011651719884195248 0.35062972207435122 0.070353134978436774 -1.0000000180025095e-35
decision_type=2 2 2 2 2 2 2 2 2 2 2 2 2 2 2 2 2 2 2 2 2 2 2 2 2 2 2 2 2 2 2 2 2 2 2 2 2 2 2 2 2 2 2 2 2 2 2 2 2 2 2 2 2 2 2 2 2 2 2 2 2 2 2 2 2 2 2 2 2 2 2 2 2 2 2 2 2 2 2 2 2 2 2 2 2 2 2 2 2 2 2 2 2 2 2 2 2 2 2 2
left_child=4 2 8 5 24 7 43 11 14 26 -6 45 13 34 15 16 17 18 19 -2 -19 -11 23 -23 25 90 27 28 79 84 58 32 98 -34 -8 -16 37 56 39 -39 42 -29 -40 -7 -17 75 -20 48 50 59 80 67 -52 93 55 -15 57 99 -31 60 -50 -56 63 -14 -65 66 69 68 -49 -46 -71 -41 -18 -66 -61 76 89 78 -77 -10 81 -26 83 -83 -4 -25 -47 -30 -9 -3 -1 92 -81 -53 -95 -78 -97 -24 -13 -37
right_child=1 3 29 -5 10 6 12 88 9 21 -12 31 62 54 35 44 72 20 46 -21 -22 22 97 85 47 -27 -28 41 87 30 -32 -33 33 -35 -36 36 -38 38 40 71 -42 -43 -44 -45 65 86 -48 51 49 -51 52 53 -54 -55 61 -57 -58 -59 -60 74 -62 -63 -64 64 73 -67 -68 -69 -70 70 -72 -73 -74 -75 -76 77 95 -79 -80 91 -82 82 -84 -85 -86 -87 -88 -89 -90 -91 -92 -93 -94 94 -96 96 -98 -99 -100 -101
leaf_value=0.0020522290210326201 -0.042173844665827118 -0.014033049274572572 0.026050353210185073 -0.038912248945092591 -0.039142013196906494 0.0028177693936553786 -0.03509912325142709 -0.03572500961806719 0.031419845983030513 0.024475489887136083 8.6832651654458705e-05 0.0081339800564119904 0.021000540873326163 0.014884792579446429 -0.027281050456910459 0.02447242865859646 0.0085816837638957189 -0.0076515655597535082 0.029662677546749869 0.0029208383720062694 -0.046284276561434669 -0.019216076262482798 -0.01561799471517304 0.0041909749330177664 0.028610429080827272 -0.035979380931629293 0.031345727886832687 0.0059849812189542934 -0.013644171811584912 0.00055312209765735732 -0.024973366829572609 0.025301105490288498 -0.028954570604296476 0.019574940949636795 0.0040292880324664365 -0.0089219040405567208 0.036755801800697603 0.0074129634994786354 -0.0065575199916287691 -0.00046804323504466799 -0.01244911551966825 -0.035894422287074512 0.020678268350225779 0.030016205502054128 0.0026841837516683657 -0.036146043464990667 0.0032123921306723654 -0.028908294839499062 0.012048893719928981 -0.029020602298029528 -0.035778335471853842 -0.015141445046674695 0.010342123356550423 0.028307515157653191 0.029453708701874061 -0.027768553730657574 -0.03548591986279457 0.019204987257288822 0.027078975958143594 0.023604855077447341 -0.036643590266600141 0.00047172678000175178 0.03199109159037164 -0.033602552971490514 0.019885725819754032 0.027330525773616506 0.035363634732835707 0.0028229310205554574 0.011540913500817998 0.029111260448159326 0.0023395565161959211 -0.035977483405068802 0.033277441301528363 -0.010910483122209725 0.0017374722507016533 -0.014155443940021089 0.021115844928220877 0.021716687970646509 0.021112721027625257 0.019336463942938694 0.026008302516727373 0.010398051302249748 0.016724023499246479 -0.019766317530249492 0.0068508250864712777 0.030730975436800957 -0.0025314475071003049 0.012549456561925616 -0.0051003919955046944 -0.037701452668259416 -0.019196696230358027 0.030729712495827139 -0.012213804140374165 0.012854382185237417 -0.0057240680608996739 -0.016319863985595137 0.014323992490120483 -0.044110278368538515 0.028059867527680922 -0.036448668286811488
leaf_weight=6.8752027824521047 2.3391374424099922 7.0086257830262237 32.112555712461472 2.0793752670288077 3.8655444458127013 2.5809512883424768 3.538536123931407 3.5724003463983527 9.4028288871049934 2.465275213122367 3.2343710884451866 3.8263098299503344 5.4769439399242392 2.8234958499670002 2.2455154061317435 8.8602713719010335 5.7210570871829987 3.6357028484344474 3.0941799283027667 2.5734923034906414 2.2478615343570709 3.2702204436063749 1.3927357792854302 2.3855413049459457 3.0189709663391158 2.4289856553077689 10.725546449422835 2.2181133627891545 2.722904421389102 3.0323072671890241 1.9922980666160572 5.3761155903339377 4.2989599630236626 3.6408891528844833 1.6005760580301283 2.2116734534502029 1.9644964039325703 3.1986831203103048 2.6596370413899484 1.2015670388936994 2.8990816771984091 1.5535160452127446 10.824512533843516 10.619940176606175 26.38327453285455 2.4423945769667621 6.5098297894001007 5.9805823862552661 2.2102415710687668 4.3821031898260108 1.4761184453964236 2.2009961605072013 1.374015450477599 2.6053166985511771 3.2191601544618651 3.1027290821075439 2.5495463386178017 1.6412482261657713 5.3200363665819168 5.6300092339515686 1.6151012480258939 3.2066887989640236 3.0797778069972983 1.8246387541294087 3.8215129375457764 3.7938307970762244 1.7502607107162464 3.9534303396940231 1.6127478331327436 4.152214914560318 2.7796806395053926 3.6809667274355888 2.7630514502525312 1.6376451253890989 3.9894080609083158 3.7903486788272858 2.1192151382565498 3.0173059403896314 1.9017575979232786 9.5591817796230281 7.4718357920646694 4.4405005946755445 7.8769727349281276 2.323183111846447 2.5350138843059531 2.3596552461385727 1.0383783057332037 2.1092688143253326 1.0916302576661108 1.7663522064685819 2.2697444409132004 3.390262857079505 2.0712902024388322 5.2612508013844472 3.7730558142066002 2.1368561461567879 2.1775900050997725 1.6874856203794477 2.6558379083871841 1.2628626227378839
leaf_count=25 13 37 98 11 22 9 24 23 28 7 14 14 18 10 10 29 21 15 9 10 12 15 7 8 7 14 28 8 12 10 8 15 24 10 5 11 4 12 11 6 13 9 35 32 96 15 25 33 8 26 9 13 5 7 9 16 16 5 14 16 10 13 8 12 12 11 4 13 6 12 9 23 8 7 15 20 7 9 5 31 22 16 23 12 8 6 5 6 5 10 10 9 11 19 17 12 8 9 7 7
internal_value=0.00654108 0.00831107 0.0108581 0.00286052 0.00032885 0.00378147 0.01012 -0.001905 0.00819904 0.014467 -0.0208942 0.000686922 0.00445155 -0.00352305 0.00501174 0.00808257 0.00114383 -0.00538482 0.00143754 -0.0182571 -0.0222064 -0.000964242 -0.00707087 0.00195063 0.00216832 -0.0103079 0.0192996 0.0153712 0.0187688 0.0209052 0.00890919 0.00960167 0.00374556 -0.00652345 -0.0222269 -0.00146136 0.000324632 -0.00202019 0.00241007 -0.012802 0.0100193 -0.0102462 0.0150903 0.0244157 0.0122982 -0.00575015 0.0117386 0.00421694 0.00770207 -0.00129701 0.0134619 -0.00204977 -0.0123986 0.00622279 0.00431225 -0.00697964 -0.0160421 -0.0064936 0.0171743 0.0078202 -0.00799682 0.0148466 0.0132057 0.00860459 -0.000899147 0.00949604 0.00749336 -0.011996 -0.0199658 0.00592835 0.0180456 -0.0267174 0.0165885 0.0102548 0.0144043 -0.00285797 -0.00804776 0.00620499 -0.00194996 0.0229065 0.0165467 0.0125151 0.00907191 0.000115583 0.0245591 0.0170178 -0.0254143 -0.00153004 -0.0277544 -0.0188045 -0.00341284 0.0175755 0.0135598 0.000988556 0.00503694 0.00649505 -0.000691023 -0.0304743 0.0160924 -0.0187094
internal_weight=405.592 315.723 215.25 100.473 89.8697 98.3936 46.5326 51.861 170.257 57.3138 7.09992 47.1969 33.3317 17.4912 112.944 76.6038 28.8843 20.4002 14.5166 4.91263 5.88356 13.5609 11.0956 8.01542 82.7698 11.5739 43.7529 33.0274 29.2557 44.9922 10.3446 19.7981 14.422 7.93985 5.13911 36.3398 34.0943 32.1298 24.4644 8.08122 16.3832 3.77163 13.4841 13.2009 47.7195 27.3988 9.60401 71.1958 45.8085 17.8269 27.9816 25.3874 2.85013 13.8406 12.3521 5.92622 7.66533 5.11578 8.35234 13.4448 3.82534 6.42585 15.8405 12.7607 7.2838 38.8593 35.0654 11.5468 7.59333 33.3152 6.9319 4.88253 8.48411 5.45916 9.61942 23.9181 15.2086 8.70941 5.69211 24.4236 25.1315 17.6596 14.6407 6.76368 34.6476 4.7452 3.48077 4.83217 4.66403 8.77498 9.14495 15.0207 11.6305 11.2353 9.03431 6.43366 4.31445 3.08022 6.48215 3.47454
internal_count=1533 1171 759 412 362 401 175 226 621 194 36 198 134 77 427 274 113 84 57 23 27 52 45 29 326 49 142 114 97 138 32 70 55 34 29 153 143 139 100 41 59 17 46 41 161 128 34 277 169 75 94 108 14 56 48 26 39 23 24 49 18 22 57 49 31 132 121 52 39 117 21 29 29 19 31 108 74 34 25 79 80 58 51 28 106 14 20 18 28 47 35 51 42 49 36 27 20 16 21 18
is_linear=0
shrinkage=0.0283043


Tree=63
num_leaves=75
num_cat=0
split_feature=6 4 0 0 0 0 0 6 0 19 4 0 10 16 0 4 1 16 4 19 4 4 4 4 16 19 4 4 4 0 10 16 16 16 16 16 16 19 19 6 6 6 4 6 4 4 16 10 4 4 6 4 1 1 10 10 10 10 10 19 16 0 19 19 19 19 16 4 4 4 19 19 19 1
split_gain=9.47332 4.14485 3.52248 6.78261 6.0667 4.90412 4.77186 4.41192 3.32629 3.04302 2.84227 2.65149 2.62259 4.49997 4.17267 2.60824 3.15125 2.47377 2.42786 2.28099 2.03285 5.73458 4.91882 3.86815 3.71369 4.08477 1.93009 2.02485 2.14059 1.74287 2.3795 1.66319 1.63443 1.6061 3.85434 2.44361 2.41698 2.62427 2.09087 2.03945 2.17178 1.63398 1.55579 1.49059 1.46498 4.07463 1.6922 1.44463 1.4413 4.69506 2.3806 2.91876 1.39083 1.34765 1.24204 2.65334 1.13565 4.29267 1.07858 1.06769 1.06129 1.04894 1.04572 3.22459 2.52082 1.76234 0.954556 0.921992 2.20329 1.71726 0.891787 1.46286 1.24742 0.845446
threshold=0.98517258165982136 0.35813074118445182 -0.051625225645884051 -0.18221222137030094 -0.15619141240492904 -0.71525829839265176 0.42111052868451099 0.83897537852386062 -0.34173236632111836 1.7284117955892324 1.9211398176349828 -0.32848048638965366 0.73334489953713355 0.058021680591709889 -0.24094197748843216 -0.61943162433301524 1.4979762552162721 0.26112660920890723 0.25505280661542024 1.7452438883241967 0.29846539719786574 0.54942421045442214 1.2628913189609541 1.6278591221733973 0.16892793244263035 0.51226918626544671 -0.10192046376475052 0.12801524516226134 0.24678260023720716 -0.11887247941184789 1.2753395300888599 -0.16792173589038531 2.435676182236103 0.40175276971577284 1.4027934642505431 1.862684584571985 0.22204261148251006 0.54045815975198441 0.49229303075399428 1.1564430959515686 1.0874790118502193 1.2903781688142619 1.3746110199049011 2.0801791512729015 0.60813068993338926 0.10953313177790711 0.34179787599736705 1.2034929707476552 1.0599596317297595 0.61794706533013766 1.2288179489891731 0.43583472372061821 1.467182929169091 3.1520586187210462 1.2262329224243091 1.0800818951328579 1.1576177394362495 1.4738629177421896 1.1646820781657314 0.45151585155018586 1.8301420572083347 -0.087714829081546042 0.32965054378014086 0.68038688522269031 0.18504756528431351 0.50366186611688557 0.74250671721017614 0.54942421045442214 1.045564678309131 0.45501201387299622 1.7637615812549206 0.61286724050175512 0.3708819982140123 1.0997004160047599
decision_type=2 2 2 2 2 2 2 2 2 2 2 2 2 2 2 2 2 2 2 2 2 2 2 2 2 2 2 2 2 2 2 2 2 2 2 2 2 2 2 2 2 2 2 2 2 2 2 2 2 2 2 2 2 2 2 2 2 2 2 2 2 2 2 2 2 2 2 2 2 2 2 2 2 2
left_child=2 9 3 5 -5 20 44 8 -7 33 19 -10 14 -14 66 32 18 31 -17 48 26 24 -23 42 25 59 54 -28 -29 -19 -31 58 53 36 -35 -36 37 38 39 40 -2 61 -24 -43 45 -4 -47 -33 49 50 51 -3 -26 60 55 62 67 -58 -6 -22 73 -41 64 65 -1 -64 -13 69 -69 -20 71 72 -25 -8
right_child=1 10 6 4 17 7 15 -9 11 -11 -12 12 13 -15 -16 16 -18 29 56 -21 21 22 23 70 52 -27 27 28 -30 30 -32 47 -34 34 35 -37 -38 -39 -40 41 -42 43 -44 -45 -46 46 -48 -49 -50 -51 -52 -53 -54 -55 -56 -57 57 -59 -60 -61 -62 -63 63 -65 -66 -67 -68 68 -70 -71 -72 -73 -74 -75
leaf_value=0.0042358465417054372 -0.0017982618023238215 -0.021503619073652828 0.023208217251019469 -0.030146519953333846 -0.0072836250430765468 0.031867639854047773 0.0053747809838731149 -0.015291529382645655 -0.013473169096662652 -0.034052771290636531 0.014025337363969702 0.033823349630067619 -0.0098671064433223082 0.025038707920358196 0.0076330427383878427 0.030382947934813952 -0.017444780955961654 -0.027045495250833086 0.013184468954233001 0.0079505160379818238 0.0018554464701101758 0.029739987306450291 -0.0055014227635932786 0.013726877463026747 -0.035124126333323853 -0.034465683456343217 0.029232332553285157 -0.0059429868283545099 0.021013937954535638 0.0043864251732813114 -0.032644879345960449 0.016745313349879852 -0.020253632596106075 0.034425015559189816 -0.032144746260004797 0.01149718764820001 -0.022008850730653503 0.019676297112983871 -0.033298104498460941 -0.035964046510728716 0.022057418010371421 0.016620926305994814 -0.036657875831214555 -0.008513625318535575 0.031062111057705632 0.0085955884432821102 -0.022555134584756616 -0.010612462278662945 -0.029737605947492175 0.031745050575984021 -0.033962552321597068 0.01658431843505382 -0.0010043217718624217 0.025290157488836108 -0.0076191900327967329 0.026320727534625735 -0.023724386176086888 0.026588719080553692 0.0098369822483239406 0.025763255343575625 0.022732329220740422 -0.0046322627878970565 -0.030253096924544989 0.011127657591434222 0.027449360798391206 -0.0033357398979283132 0.018712307342453428 0.033469131586036947 0.011723569887926699 -0.01510535580059213 -0.0090708275643452754 0.034300015882820507 -0.014664526279866743 -0.0046515020924900166
leaf_weight=23.076409049332145 6.1706091389060109 4.472569778561601 20.927552908658985 5.9194391742348662 8.82493908703327 10.134138435125349 41.286677941679955 3.2693927884101859 2.4251748621463767 1.6198903173208226 2.7688922733068457 11.898011177778242 6.9012934044003469 4.7359598577022552 11.516158074140554 7.0319412946701041 2.1452972665429106 3.4314660280942917 12.154218912124636 2.7337465658783904 3.4687396585941297 6.1302683502435711 2.3338302224874488 5.0987396836280805 5.6489407792687416 1.9916949570178983 6.037878766655921 4.1862632483243924 4.6839300096035004 6.258559435606001 1.6164345219731329 10.278684996068479 1.8168418779969204 3.9260332286357871 1.4356210380792616 2.5886769741773605 3.1484610214829436 6.0965438559651366 1.3382668793201435 2.0619271546602254 5.563197910785675 2.5349160581827146 2.3704100996255875 5.5665115267038345 8.4414205849170667 2.9692627638578406 2.2166676372289658 1.5957705080509175 6.5079542845487586 1.4559966027736653 5.0783144608139992 2.2799719870090485 1.0101219266653059 2.4083684980869284 5.0968791246414176 4.745640017092227 2.6443513482809058 2.3698680400848389 4.1636129692196837 2.2459253072738647 2.2461988031864157 1.2222457975149144 3.1017757803201658 7.8429718017578125 4.1604525744915 4.3796504586935043 4.3013524711132041 5.4715997576713553 10.155918106436728 1.7832491099834431 1.4505020529031742 1.8865878880023954 1.4193148761987684 7.8172751516103736
leaf_count=79 26 25 64 37 39 30 148 13 9 10 10 35 29 13 39 20 10 18 41 11 14 18 8 18 38 13 19 14 14 24 12 33 9 10 11 9 20 20 9 13 16 8 14 23 26 10 9 8 42 4 38 8 5 6 22 13 16 6 16 6 6 5 14 26 12 18 13 17 35 9 7 5 7 31
internal_value=0.00641265 -0.00315194 0.00838181 0.00600199 -0.00406244 0.00869486 0.0119311 0.0154824 0.0175025 0.0021386 -0.012237 0.0139918 0.0157446 0.00460923 0.0204613 0.00878718 0.0139368 0.000242107 0.0156742 -0.0155846 0.00503529 -0.000478174 0.00899568 0.000154957 -0.0141243 -0.00103383 0.00790339 0.0168076 0.00842859 -0.0106273 -0.00347107 0.00522189 0.00472318 0.00362968 0.0149115 -0.0038063 0.000943324 0.00335897 -0.000753394 0.00121007 0.00941529 -0.00722772 -0.0204937 -0.00056891 0.0209593 0.0176989 -0.00417774 0.0128297 -0.0189317 -0.0136337 -0.0194698 -0.00864568 -0.0295404 0.00560463 0.0053591 0.00677908 0.0126067 0.000455871 -0.001684 0.0110437 0.00463763 -0.0235222 0.00455136 -0.00132671 0.00785387 -0.014428 0.0296628 0.0146991 0.0193894 0.00946926 0.0100532 0.0136538 0.00747447 0.00376613
internal_weight=402.094 68.5703 333.524 199.637 42.0889 157.548 133.887 55.1815 51.9121 43.2729 25.2974 41.7779 39.3528 11.6373 27.7155 99.3318 43.7564 36.1695 41.6111 22.5286 102.367 35.0551 20.6897 14.5594 14.3654 7.70636 67.3119 14.9081 8.87019 11.3065 7.87499 24.863 55.5754 41.653 7.95033 4.0243 33.7027 30.5542 24.4577 23.1194 11.7338 11.3856 4.70424 8.10143 34.5549 26.1135 5.18593 11.8745 19.7948 13.2869 11.8309 6.75254 6.65906 53.7585 52.4038 47.3069 34.5792 5.01422 12.9886 5.71466 51.3502 3.28417 42.5613 15.3244 27.2369 7.48143 16.1994 29.565 15.6275 13.9375 9.85514 8.40464 6.51805 49.104
internal_count=1533 318 1215 752 187 565 463 181 168 180 138 138 129 42 87 354 154 150 144 128 384 153 77 59 76 33 231 47 28 54 36 96 200 170 30 20 140 120 100 91 42 49 22 31 109 83 19 41 117 75 71 33 43 191 184 162 124 22 55 20 185 18 149 58 91 32 48 102 52 50 37 30 25 179
is_linear=0
shrinkage=0.0283043


Tree=64
num_leaves=90
num_cat=0
split_feature=21 18 19 19 19 2 5 19 18 5 21 3 5 5 5 3 21 2 21 21 3 5 5 19 5 5 3 5 3 19 5 21 21 19 19 19 21 5 5 21 21 21 19 5 2 2 3 3 2 1 3 5 21 2 5 3 21 2 21 21 21 2 21 5 5 2 2 3 3 21 21 21 21 21 5 3 2 3 21 2 21 5 21 21 21 21 21 3 3
split_gain=5.22055 5.58123 4.83688 5.65175 6.43214 4.94039 4.81863 4.68131 4.81096 4.33496 4.20219 3.90517 3.25381 5.15881 3.30403 3.26601 3.24066 4.38295 3.14568 3.12083 2.8652 2.72399 3.66991 3.93986 5.58771 4.31552 3.49807 3.43738 2.70508 2.49327 2.83744 2.40402 2.53597 2.49892 3.10235 3.36249 2.32593 2.31106 2.22729 2.16602 2.07097 2.07416 1.99552 1.96993 1.91528 4.07019 2.55289 2.73136 2.02113 1.78604 1.77774 1.75644 2.85671 2.49059 1.64542 1.58114 1.80189 3.16136 1.67041 1.57242 1.8633 1.46036 1.40041 1.38994 1.82159 3.57749 1.45343 1.3132 2.5178 1.2743 1.25041 1.66775 1.32239 1.09785 1.09097 1.08615 1.1595 1.05483 1.04992 1.04488 1.01917 0.955669 0.874497 0.874459 0.949005 0.873541 1.69881 0.840624 0.834231
threshold=-0.76176794789010593 1.9128762108979334 0.41165917741782071 0.68038688522269031 1.1808427788049343 1.4429266159666725 -0.050970356735601061 -0.44880983598931051 1.5666395082300664 1.6770224423395157 -0.84552360455957398 1.0687242532067922 -0.20650502814900859 0.070499324860722509 -0.49933952769407042 0.96113126235674995 0.37696413436926096 0.1294409450544963 1.8712680314910555 1.5295373939575359 0.52496529963248395 -0.1952614460643837 -0.12258204015319975 0.39114506439708335 0.40848455906931119 0.89622019413910148 -0.071787069528556235 3.1249377045320599 0.11927695580181423 0.19788681783925052 0.6260492650883166 0.56892189572085849 -0.42920177589176783 2.8024140763485854 2.192633262268298 1.7284117955892324 1.4747867983117866 -0.10365085611476028 0.97295694552590994 -1.1534779902495123 -0.28670378472230956 1.3296670141670572 0.22618338282764541 1.3530847223291413 0.20309565459148624 1.4570093777774804 0.093913428148365355 -0.19404242601509089 0.56294052943768313 1.0997004160047599 0.27999146086310062 0.40848455906931119 -0.31495301353694116 1.4729340902224832 0.11201980304605907 0.18175952334280859 0.98748760125939217 -0.4051211079858868 -1.0000000180025095e-35 0.40306396533930083 -0.02617787015258868 0.33278996348655021 1.2402426159294357 0.034633133619676994 -0.073615358143033036 0.27803273482316915 0.31875383333736751 -0.068949192308589896 0.67401297612279776 0.42677820089940938 -1.6536027150998542 -1.1106317518968856 -1.1643903177682078 0.075528801482698679 0.06569921591129961 1.2732484878513084 0.046005244491622306 -0.24460196773608786 0.41473212506708329 0.33081977578288596 -1.2999441005166781 -0.19396160998523629 0.78291688991865283 0.86350749921256831 0.56892189572085849 0.032446365564732314 0.33749552120099208 1.043035552121889 0.27999146086310062
decision_type=2 2 2 2 2 2 2 2 2 2 2 2 2 2 2 2 2 2 2 2 2 2 2 2 2 2 2 2 2 2 2 2 2 2 2 2 2 2 2 2 2 2 2 2 2 2 2 2 2 2 2 2 2 2 2 2 2 2 2 2 2 2 2 2 2 2 2 2 2 2 2 2 2 2 2 2 2 2 2 2 2 2 2 2 2 2 2 2 2
left_child=10 2 7 5 -5 11 16 8 12 40 21 18 14 15 44 19 -3 -18 63 20 28 26 -23 24 54 -26 49 70 -14 -9 42 32 -6 34 35 -34 -33 -10 74 80 -8 83 -31 -32 75 46 47 48 -46 77 -19 52 -15 55 -24 56 57 58 -53 60 61 -59 -58 64 66 78 -4 81 -69 -57 -27 72 -72 -17 -25 76 -2 -1 -66 -65 -28 -44 -13 84 85 -42 -87 88 -48
right_child=1 6 3 4 31 -7 9 29 37 -11 -12 82 13 51 -16 73 17 50 -20 -21 -22 22 23 38 25 27 39 -29 -30 30 43 36 33 -35 -36 -37 -38 -39 -40 -41 41 -43 67 -45 45 -47 87 -49 -50 -51 -52 53 -54 -55 -56 69 62 59 -60 -61 -62 -63 -64 79 65 -67 -68 68 -70 -71 71 -73 -74 -75 -76 -77 -78 -79 -80 -81 -82 -83 -84 -85 -86 86 -88 -89 -90
leaf_value=0.0051394564937585546 0.011871025110757501 -0.040570761262285343 0.0093932559863315387 0.030793764839853223 0.015516649480268424 -0.03497170213595735 0.026407699837491024 0.029788633648120986 -0.040823158348617501 -0.03510528896545137 -0.020512521703772289 -0.03525360129631587 0.0039091723387717969 -0.0038157421220157647 0.030472513919954806 -0.0070895958281899192 0.01341211307021882 -0.037865197298133486 -0.034870381475394063 -0.028102040285866443 0.028818943184870945 0.029885467584033609 -0.012340794132663995 0.0075888660140676746 0.026359507202105833 -0.02359588515364619 -0.017460472627645149 0.025823118947950214 -0.03459962935951947 -0.0012551234921549929 -0.019091014711955283 0.017060706518048318 0.0013606569102875598 -0.034763784075368204 0.031141168672178664 -0.035440045678273677 -0.013097842678992232 5.319421255474972e-05 -0.0036366724233280832 -0.0030984488120674039 0.010788351608187259 0.0321910102685685 0.018632354314472618 0.01231715815416092 -0.020451410541031272 0.023413927373419078 0.0067104744361371907 -0.041077376272564761 0.015483117496967356 -0.015252827913098186 0.00040223341521861594 0.0040194141884183909 0.031574962171847402 -0.015131501100185846 -0.037992999700812803 0.024693675123239153 0.031175862572806894 0.017291252719119354 -0.027726077738998579 -0.0064224292971192514 0.028963169719174738 -0.017402059328328254 0.0080284791239524003 0.015298043055327532 -0.011941969666142926 0.015309539566536365 -0.016188051265503354 -0.001019895980040879 0.03236027923715052 0.0017292874532593545 -0.00076012616945529807 -0.017682497933965306 0.027433739665058163 -0.031369913275940159 0.029221751419716484 0.026413796259107131 0.02851567431759933 0.025116506298979397 -0.03586998655971721 -0.0045665264114231104 -0.038337442676947976 0.034448843961146905 -0.0077300237139392314 -0.015932501747024874 0.01943513016948566 -0.027321796855059831 0.0038839480276048185 -0.0011196515444549203 0.028643273918134791
leaf_weight=11.520141445100307 23.87095379084349 3.3347941786050823 12.397819131612772 9.9539901018142682 4.575369879603385 3.4495575651526442 4.0386995896697107 14.057490885257719 2.0590913295745854 1.7573171406984318 6.978649213910102 2.8541538268327704 16.382797934114947 2.1916956007480621 9.068577364087103 2.2515953555703154 3.7716048657894117 3.250085324048996 1.5373030528426159 2.3157797157764426 3.2296118587255469 4.4008722305297843 7.6856508180499059 2.1823032051324827 6.1235944777727154 2.5295353382825843 5.2105955854058283 2.960036262869834 1.4110522642731655 2.8581254482269349 2.7139328420162192 14.232862770557405 6.6205927133560198 2.1973683163523665 1.6096532344818104 2.6248307526111603 2.1334361359477034 1.8561592549085606 2.7926869839429846 6.9110894799232447 3.157933481037615 1.6480863541364659 4.5466040670871779 3.1673144400119781 2.3545432239770889 7.4106886833906165 3.3044946044683439 2.0619635432958665 2.2311016768217087 2.8650027811527243 1.1964336931705473 1.870552062988281 7.1491981744766218 2.8476465865969649 2.5038057267665863 9.1662809848785383 3.4827537983655921 1.9261176884174331 3.3758608549833289 2.9398603290319443 4.4499912410974574 1.5846537202596662 4.3165976405143738 10.455006338655947 2.7907130792737043 2.6442066878080368 1.8737672716379172 3.9408782720565751 2.8760442733764648 2.1757906824350348 6.4176149070262882 3.8444525152444884 1.4667451381683347 3.6131980568170547 7.2646870389580727 6.9676989018917075 3.6086648553609839 2.3068558573722884 2.7459651231765747 2.3931313306093207 2.6934090256690979 7.9436353147029886 1.1778998598456381 2.0557958036661139 2.1873033344745627 1.9598992615938184 3.5832513421773911 4.6275509148836136 2.0346044301986694
leaf_count=42 82 19 46 31 16 22 12 44 8 10 36 19 63 11 28 11 12 19 9 11 9 12 39 9 17 13 24 8 9 10 10 49 24 14 5 17 10 6 12 30 12 4 14 10 12 22 14 11 8 14 5 8 21 13 14 28 9 7 17 11 12 9 15 34 14 9 11 14 9 8 28 20 4 19 19 19 10 6 17 12 15 22 5 10 8 11 16 19 6
internal_value=0.00627894 0.00800817 0.00929351 0.00382598 0.0109919 -0.00329543 -0.00315431 0.0118332 0.0094699 0.00503565 0.000229509 -0.000574755 0.0103078 0.00632528 0.0148297 -0.00300268 -0.0176566 -0.00835662 0.00231913 0.00167946 0.00512169 0.00202021 0.00610931 0.00374974 -0.001256 0.00632514 -0.00447519 -0.000847691 0.000718207 0.0201361 0.0153123 0.00517268 -0.002054 -0.00841013 -0.00293516 -0.0091328 0.0129054 -0.0205575 0.0173576 -0.0144406 0.00906682 0.00416389 0.0198936 -0.00179016 0.0123786 0.00627129 -0.0014834 -0.014866 -0.00323052 0.00432032 -0.0269131 0.0120613 0.022922 0.00939122 -0.0185674 0.0114303 0.00733844 0.00196181 -0.0155872 0.0105267 0.0170319 0.00230065 0.0183141 0.0040515 -0.000169161 -0.0107158 0.00586264 0.0231683 0.0134111 0.0200492 -0.00661916 -0.00279603 0.00458398 -0.0216228 0.0239594 0.0166333 0.0141328 0.00856102 -0.0235565 0.0114174 -0.0244997 0.0285802 -0.0263441 0.0003442 0.00347749 -0.000630877 -0.00733359 0.00742823 0.0149765
internal_weight=399.108 310.45 278.509 88.2676 43.9481 44.3195 31.9412 190.241 148.137 20.3883 88.6577 40.87 144.222 76.681 67.5408 29.204 11.5529 8.21812 36.8379 23.3392 21.0235 81.6791 50.172 45.7711 33.5314 23.342 31.5071 17.2184 17.7939 42.104 28.0465 33.9941 17.6278 13.0524 10.8551 9.24542 16.3663 3.91525 12.2397 14.8151 18.631 14.5923 22.1653 5.88125 58.4723 24.0249 16.6143 6.64761 4.58564 16.692 4.44652 47.477 9.34089 38.1361 10.1895 35.2885 23.9464 16.147 5.24641 10.9006 7.96076 3.51077 7.79935 35.3006 22.4525 8.18088 14.2716 19.3072 6.81692 11.3421 14.2583 11.7288 7.88436 5.86479 9.44699 34.4473 27.4796 13.827 5.53668 12.8481 7.904 12.4902 4.03205 12.9442 10.8884 8.70108 5.54315 9.96665 5.3391
internal_count=1533 1171 1033 364 166 198 138 669 536 83 362 176 522 291 231 122 55 36 152 92 81 326 195 183 143 90 131 73 72 133 89 135 76 60 46 41 59 14 40 69 73 61 69 20 203 92 70 31 20 62 24 169 32 137 53 124 88 64 25 39 28 16 24 143 97 40 57 59 23 36 65 52 32 30 28 111 92 48 31 46 39 36 24 57 47 39 27 39 20
is_linear=0
shrinkage=0.0283043


Tree=65
num_leaves=109
num_cat=0
split_feature=6 2 2 20 0 0 0 0 20 6 0 10 20 20 15 17 17 15 17 0 15 15 2 17 17 17 17 2 2 17 2 2 2 20 6 2 0 0 10 0 6 20 2 20 20 15 15 2 6 6 6 0 0 20 6 17 20 17 15 17 15 17 2 17 20 20 2 2 17 20 17 17 6 20 20 2 20 6 17 20 15 15 15 15 15 0 0 15 15 6 20 20 6 6 20 17 17 0 0 20 15 15 15 15 15 15 20 6
split_gain=8.81957 6.33298 5.20582 3.57765 5.07171 7.55666 7.23687 4.45305 4.20134 4.05725 3.76457 3.58042 3.44544 3.12148 2.8453 2.82927 3.47751 2.87993 2.80916 6.69806 3.14864 3.08291 4.06295 3.34697 2.75461 2.59889 4.47647 2.4852 2.35288 2.17813 6.09778 2.17444 2.14477 2.47898 3.92999 2.01628 2.00165 4.95422 2.91064 1.95453 1.91561 1.81445 3.87185 2.36968 2.22193 3.31719 2.26401 2.05341 1.78784 4.77392 2.26589 1.78519 1.79529 1.78211 2.73508 1.71502 1.61864 1.55612 1.53819 1.93711 2.58218 2.44405 2.90305 1.49083 1.46615 2.42198 2.45646 1.90878 1.46522 1.37228 2.77111 2.16004 1.33273 1.31335 1.29261 2.55205 2.41877 1.28962 1.28452 1.23741 1.32175 1.22903 2.55491 1.16902 1.14347 2.86524 1.11782 1.10676 1.10163 1.07195 1.06746 1.42482 1.05604 2.64479 1.04936 0.981377 1.12768 0.961247 0.96045 0.921347 0.912983 0.913998 1.035 0.90121 1.06778 1.27811 0.871624 0.836534
threshold=0.98517258165982136 0.16371521634901207 0.38091383828374786 -0.93937265372244061 -0.051625225645884051 -0.21057461044504258 -0.71525829839265176 -0.15033014469366279 -0.76892152093690858 0.83897537852386062 0.42111052868451099 1.2823179279578862 -1.4923974263123381 -1.0327404724713845 -0.71351200939416892 -0.2400468348108897 -0.1402307686081595 1.2946830764002841 -0.31151934591506952 0.28876734787806685 0.84072408317559055 0.38443972264752369 0.22094392307852831 0.70562467999095335 0.041245904448951244 1.4631962854927252 1.0156992767477762 -0.24820556661711735 1.2522730674120768 0.35970668709575748 -0.016061497131507643 1.5679694166146236 -0.4051211079858868 0.46870083720213568 1.0827871248257124 0.40264419260108714 -0.34173236632111836 -0.31713845773489374 0.706479786558592 -0.18221222137030094 1.0757659321862023 -0.28405226347544649 -0.0021302882209816572 -0.78440801010440186 0.27039397430373791 -0.23755267669925315 -0.4709722583517903 0.27030353690879355 1.2181530568519077 1.2454225704446971 1.2828245634627511 0.80559066520519007 0.59291665177167807 -0.3563724222286348 1.2961182433655203 -0.42990969375798394 1.359685193041416 -0.061122055717978421 0.68386032271072872 0.5096061073592254 -0.099362798070635347 1.1416089457371101 0.27201725047351938 1.6577733302362794 0.72538752480440016 -0.30395277612546195 0.28950412358296612 0.27641228458169365 -0.02242482396315337 -0.28405226347544649 1.1416089457371101 0.16773023658289499 1.428372888605961 -0.17858952162467653 0.30982092981711434 1.4468436755431886 -0.36056200383916442 3.0131492395679977 0.85352738932823458 1.0000000180025095e-35 -0.24629448123973208 -0.16871392191836673 -0.052130252708552337 -0.16250243230799935 0.82004802067813654 1.4540034672410542 -0.20652806731853793 0.022383974812771278 0.71415315846281224 1.1234168699102711 -0.45076269839443434 -0.7469262174816288 1.1811337354706042 1.1272269483805266 0.54473675583609116 0.91125668522827197 0.025642339064800786 1.002049236381316 -0.24094197748843216 -0.34400318128326202 -1.0000000180025095e-35 -0.064103923670669125 -0.4709722583517903 0.89581558176297349 -0.020867857029977368 0.68386032271072872 -0.0074151872516126883 1.1868405342273625
decision_type=2 2 2 2 2 2 2 2 2 2 2 2 2 2 2 2 2 2 2 2 2 2 2 2 2 2 2 2 2 2 2 2 2 2 2 2 2 2 2 2 2 2 2 2 2 2 2 2 2 2 2 2 2 2 2 2 2 2 2 2 2 2 2 2 2 2 2 2 2 2 2 2 2 2 2 2 2 2 2 2 2 2 2 2 2 2 2 2 2 2 2 2 2 2 2 2 2 2 2 2 2 2 2 2 2 2 2 2
left_child=3 12 92 13 5 6 8 39 -5 36 29 64 -2 18 -15 17 83 31 19 20 86 22 23 68 -23 26 -26 69 72 73 -31 55 33 34 -14 -24 -8 38 -38 56 -35 43 79 -12 46 51 97 -47 107 -50 -51 52 -46 54 -52 103 -7 -16 59 60 -29 62 -61 -63 65 90 67 -67 -20 70 -18 -71 -4 99 75 -30 -77 -56 -73 80 -43 -81 -83 -17 100 -86 -1 -25 -84 -76 91 -9 93 -3 -41 96 -60 -44 -39 -6 101 102 -45 104 -10 -106 -48 -36
right_child=1 2 28 4 10 7 9 11 15 -11 41 -13 32 14 57 16 27 -19 21 -21 -22 24 35 87 25 -27 -28 58 74 30 -32 -33 -34 40 48 -37 37 98 -40 94 -42 42 44 84 45 47 106 -49 49 50 53 -53 -54 -55 77 -57 -58 -59 95 61 -62 63 -64 -65 -66 66 -68 -69 -70 71 -72 78 -74 -75 89 76 -78 -79 -80 81 -82 82 88 -85 85 -87 -88 -89 -90 -91 -92 -93 -94 -95 -96 -97 -98 -99 -100 -101 -102 -103 -104 -105 105 -107 -108 -109
leaf_value=0.0081487899709531113 -0.023779018941154015 -0.034769233168946381 -0.003646532954278412 0.025574404519349732 0.026681469895604673 0.0041735131180122668 0.033566897643800379 0.015066332830062064 0.01316075271431421 -0.015893019871542773 -0.0053466855129709213 -0.033003302921755788 0.025310561735531249 -0.040126825260267819 0.014132830896743089 -0.036050979641017146 0.013249449632965956 -0.016720508044134261 -0.0084959862370502549 -0.035532934618729382 -0.021819570114370138 0.030552444157866888 0.033109634287589784 0.016451365626525983 0.013512402658461172 0.025983171876293482 -0.036269660083592718 -0.0037646676008332679 0.018825301673033205 -0.018256271805619981 0.029078265721758614 -0.017232661606145224 0.026861305417110619 -0.00081123891579091103 -0.011864359977621202 0.0018211487006322934 0.0079796928396945344 0.02811540295593631 -0.032159277279165267 -0.015661949044204704 0.024457730665807375 -0.016547527861825805 -0.041210727636157962 0.016748191186757577 0.016527230232623966 -0.022289123476019013 0.010454370851324179 0.008240791567165227 0.035801109264337695 -0.033170976791445865 0.017925824204331309 0.030121835849138068 -0.019243488383017943 0.016540664845071305 -0.038781842234973232 0.028157704765630929 -0.024888399003811814 -0.018653503725552342 -0.035237858583102986 0.0031266786999983192 0.02498301728024439 0.03305856825360267 -0.036179522102384988 0.0030422493314073151 0.015271271277756862 -0.0094733919622021889 -0.035659504430573682 0.023889872883590547 -0.03872967475644095 -0.035955340969042154 -0.026366213574953834 0.0062947935342162536 0.029617694389051381 0.033605605995802146 -0.035086976734020808 -0.039337992980699524 0.0012064059671112886 -0.0039516383878238255 -0.022933494527481533 0.022476537702603449 0.013228486588899017 -0.0072418841255378888 0.026755997895781963 -0.0086116580846254155 0.022553311594166826 -0.018201157432104556 0.031418434424616261 -0.012304750195411706 0.0063917234724342074 -0.0066453561580910956 0.022725738512651882 -0.014301495491934562 -0.033895730968586162 0.00098925097723061729 -0.036273945431855394 0.0067401155919276342 -0.0015890292488316227 -0.013969627635158901 0.015170670421058258 0.0077438123016170561 0.03321759247860849 0.0026488325434425313 0.034310790826770458 0.027500125934068281 -0.012374946078740326 0.011582614404169187 -0.013879300170450864 -0.034056474981578509
leaf_weight=3.9272488951683036 2.8831689283251754 3.350366562604906 1.329150736331939 6.9824325293302527 4.6810913234949112 4.239088386297226 8.704718738794325 2.9288301914930344 14.43085741996766 2.1715253889560691 3.0416234657168415 1.9599958136677731 3.5509109646081951 2.4317196607589722 1.9931385368108747 2.7050512731075287 4.2970470190048218 2.8573214262723914 1.8443745970725975 4.2853047102689734 2.0126872137188911 6.7354388236999503 2.9956922382116309 2.728674590587616 3.7250220179557783 3.4307439029216766 2.0778019204735756 3.2017019242048255 2.8161577954888326 3.2917606681585312 5.3313932716846448 1.7096661776304234 3.5036830008029929 3.2667901664972288 5.8069571480155018 3.0279876440763474 4.6001209914684287 16.240751601755623 1.8114784508943556 3.4823686406016332 6.7717514485120773 1.8627412915229795 2.0253513678908353 7.7891545444726988 3.1894294917583448 3.8715180009603491 2.8129723072052002 2.8890044614672661 2.312339946627616 1.9822314083576182 1.5430253148078907 4.2020321935415268 1.4820346683263776 2.7957789674401292 2.0908317640423779 5.2536655813455608 2.1588268727064133 2.188979670405387 1.4732037186622613 3.7617041915655118 8.6642199605703407 2.0216087400913239 2.2491425350308418 2.9499125406146049 7.823920637369155 5.3867131024599093 2.0603808388113976 1.6252523362636564 3.2807338535785728 2.7805980890989286 1.8054691255092619 2.83629010617733 2.3583794981241226 12.297810167074203 2.0408127605915074 1.7364709228277195 2.8187851235270509 1.2061130106449125 1.7982130646705625 14.226845219731334 2.5979212597012546 4.1051217764616021 5.3966731429099983 1.9596553146839131 3.754606381058692 1.8977159708738325 2.4245698973536483 1.4568448513746259 3.0915197283029556 1.8626381829380987 3.6158050894737297 2.026152029633522 6.9205888882279396 2.9698571041226387 4.1742426082491875 1.8085069507360456 1.3443894162774084 1.7953746840357778 6.0680482685565975 3.2307758778333708 5.0538086444139472 1.9545952677726735 3.6781131029129037 2.0371741950511923 3.3179096058011046 3.2968792915344238 1.7461650967597977 1.6070886254310606
leaf_count=14 16 22 7 20 14 16 27 9 50 8 13 14 10 13 6 11 14 12 7 21 11 18 7 9 12 10 12 14 9 12 16 8 10 13 28 13 16 50 7 20 20 8 12 25 10 18 11 11 5 14 5 12 8 11 13 17 11 12 9 13 27 6 14 12 26 25 13 5 18 17 8 10 7 38 13 10 13 6 10 43 11 15 15 9 12 9 6 6 10 8 11 10 53 14 26 7 5 9 19 12 12 8 10 6 13 12 9 11
internal_value=0.00614974 -0.00315047 -0.0133675 0.00806414 0.00932427 0.00620228 0.00966688 -0.0042385 0.00504636 0.0196408 0.0139978 0.00234441 0.00415494 0.00115697 -0.0166788 0.00317169 -0.00137945 0.00947131 0.00386052 -0.00727659 0.00713636 0.00839871 -0.000570644 -0.0122109 0.0170498 0.00722013 -0.00420175 0.00123825 -0.00202245 0.0227649 0.0111002 0.0120682 0.0065284 0.00430251 -0.000822111 0.0171332 0.0218516 0.0182754 -0.00323294 -0.0171232 0.015889 0.0109302 0.00798922 0.0168854 -0.000522502 0.00569683 -0.0121312 -0.00895361 -0.00585059 0.00085387 -0.00778591 0.0169475 0.00546089 -0.000944762 -0.0110375 0.0139439 -0.00583864 -0.00311396 0.00611356 0.00913201 0.0169947 0.000678696 -0.0113543 0.0148932 0.00519519 0.000718694 -0.00939953 -0.00163836 -0.0273503 -0.00860273 0.00104457 -0.0167687 0.0169282 0.027852 -0.00833043 -0.00151015 -0.0142398 -0.0254416 -0.00527167 0.0145165 0.00135123 0.0168305 0.0104719 -0.0237467 0.0198693 0.00904447 0.0169419 0.00598527 0.0191265 -0.0212658 0.0113034 0.00315247 -0.026238 -0.018063 -0.0267603 -0.00839238 -0.0187985 -0.0279062 0.0245168 0.0190522 0.0232686 0.0194771 0.022449 0.0106492 0.00889794 -0.000374412 0.000908023 -0.0166422
internal_weight=396.009 67.5239 28.2032 328.485 277.918 166.621 125.139 41.4816 85.5426 39.5966 111.297 27.4271 39.3207 50.567 6.61384 78.5602 45.6567 32.9035 43.9531 12.6498 8.36451 31.3033 15.3343 9.31063 15.969 9.23357 5.80282 40.992 14.9624 28.8328 8.62315 30.0462 36.4375 32.9338 22.8953 6.02368 37.4251 28.7204 6.4116 14.0545 10.0385 82.4643 55.2947 27.1696 24.0139 15.634 8.37986 6.76052 19.3444 11.9303 9.61798 8.8735 4.67146 7.63575 4.83997 28.3365 6.39792 4.18212 27.4744 22.8483 11.8659 10.9824 6.01085 4.97152 25.4671 17.6431 9.07235 7.01197 5.12511 13.5176 6.10252 7.4151 3.68753 20.2097 11.2749 7.37141 4.55526 3.29694 4.6345 31.2808 4.46066 26.8202 12.5933 4.66471 24.128 5.65232 6.35182 4.18552 8.48819 3.90345 8.57079 4.95498 13.2408 6.32022 7.65661 4.6261 2.81759 3.82073 22.3088 7.91187 18.4757 13.4219 11.4673 23.0828 21.0456 6.61479 4.55914 7.41405
internal_count=1533 318 156 1215 1020 637 451 186 324 127 383 113 162 195 31 304 186 118 164 52 31 112 60 40 52 34 24 166 67 92 28 106 146 136 103 20 119 92 23 73 33 291 202 89 100 59 41 29 93 54 49 30 18 35 24 98 27 18 107 86 41 45 27 18 99 73 43 30 25 59 22 37 14 64 53 32 23 19 20 102 19 83 40 20 76 21 20 15 25 21 30 19 89 36 46 21 14 21 69 26 55 43 35 81 75 25 20 39
is_linear=0
shrinkage=0.0283043


Tree=66
num_leaves=90
num_cat=0
split_feature=21 18 5 19 19 19 19 18 5 21 8 8 8 5 19 21 21 3 5 5 8 5 21 21 5 5 21 5 5 21 5 21 19 18 5 5 19 5 3 19 19 21 21 19 19 19 21 5 21 21 5 3 3 8 8 8 8 8 8 19 21 21 19 21 21 21 5 5 21 3 8 8 8 8 3 8 21 21 8 5 3 8 19 19 21 21 21 21 21
split_gain=4.90823 5.17927 4.59004 4.57365 5.26484 6.2201 4.42353 4.56351 4.1448 3.96092 3.1522 5.14722 4.78192 3.45481 3.33125 3.43951 3.22159 3.0977 3.08684 4.85256 3.64268 3.21529 3.07529 2.88747 2.68403 3.90127 3.06241 4.48718 2.90588 2.52936 2.52369 3.18188 2.43713 2.76055 3.14372 2.42638 2.39495 2.31095 2.24908 2.49517 3.24375 2.24714 2.41482 2.36587 2.93953 3.19591 2.20421 2.1701 1.97295 2.00205 1.95441 1.84883 2.3886 1.89502 2.81174 2.6384 1.644 1.54126 1.52379 1.48664 1.47957 1.59489 1.36154 3.83497 1.67566 1.34528 1.32059 1.31896 1.29134 1.19261 1.73879 1.71425 3.00013 1.59367 1.31059 1.14354 1.12162 3.54154 1.11163 1.09119 1.05769 1.03921 1.03089 1.01494 0.876176 0.86218 0.843975 0.839164 0.912402
threshold=-0.76176794789010593 1.9128762108979334 -0.050970356735601061 0.41165917741782071 0.68038688522269031 1.1808427788049343 -0.44880983598931051 1.5666395082300664 1.6770224423395157 -0.84552360455957398 1.0042803793425035 0.37624574582889375 0.12803540011708323 -0.18873441203837929 0.44841960721896729 -1.7441608616511062 -0.91243837482031898 1.0687242532067922 -0.20650502814900859 0.070499324860722509 0.1890551636582094 -0.49933952769407042 0.37696413436926096 1.1418190904523706 -0.050970356735601061 -0.015345563623540117 0.27431267247261437 -0.068713119215962876 0.034633133619676994 1.8712680314910555 3.1249377045320599 -0.93286946422220551 0.19788681783925052 1.0000000180025095e-35 0.74070409181253904 1.3530847223291413 0.22618338282764541 0.8236057800318749 -0.068949192308589896 0.25387026263885037 0.34278866161801408 0.56892189572085849 -0.42920177589176783 2.8024140763485854 2.192633262268298 1.7284117955892324 1.4747867983117866 -0.10365085611476028 -0.28670378472230956 1.3296670141670572 -0.025038626956610677 0.9373837481202264 0.16929454180372039 2.1101938412688419 1.0895494536956576 0.13459455968271042 0.37624574582889375 -0.29019423541002315 -0.21618342001279642 0.64666292669617509 0.59169134101960819 -0.28670378472230956 0.20242957013988008 -1.4713999131967872 -1.177995297531776 -1.9330952941663553 0.93579091820571703 0.047770762562488099 -1.1534779902495123 1.1888807629993934 -0.035375781180603215 0.20441534479025289 0.12803540011708323 0.93050451891479169 2.0491615640034158 0.078401162807038238 0.26538440450277284 0.043311453570359891 0.98556230010447476 -0.018836551950393115 2.3611703983541559 1.0962554601172319 0.25782723898492504 0.73926334596111221 -0.11642895986889885 0.78291688991865283 -1.1106317518968856 0.86350749921256831 0.56892189572085849
decision_type=2 2 2 2 2 2 2 2 2 2 2 2 2 2 2 2 2 2 2 2 2 2 2 2 2 2 2 2 2 2 2 2 2 2 2 2 2 2 2 2 2 2 2 2 2 2 2 2 2 2 2 2 2 2 2 2 2 2 2 2 2 2 2 2 2 2 2 2 2 2 2 2 2 2 2 2 2 2 2 2 2 2 2 2 2 2 2 2 2
left_child=9 3 22 6 17 -6 7 18 48 10 11 12 13 62 15 66 -14 29 21 24 37 57 -3 -24 26 -26 -20 -28 60 51 31 -17 -8 34 36 -36 -34 58 82 -40 -41 42 -7 44 45 -44 -43 -9 -4 87 -12 52 53 54 55 67 -11 80 -21 -16 61 -27 64 -64 65 -1 -15 79 -65 70 -59 72 75 -73 -71 -72 77 -39 -22 -5 -2 -75 -38 -61 -30 -19 -66 88 -50
right_child=1 2 8 4 5 41 32 47 -10 56 50 -13 16 14 59 30 -18 85 19 20 78 -23 23 -25 25 28 27 -29 84 -31 -32 -33 33 -35 35 -37 38 76 39 40 -42 46 43 -45 -46 -47 -48 -49 49 -51 -52 -53 -54 -55 -56 -57 -58 69 -60 83 -62 -63 63 68 86 -67 -68 -69 -70 74 71 73 -74 81 -76 -77 -78 -79 -80 -81 -82 -83 -84 -85 -86 -87 -88 -89 -90
leaf_value=0.0060783749057490583 0.0025881596973350873 -0.040028612537331712 0.025978592285754387 -0.0041333246875422383 0.030445320667989117 0.015038135099905557 0.029384667532400169 -0.039714081366028171 -0.034825431643822465 -0.030159113181159138 -0.004593312491752757 0.033713004560086662 -0.031334266587743693 -0.0039958076321564232 0.033112141712783413 0.0089068219617705092 0.015013292607485396 -0.034895821159337169 0.023359957396688908 0.022525581414205766 0.03387276389078963 0.030135312843593231 0.0065881142793272826 -0.026626076175281323 -0.035498866577347472 0.012376508899611243 -0.023947505104810474 0.025195102100491463 -0.0078652108607602297 -0.034722717138869902 0.033228586106649312 -0.022731725260765997 -0.010355644042814154 0.03324878011707199 -0.034956623040966216 0.0058934041941618286 0.010417928850738294 -0.0034627524995112812 0.031059042776836493 -0.037653523712132778 0.012366430835263597 0.016481717760161031 0.0011163182904358937 -0.034457822263341993 0.030852751440692636 -0.035079108536166963 -0.013012218528655488 -6.1221432742957423e-05 -0.00065413544592096977 0.031800350640026558 -0.034787587088265452 0.019824587048295015 -0.033677180483460571 0.023608658510791691 -0.025363860173337464 0.019208937734454187 -0.001782387851852891 0.028631792596951214 0.0013663160377358013 -0.0017644289118258956 0.016611414981985765 -0.016013541824484036 0.020510490375475868 -0.037259579345631219 0.025179518634687911 -0.01494369088618323 -0.036079153542940355 0.0059069233629828483 -0.012511008434270559 0.033094972743212783 -0.00099912350527170488 0.033002653535993763 -0.033703109287180344 -0.0050927824629778294 0.011776004854693893 0.017276978069736437 -0.0068357150233845686 0.031323731078067608 0.01784375454292883 -0.02294195925610058 0.022952284738259169 0.015477171562225079 0.031601751937146101 0.020901356821586291 -0.035005992068953447 -0.0075612151969843945 0.0042355248589793018 -0.015714242595509204 0.019152241916778088
leaf_weight=3.822778031229972 15.731921657919886 3.2581883892416981 3.9576905965805116 11.039456591010094 9.6212262213230115 4.5182213708758345 13.564452424645422 2.0611086040735249 1.7158143073320378 4.5631930977106085 4.1356542259454727 4.0220779776573172 5.1737503260374069 1.7097522616386371 5.1439117416739446 18.667470157146457 1.3873111978173245 2.8993573635816565 5.1659458279609698 8.5379750207066518 5.0450177490711203 8.7762685120105726 4.4685347080230695 3.5957745835185051 3.581340037286286 2.4427306875586527 3.7639804631471634 2.1089447289705276 1.3682442754507067 1.5010835826396931 2.5815389454364768 2.7093397080898383 2.2436051219701865 5.0133508443832389 1.7794302850961674 2.4596399813890457 2.0553057789802631 7.7521979808807391 1.7695820331573422 1.5401448458433153 2.2542698830366135 14.04247308522463 6.571793772280218 2.1387893036007872 1.5433313846588124 2.5569233596324921 2.1154203191399565 1.8469475358724583 8.6090896129608137 1.6254476457834233 2.6914039775729171 3.4054716378450385 1.5484740212559689 2.3471766412258139 3.3890411034226409 5.1498467475175849 2.3262373805046082 4.2455521970987311 3.6595737710595122 2.1867411285638809 4.3971733152866364 3.7009666487574506 1.8381153941154478 2.9549812674522395 2.3069904744625092 5.8682847693562499 2.0294328182935715 8.3426064252853376 3.4949735701084124 5.2124888449907285 5.8655000180006081 3.2763270139694205 1.4659931361675251 2.2258224710822097 3.6202896982431412 4.7093617618083954 9.0609190464019758 3.0740904957056046 9.5596586763858777 2.9791821762919506 2.1198728382587424 9.1178346797823888 8.3907122611999494 4.1771311908960342 2.3352749943733224 1.1702714711427686 3.5233614444732693 2.0371857061982146 2.1568997278809539
leaf_count=12 60 19 12 49 31 16 44 8 10 26 18 11 33 7 13 70 5 20 15 26 15 28 17 19 22 9 15 6 7 9 6 14 8 15 7 8 7 34 6 6 8 49 24 14 5 17 10 6 39 4 18 11 10 7 20 16 10 12 15 8 13 19 5 18 6 27 12 32 17 14 24 10 9 9 11 15 40 8 31 19 6 33 24 13 16 5 13 10 8
internal_value=0.00602901 0.00772123 -0.00311934 0.00897053 0.00361321 0.0106083 0.0114637 0.00915654 0.00491566 0.000119535 0.00187369 0.00358024 0.00178545 0.00417258 0.0093265 0.00404895 -0.0208211 -0.00329128 0.00998496 0.00607995 0.0116986 0.0144308 -0.0174316 -0.00830087 -0.00301122 -0.00980024 0.00780508 -0.00574759 -0.00324456 -0.000904179 0.00794588 0.00478889 0.0196437 0.0148539 0.0106206 -0.0107007 0.0156545 0.00640077 0.0195007 0.00535011 -0.00749871 0.00488445 -0.00217006 -0.00844544 -0.00309475 -0.00908992 0.012401 -0.0201098 0.00886431 0.0040687 -0.0162639 0.000516974 -0.00142165 0.000170535 -0.00168189 0.00129737 -0.0201461 0.0120129 0.0159786 0.022009 0.00430544 -0.00440652 -0.00427863 -0.0134816 0.000579277 -0.00649719 -0.0204616 -0.00287673 -0.0237298 0.0151006 0.0125009 0.00982081 0.00198173 0.0162665 0.0241457 0.00710999 0.000466059 0.00650846 0.0233262 -0.00816024 0.00515276 0.011353 0.0271679 0.0132114 -0.0241565 -0.026262 0.0123782 0.000300529 0.00339019
internal_weight=392.519 305.205 31.4246 273.78 86.8801 43.1082 186.9 145.829 20.1021 87.3144 80.425 73.5979 69.5759 63.0148 39.2053 27.6975 6.56106 43.772 141.921 75.554 46.6894 66.3672 11.3225 8.06431 28.8646 17.8257 11.0389 5.87293 14.2444 39.7023 23.9583 21.3768 41.0705 27.506 22.4927 4.23907 18.2536 32.0848 16.01 5.564 3.79441 33.487 17.3291 12.8108 10.672 9.12872 16.1579 3.90806 18.3863 14.4286 6.82706 38.2013 34.7958 33.2473 30.9001 27.5111 6.88943 57.591 12.1975 11.5078 10.5409 6.1437 23.8095 8.28807 15.5214 9.69106 3.73919 22.3612 6.44995 39.7392 30.9064 26.6608 12.0409 14.62 8.83278 10.5749 19.8872 10.8263 14.6047 14.0186 17.8518 11.3437 10.446 6.36387 3.70352 4.06963 5.83035 12.8032 10.766
internal_count=1533 1171 138 1033 364 166 669 536 83 362 326 290 279 241 143 109 38 198 522 291 169 231 55 36 122 86 36 21 64 173 90 84 133 89 74 15 59 123 51 20 14 135 76 60 46 41 59 14 73 61 36 164 153 143 136 116 36 203 41 34 41 28 98 40 58 39 19 100 35 137 112 100 48 52 25 39 82 42 46 68 66 42 31 21 23 25 19 57 47
is_linear=0
shrinkage=0.0283043


Tree=67
num_leaves=97
num_cat=0
split_feature=13 21 13 18 8 10 10 22 10 21 21 22 22 8 8 9 21 13 13 22 22 22 9 9 22 13 9 21 22 8 8 8 8 8 21 21 13 8 8 8 22 22 8 22 13 9 9 22 10 13 8 9 9 8 9 9 10 10 10 22 22 9 9 21 22 8 22 21 9 21 8 9 8 22 22 22 9 8 21 9 22 13 22 22 8 13 13 13 9 9 22 21 9 9 9 8
split_gain=5.48604 6.46263 5.34297 5.23083 4.2827 3.82117 5.2018 5.02978 3.54174 3.4828 3.79579 3.55237 3.26737 3.18943 5.40652 3.72549 3.20287 2.82093 5.24946 3.72603 2.72768 4.74291 2.93577 5.57914 3.63579 2.56772 2.89727 2.48564 2.47146 2.41425 3.54913 2.40774 2.72606 2.68507 2.30717 2.27944 2.6632 2.2475 4.27892 2.79585 3.63894 3.14509 2.20874 2.6631 2.5999 2.10696 2.02797 1.93551 1.90683 1.87014 1.86151 6.5312 2.26754 2.77421 1.8447 1.75265 1.63655 1.73949 1.93561 2.6448 3.0782 2.22682 2.41639 1.63108 1.61285 1.60998 1.60305 1.54435 2.40493 3.57453 1.53246 1.48517 1.46998 1.35144 1.48828 1.34566 1.31032 1.2936 1.28825 1.18491 1.88462 1.07943 1.07225 2.13538 1.04301 1.03619 2.92145 1.23585 0.988125 0.976614 0.958366 0.952519 0.929842 0.865673 1.8746 0.85209
threshold=0.22889777337348557 -1.6536027150998542 -0.48742083761836419 1.8751067852320178 -0.21618342001279642 1.0750457607101371 1.0000000180025095e-35 0.67259992767157184 1.1646820781657314 1.6281026379738048 2.4901056526811454 0.68273651944278124 0.90347571201347499 -0.766271742389803 -0.081084312541668244 0.45295160832698411 -1.5472665711839084 0.40414851078392128 2.0286162231946205 0.15062507846469689 -1.4440635389819951 -0.32841832324058445 -0.41403477780318448 -0.22416190215448603 -0.52153828458525275 0.01454263506376339 0.37393208521876359 0.41473212506708329 -0.2501876855710139 1.5549952483048839 0.11377167550944302 0.72719015196114045 1.2756142099707493 1.0793289125217551 -1.177995297531776 -0.27073682930534393 0.19953054233972764 0.1890551636582094 0.90592235522928444 0.13621966488852255 0.26630147867732379 0.58232463389738731 1.2200669392612433 -0.17431827751403106 1.2240310375797847 -0.49906293621674352 0.51560854310702442 0.95394401363201486 0.97246674966987123 0.090021731669554211 -0.035375781180603215 -0.36643524434460173 0.43531566682151351 0.078401162807038238 0.46707787013754815 0.34541693250481914 3.2030445946329182 1.5371153910377959 1.2003819115991485 -0.02100530832500697 -0.2501876855710139 -0.31425959790513208 0.61942661934297349 -2.6188004461041223 -1.0023466457989327 0.059017377822050313 -0.2810506261638262 -1.4547716045968706 1.4928593559331742 -0.70073449700632007 -0.12256365445146315 0.38319572958355047 1.7028602424529937 -0.66898395594905902 -1.0496189396590208 -0.78828567839515384 -0.34961106548965376 2.0801391847517143 0.56084393898623996 0.39443307137313721 0.49097605393566357 0.21801559294051481 0.1111996991757334 0.8451843466279777 0.84780036964550998 1.1778184110778172 0.3095248374904967 0.27520200072084883 1.8361553725306365 0.6582798081650435 -0.71308409285486241 0.73265404801435841 -0.58847620463459605 0.69039218360483301 0.47349238676814814 0.045713052673263137
decision_type=2 2 2 2 2 2 2 2 2 2 2 2 2 2 2 2 2 2 2 2 2 2 2 2 2 2 2 2 2 2 2 2 2 2 2 2 2 2 2 2 2 2 2 2 2 2 2 2 2 2 2 2 2 2 2 2 2 2 2 2 2 2 2 2 2 2 2 2 2 2 2 2 2 2 2 2 2 2 2 2 2 2 2 2 2 2 2 2 2 2 2 2 2 2 2 2
left_child=1 63 3 5 12 6 20 56 -6 25 11 -11 54 15 -15 16 -2 -18 19 28 -3 22 45 -24 93 -4 35 67 90 30 50 -32 33 -33 46 49 78 39 -39 40 73 -42 43 44 -40 64 -16 -21 92 -27 70 95 71 -54 76 -31 57 58 79 60 61 -60 -63 -1 -22 -43 -41 -17 69 -69 -23 -53 -44 74 -36 -64 -5 -74 -37 80 -7 -38 -45 -84 -8 86 87 -75 -28 -71 -19 -80 -20 94 -25 -52
right_child=13 2 9 4 8 7 84 -9 -10 10 -12 -13 -14 14 34 27 17 18 48 47 21 29 23 24 -26 26 88 -29 -30 55 31 32 -34 -35 37 36 81 38 42 66 41 65 72 82 -46 -47 -48 -49 -50 -51 51 52 53 -55 -56 -57 -58 -59 59 -61 -62 62 75 -65 -66 -67 -68 68 -70 89 -72 -73 77 85 -76 -77 -78 -79 91 -81 -82 -83 83 -85 -86 -87 -88 -89 -90 -91 -92 -93 -94 -95 -96 -97
leaf_value=0.0063845011516250501 0.014251049853072141 0.024744741936369101 0.030492264734012401 0.0058402201834266551 -0.032879834443194922 -0.010125094262653263 0.02758075683561035 -0.027683023805031501 0.012861430687080008 0.0040735660311525613 0.027187289647577165 -0.040943771573624367 -0.0354770306301656 0.025589539249922941 -0.036468195718642883 0.016540770406333231 -0.023187765064131539 0.012833674545523595 -0.016134370978228691 -0.03260457990576935 -0.013527270348702458 0.0094132142788806786 -0.030453977418655499 0.0097998110247870269 -0.025946008104597643 -0.011309944795660666 0.030726245231586652 0.025300505156127667 0.036123785631910314 0.0055610426919750471 0.030377479797851336 0.012256291564425531 0.03309163554444753 -0.023213000970377078 0.0068539088323211865 0.028843186618873768 -0.022294317345160498 0.033233031233084485 -0.03567695281590634 -0.03542785582118288 -0.038037979084283698 -0.01891674484488386 0.027383581473036638 0.021224640045281674 0.0063136530701865231 0.034653431115661645 0.0049731233245580986 0.00080948112369926201 0.00075566915861764727 0.011240921171123739 -0.037530771560335532 0.0089321882695642101 -0.016412680722037467 0.022944454021250789 -0.0092238572300802867 -0.021491946337436209 -0.021820992762908269 0.021044454696711665 -0.032521950638171544 -0.033624536527142125 0.028459046900715868 0.018558236820769552 -0.036357915277338254 -0.020641680194263903 0.012234347936398691 0.011112076520213666 0.00050412403252468455 -0.03727836536580665 0.013122422897157354 0.010496105071563915 0.027575831564214906 0.037077053573184499 -0.014946217344872536 0.0084183151741848896 0.037015919614947511 0.0019743541579216361 0.031776694134373888 0.011559034978775711 -0.001706756617304149 0.025980691191953328 0.025463046201202134 0.0092067165510568046 -0.019534625801115778 0.015978610114662936 0.0093003895995503114 -0.010636746363100387 0.027647482963394952 -0.018516216142448014 0.011795250161427228 -0.013046495916160668 -0.012267993009439735 0.020277538946430192 -0.042154562554802023 0.013106851669778846 -0.020263540601699527 -0.015850982636217766
leaf_weight=2.1082085818052292 3.6921046674251548 7.2073020190000525 11.68714828789234 2.5147458538413048 6.2985491678118697 2.7519557625055446 14.696241050958635 4.6086387634277335 1.5524583980441091 3.0771886706352225 2.3150051832199097 2.2126424759626389 1.2230614721775053 8.7554490566253644 2.1692128181457515 3.5586752668023154 12.057549737393858 3.3214794248342532 1.3558333292603491 2.3088751435279846 2.5630241334438315 32.253322757780545 6.0025700777769115 4.4687937349081057 3.1568556055426589 5.238595783710478 10.2510829269886 3.9332643598318091 2.9657250940799713 4.8858477696776381 11.171101674437525 10.165774345397947 3.9682436883449546 1.8283635154366482 2.2729328498244286 8.7154728472232872 1.5863747298717492 4.6333552598953274 3.1051078885793713 2.8231324106454849 2.6709767729043943 2.2398556023836136 3.595782369375228 2.3359124660491934 1.6847426965832708 2.0887379646301261 1.4317613244056699 2.863826110959053 1.3871883302927015 6.0403553694486618 2.3039616271853474 2.268997445702551 3.2192430645227432 2.1870080679655075 2.2357905656099319 2.855660080909729 1.6518617421388615 4.6353274285793296 1.9527020603418428 2.0144231393933181 2.2828356325626382 2.8756473362445831 1.3762000501155931 7.5166084393858892 5.9842244684696189 3.1382468268275261 1.3341867253184307 2.882245339453223 4.1939697116613397 3.1767901182174638 3.8689371496439042 3.2632221877574921 1.6278224885463695 2.4270563125610405 2.3465853631496421 1.2187592014670294 3.1713040322065371 7.0382030457258224 2.2886459678411475 3.1495654881000519 1.7646692544221876 1.5102898627519605 2.3844349011778831 2.6175033450126648 2.6447974145412436 2.7180771753191939 3.600887306034565 2.5644131749868393 2.4977736175060263 2.2104082703590393 1.6499475687742231 3.9136506319046021 3.6780882105231276 7.6605592742562294 2.3386727422475815 3.3216718882322311
leaf_count=7 12 21 40 10 38 13 45 27 5 11 6 10 7 28 14 11 77 13 7 12 13 111 36 14 16 18 30 12 7 17 36 35 12 11 9 26 9 14 20 18 15 12 13 8 6 5 6 12 6 20 14 9 14 6 10 13 10 15 15 14 6 10 8 36 20 11 6 19 14 12 11 7 7 8 5 6 8 26 8 9 5 6 13 9 10 12 10 16 8 11 7 14 19 26 12 17
internal_value=0.00590871 0.00821454 0.00907463 0.00677073 -0.00812346 0.00821115 0.010104 -0.000904941 -0.0233961 0.0163402 -0.00124255 -0.0144689 0.00476295 0.00102029 0.00504338 -0.00405151 -0.00957326 -0.0124996 -0.00589306 0.00431732 0.00815144 0.00714939 -0.00174617 -0.00731357 0.000642099 0.0188865 0.0156417 0.00566368 0.0163882 0.0106369 0.0121033 0.0203834 0.0134274 0.00671209 0.00205889 0.0107519 0.0169293 0.00343757 0.00894465 -0.00223738 0.00143925 -0.0138709 0.0042504 -0.00425498 -0.0203756 0.0104143 -0.018569 -0.0139118 -0.0265064 0.000869545 0.00783361 2.52921e-05 0.0125961 -4.13229e-05 0.0114829 -0.00420916 0.00392758 0.00581597 0.0021211 -0.00507343 0.000932538 -0.00773496 0.00127654 -0.0142503 0.00442845 -0.001783 -0.023145 0.000797951 -0.00389765 -0.0126782 0.0114121 0.0250658 0.0126246 0.00923168 0.0218466 -0.0177077 0.0199458 0.00647182 0.0218931 0.0129876 0.00413979 -0.00594339 0.00624313 -0.000877212 0.0245489 0.00408065 0.00877984 -0.00485625 0.0267627 0.000615456 0.00470856 0.0123147 -0.0347844 0.0066442 -0.000518607 -0.0241513
internal_weight=389.362 264.611 254.986 193.652 16.9959 176.656 146.373 30.2826 7.85101 61.3342 7.60484 5.28983 9.1449 124.752 69.5156 55.236 35.2806 31.5885 19.531 13.1099 129.032 121.825 34.2634 23.6275 17.6249 53.7294 42.0422 19.9554 7.93715 87.5614 79.8198 27.1335 15.9624 11.9941 60.7602 29.2934 18.0144 57.1592 29.0229 28.1364 23.979 8.04908 24.3895 12.1277 4.78985 10.636 3.60097 5.1727 6.42111 11.279 52.6864 16.5641 10.9385 5.40625 7.92184 7.74151 25.6739 24.0221 19.3868 11.7206 9.70614 7.42331 5.47061 9.62482 8.54725 5.3781 4.15732 16.0221 12.4634 8.26944 36.1223 5.53222 12.2618 15.93 4.61952 2.59496 5.68605 8.66603 14.9178 7.66619 4.51663 3.09666 7.33785 5.00194 17.341 11.3104 8.59236 4.99147 12.7489 5.3872 4.97143 6.2023 5.03392 14.468 6.80747 5.62563
internal_count=1533 996 953 747 78 669 531 138 43 206 27 21 35 537 286 251 172 160 83 51 476 455 142 104 68 179 139 79 27 313 283 94 58 46 258 101 63 238 116 122 98 38 102 56 26 38 20 24 32 38 189 67 36 20 28 30 111 101 86 59 45 39 24 43 33 23 24 67 56 42 122 16 46 60 14 14 18 33 48 27 18 15 30 22 55 46 34 24 38 23 20 22 26 52 26 31
is_linear=0
shrinkage=0.0283043


Tree=68
num_leaves=99
num_cat=0
split_feature=21 0 0 21 0 0 21 17 5 17 21 16 21 0 17 0 16 5 5 0 5 0 0 5 5 16 16 5 5 5 5 21 5 4 4 16 0 5 5 5 21 0 4 5 21 17 0 17 17 21 17 17 21 21 21 16 21 21 21 21 4 21 5 0 21 21 21 0 17 17 17 17 0 17 0 5 4 4 21 4 17 0 17 4 17 0 17 4 4 5 21 21 21 0 21 4 21 21
split_gain=4.51385 4.99274 5.59314 3.7344 3.69537 5.78385 3.23954 3.67148 3.13793 2.95992 3.86008 3.16595 2.63898 2.62126 2.60109 2.53069 3.0555 2.47798 5.2894 3.24211 2.96443 2.91027 2.73989 2.37763 3.38953 3.08922 2.60179 2.2634 2.37647 3.51747 2.5162 3.89299 2.56113 2.31528 2.26642 3.83353 2.15888 2.14163 5.73242 2.39722 2.12613 2.07851 2.89852 1.97392 1.73955 1.68546 3.69025 1.67662 4.11795 1.67302 2.50289 3.6485 1.74253 2.50629 1.67018 1.62157 2.18934 2.72154 2.97806 1.69835 1.59951 1.58174 1.49206 1.41857 2.14567 1.82473 2.61575 2.10198 1.40537 2.97081 1.41708 2.73595 1.41698 1.91342 1.40033 1.36064 1.24333 1.54245 1.21947 1.50191 1.20571 1.32934 1.20512 1.15318 1.10321 1.66064 1.07754 1.01829 1.00119 1.18879 0.998701 0.934396 0.904893 0.897996 0.888376 0.8678 0.84062 0.839483
threshold=-0.76176794789010593 -0.051625225645884051 0.42111052868451099 -0.84552360455957398 -0.1905906876991397 -0.71525829839265176 1.6460536529396244 1.5577235027543859 -0.14937723247048093 -0.057177334132097732 0.43532855276470794 0.023027389533045919 0.20798839612521869 3.2169205920828405 -1.0000000180025095e-35 -0.15033014469366279 0.16187138567336776 0.1330307248111344 -0.21098017807864464 1.1946442003769822 1.0259995420985459 0.51725434448766661 2.084708069699809 -0.1952614460643837 -0.12258204015319975 1.8301420572083347 2.418843485271176 3.1249377045320599 1.0808433400951432 0.40848455906931119 1.3530847223291413 -1.1534779902495123 1.9118006918638015 0.35648868571515441 1.7547648397567583 0.30679328341057266 -0.18065360711000164 0.093849951568263076 0.74070409181253904 1.9118006918638015 0.74602283021258697 2.2491821200695123 0.43811202692621315 0.046508064657030661 0.34507746304839743 1.0156992767477762 -0.10745727637867014 0.35970668709575748 0.44659770257141679 0.70123977182417452 -0.19046022346837413 0.025642339064800786 0.064947150555479075 -0.21660034732947805 -0.99744587858608746 1.493817766809965 -1.4713999131967872 -1.7072431821885066 -2.6188004461041223 -1.177995297531776 -0.10192046376475052 -0.13780483953214437 0.079393917459459631 -0.13928813099041579 0.6150748999882415 0.56892189572085849 -0.037822410123837476 -0.11572598113988224 0.019788567032419702 -0.09562132450116255 -0.038242670519870188 -0.056456570188010834 0.68250404326859837 0.81130425827936314 -0.16338445380339936 0.11201980304605907 0.38379235256960254 0.63019655941496899 0.39404121834332301 0.36119910760883228 -0.35806706062846222 -0.31457003705242875 -0.077845727231453068 0.37998086615181742 -0.40543293981892653 1.2458955350208136 -0.02242482396315337 1.531637068833841 1.34588104209537 0.01838518263033467 -1.1534779902495123 0.86350749921256831 -0.080715887989531859 0.5758231169732787 -0.25351802679207752 0.3570640044197258 -0.12774282324867203 -0.15497640253234249
decision_type=2 2 2 2 2 2 2 2 2 2 2 2 2 2 2 2 2 2 2 2 2 2 2 2 2 2 2 2 2 2 2 2 2 2 2 2 2 2 2 2 2 2 2 2 2 2 2 2 2 2 2 2 2 2 2 2 2 2 2 2 2 2 2 2 2 2 2 2 2 2 2 2 2 2 2 2 2 2 2 2 2 2 2 2 2 2 2 2 2 2 2 2 2 2 2 2 2 2
left_child=3 4 47 23 5 8 7 44 49 10 11 -10 61 17 -8 16 36 18 22 -19 -21 -20 68 25 -25 55 27 28 29 34 31 -30 -32 -31 35 43 -6 78 -39 -40 -12 42 -23 -26 80 46 63 -3 -49 52 -51 -52 53 76 -34 56 57 58 -1 -58 -54 -13 -37 64 -17 66 67 -65 69 84 71 82 73 -70 -18 -64 -2 -78 79 -11 96 -82 -71 -5 85 93 -48 -44 89 -42 -27 -67 -47 -4 -83 -62 -7 -55
right_child=1 2 13 83 15 6 14 -9 9 37 40 12 -14 -15 -16 45 74 19 21 20 -22 41 -24 24 26 90 -28 -29 30 33 32 -33 54 -35 -36 62 -38 38 39 -41 88 -43 87 -45 -46 92 86 48 -50 50 51 -53 60 97 -56 -57 59 -59 -60 -61 95 -63 75 65 -66 91 -68 -69 72 70 -72 -73 -74 -75 -76 -77 77 -79 -80 -81 81 94 -84 -85 -86 -87 -88 -89 -90 -91 -92 -93 -94 -95 -96 -97 -98 -99
leaf_value=0.021861488684709433 0.0074262854830319048 0.028968838047737509 0.019188185255847395 -0.011579024477344444 -0.0032131780597982615 0.015386290969128033 -0.024092917994392019 -0.018623049832523501 0.021629246121588792 -0.0021789068780753329 -0.0233064386012043 -0.0042970496794842604 0.018285865571425579 0.033822692405610255 0.018445098753092741 0.023899744174501501 0.026607744300330142 0.022698928758467182 -0.037481993360610352 0.013005249912638387 -0.027914492249473496 -0.015577361681037082 -0.014229253793715224 0.029105295164826413 -0.035636545894756247 0.0037262984388729513 -0.022881156617326287 0.02938241174193636 -0.037427389360977698 0.027847697277332141 0.01937590554021645 0.0073471431795008712 0.0039493466385390318 -0.0020951706293031655 0.024714039842591989 0.033348997360872192 -0.035063326539467955 0.032513507682858017 -0.021725825524480359 0.016552232523074022 -0.0060080588457406547 0.022065020352541247 0.024604252885785542 -0.0069200811386974535 0.026534838046554318 0.021608833653125274 -0.0098921645056473124 -0.022189554667076131 0.024467659499927987 0.032178006656888018 -0.015037954588186844 0.02039853643443526 -0.015834877912665753 0.034677950030363419 -0.038748434190449189 -0.034821573689565968 -0.02316511362237416 0.028023385370540436 -0.024903012089007939 -0.0050856137389388174 0.016134494883687581 -0.038217967618272723 0.018246403075017757 -0.0060072860943178171 -0.0040027581815025668 0.021008291548725935 -0.022673661861395845 0.03129258674225284 0.021043589116294451 -0.0026855099849068427 -0.032965768001108037 0.023198097184066232 0.029390510791708131 -0.018024967256863852 -0.0051653046754756614 -0.014259701123317285 -0.033504380794662142 0.0047987440180776702 -0.038267885065732629 -0.033389191451003941 -0.0045615295068040631 0.0054657320055710532 -0.034982780050229575 -0.035312610764695267 0.023687999722160531 0.028699481931323233 -0.034540765885012238 -0.0025621233467324916 -0.017027024996346611 0.012575557591528529 0.027808459107945511 -0.00077301490765075516 -0.00018772804351353844 -0.00024910276377841385 0.022294231507243301 -0.0025078301063442589 0.032673748010410904 0.016051553392882684
leaf_weight=1.5499004721641538 7.1671680212020892 17.238197848200802 2.2238524556159955 4.3523643612861624 2.398168608546257 4.9681867361068726 2.7076740562915802 1.8540990501642216 11.095121003687384 2.9641043767333057 4.2687489092350033 3.1706128641963005 2.9269628822803497 2.9743173271417609 1.6602839827537526 5.1909020766615885 1.4119217097759245 15.536210916936399 2.1220336928963688 3.4914790093898764 2.0946153104305267 10.077040649950506 3.0530199930071822 4.1739422380924216 2.8414862155914324 2.3945292532444 2.6290261149406424 2.6582394242286673 3.7166853994131088 8.2344305813312513 3.9766253679990768 2.4237988293170911 1.3629771247506144 2.471478357911109 2.2647498250007621 1.8137327432632444 4.9857526868581754 2.4860700070857984 6.4708127975463867 1.4589768201112745 5.4648184850811941 1.9833064377307881 2.2777848765254012 5.0030888170003891 16.872011378407478 4.4976199120283127 2.6284289807081223 1.7875048518180836 5.6762391477823257 4.9858842045068732 3.3223707228898984 6.3843181878328323 4.7480117827653876 2.6246422231197357 1.2301162481307981 1.567022182047366 6.4446156099438765 2.6930239796638551 2.599814385175705 10.948925845324988 3.0114169716835004 1.479350484907626 1.9497086182236674 3.5767838656902313 3.4476940110325813 3.1975006237626067 5.1446616202592841 1.565236516296866 2.7341752946376783 1.9458093494176862 1.2397233024239565 2.1166407912969594 6.5515748560428619 1.3171368390321729 3.3706423491239548 1.7285279631614683 1.4763968512415888 1.5454531013965604 2.4763551652431488 1.9031758382916448 3.739059925079343 4.2906375229358646 1.4527451694011686 2.4233975782990456 6.9328651875257501 2.6423260867595681 2.7364834919571903 1.7373958677053449 2.2883509695529929 5.0916685312986374 2.5449478179216376 2.624854564666748 1.975480094552039 7.5048533827066422 5.3021214604377809 5.0052076056599617 3.6523063778877241 5.5702196061611193
leaf_count=4 26 58 7 19 10 16 12 8 36 14 22 14 9 7 5 15 4 48 12 12 11 48 15 12 18 9 14 7 23 24 12 10 6 11 6 5 34 7 34 5 25 6 7 24 55 13 13 7 18 14 15 21 19 7 8 10 34 7 12 48 10 10 7 19 14 10 28 4 8 8 9 6 20 7 16 8 10 7 14 15 14 15 9 17 20 7 20 9 12 16 7 10 9 29 17 26 12 22
internal_value=0.00579557 0.00743418 0.012343 8.67549e-05 0.00472225 0.00699308 0.0153857 0.0178874 0.00318632 -0.00146219 0.00320167 0.0120571 -0.00177776 0.00879781 -0.00716971 -0.00200155 -0.0131015 0.00781133 0.00478966 0.0160626 -0.00194085 -0.00777486 0.0105554 0.00180174 0.00569982 -0.00433019 0.0034159 0.0051292 0.00341598 0.00824507 -0.00655332 -0.0194634 0.00534366 0.0206182 -0.000242824 -0.00472054 -0.0244831 -0.0108642 -0.00273341 -0.0142998 -0.00643156 -0.00376302 -0.00753015 -0.0172861 0.0197512 0.00169093 -0.00110515 0.0240934 0.0131547 0.00860315 0.0164278 0.00821588 0.00491822 0.0104462 -0.0154676 -0.00826245 -0.00648129 0.00685749 -0.00687232 -0.0117776 -0.00306103 -0.0149519 0.0130699 0.00347796 0.0126358 -0.00142753 -0.0085588 0.00534798 0.0127125 0.0092037 -0.00671268 -0.000937976 0.0213091 0.00878094 0.00408802 0.00342485 0.00121519 -0.0136552 -0.0224589 -0.0145241 0.0145391 0.00922422 -0.0160566 -0.0197564 0.0147988 0.00982999 -0.0220326 0.0123116 -0.000786137 0.00289935 0.0157443 0.0109649 0.0145882 0.00443784 0.0146806 0.00448249 0.022614 0.0219606
internal_weight=385.893 299.896 106.711 85.9972 193.185 144.433 45.0464 40.6784 99.3862 53.5451 35.7856 18.672 7.57693 82.0089 4.36796 48.7521 12.1665 79.0346 57.9123 21.1223 5.58609 18.1976 39.7147 79.2214 48.4786 30.7428 44.3047 41.6756 39.0174 26.3072 12.7102 6.14048 6.56972 10.7059 15.6013 13.3365 7.38392 17.7595 10.4159 7.92979 17.1136 16.0755 14.0922 7.84458 38.8243 36.5856 30.1125 24.7019 7.46374 45.8411 14.6926 9.70669 31.1485 18.3839 2.59309 25.8033 24.2363 6.84274 4.14971 17.3935 12.7646 4.64996 5.49197 24.7476 8.6386 16.109 10.2867 5.14202 36.6617 26.0588 6.75492 5.5152 10.6029 4.05131 4.78256 3.67824 10.189 3.02185 7.34364 4.86728 21.9523 13.3318 3.39855 6.77576 19.3039 12.371 5.36491 4.01518 12.8448 10.5565 4.93948 5.82236 6.4731 9.72871 9.59276 8.01662 8.62049 8.19486
internal_count=1533 1171 388 362 783 564 154 137 410 233 144 69 33 305 17 219 64 298 227 71 23 82 145 326 195 131 183 169 162 103 59 33 26 35 68 62 44 89 46 39 75 70 64 42 129 155 133 83 25 177 50 36 127 72 14 115 105 23 16 82 55 24 20 100 29 71 51 23 130 95 32 23 35 15 20 15 43 17 43 29 74 46 17 36 63 43 33 16 53 41 16 20 22 36 32 36 28 29
is_linear=0
shrinkage=0.0283043


Tree=69
num_leaves=72
num_cat=0
split_feature=6 18 21 16 14 3 3 6 6 6 3 21 7 14 14 3 21 7 3 7 7 3 14 3 21 7 14 7 21 21 21 21 16 3 16 7 14 7 16 7 21 21 21 16 3 21 21 21 7 14 14 21 21 16 14 14 21 7 21 16 16 16 7 7 21 14 14 14 14 3 3
split_gain=7.79558 5.62735 5.36874 4.58874 3.19845 2.87069 2.56472 2.92003 7.33899 4.54739 3.80748 2.46627 2.81942 2.48565 2.40468 2.76802 2.30221 4.24569 3.31468 2.53751 7.90716 5.88534 3.34121 4.10345 3.24054 2.76279 2.75566 2.34786 3.0296 2.88348 2.73286 2.55618 2.2696 3.07325 2.22652 2.16923 2.67032 1.90435 2.72623 1.78672 1.68367 1.49664 2.7635 1.48902 1.45138 1.41762 3.69634 1.88269 1.31681 1.28971 2.80708 1.26573 1.26316 1.20885 1.09755 1.47978 1.08915 1.05485 1.04959 1.73072 1.04285 1.28244 1.01328 2.69445 0.973128 0.945939 4.59678 1.33679 2.72683 0.903999 0.855804
threshold=0.98517258165982136 1.9128762108979334 -0.77383764347896622 0.003979864020102186 1.6683526873755372 -0.30978446013218891 1.2732484878513084 2.6652840838644956 1.428372888605961 1.2454225704446971 0.18175952334280859 -0.84552360455957398 0.098746533294887154 0.33193438813878201 -0.35209980127700807 -0.067638644842424947 1.6281026379738048 -0.22048552403514379 -0.012802579810784335 0.066666977149978365 0.26690639120623932 1.0311420875229329 1.3641194530976499 0.15871162467092939 0.84994975896206804 0.21309301893826754 0.3702403945519534 0.61582284943496413 0.21835746924363267 -0.46432435385778564 -0.17382496824645299 -0.64740108675260932 0.25654242919091913 1.0311420875229329 0.17670558618101453 -0.72533102426514995 1.5640726753094831 1.4028974761773172 0.23924616346012825 -1.0000000180025095e-35 0.95189262816269471 0.76300543516051378 0.65952728178517861 0.16807290560781454 0.10146139325424799 -1.7441608616511062 -1.9330952941663553 -0.98405347663132481 0.093046950903430764 0.76520079680543474 0.99402697052581723 -0.93286946422220551 -0.36873519916479747 0.69014404972380894 1.2048247631571971 1.3676080768093348 0.42677820089940938 -0.020678568565004957 -1.177995297531776 0.003979864020102186 0.29586336206431357 0.28526308961822427 -0.068681471624566018 -0.051438571588156422 -0.5938550986900929 -0.16106322585458027 0.25697488128113211 0.42224842962220294 0.93692370871876485 0.095559002786332004 2.5101983673637753
decision_type=2 2 2 2 2 2 2 2 2 2 2 2 2 2 2 2 2 2 2 2 2 2 2 2 2 2 2 2 2 2 2 2 2 2 2 2 2 2 2 2 2 2 2 2 2 2 2 2 2 2 2 2 2 2 2 2 2 2 2 2 2 2 2 2 2 2 2 2 2 2 2
left_child=1 2 11 5 6 -3 7 8 9 32 -9 13 -13 14 45 -16 19 18 -18 24 21 22 25 -24 35 40 -27 30 29 64 31 -22 33 34 -2 36 65 38 -5 -15 -21 42 56 70 -36 46 -1 58 -40 62 -51 -49 -23 -26 -19 -56 -30 -52 59 -47 61 -11 -37 -64 -29 -4 -67 -68 -69 -34 -8
right_child=4 3 16 37 -6 -7 43 10 -10 60 -12 12 -14 39 15 -17 17 54 -20 20 27 52 23 -25 53 26 -28 28 41 -31 -32 -33 69 -35 44 49 -38 -39 48 -41 -42 -43 -44 -45 -46 47 -48 51 -50 50 57 -53 -54 -55 55 -57 -58 -59 -60 -61 -62 -63 63 -65 -66 66 67 68 -70 -71 -72
leaf_value=0.002976907938980004 0.0019644342687487339 -0.0084948949980486136 0.0032596339088915528 -0.035722999221032233 -0.041428600106278121 0.017316481358980684 0.011874446425617571 -0.035925592708630147 0.024444607824507619 -0.022806564680812474 0.005857377127744411 -0.038897715678311816 0.0090612084053185629 -0.0035205821444774187 0.029393421768066162 -0.0052940343499923697 5.0195651327599944e-05 0.017689569470861314 -0.044386366454566853 0.016670524121124561 0.02405586704235356 -0.0051758870797045014 -0.03815738423335089 0.01346212664778804 0.02568836002707681 -0.025074353201103908 0.013801028650858339 0.012366870088348523 -0.0062812460147934068 0.023684034058824976 0.033804934743739141 -0.013240721614771677 0.02169306552558023 -0.033888804112239101 -0.034053345683971885 0.029375121294849746 0.029739230159444161 0.013519219784973471 0.00051635930791218781 -0.037432496775186327 -0.0063588559455327173 0.01138521069784717 -0.027016376287178168 0.026273883689700159 -0.002790621132207871 -0.0065155320198562556 -0.03572786054940378 -0.024425894457869055 -0.025498119958770372 -0.010214748816623306 0.032527244573335432 -0.00027675566275407157 -0.037444951268700996 0.0034915975405366765 -0.015159714930088528 0.012050000696992346 0.011574567713945529 0.0080334648251711178 0.014822136555870565 0.010570951706625805 -0.033941854812539037 0.012002332808308761 -0.010946247120906673 0.02272096803756761 -0.0097332543624644129 0.028715251169802173 -0.0019938711409633087 0.028392874322074171 0.00081460907076854802 -2.2512685767738335e-05 -0.014157331193282727
leaf_weight=6.6720315963029861 20.227559432387359 5.6456537470221519 25.463197156786919 5.1680686697363836 1.5330125167965878 7.9643343687057513 2.1429761797189708 4.7009391933679572 7.1044400334358206 3.3020370602607709 2.5845035836100578 2.3803330957889552 1.4229690432548521 2.9715116024017334 5.6159647405147552 2.4205988198518735 2.5331531018018723 6.3064641654491407 2.4004084765911129 13.705282382667074 3.2522973120212555 1.1017228364944456 3.1039962172508231 1.7791332155466077 21.331943906843666 3.582482121884822 2.233969621360302 2.8830596953630447 4.4830523431301135 18.213650308549404 8.6847589015960676 2.3058877885341635 3.9939781427383414 2.505869358777999 2.4903047978878012 8.6233875602483767 4.3209363222122184 1.2950627505779255 4.2675264924764633 1.87334644794464 2.8404907882213584 11.78293567150831 2.6654819175600997 3.5334748178720474 2.0207025334239006 7.6853251531720153 2.5504090189933759 2.4129400998353958 2.1987229213118553 3.398014694452284 2.9905871748924255 4.8722547888755861 4.2058466747403136 1.904773250222205 2.4470754861831665 3.6572962254285812 6.2163039073348045 2.1958755403757095 10.36711699515581 11.611432932317255 4.4459280744194984 0.9888368248939513 2.0505123436450985 10.147338703274725 3.0357529968023327 8.0336025506257993 12.505173958837988 4.3610968142747861 7.2506736665964127 2.1936806216835976 1.5260156244039533
leaf_count=24 86 26 102 33 9 27 8 34 23 22 11 14 6 12 16 10 9 20 12 46 10 5 17 6 68 24 8 10 18 56 28 11 13 18 18 31 13 4 18 11 13 43 12 10 11 34 15 12 11 13 10 20 25 7 10 12 22 7 36 43 33 5 7 32 14 25 55 15 27 11 6
internal_value=0.00568117 0.00751277 0.00865143 -0.00490457 -0.00320981 0.00640554 -0.00225412 -0.00427508 -0.00181013 -0.00627919 -0.0207939 0.00134242 -0.0200525 0.0027488 0.00448404 0.0185762 0.0106699 0.000832569 -0.0208191 0.0114867 0.00809916 -0.00320584 0.00204347 -0.0187565 0.0143286 0.00667219 -0.00976145 0.0138962 0.0109898 0.0181056 0.0239288 0.0089446 -0.00155082 -0.00503953 -0.00203721 0.0119344 0.00893147 -0.0169538 -0.02064 -0.0162849 0.0125548 0.00414231 -0.00231556 0.013444 -0.0196618 0.00200723 -0.00778697 0.0044709 -0.0085775 0.0182326 0.00916714 -0.00821504 -0.0300124 0.0237166 0.00950352 0.00121993 0.00398185 0.0218051 0.00763218 0.00376725 -0.0242871 -0.0146853 0.0220417 0.0168768 0.00146953 0.00731861 0.0105309 0.00439416 0.0112148 0.0137056 0.00148859
internal_weight=382.687 317.393 290.854 26.5394 65.2943 13.61 63.7612 56.5588 49.2733 42.1689 7.28544 62.8562 3.8033 59.0529 54.2081 8.03656 227.998 17.3444 4.93356 210.653 96.0761 32.5529 27.2454 4.88313 114.577 22.3622 5.81645 63.5232 49.2802 24.1325 14.2429 5.55819 33.4321 27.2444 24.7386 91.3404 61.9347 12.9294 11.6343 4.84486 16.5458 25.1478 13.3648 7.20247 4.51101 46.1715 9.22244 36.9491 6.46625 29.4057 8.58448 7.28519 5.30757 23.2367 12.4108 6.10437 10.6994 5.18646 29.6639 19.2968 8.7368 4.29087 20.8212 12.1979 5.91881 57.6137 32.1505 24.1169 11.6118 6.18766 3.66899
internal_count=1533 1215 1096 119 318 53 309 285 240 217 45 253 20 233 210 26 843 63 21 780 368 144 114 23 412 91 32 224 175 80 49 21 157 133 115 337 237 66 62 23 59 95 52 24 29 184 39 145 29 100 30 32 30 75 42 22 40 17 113 77 60 27 70 39 24 224 122 97 42 24 14
is_linear=0
shrinkage=0.0283043


Tree=70
num_leaves=81
num_cat=0
split_feature=20 3 3 3 3 3 3 3 21 3 3 21 4 21 17 7 4 4 21 21 4 21 4 21 17 17 7 17 17 7 21 17 21 7 7 7 17 7 7 21 3 21 4 4 21 4 21 21 21 21 7 17 21 21 7 4 21 19 3 21 21 21 3 17 21 17 19 21 21 21 4 21 21 7 7 7 3 3 21 21
split_gain=4.14506 3.3653 7.63304 3.86859 3.84774 3.38504 3.61888 3.2231 4.29456 3.1494 2.81961 3.38965 3.12174 4.30048 2.65324 2.54625 2.52059 2.86154 3.40408 4.67605 3.04048 2.98126 2.37273 3.56446 2.12424 2.78275 3.38416 2.45799 3.36716 3.81632 2.24189 2.42413 2.07924 2.11564 2.04542 3.48513 2.59187 2.20012 2.53401 1.74409 2.0336 1.72296 1.72819 1.67985 1.60845 1.57743 1.55327 1.63153 2.474 2.47674 1.6597 1.48674 1.45136 1.42107 3.58869 1.38752 1.34974 1.3027 1.26782 2.36664 2.34259 1.95691 1.91551 1.21253 1.17687 1.4107 1.13407 1.09247 1.67849 1.0687 1.26007 2.50473 1.01041 0.928189 1.32374 1.71514 0.895004 0.883007 0.85868 0.976326
threshold=-1.6455166589828818 0.21955847131430425 0.87566977232630638 1.1888807629993934 1.1607089193470195 -0.0069987267463393604 -0.69037532729878148 -0.19404242601509089 -1.1865692691536085 0.14647327915982467 1.736522090270461 1.4387194300844102 0.45501201387299622 -0.72435425354029304 0.81130425827936314 0.066666977149978365 0.26980733422640596 2.9428938511473359 1.413635248645331 0.75310875717277914 0.4474010268437712 -0.62800926663821766 0.25721025175756274 -0.5938550986900929 -0.13276988778153073 0.061125353231130393 1.54941222741917 -0.044973047349113594 -0.050963180127673265 0.16862740533955192 1.0611812416453874 0.4815157936464351 0.45070501426832427 0.12996117226755161 1.0788307536280741 0.87601876541847079 -0.28528938238228729 -0.052059537763101078 0.025272928380899614 -0.11642895986889885 0.59185248910863431 0.29698763874522843 0.35813074118445182 0.38379235256960254 0.23165539217225958 0.290506821784629 1.7448550945212327 -0.38165520598888042 -0.017910955365698093 0.59169134101960819 -0.09987393323383971 0.0043603226076417622 -0.099021199303360799 1.0611812416453874 0.086948175970938638 0.28813363212827214 -0.22510345968170795 0.42880209004703845 0.12716980181984558 0.36829568372129273 0.89057574020050112 -0.053600407488531086 0.109699120184428 -0.20721311514174423 -0.6560459176440433 -0.29624694234306709 1.6332411348910447 -1.3447980181746926 -1.7441608616511062 -0.15497640253234249 1.7547648397567583 -0.27645281038656516 -0.56605464524960669 0.111110413385303 1.333360353265211 0.76835875483744098 0.025351102813207137 0.085616578776102792 -0.40810933330692994 -0.16881757986125098
decision_type=2 2 2 2 2 2 2 2 2 2 2 2 2 2 2 2 2 2 2 2 2 2 2 2 2 2 2 2 2 2 2 2 2 2 2 2 2 2 2 2 2 2 2 2 2 2 2 2 2 2 2 2 2 2 2 2 2 2 2 2 2 2 2 2 2 2 2 2 2 2 2 2 2 2 2 2 2 2 2 2
left_child=9 5 39 4 14 6 24 -8 -9 15 12 57 -5 -14 32 67 58 18 19 20 21 -18 23 -10 46 27 30 28 29 -26 31 -27 41 66 35 36 -25 -38 -39 40 -3 42 -4 -21 52 -35 47 63 56 50 -50 -29 -23 -51 -55 -16 -49 -12 59 -7 62 78 -61 64 65 -2 -34 68 -1 70 71 -22 -42 -52 75 -75 -62 -78 -60 -80
right_child=1 2 3 10 -6 16 7 8 22 -11 11 -13 13 -15 55 -17 17 -19 -20 43 69 44 -24 34 25 26 -28 51 -30 -31 -32 -33 33 45 -36 -37 37 38 -40 -41 72 -43 -44 -45 -46 -47 -48 48 49 53 73 -53 -54 54 -56 -57 -58 -59 61 60 76 -63 -64 -65 -66 -67 -68 -69 -70 -71 -72 -73 -74 74 -76 -77 77 -79 79 -81
leaf_value=0.0014982721103113745 0.0057958219897672391 0.025352805063928226 0.013932844683885493 0.02238093761097458 -0.033748258760035565 0.017069944945063108 0.028170927574790165 -0.022584065797511505 0.024966830186311764 -0.029653523737677202 0.0098268062050684921 -0.031547954670510789 -0.036910796357732097 0.017874798777401408 -0.035257919725721891 -0.024485010872597194 0.022508874234935163 0.029300452059160081 -0.035610560654781 -0.0035083665946325244 -0.034215883015773572 -0.0041574354897586738 0.024307293907062662 0.016352095630742171 -0.019504067390650335 0.017842678970825709 -0.029937957441456817 -0.027650140770837859 0.028835055081631138 0.010363319124432252 0.021300194641549343 0.00068521416882515542 -0.0013287535240752214 -0.037131611882568701 0.023051746596217608 -0.03524063229417676 -0.029800836173671224 0.023469297476096041 -0.015189744823388907 0.028800841194653148 0.010374703752845585 0.032710274625503577 -0.014972875882520565 0.021731768258405084 0.0046222928710995285 -0.0050545937165634956 -0.0077331663256797181 0.010093947388853556 0.010990504430704326 0.023485019866973281 -0.022539091478285173 -0.0071515903808474328 -0.034219936972250557 0.022349222520965079 -0.021875745006259318 -0.0010424448126150135 0.0300536913251188 -0.01080855965864745 -0.0039903988850593739 -0.026854528588660002 -0.0046882441294486326 0.016085139618332495 0.0086568356067119098 0.023893388977885198 -0.020917729602473751 -0.020165517085555688 0.021770010688406217 -0.0097245256045562709 0.031587932930218755 -0.035987036922521982 0.0024248539541964226 0.0055434401479550763 -0.014982831281907428 -0.0066953006085491889 -0.02082690658589776 0.025172206348814841 0.01888583280325401 0.00041942742590127615 -0.034204750503689173 -0.0016830349601095508
leaf_weight=3.2843427956104265 11.602635666728018 5.6255098730325717 6.7755514830350965 19.786729604005817 2.6076330319046965 11.844180114567282 9.1966893821954709 2.8318324238061896 6.7087570428848258 4.1737223565578452 16.742060996592052 1.8096827417612065 1.7053633183240888 2.663526587188243 2.1741915792226787 2.527662068605423 2.8155525997281066 1.5406896770000447 3.0359256938099852 3.0523821637034398 4.3604614064097396 2.2166935428977004 9.4632430896162969 5.8155003339052183 6.816869802772997 7.9721938818693152 1.925304740667342 5.0238251611590368 2.6687618643045452 6.4990654662251472 6.8228026181459418 33.122074283659458 5.1967751756310445 1.9398971572518346 2.6144678294658652 2.0510531514883033 2.408972501754759 2.2127335965633481 2.7247353047132492 17.043520241975784 2.9218100607395172 2.5528717562556258 1.9608385339379308 5.5637695342302322 3.3948156535625458 2.702272392809391 4.3861939013004294 3.8292542695999146 6.7217272073030498 8.8784483075141889 2.1515247523784655 6.0967195704579353 2.6463571190834108 3.5810654461383811 2.1847797706723213 1.4445184916257856 7.7468507438898069 2.6159985512495032 7.1602870896458617 3.4794086962938335 3.0726662576198569 3.052938573062419 1.604759022593498 1.5885456353425969 1.8428189009428031 1.7206994742155082 2.2142690569162369 1.9350363910198201 2.2627070248126988 3.1617254838347417 1.913682587444782 1.6269840300083167 1.8274087607860563 3.386909157037735 2.0205410718917847 1.9080132842063902 5.5577960163354856 2.9321044236421585 1.8272605463862421 1.0389999002218235
leaf_count=12 48 19 23 66 18 41 30 13 20 23 59 9 12 12 14 13 9 4 19 14 32 11 31 20 38 27 10 35 7 25 24 138 21 11 8 8 10 7 10 57 10 7 11 17 14 13 17 13 26 28 8 31 19 12 11 7 23 12 35 18 12 11 6 5 11 7 7 9 6 21 8 7 7 15 9 7 16 11 13 5
internal_value=0.00556093 0.00614298 0.0104948 0.00582959 -0.00211044 0.00445188 0.00650999 0.0133807 0.00967029 -0.00932215 0.0110047 0.00352168 0.0175928 -0.00327919 0.00102255 -0.0009329 -0.000538311 -0.00608796 -0.00782311 -0.00501275 -0.0118606 -0.00149589 0.0124361 0.00782968 0.00425662 0.00109648 0.00505262 -0.00617781 0.000860657 -0.00487021 0.00653765 0.00405359 0.00451532 -0.0035657 0.0012328 -0.0027614 0.00250641 -0.00842665 0.0019221 0.0232209 0.0142448 0.0131683 0.00736382 0.0124949 -0.00989845 -0.0182979 0.00807722 0.00928706 0.0122356 0.00807221 0.000484715 -0.0163406 -0.0202247 0.0164192 0.00578586 -0.0208769 0.0232645 0.00692202 0.00416612 0.0075136 0.000692679 -0.003053 -0.0148808 0.00187195 -0.000638712 0.00225329 0.0056034 0.00732416 0.0137103 -0.0223118 -0.0168742 -0.0231289 0.000836189 -0.0071203 -0.00246728 0.00489651 0.00762081 0.0123597 -0.00910393 -0.0219367
internal_weight=379.919 365.735 102.31 74.8922 29.5688 263.425 186.526 46.028 36.8313 14.1835 45.3234 21.1677 24.1556 4.36889 26.9612 10.0097 76.8994 35.329 33.7883 30.7524 22.1363 11.0734 33.9995 24.5362 140.498 76.9476 49.8424 27.1052 15.9847 13.3159 47.9171 41.0943 23.3425 12.0532 17.8275 15.213 13.1619 7.34644 4.93747 27.4182 10.3747 11.2893 8.73639 8.61615 8.25787 4.64217 63.55 59.1638 42.4091 30.833 16.1887 11.1205 4.86305 14.6443 5.76585 3.61871 11.5761 19.3581 41.5704 28.4909 16.6467 13.0795 5.08417 16.7547 15.1662 13.3233 7.41104 7.48209 5.54705 11.0629 7.90113 5.98745 4.74922 9.46699 7.31546 5.29492 11.5626 8.4899 10.0265 2.86626
internal_count=1533 1470 395 302 132 1075 732 157 127 63 170 80 90 24 114 40 343 175 171 152 121 53 114 83 575 335 199 136 70 63 189 165 93 52 63 55 47 27 17 93 36 41 34 31 44 24 240 223 152 116 65 66 30 51 23 21 36 71 168 104 63 64 24 71 66 55 28 27 18 68 47 39 17 39 31 22 39 27 53 18
is_linear=0
shrinkage=0.0283043


Tree=71
num_leaves=97
num_cat=0
split_feature=12 21 18 12 12 12 20 20 20 16 16 20 12 20 20 8 8 20 4 4 21 8 4 12 21 20 8 8 20 20 8 21 16 16 8 16 4 21 4 4 21 16 8 20 21 20 4 8 8 12 20 21 8 8 21 20 8 8 20 16 16 16 4 20 20 8 20 12 12 21 4 20 4 20 21 21 20 20 16 16 16 20 16 20 16 20 18 20 20 21 20 16 20 21 20 21
split_gain=5.22826 7.68712 5.585 3.97548 5.88189 5.06084 6.24604 3.38715 3.36092 3.22496 3.82032 3.21706 3.15642 2.86056 6.17172 2.80183 5.72123 3.16054 3.02373 3.58759 4.22958 3.12695 2.76191 3.33461 2.4916 2.44905 2.36781 2.32232 3.41443 5.21714 2.60839 2.92666 2.04963 2.90717 1.96508 3.08657 1.85905 3.43753 3.29335 2.4483 1.84682 1.8405 2.90932 2.3339 2.53806 1.81965 3.27365 1.80199 1.77314 2.17223 1.75844 1.73408 3.03508 1.70439 1.57162 1.5508 1.55013 2.21619 1.75497 1.54638 1.88008 1.76924 1.49611 1.465 1.76937 1.41467 1.40956 1.3999 1.80336 1.35874 1.34855 1.32232 1.31383 1.30627 1.28174 1.54559 1.23551 2.67294 1.66168 1.47155 1.55014 1.22325 1.19919 1.76914 1.43301 1.17409 1.43042 1.30615 1.10182 1.09705 1.09258 1.08857 0.98374 0.944436 0.928545 0.841408
threshold=0.052414556294340435 -1.6536027150998542 1.9128762108979334 0.2572563221607303 0.21583902089734722 0.84985860134349789 -0.69931960263340931 1.0473369211849732 1.953508510362423 -1.0000000180025095e-35 1.2388034379441342 -1.099723902268303 -0.34771042901181659 0.11211257857736352 -0.28405226347544649 0.20441534479025289 0.90592235522928444 1.8756770567525261 0.3570640044197258 0.44631031846635477 0.5157302040063515 0.13002272756756431 0.15885472488855415 0.35426774859839671 1.6460536529396244 -1.0000000180025095e-35 1.1383123996604179 1.2756142099707493 0.19173956716320123 1.0555415185055934 1.5549952483048839 0.59169134101960819 0.086515707400148079 0.003979864020102186 0.12803540011708323 1.3914514817790717 1.4266294194432263 -0.73904574210442409 1.6348228756599796 1.0237505107608007 -0.037822410123837476 -0.66209634182949928 1.0895494536956576 0.62987503927863797 0.45070501426832427 0.60967527079929906 0.290506821784629 1.2432295833392641 -0.20656984584347407 -0.096345497332692917 -0.052004305820820114 0.18299869371227531 -0.21618342001279642 2.0801391847517143 -0.35406733035720001 0.27039397430373791 0.1890551636582094 0.10039882182788062 -0.76892152093690858 -0.072364760953627247 -1.0000000180025095e-35 1.4238085816363764 0.34304061099579936 -0.52410531456447795 -0.40639802169721978 0.02152248060361394 -1.2662098953152976 0.16150526228749815 0.17409972817589706 1.7448550945212327 -1.0000000180025095e-35 0.27039397430373791 1.6204518938520416 -1.2662098953152976 0.86350749921256831 0.41473212506708329 -0.3717840974387972 0.56718094303535682 1.779067080738256 0.29586336206431357 0.35249086219662906 1.359685193041416 2.8877896488191603 -1.5395800954023493 0.76199720843272301 -0.30395277612546195 0.75632753090431304 1.2347708222846159 0.56718094303535682 0.65048091503266681 0.22827371632645002 1.2004817532993799 0.79474006325013014 0.27431267247261437 2.060218151502041 0.52591031907249375
decision_type=2 2 2 2 2 2 2 2 2 2 2 2 2 2 2 2 2 2 2 2 2 2 2 2 2 2 2 2 2 2 2 2 2 2 2 2 2 2 2 2 2 2 2 2 2 2 2 2 2 2 2 2 2 2 2 2 2 2 2 2 2 2 2 2 2 2 2 2 2 2 2 2 2 2 2 2 2 2 2 2 2 2 2 2 2 2 2 2 2 2 2 2 2 2 2 2
left_child=1 -1 12 4 8 6 22 9 11 25 -11 -2 15 14 40 17 69 18 21 20 -20 24 82 -24 63 -4 48 28 74 -30 -29 93 33 41 76 47 37 39 95 -21 -13 42 43 51 -45 67 -47 70 49 -14 -51 56 -53 -33 -23 -28 57 58 -7 -8 -61 -62 -48 66 -65 -40 -3 -15 -69 -17 -36 73 -16 -6 75 -18 78 91 79 -34 -81 -31 83 -5 -85 -66 87 88 90 -42 -87 -78 -90 -32 -9 -38
right_child=3 2 7 5 71 32 59 94 -10 10 -12 13 26 45 72 16 27 -19 19 36 -22 54 23 -25 -26 -27 55 30 29 81 31 53 34 -35 35 -37 38 -39 65 -41 89 -43 -44 44 -46 46 62 -49 -50 50 -52 52 -54 -55 -56 -57 -58 -59 -60 60 61 -63 -64 64 85 -67 -68 68 -70 -71 -72 -73 -74 -75 -76 -77 77 -79 -80 80 -82 -83 -84 84 -86 86 -88 -89 92 -91 -92 -93 -94 -95 -96 -97
leaf_value=-0.02871157271934489 0.033653458290845567 0.0045610346491044952 0.030864763236562731 -0.039441612863338596 -0.0043400821359277737 -0.012170774501217733 0.030244271223032027 -0.031217538301307555 -0.037405664549172497 -0.026992036626292962 0.015724463848803362 0.018250036558755789 0.03155854469950993 -0.0011822728424340659 -0.035196184299297821 0.030147421349120081 0.013343939392824022 -0.021522214532832405 -0.035717695657066076 -0.032640782582573503 0.011625196425951331 -0.034992075507283969 -0.0075649975765093788 0.034247871609954163 -0.012925213289771243 -0.0034691535695536499 -0.020627789468129605 0.030194551539755334 -0.030508012176502335 0.025806416544468636 0.012660921428186263 -0.018994240934055724 0.02104577873383005 -0.040777136815144131 0.0060611242152484399 -0.036610307135373485 -0.0082578730539661551 0.021118795036413077 0.014299621163290468 0.014596395503540079 -0.01472700430601827 0.021677841807970204 -0.034841033852915891 0.032230187217234529 -0.0050469523886117187 0.010012718838819951 -0.034771599743672561 0.024841182018219433 0.025148533768256428 -0.0067896795793993417 0.017178327765002957 0.0039384595604913209 -0.044591958411569606 0.0081024279314729636 0.0013739900285009048 0.012318999122534955 0.019878743853555127 -0.03293044128440737 0.0089409413477520121 -0.0040433831780712064 0.03350999260940038 0.0065308676513379568 -0.0072983722050055273 -0.0089798403548178012 0.025029348037325389 -0.012978072158891133 0.023033678310131721 0.036227638900051172 0.0096680548370113965 0.0064293063066306949 -0.032887129324676162 0.00097837544328110374 -0.0038419291944671529 -0.03346949024498147 0.031042381680345125 -0.016889112345380614 -0.0062016604601770556 0.016378512516631333 0.02944753476294627 -0.017402166762884298 0.009634450166864714 -0.0026890052989227906 0.00951257613629654 0.0021058035707162224 -0.029268894238247255 0.0035137556145123146 0.026157677540296048 0.020586803448452946 -0.021068621603377476 0.0092820642547759517 0.017296967731481778 -0.038500331812717989 0.0018973587338863226 0.030463119076793849 -0.0035279269049757504 -0.035631457267812937
leaf_weight=4.1744307950139037 2.0391773879528037 3.9375552535057095 3.6451151967048645 1.8053570687770832 1.315140739083289 5.9213804900646334 11.336862191557882 4.1357385963201514 1.7165909707546223 4.4258966371417054 2.4396851658821106 4.2304365336894989 3.0334841310977927 3.2516549453139323 5.9829817190766326 15.157464325428011 6.0166330784559268 3.0807961523532859 4.251860216259959 1.9142240807414048 2.1266060620546341 1.6687313467264178 2.742350421845912 2.8864099383354187 2.998186156153678 2.612116366624833 1.8400601893663395 5.6788627654314068 5.1132012084126455 2.1100451797246933 8.6360125020146388 3.5697339028120032 4.4368044584989565 1.5198262035846699 1.4802890196442602 1.9648486748337743 1.2241535857319816 8.7067547366023081 5.2472473084926605 1.3502972871065138 3.7883576005697268 2.0197989642620113 2.2149795144796363 2.7836201936006537 2.4960897564888 10.913726113736631 1.747043177485464 1.8970586434006689 21.252702325582504 4.7646819651126853 4.5183752924203864 1.6066625863313677 2.192134201526641 3.3821529000997543 1.7579190880060185 2.2630356103181839 1.9618678092956532 1.9079965278506268 6.2215797454118764 2.7498239576816559 4.4740795493125933 3.0275748744606972 7.7675568833947182 3.4597884416580191 4.1404072642326346 1.8863300830125806 14.974708661437033 3.0937124192714691 4.8355214223265648 1.9492659121751774 1.1057942956686013 1.2941683009266842 1.1608114987611768 6.9693093076348296 2.0973770320415497 1.5433805882930753 1.8560921251773845 3.3501943647861481 3.8723949715495118 2.3073887228965759 4.7608937248587608 2.2196154892444611 1.5130867660045622 3.2814407795667639 1.5325658544898031 12.208767071366319 3.4827173799276343 5.0624766722321501 1.8721225410699833 2.2746584862470627 7.0715501904487601 1.285000793635845 4.8113098666071892 3.0005002021789542 1.1042967587709425 2.4073294550180435
leaf_count=23 5 15 10 9 7 27 37 25 9 25 8 13 11 14 42 50 22 13 27 15 7 10 14 8 12 11 7 19 29 7 32 17 14 7 7 12 7 30 19 4 18 6 14 7 10 38 11 6 72 17 16 7 11 10 7 8 6 14 21 10 14 13 39 15 12 10 44 7 19 7 8 7 6 58 5 7 11 11 12 12 18 10 5 11 8 49 11 16 9 9 25 8 20 8 5 15
internal_value=0.00544288 0.00825331 0.0089894 0.001497 -0.004042 0.00515026 0.0135988 -0.00584493 -0.000356708 0.00167772 -0.0114632 0.000957971 0.0103753 -0.000487106 -0.00963443 0.0086431 0.0134383 0.00572851 0.00662469 -0.000967637 -0.0194565 0.00991062 -0.0011431 0.0136208 0.0113245 0.0161296 0.0177223 0.00799541 0.00064524 -0.011377 0.0137618 0.00869702 0.000101639 -0.00493562 0.00557061 -0.00794283 0.00424204 0.0118672 -0.00419159 -0.0118261 0.00419899 -0.00298157 -0.00489746 -0.00217082 0.0142425 0.00457003 -0.000409208 0.00454803 0.0202194 0.011771 0.00497832 -0.00658908 -0.0233717 -0.00562934 -0.0155161 -0.00193778 -0.00256378 -0.0058041 -0.00141024 0.0230682 0.0152657 0.0223746 -0.0124594 0.0125633 0.00963577 0.00675102 0.0190598 0.013671 0.0200839 0.0271955 -0.00993212 -0.0242672 -0.0296711 -0.0285858 0.0122785 0.00709257 0.0096173 -0.000538732 0.0139759 0.00866697 0.000726749 0.0108609 -0.0116836 -0.0169355 -0.00825185 0.0113585 0.00966015 0.00772952 0.00516931 -0.0054993 0.00856883 -0.0188641 -0.00458273 0.0172389 -0.0248491 -0.0256216
internal_weight=377.219 220.326 216.151 156.893 62.3808 94.5122 35.3496 18.3628 52.8022 13.1228 6.86558 51.0856 197.788 49.0465 17.4372 160.116 60.4742 99.6418 96.561 29.1148 6.37847 67.4462 13.7612 5.62876 64.0196 6.25723 37.6723 43.3675 19.1003 9.44286 24.2673 18.5884 59.1627 30.8459 28.3168 6.44799 22.7363 11.9713 10.7651 3.26452 10.2935 29.3261 27.3063 25.0913 5.27971 31.6092 20.4283 4.48314 33.5692 12.3165 9.28306 19.8116 3.7988 6.95189 3.42665 4.1031 16.0128 14.051 12.143 21.5883 10.2515 7.50165 9.5146 61.0214 42.1091 7.13358 18.9123 11.1809 7.92923 17.1067 2.58608 9.57862 7.14379 8.28445 9.65739 7.56001 21.8688 6.49129 15.3775 11.5051 7.06828 4.32966 8.13245 6.61936 4.81401 38.6494 34.5089 31.0262 25.9637 6.06302 19.2803 3.14109 6.68343 11.6365 5.24004 3.63148
internal_count=1533 853 830 680 302 378 129 84 230 54 33 221 746 216 88 615 223 392 379 134 34 245 55 22 228 21 131 166 80 46 86 67 249 130 119 33 100 49 51 19 40 123 117 103 17 128 88 21 116 44 33 86 18 27 17 15 68 62 48 74 37 27 50 216 157 29 59 40 26 57 15 72 48 65 34 29 86 30 56 44 30 17 33 28 19 142 130 119 103 27 74 19 29 40 30 22
is_linear=0
shrinkage=0.0283043


Tree=72
num_leaves=94
num_cat=0
split_feature=13 13 2 20 13 13 20 22 22 22 5 13 2 2 2 2 13 20 22 22 20 5 2 22 5 2 20 2 22 22 22 7 5 5 5 20 22 20 13 7 7 7 13 22 7 7 22 7 2 20 22 13 22 13 2 2 2 22 22 22 13 13 5 5 2 13 13 7 22 20 5 7 7 13 7 13 20 22 13 13 13 22 7 7 20 22 22 22 22 2 22 7 5
split_gain=4.82566 4.77048 3.95155 3.71964 3.96693 7.23435 3.92074 3.66263 4.47932 3.62764 2.75339 2.68367 2.36733 2.93189 3.70879 2.35546 2.28431 2.23647 2.09524 3.07658 3.30759 3.77149 5.08759 4.82807 4.68046 4.11465 6.20057 4.25704 2.97833 2.99075 2.53081 2.47298 2.22948 2.19924 2.99372 2.1962 2.15909 2.13361 1.99198 1.98879 3.60648 3.45598 2.0641 1.94643 1.93373 1.87837 1.85506 1.85464 1.85748 1.81156 1.81551 1.77717 3.43958 1.76215 1.71504 1.57266 2.30616 1.53061 1.4914 3.85613 1.46799 1.59707 1.45762 2.15557 1.40191 1.38537 1.36677 1.30825 1.23444 1.22714 1.21817 1.12704 1.10852 1.53815 1.11983 1.27402 1.06182 1.06012 1.05022 1.26871 3.12729 1.03356 0.996414 1.50808 0.974363 0.962609 0.934492 1.06808 0.908577 3.8003 0.907707 0.843962 0.842814
threshold=0.22889777337348557 -0.48742083761836419 1.9105139449978743 -0.93937265372244061 0.37691557944787563 0.67598317957924292 -1.0065306494197976 0.40733128372005895 0.70956867413127722 -1.6679033360944702 0.086580154068460105 0.98968859480479121 1.5145178744767478 1.433087335363757 0.30120867065088924 2.3223414646407536 0.088794280341256124 -0.42153537906383531 -1.4440635389819951 -0.74606975501858686 -0.52410531456447795 -0.10365085611476028 0.074718690137333996 0.44456238902560735 0.013287968291392399 0.33278996348655021 1.3136496712971446 0.28123866155990102 -1.3229491554191661 -1.3027475242892497 0.95394401363201486 1.3483189848723598 -0.74859238041400478 2.286580571655684 0.84296405306774835 1.3382135872874523 -1.2299787207740487 0.49872617207759717 2.3083560449475633 0.077988521161022853 -0.43287813322960739 0.111110413385303 0.18737511015576111 -1.5371770784521179 0.12996117226755161 0.1596233958028544 0.19978158585402131 0.18512736370236707 0.21509164954456683 -1.3215223477685982 -0.057568591113864621 1.2240310375797847 -0.28646475870986066 0.26637167922473443 2.9350232088187385 0.29155591669447462 1.2789114041154674 1.4634687430634274 -0.49489693633009707 -0.28646475870986066 0.25966649734179281 0.24238141781568517 1.0808433400951432 0.52327865394487072 0.37572606592794539 2.8037700571839212 0.91718652567435011 0.93738352992103746 0.54347167390844542 0.87434211385019134 1.3530847223291413 0.025272928380899614 0.2625263619365405 2.0737846000590809 1.3562695696479905 1.3265415436617516 1.0280598581793821 -1.9738853027599945 0.48994186258123162 0.34520336677199609 0.3643204632060113 0.39461880509875358 0.14792483661416486 0.2292603168502195 0.22827371632645002 -0.35777866317084089 -0.3174946549318457 0.079024964353705734 -0.84440662060140348 0.87140897108832494 0.026767852422599402 1.0487915149151263 -0.20474096489873711
decision_type=2 2 2 2 2 2 2 2 2 2 2 2 2 2 2 2 2 2 2 2 2 2 2 2 2 2 2 2 2 2 2 2 2 2 2 2 2 2 2 2 2 2 2 2 2 2 2 2 2 2 2 2 2 2 2 2 2 2 2 2 2 2 2 2 2 2 2 2 2 2 2 2 2 2 2 2 2 2 2 2 2 2 2 2 2 2 2 2 2 2 2 2 2
left_child=1 9 16 6 10 -6 43 38 -9 77 12 -10 13 14 53 18 58 64 84 28 30 22 92 25 35 26 27 37 -20 -30 49 32 47 34 -26 -25 -31 46 44 40 57 -41 91 -2 51 -36 90 48 -24 50 -21 52 -7 60 -17 -50 -57 86 -3 -60 61 -5 63 88 -12 78 -54 -49 81 -39 -64 -34 73 -46 75 -74 -71 -1 79 -45 -81 -51 -19 -84 -11 -40 -18 -88 -38 -90 -23 -43 -22
right_child=3 2 -4 4 5 7 -8 8 11 15 17 -13 -14 -15 -16 54 39 82 19 20 21 23 31 24 33 -27 -28 -29 29 36 -32 -33 71 -35 45 -37 62 69 85 41 -42 42 -44 65 72 -47 -48 67 55 68 -52 -53 66 -55 -56 56 -58 -59 59 -61 -62 -63 70 -65 -66 -67 -68 -69 -70 76 -72 -73 74 -75 -76 -77 -78 -79 -80 80 -82 -83 83 -85 -86 -87 87 -89 89 -91 -92 -93 -94
leaf_value=-0.0062281684256095078 0.012674385050701058 0.032956658123020705 -0.02056653452504709 -0.023974850101276993 0.031090293006218836 -0.020220203453904573 -0.042857718359676278 -0.036353310615515333 0.030657594932282532 0.014947610191256323 -0.033504763662447014 -0.0073471255944136966 -0.034043049234313165 0.020009277574112992 -0.033361721967123059 -0.023033765882538228 -0.00056282087187068102 0.018443295151697538 -0.034824736427825777 -0.018374360367844171 0.018577786428709008 0.0015459179999528542 0.0053284830507581375 -0.03538159987090176 0.0063720853239339183 0.026329316908244901 -0.038310878659848786 -0.032584938197111342 0.034117164141940479 -0.034765581857494128 0.029768385791802032 0.024618572814120394 0.026030175700505902 0.023305185767069723 -0.0084276460135649621 -0.0065607430366557591 0.0028829006251048198 0.032318714192153465 -0.022900476669738476 -0.035517546259313658 0.033535503106691608 -0.015560661586731504 0.020603389892510943 -0.032772841021845835 -0.02453677019015648 -0.038937891954024167 0.026809857164392142 0.016805970865970236 -0.035013848653472464 0.013291140949557372 0.016073840080950707 0.023376138099924965 0.032715143644123541 0.0028748536890962767 0.0066715010135615059 0.0099287559715086886 -0.025475675146308521 -0.011734517380029815 -0.016819832841228229 0.022193943485605654 -0.034359526256614294 0.0030533656848988288 -0.037839502158524149 0.025164701852025958 0.0044094388590819635 -0.027781772738025987 0.0059678744475096749 -0.010378388171217617 -0.0023936636092363058 -0.00017036263588724408 -0.003944168146682598 0.00022105054752125685 0.023370521239080434 0.0098541877663101182 -0.009416675047675481 -0.0030292660801262594 0.02333752322367736 -0.027747186848731391 0.0052978496642826466 0.015332591930880848 -0.024251294020003672 0.027742498357222308 -0.016889391086009155 0.014591997295434107 0.035785157377190437 0.0041147294240086304 0.034612285210480924 0.01117559525017604 -0.042899057340247564 0.013255897962901006 -0.019860407778566246 0.0060403310471130013 0.033101333064022367
leaf_weight=4.9708602875471115 3.2812962457537695 7.0647910386323955 2.2306531816720954 2.7113218232989436 8.8906799554824811 2.4859376549720764 2.4314613714814177 3.5042651593685132 1.7255029976367948 6.0465231463313085 1.5096343830227863 5.9747583344578743 2.4260107949376097 2.9451256617903701 4.0539629384875289 3.6647490561008444 2.8289183378219613 7.3087780997157061 2.0558331310749081 2.9118716046214104 18.1615079715848 8.6033095940947621 3.1813930571079352 5.8296011760830897 9.1859795302152687 7.1228317841887465 2.5134942084550849 1.8283548355102528 1.6526306867599512 1.4851607829332412 6.8570710420608512 3.2823038399219504 3.0566942989826194 2.4870327264070502 4.9094099327921858 3.1302940770983696 8.0367102548480105 3.8487285524606687 2.1808803528547291 1.5622504726052273 6.2597776800394085 2.6011914908885938 4.8250318840146065 1.694874107837675 2.388399742543696 2.1922501847147942 1.9279169067740429 3.8083495274186125 3.0079643130302411 22.412871263921268 1.8365898579359043 10.935787327587603 2.5677126646041923 11.847167946398256 2.4053777977824211 2.3829038068652153 3.1692549139261246 2.4647944867610923 2.0119200944900575 17.922049224376675 1.9662983641028402 4.2211551070213318 1.3055957332253449 2.6610875129699698 1.3151821643114088 2.7326064333319673 3.0350258499383926 1.9663464874029157 3.1437378525733939 2.7140973508358002 1.8157624155282972 2.0200321227312088 3.7615988627076149 1.5647953525185583 2.0528091713786125 2.0736971646547318 2.9604222476482391 2.6277705803513518 4.1033995226025581 2.7323458343744278 3.261179618537426 4.5353505909442893 1.8670112788677213 2.7425891757011414 2.208192765712738 1.702705293893813 1.9872954189777381 4.7449179142713547 1.6976698189973736 1.7311108857393263 1.7501988261938084 2.6687785983085632 3.5651553571224204
leaf_count=20 12 23 9 16 29 11 14 20 6 22 11 28 17 9 32 20 10 24 13 16 63 37 11 39 34 24 13 13 4 10 20 10 11 8 23 16 35 11 11 9 19 10 16 13 14 13 6 14 20 78 6 36 8 54 9 10 16 10 8 64 13 19 9 8 6 14 11 8 12 12 8 7 12 6 10 9 10 14 19 9 17 13 9 11 5 7 5 18 9 6 9 9 11
internal_value=0.0053377 0.00754772 0.0145722 0.000665017 0.00290265 0.00800275 -0.0103453 0.00350262 -0.0104595 0.00541077 -0.00331718 0.00134772 -0.00821532 -0.00589239 -0.00904539 0.00618789 0.0160326 0.00662888 0.00676971 0.00610476 0.00756277 0.00496507 0.0109182 0.000311372 -0.00838528 0.00754932 0.00240008 0.00685408 -0.00361664 -0.000411011 0.0143207 0.00249271 -0.000866076 -0.000427144 -0.00414824 -0.0250669 -0.0036004 0.0103394 0.00801264 0.0106767 0.0164361 0.00162332 0.0075099 -0.00582199 0.0104235 -0.0177619 0.00264005 -0.00564186 -0.0120709 0.0112583 -0.00458943 0.015985 0.00614164 -0.00423863 -0.0108476 -0.0189352 -0.0102066 0.00751234 0.0219767 0.018071 -0.013633 -0.00768281 -0.000813428 0.00304209 -0.014556 -0.0102254 0.0180161 0.00724574 0.0137996 0.0202925 -0.0178045 0.0152357 0.00154231 -0.0104677 0.00749984 0.0137888 0.0122322 -0.0133237 -0.00607549 -0.01213 -0.00618745 0.0157596 0.0120217 0.00199836 0.0204715 -0.0105352 0.0124614 0.0181544 -0.00220282 -0.0140596 -0.00213843 -0.00435183 0.0209706
internal_weight=373.837 253.841 59.1724 119.996 99.7588 54.8446 20.2372 45.9539 11.2045 194.668 44.9142 7.70026 30.171 27.745 24.7999 187.07 56.9417 14.7432 181 172.745 150.303 108.606 47.6019 61.0039 27.7346 33.2694 26.1465 23.633 22.4416 20.3857 41.6975 25.8752 22.5929 18.7747 16.2876 8.9599 18.7331 21.8047 34.7493 29.943 18.2857 11.6573 10.095 17.8057 30.8658 7.10166 12.2814 17.5162 11.7415 34.8404 4.74846 19.0245 8.08868 20.7459 6.07013 8.56012 5.55216 12.0259 26.9988 19.934 8.89878 6.93248 17.2479 14.1266 2.82482 14.5244 5.60274 5.7747 30.092 9.52325 3.12136 5.07673 11.8413 3.9532 7.88811 5.8353 5.67452 7.59863 11.7918 7.6884 5.99353 26.9482 11.9184 4.6096 8.25472 3.88359 9.56113 6.73221 11.4655 3.42878 10.3535 5.26997 21.7267
internal_count=1533 996 210 537 439 218 98 189 54 786 221 34 160 143 134 752 201 61 723 696 594 449 181 268 133 135 111 98 102 89 145 107 97 78 70 55 85 85 135 106 62 44 35 84 117 36 52 79 57 125 22 66 30 102 29 46 26 43 95 72 48 35 75 58 17 72 19 22 103 33 17 18 51 20 31 21 22 34 58 39 26 91 44 20 27 18 33 23 50 15 46 19 74
is_linear=0
shrinkage=0.0283043


Tree=73
num_leaves=81
num_cat=0
split_feature=12 18 10 12 12 12 16 5 5 16 19 12 12 10 8 16 16 10 10 16 16 19 12 16 5 19 19 10 18 12 16 16 16 16 16 19 12 8 8 8 18 5 5 8 19 8 19 5 5 5 16 5 19 18 19 5 5 5 8 8 16 16 5 16 19 8 5 12 12 16 8 8 5 10 10 12 16 19 5 16
split_gain=4.87123 5.25149 4.33773 3.691 5.61566 4.78442 3.42201 3.1155 3.66194 3.0004 2.90754 2.84665 2.83878 2.74831 3.21642 2.66523 3.04303 2.61102 2.57914 2.52238 2.45102 2.36016 2.13181 2.12281 1.98996 1.8968 2.53552 1.86476 2.08104 1.7075 1.58956 1.52523 2.23451 2.74751 1.95369 2.13334 1.46276 1.45559 5.40326 2.96648 2.09833 1.94642 2.84873 2.73561 3.27596 2.38563 2.3082 2.58835 2.25445 2.39942 1.82107 2.95047 3.54251 1.72186 1.67761 1.44614 3.94044 1.77218 1.74118 1.38529 2.4366 5.13171 1.38357 1.25758 1.25484 1.19687 1.94014 1.1665 1.09335 0.974956 0.965272 0.993018 0.927161 0.89667 1.59803 0.889186 0.875389 0.875142 0.841472 0.835836
threshold=0.052414556294340435 1.9128762108979334 1.0501572875220835 0.2572563221607303 0.21583902089734722 0.84985860134349789 0.79702240407577796 -0.031528522808925118 1.0995331260045982 1.6788435135584678 1.7504560988586031 0.35426774859839671 -0.10712761129997077 0.75924747487856781 -0.066605212545306006 0.48889339617006738 0.31157319246303666 0.99151124434691784 1.1446750458515778 0.49746426757448553 1.3914514817790717 1.9916523367993946 0.20915079832549491 -0.66209634182949928 2.0738995354769036 2.8024140763485854 1.7637615812549206 1.2220046320898745 2.3649131174021956 0.2847635924356115 0.22819262377630528 0.22819262377630528 1.2004817532993799 1.915284187205349 0.200028245868037 1.6602226926345205 0.14872680128020391 0.15303852478963834 0.95924734351879415 0.13002272756756431 0.75632753090431304 0.046508064657030661 0.85950910944661019 -0.29019423541002315 0.48482139868059054 -0.31303381640496092 1.2194561733602849 1.7789574445749385 -0.086938677954293817 -0.019402909099164468 0.18218599914633957 -0.1952614460643837 0.11788655890290163 1.6055287820963191 1.3664142102856491 -0.043728412866065644 0.87532068689509612 -1.0000000180025095e-35 1.2200669392612433 -0.13444845999276384 -0.072364760953627247 0.29386486560703329 0.086580154068460105 -0.067378821338557091 -1.0000000180025095e-35 2.1313789476867782 -0.072937586473191929 0.17795442591675831 -0.096345497332692917 1.3715592309594429 -0.12256365445146315 0.051812092090256806 0.010066231723791371 3.1470455299597968 1.4349317079556274 0.19424719369495713 0.061431486402842565 3.0417812587578079 -0.00033245690938777192 0.86520821877030163
decision_type=2 2 2 2 2 2 2 2 2 2 2 2 2 2 2 2 2 2 2 2 2 2 2 2 2 2 2 2 2 2 2 2 2 2 2 2 2 2 2 2 2 2 2 2 2 2 2 2 2 2 2 2 2 2 2 2 2 2 2 2 2 2 2 2 2 2 2 2 2 2 2 2 2 2 2 2 2 2 2 2
left_child=1 2 25 4 10 6 59 63 27 29 22 -11 19 14 15 16 30 76 -19 21 23 24 31 -16 65 26 37 28 -9 -8 -7 34 -33 -34 35 36 -2 39 79 40 41 43 45 44 64 -43 47 70 68 -50 54 52 -52 -42 55 58 57 -57 -40 60 -5 -62 -53 -3 -1 66 -4 -38 -45 -17 -44 -72 -68 74 -20 -36 -15 -27 -51 -39
right_child=3 7 12 5 -6 13 9 8 -10 11 -12 -13 -14 17 20 69 -18 18 73 -21 -22 -23 -24 -25 -26 77 -28 -29 -30 -31 -32 32 33 -35 75 -37 67 38 50 -41 53 42 46 48 -46 -47 -48 -49 49 78 51 62 -54 -55 -56 56 -58 -59 -60 -61 61 -63 -64 -65 -66 -67 72 -69 -70 -71 71 -73 -74 -75 -76 -77 -78 -79 -80 -81
leaf_value=-0.001436336095957118 -0.0089617637209419652 -0.0092193540094858781 -0.0028899747156036809 0.022748901092680317 -0.023984399644923684 0.0033188664791836756 -0.0020498071625066048 -0.00925803281225673 -0.036333473306876016 -0.014307910950859554 -0.032582219475438774 0.028556849124515088 0.030404563472954196 -0.039950805317572689 -0.013004580339799772 0.034329541987884869 -0.034175596649328531 0.025195474432481241 -0.015281863230233166 0.01774454481329809 -0.036370267485686843 0.024752660462962945 0.031442601076265481 0.0082143555411590807 0.02015655919908288 -0.021010182321416791 0.028952029683712719 0.030467490041532312 0.020088946699484231 -0.042446966942597586 0.023659953663588505 0.027028921911394093 -0.021511747240663282 0.014901275586314535 -0.03410798391058447 0.022048974895476015 0.0076231051970625466 0.025837026811484479 0.00019325334610659448 -0.020958277767880285 0.029339424661642154 0.026961310591198558 -0.013649082006598499 0.011504654533810058 -0.025786656095987414 0.0025656828149533831 0.033135808418788534 0.017040226670824003 -0.023384527246799208 0.020023048368764559 0.031330758889449417 -0.033862800012707313 -0.0090265907688910178 0.0034369539148335626 -0.011922997262735066 -0.036683385411013285 0.02370695694246391 -0.0015193819508746655 0.024201974381829184 0.027083888508707903 -0.038807679441073814 0.013479420343840575 -0.0044687279404010093 -0.032744354445741281 0.018976348836374543 0.015654474621889004 -0.034278104139768943 -0.0085079753642147548 0.027146262690122779 0.014002816528734056 0.013978065534512195 -0.012420863097039861 -0.015851775081254366 -0.033392315607852913 0.01110981032214067 -0.0039642531377915343 -0.013442554699300569 0.003494315978346475 -0.0042330190707770381 0.012673062876173263
leaf_weight=13.377452649176124 15.670442737638949 3.3202658221125603 8.9259935840964459 10.017034322023393 9.3593825958669168 15.310436785221109 1.3228010535240167 4.7249239832162839 1.5055519863963116 1.861183315515518 1.9544065445661534 2.7499484419822693 1.9514832943677891 2.5261504799127574 7.4172387719154367 3.6611834764480582 1.3524882942438115 1.8427316620945919 5.2774838730692846 3.9087869748473159 1.7725887969136227 1.6145352646708477 1.568031184375285 7.2680323049426088 1.5975408256053913 1.9031433314084996 6.2169775739312163 2.2486472278833389 2.9720884263515472 1.7513223066926 3.5746788755059233 3.5598033964633924 2.6158352345228195 3.7510698139667511 2.1193158403038974 2.8108086958527556 12.152955502271654 22.934309870004657 2.7549352496862438 2.363922953605651 6.8857888430356962 13.254629611968996 6.167150966823101 15.766171768307684 4.0690047219395629 3.9423300176858893 1.8602063953876484 5.5039200335741034 2.7762914299964905 2.4330093264579773 2.9485235512256622 2.4144761413335782 3.4146571755409241 2.6125792115926743 2.0762771368026725 1.5382965654134748 4.2802664190530777 3.1315191835165042 11.024825632572172 8.8427660912275332 1.7130680680274943 6.3558841571211815 2.312906488776207 3.6101373434066799 2.7166110575199101 1.1285631209611882 2.7230935767293021 4.8588012084364882 4.3347063809633282 3.3468021154403687 2.6200183182954806 1.6920899003744123 8.2472346648573858 1.002228684723377 2.5687824934720993 1.0558061078190801 1.389009356498718 2.3790534734725952 1.7598341256380141 4.377813681960105
leaf_count=53 71 16 41 34 72 56 7 25 9 9 15 8 7 14 36 10 8 6 31 14 11 5 4 31 5 9 20 6 10 10 11 10 16 12 15 9 48 79 12 13 25 41 27 55 24 15 5 19 15 7 8 13 14 9 8 9 12 12 37 31 8 22 9 20 9 4 19 25 15 14 9 8 45 7 9 5 5 10 9 17
internal_value=0.00523067 0.00797029 0.00931484 0.00139315 -0.00398061 0.00494572 0.0132572 -0.0064083 0.00249332 -0.00312478 -0.000371445 0.0107742 -0.000540627 1.11999e-05 0.00354486 0.0094949 0.00434379 -0.0105522 -0.00344521 -0.0028641 -0.0062623 -0.0062617 0.000953644 -0.00255324 -0.00862993 0.0110887 0.0115766 0.00873162 0.0022706 -0.0242148 0.00723434 -9.13192e-05 0.0097029 -7.25281e-05 -0.00262721 -0.000736291 -0.00276025 0.0108769 0.014192 0.00864858 0.00945211 0.00800109 0.0130356 0.00425911 -0.00359774 0.0212077 0.00518659 0.00167835 0.0101019 -0.00354372 0.00700569 -0.00246669 0.00975625 0.021887 0.011219 0.0134571 0.00471694 -0.0128569 0.0191616 0.0180174 0.0135839 0.00215473 -0.0191526 -0.0212299 0.00205447 -0.010947 -0.0125612 0.00294558 0.0149051 0.0242643 -0.00651049 0.00343554 -0.0204858 -0.00967482 -0.00654981 -0.0232206 -0.0298714 -0.00703569 0.00945292 0.0236399
internal_weight=370.723 216.323 197.941 154.401 61.4767 92.9238 34.614 18.3816 11.4512 7.68526 52.1173 4.61113 30.0972 58.3098 43.7034 27.2456 20.2376 14.6064 10.6912 28.1457 16.4579 24.237 50.1629 14.6853 22.6224 167.844 163.562 9.94566 7.69701 3.07412 18.8851 48.5948 9.92671 6.36691 38.6681 35.493 32.6822 157.345 63.2088 94.1357 91.7718 82.2734 35.0403 47.2331 20.1631 17.197 17.8434 15.9832 27.07 6.96913 35.8967 11.0906 6.36318 9.49837 24.8061 22.7298 8.95008 4.66982 13.7798 26.9288 18.086 8.06895 4.72738 6.9304 16.0941 21.0249 19.8963 17.0118 20.1009 7.00799 10.4793 4.31211 10.9703 8.8485 7.84627 3.17512 3.91516 4.2822 4.19284 27.3121
internal_count=1533 853 767 680 302 378 129 86 50 34 230 17 140 249 177 99 75 72 53 133 78 119 215 67 114 627 608 41 35 17 67 211 38 28 173 153 144 588 230 358 345 311 124 187 86 56 68 63 101 31 134 44 22 34 90 82 33 21 49 95 64 30 22 36 62 109 105 73 70 24 44 17 64 47 40 20 19 19 16 96
is_linear=0
shrinkage=0.0283043


Tree=74
num_leaves=86
num_cat=0
split_feature=21 9 9 19 19 21 4 9 4 21 9 11 17 11 11 17 17 21 17 9 21 19 9 15 9 11 21 17 9 9 11 17 15 15 11 11 4 21 19 11 19 21 21 21 4 21 11 17 15 19 11 9 21 21 11 4 9 15 15 4 9 15 11 15 15 15 9 19 4 9 9 21 19 4 4 11 15 21 9 21 21 19 19 19 15
split_gain=3.6913 4.154 5.79223 3.9457 3.88583 3.43202 3.38308 3.1766 3.17641 3.0414 3.22673 2.91793 2.719 2.78889 2.99916 3.34921 2.77628 3.23841 2.9989 2.68382 2.60849 2.58981 4.2317 2.57634 2.45097 3.54543 2.44189 2.83336 2.29993 2.74134 2.25847 2.19971 3.19017 5.21761 2.04366 3.59295 2.70396 3.45385 1.97735 1.88564 1.81518 2.48806 2.77157 1.76554 1.7639 1.72608 1.6949 1.67396 1.60992 1.93592 2.82527 1.51703 1.50019 5.79819 1.49792 1.4978 1.31843 1.27551 1.86045 1.24668 1.2268 1.16585 1.15868 1.0809 1.48673 1.59147 1.07012 1.06911 1.83366 1.05879 1.47248 1.04713 1.04234 1.01364 0.994854 0.992275 0.953609 0.944575 0.944465 0.926733 2.43606 0.870889 0.884445 0.846405 0.833096
threshold=-0.76176794789010593 -0.28108874763672004 -0.081275758747799312 0.39114506439708335 -0.081803268543717056 -0.84552360455957398 0.26723038586218023 -0.51304594579486251 0.3898212131612564 1.6281026379738048 0.95958700374135841 -0.62920908042562285 1.0951586315567023 -0.31706706789301292 0.15925867692917636 0.70562467999095335 -0.11972795641487814 -0.38165520598888042 0.077030860267533544 -0.34732698822788938 1.7900869282837908 0.70182150331487125 -0.41676452867700048 1.6289841860140926 -0.41001575683736197 0.29271998970793656 0.46875050826027925 -0.02242482396315337 1.584294072519975 1.3226120361294622 2.3943007569494816 0.3811348043523935 -0.25507569878535297 -0.05987884951945479 0.39620603437595908 0.93486873929451131 0.12278943359573834 -1.177995297531776 0.20242957013988008 0.095304747384875779 0.38966269259372005 -1.6536027150998542 -1.3447980181746926 -1.2757338500693558 0.4693829956809345 -0.98405347663132481 3.0609047754969372 -0.29624694234306709 0.44041407255008563 0.26258517428926859 0.03513118089471947 0.69039218360483301 0.39404121834332301 0.075528801482698679 0.71039992538043506 -0.61943162433301524 -0.43101016734793562 -1.0000000180025095e-35 -0.045437924435453435 0.56541327611896719 0.13358667300522117 0.59081410017167191 1.1814844588886191 -0.16039777783342055 0.0088495488470341725 0.73855769124669235 1.0506237974602561 0.65962172536428665 0.56977610962863323 0.34541693250481914 0.44722151902917778 0.064947150555479075 1.7504560988586031 0.17627010150818243 0.290506821784629 -0.0053488128708970668 -0.1271726144987777 -1.2194479702488985 1.1682100049256565 0.13866441069800842 -0.39055985420218825 0.63559295661622006 0.53005764790580645 0.45572387473392684 -0.22708458253355782
decision_type=2 2 2 2 2 2 2 2 2 2 2 2 2 2 2 2 2 2 2 2 2 2 2 2 2 2 2 2 2 2 2 2 2 2 2 2 2 2 2 2 2 2 2 2 2 2 2 2 2 2 2 2 2 2 2 2 2 2 2 2 2 2 2 2 2 2 2 2 2 2 2 2 2 2 2 2 2 2 2 2 2 2 2 2 2
left_child=5 3 -3 4 11 34 7 55 83 12 20 23 13 16 60 28 17 -4 26 21 -11 22 -10 31 56 -26 27 79 29 30 -16 32 74 -34 40 77 37 46 -6 -13 41 -1 73 -44 76 59 -37 52 49 50 -40 69 53 -19 -7 -5 -9 58 -24 -38 -15 -35 78 -41 -65 -66 -49 81 -69 -20 -71 -14 -23 -43 -2 -22 -33 -36 -17 80 -18 82 -42 -8 -39
right_child=1 2 9 6 38 54 8 24 19 10 -12 39 71 14 15 62 18 47 51 -21 75 72 57 -25 25 -27 -28 -29 -30 -31 -32 44 33 61 35 36 45 84 48 63 67 42 43 -45 -46 -47 -48 66 -50 -51 -52 -53 -54 -55 -56 -57 -58 -59 -60 -61 -62 -63 -64 64 65 -67 -68 68 -70 70 -72 -73 -74 -75 -76 -77 -78 -79 -80 -81 -82 -83 -84 -85 -86
leaf_value=-0.01341742539583825 0.02167341828508865 0.031871617046399209 -0.017750814440186009 0.0072558041015726169 0.032189743674533443 -0.030102475860038315 -0.010577936764681826 -0.046540564950816127 -0.034159668248329021 -0.016083955135319714 -0.031588930305686533 0.023915377785023614 0.03188154465229897 0.010364113023458169 0.012725997186124015 0.0090826033392039183 0.015822647595431234 0.013419000553955375 0.0078100572680012796 -0.033137929919692638 0.0024294569983699067 0.026423716668471934 0.011124812347058277 0.023502817045179161 0.010891265072738694 -0.024601339097855494 -0.035538295601641318 -0.033931631283238818 0.028312757825190465 -0.022267354704613117 -0.0190950313930211 -0.015784094519054534 -0.039461933669458125 0.011698136594137796 -0.034830917687826389 -0.025189888279518777 -0.02197638396787701 0.01220847988866511 0.022183249376542546 0.012053970147027037 0.02471959302816925 0.020979671534365162 -0.023076114482513569 0.0015429463609281133 0.0062994112759046511 -0.04040876525101196 0.01354225440121944 0.02970453153785425 -0.0094141635213147827 0.027759444659788624 -0.018570924143887255 0.020442724160209071 0.013697635334448927 -0.033858329705957091 -0.0028882745885909639 0.027860800396512543 -0.011657479313250677 0.026051873954428057 -0.032111754816243968 0.010987812788586815 0.030092607580701067 -0.011875896573183352 -0.028329385514949717 -0.006963958114064122 0.019966822411741962 -0.0027374206955548381 0.0056255524187228192 -0.0014302606387580441 0.029084875460944935 0.0021637709760860277 -0.034636775939117098 0.014091268100280481 0.002128830241584619 0.0015758161224269666 0.0027561235758646581 0.025157371932117121 -0.036727150591239356 -0.014285505379356042 -0.01826320588113152 0.020607746690229939 -0.032974796718867841 0.03415777187679063 0.002670552383283867 -0.034800788580358233 0.033796792073116332
leaf_weight=7.4105641916394189 4.7494287788868004 8.8007417023181898 3.0167769268155089 11.129138275980948 5.4734930545091656 4.0854867398738852 1.3418636173009897 1.5190596580505373 3.3089567050337783 3.3922695815563184 2.6621557474136344 5.3474714159965506 5.5377847328782064 3.1940001994371405 36.653205409646034 2.2190460115671153 1.7820004820823667 6.5530324652791041 4.0475015938281995 2.1971148476004574 2.593960925936698 2.8465310633182535 2.1135430335998535 2.5387307256460181 6.9891992509365064 3.1079107671976089 3.1669377908110619 1.9094645157456414 5.8462939113378516 1.8123539388179768 1.6540214642882336 5.4826502725481987 3.1160313934087798 4.5067974179983112 2.7245927676558495 2.142897486686707 1.4978186562657358 2.0375286042690277 2.7591196894645673 14.430998422205446 2.7407166361808768 8.2381325587630254 2.4695335477590552 18.568359188735496 2.0831008329987526 1.3338780105113972 1.2916165143251417 5.3865160793066051 2.0366740673780432 5.6314749717712402 2.246817022562027 3.6308717280626297 14.291194319725035 2.7853889316320419 2.4499769061803818 3.5055398046970394 1.5619253665208805 1.6047191470861424 1.071258179843426 1.7939257621765134 9.3410881161689741 2.4131623357534409 1.8877580016851423 8.2952229604125041 5.0399921238422376 4.444143183529377 1.7592074275016782 6.5141245201230031 1.8126776218414304 1.8043629229068758 1.3706964775919912 4.5666612833738327 2.4159048646688461 2.6162493452429763 3.7532745376229286 3.0067572742700586 2.3608825728297216 4.5519058704376247 1.5120084434747694 1.8308042287826536 1.2323604598641398 2.2368708103895187 2.6088694483041763 4.6753724738955498 3.4393189251422864
leaf_count=34 15 34 14 46 20 24 7 7 24 13 13 18 16 13 135 8 6 23 14 17 9 10 9 9 27 20 20 13 17 11 9 25 18 18 19 12 9 7 10 54 9 27 13 81 9 9 4 17 7 18 9 12 48 13 12 12 8 5 8 6 33 12 10 41 17 23 6 27 5 7 9 16 13 12 17 9 15 25 7 6 9 5 12 33 10
internal_value=0.0051231 0.00664754 0.0099068 0.00307493 0.00670459 -0.00014032 -0.00330015 0.00318754 -0.01169 0.0085146 -0.00518589 0.00363152 0.00976523 0.00856763 0.0125616 0.0095581 0.00387412 0.00885083 -0.00423582 -0.00500008 0.0026628 -0.000233014 -0.0101329 -0.0027767 -0.00679123 -0.000181809 -0.0154074 -0.00603696 0.0120665 0.0096635 0.0112632 -0.00522944 0.000485745 -0.0101839 0.00154226 -0.00597382 0.00254863 0.0116119 0.0182807 0.00891632 0.00438808 0.00113814 0.00454963 -0.00140063 -0.0158867 -0.0145281 -0.00976022 0.0116039 0.0122746 0.0165807 0.00416998 0.00591062 0.00800599 -0.000713278 -0.0195055 0.012217 -0.027983 0.00650184 -0.00331057 -0.00421642 0.024835 0.00324257 -0.0106268 0.00635455 0.00170276 0.00925042 0.0234064 0.0124049 0.00555355 -0.00137983 -0.0133665 0.0236889 0.0150024 0.0160546 0.01309 0.0143545 -0.022065 -0.0218343 -0.00219673 0.00537082 -0.00372271 0.0200024 0.0140927 -0.0288224 0.0253603
internal_weight=367.91 285.345 149.247 136.098 86.7095 82.565 49.388 27.8128 21.5753 140.446 11.6551 68.5619 128.791 118.687 64.1198 51.5847 54.5671 33.7921 20.775 15.558 8.99299 13.3609 8.09848 31.0041 13.1781 10.0971 9.92157 6.75463 45.9659 40.1196 38.3072 28.4653 18.5387 10.036 76.0296 20.8135 13.537 8.91136 18.1476 37.5578 55.2161 39.3028 31.8923 21.0379 9.92663 4.62562 3.43451 30.7753 12.6741 10.6374 5.00594 10.8534 23.6296 9.33842 6.53546 14.6347 3.08099 4.78952 3.1848 3.29174 12.5351 6.91996 5.61881 32.2104 17.7794 9.48414 7.14572 15.9133 8.3268 7.22256 3.17506 10.1044 5.26244 10.8544 8.5027 5.60072 7.84353 7.2765 3.73105 4.84517 3.01436 7.58646 5.34959 6.01724 5.47685
internal_count=1533 1171 570 601 355 362 246 120 126 536 44 291 492 460 243 197 217 121 96 86 31 69 46 138 62 47 54 34 172 155 144 129 80 48 326 101 57 33 64 153 225 167 133 94 49 24 16 107 44 37 19 42 84 36 36 58 15 22 17 15 46 30 25 135 81 40 23 58 32 30 16 32 23 39 32 18 40 44 15 21 15 26 21 40 17
is_linear=0
shrinkage=0.0283043


Tree=75
num_leaves=77
num_cat=0
split_feature=12 21 12 12 12 12 21 8 8 5 19 8 8 8 21 10 8 10 21 10 8 14 12 8 10 10 5 19 19 5 5 12 12 12 12 8 10 12 21 21 21 5 8 19 19 5 5 5 21 14 21 12 5 5 12 21 21 12 12 21 21 21 8 8 21 14 21 21 10 12 8 14 14 10 10 5
split_gain=4.57042 6.97795 4.03654 3.43395 5.30571 4.4721 3.39414 3.17955 5.71089 2.87787 2.77139 2.69586 4.78801 3.41459 3.40199 2.62112 3.0316 2.54897 2.48043 2.45495 2.25549 2.10148 2.12273 2.04965 2.04605 2.98769 2.26405 2.87894 6.38342 2.33341 2.15649 1.87046 1.86608 2.10916 1.85495 2.04636 1.80096 1.63318 1.52158 1.50938 3.08541 1.50129 1.5 1.39928 1.46854 1.39605 1.60338 1.95865 1.33142 1.29901 1.26893 1.4043 1.22781 1.21778 1.18987 1.18663 1.40724 1.18104 1.17542 1.12633 2.97853 2.8882 2.44168 1.10594 1.30577 0.971727 1.16568 0.927624 0.924975 0.91315 0.883583 0.876134 1.08502 0.866101 1.48926 0.853976
threshold=0.052414556294340435 -1.6536027150998542 -0.34771042901181659 0.2572563221607303 0.21583902089734722 0.84985860134349789 -0.28670378472230956 0.20441534479025289 0.72719015196114045 -0.063745888484935356 1.7504560988586031 -0.036462447914610112 -0.14636263490525395 -0.0057029264889373191 -0.72435425354029304 0.75924747487856781 -0.066605212545306006 0.99151124434691784 1.1418190904523706 1.1446750458515778 1.1383123996604179 1.4930837730710536 0.073215204485479732 1.0793289125217551 2.3034328555517392 3.2378506431175929 0.050361150177360405 1.6519620562141653 0.46394864732032964 1.0312267400454032 3.1249377045320599 0.20589408472104401 0.35426774859839671 0.2847635924356115 -0.096345497332692917 -0.20656984584347407 1.321060067851445 0.17795442591675831 0.40306396533930083 0.34507746304839743 -0.099021199303360799 0.5719482305655178 0.078401162807038238 1.7504560988586031 0.40618396543443042 0.035505880701390276 -0.00062027775548465945 -0.029179533323037379 1.7900869282837908 0.39343285679312151 1.9392693105523631 0.084880495023456112 0.0076893886076361499 0.93579091820571703 0.16223204300713553 -0.20826257327298581 0.42677820089940938 0.15696058285077871 0.19182765788148101 -0.15497640253234249 0.5157302040063515 0.69127223456683817 0.14192711268965788 2.2214743887053867 0.95189262816269471 0.40641191408889649 0.25503895114089287 0.74602283021258697 0.74393281354531104 0.29983279267315516 0.11639533933569395 0.33131469840052225 0.11343637672272942 3.1470455299597968 1.4349317079556274 1.7225352741965196
decision_type=2 2 2 2 2 2 2 2 2 2 2 2 2 2 2 2 2 2 2 2 2 2 2 2 2 2 2 2 2 2 2 2 2 2 2 2 2 2 2 2 2 2 2 2 2 2 2 2 2 2 2 2 2 2 2 2 2 2 2 2 2 2 2 2 2 2 2 2 2 2 2 2 2 2 2 2
left_child=1 -1 7 4 10 6 32 11 -9 18 21 12 24 -13 42 16 71 -17 63 -19 34 22 -2 31 26 -26 27 28 36 43 -31 37 33 -5 -4 38 -3 50 -36 40 49 45 -15 44 -28 46 47 -11 -20 -18 51 -24 -48 -43 57 -39 -57 -53 -25 62 -61 -62 70 64 -10 66 -6 -41 -37 -35 -16 72 -7 74 -21 -55
right_child=3 2 20 5 65 15 -8 8 9 41 -12 13 -14 14 59 17 39 19 48 73 -22 -23 23 58 25 -27 29 -29 -30 30 -32 -33 -34 69 35 68 -38 55 -40 67 -42 53 -44 -45 -46 -47 52 -49 -50 -51 -52 54 -54 75 -56 56 -58 -59 -60 60 61 -63 -64 -65 -66 -67 -68 -69 -70 -71 -72 -73 -74 -75 -76 -77
leaf_value=-0.027790550856183489 -0.029620914438430151 0.0017877440822803255 0.032119926109979394 0.0064986706642084406 -0.033165222871155295 0.0092258351424995399 0.02297113217402922 0.030005274777688662 0.012950055731221096 0.00039225663545589841 -0.032151767924944681 -0.029088069332649104 0.029568837793053148 -0.0018787465918212291 0.012925528610401291 -0.02963398041627174 -0.015886434769145173 0.025003990468947673 -0.021086490884710766 -0.014909082398004567 -0.0025977482394006096 -0.017109045495929218 0.027920934116020004 -0.032942726039845001 -0.035557916501299865 0.01553285182022778 0.014175729576453676 0.02095511650213043 -0.02888270369836873 -0.0071797374605580529 0.028564004476233057 0.030721683874420671 0.014647844902779648 -0.036425460613447931 0.014127214259720898 0.017765636421254203 0.02880398202118194 0.004217011258118462 -0.0086423111495632678 -0.037235101016300266 0.020446689089022051 0.020136072292209727 -0.035228593960662614 -0.0028639396393933796 0.031654508084815028 -0.023296905913336382 0.025704102006036261 -0.034778537424104153 0.0059948669933353894 0.009121673656470616 -0.016280637830348343 0.0047617823589801173 -0.0011333153808898455 -0.012866030464185409 0.014799940533589018 -0.033690554499469991 -0.0013725420716901966 -0.01828467036585835 -0.0023512303052082555 -0.016127114359955636 0.028128574715433181 4.7431579481377224e-05 -0.016184204816162437 0.03378635940831537 0.034640176095674366 -0.0037444347231350792 -0.0059569152642630022 -0.010196426342628261 0.032334748092126324 -0.0093982247001884317 0.033661314114902509 0.0012551197926932685 0.025754539223157406 -0.033124861313732129 0.010661549225164846 0.0090835695401491959
leaf_weight=4.0595399886369696 1.449504256248473 21.498217090964324 6.8708126544952384 6.6639067605137843 6.2085423916578275 15.615962922573095 14.80949781835079 10.929229900240896 19.013516075909148 3.2301146462559691 1.8985776752233494 3.1965782046318045 6.4976499229669562 1.5001330822706211 4.7969574257731455 3.8696726560592642 7.0299960598349571 1.8156281113624562 1.9003130197525013 5.21473281085491 4.0046040117740622 4.5293539315462104 2.4152075648307862 1.6812632605433457 2.2313013002276416 1.3253216370940206 10.32936244457961 4.7494230121374121 5.6729231774806967 6.7569829374551755 1.4774551540613172 2.0565590411424628 8.6026952266693097 1.4338214546442034 5.7106003761291486 12.425785988569265 1.9149051755666722 3.4353745430707932 3.6283580511808395 1.6151369586586946 3.5028391480445871 4.0020120441913587 2.8217607513070107 2.0775796473026267 5.7695796787738791 2.8046532943844786 2.0622669607400921 1.8643987774848936 4.2163964062929153 1.9761373624205587 1.5425215661525715 15.550414279103284 3.0348442941904068 2.242126077413559 9.1439067795872671 2.0689741894602767 1.9374949038028715 1.7683140113949765 2.0773710533976555 6.2559520155191448 3.5435619950294486 11.802181161940096 1.73165987432003 2.7378559857606879 2.2741211056709281 1.5052957162261007 1.4687512964010236 2.1526957303285599 4.5457981377840033 2.4207185134291649 2.1946796327829361 7.6103937029838553 3.6873082369565955 0.97512707114219654 2.5562064796686172 3.1399422064423561
leaf_count=23 6 86 26 27 54 57 54 40 71 15 15 18 21 6 18 19 39 6 9 31 15 22 7 13 15 5 39 16 36 31 4 5 28 9 20 44 6 14 14 10 12 13 19 9 15 14 6 12 15 7 8 63 13 11 32 15 9 10 11 34 10 48 9 8 6 9 9 10 16 11 5 31 11 7 9 12
internal_value=0.00501545 0.00769267 0.00840874 0.00127456 -0.00393726 0.00472964 0.0128581 0.00657831 0.0115978 0.00774214 -0.000422232 0.00362902 0.00689922 -0.0024476 0.00011265 -5.73064e-05 0.00341381 -0.010436 0.0134183 -0.00336884 0.0168357 0.000866667 0.00271004 0.00383085 0.00455115 -0.0156853 0.00577662 0.000948529 -0.00239256 0.0119629 -0.000334773 0.00571084 0.00505706 -0.00290038 0.0192765 0.0158822 0.00409176 0.00429075 0.00536198 -0.006158 -0.00152633 8.31386e-05 -0.0224219 0.0176114 0.0204547 -0.00612996 -0.00136584 -0.0123233 -0.0023534 -0.0101582 0.00718331 0.00852714 0.00968199 0.00857829 0.00665209 -0.00742672 -0.017864 0.0023125 -0.0155458 0.00345963 2.12591e-05 0.00667036 0.0119132 0.0175167 0.015374 -0.0235717 -0.0278153 -0.0215638 0.0216743 -0.0192303 0.0193793 0.00922809 0.01244 -0.00946955 -0.00640899 6.77392e-05
internal_weight=365.131 212.841 208.782 152.29 60.7374 91.5525 33.9306 171.596 63.4518 52.5226 51.5548 108.144 70.3007 37.8435 34.6469 57.6218 43.1905 14.4314 30.1422 10.5617 37.186 49.6563 45.1269 43.6774 63.8031 3.55662 60.2464 33.8355 29.086 26.411 8.23444 39.9188 19.1211 10.5184 33.1814 26.3105 23.4131 37.8622 9.33896 16.2768 12.509 22.3804 4.32189 18.1765 16.0989 12.9963 10.1916 5.09451 6.11671 9.00613 30.4204 28.8778 5.09711 9.38408 26.4626 7.44184 4.00647 17.3187 3.75863 30.325 21.6017 15.3457 8.7233 24.0255 21.2876 9.18259 7.67729 3.76783 16.9716 3.85454 6.99164 26.9137 19.3033 8.74607 7.77094 5.38207
internal_count=1533 853 830 680 302 378 129 695 245 205 230 450 283 167 149 249 177 72 109 53 135 215 193 187 262 20 242 144 128 98 35 163 75 47 120 94 92 158 34 78 58 96 25 63 54 60 46 27 24 46 120 112 19 36 105 38 24 73 24 124 92 58 32 85 77 72 63 20 60 20 23 99 68 47 40 23
is_linear=0
shrinkage=0.0283043


Tree=76
num_leaves=83
num_cat=0
split_feature=13 16 13 0 0 9 5 16 5 9 0 13 16 9 5 5 16 19 9 9 16 13 9 13 16 19 13 13 9 9 9 13 13 9 13 9 9 0 9 9 0 16 16 5 16 9 16 16 5 16 16 16 19 16 16 9 9 5 5 5 16 5 9 5 5 5 5 16 16 16 9 5 9 9 13 5 16 16 13 13 13 16
split_gain=4.40266 5.37524 4.24997 3.41899 3.61325 3.05274 3.4422 4.31445 3.94677 2.77192 2.6892 2.47643 2.84662 2.39996 3.967 2.33703 2.89748 2.83778 3.3985 2.28258 2.28102 3.68899 2.26732 3.16684 2.7925 2.17418 2.12926 2.08426 4.09128 1.88416 2.68755 2.06001 1.91897 1.98561 2.5769 2.8065 1.7559 2.89495 1.66505 1.57507 2.41661 1.55568 2.18998 1.78918 1.73607 1.54394 2.46282 4.32822 2.08191 1.91788 2.35412 2.02463 1.60776 1.54357 1.52866 1.51718 1.95115 1.50102 3.15628 1.47015 1.44864 1.39161 1.31148 1.40717 1.71899 1.29836 1.85172 1.2778 1.20743 1.18371 1.16572 1.15207 2.66612 1.13705 1.13636 1.12404 0.913588 0.8915 0.835623 2.6175 0.871352 0.83049
threshold=0.22889777337348557 1.3124284594914615 -0.48742083761836419 1.0000000180025095e-35 0.19642859975263716 0.50975907694884726 0.074565954879769344 0.2260293028689401 0.96256754143615331 0.42862260418338144 -0.08109254783473456 1.0000000180025095e-35 0.13769369915152954 0.44722151902917778 1.1886740274038414 0.93579091820571703 1.3843331258410274 0.68647178238327033 -0.40729396442090399 0.40028253753131449 1.6788435135584678 0.43794006265027596 -0.41167111596783929 0.15551633612724897 -0.028912915299978525 0.6519946833437561 0.75240576489260602 0.35008569183156973 0.53920536917368522 0.07502834376458388 -0.23588470984291476 1.0185520211888746 0.27135476521424301 -0.34031558729543465 0.87399672707042975 -0.36643524434460173 1.3436541973841845 1.4540034672410542 1.2252721441829777 -0.31425959790513208 0.42111052868451099 0.67180732965185663 0.185884247745121 -0.033868227751390444 -0.39289680872823129 1.3633672962601098 0.22819262377630528 0.061431486402842565 0.010066231723791371 0.9052502586128176 1.5783418051191604 2.3310023549040202 0.3125434949848756 -0.39289680872823129 2.8877896488191603 -0.35671796791040516 -0.53997736549455222 0.79069207359917859 0.50147854598888431 0.5362398765626547 0.003979864020102186 1.7225352741965196 -0.40350573871846535 1.5211163891892088 1.0312267400454032 -0.26547116342518767 0.25059161362659321 1.2388034379441342 -0.02331918552522003 -0.18849388756661498 0.30283918563917495 0.070499324860722509 -0.35921692352083739 -0.77695635024563336 0.26994411219515418 2.8692135250466566 0.30354830204952499 1.2709648087669627 1.1387506505166887 1.3661589092952522 2.3083560449475633 0.41360982859375989
decision_type=2 2 2 2 2 2 2 2 2 2 2 2 2 2 2 2 2 2 2 2 2 2 2 2 2 2 2 2 2 2 2 2 2 2 2 2 2 2 2 2 2 2 2 2 2 2 2 2 2 2 2 2 2 2 2 2 2 2 2 2 2 2 2 2 2 2 2 2 2 2 2 2 2 2 2 2 2 2 2 2 2 2
left_child=2 5 3 10 -5 6 7 9 73 19 15 81 22 14 -10 45 17 18 61 29 -3 -22 23 24 -13 -12 67 28 -7 30 32 -31 -2 34 35 -34 39 69 -30 40 -6 42 44 -43 59 46 47 53 -49 -48 52 -52 77 57 -53 56 -36 58 65 -41 -47 -17 63 64 -42 -1 -67 -9 -55 -38 -14 72 -64 -8 -40 -16 -75 -51 -29 -80 -81 -4
right_child=1 20 11 4 36 27 8 26 13 -11 25 12 70 -15 75 16 -18 -19 -20 -21 21 -23 -24 -25 -26 -27 -28 78 38 31 -32 -33 33 -35 55 -37 37 -39 74 41 62 43 -44 -45 -46 60 49 48 -50 50 51 54 -54 68 -56 -57 -58 -59 -60 -61 -62 -63 71 -65 -66 66 -68 -69 -70 -71 -72 -73 -74 76 -76 -77 -78 -79 79 80 -82 -83
leaf_value=0.0073172398812467445 -0.02624324385562184 -0.035628865455483195 0.032041770098947403 0.030873085064729387 0.026532887127268926 0.027231965572533282 0.0037261569703955816 -0.0057547830251764628 -0.03824757537077958 -0.035324293342986708 -0.035652421187178159 0.016411413335447361 0.016708827573643496 0.019694722094370939 -0.0052142514879900412 -0.015959565070924144 0.018672183080037735 0.015601807891260297 -0.027265992637336835 0.016324593318720711 -0.034001349936814661 0.018355928645183397 0.011753473915654334 -0.026354555823549695 -0.020365537196035576 0.0053486477771499761 0.025381056867117203 0.020502334962442866 -0.035097240875407582 -0.006717737824566322 0.02200370111371169 -0.039243854637313245 0.020587415586536803 -0.033847952269386111 -0.0058621493721356978 -0.017513013445079158 -0.0060830020590248576 -0.0362997395635246 0.0083696020831601509 0.0046166883839304246 0.0053336074492162325 0.033897403494206224 -0.0055530682694209191 0.0068033990702737936 0.028119904110866109 0.027538763791324229 0.020054269210186264 -0.024534880797848605 0.003088543564547274 0.020326691018099065 0.028775551287862067 -0.011929135956980459 -0.017606121274987428 0.026408895698339038 0.01886976094068089 0.016270002434000515 -0.029140031055529314 0.017059232865663927 -0.035229717517038045 0.024271564903872292 0.0042301590052531554 0.010191003498313492 -0.03507073760014999 0.021788477959349746 -0.023641178080257147 -0.0090681835198893543 0.020138263636928423 0.021835400161462053 0.0037526542805091461 0.020067905589336504 0.034127208796524533 0.0044938031364123122 0.0079442576429612864 0.026990474568993093 -0.015111421049156913 0.021374681583649947 0.0078166811794037963 -0.0056168056503465274 -0.0091611117944501094 0.028393650940258933 0.0070357154841985039 0.01448582593025936
leaf_weight=14.662616789340971 4.0706362649798384 4.3045832663774473 6.8966830223798734 5.640299215912818 3.4050129652023342 2.8799777776002902 3.0548797547817221 5.4682319909334165 2.8009831905364972 2.8968904092907897 2.6301646791398516 5.4776305109262466 10.945880904793738 2.4120657816529265 4.7943374216556549 2.3870208933949497 3.0420968011021605 2.6379707902669898 8.2196123972535151 2.836220294237136 1.8345430344343188 2.1037511974573135 21.392656281590465 3.3355738595128059 2.0765558034181542 1.4762916043400762 4.4026749357581139 10.342143975198271 1.6467937454581258 2.7724283784627906 2.2741221636533799 3.1145986765623093 5.3906485214829445 1.7082885354757333 8.5590416938066483 1.9372821226716066 3.0838156342506409 1.7041329592466352 2.8306828290224075 11.596571907401087 15.453123360872278 5.2336517721414566 5.3806255534291259 2.6652565598487845 5.2212122827768352 4.227129139006137 10.09491126984358 7.3427724465727788 2.9279720708727837 1.8811320811510106 4.1342805027961713 2.6008616238832474 4.4518012329936028 3.8285888582468033 2.1647172272205353 1.3569126725196792 4.116309918463231 4.1203557252883902 1.7636738717555989 3.8734779357910147 3.7647147625684738 3.9585155174136162 2.6135488972067833 3.418072670698165 1.6378329917788494 11.440405197441576 1.8500517606735218 1.612374000251293 3.2416464984417024 2.1508061513304702 3.928108721971511 3.2371450215578079 1.8132867440581311 8.0773416981101054 3.3965234234929085 1.5019801706075666 2.3636185303330413 1.9370324984192846 3.6987515985965711 3.835844486951828 2.21194177120924 2.8679607510566711
leaf_count=57 28 31 27 21 11 8 14 32 19 19 18 19 37 8 22 9 10 10 48 10 12 7 77 20 8 6 14 35 11 13 9 17 21 12 39 12 13 10 10 44 63 14 24 11 15 12 37 44 13 6 13 14 25 14 7 5 23 14 8 12 14 15 17 11 10 57 7 6 12 8 11 13 8 26 20 5 9 11 17 13 10 11
internal_value=0.00491088 0.000385771 0.00705838 0.00501781 0.00954431 0.00205597 -0.00093493 -0.00504649 0.00767096 -0.00933646 0.00182221 0.0138252 0.0111597 -0.00436109 -0.0110564 0.0026834 -0.00592571 -0.0104494 -0.0153382 -0.00732311 -0.0213832 -0.006369 0.00645054 -0.00396477 0.00591808 -0.0201892 0.0101509 0.0095635 -0.000344426 -0.00927662 -0.00636527 -0.0236654 -0.00882627 -0.00568396 -0.00333276 0.0100965 0.0078553 -0.00546399 -0.0109014 0.00928331 0.00475335 0.0135014 0.0101993 0.0243505 0.0143395 0.00470921 0.00350599 -0.000148485 -0.0164238 0.0103483 0.00465649 0.0146021 -0.00611635 0.00395735 0.00244634 -0.0103761 -0.013453 0.00146309 -0.000757325 0.0096436 0.0164063 -9.7479e-05 0.00202264 0.00572527 0.00245023 0.00154676 -0.00480329 0.00080693 0.0157977 0.00452616 0.0213056 -0.00784163 -0.0171657 0.0179956 -0.00442831 0.00115903 0.022487 0.00684257 0.0149434 0.00909514 0.0202893 0.0266456
internal_weight=362.443 116.607 245.835 188.914 78.1279 108.365 77.5219 52.5167 25.0052 41.0334 110.786 56.921 47.1564 11.5094 9.0973 106.68 20.2452 17.2031 14.5651 38.1365 8.24288 3.93829 32.2824 10.8898 7.55419 4.10646 11.4833 30.8427 10.754 35.3003 29.4132 5.88703 27.1391 23.0685 21.3602 7.32793 72.4876 6.93875 7.874 65.5488 31.578 33.9708 26.0719 7.89891 20.6913 86.4347 78.4428 51.1781 10.2707 27.2647 17.1698 8.89986 8.26997 40.9073 4.76558 14.0323 12.6754 33.8371 29.7167 15.47 7.99184 6.34554 28.173 20.509 17.091 27.9531 13.2905 7.08061 7.07024 5.23462 14.874 7.66398 4.42684 13.4958 6.22721 6.29632 10.441 3.81816 20.0887 9.74654 6.04779 9.76464
internal_count=1533 537 996 786 305 487 363 260 103 208 481 210 172 54 46 457 92 82 72 189 50 19 124 47 27 24 52 124 49 179 149 30 140 112 100 33 284 31 41 253 133 120 95 25 71 365 339 226 57 113 76 34 42 169 21 67 62 143 129 56 26 24 122 84 73 121 64 38 26 21 48 38 25 49 30 27 35 17 75 40 23 38
is_linear=0
shrinkage=0.0283043


Tree=77
num_leaves=67
num_cat=0
split_feature=2 2 2 5 16 19 10 19 19 2 15 14 16 2 5 5 19 5 19 19 16 2 10 10 10 5 5 2 5 5 5 14 14 14 15 16 5 15 15 2 2 2 5 5 14 5 14 14 2 5 16 2 5 15 2 14 14 5 5 5 14 19 15 5 14 10
split_gain=2.94819 7.78552 8.27925 4.56786 4.1033 3.93756 3.51549 2.85109 4.21929 2.73764 3.53612 4.33152 2.79303 2.38773 2.22749 2.99098 2.36926 2.39407 2.10462 1.95455 1.89787 4.44455 2.35521 2.10567 3.43644 3.96451 3.82571 2.56392 1.87214 1.86912 1.84251 1.74798 2.78647 2.69925 2.62507 2.00347 1.72111 1.88585 2.77689 2.64512 2.33324 2.23937 2.3754 1.64947 1.5916 2.30454 2.89303 2.09969 1.56153 2.37079 2.92743 1.76838 1.43772 1.42313 1.36945 1.36545 2.1599 1.2756 4.98275 1.22329 1.14385 1.09827 1.08376 1.07701 1.05647 0.938532
threshold=0.062512852706940125 0.48694257890402709 1.0568980631179306 1.8776150029822252 1.2497642638747843 2.6821745957177132 0.96313357222435103 0.49029661066398084 0.61286724050175512 -0.066481981263746007 0.38443972264752369 0.83127808408136061 1.7301760282318037 -0.207962442634577 0.97295694552590994 1.9847400649908149 -0.44880983598931051 -0.029179533323037379 1.6332411348910447 3.2992238134790086 0.34257049060714029 0.16894962036643976 1.0000000180025095e-35 1.2262329224243091 1.1898111857630618 0.047770762562488099 0.94171445690926014 0.38091383828374786 1.9448350973609905 1.0000000180025095e-35 0.010066231723791371 1.8614434195229372 2.3371356237885998 1.3521732120323084 -0.083187700760389297 1.0199783774000835 0.0076893886076361499 -0.040936959248245627 -0.035797503377738536 0.26094223083753637 0.25274671630690898 0.22367187528360208 -0.15877319041403196 0.02352881968638933 0.25697488128113211 2.9844997007236072 -0.61032681035705083 0.32547354883062884 2.3223414646407536 0.91872592739519632 0.30597946268827819 1.8510352605949423 0.082207134116471473 1.1084645097057162 0.77485811569336593 -1.0000000180025095e-35 0.039509686095512433 0.046508064657030661 -0.12258204015319975 -0.74859238041400478 1.5640726753094831 0.25387026263885037 0.54459841034225054 0.43300503824808445 0.30402539844530302 1.2753395300888599
decision_type=2 2 2 2 2 2 2 2 2 2 2 2 2 2 2 2 2 2 2 2 2 2 2 2 2 2 2 2 2 2 2 2 2 2 2 2 2 2 2 2 2 2 2 2 2 2 2 2 2 2 2 2 2 2 2 2 2 2 2 2 2 2 2 2 2 2
left_child=4 20 54 7 5 6 18 48 -9 10 11 30 -12 14 16 -16 17 -8 31 -7 23 -22 -23 24 25 36 -27 -25 -28 -10 61 33 -33 35 -35 44 37 39 -39 40 41 42 -2 -18 45 46 -1 64 51 50 -50 59 -19 62 -3 -48 -57 58 -49 -4 -36 -6 -40 -59 -46 -24
right_child=1 2 3 -5 9 19 13 8 29 -11 12 -13 -14 -15 15 -17 43 52 -20 -21 21 22 65 27 -26 26 28 -29 -30 -31 -32 32 -34 34 60 -37 -38 38 53 -41 -42 -43 -44 -45 47 -47 55 57 49 -51 -52 -53 -54 -55 -56 56 -58 63 -60 -61 -62 -63 -64 -65 -66 -67
leaf_value=0.0058029962112945508 0.0011210784692479963 0.030906451535581643 0.0008856002630144885 -0.038037540745951344 0.00053875906926830852 -0.035586894983772127 0.0047556777293576245 -0.033742094393123603 -0.0043843910986570743 0.023103452963250205 -0.015914203478311035 0.021732407231957671 0.023066607807066718 0.030605946352970297 -0.036081505157558695 0.013161181925114337 0.0031135745972403414 -0.0341764650069201 0.024886946069144093 0.0065312445780890804 0.025834912295285822 -0.01620120936341244 0.017275672021431383 -0.034407620625351472 0.022903277732472586 0.012969517109593704 -0.018872281108937673 0.0068633488561076076 0.010420132515157585 0.02793027018917622 -0.030522785488635056 -0.018915160020618806 0.0099371971602101265 0.03243398299939796 0.0020919202127741517 0.0301073802599028 -0.034645240622144205 0.034675509364741015 -0.018138665776539144 -0.034837196533676285 0.020384107620014615 -0.034010823776064833 -0.02122339749148559 0.028374612622692905 -0.026188050747205458 0.035806862360578048 0.031824359883876746 0.0076880586075667523 -0.026211274869695537 0.020429175655939966 0.020006725455920242 0.024806470675084017 -0.0064803082805363855 -0.021680415161052017 0.017076418943098075 -0.004740288456587873 0.018980473077302315 0.028226977417561545 -0.038385274507229609 0.01209214107813421 0.026671895896601645 -0.0258726552839042 0.0047461239128580015 0.0087386441152779871 0.0018741459344217557 -0.0073799547346226442
leaf_weight=43.087345242500298 8.5376359522342682 9.4007024765014666 13.537347488105292 1.9526358693838108 3.4317375943064743 2.313356757164001 7.2886441573500695 3.4837317019700986 5.6107482835650444 2.4747757464647284 1.986558400094508 2.0271920710802069 4.2516489699482918 1.6871423572301854 2.9628919064998618 1.27312496304512 4.6683534830808666 2.6873644888401023 8.193494498729704 1.208809971809387 5.2842318415641811 6.4788950905203802 3.5164368078112602 3.9746024385094634 3.3217213600873938 13.646582618355753 6.3073537126183492 1.5598297864198682 2.1674064546823502 1.6974867731332777 7.196492038667202 3.9540634751319867 7.161998875439167 8.7077987417578679 4.9006711319088927 3.4606713354587546 2.1905243769288054 1.3560847938060767 1.9166121631860713 4.1029956936836234 1.6318425834178913 3.2243945002555838 6.5533174127340361 3.3288077563047409 2.5415283590555218 2.6885235309600821 4.383308649063113 11.316733725368978 4.0059615150094023 2.0149652808904648 1.3090680837631223 5.1310191303491584 3.0278639569878578 3.1140045896172532 13.877597019076346 3.4694688469171622 16.951226636767387 2.6089151352643958 2.0317388549447051 17.73043571412564 1.8959617763757703 1.7451786547899244 7.4330724999308586 9.4769110083579999 1.5834479108452795 1.6294077560305593
leaf_count=172 35 36 53 11 14 15 30 25 25 8 12 7 15 6 19 5 22 20 29 5 16 38 13 31 10 52 36 7 9 5 47 16 27 25 19 10 16 3 12 29 5 23 34 10 14 6 17 43 22 6 4 18 16 18 51 13 58 8 11 71 7 10 33 35 6 9
internal_value=0.00480976 0.0020698 0.008464 0.00262912 0.00720346 0.00873477 0.00936655 0.00413898 -0.00877209 -0.00392524 -0.00733936 -0.0150158 0.0102025 5.14225e-05 -0.00216573 -0.0205069 0.00158515 -0.00579168 0.0111857 -0.0199246 -0.00373252 0.00473585 -0.00491954 -0.00576533 -0.00435353 -0.00584809 0.0037253 -0.0222565 -0.0109871 0.00319443 -0.0213104 0.0103126 -0.000306229 0.0113125 0.0222436 0.00966722 -0.0111486 -0.00975274 -0.00147129 -0.0145186 -0.0102991 -0.013158 -0.00862553 0.013588 0.00893395 0.0112381 0.0102254 0.00344039 0.00734902 -0.00436475 -0.0142688 0.00975036 -0.0193685 -0.00557665 0.0226072 0.0178858 0.014866 0.00644717 0.000487318 0.00724003 0.00938671 -0.00870493 -0.000141444 0.0130584 -0.0143958 0.00904079
internal_weight=359.672 167.699 79.7517 56.4734 191.974 168.86 165.338 54.5208 10.792 23.1136 20.6388 14.4006 6.23821 26.9242 25.2371 4.23602 21.001 13.0039 138.414 3.52217 87.947 16.909 11.6247 71.038 65.5035 62.1818 22.1213 5.53443 8.47476 7.30824 12.3734 130.22 11.1161 119.104 15.5044 103.6 40.0605 37.87 13.8198 24.0502 19.9472 18.3153 15.091 7.99716 100.139 70.5799 67.8913 29.5593 43.7288 7.32999 5.31503 36.3988 5.71523 12.4637 23.2783 24.804 20.4207 25.4343 13.3485 31.2678 6.79663 5.17692 9.34968 12.0858 4.12498 5.14584
internal_count=1533 756 327 240 777 664 644 229 55 113 105 78 27 128 122 24 98 66 516 20 429 76 60 353 315 305 97 38 45 30 71 487 43 444 51 393 208 192 66 126 97 92 69 32 383 266 260 117 174 32 26 142 36 63 87 88 71 97 54 124 26 24 45 43 20 22
is_linear=0
shrinkage=0.0283043


Tree=78
num_leaves=89
num_cat=0
split_feature=6 14 13 6 8 8 6 5 13 13 8 15 13 8 8 5 5 5 15 8 13 13 13 13 15 13 8 8 15 13 13 14 14 8 5 8 13 14 8 8 13 13 6 15 6 15 15 15 6 6 15 6 8 14 6 6 8 8 13 13 14 15 8 8 5 6 6 8 15 8 8 5 5 5 5 5 5 5 8 8 5 5 8 14 8 8 15 8
split_gain=6.44559 4.03356 3.93922 3.0756 2.52304 2.3382 2.32034 2.56373 2.2178 3.85018 3.29483 2.82227 2.22026 2.31273 3.07364 2.43392 4.20712 2.33283 3.45545 2.86612 2.66446 2.43139 2.79087 2.42171 2.36394 2.0319 2.92954 3.35839 2.36446 2.73992 2.51495 2.31127 1.98921 2.1284 2.70128 2.09983 1.94796 1.9317 1.93158 1.87895 1.85208 1.71416 1.71073 1.84817 2.96984 2.62219 2.05085 3.00329 2.73152 2.28277 2.18727 1.9199 1.67556 1.66351 1.65163 2.86066 1.62308 1.97157 3.00531 2.22825 1.58897 1.5867 1.51795 2.17009 1.51218 1.49403 1.4476 1.38099 1.37843 1.3087 2.10169 1.28047 1.24727 5.24874 2.8322 1.59888 2.12511 1.20759 1.13854 2.87881 1.50587 1.33743 1.20149 1.12816 0.960015 0.922151 1.86919 3.50761
threshold=0.83897537852386062 1.5030332360908913 2.8037700571839212 1.0000000180025095e-35 0.073114675992950628 -0.13358695843787552 0.71924906991268778 -0.21862135731534682 0.22889777337348557 0.24650345585847713 1.0197776175400974 2.9066907519070777 0.25433532813978194 1.2200669392612433 1.1091681936501607 2.8692135250466566 1.0808433400951432 0.089096265335952635 0.71415315846281224 0.051812092090256806 0.39969670969770604 0.7690679586700252 1.2202754029185743 0.32208331339420293 0.89581558176297349 -0.48742083761836419 0.8852561077023603 0.24674639846453969 0.59081410017167191 1.0000000180025095e-35 0.032652122198429466 1.4122831166435101 -0.35209980127700807 0.11377167550944302 1.9847400649908149 -0.050804490845421914 1.0387958080212529 1.4224620943812221 2.3412720537868501 0.098998881801187072 0.30762869999081238 0.29160771213116088 3.3148941440944326 0.9426697622756941 0.88314899572267425 0.70460732861743802 0.089591031180781946 -0.029798843995137558 3.1265365093269115 2.8256567754574768 -0.04848849103343842 1.428372888605961 -0.12256365445146315 0.2314643203894364 1.242660679501193 1.2181530568519077 1.4546107375795976 -0.066605212545306006 0.2115485732556012 0.088794280341256124 0.29823015181898443 -0.25507569878535297 -0.16289759088487241 -0.18759723205513743 0.50147854598888431 2.0801791512729015 0.98517258165982136 1.1383123996604179 0.96698758644826188 1.0000000180025095e-35 0.051812092090256806 -0.00033245690938777192 1.0450792788317449 1.5211163891892088 0.52327865394487072 0.086580154068460105 0.041132314015413993 0.0045140747571475095 1.2561716862433825 1.6296619796586731 0.28274398749864621 0.50147854598888431 1.0576347370032029 0.28052309133500491 1.0000000180025095e-35 1.7028602424529937 -0.05045125868950634 2.2214743887053867
decision_type=2 2 2 2 2 2 2 2 2 2 2 2 2 2 2 2 2 2 2 2 2 2 2 2 2 2 2 2 2 2 2 2 2 2 2 2 2 2 2 2 2 2 2 2 2 2 2 2 2 2 2 2 2 2 2 2 2 2 2 2 2 2 2 2 2 2 2 2 2 2 2 2 2 2 2 2 2 2 2 2 2 2 2 2 2 2 2 2
left_child=2 37 3 8 -3 6 -5 -8 11 10 -10 25 -11 14 15 16 17 18 20 -19 23 -22 -23 40 -20 26 27 32 29 -27 -31 53 39 34 35 62 -26 38 42 52 41 -14 43 44 -2 46 47 49 -49 50 51 54 72 78 55 66 57 -32 59 -59 84 -4 63 -34 -9 -53 -46 -7 -18 -62 -71 -54 74 -74 75 76 -1 -47 80 -80 82 -81 -28 -55 -37 -15 87 -87
right_child=1 4 61 5 -6 67 7 64 9 12 -12 -13 13 85 -16 -17 68 19 24 -21 21 22 -24 -25 36 28 31 -29 -30 30 56 -33 33 -35 -36 60 -38 -39 -40 -41 -42 -43 -44 -45 45 77 -48 48 -50 -51 -52 65 71 83 -56 -57 -58 58 -60 -61 69 -63 -64 -65 -66 -67 -68 -69 -70 70 -72 -73 73 -75 -76 -77 -78 -79 79 81 -82 -83 -84 -85 -86 86 -88 -89
leaf_value=-0.0049686474985124393 -0.036254644385365464 -0.043527716666409359 -0.0063798409524731033 0.020015913280200935 0.0017482790200613416 0.032410225772118412 0.021823850233823914 -0.029127402290512163 -0.035100576146194433 0.026741399969322829 0.016535850290599115 -0.023396575366224307 -0.00045283070886970533 0.02838240057093128 -0.032741221875550744 0.029853847609667267 -0.031628125074774666 0.021567833167137368 -0.035012443092296931 -0.0059402344395110152 0.032470230278018729 -0.0069277372639943774 0.015979517260150958 -0.035662734760748244 0.0045501517650206264 0.03132027037170336 -0.0019783678663963973 0.024583204038885743 0.031350810436227033 -0.019204894465607848 0.016992367670520665 0.023140906444104235 0.01407551433559222 0.034676009248746184 -0.024404004654592002 -0.0011772638249324021 -0.035150374670569536 0.020648781271486869 0.026923898732212757 -0.0097814399483981077 0.023146758535155781 -0.032825872856178315 -0.025829581232777031 0.010796904871999715 0.016184584316282394 -0.034174594699584081 0.01732833152025175 -0.027745715168699565 0.017056656233432509 -0.030838520911238603 0.02623691560544834 0.027828203112844528 0.027907541047967794 -0.034919941672322152 -0.021880816104093453 0.02830183418120754 0.028966505527816856 0.0088585333329077431 0.025389681343394654 -0.017455033980377323 -0.013883284251926788 -0.036824872738069059 0.032420380663452542 -0.017301155059494297 0.00050956484697943245 0.00049974222735867124 -0.0069639656807662029 0.0057678673043315724 0.0014357972021668696 0.020644634103662164 -0.0026037459180078739 0.0050014562191834687 -0.038048679448504957 0.020950645975144226 0.024277019698386821 -0.021141205680484405 0.020900180205511959 -0.0076425358435681197 0.021051019217349892 4.698300036877966e-05 0.005546696917089926 -0.027233927523737787 -0.033420865887692087 -0.0092225536600600167 -0.034284167512343582 -0.034378486486124092 0.024927782811437687 0.023991728815045316
leaf_weight=7.7159968316555076 2.0055301934480658 2.9685762375593177 3.7730455473065376 8.082653149962427 1.2644674554467199 7.911963075399397 2.2673152536153793 2.3045434653758994 3.6849690377712241 3.0090860575437537 1.1924790814518926 2.037629969418048 5.4983812570571917 3.0344081893563253 1.9299146160483349 2.2105409055948249 3.9086433649063101 9.6757166981697065 3.2027966454625112 4.1504772752523413 3.0211701989173916 7.2966775670647648 9.565453112125395 1.8380067870020855 3.9979768171906471 4.4478462040424338 1.445489838719378 9.6843112260103208 5.2155002951622 2.2024400979280498 10.403569497168069 2.6545843034982672 32.893948242068284 2.5639764219522467 1.6182407587766636 1.1648129597306351 1.1416814401745794 2.9036021381616584 1.5881380587816227 7.9885993078351012 1.790366396307945 1.5224896967411039 2.3606979101896277 7.6173418387770644 2.3087831437587765 2.746601775288581 4.4922881200909606 5.6331407055258813 1.2025270760059354 1.5194543078541745 2.6769684776663807 3.0976637303829184 3.9303879588842392 1.6871265098452557 3.1000324934720984 2.3061824291944495 3.096032887697219 4.1728360801935178 2.8192453682422629 5.9904454797506332 2.067265383899211 1.9060746058821667 3.0693320780992499 1.6429034173488606 2.7481230646371841 2.8368444070219994 16.309062279760838 1.6971653699874876 1.1841817051172254 6.1747906655073148 5.7925508543848991 3.393945217132571 2.4826988354325286 1.9995613694190977 4.3917789459228507 2.4797146767377845 3.5020467191934586 2.4745966792106628 5.2611902207136145 7.3034556955099088 2.9083483442664146 1.566864877939224 2.3208964318037033 4.7907163873314857 1.3172290101647375 1.5135661661624911 2.9771792814135551 1.3974333107471464
leaf_count=33 8 16 14 31 6 29 8 9 25 8 4 10 25 12 14 6 24 33 22 20 10 34 34 11 19 18 7 36 17 9 36 8 120 7 9 5 7 10 5 44 6 12 14 31 8 20 17 45 4 13 8 11 12 11 22 6 10 15 8 27 10 12 10 6 10 12 84 7 5 19 26 14 15 6 14 14 11 14 19 30 12 8 18 22 9 9 9 5
internal_value=0.00471049 -0.00288361 0.0066113 0.00708535 -0.0291086 0.0165139 0.00977629 -0.00163137 0.00615672 0.00221305 -0.0215639 0.00791998 0.00381376 0.0028056 0.000866415 0.00199305 0.000881088 0.0032486 -0.000288344 0.0131634 0.00409839 0.0101985 0.00606679 -0.00719876 -0.0162492 0.00830892 0.00668606 0.00889281 0.0140448 0.0112842 0.00808104 -0.00110232 0.00729754 0.0105701 0.00941821 0.0104927 -0.00472159 -0.00120863 -0.00222537 0.00226235 -0.00120921 -0.00761803 -0.00300787 -0.00208499 -0.00396361 -0.00263189 -0.000452712 -0.00243395 -0.0193648 0.000979864 0.00256635 0.000386975 0.00549285 -0.00357789 -0.00316766 -0.000337157 0.0104769 0.007951 0.000646031 -0.00651091 0.0021442 -0.0162787 0.0141776 0.0124994 -0.0127804 0.0145497 -0.00399005 0.0273719 -0.0232515 0.00575141 0.00934035 0.0170801 0.00170717 -0.0113728 0.00497877 -0.00128833 0.00316028 -0.0213027 0.000293318 0.00482821 -0.0091863 -0.00485687 -0.0208767 -0.0159313 -0.0176511 0.0161272 0.00985874 -0.00572991
internal_weight=357.045 71.4125 285.633 279.954 4.23304 25.0118 15.4026 7.31998 254.942 78.7436 4.87745 176.198 73.8661 70.8571 61.9345 60.0046 57.794 52.7012 38.875 13.8262 30.5325 19.8833 16.8621 10.6492 8.34245 174.161 135.813 105.874 38.3479 33.1324 28.6846 29.9387 96.1898 58.305 55.7411 54.1228 5.13966 67.1795 64.2759 37.8847 8.81124 7.02087 62.6877 60.327 52.7097 50.7041 45.4829 40.9907 6.83567 34.155 32.6355 29.9586 29.8961 27.2841 24.0241 20.924 26.4821 23.3861 12.9825 10.1633 16.5166 5.67912 37.6062 34.5369 5.05267 5.93451 18.6178 9.60913 5.09283 14.0346 11.9673 7.32433 22.5718 4.48226 18.0895 13.6978 11.218 5.2212 20.8062 14.1315 6.67473 8.87032 3.76639 6.47784 2.48204 8.92259 5.88818 2.911
internal_count=1533 354 1179 1153 22 94 58 27 1059 354 29 705 325 317 282 268 262 233 180 53 132 78 68 54 48 695 555 420 140 123 105 135 384 221 214 205 26 332 322 163 43 37 317 303 272 264 230 213 49 164 151 143 119 127 120 98 96 86 50 42 69 26 136 126 19 23 92 36 29 55 45 26 93 21 72 58 44 34 94 57 37 38 25 33 14 35 23 14
is_linear=0
shrinkage=0.0283043


end of trees

feature_importances:
Column_21=747
Column_22=738
Column_9=556
Column_17=493
Column_5=486
Column_7=454
Column_3=433
Column_8=423
Column_16=418
Column_20=401
Column_4=398
Column_12=396
Column_14=374
Column_2=358
Column_15=342
Column_13=339
Column_0=329
Column_19=317
Column_11=311
Column_10=199
Column_6=178
Column_1=98
Column_18=69

parameters:
[boosting: gbdt]
[objective: binary]
[metric: binary_logloss]
[tree_learner: serial]
[device_type: cpu]
[data_sample_strategy: bagging]
[data: ]
[valid: ]
[num_iterations: 443]
[learning_rate: 0.0283043]
[num_leaves: 212]
[num_threads: 12]
[seed: 42]
[deterministic: 0]
[force_col_wise: 0]
[force_row_wise: 0]
[histogram_pool_size: -1]
[max_depth: 16]
[min_data_in_leaf: 7]
[min_sum_hessian_in_leaf: 0.001]
[bagging_fraction: 0.788202]
[pos_bagging_fraction: 1]
[neg_bagging_fraction: 1]
[bagging_freq: 0]
[bagging_seed: 400]
[bagging_by_query: 0]
[feature_fraction: 0.317402]
[feature_fraction_bynode: 1]
[feature_fraction_seed: 30056]
[extra_trees: 0]
[extra_seed: 12879]
[early_stopping_round: 0]
[early_stopping_min_delta: 0]
[first_metric_only: 0]
[max_delta_step: 0]
[lambda_l1: 6.48349e-07]
[lambda_l2: 1.56923e-08]
[linear_lambda: 0]
[min_gain_to_split: 0.828485]
[drop_rate: 0.1]
[max_drop: 50]
[skip_drop: 0.5]
[xgboost_dart_mode: 0]
[uniform_drop: 0]
[drop_seed: 17869]
[top_rate: 0.2]
[other_rate: 0.1]
[min_data_per_group: 100]
[max_cat_threshold: 32]
[cat_l2: 10]
[cat_smooth: 10]
[max_cat_to_onehot: 4]
[top_k: 20]
[monotone_constraints: ]
[monotone_constraints_method: basic]
[monotone_penalty: 0]
[feature_contri: ]
[forcedsplits_filename: ]
[refit_decay_rate: 0.9]
[cegb_tradeoff: 1]
[cegb_penalty_split: 0]
[cegb_penalty_feature_lazy: ]
[cegb_penalty_feature_coupled: ]
[path_smooth: 0.472924]
[interaction_constraints: ]
[verbosity: -1]
[saved_feature_importance_type: 0]
[use_quantized_grad: 0]
[num_grad_quant_bins: 4]
[quant_train_renew_leaf: 0]
[stochastic_rounding: 1]
[linear_tree: 0]
[max_bin: 255]
[max_bin_by_feature: ]
[min_data_in_bin: 3]
[bin_construct_sample_cnt: 200000]
[data_random_seed: 175]
[is_enable_sparse: 1]
[enable_bundle: 1]
[use_missing: 1]
[zero_as_missing: 0]
[feature_pre_filter: 1]
[pre_partition: 0]
[two_round: 0]
[header: 0]
[label_column: ]
[weight_column: ]
[group_column: ]
[ignore_column: ]
[categorical_feature: ]
[forcedbins_filename: ]
[precise_float_parser: 0]
[parser_config_file: ]
[objective_seed: 16083]
[num_class: 1]
[is_unbalance: 0]
[scale_pos_weight: 2.50258]
[sigmoid: 1]
[boost_from_average: 1]
[reg_sqrt: 0]
[alpha: 0.9]
[fair_c: 1]
[poisson_max_delta_step: 0.7]
[tweedie_variance_power: 1.5]
[lambdarank_truncation_level: 30]
[lambdarank_norm: 1]
[label_gain: ]
[lambdarank_position_bias_regularization: 0]
[eval_at: ]
[multi_error_top_k: 1]
[auc_mu_weights: ]
[num_machines: 1]
[local_listen_port: 12400]
[time_out: 120]
[machine_list_filename: ]
[machines: ]
[gpu_platform_id: -1]
[gpu_device_id: -1]
[gpu_use_dp: 0]
[num_gpu: 1]

end of parameters

pandas_categorical:null
