tree
version=v4
num_class=1
num_tree_per_iteration=1
label_index=0
max_feature_idx=19
objective=binary sigmoid:1
feature_names=Column_0 Column_1 Column_2 Column_3 Column_4 Column_5 Column_6 Column_7 Column_8 Column_9 Column_10 Column_11 Column_12 Column_13 Column_14 Column_15 Column_16 Column_17 Column_18 Column_19
feature_infos=[-0.91508762771119423:7.0404518550796169] [-0.46788383202069578:6.6643569046021334] [-0.92054779236879358:5.1268348622768052] [-0.91271091458958975:6.7725639620893938] [-0.8389956940549731:5.3553138834546701] [-0.94284547286533937:4.8696029838040351] [-0.5673653222038556:6.4679881781968618] [-0.94787700940038411:4.8313250393264084] [-0.92553063824557524:6.1022664625274965] [-1.2150052413878143:5.1499359400615203] [-0.57318528154511317:5.2685207674935697] [-0.83257341816451269:8.0214820819002917] [-0.78706086075038684:8.3305758855641265] [-0.69819215684554692:10.15423525762716] [-0.81263271840903983:5.8024941841778999] [-0.89407771284560411:9.5578668560404303] [-0.86840115939698026:4.7246176223357788] [-1.0775879163691886:5.1054635482127058] [-0.3969285831964906:7.2748914461335783] [-0.69872711861371695:7.8830203429830856]
tree_sizes=3411 2139 2754 2131 1419 1302 1608 1097 1412 985 787 989 896 889 889 473 480 686 778 576 789 1960 1193 1322 897 689 469 996 1315 368 794 1100 786 1318 370 1208 370 477 790 674 683 1313 994 678 1192 1001 898 788 370 901 367 1207 1328 1009 1522 789 476 472 369 370 882 1847 369 1327 1206 682 578 475 580 1006 576 1101 1000 1746 1532 370 991 369 478 578 1107 795 1303 1001 370 578 370 996 1206 1107 906 677 581 1005 479 367 1431 786 999 1000 1002 1212 1424 689 897 1099 1003 791 790 1433 789 369 1099 691 791 1002 478 686 1315 792 370 1116 371 790 795 1100 1203 1223 691 370 1108 1532 581 784 1097 1008 894 686 792 1104 1007 896 786 793 688 1000 1628 369 895 471 997 1318 1305 1440 1430 1325 575 476 370 1226 1002 372 577 1106 1112 580 1316 1108 1433 1530 788 1117 1311 1421 1104 1430 1326 1106 369 1229 1008 371 1116 793 584 1094 778 995 898 1113 1316 469 1744 1100 1652 1000 1218 1545 1745 1318 574 997 689 686 1108 1104 1007 901 575 894 1219 1206 1109

Tree=0
num_leaves=31
num_cat=0
split_feature=12 12 12 12 8 8 8 8 17 12 12 8 7 7 0 14 14 14 17 17 7 0 14 7 14 14 7 13 8 8
split_gain=77.3516 101.622 103.76 77.14 35.1619 45.72 39.7718 42.6888 29.8355 24.8448 27.3637 19.1607 13.4272 18.0085 11.304 11.4275 8.76813 7.87276 7.78752 17.7998 7.63739 10.6136 6.65635 6.22778 6.18979 5.7414 5.47836 4.82011 4.76374 4.63254
threshold=0.17801059672451677 0.26219677601548752 1.1757611839043363 -0.60615175164226287 0.095755636731179136 0.98727373093371651 0.030871546344070588 -0.48671781063857461 -0.074905646800934991 1.2621052038919347 2.1571760052470088 1.1052276912347561 0.15927761984010497 -0.1410360253346036 0.065913433180951622 0.51250950271717599 0.25543740237401924 -0.28749086924717565 1.0000000180025095e-35 -0.074905646800934991 0.24925121690930521 -0.091116904384945963 0.25543740237401924 0.15927761984010497 0.77509696511536452 0.25543740237401924 1.254278575018448 0.84399418501118917 0.030871546344070588 1.992258038208476
decision_type=2 2 2 2 2 2 2 2 2 2 2 2 2 2 2 2 2 2 2 2 2 2 2 2 2 2 2 2 2 2
left_child=3 17 -3 4 6 -6 7 12 11 16 -11 -7 13 18 15 -10 -4 28 19 -1 25 -22 -12 24 -8 -14 -19 -5 -2 -13
right_child=1 2 9 27 5 8 23 -9 14 10 22 29 20 -15 -16 -17 -18 26 -20 -21 21 -23 -24 -25 -26 -27 -28 -29 -30 -31
leaf_value=-0.012237197911983702 -0.064821453550920477 0.033537277167185874 -0.086005615910453581 0.033292660132230034 0.042664573516757211 -0.033520099640348175 -0.055048035874892855 0.031276807289126352 -0.075411619004084024 0.01683032134272832 -0.033914538446979697 0.047257343367215959 -0.095831897928964405 0.032985998823284936 -0.0067408840017000263 -0.0064486416150455949 -0.043188823580050419 -0.062926464733452578 -0.008397797157190804 -0.097968928168916905 -0.048247944903031352 0.010671465760180477 -0.078978083627199422 -0.07003090807637613 -0.0055677927667888392 -0.047552569621534084 -0.028156634241646966 0.002517415015863487 -0.091701499029582884 0.01298658623632412
leaf_weight=10.717121854424475 21.203097939491272 55.436218112707138 21.014650076627731 81.53671045601368 36.547463238239288 13.116860732436178 15.349500700831415 29.168626859784126 19.021983996033672 19.535801559686661 16.737818002700809 12.940933704376222 6.8134927898645428 11.959689199924467 10.237174078822134 5.5620973259210578 14.5567040592432 41.206326439976692 19.827301472425461 7.2934405654668835 16.883567959070209 8.150284066796301 9.0674817115068418 30.750527426600456 6.4491178989410392 12.542689025402067 10.142950147390364 10.404272988438604 27.18109618127346 16.060594245791435
leaf_count=26 68 97 74 143 59 36 47 52 64 39 46 20 25 21 24 13 42 131 47 27 50 17 31 101 15 37 27 23 98 33
internal_value=-0.0159345 -0.0350477 -0.0112164 -0.00410269 -0.0148747 0.00356096 -0.0267755 -0.0135962 -0.0150235 -0.0418839 -0.0210557 0.0090069 -0.0275059 -0.0123701 -0.0441239 -0.059728 -0.0684399 -0.0676257 -0.0267365 -0.0469798 -0.0445085 -0.0290383 -0.049751 -0.057722 -0.0403799 -0.0645042 -0.0560651 0.0297916 -0.0799267 0.02828
internal_weight=617.416 236.082 136.349 381.333 289.392 113.487 175.905 123.356 76.9396 80.9125 45.3411 42.1184 94.1876 49.7976 34.8213 24.5841 35.5714 99.7335 37.8379 18.0106 44.39 25.0339 25.8053 52.5491 21.7986 19.3562 51.3493 91.941 48.3842 29.0015
internal_count=1533 653 329 880 714 249 465 302 190 232 116 89 250 121 101 77 116 324 100 53 129 67 77 163 62 62 158 166 166 53
is_linear=0
shrinkage=0.145004


Tree=1
num_leaves=19
num_cat=0
split_feature=2 2 2 2 16 16 16 2 2 17 17 17 16 16 0 17 17 18
split_gain=33.8764 112.819 57.2995 24.1823 18.8017 18.4565 16.8535 14.845 25.1053 12.2335 24.6542 14.8147 8.5811 10.0364 9.77614 7.76516 7.12628 6.38468
threshold=0.25113679234470332 0.33213249292539976 1.472113642368482 -0.71897018476388419 1.2988929893092223 0.29016028168771169 0.21525010972440192 1.5147477327178238 2.5944968906886445 -0.074905646800934991 1.0000000180025095e-35 0.89662177220015649 1.588533349580395 2.4075115192395207 0.60900403108297951 -0.53879681174552219 0.89662177220015649 2.0526260135183807
decision_type=2 2 2 2 2 2 2 2 2 2 2 2 2 2 2 2 2 2
left_child=3 17 -3 4 5 6 9 16 -9 15 -11 -12 14 -14 -6 -1 -4 -2
right_child=1 2 7 -5 12 -7 -8 8 -10 10 11 -13 13 -15 -16 -17 -18 -19
leaf_value=0.036767616551699807 -0.010566458846080951 0.061525283270446755 0.0085263134956878456 0.050222538477964943 -0.036924169692693194 0.060323920735179649 0.0086914387561162904 0.056897410497619434 -0.0087179705600848971 -0.012642948212442578 0.060529637332158298 0.019689490136661863 0.056467688978683525 -0.00071003547036550428 0.016402909392379539 0.062704799130771455 -0.026966678747337207 -0.039772984770708598
leaf_weight=54.429638043045998 95.024463415145874 72.720547690987587 30.661618664860725 97.577676847577095 11.405958130955698 29.490777313709259 49.24556739628315 22.594443738460541 13.414447888731955 20.182356268167496 22.12555755674839 30.824663281440735 7.3870405703783062 10.971581742167471 8.7771994024515134 24.264433577656746 11.155350044369696 12.24064379930496
leaf_count=123 314 120 91 180 43 50 147 39 42 68 37 82 13 34 25 39 40 46
internal_value=0.0265312 0.0159459 0.0372152 0.0339724 0.0280775 0.0321939 0.0280618 0.0145002 0.0324062 0.0343429 0.0231155 0.0367616 0.00345072 0.0222626 -0.0136754 0.0447727 -0.000927618 -0.0139013
internal_weight=624.494 257.812 150.546 366.682 269.105 230.563 201.072 77.8259 36.0089 151.827 73.1326 52.9502 38.5418 18.3586 20.1832 78.6941 41.817 107.265
internal_count=1533 692 332 841 661 546 496 212 81 349 187 119 115 47 68 162 131 360
is_linear=0
shrinkage=0.0380991


Tree=2
num_leaves=25
num_cat=0
split_feature=10 14 14 14 5 8 8 8 8 10 10 8 5 5 19 5 10 10 7 14 14 7 7 5
split_gain=30.4688 18.4808 22.8331 29.8048 14.8262 14.6255 20.2691 15.2787 13.7876 10.4845 15.1388 9.9922 13.6764 9.40951 8.8293 8.67392 8.34052 9.15554 7.79002 6.48311 9.06599 6.50971 5.91762 5.02758
threshold=1.2149215584515309 -0.60060963227250008 0.25543740237401924 0.41407641440668236 1.0000000180025095e-35 0.095755636731179136 0.030871546344070588 0.98727373093371651 1.2796173318713386 1.309150098619821 2.9480560705878083 -0.33472925725992936 -0.15679900582765652 0.96338332630223633 0.10969130428581748 1.3395940526601617 2.9480560705878083 1.4489458324497042 0.47739700433268029 1.299535957043829 1.4073046431955987 1.254278575018448 0.15927761984010497 0.042604304038957201
decision_type=2 2 2 2 2 2 2 2 2 2 2 2 2 2 2 2 2 2 2 2 2 2 2 2
left_child=1 5 -3 -4 16 6 11 -7 14 -6 -11 12 -1 23 -9 -15 17 -2 -10 -5 21 -21 -22 -14
right_child=4 2 3 19 9 7 -8 8 18 10 -12 -13 13 15 -16 -17 -18 -19 -20 20 22 -23 -24 -25
leaf_value=-0.011469925816329156 0.013887048804987093 0.045483211641989048 0.0031043801458921429 0.044166005864610565 -0.02146129045435053 0.048411913646119339 -0.018304865303806026 0.011570167144391116 0.014304882580076823 0.048094413309415357 -0.020715175004260872 0.036804344650778448 0.020377027128667916 -0.021970618728766107 -0.037426616547174059 0.029296228565888358 -0.019503053049850567 0.05718116057326364 0.048910364041500315 0.0053737882887205223 0.048516068114518002 0.042585341131993998 0.020091124470172243 0.050339429037318542
leaf_weight=28.087101727724075 28.616477757692337 82.312260523438454 70.143181085586548 45.640468120574951 41.104561150074005 29.091553211212158 32.033028766512871 12.086117431521417 20.375424265861511 8.3915006965398806 8.8473296612501127 22.715571314096451 18.12089787423611 10.551028043031694 8.4240695536136609 7.7032188028097144 7.0923344492912284 8.5856447219848615 15.554277613759039 29.322069361805916 27.607241719961166 8.1106162220239622 15.559332877397535 13.104834482073782
leaf_count=87 84 151 211 85 146 52 117 36 53 15 30 45 49 36 33 19 23 14 29 86 52 18 39 23
internal_value=0.0191295 0.0229068 0.029193 0.0223617 0.000854583 0.0148632 0.00718244 0.0267344 0.0155509 -0.0113419 0.0127175 0.0153317 0.00903341 0.0206845 -0.00850213 -0.000257559 0.0169159 0.0239077 0.0292954 0.0330579 0.0267632 0.0134797 0.0382655 0.0329643
internal_weight=599.18 496.542 278.695 196.383 102.638 217.847 132.316 85.5314 56.4399 58.3434 17.2388 100.283 77.5671 49.48 20.5102 18.2542 44.2945 37.2021 35.9297 126.24 80.5993 37.4327 43.1666 31.2257
internal_count=1533 1221 642 491 312 579 376 203 151 191 45 259 214 127 69 55 121 98 82 280 195 104 91 72
is_linear=0
shrinkage=0.0368457


Tree=3
num_leaves=19
num_cat=0
split_feature=9 9 9 9 3 10 9 2 14 2 2 9 2 3 7 7 7 9
split_gain=28.2136 25.2063 16.8284 15.7662 10.685 14.879 12.3921 10.457 9.97983 8.75513 9.24612 8.58617 8.25176 7.08184 6.92387 28.3805 11.5921 5.34839
threshold=-0.33603232399438682 -0.392864883803548 -1.0634559918575055 1.0000000180025095e-35 0.20551963579183244 1.2149215584515309 2.0512152454023642 0.25113679234470332 -0.60060963227250008 0.33213249292539976 0.25113679234470332 0.56222000023765062 1.472113642368482 1.0332391105599126 0.24925121690930521 0.15927761984010497 -0.39733811329567609 1.1907897666116798
decision_type=2 2 2 2 2 2 2 2 2 2 2 2 2 2 2 2 2 2
left_child=1 2 9 -2 5 8 -7 -3 11 10 14 -5 -11 -6 15 16 -1 -13
right_child=3 7 -4 4 13 6 -8 -9 -10 12 -12 17 -14 -15 -16 -17 -18 -19
leaf_value=-0.0027819839652881437 0.053399000076280768 0.0043700582275785389 0.035165404831545621 -0.0074475932152053993 0.054109251340515571 -0.023976281503057216 0.044824081021321259 -0.022618804616292194 0.030458257160714937 0.051120440204659778 -0.024064424445586343 0.044907352305359388 0.0090304200332054496 0.026711256975138216 0.026349220487683057 -0.069285440422404782 0.046529589507949422 0.010984067354295657
leaf_weight=22.967515677213665 30.831986770033836 46.632921531796455 55.494509413838387 28.991104081273079 23.453503847122192 23.124250829219822 5.5113687366247168 51.880980849266052 92.415538489818573 13.149233520030974 19.870508834719658 12.318083703517912 20.205276131629944 52.195769563317299 23.149672761559486 8.5068752467632276 12.577336907386782 22.44380222260952
leaf_count=68 59 141 121 92 45 83 14 189 222 26 73 25 58 134 57 36 25 65
internal_value=0.0164506 0.00692483 0.0163114 0.0254233 0.0221072 0.0167372 -0.0106501 -0.00983196 0.0217662 0.00761776 0.000702693 0.00916094 0.0256339 0.035213 0.00803915 -0.0015706 0.0146507 0.0230208
internal_weight=565.72 274.435 175.921 291.285 260.453 184.804 28.6356 98.5139 156.169 120.426 87.0719 63.753 33.3545 75.6493 67.2014 44.0517 35.5449 34.7619
internal_count=1533 794 464 739 680 501 97 330 404 343 259 182 84 179 186 129 93 90
is_linear=0
shrinkage=0.0413944


Tree=4
num_leaves=12
num_cat=0
split_feature=8 8 2 2 17 8 2 8 10 8 15
split_gain=10.6109 22.4156 14.0308 13.9016 13.3407 12.0779 10.5479 8.87937 9.61452 11.3954 7.3643
threshold=0.095755636731179136 0.98727373093371651 0.25113679234470332 0.33213249292539976 -0.074905646800934991 1.1769412895690745 1.472113642368482 0.030871546344070588 0.75742311751293845 -0.48671781063857461 -0.06435009324458639
decision_type=2 2 2 2 2 2 2 2 2 2 2
left_child=2 -2 7 -4 5 10 -5 8 -1 -10 -3
right_child=1 4 3 6 -6 -7 -8 -9 9 -11 -12
leaf_value=0.018865146792422217 0.033050801982719549 0.019218199173333592 -0.010434799417657901 0.024555666234444488 -0.0027804955046988183 0.029511693924076821 0.00021850544422563037 -0.00079403385731852778 -0.0069315502766921361 0.028138254330622364 -0.019183717964176557
leaf_weight=132.48143431544304 51.373492568731308 9.1286355555057543 73.680642917752266 26.015413284301758 54.301705554127693 36.077461495995522 50.806760117411613 45.23086479306221 33.766385853290558 12.129905894398687 10.133083298802374
leaf_count=331 119 24 267 63 179 82 158 141 106 28 35
internal_value=0.00942909 0.0161051 0.0065543 -0.000782858 0.00816007 0.0188994 0.0084659 0.0114946 0.0146155 0.00234618 -0.000923939
internal_weight=535.126 161.014 374.111 150.503 109.641 55.3392 76.8222 223.609 178.378 45.8963 19.2617
internal_count=1533 439 1094 488 320 141 221 606 465 134 59
is_linear=0
shrinkage=0.0310992


Tree=5
num_leaves=11
num_cat=0
split_feature=6 13 9 9 6 9 9 9 13 13
split_gain=40.8411 19.9982 9.36033 7.60053 6.29878 4.60363 10.1287 5.87046 4.48704 6.10848
threshold=1.1081371963059292 3.1572774544069389 -0.33603232399438682 1.0000000180025095e-35 1.0000000180025095e-35 1.1907897666116798 1.3840102860569372 0.50160030042552717 0.25610715865347239 -0.50554564972274063
decision_type=2 2 2 2 2 2 2 2 2 2
left_child=1 2 4 -4 8 7 -7 -5 9 -1
right_child=-2 -3 3 5 -6 6 -8 -9 -10 -11
leaf_value=0.0082145470576559711 -0.017398473508883801 -0.061848720962342875 0.052235109684298862 0.021719892610047663 0.033959228191309393 -0.0054566847749941789 0.031361910227049483 0.044717658887338231 -0.0026035303511012273 0.038084440879336913
leaf_weight=86.070359632372856 92.630913689732552 6.9304747432470313 20.748636096715927 101.80320566892624 22.857507392764091 34.672131717205048 31.666673704981804 32.577767238020897 60.655156165361404 18.438145816326141
leaf_count=273 318 25 53 280 61 109 81 85 201 47
internal_value=0.0108897 0.0171854 0.0185305 0.0250966 0.010793 0.0222851 0.0121134 0.0273019 0.00757838 0.0134946
internal_weight=509.051 416.42 409.49 221.468 188.021 200.72 66.3388 134.381 165.164 104.509
internal_count=1533 1215 1190 608 582 555 190 365 521 320
is_linear=0
shrinkage=0.0471229


Tree=6
num_leaves=14
num_cat=0
split_feature=12 18 10 7 7 13 7 12 12 15 13 13 7
split_gain=16.8323 14.1586 16.5843 12.6979 13.818 12.9214 11.1556 10.9904 23.8876 10.483 6.01738 4.95816 4.5894
threshold=0.17801059672451677 2.0526260135183807 2.9480560705878083 0.15927761984010497 0.24925121690930521 1.242720838925129 -0.45861794349918089 0.26219677601548752 1.1757611839043363 -0.25638497730180054 0.25610715865347239 0.744436489684006 0.74460445746506554
decision_type=2 2 2 2 2 2 2 2 2 2 2 2 2
left_child=1 2 3 6 10 12 -1 -2 -9 -3 -5 -10 -6
right_child=7 9 -4 4 5 -7 -8 8 11 -11 -12 -13 -14
leaf_value=0.023300326687084486 -0.0084146218014978149 0.022600807958494923 -0.035799674667308573 0.0065232467540660751 0.054168034983095241 -0.041668190567587006 0.047958186401887627 0.03963873974849056 0.001400935700363329 -0.036167799485665689 -0.027683265144701839 -0.033232132176126417 0.023990895793133599
leaf_weight=101.74235869944096 95.80450202524662 10.059774249792101 9.6281421035528165 25.063679993152618 12.067128092050551 5.5769590735435477 58.192909047007561 41.00929856300354 64.549443960189819 15.420576497912405 17.580231055617332 9.5136663317680341 64.039082393050194
leaf_count=267 324 29 34 79 28 20 133 97 199 56 63 33 171
internal_value=0.0126595 0.0191593 0.021944 0.0239083 0.0131397 0.0239502 0.0322761 0.00281282 0.012164 -0.0128917 -0.00755335 -0.00304142 0.028791
internal_weight=530.248 319.371 293.89 284.262 124.327 81.6832 159.935 210.877 115.072 25.4804 42.6439 74.0631 76.1062
internal_count=1533 880 795 761 361 219 400 653 329 85 142 232 199
is_linear=0
shrinkage=0.0448973


Tree=7
num_leaves=9
num_cat=0
split_feature=6 14 2 13 14 14 13 2
split_gain=23.4591 10.9244 7.52763 7.35672 7.29848 8.63787 6.93547 4.85511
threshold=1.1081371963059292 -0.60060963227250008 0.25113679234470332 1.7403139718074787 0.25543740237401924 0.32927048751551774 1.242720838925129 0.33213249292539976
decision_type=2 2 2 2 2 2 2 2
left_child=1 3 -2 -1 -3 -6 -7 -4
right_child=2 4 7 -5 5 6 -8 -9
leaf_value=0.0076088139666620159 -0.00041642015628336827 0.035807536579855505 -0.04145023347787373 -0.034565970479075871 0.0036193361905500388 0.029568751664321734 -0.0084345541161324981 -0.0087892746930386643
leaf_weight=173.19790501892567 52.074509903788567 53.782024398446083 22.869586139917374 9.4557183831930143 70.887237787246704 86.748080685734749 11.817514792084692 17.568730980157852
leaf_count=547 160 149 100 33 214 235 37 58
internal_value=0.00905287 0.0138894 -0.012155 0.0054177 0.0208188 0.016057 0.0249947 -0.0272663
internal_weight=498.401 405.888 92.5128 182.654 223.235 169.453 98.5656 40.4383
internal_count=1533 1215 318 580 635 486 272 158
is_linear=0
shrinkage=0.0466909


Tree=8
num_leaves=12
num_cat=0
split_feature=6 4 4 4 4 3 4 4 13 3 14
split_gain=12.5079 7.87543 14.572 16.8753 8.64302 7.41192 7.90309 6.60961 6.62225 5.2702 4.53784
threshold=1.1081371963059292 1.7272164154757195 1.5343718797093644 0.44411965218403082 0.34117012405629238 1.1599846638261024 0.34117012405629238 -0.63252056643271648 0.63815446130136821 0.095466499557789394 0.25543740237401924
decision_type=2 2 2 2 2 2 2 2 2 2 2
left_child=1 2 3 4 7 6 -2 8 -1 -8 -6
right_child=5 -3 -4 -5 10 -7 9 -9 -10 -11 -12
leaf_value=0.010983677053189457 0.0010973970997045946 0.035527696379151305 -0.022561965903234157 0.039215466196164853 -0.018015573413628021 0.028895735438646483 -0.0099714228483443364 0.025102266533281008 -0.0097599902396435147 -0.040330234188484623 0.0037824057981099739
leaf_weight=165.98630822449923 40.582278907299042 19.411089658737183 25.925429314374924 32.460741557180882 30.863325461745262 8.667319640517233 20.390751332044601 47.460148043930531 32.824564605951309 20.480725511908531 37.860945969820023
leaf_count=500 136 51 90 95 112 22 76 146 110 84 111
internal_value=0.00606108 0.0093182 0.00795249 0.0102331 0.00724246 -0.00812512 -0.0120854 0.0109393 0.00755429 -0.0251922 -0.00599368
internal_weight=482.914 392.793 373.381 347.456 314.995 90.1211 81.4538 246.271 198.811 40.8715 68.7243
internal_count=1533 1215 1164 1074 979 318 296 756 610 160 223
is_linear=0
shrinkage=0.042245


Tree=9
num_leaves=8
num_cat=0
split_feature=6 6 9 9 6 6 3
split_gain=9.89019 7.7612 7.203 8.21707 6.16985 21.1569 9.78545
threshold=1.1081371963059292 1.0000000180025095e-35 -0.33603232399438682 -0.039661567762561543 1.2542964825776466 2.6334570907901278 -0.68667160991670739
decision_type=2 2 2 2 2 2 2
left_child=1 2 -1 -4 -2 -6 -7
right_child=4 -3 3 -5 5 6 -8
leaf_value=0.0039184505444540951 -0.0075425534432490612 0.023245014043444465 0.037082069840969956 0.011312634904592674 0.03973634857568896 -0.054023707325951791 0.0036013124740776736
leaf_weight=175.09145554900169 62.959072172641754 48.134219035506248 15.118476673960684 183.66622683405876 14.521251991391184 5.2980040162801751 8.7987167984247172
leaf_count=534 234 130 41 510 28 25 31
internal_value=0.00836012 0.0105343 0.00889588 0.0132774 -0.00165137 0.0112766 -0.0179813
internal_weight=513.587 422.01 373.876 198.785 91.577 28.618 14.0967
internal_count=1533 1215 1085 551 318 84 56
is_linear=0
shrinkage=0.033633


Tree=10
num_leaves=6
num_cat=0
split_feature=17 6 17 17 17
split_gain=7.2202 11.0613 10.0614 10.5413 8.21418
threshold=-0.074905646800934991 2.1403146036076484 1.0000000180025095e-35 0.40643718090243475 -0.19356613322059224
decision_type=2 2 2 2 2
left_child=4 2 -2 -4 -1
right_child=1 -3 3 -5 -6
leaf_value=0.0096198568596675502 -0.0067909804207035929 -0.047460324429640974 0.038928219171549802 0.0056184694629056228 0.046464449327984048
leaf_weight=202.38650658726692 105.86718900501728 7.3002705276012412 17.447468370199203 138.53529331088066 10.353181749582289
leaf_count=623 357 35 52 438 28
internal_value=0.00585366 0.00145221 0.0028222 0.00935126 0.0114193
internal_weight=481.89 269.15 261.85 155.983 212.74
internal_count=1533 882 847 490 651
is_linear=0
shrinkage=0.0404261


Tree=11
num_leaves=8
num_cat=0
split_feature=10 2 2 2 16 16 16
split_gain=9.05853 9.88326 29.0596 16.7504 7.56613 4.75263 8.12908
threshold=1.2149215584515309 0.25113679234470332 0.33213249292539976 1.472113642368482 1.2988929893092223 1.6807259668617043 2.4075115192395207
decision_type=2 2 2 2 2 2 2
left_child=1 4 -3 -4 -1 -6 -7
right_child=-2 2 3 -5 5 6 -8
leaf_value=0.01664629272191314 -0.0016583311691623606 -0.013436438570323606 0.031459293597754456 0.0032463980347709033 -0.01306985584818148 0.038966155792064111 -0.0072403208964458435
leaf_weight=214.23366311192513 95.897600099444389 68.854124672710896 42.605368494987488 57.007345840334892 17.321736350655556 7.4715414941310909 10.574621692299841
leaf_count=582 312 250 108 172 58 18 33
internal_value=0.00777191 0.0099367 0.00356218 0.0153165 0.0142376 -0.000324803 0.0118583
internal_weight=513.966 418.068 168.467 99.6127 249.602 35.3679 18.0462
internal_count=1533 1221 530 280 691 109 51
is_linear=0
shrinkage=0.0340462


Tree=12
num_leaves=7
num_cat=0
split_feature=18 6 14 6 14 14
split_gain=10.5638 9.34711 6.10618 5.58276 5.36853 6.20358
threshold=2.0526260135183807 1.1081371963059292 -0.60060963227250008 1.1081371963059292 0.25543740237401924 0.32927048751551774
decision_type=2 2 2 2 2 2
left_child=1 2 -1 -2 -4 -6
right_child=3 -3 4 -5 5 -7
leaf_value=0.0029086892527952278 -0.016205027061422062 -0.0042648005201858484 0.019693545922882083 0.0069925345660983972 0.0010422783790745922 0.013037445409347056
leaf_weight=163.23221941292286 32.510604754090309 75.272739432752132 43.537995703518391 12.251977548003195 64.130228579044342 88.495275802910328
leaf_count=519 112 276 141 42 188 255
internal_value=0.00373687 0.00513598 0.00710673 -0.00983279 0.0105982 0.00800025
internal_weight=479.431 434.668 359.396 44.7626 196.164 152.626
internal_count=1533 1379 1103 154 584 443
is_linear=0
shrinkage=0.0293597


Tree=13
num_leaves=7
num_cat=0
split_feature=12 9 13 2 2 2
split_gain=11.9141 7.8692 9.39328 5.07765 12.0451 8.48714
threshold=0.17801059672451677 -1.0634559918575055 0.25610715865347239 1.472113642368482 0.33213249292539976 0.25113679234470332
decision_type=2 2 2 2 2 2
left_child=3 2 -2 4 5 -1
right_child=1 -3 -4 -5 -6 -7
leaf_value=0.009491987829005899 -0.0030137876493741772 0.00039228041490577478 -0.030884896299899822 -0.0026884364172811855 0.026290887599553198 -0.0040749028835114273
leaf_weight=150.320825971663 27.208425663411617 148.98746263235807 16.991774700582027 42.180904440581799 28.528167262673378 54.240074954926968
leaf_count=469 92 491 70 134 90 187
internal_value=0.00276061 -0.00283804 -0.0137353 0.00669153 0.00839205 0.0058921
internal_weight=468.458 193.188 44.2002 275.27 233.089 204.561
internal_count=1533 653 162 880 746 656
is_linear=0
shrinkage=0.0294223


Tree=14
num_leaves=7
num_cat=0
split_feature=4 4 4 4 4 4
split_gain=6.35317 12.058 14.8128 8.92226 6.90749 4.53614
threshold=1.7272164154757195 1.5343718797093644 0.44411965218403082 0.34117012405629238 -0.63252056643271648 0.025798925165344953
decision_type=2 2 2 2 2 2
left_child=1 2 3 4 -1 -6
right_child=-2 -3 -4 -5 5 -7
leaf_value=0.0019886608175682351 0.01970643731754522 -0.016506315377341572 0.025554576644515187 -0.0072294294541071728 0.040401161769974721 0.011513818545416145
leaf_weight=234.92546498030424 20.486644253134727 35.580188728868961 27.942521035671234 94.346857778728008 6.5547196418046942 38.274395309388638
leaf_count=751 60 136 100 330 21 135
internal_value=0.00223268 0.00141267 0.00300056 0.00131345 0.00419655 0.0157528
internal_weight=458.111 437.624 402.044 374.101 279.755 44.8291
internal_count=1533 1473 1337 1237 907 156
is_linear=0
shrinkage=0.0321393


Tree=15
num_leaves=3
num_cat=0
split_feature=18 18
split_gain=4.57157 6.65971
threshold=2.0526260135183807 0.78363026246689382
decision_type=2 2
left_child=1 -1
right_child=-2 -3
leaf_value=0.0022350066071881907 -0.010659073021790233 0.025151092851004142
leaf_weight=379.43244014680386 43.18633197247982 23.201604947447777
leaf_count=1299 154 80
internal_value=0.00217897 0.00355815
internal_weight=445.82 402.634
internal_count=1533 1379
is_linear=0
shrinkage=0.0415547


Tree=16
num_leaves=3
num_cat=0
split_feature=12 12
split_gain=6.42538 4.46856
threshold=1.0000000180025095e-35 -0.30452513201293502
decision_type=2 2
left_child=1 -1
right_child=-2 -3
leaf_value=0.0053595915649647594 -0.00098108023343094109 0.019145927225216509
leaf_weight=222.60343293845654 207.49669848382473 30.309776641428471
leaf_count=721 707 105
internal_value=0.00340991 0.00701441
internal_weight=460.41 252.913
internal_count=1533 826
is_linear=0
shrinkage=0.0336869


Tree=17
num_leaves=5
num_cat=0
split_feature=13 12 12 12
split_gain=7.43803 5.51882 11.2294 8.02264
threshold=3.1572774544069389 1.1757611839043363 0.34012217807398887 0.034954876174842005
decision_type=2 2 2 2
left_child=1 2 3 -1
right_child=-2 -3 -4 -5
leaf_value=0.0041283912915689603 -0.023502051318884262 -0.0051683988852733618 0.018665859476901761 -0.004195356554505203
leaf_weight=244.51253201812506 7.5078933387994757 63.809216663241386 26.306903496384621 104.53759780526161
leaf_count=829 28 220 88 368
internal_value=0.00124132 0.00166652 0.00282979 0.0016343
internal_weight=446.674 439.166 375.357 349.05
internal_count=1533 1505 1285 1197
is_linear=0
shrinkage=0.0251557


Tree=18
num_leaves=6
num_cat=0
split_feature=12 2 2 2 13
split_gain=5.84017 5.30271 11.8119 7.464 4.40319
threshold=0.17801059672451677 1.472113642368482 0.33213249292539976 0.25113679234470332 0.25610715865347239
decision_type=2 2 2 2 2
left_child=1 2 3 -1 -2
right_child=4 -3 -4 -5 -6
leaf_value=0.01628460767248912 0.003758672963148333 -0.011187285580267055 0.054517729892536414 -0.011671736662435327 -0.016264890459411097
leaf_weight=142.61237024515867 105.25278154015541 41.19559234380722 26.192213371396065 54.697469189763069 80.062906391918659
leaf_count=469 370 134 90 187 283
internal_value=0.00387457 0.0100119 0.013926 0.00852903 -0.00488636
internal_weight=450.013 264.698 223.502 197.31 185.316
internal_count=1533 880 746 656 653
is_linear=0
shrinkage=0.0643807


Tree=19
num_leaves=4
num_cat=0
split_feature=9 9 10
split_gain=5.93272 9.20848 7.4437
threshold=-0.33603232399438682 -0.13111940759880697 2.9480560705878083
decision_type=2 2 2
left_child=-1 -2 -3
right_child=1 2 -4
leaf_value=-0.0016080145497326798 0.035424238435584732 0.0052164514325159271 -0.029549328541892274
leaf_weight=227.03835514932871 9.5435343533754331 205.44408252835274 6.1054222583770743
leaf_count=794 40 676 23
internal_value=0.0019273 0.00555972 0.00420744
internal_weight=448.131 221.093 211.55
internal_count=1533 739 699
is_linear=0
shrinkage=0.0311531


Tree=20
num_leaves=6
num_cat=0
split_feature=2 2 2 10 6
split_gain=6.67673 15.5082 14.1274 8.72177 5.04615
threshold=0.25113679234470332 0.33213249292539976 1.472113642368482 1.2149215584515309 1.1081371963059292
decision_type=2 2 2 2 2
left_child=3 4 -3 -1 -2
right_child=1 2 -4 -5 -6
leaf_value=0.010910666500589351 -0.0054779119350384115 0.025800395442341088 -4.582827784481549e-05 -0.0054132337847986869 -0.024276938683310652
leaf_weight=227.14240348339081 79.198033764958382 37.485248751938343 66.430388271808624 44.318458721041679 20.370039559900761
leaf_count=691 260 120 212 150 100
internal_value=0.00478427 0.000168563 0.00927256 0.00824244 -0.00932911
internal_weight=474.945 203.484 103.916 271.461 99.5681
internal_count=1533 692 332 841 360
is_linear=0
shrinkage=0.0336908


Tree=21
num_leaves=17
num_cat=0
split_feature=15 15 15 15 15 15 14 9 9 9 9 14 11 2 2 2
split_gain=13.1195 28.531 19.8396 35.6202 13.8179 16.4477 11.8546 11.1059 8.65325 6.77996 6.35899 6.15164 5.11235 4.47635 4.9714 10.2482
threshold=-0.06435009324458639 -0.52862547099450385 1.0000000180025095e-35 0.75997517750738852 0.91012389370479208 1.6566932293296104 0.32927048751551774 2.0512152454023642 1.1907897666116798 0.46386256416071397 0.56222000023765062 0.81447350800301332 0.33513483740603406 0.11700268723923145 0.56105941593525921 1.472113642368482
decision_type=2 2 2 2 2 2 2 2 2 2 2 2 2 2 2 2
left_child=1 6 9 -4 -5 -6 7 8 10 12 13 -8 -2 -1 -15 -16
right_child=2 -3 3 4 5 -7 11 -9 -10 -11 -12 -13 -14 14 15 -17
leaf_value=-0.0005180240234834197 -0.02109433826352736 0.01460213626451122 0.016633808926056558 -0.012725266015583216 0.015551612237790153 -0.0058610010686683421 0.024783523250148886 0.020332836312999213 -0.019564058302654799 -0.0044449417580669278 0.013590041678366615 0.0047626780083682135 -0.0091650227788523646 -0.014357608097355342 0.017645456644033594 -0.0099526492734874801
leaf_weight=56.021824911236763 26.476421773433685 64.481059536337852 43.668568499386311 48.98889571428299 21.859218209981918 42.409987553954124 7.2723272442817679 7.2677879035472861 14.706714481115339 49.195898041129112 8.3277024626731855 39.956921324133873 32.119595035910606 28.78815957903862 7.4234327226877239 19.661728411912918
leaf_count=163 95 170 114 158 58 129 18 16 52 144 23 109 103 99 20 62
internal_value=-0.000186472 0.00307272 -0.00331368 0.00123836 -0.00469621 0.00141758 -0.000851036 -0.00374669 -0.0050508 -0.00994366 -0.00327043 0.00785523 -0.0145587 -0.00453125 -0.00855054 -0.00237169
internal_weight=518.626 253.908 264.719 156.927 113.258 64.2692 189.427 142.197 134.93 107.792 120.223 47.2292 58.596 111.895 55.8733 27.0852
internal_count=1533 732 801 459 345 187 562 435 419 342 367 127 198 344 181 82
is_linear=0
shrinkage=0.0200748


Tree=22
num_leaves=10
num_cat=0
split_feature=5 5 5 3 3 3 3 3 5
split_gain=4.95556 17.6774 13.3444 6.12325 5.67648 5.90797 7.87173 8.16448 5.57912
threshold=1.0000000180025095e-35 0.042604304038957201 0.96338332630223633 1.0332391105599126 0.20551963579183244 1.0332391105599126 1.1599846638261024 2.0062179657721022 2.02392267170613
decision_type=2 2 2 2 2 2 2 2 2
left_child=4 3 -3 -2 -1 -6 -7 -8 -4
right_child=1 2 8 -5 5 6 7 -9 -10
leaf_value=0.0018532839691970547 -0.012914336094188048 0.0313717273515004 -0.0056767044094687639 -0.044504113639694844 0.038061372604045553 -0.011360877211147726 0.049378608088565215 0.0006736313575746647 0.025141338432579857
leaf_weight=150.36820605397224 76.394862815737724 38.666316665709019 86.13889379799366 16.443499743938446 22.087500527501106 23.20751678943634 15.10027699172497 15.223309278488157 15.203159272670744
leaf_count=508 262 129 289 61 72 78 44 46 44
internal_value=0.00218088 -0.00262556 0.00790767 -0.0185178 0.00713623 0.0176323 0.00918919 0.0249366 -0.00103924
internal_weight=458.834 232.847 140.008 92.8384 225.987 75.6186 53.5311 30.3236 101.342
internal_count=1533 785 462 323 748 240 168 90 333
is_linear=0
shrinkage=0.0469719


Tree=23
num_leaves=11
num_cat=0
split_feature=15 15 15 15 15 15 14 14 9 3
split_gain=10.1127 22.8491 14.6402 28.906 10.4603 13.66 9.64169 5.79665 4.54449 4.51595
threshold=-0.06435009324458639 -0.52862547099450385 1.0000000180025095e-35 0.75997517750738852 0.91012389370479208 1.5184793273368036 0.32927048751551774 0.81447350800301332 -0.81680815613516233 1.1599846638261024
decision_type=2 2 2 2 2 2 2 2 2 2
left_child=1 6 8 -4 -5 -6 9 -8 -2 -1
right_child=2 -3 3 4 5 -7 7 -9 -10 -11
leaf_value=-0.0067901408410613231 -0.023400168038921768 0.016633084593565092 0.019379557282622688 -0.015123730170147953 0.018879321571632419 -0.0072791598425255358 0.030691207176966821 0.0047164846067086642 -0.0094380329919954691 0.0080640147082235193
leaf_weight=123.10571320354939 18.831357926130295 59.364312566816807 39.914063319563866 48.847124546766281 19.196909427642822 42.732196986675262 6.655795916914939 38.786940887570381 88.07911029458046 15.231088429689406
leaf_count=393 67 170 114 158 55 132 18 109 275 42
internal_value=-0.00104256 0.00272837 -0.00460334 0.000571567 -0.00620334 0.000824487 -0.00176193 0.00853458 -0.0119012 -0.0051492
internal_weight=500.745 243.144 257.601 150.69 110.776 61.9291 183.78 45.4427 106.91 138.337
internal_count=1533 732 801 459 345 187 562 127 342 435
is_linear=0
shrinkage=0.0257893


Tree=24
num_leaves=7
num_cat=0
split_feature=9 9 7 7 7 14
split_gain=8.66761 9.90337 8.31484 17.6742 16.4381 7.62337
threshold=-0.33603232399438682 -0.13111940759880697 0.24925121690930521 0.15927761984010497 -0.72560000752627662 -0.60060963227250008
decision_type=2 2 2 2 2 2
left_child=2 -2 3 4 -1 -3
right_child=1 5 -4 -5 -6 -7
leaf_value=-0.0047123746717782772 0.032541420938151662 -0.0014614724936268017 0.0062038745008669259 -0.019134607466216848 0.021347739452662218 0.009139839596620309
leaf_weight=91.341264583170414 10.522975564002989 95.645953126251698 71.356159664690495 51.220268748700619 24.468280576169491 124.64048567414284
leaf_count=305 40 318 220 193 76 381
internal_value=0.00191233 0.00581607 -0.00186563 -0.00531669 0.000792004 0.00453497
internal_weight=469.195 230.809 238.386 167.03 115.81 220.286
internal_count=1533 739 794 574 381 699
is_linear=0
shrinkage=0.0282614


Tree=25
num_leaves=5
num_cat=0
split_feature=9 9 17 17
split_gain=4.71781 8.52797 5.26399 7.77664
threshold=-0.33603232399438682 -0.13111940759880697 -0.074905646800934991 -0.87941338811500802
decision_type=2 2 2 2
left_child=2 -2 3 -1
right_child=1 -3 -4 -5
leaf_value=-0.0014417515586682801 0.055629516444109822 0.0050153755327707371 -0.0093635125122549217 0.033889839552685153
leaf_weight=73.658757947385311 8.5614662393927556 215.73136497288942 138.22361472249031 19.536605194211006
leaf_count=240 40 699 489 65
internal_value=0.0018022 0.00695473 -0.00318854 0.00596008
internal_weight=455.712 224.293 231.419 93.1954
internal_count=1533 739 794 305
is_linear=0
shrinkage=0.0498499


Tree=26
num_leaves=3
num_cat=0
split_feature=12 18
split_gain=6.0088 5.2259
threshold=0.17801059672451677 2.0526260135183807
decision_type=2 2
left_child=1 -1
right_child=-2 -3
leaf_value=0.00631067437215791 -0.004029757836635099 -0.011820369641216832
leaf_weight=237.35352467000484 188.47384700924158 23.946995444595814
leaf_count=795 653 85
internal_value=0.0010088 0.00464527
internal_weight=449.774 261.301
internal_count=1533 880
is_linear=0
shrinkage=0.0370384


Tree=27
num_leaves=8
num_cat=0
split_feature=14 14 14 13 5 5 5
split_gain=7.41155 10.476 7.17162 5.69178 4.98948 6.52705 12.1804
threshold=-0.60060963227250008 0.25543740237401924 0.32927048751551774 1.242720838925129 2.1436518443529491 0.96338332630223633 0.042604304038957201
decision_type=2 2 2 2 2 2 2
left_child=4 -2 -3 -4 5 6 -1
right_child=1 2 3 -5 -6 -7 -8
leaf_value=-0.0036574337120068873 0.025893820220721512 -0.0043022242246031385 0.015103156691332432 -0.01437175052159884 0.029505816005414298 -0.018031034327852479 0.032732678174139218
leaf_weight=152.59699746966362 48.312819853425026 95.218881592154503 95.113577969372272 13.125453248620031 8.3768090754747373 43.461489096283913 18.163887873291969
leaf_count=511 160 303 286 43 22 152 56
internal_value=0.00335049 0.00829394 0.00411055 0.0115163 -0.00223796 -0.00348624 0.000213424
internal_weight=474.37 251.771 203.458 108.239 222.599 214.222 170.761
internal_count=1533 792 632 329 741 719 567
is_linear=0
shrinkage=0.0420603


Tree=28
num_leaves=11
num_cat=0
split_feature=2 2 2 17 17 13 13 4 4 17
split_gain=11.0406 25.6547 18.595 9.98525 17.1921 10.6452 5.2732 4.76922 13.5052 4.67298
threshold=0.25113679234470332 0.33213249292539976 1.472113642368482 -0.074905646800934991 1.0000000180025095e-35 0.89766112469287884 0.25610715865347239 0.53941300601779307 0.34117012405629238 -0.28436424397797733
decision_type=2 2 2 2 2 2 2 2 2 2
left_child=3 -2 -3 6 -5 -6 9 8 -4 -1
right_child=1 2 7 4 5 -7 -8 -9 -10 -11
leaf_value=0.01378115018198061 -0.0084854258669056007 0.021982043072664974 0.0049535977475973587 -0.0084957508380069831 0.012023528227051517 -0.018844925689823454 0.0067089707418310617 0.014688282167849932 -0.023290931858561743 0.027988636421095659
leaf_weight=70.279793336987495 102.41095088422298 43.300075352191925 42.126889362931252 49.631050661206245 93.227704137563705 7.6669468581676474 53.124266818165779 12.969644978642462 14.491756185889242 18.769106402993202
leaf_count=193 360 120 118 167 259 27 149 38 56 46
internal_value=0.0050186 0.000672224 0.00898237 0.00821448 0.00367476 0.0096656 0.0130189 0.000889276 -0.00227405 0.0167814
internal_weight=507.998 215.299 112.888 292.699 150.526 100.895 142.173 69.5883 56.6186 89.0489
internal_count=1533 692 332 841 453 286 388 212 174 239
is_linear=0
shrinkage=0.0252778


Tree=29
num_leaves=2
num_cat=0
split_feature=13
split_gain=5.19418
threshold=3.1572774544069389
decision_type=2
left_child=-1
right_child=-2
leaf_value=0.002617364235123465 -0.026885465769575772
leaf_weight=451.44118864834309 7.7911631613969794
leaf_count=1505 28
internal_value=0.00211417
internal_weight=459.232
internal_count=1533
is_linear=0
shrinkage=0.0359415


Tree=30
num_leaves=6
num_cat=0
split_feature=6 5 5 5 5
split_gain=7.81179 5.25501 18.7407 13.8378 6.98694
threshold=1.1081371963059292 1.0000000180025095e-35 0.042604304038957201 0.96338332630223633 1.0638297011940541
decision_type=2 2 2 2 2
left_child=1 -1 -3 -4 -5
right_child=-2 2 3 4 -6
leaf_value=0.0061834525591132963 -0.0045901983960893178 -0.0094053382374201192 0.018607713088504594 -0.0068459598734096176 0.007512325591227902
leaf_weight=197.66328934580088 89.534454993903637 71.019232913851738 37.794539764523506 38.131410196423531 42.656092256307602
leaf_count=612 318 231 119 122 131
internal_value=0.00189926 0.00340085 0.000498269 0.0064328 0.000732374
internal_weight=476.799 387.265 189.601 118.582 80.7875
internal_count=1533 1215 603 372 253
is_linear=0
shrinkage=0.0243909


Tree=31
num_leaves=9
num_cat=0
split_feature=2 2 2 9 14 14 2 14
split_gain=5.7105 14.0885 12.4462 7.16157 6.56341 6.67882 5.13058 4.57449
threshold=0.25113679234470332 0.33213249292539976 1.472113642368482 2.0512152454023642 -0.60060963227250008 0.25543740237401924 -0.71897018476388419 0.32927048751551774
decision_type=2 2 2 2 2 2 2 2
left_child=4 3 -3 -2 6 -6 -1 -7
right_child=1 2 -4 -5 5 7 -8 -9
leaf_value=-0.0032495027134579663 -0.01388231868957699 0.027275841339595253 -0.00059389867714129555 0.026143343186061603 0.026227828064771006 -0.0015226238429716481 0.015328655774801749 0.014220172547042668
leaf_weight=96.18122448772192 94.008169114589691 35.260259352624416 68.278080269694328 6.9244500100612631 39.490190491080284 44.281145840883255 27.808289304375648 67.666799053549767
leaf_count=310 343 120 212 17 125 131 81 194
internal_value=0.00384047 -0.000983519 0.00889176 -0.0111204 0.00742382 0.012749 0.000916231 0.00798849
internal_weight=479.899 204.471 103.538 100.933 275.428 151.438 123.99 111.948
internal_count=1533 692 332 360 841 450 391 325
is_linear=0
shrinkage=0.0381265


Tree=32
num_leaves=6
num_cat=0
split_feature=4 4 4 4 4
split_gain=5.16542 10.6935 12.6837 7.54944 6.01033
threshold=1.7272164154757195 1.5343718797093644 0.44411965218403082 0.34117012405629238 -0.63252056643271648
decision_type=2 2 2 2 2
left_child=1 2 3 4 -1
right_child=-2 -3 -4 -5 -6
leaf_value=0.0028678542108714665 0.031458710628336363 -0.028563338746756265 0.04335088094320326 -0.012356093278289924 0.026279124613415986
leaf_weight=238.74945452809334 20.496776908636093 35.893849849700928 26.233401872217655 95.592265740036964 43.518780052661896
leaf_count=751 60 136 100 330 156
internal_value=0.00305288 0.00172618 0.00442034 0.00171312 0.00648135
internal_weight=460.485 439.988 404.094 377.861 282.268
internal_count=1533 1473 1337 1237 907
is_linear=0
shrinkage=0.0579509


Tree=33
num_leaves=11
num_cat=0
split_feature=12 7 7 7 0 12 12 0 9 9
split_gain=17.1647 15.4091 17.7137 14.0805 14.8223 11.3282 26.5944 9.2953 6.82456 5.15132
threshold=0.17801059672451677 0.15927761984010497 -0.45861794349918089 0.24925121690930521 -0.091116904384945963 0.26219677601548752 1.1757611839043363 -0.13236436709461427 -0.81680815613516233 -0.17540030339815002
decision_type=2 2 2 2 2 2 2 2 2 2
left_child=1 2 -1 -3 7 8 -7 -5 -2 -8
right_child=5 3 -4 4 -6 6 9 -9 -10 -11
leaf_value=0.004168833356037193 -0.027836195307304239 -0.01399226564524959 0.024436063217894623 0.0015751349085807022 0.020614014682036001 0.020665505753412295 -0.01569209664915118 -0.027385829004400217 -0.0092945793076607865 -0.00075494474470890144
leaf_weight=110.77384031563997 19.106078237295151 51.355397686362267 48.017177373170853 45.305333748459816 29.083444148302078 33.735027976334095 41.501157239079475 10.571651995182036 79.961607709527016 31.62371501326561
leaf_count=324 72 166 139 137 77 97 140 37 252 92
internal_value=8.84752e-05 0.00439884 0.0103004 -0.00247178 0.00448637 -0.00608634 0.000202725 -0.00390115 -0.0128757 -0.00923386
internal_weight=501.034 295.107 158.791 136.316 84.9604 205.928 106.86 55.877 99.0677 73.1249
internal_count=1533 880 463 417 251 653 329 174 324 232
is_linear=0
shrinkage=0.0278754


Tree=34
num_leaves=2
num_cat=0
split_feature=6
split_gain=6.19084
threshold=1.1081371963059292
decision_type=2
left_child=-1
right_child=-2
leaf_value=0.0032636177800696537 -0.0073918995863494121
leaf_weight=366.81181659549475 87.269606217741966
leaf_count=1215 318
internal_value=0.00121423
internal_weight=454.081
internal_count=1533
is_linear=0
shrinkage=0.0359686


Tree=35
num_leaves=10
num_cat=0
split_feature=4 4 4 4 9 4 15 14 15
split_gain=7.22274 16.061 16.5213 13.1265 12.7365 8.02632 5.29254 5.0255 4.84689
threshold=1.7272164154757195 1.5343718797093644 0.44411965218403082 0.34117012405629238 -0.81680815613516233 -0.63252056643271648 0.75997517750738852 -0.28749086924717565 -0.28607503234279241
decision_type=2 2 2 2 2 2 2 2 2
left_child=1 2 3 5 -5 6 -1 -6 -2
right_child=8 -3 -4 4 7 -7 -8 -9 -10
leaf_value=0.0055794707317562801 -0.0019094618622921484 -0.019443490560376236 0.027578814241986341 -0.036121123961410095 -0.013249666276590955 0.017862149150489844 -0.0060876953409865365 0.0035625131713360749 0.031957345897236068
leaf_weight=186.43867965042591 6.7829154729843166 36.812109112739563 29.845102459192276 16.0094935297966 34.302473530173302 47.741915374994278 56.739224530756474 47.2802354991436 15.104761376976965
leaf_count=567 21 136 100 66 123 156 184 141 39
internal_value=0.00263903 0.00173482 0.00360062 0.00175604 -0.00886137 0.00531991 0.00285482 -0.00350285 0.0213996
internal_weight=477.057 455.169 418.357 388.512 97.5922 290.92 243.178 81.5827 21.8877
internal_count=1533 1473 1337 1237 330 907 751 264 60
is_linear=0
shrinkage=0.0334697


Tree=36
num_leaves=2
num_cat=0
split_feature=13
split_gain=5.18181
threshold=3.1572774544069389
decision_type=2
left_child=-1
right_child=-2
leaf_value=-0.0021675238199221048 0.03739424228622229
leaf_weight=445.63952289521694 7.7388990819454184
leaf_count=1505 28
internal_value=-0.00148878
internal_weight=453.378
internal_count=1533
is_linear=0
shrinkage=-0.0480742


Tree=37
num_leaves=3
num_cat=0
split_feature=14 14
split_gain=4.33726 9.19985
threshold=-0.60060963227250008 -0.043012316744818833
decision_type=2 2
left_child=-1 -2
right_child=1 -3
leaf_value=-0.0039479768569976991 0.058336871969403882 0.0038474044249646368
leaf_weight=214.08838681131601 7.4903328120708457 230.86324334144592
leaf_count=741 27 765
internal_value=0.00106334 0.0055675
internal_weight=452.442 238.354
internal_count=1533 792
is_linear=0
shrinkage=0.0485319


Tree=38
num_leaves=6
num_cat=0
split_feature=6 2 2 12 2
split_gain=10.0901 7.5071 8.21212 5.6848 4.47813
threshold=1.1081371963059292 2.2405885853738421 1.5147477327178238 0.17801059672451677 1.0000000180025095e-35
decision_type=2 2 2 2 2
left_child=1 2 3 -1 -2
right_child=4 -3 -4 -5 -6
leaf_value=0.0059819771491285553 -0.0011416827345299995 -0.017123192530165202 0.02529690532852482 -0.00054513143665806054 -0.012701656926478077
leaf_weight=209.58376161754131 49.533252775669098 11.184715524315832 11.277397617697714 146.44747187197208 38.563180975615978
leaf_count=667 158 39 31 478 160
internal_value=0.00154338 0.00334808 0.00397394 0.00329609 -0.00620433
internal_weight=466.59 378.493 367.309 356.031 88.0964
internal_count=1533 1215 1176 1145 318
is_linear=0
shrinkage=0.0254302


Tree=39
num_leaves=5
num_cat=0
split_feature=6 3 6 6
split_gain=5.58607 9.1069 8.22207 7.7354
threshold=2.6334570907901278 -0.68667160991670739 1.2542964825776466 1.1081371963059292
decision_type=2 2 2 2
left_child=2 -2 3 -1
right_child=1 -3 -4 -5
leaf_value=0.0036923536004497539 -0.060090518526587158 0.0017875160610687643 0.032913932967293627 -0.010135408457437602
leaf_weight=371.04951701313257 5.0484925508499154 8.395827598869797 11.515924140810965 63.23159097135067
leaf_count=1215 25 31 28 234
internal_value=0.00178576 -0.0213862 0.002487 0.00167729
internal_weight=459.241 13.4443 445.797 434.281
internal_count=1533 56 1477 1449
is_linear=0
shrinkage=0.0365589


Tree=40
num_leaves=5
num_cat=0
split_feature=10 10 9 9
split_gain=5.78774 8.81977 7.38846 6.55844
threshold=2.9480560705878083 1.309150098619821 -0.33603232399438682 -0.13111940759880697
decision_type=2 2 2 2
left_child=1 2 -1 -4
right_child=-2 -3 3 -5
leaf_value=-0.0019313540957040522 -0.015963176554421369 0.028150543844101074 0.032194903298524959 0.0046299064906914211
leaf_weight=219.99912283569574 14.710263580083845 10.884552702307699 7.4417539462447158 213.48032429814339
leaf_count=747 53 31 33 669
internal_value=0.00187668 0.00245939 0.00182282 0.00556314
internal_weight=466.516 451.806 440.921 220.922
internal_count=1533 1480 1449 702
is_linear=0
shrinkage=0.0289546


Tree=41
num_leaves=11
num_cat=0
split_feature=3 3 3 3 13 14 3 3 14 13
split_gain=6.96731 17.1174 12.0824 17.677 8.84488 9.15245 8.78896 13.0475 7.86288 5.6588
threshold=0.14859480478027123 1.0332391105599126 1.1599846638261024 2.0062179657721022 1.242720838925129 0.59547973189287273 0.095466499557789394 -0.68667160991670739 -0.34594378434015949 -0.50554564972274063
decision_type=2 2 2 2 2 2 2 2 2 2
left_child=4 -2 -3 -4 6 -6 7 8 -1 -10
right_child=1 2 3 -5 5 -7 -8 -9 9 -11
leaf_value=-0.0022570524908526175 0.017397811728580476 -0.0038413386576070293 0.021495032557574983 -0.0015937921869624201 -0.0025688512323964832 -0.026139174444875284 -0.0023258729657503669 0.012753706751700509 0.0016271902881929807 0.01090142102700664
leaf_weight=80.905656538903713 37.68347005546093 52.053215697407722 22.462264023721218 24.91333594918251 30.736749276518822 7.2457602173089972 93.312891311943531 53.211928084492683 52.897741585969925 42.361087188124657
leaf_count=265 104 169 56 76 102 28 299 148 166 120
internal_value=0.00292618 0.00655361 0.00243997 0.00934447 0.00154625 -0.0070752 0.0025624 0.00455266 0.00207332 0.00575361
internal_weight=497.784 137.112 99.4288 47.3756 360.672 37.9825 322.689 229.376 176.164 95.2588
internal_count=1533 405 301 132 1128 130 998 699 551 286
is_linear=0
shrinkage=0.0189051


Tree=42
num_leaves=8
num_cat=0
split_feature=12 7 7 7 7 7 7
split_gain=6.17999 9.65487 13.4146 7.89731 9.99669 6.21586 7.84918
threshold=0.17801059672451677 0.15927761984010497 -0.45861794349918089 0.24925121690930521 0.59400985988474508 0.31346110548157285 1.254278575018448
decision_type=2 2 2 2 2 2 2
left_child=1 2 -1 -3 -5 -2 -7
right_child=5 3 -4 4 -6 6 -8
leaf_value=0.0069863802136027817 -0.0050913157129633098 -0.012632239630714682 0.032933090680644747 0.04936087913057495 0.0028562565980876239 0.038139364727039243 0.0010336877016165931
leaf_weight=108.33877958357334 156.43197707086802 49.946601763367653 44.761740431189537 8.1140205115079862 74.097448080778122 12.787097886204718 30.884209766983986
leaf_count=324 522 166 139 24 227 36 95
internal_value=0.00399363 0.00776206 0.0145769 -0.000127355 0.00746182 -0.00137536 0.0119133
internal_weight=485.362 285.259 153.101 132.158 82.2115 200.103 43.6713
internal_count=1533 880 463 417 251 653 131
is_linear=0
shrinkage=0.0398745


Tree=43
num_leaves=5
num_cat=0
split_feature=6 14 3 6
split_gain=16.5112 7.1997 6.63958 4.68625
threshold=1.1081371963059292 1.4073046431955987 1.1599846638261024 0.76867302004993954
decision_type=2 2 2 2
left_child=1 3 -2 -1
right_child=2 -3 -4 -5
leaf_value=0.0045101934851569199 -0.0097022155319355288 0.019528742282949773 0.016838572663081294 0.020806674480055257
leaf_weight=359.159538179636 83.222297936677933 31.266874641180038 8.5391413420438749 15.167984813451765
leaf_count=1090 296 83 22 42
internal_value=0.00378909 0.00628119 -0.00721921 0.00517281
internal_weight=497.356 405.594 91.7614 374.328
internal_count=1533 1215 318 1132
is_linear=0
shrinkage=0.0287513


Tree=44
num_leaves=10
num_cat=0
split_feature=9 9 18 10 2 2 2 2 2
split_gain=4.81648 8.205 6.60356 6.61718 5.83938 6.0409 11.2964 5.14862 5.95734
threshold=-0.33603232399438682 -0.13111940759880697 2.0526260135183807 2.9480560705878083 2.5944968906886445 0.33213249292539976 0.11700268723923145 1.472113642368482 1.5147477327178238
decision_type=2 2 2 2 2 2 2 2 2
left_child=4 -2 3 -3 5 6 -1 -7 -9
right_child=1 2 -4 -5 -6 7 -8 8 -10
leaf_value=0.0031114049897080658 0.056980936241650314 0.010030247509764272 -0.02919273071435715 -0.044378226953589707 -0.046597472685859662 0.040689842402359136 -0.025155305243645731 -0.0078496172178426325 0.045303654444933512
leaf_weight=128.87107481062412 8.6495382934808713 202.72263590991497 12.92265050113201 5.9845673590898505 7.4973052144050589 14.727147027850149 52.023156069219112 24.57790614664555 7.080283284187316
leaf_count=412 40 633 44 22 28 49 206 81 18
internal_value=0.00290672 0.00817066 0.00625743 0.00845996 -0.00225323 -0.000783275 -0.00501468 0.0156967 0.00404821
internal_weight=465.056 230.279 221.63 208.707 234.777 227.28 180.894 46.3853 31.6582
internal_count=1533 739 699 655 794 766 618 148 99
is_linear=0
shrinkage=0.0512257


Tree=45
num_leaves=8
num_cat=0
split_feature=17 2 2 2 17 17 17
split_gain=5.46748 7.83526 14.7643 7.54208 7.49948 11.3785 5.40199
threshold=-0.074905646800934991 0.25113679234470332 0.33213249292539976 2.2405885853738421 1.0000000180025095e-35 0.89662177220015649 -0.2530316306812086
decision_type=2 2 2 2 2 2 2
left_child=1 6 -3 -4 -2 -6 -1
right_child=4 2 3 -5 5 -7 -8
leaf_value=0.011668676099607211 -0.0077981763501476231 -0.022318401013885582 0.019741588292578216 -0.025425786904819708 0.022113992865797936 -0.0012210972776884104 0.036976732847749334
leaf_weight=117.00305720418692 109.78521528840065 31.195005133748055 38.689576327800751 6.7412045150995246 46.387224525213242 110.36338127404451 14.853268027305601
leaf_count=345 375 115 123 25 147 360 43
internal_value=0.00388265 0.0086809 -0.00136842 0.0130019 0.000127228 0.00568149 0.014527
internal_weight=475.018 208.482 76.6258 45.4308 266.536 156.751 131.856
internal_count=1533 651 263 148 882 507 388
is_linear=0
shrinkage=0.0395595


Tree=46
num_leaves=7
num_cat=0
split_feature=8 8 14 13 8 13
split_gain=4.70807 15.2323 6.71839 5.79301 7.51014 4.50699
threshold=0.095755636731179136 0.98727373093371651 0.51250950271717599 0.25610715865347239 0.030871546344070588 0.072904770693466597
decision_type=2 2 2 2 2 2
left_child=3 -2 -3 4 5 -1
right_child=1 2 -4 -5 -6 -7
leaf_value=0.0065407068379471703 0.031040564631802204 -0.0035364830043555302 0.023495079249107591 -0.0062294168075202718 -0.00816019847672576 0.030679369645956175
leaf_weight=128.75759206712246 32.31930211186409 81.329414553940296 15.887540966272352 134.46877356618643 52.964744634926319 12.250833503901957
leaf_count=424 119 275 45 453 180 37
internal_value=0.00226656 0.00841219 0.000881724 -0.000155849 0.00405162 0.00864455
internal_weight=457.978 129.536 97.217 328.442 193.973 141.008
internal_count=1533 439 320 1094 641 461
is_linear=0
shrinkage=0.0380724


Tree=47
num_leaves=6
num_cat=0
split_feature=6 2 2 14 2
split_gain=9.15133 6.7649 7.69671 5.74568 5.53045
threshold=1.1081371963059292 2.2405885853738421 1.5147477327178238 1.4073046431955987 1.0000000180025095e-35
decision_type=2 2 2 2 2
left_child=1 2 3 -1 -2
right_child=4 -3 -4 -5 -6
leaf_value=0.0023501810701335945 0.00056913768215825918 -0.011013115738612744 0.018442634206792891 0.010969973245278137 -0.0087390023389747103
leaf_weight=338.04454519599676 49.690559402108192 11.291706845164297 11.406522840261458 28.73993869125843 38.959911525249481
leaf_count=1063 158 39 31 82 160
internal_value=0.0018489 0.00307127 0.00349351 0.00302688 -0.00351729
internal_weight=478.133 389.483 378.191 366.784 88.6505
internal_count=1533 1215 1176 1145 318
is_linear=0
shrinkage=0.0185155


Tree=48
num_leaves=2
num_cat=0
split_feature=12
split_gain=4.54088
threshold=0.17801059672451677
decision_type=2
left_child=-1
right_child=-2
leaf_value=0.0061021149348593363 -0.002901077707157783
leaf_weight=264.01665703207254 191.16638503968716
leaf_count=880 653
internal_value=0.00231948
internal_weight=455.183
internal_count=1533
is_linear=0
shrinkage=0.0445017


Tree=49
num_leaves=7
num_cat=0
split_feature=17 17 17 17 3 3
split_gain=8.16284 7.96505 12.3754 6.94691 5.98271 9.89942
threshold=-0.074905646800934991 1.0000000180025095e-35 0.89662177220015649 -0.87941338811500802 2.0062179657721022 1.1599846638261024
decision_type=2 2 2 2 2 2
left_child=3 -2 -3 4 5 -1
right_child=1 2 -4 -5 -6 -7
leaf_value=0.0027063794979396059 -0.003275091582715637 0.0098187666865108374 -0.00042830433588939937 0.0099325481787948741 -0.0092427070827527207 0.021598302916354367
leaf_weight=142.29526026546955 110.43905505537987 47.935100503265858 113.1066836565733 53.234557874500751 10.787961751222609 8.3528602421283704
leaf_count=430 375 147 360 165 35 21
internal_value=0.00217086 0.000221379 0.00262057 0.00463504 0.00288643 0.00375838
internal_weight=486.151 271.481 161.042 214.671 161.436 150.648
internal_count=1533 882 507 651 486 451
is_linear=0
shrinkage=0.016912


Tree=50
num_leaves=2
num_cat=0
split_feature=13
split_gain=4.44571
threshold=3.1572774544069389
decision_type=2
left_child=-1
right_child=-2
leaf_value=0.002637837930454935 -0.032893777257469503
leaf_weight=447.1149535626173 7.7566117644309989
leaf_count=1505 28
internal_value=0.00202868
internal_weight=454.872
internal_count=1533
is_linear=0
shrinkage=0.0466758


Tree=51
num_leaves=10
num_cat=0
split_feature=6 6 4 4 4 4 16 4 12
split_gain=11.8247 6.73245 5.37011 8.64309 13.8662 7.72987 8.1141 5.44706 4.76186
threshold=1.1081371963059292 1.0000000180025095e-35 1.7272164154757195 1.5343718797093644 0.44411965218403082 0.34117012405629238 1.2988929893092223 -0.63252056643271648 0.50680777385786213
decision_type=2 2 2 2 2 2 2 2 2
left_child=1 2 3 4 5 7 -7 -1 -3
right_child=-2 8 -4 -5 -6 6 -8 -9 -10
leaf_value=0.0024872419435209782 -0.0039187532523030904 0.013986889496803661 0.013192927500433594 -0.008124849006047102 0.016884878418157983 -0.00060788480626645946 -0.017767775427456264 0.010837156757618401 -0.00091249441549039157
leaf_weight=191.84621177613735 90.10048334300518 33.075979739427567 16.426956564188004 25.977930828928947 23.622082442045212 58.092930525541306 11.54783211648464 31.940910920500755 9.6333159208297712
leaf_count=558 318 100 42 90 76 178 45 96 30
internal_value=0.00220958 0.00358355 0.00274753 0.00224569 0.00309703 0.00198503 -0.00345918 0.00368077 0.0106103
internal_weight=492.265 402.164 359.455 343.028 317.05 293.428 69.6408 223.787 42.7093
internal_count=1533 1215 1085 1043 953 877 223 654 130
is_linear=0
shrinkage=0.0187256


Tree=52
num_leaves=11
num_cat=0
split_feature=17 17 17 7 17 7 7 8 14 8
split_gain=9.48623 11.2771 15.7804 11.3614 9.45959 9.98715 9.32866 7.67567 7.49276 6.81508
threshold=-0.074905646800934991 1.0000000180025095e-35 0.89662177220015649 0.92782846244190464 -0.87941338811500802 0.24925121690930521 0.15927761984010497 0.98727373093371651 -0.10857649325808362 1.5183489189345016
decision_type=2 2 2 2 2 2 2 2 2 2
left_child=4 8 -3 9 5 6 -1 -8 -2 -4
right_child=1 2 3 -5 -6 -7 7 -9 -10 -11
leaf_value=0.0030270526780995736 -0.010070261502909232 0.011925966663053018 0.0027991681041607112 -0.016275963417402218 0.011977376099974379 0.0096570648239415399 -0.016086125006488212 0.0041131267457325087 -0.00021431632751667192 -0.017124102351785651
leaf_weight=81.811312451958656 51.427833437919617 50.501175001263618 93.898334987461567 14.890021875500677 55.582594446837902 53.657238394021988 20.18911120295525 10.157881155610083 60.840601861476898 6.5854728966951361
leaf_count=239 189 147 284 52 165 143 74 30 186 24
internal_value=0.00225724 -7.84495e-05 0.00306851 -0.000806605 0.00519275 0.00291653 -0.00030716 -0.00930284 -0.0047307 0.00148547
internal_weight=499.542 278.143 165.875 115.374 221.398 165.816 112.158 30.347 112.268 100.484
internal_count=1533 882 507 360 651 486 343 104 375 308
is_linear=0
shrinkage=0.0190075


Tree=53
num_leaves=8
num_cat=0
split_feature=17 17 17 15 17 9 9
split_gain=6.65082 8.74143 11.5068 8.13984 13.9144 7.95788 5.67862
threshold=-0.074905646800934991 1.0000000180025095e-35 0.89662177220015649 -0.06435009324458639 -0.53879681174552219 -0.33603232399438682 -0.392864883803548
decision_type=2 2 2 2 2 2 2
left_child=3 6 -3 -1 -5 -4 -2
right_child=1 2 5 4 -6 -7 -8
leaf_value=0.012820673070060039 -0.021642362013853403 0.016923279176475632 -0.0077056571788196842 -0.0044080937509461474 0.023592237948782291 0.008574385368131085 -0.0036009163001407738
leaf_weight=106.96072652190924 19.374947309494019 46.902039654552937 66.066880509257317 85.056940048933029 20.102888859808445 47.231004670262337 91.964382462203503
leaf_count=319 76 147 222 271 61 138 299
internal_value=0.00291539 -0.000223432 0.00430652 0.00693543 0.00094619 -0.000913226 -0.00674556
internal_weight=483.66 271.539 160.2 212.121 105.16 113.298 111.339
internal_count=1533 882 507 651 332 360 375
is_linear=0
shrinkage=0.0303028


Tree=54
num_leaves=13
num_cat=0
split_feature=6 18 18 6 9 9 9 9 2 2 2 9
split_gain=16.2725 11.3843 7.09633 6.2383 6.56436 7.40147 14.125 7.46985 5.75192 5.27143 4.68724 4.58832
threshold=1.1081371963059292 2.0526260135183807 0.78363026246689382 1.0000000180025095e-35 -0.33603232399438682 1.1907897666116798 1.6460039949677547 0.50160030042552717 -0.076265808289082762 0.25113679234470332 0.33213249292539976 -0.13111940759880697
decision_type=2 2 2 2 2 2 2 2 2 2 2 2
left_child=1 2 3 4 -1 7 -7 11 -3 -2 -11 -6
right_child=9 8 -4 -5 5 6 -8 -9 -10 10 -12 -13
leaf_value=0.0012602966265279219 -0.00045977941489312062 0.003042246408778392 0.020697386296280217 0.017495933661789798 0.030440755691161593 -0.010414351765056297 0.01800402657064893 0.02701161942700489 -0.019367894251655807 -0.021750738868626891 -0.0031404507600976098 0.0079452518796325373
leaf_weight=143.04325599968433 51.266077175736427 15.588251501321791 28.036880247294903 34.534397229552269 6.9763498157262793 32.095024049282074 20.55116930603981 21.568238541483879 17.240883320569992 21.916870772838593 17.491094961762428 89.839546710252762
leaf_count=441 160 47 77 100 27 101 51 57 65 100 58 249
internal_value=0.00413932 0.00641413 0.00773385 0.00668927 0.00549883 0.0090414 0.000679464 0.0127586 -0.00870164 -0.00612686 -0.0134951 0.00957719
internal_weight=500.148 409.474 376.645 348.608 314.074 171.03 52.6462 118.384 32.8291 90.674 39.408 96.8159
internal_count=1533 1215 1103 1026 926 485 152 333 112 318 158 276
is_linear=0
shrinkage=0.0267966


Tree=55
num_leaves=6
num_cat=0
split_feature=5 5 5 5 5
split_gain=4.94324 15.047 11.0006 5.71527 4.47718
threshold=1.0000000180025095e-35 0.042604304038957201 0.96338332630223633 -0.74647916731733532 2.02392267170613
decision_type=2 2 2 2 2
left_child=3 -2 -3 -1 -4
right_child=1 2 4 -5 -6
leaf_value=0.0044006411048611478 -0.019855638346131577 0.035028317667506692 -0.0052076844122831796 0.025759301961786978 0.02735059532754754
leaf_weight=182.27453784644604 93.013002000749111 36.908953331410885 87.376252807676792 49.188821278512478 15.303100794553755
leaf_count=582 323 129 289 166 44
internal_value=0.00319059 -0.00253104 0.00900719 0.00894385 -0.000339741
internal_weight=464.065 232.601 139.588 231.463 102.679
internal_count=1533 785 462 748 333
is_linear=0
shrinkage=0.0556058


Tree=56
num_leaves=3
num_cat=0
split_feature=14 14
split_gain=4.79212 8.32608
threshold=-0.60060963227250008 -0.043012316744818833
decision_type=2 2
left_child=-1 -2
right_child=1 -3
leaf_value=-0.0031873929961797457 0.057660259183496904 0.0051868453742727862
leaf_weight=213.18949215114117 7.2589287161827079 232.02932398021221
leaf_count=741 27 765
internal_value=0.00208535 0.006786
internal_weight=452.478 239.288
internal_count=1533 792
is_linear=0
shrinkage=0.0483869


Tree=57
num_leaves=3
num_cat=0
split_feature=6 3
split_gain=10.7125 6.02739
threshold=1.1081371963059292 1.1599846638261024
decision_type=2 2
left_child=-1 -2
right_child=1 -3
leaf_value=0.0032131800767605835 -0.0045536155443327286 0.010203555132799379
leaf_weight=391.71440220624208 81.23168209195137 8.4101409018039686
leaf_count=1215 296 22
internal_value=0.00202525 -0.00316187
internal_weight=481.356 89.6418
internal_count=1533 318
is_linear=0
shrinkage=0.0166427


Tree=58
num_leaves=2
num_cat=0
split_feature=6
split_gain=8.73621
threshold=1.1081371963059292
decision_type=2
left_child=-1
right_child=-2
leaf_value=0.0045493961592274756 -0.0072299011772459718
leaf_weight=380.5437807738781 88.490488685667515
leaf_count=1215 318
internal_value=0.00232561
internal_weight=469.034
internal_count=1533
is_linear=0
shrinkage=0.0337801


Tree=59
num_leaves=2
num_cat=0
split_feature=6
split_gain=5.9356
threshold=1.1081371963059292
decision_type=2
left_child=-1
right_child=-2
leaf_value=-0.0045776389226876877 0.009483168062005911
leaf_weight=369.18779344111681 86.331066310405731
leaf_count=1215 318
internal_value=-0.00191079
internal_weight=455.519
internal_count=1533
is_linear=0
shrinkage=-0.0482923


Tree=60
num_leaves=7
num_cat=0
split_feature=4 4 4 4 4 4
split_gain=4.91877 9.1424 11.72 6.5499 5.11657 4.4395
threshold=1.7272164154757195 1.5343718797093644 0.44411965218403082 0.34117012405629238 -0.63252056643271648 0.025798925165344953
decision_type=2 2 2 2 2 2
left_child=1 2 3 4 -1 -6
right_child=-2 -3 -4 -5 5 -7
leaf_value=0.0010987391174959475 0.022087659398681 -0.020737045242683719 0.030847349294331236 -0.0095822137138694297 0.054468487839032909 0.012148828363578069
leaf_weight=235.15851934999228 20.165156751871109 35.646073840558529 24.90203907340765 95.224000819027424 5.2997356057167044 36.243019744753838
leaf_count=751 60 136 100 330 21 135
internal_value=0.00121856 0.000242918 0.00213019 0.000204129 0.00357468 0.01757
internal_weight=452.639 432.473 396.827 371.925 276.701 41.5428
internal_count=1533 1473 1337 1237 907 156
is_linear=0
shrinkage=0.0432797


Tree=61
num_leaves=16
num_cat=0
split_feature=6 6 17 17 17 0 17 0 13 0 17 0 0 6 6
split_gain=17.2475 8.82239 6.59855 8.28073 7.06052 7.61661 10.0339 6.99995 5.64368 5.62879 5.8349 5.4261 5.6279 5.31063 19.0204
threshold=1.1081371963059292 1.0000000180025095e-35 1.9173276367876666 1.0570333136344032 -0.074905646800934991 -0.091116904384945963 1.0000000180025095e-35 1.3510943941076541 1.242720838925129 0.6941004166124588 -0.2530316306812086 -0.13236436709461427 -0.091116904384945963 1.2542964825776466 2.6334570907901278
decision_type=2 2 2 2 2 2 2 2 2 2 2 2 2 2 2
left_child=1 2 3 4 7 8 -7 9 -6 10 11 -1 -13 -2 -15
right_child=13 -3 -4 -5 5 6 -8 -9 -10 -11 -12 12 -14 14 -16
leaf_value=0.0094418450706339804 -0.007263277634023191 0.013168925334004468 -0.0056149416695676453 0.017881350071373647 -0.00028085487278511071 -0.0017267331963458773 0.013926463881361836 -0.0051599522319901153 -0.01424347984115755 0.021840364027340783 0.017827520536293787 -0.0064369242521038718 0.0066473855722098945 0.020319391751640728 -0.012290231895121954
leaf_weight=66.270653888583183 65.839032083749771 47.194966822862625 25.129763931035995 17.874829351902008 91.464893162250519 29.641936436295509 34.155753999948502 16.35702757537365 12.781919419765471 11.156308040022848 17.73529776930809 22.642530515789986 29.145945444703102 13.043625369668009 14.749664410948752
leaf_count=177 234 130 81 45 280 91 91 51 45 27 47 70 80 28 56
internal_value=0.00343881 0.00513891 0.0041254 0.00482778 0.00412173 0.00128331 0.00664637 0.00704058 -0.00199739 0.00840321 0.00729469 0.00570745 0.00092288 -0.00421057 0.00299953
internal_weight=515.184 421.552 374.357 349.227 331.352 168.045 63.7977 163.308 104.247 146.951 135.794 118.059 51.7885 93.6323 27.7933
internal_count=1533 1215 1085 1004 959 507 182 452 325 401 374 327 150 318 84
is_linear=0
shrinkage=0.0197131


Tree=62
num_leaves=2
num_cat=0
split_feature=13
split_gain=4.63486
threshold=3.1572774544069389
decision_type=2
left_child=-1
right_child=-2
leaf_value=0.0023975845997913151 -0.040671262627121035
leaf_weight=438.71514230966568 7.5995938330888739
leaf_count=1505 28
internal_value=0.00166038
internal_weight=446.315
internal_count=1533
is_linear=0
shrinkage=0.0548391


Tree=63
num_leaves=11
num_cat=0
split_feature=5 5 5 5 8 5 8 8 7 13
split_gain=9.77468 30.0504 23.9228 14.2006 9.06693 8.77082 7.53628 8.17797 7.99909 5.79462
threshold=1.0000000180025095e-35 0.042604304038957201 0.96338332630223633 -0.74647916731733532 0.030871546344070588 1.0638297011940541 -0.48671781063857461 -0.064274718728634925 0.24925121690930521 0.11464822818632221
decision_type=2 2 2 2 2 2 2 2 2 2
left_child=3 4 -3 6 -2 -4 9 -8 -9 -1
right_child=1 2 5 -5 -6 -7 7 8 -10 -11
leaf_value=0.00030703528546700246 -0.0066375268625550269 0.017746068141343475 -0.010798248215878024 0.013354852799847513 -0.021510545882867764 0.0030264862618261186 0.019933335032243028 -0.0033645959199335154 0.011569666228004968 -0.013783453242657995
leaf_weight=31.974357292056084 42.928215622901917 42.104990169405937 52.001312032341957 53.483347564935684 53.713079437613487 54.65615601092577 14.375030882656572 78.631669729948044 28.321550495922565 35.94549848139286
leaf_count=96 136 129 168 166 187 165 40 244 81 121
internal_value=-0.00104245 -0.00443646 0.00236157 0.00238747 -0.0149044 -0.00370911 -0.000710777 0.00288651 0.000589176 -0.00714205
internal_weight=488.135 245.404 148.762 242.731 96.6413 106.657 189.248 121.328 106.953 67.9199
internal_count=1533 785 462 748 323 333 582 365 325 217
is_linear=0
shrinkage=0.0241152


Tree=64
num_leaves=10
num_cat=0
split_feature=9 9 12 8 8 8 8 8 10
split_gain=6.09447 8.4837 6.65212 6.58315 9.6026 7.92803 6.41745 6.00356 5.78613
threshold=-0.33603232399438682 -0.13111940759880697 1.1757611839043363 0.095755636731179136 1.0000000180025095e-35 -0.76184081105219548 0.62005402522536135 -0.19048131487327064 2.9480560705878083
decision_type=2 2 2 2 2 2 2 2 2
left_child=2 -2 3 4 5 -1 -5 -4 -3
right_child=1 8 7 6 -6 -7 -8 -9 -10
leaf_value=-0.0012428066854275762 0.029206195952644474 0.0046834489868978185 -0.0013614116827244636 0.02818252349827528 -0.01221490299556505 0.017350812769096426 0.0046243869888038811 -0.021580742054594877 -0.020790127006450835
leaf_weight=75.766667388379574 9.3380885496735555 222.07820796966553 21.814312875270844 9.1772409975528699 43.236529931426048 19.399546235799789 51.120087176561356 18.170219674706459 6.128991335630416
leaf_count=249 40 676 70 30 159 57 159 70 23
internal_value=0.00204303 0.00498975 -0.000888039 0.00105578 -0.00206332 0.00254544 0.0082206 -0.0105543 0.00399482
internal_weight=476.23 237.545 238.685 198.7 138.403 95.1662 60.2973 39.9845 228.207
internal_count=1533 739 794 654 465 306 189 140 699
is_linear=0
shrinkage=0.0259867


Tree=65
num_leaves=5
num_cat=0
split_feature=6 18 13 18
split_gain=6.31821 13.4153 6.18234 6.61792
threshold=1.1081371963059292 2.0526260135183807 3.1572774544069389 0.78363026246689382
decision_type=2 2 2 2
left_child=1 2 3 -1
right_child=-2 -3 -4 -5
leaf_value=0.0036723906791419746 -0.0035886544342811741 -0.010563461397724145 -0.015779377224441428 0.015435019965409092
leaf_weight=317.629682905972 86.771529361605644 31.700658962130547 7.0843600779771796 23.91515701264143
leaf_count=1004 318 112 24 75
internal_value=0.00166165 0.00286058 0.00408311 0.00449768
internal_weight=467.101 380.33 348.629 341.545
internal_count=1533 1215 1103 1079
is_linear=0
shrinkage=0.0215754


Tree=66
num_leaves=4
num_cat=0
split_feature=9 9 9
split_gain=4.31973 6.80859 15.0319
threshold=1.3840102860569372 1.1907897666116798 0.50160030042552717
decision_type=2 2 2
left_child=1 2 -1
right_child=-2 -3 -4
leaf_value=-0.00012766734760439368 0.020787257284874371 -0.019689065642555174 0.040979824256037176
leaf_weight=356.91595447808504 30.725456066429615 41.209702342748642 26.054610423743725
leaf_count=1215 90 137 91
internal_value=0.00186751 0.000494245 0.00266911
internal_weight=454.906 424.18 382.971
internal_count=1533 1443 1306
is_linear=0
shrinkage=0.0522943


Tree=67
num_leaves=3
num_cat=0
split_feature=6 13
split_gain=5.22227 4.42363
threshold=1.1081371963059292 3.1572774544069389
decision_type=2 2
left_child=1 -1
right_child=-2 -3
leaf_value=0.0046626168351105038 -0.0096164394050542758 -0.034207164165365948
leaf_weight=356.87620361149311 85.764380380511284 7.1930885910987845
leaf_count=1190 318 25
internal_value=0.00131276 0.00388989
internal_weight=449.834 364.069
internal_count=1533 1215
is_linear=0
shrinkage=0.0492564


Tree=68
num_leaves=4
num_cat=0
split_feature=14 14 12
split_gain=6.12218 8.16683 5.27793
threshold=-0.60060963227250008 -0.043012316744818833 0.069229592310362659
decision_type=2 2 2
left_child=2 -2 -1
right_child=1 -3 -4
leaf_value=0.001566385259269946 0.0304712532368927 0.0030704337999236278 -0.0064823763222738072
leaf_weight=117.25897527486086 7.1706178635358802 231.1203324124217 94.60032894462347
leaf_count=399 27 765 342
internal_value=0.00110974 0.00389888 -0.00202559
internal_weight=450.15 238.291 211.859
internal_count=1533 792 741
is_linear=0
shrinkage=0.0253622


Tree=69
num_leaves=8
num_cat=0
split_feature=10 5 5 5 5 5 5
split_gain=8.39846 9.24616 6.60298 13.7346 9.10942 6.53051 6.18955
threshold=1.2149215584515309 1.0000000180025095e-35 0.11431538687311564 1.0000000180025095e-35 0.96338332630223633 -0.74647916731733532 1.0638297011940541
decision_type=2 2 2 2 2 2 2
left_child=2 -2 3 5 -4 -1 -6
right_child=1 -3 4 -5 6 -7 -8
leaf_value=0.0015032592498600171 0.0026502887975005302 -0.0055551531782836944 0.010182350137906124 -0.0039207172719257621 -0.0014694235190714088 0.0068745157780421805 0.0056129870202733982
leaf_weight=152.69131571054459 40.944067135453224 54.00430716574192 37.336904548108578 67.530135288834572 37.725709199905396 51.392033122479916 46.921369299292564
leaf_count=468 121 191 112 228 122 159 132
internal_value=0.00146346 -0.00201355 0.00230288 0.0011709 0.0048217 0.00285691 0.00245475
internal_weight=488.546 94.9484 393.597 271.613 121.984 204.083 84.6471
internal_count=1533 312 1221 855 366 627 254
is_linear=0
shrinkage=0.0130325


Tree=70
num_leaves=4
num_cat=0
split_feature=6 6 6
split_gain=4.90679 6.38925 5.64088
threshold=2.6334570907901278 1.2542964825776466 1.1081371963059292
decision_type=2 2 2
left_child=1 2 -1
right_child=-2 -3 -4
leaf_value=0.0029865962412636443 -0.015192117667417262 0.023700085668375968 -0.0061992818494322581
leaf_weight=373.38154562562704 13.292229630053042 10.740595817565916 62.275472976267338
leaf_count=1215 56 28 234
internal_value=0.00169945 0.00220424 0.00167223
internal_weight=459.69 446.398 435.657
internal_count=1533 1477 1449
is_linear=0
shrinkage=0.0282701


Tree=71
num_leaves=9
num_cat=0
split_feature=17 6 2 2 2 10 17 17
split_gain=5.6449 8.44743 7.69629 14.7259 8.22276 7.63488 5.60034 9.42878
threshold=-0.074905646800934991 2.1403146036076484 0.25113679234470332 0.33213249292539976 2.2405885853738421 0.53998731934071753 1.0000000180025095e-35 0.40643718090243475
decision_type=2 2 2 2 2 2 2 2
left_child=2 6 5 -4 -5 -1 -2 -8
right_child=1 -3 3 4 -6 -7 7 -9
leaf_value=0.017905438362389964 -0.0064703795021722812 -0.03986376090210389 -0.021288576509523899 0.017514255354053182 -0.025874388523856852 -0.0020161255685502591 0.032143439834302671 0.0014141542038312222
leaf_weight=90.544297814369202 106.37020302563906 7.1683838069438925 31.30977489054203 38.30670428276062 6.6785556375980368 34.867938742041588 14.472919330000876 134.18224348127842
leaf_count=269 357 35 115 123 25 119 52 438
internal_value=0.002286 -0.00121637 0.00684113 -0.0022204 0.0110373 0.0123596 -0.000124731 0.00441282
internal_weight=463.901 262.194 201.707 76.295 44.9853 125.412 255.025 148.655
internal_count=1533 882 651 263 148 388 847 490
is_linear=0
shrinkage=0.0362201


Tree=72
num_leaves=8
num_cat=0
split_feature=12 7 7 12 12 7 7
split_gain=6.31199 8.79251 11.7406 7.00949 16.1081 6.38453 9.64775
threshold=0.17801059672451677 0.15927761984010497 -0.45861794349918089 0.26219677601548752 1.1757611839043363 0.24925121690930521 0.59400985988474508
decision_type=2 2 2 2 2 2 2
left_child=1 2 -1 -2 -5 -3 -7
right_child=3 5 -4 4 -6 6 -8
leaf_value=0.0040059922696773975 -0.0069793024317961229 -0.0081110339807049011 0.02045910965685686 0.018378273901575929 -0.0040349137846762773 0.032307541009616525 0.0009334107506800604
leaf_weight=106.2815822288394 95.519816726446152 49.602138102054596 41.234089143574238 31.691393107175827 71.259177006781101 7.3555385470390311 71.921691283583641
leaf_count=324 324 166 139 97 232 24 227
internal_value=0.00168733 0.00424476 0.00860814 -0.00187217 0.00286189 -0.000746007 0.00385657
internal_weight=474.865 276.395 147.516 198.47 102.951 128.879 79.2772
internal_count=1533 880 463 653 329 417 251
is_linear=0
shrinkage=0.0261753


Tree=73
num_leaves=15
num_cat=0
split_feature=13 13 18 5 5 5 14 16 5 16 5 13 13 13
split_gain=7.71878 14.3247 11.2861 10.6892 18.9967 10.5271 10.2823 6.90093 6.58127 5.49045 4.74563 4.4442 4.72164 11.7537
threshold=0.25610715865347239 -0.50554564972274063 2.0526260135183807 1.0000000180025095e-35 0.11431538687311564 0.96338332630223633 -0.60060963227250008 1.2988929893092223 1.0638297011940541 0.29016028168771169 -0.15679900582765652 2.3861805268679253 0.32084858651811182 0.89766112469287884
decision_type=2 2 2 2 2 2 2 2 2 2 2 2 2 2
left_child=1 2 3 6 -5 -6 -1 9 -7 11 -4 12 -2 -14
right_child=7 -3 10 4 5 8 -8 -9 -10 -11 -12 -13 13 -15
leaf_value=0.0016905416585646475 -0.0013722337356103997 0.010244428903491583 -0.019244770401067847 -0.0076038505150118584 0.012644582189657763 -0.0043118980231181174 0.010303940256696398 -0.0086844574227568742 0.0053447147386801903 0.011929655000358908 -0.003784306580829116 -0.0094744987688113649 0.014476779028399795 0.00028636898236798818
leaf_weight=54.466176047921181 88.726240366697311 55.427610985934734 5.61640337109566 42.851543590426445 22.290736794471741 26.263812988996506 60.663201436400414 17.415936276316643 32.770439893007278 8.6725283563137037 15.142050996422766 9.1954714953899366 15.880985915660856 50.075876176357269
leaf_count=162 281 154 22 153 63 85 157 64 91 21 53 31 42 154
internal_value=0.0022258 0.00360542 0.00218923 0.00307243 0.000143335 0.0042282 0.00623003 -6.42152e-05 0.00104606 0.00080548 -0.00797223 0.000213959 0.000792743 0.0037082
internal_weight=505.459 315.492 260.064 239.306 124.177 81.325 115.129 189.967 59.0343 172.551 20.7585 163.879 154.683 65.9569
internal_count=1533 940 786 711 392 239 319 593 176 529 75 508 477 196
is_linear=0
shrinkage=0.0143886


Tree=74
num_leaves=13
num_cat=0
split_feature=17 17 17 8 2 2 7 14 8 17 2 7
split_gain=10.5172 13.3394 17.3245 11.5752 11.6142 18.8919 9.85124 7.6287 7.06482 5.76324 5.41467 7.1389
threshold=-0.074905646800934991 1.0000000180025095e-35 0.89662177220015649 1.1769412895690745 0.25113679234470332 0.33213249292539976 0.92782846244190464 -0.10857649325808362 1.5183489189345016 -0.19356613322059224 2.2405885853738421 1.254278575018448
decision_type=2 2 2 2 2 2 2 2 2 2 2 2
left_child=3 7 -3 4 9 -6 8 -2 -4 -1 11 -7
right_child=1 2 6 -5 5 10 -8 -9 -10 -11 -12 -13
leaf_value=0.0045538477703392158 -0.014506209084971227 0.012266814642840813 0.00062014278749037593 0.015980323742620324 -0.018972921169998411 0.00088600012705354896 -0.019855496192565037 -0.0032571537015483243 -0.022549556365598081 0.025718126085166201 -0.013687627915042279 0.022669004084314222
leaf_weight=110.20942281186581 52.815155819058418 47.251626275479794 94.258202418684959 30.521581172943115 28.584966689348221 22.121097899973392 14.735992416739462 61.361603781580925 6.5699450075626364 6.3573999702930442 6.5479861348867408 10.367708310484884
leaf_count=323 189 147 284 82 105 75 52 186 24 18 23 25
internal_value=1.36401e-05 -0.00277856 0.00120518 0.00361716 0.00156573 -0.00558101 -0.00331558 -0.00846235 -0.000892741 0.00571456 0.00421482 0.007851
internal_weight=491.703 276.993 162.816 214.71 184.189 67.6218 115.564 114.177 100.828 116.567 39.0368 32.4888
internal_count=1533 882 507 651 569 228 360 375 308 341 123 100
is_linear=0
shrinkage=0.0216918


Tree=75
num_leaves=2
num_cat=0
split_feature=14
split_gain=4.5575
threshold=0.32927048751551774
decision_type=2
left_child=-1
right_child=-2
leaf_value=-0.0011454569643187151 0.012639011077752631
leaf_weight=353.62993460893631 103.80330337584019
leaf_count=1204 329
internal_value=0.00198115
internal_weight=457.433
internal_count=1533
is_linear=0
shrinkage=0.0578597


Tree=76
num_leaves=8
num_cat=0
split_feature=17 8 17 17 17 8 8
split_gain=4.44725 9.03978 6.67621 4.6369 9.09667 8.11496 8.54881
threshold=-0.074905646800934991 1.2796173318713386 -0.19356613322059224 1.0000000180025095e-35 0.40643718090243475 0.7799337851405842 0.095755636731179136
decision_type=2 2 2 2 2 2 2
left_child=1 2 -1 -2 -5 6 -6
right_child=3 -3 -4 4 5 -7 -8
leaf_value=0.00077528572934012889 -0.01458695946974 0.045324439157798227 0.067387873287456254 0.055984305135419549 0.00019896565353691627 -0.036636943100182312 0.0652128774286726
leaf_weight=162.89959554374218 109.32815481722355 26.739000402390957 6.9705931395292273 13.404380001127718 102.25594575703144 24.30350162088871 9.874755457043646
leaf_count=547 375 79 25 52 332 87 36
internal_value=0.00163285 0.00921654 0.0035238 -0.0041167 0.00351584 -0.00163904 0.00594269
internal_weight=455.776 196.609 169.87 259.167 149.839 136.434 112.131
internal_count=1533 651 572 882 507 455 368
is_linear=0
shrinkage=0.0668634


Tree=77
num_leaves=2
num_cat=0
split_feature=13
split_gain=9.35804
threshold=3.1572774544069389
decision_type=2
left_child=-1
right_child=-2
leaf_value=0.0016037132230519993 -0.018097099573824067
leaf_weight=457.93805582821369 7.6830285340547553
leaf_count=1505 28
internal_value=0.00127701
internal_weight=465.621
internal_count=1533
is_linear=0
shrinkage=0.0177639


Tree=78
num_leaves=3
num_cat=0
split_feature=6 6
split_gain=9.53012 6.05671
threshold=1.1081371963059292 1.0000000180025095e-35
decision_type=2 2
left_child=1 -1
right_child=-2 -3
leaf_value=0.0025221541878441369 -0.0049342210599610335 0.012068167288926946
leaf_weight=357.29709276556969 90.533940963447094 40.800917252898216
leaf_count=1085 318 130
internal_value=0.00193778 0.00350179
internal_weight=488.632 398.098
internal_count=1533 1215
is_linear=0
shrinkage=0.0234779


Tree=79
num_leaves=4
num_cat=0
split_feature=10 10 10
split_gain=4.36576 8.04917 4.40474
threshold=2.9480560705878083 1.309150098619821 1.2149215584515309
decision_type=2 2 2
left_child=1 2 -1
right_child=-2 -3 -4
leaf_value=0.0036982144715995606 -0.028853650783908988 0.052021123825529828 -0.011990942653663619
leaf_weight=359.89988815784454 14.449222952127455 9.9963306933641416 66.587988525629044
leaf_count=1221 53 31 228
internal_value=0.00140825 0.00241352 0.00124619
internal_weight=450.933 436.484 426.488
internal_count=1533 1480 1449
is_linear=0
shrinkage=0.0560588


Tree=80
num_leaves=9
num_cat=0
split_feature=2 2 2 17 17 3 3 17
split_gain=6.38623 16.8905 15.5426 7.22397 11.7072 6.12352 4.46193 4.45687
threshold=0.25113679234470332 0.33213249292539976 1.472113642368482 -0.074905646800934991 0.068997147222877933 -0.28507757123584715 1.4224291155898128 -0.2530316306812086
decision_type=2 2 2 2 2 2 2 2
left_child=3 -2 -3 7 5 -5 -6 -1
right_child=1 2 -4 4 6 -7 -8 -9
leaf_value=0.0047121230371651567 -0.005265270892023245 0.012049344633539886 -0.00071636002335655918 -0.012427572870377409 0.0030720395921185512 -0.0011928324906131421 0.017501709951358677 0.014262281879208256
leaf_weight=117.67418231070042 101.40382049232721 37.005877390503883 67.347752347588539 19.592388674616814 85.14910726994276 32.072066262364388 5.6952794492244712 13.662489131093023
leaf_count=345 360 120 212 72 265 102 14 43
internal_value=0.00144505 -0.000662079 0.0038083 0.00302916 0.000558602 -0.00545616 0.00398183 0.00570837
internal_weight=479.603 205.757 104.354 273.846 142.509 51.6645 90.8444 131.337
internal_count=1533 692 332 841 453 174 279 388
is_linear=0
shrinkage=0.0158372


Tree=81
num_leaves=6
num_cat=0
split_feature=6 18 18 6 9
split_gain=11.4374 12.453 8.72456 6.20531 4.82966
threshold=1.1081371963059292 2.0526260135183807 0.78363026246689382 1.0000000180025095e-35 -0.52639498484917358
decision_type=2 2 2 2 2
left_child=1 2 3 -1 -3
right_child=-2 4 -4 -5 -6
leaf_value=0.00053925114053214628 -0.005419893164435011 -0.018531416299185279 0.011253840467197686 0.0083858152319495217 -0.0046037656433934732
leaf_weight=303.46228121221066 90.775840446352959 9.4878041297197324 25.392908379435539 30.007736772298813 23.351492181420326
leaf_count=926 318 37 77 100 75
internal_value=-0.000153166 0.00106703 0.00195598 0.00124662 -0.00863186
internal_weight=482.478 391.702 358.863 333.47 32.8393
internal_count=1533 1215 1103 1026 112
is_linear=0
shrinkage=0.0164706


Tree=82
num_leaves=11
num_cat=0
split_feature=9 9 7 7 7 4 3 3 8 3
split_gain=6.87135 8.71461 8.10444 18.6036 18.1189 7.78676 7.44202 7.05662 7.01241 5.65752
threshold=-0.33603232399438682 -0.13111940759880697 0.24925121690930521 0.15927761984010497 -0.72560000752627662 1.7272164154757195 0.20551963579183244 1.0332391105599126 1.2796173318713386 0.095466499557789394
decision_type=2 2 2 2 2 2 2 2 2 2
left_child=2 -2 3 4 5 -1 9 -8 -4 -3
right_child=1 6 8 -5 -6 -7 7 -9 -10 -11
leaf_value=-0.0037992331223090335 0.019552598934576278 0.003048376112981809 0.0024962878240263266 -0.01108335185765478 0.013932423040098311 0.013465118388234741 0.017212871993217443 0.0045512411523007988 0.018948548865539577 -0.0041358761255484719
leaf_weight=84.923956826329231 9.8586229532957059 120.63966747373343 64.410390719771385 51.026285976171494 26.23446436226368 8.4452389031648618 17.74311451613903 48.756948433816433 8.6512751281261426 44.259777799248695
leaf_count=284 40 371 199 193 76 21 50 138 21 140
internal_value=0.00169684 0.00375424 -0.00033899 -0.00239222 0.00131414 -0.00223015 0.00307856 0.007934 0.00445109 0.00111836
internal_weight=484.95 241.258 243.692 170.63 119.604 93.3692 231.4 66.5001 73.0617 164.899
internal_count=1533 739 794 574 381 305 699 188 220 511
is_linear=0
shrinkage=0.0171987


Tree=83
num_leaves=8
num_cat=0
split_feature=12 7 7 12 12 7 7
split_gain=6.26225 8.90154 12.0377 6.89947 15.81 6.83768 8.91634
threshold=0.17801059672451677 0.15927761984010497 -0.45861794349918089 0.26219677601548752 1.1757611839043363 0.24925121690930521 0.59400985988474508
decision_type=2 2 2 2 2 2 2
left_child=1 2 -1 -2 -5 -3 -7
right_child=3 5 -4 4 -6 6 -8
leaf_value=0.0036820538525844308 -0.0064825937934498831 -0.0078635018618406338 0.019218036448270352 0.016999861832380381 -0.0037269692383207521 0.029608827828539758 0.0011132002091194546
leaf_weight=106.89198425412178 95.972437277436256 49.903777256608009 41.642309166491032 31.865671642124653 71.950752235949039 7.2134456783533087 72.461387470364571
leaf_count=324 324 166 139 97 232 24 227
internal_value=0.00156548 0.00394424 0.00804056 -0.00174394 0.00263252 -0.000747972 0.00370363
internal_weight=477.902 278.113 148.534 199.789 103.816 129.579 79.6748
internal_count=1533 880 463 653 329 417 251
is_linear=0
shrinkage=0.0245159


Tree=84
num_leaves=2
num_cat=0
split_feature=12
split_gain=4.33958
threshold=0.17801059672451677
decision_type=2
left_child=-1
right_child=-2
leaf_value=0.005457285745272625 -0.0043583908528963891
leaf_weight=261.17408522963524 191.77070603519678
leaf_count=880 653
internal_value=0.00129979
internal_weight=452.945
internal_count=1533
is_linear=0
shrinkage=0.0495583


Tree=85
num_leaves=4
num_cat=0
split_feature=18 18 9
split_gain=4.94446 8.42837 5.14916
threshold=2.0526260135183807 0.78363026246689382 2.683521232249904
decision_type=2 2 2
left_child=1 2 -1
right_child=-2 -3 -4
leaf_value=0.00084950586949352576 -0.0084395457565304716 0.019848399859458438 0.026002157863905032
leaf_weight=388.80616991221905 43.511571258306503 24.634614460170269 7.7880234420299521
leaf_count=1280 154 80 19
internal_value=0.00141105 0.00243016 0.00134612
internal_weight=464.74 421.229 396.594
internal_count=1533 1379 1299
is_linear=0
shrinkage=0.0307184


Tree=86
num_leaves=2
num_cat=0
split_feature=6
split_gain=4.41759
threshold=1.1081371963059292
decision_type=2
left_child=-1
right_child=-2
leaf_value=0.0028397370583333201 -0.0075159826903873688
leaf_weight=367.38783913105726 85.52770122140646
leaf_count=1215 318
internal_value=0.000882521
internal_weight=452.916
internal_count=1533
is_linear=0
shrinkage=0.0410516


Tree=87
num_leaves=8
num_cat=0
split_feature=12 7 7 7 7 12 12
split_gain=9.9667 8.59833 11.1932 6.61136 8.0395 6.09304 14.9453
threshold=0.17801059672451677 0.15927761984010497 -0.45861794349918089 0.24925121690930521 0.59400985988474508 0.26219677601548752 1.1757611839043363
decision_type=2 2 2 2 2 2 2
left_child=1 2 -1 -3 -5 -2 -7
right_child=5 3 -4 4 -6 6 -8
leaf_value=0.0041769898745799413 -0.0062703305767383031 -0.0063072052516293161 0.017803608911605772 0.027149907711976364 0.0019363448741139383 0.014696553011967057 -0.0040070473793330178
leaf_weight=106.7940304428339 95.661495491862297 49.311157613992691 42.287581488490105 6.9131934046745291 73.22283561527729 30.622107729315758 71.486185282468796
leaf_count=324 324 166 139 24 227 97 232
internal_value=0.00164208 0.00437485 0.00804484 0.000146311 0.00412096 -0.00220483 0.00159989
internal_weight=476.299 278.529 149.082 129.447 80.136 197.77 102.108
internal_count=1533 880 463 417 251 653 329
is_linear=0
shrinkage=0.0224181


Tree=88
num_leaves=10
num_cat=0
split_feature=2 2 2 2 5 5 5 13 5
split_gain=6.17533 13.9345 15.0421 7.23864 8.35117 7.32312 8.38027 7.32147 6.39089
threshold=0.25113679234470332 0.33213249292539976 1.472113642368482 -0.41307512204888314 -0.07511957389031014 0.11431538687311564 0.96338332630223633 1.7403139718074787 1.0638297011940541
decision_type=2 2 2 2 2 2 2 2 2
left_child=3 -2 -3 4 -1 -6 -7 -5 -8
right_child=1 2 -4 7 5 6 8 -9 -10
leaf_value=0.0064631094112858325 -0.0078432457133831828 0.016545785047976897 -0.0021614984405725827 0.013802621171425271 -0.0097750762393331494 0.018952260994743286 -0.010233940074789014 -0.011306823749541412 0.0057527953165108642
leaf_weight=100.27661710977554 101.93621260672808 35.255298532545567 67.164873316884041 51.767028421163559 46.706317707896233 12.923103645443915 25.557936936616898 7.0452207624912253 28.346258297562599
leaf_count=300 360 120 212 154 156 41 84 23 83
internal_value=0.00128094 -0.00176792 0.00427467 0.00356766 0.00158268 -0.00272548 0.00219561 0.0107769 -0.00181931
internal_weight=476.979 204.356 102.42 272.622 213.81 113.534 66.8273 58.8122 53.9042
internal_count=1533 692 332 841 664 364 208 177 167
is_linear=0
shrinkage=0.0232104


Tree=89
num_leaves=9
num_cat=0
split_feature=12 7 7 12 12 7 7 8
split_gain=12.7096 12.0419 14.2895 9.54134 22.3313 9.53196 8.73168 4.52001
threshold=0.17801059672451677 0.15927761984010497 -0.45861794349918089 0.26219677601548752 1.1757611839043363 0.24925121690930521 0.59400985988474508 0.98727373093371651
decision_type=2 2 2 2 2 2 2 2
left_child=1 2 -1 7 -5 -3 -7 -2
right_child=3 5 -4 4 -6 6 -8 -9
leaf_value=0.0029726578200348699 -0.0076295836701035201 -0.010153934611238031 0.018953822900548638 0.016535038621504204 -0.0069970352356221524 0.027862863785191566 0.00046258424586723368 -0.020983106757706857
leaf_weight=106.84277991205454 80.755300760269165 50.290690645575523 43.008485376834869 31.948761865496635 71.478048644959927 6.9334205389022818 72.944332957267761 16.791837185621262
leaf_count=324 263 166 139 97 232 24 227 61
internal_value=-0.000186994 0.0030365 0.00756205 -0.00467987 0.000269891 -0.00216998 0.00285171 -0.00993256
internal_weight=480.994 280.02 149.851 200.974 103.427 130.168 79.8778 97.5471
internal_count=1533 880 463 653 329 417 251 324
is_linear=0
shrinkage=0.023415


Tree=90
num_leaves=7
num_cat=0
split_feature=17 15 17 17 17 13
split_gain=4.91659 6.19447 11.536 5.92677 8.12185 4.94944
threshold=-0.074905646800934991 -0.06435009324458639 -0.53879681174552219 1.0000000180025095e-35 0.40643718090243475 0.89766112469287884
decision_type=2 2 2 2 2 2
left_child=1 -1 -3 -2 -5 -6
right_child=3 2 -4 4 5 -7
leaf_value=0.0073734299248923675 -0.0042493110751466653 -0.0031486072218987571 0.015049023473599842 0.017333141069205905 0.0017685567459908584 -0.012282678322560459
leaf_weight=102.23034986108541 110.09387910366058 84.012425005435944 18.396198205649853 13.757252320647238 128.67847948521376 11.840889468789099
leaf_count=319 375 271 61 52 413 42
internal_value=0.00132037 0.0037453 0.000121107 -0.000555575 0.00207822 0.000580633
internal_weight=469.009 204.639 102.409 264.371 154.277 140.519
internal_count=1533 651 332 882 507 455
is_linear=0
shrinkage=0.0208384


Tree=91
num_leaves=5
num_cat=0
split_feature=6 2 2 3
split_gain=9.96248 5.98575 6.78036 5.65436
threshold=1.1081371963059292 2.2405885853738421 1.5147477327178238 1.1599846638261024
decision_type=2 2 2 2
left_child=1 2 -1 -2
right_child=3 -3 -4 -5
leaf_value=0.0034220758094059183 -0.0064170209394797837 -0.012231745377329496 0.020998857995627385 0.012551894517354481
leaf_weight=368.37208618223667 80.766327261924744 11.243393227457998 10.766356110572813 8.2383635342121107
leaf_count=1145 296 39 31 22
internal_value=0.00194972 0.003456 0.00392321 -0.0046519
internal_weight=479.387 390.382 379.138 89.0047
internal_count=1533 1215 1176 318
is_linear=0
shrinkage=0.0218774


Tree=92
num_leaves=4
num_cat=0
split_feature=14 14 14
split_gain=4.41466 9.48821 5.98938
threshold=-0.60060963227250008 0.25543740237401924 0.32927048751551774
decision_type=2 2 2
left_child=-1 -2 -3
right_child=1 2 -4
leaf_value=-0.0042524406677357848 0.029872021034298535 -0.0085773711086707984 0.010700154679550719
leaf_weight=215.09274940937757 43.966062545776367 94.569675758481026 102.93023386597633
leaf_count=741 160 303 329
internal_value=0.00150804 0.00664276 0.00146589
internal_weight=456.559 241.466 197.5
internal_count=1533 792 632
is_linear=0
shrinkage=0.0553178


Tree=93
num_leaves=8
num_cat=0
split_feature=12 8 8 12 12 8 8
split_gain=6.41425 8.76543 8.23132 5.18605 14.0235 4.46898 9.64023
threshold=0.17801059672451677 0.095755636731179136 0.98727373093371651 0.26219677601548752 1.1757611839043363 0.030871546344070588 -0.48671781063857461
decision_type=2 2 2 2 2 2 2
left_child=1 5 -3 -2 -5 6 -1
right_child=3 2 -4 4 -6 -7 -8
leaf_value=-0.00063109513328778036 -0.0041905165353203306 0.015050572560369159 0.0038021087226736759 0.011192978794299811 -0.0027914992859354431 -0.0037820647953954603 0.010037878695856343
leaf_weight=92.435448855161667 94.817995898425579 26.853654362261295 67.522157654166222 30.229109391570091 70.379461400210857 50.762751743197441 34.218062654137611
leaf_count=303 324 99 207 97 232 163 108
internal_value=0.00106706 0.00277468 0.0070055 -0.00130647 0.00140855 0.000522644 0.00225002
internal_weight=467.219 271.792 94.3758 195.427 100.609 177.416 126.654
internal_count=1533 880 306 653 329 574 411
is_linear=0
shrinkage=0.0171858


Tree=94
num_leaves=3
num_cat=0
split_feature=6 6
split_gain=6.66672 4.77573
threshold=1.1081371963059292 1.0000000180025095e-35
decision_type=2 2
left_child=1 -1
right_child=-2 -3
leaf_value=0.0013899015396224334 -0.0030680562206931261 0.0075714230272522047
leaf_weight=348.56520858407021 87.926853805780411 38.363106191158295
leaf_count=1085 318 130
internal_value=0.00106389 0.00200368
internal_weight=474.855 386.928
internal_count=1533 1215
is_linear=0
shrinkage=0.0166327


Tree=95
num_leaves=2
num_cat=0
split_feature=13
split_gain=4.36616
threshold=3.1572774544069389
decision_type=2
left_child=-1
right_child=-2
leaf_value=0.002123329155202565 -0.040860398483585601
leaf_weight=444.4231143668294 7.6889386028051367
leaf_count=1505 28
internal_value=0.00138827
internal_weight=452.112
internal_count=1533
is_linear=0
shrinkage=0.0567324


Tree=96
num_leaves=12
num_cat=0
split_feature=2 2 2 2 9 9 15 15 19 15 19
split_gain=9.73829 24.8979 23.5845 10.4628 7.87796 6.45202 6.13516 6.18043 5.9278 5.90836 4.97415
threshold=0.25113679234470332 0.33213249292539976 1.472113642368482 -0.41307512204888314 -1.0634559918575055 2.0512152454023642 -0.10153288604839845 0.075026587581508916 0.39939863201628922 0.75997517750738852 0.66532840644248903
decision_type=2 2 2 2 2 2 2 2 2 2 2
left_child=3 5 -3 4 -1 -2 -6 -8 -4 -9 -10
right_child=1 2 8 -5 6 -7 7 9 10 -11 -12
leaf_value=-0.0053057393082964451 -0.0088523884776232475 0.013207425394273104 0.00071390888944821926 0.0083174547327340836 0.0058722571638285936 0.0073196635361233277 -0.0052473453691785832 0.012186400973136474 -0.016268020737576459 0.00019207781966762761 -0.00030818892498346188
leaf_weight=44.758395090699196 98.480781003832817 40.213112033903599 47.497343614697456 62.747424423694611 74.749297708272934 6.936896711587905 39.988226667046547 14.143633008003233 12.392426222562792 46.71285817027092 8.8610122650861722
leaf_count=144 343 120 141 177 215 17 124 41 45 140 26
internal_value=0.000473673 -0.00214236 0.00331047 0.0024556 0.000785022 -0.00778147 0.00233932 -0.000276877 -0.00247452 0.00298482 -0.00961347
internal_weight=497.481 214.382 108.964 283.1 220.352 105.418 175.594 100.845 68.7508 60.8565 21.2534
internal_count=1533 692 332 841 664 360 520 305 212 181 71
is_linear=0
shrinkage=0.0162767


Tree=97
num_leaves=6
num_cat=0
split_feature=12 6 12 12 6
split_gain=6.23367 9.88322 5.10139 13.5379 4.80985
threshold=0.17801059672451677 2.6334570907901278 0.26219677601548752 1.1757611839043363 1.5026485477976481
decision_type=2 2 2 2 2
left_child=1 4 -2 -4 -1
right_child=2 -3 3 -5 -6
leaf_value=0.0032823824239451363 -0.0047707693138723476 -0.019664432940148076 0.012734678283893665 -0.0031005926979996083 0.018853269405279514
leaf_weight=257.30698536336422 95.075165659189224 7.1717016994953147 29.939808465540409 70.727657996118069 7.9414997100830069
leaf_count=830 324 31 97 232 19
internal_value=0.00119884 0.00313124 -0.00148897 0.00160703 0.00375097
internal_weight=468.163 272.42 195.743 100.667 265.248
internal_count=1533 880 653 329 849
is_linear=0
shrinkage=0.0197544


Tree=98
num_leaves=8
num_cat=0
split_feature=18 18 12 9 9 9 9
split_gain=5.97882 8.41277 7.13743 5.66057 5.56956 4.62459 5.92038
threshold=2.0526260135183807 0.78363026246689382 2.1571760052470088 -0.33603232399438682 -0.13111940759880697 -0.392864883803548 -1.0634559918575055
decision_type=2 2 2 2 2 2 2
left_child=1 2 3 5 -5 6 -1
right_child=-2 -3 -4 4 -6 -7 -8
leaf_value=-0.00088240500947112848 -0.006699868813481195 0.015260971283640635 -0.011267449792919151 0.025657819258429637 0.0042342715069982832 -0.0050754083257666055 0.0113624959032357
leaf_weight=79.23599511384964 43.794911235570908 25.153240442276001 22.248706594109535 6.6969321668148032 186.82689517736435 75.864772111177444 28.827653616666794
leaf_count=263 154 80 73 32 581 259 91
internal_value=0.00144096 0.00228136 0.00146299 0.00221501 0.00497985 -0.000692114 0.00238162
internal_weight=468.649 424.854 399.701 377.452 193.524 183.928 108.064
internal_count=1533 1379 1299 1226 613 613 354
is_linear=0
shrinkage=0.0231595


Tree=99
num_leaves=8
num_cat=0
split_feature=6 18 17 17 2 2 18
split_gain=9.41048 11.6633 6.20328 7.00897 5.2502 5.06614 4.37777
threshold=1.1081371963059292 2.0526260135183807 1.9173276367876666 1.0570333136344032 0.25113679234470332 -0.076265808289082762 0.78363026246689382
decision_type=2 2 2 2 2 2 2
left_child=1 2 3 6 -2 -3 -1
right_child=4 5 -4 -5 -6 -7 -8
leaf_value=0.0038999660290100812 7.7624803455093107e-05 -0.00019281688794980703 -0.0069132945414664016 0.018602745926404249 -0.011296123188988944 -0.018502390890739337 0.014617149848713018
leaf_weight=295.79391121119261 50.243551701307297 15.558202758431433 23.122735604643822 20.628685683012009 38.613028630614281 17.088416799902916 22.062860727310181
leaf_count=901 160 47 74 58 158 65 70
internal_value=0.00196325 0.00350215 0.0047028 0.00549827 -0.0048595 -0.00977536 0.00464577
internal_weight=483.111 394.255 361.608 338.485 88.8566 32.6466 317.857
internal_count=1533 1215 1103 1029 318 112 971
is_linear=0
shrinkage=0.0232199


Tree=100
num_leaves=8
num_cat=0
split_feature=9 9 9 9 2 2 2
split_gain=6.28121 9.76951 8.39324 8.74721 7.47669 7.01843 5.30704
threshold=-0.33603232399438682 1.0000000180025095e-35 -0.392864883803548 -1.0634559918575055 0.25113679234470332 0.33213249292539976 1.472113642368482
decision_type=2 2 2 2 2 2 2
left_child=2 -2 3 5 -4 -1 -7
right_child=1 -3 4 -5 -6 6 -8
leaf_value=-0.0026098005500722146 0.015111995247653259 0.0026078401618237733 0.00080985898986733491 0.0084327748560563409 -0.0080114454048275108 0.016322652325612926 0.0017862239591280664
leaf_weight=78.521142765879631 16.944005131721497 225.29370485246181 46.779008463025093 41.615826144814491 50.31560842692852 9.4316135942935961 19.262931346893311
leaf_count=259 59 680 141 121 189 26 58
internal_value=0.00166742 0.00348442 -0.000121383 0.00224944 -0.00375803 -0.000148829 0.00657132
internal_weight=488.164 242.238 245.926 148.832 97.0946 107.216 28.6945
internal_count=1533 739 794 464 330 343 84
is_linear=0
shrinkage=0.0158991


Tree=101
num_leaves=10
num_cat=0
split_feature=10 17 17 17 17 17 8 8 8
split_gain=7.95262 7.35211 11.0365 8.50766 5.82267 10.7919 5.27905 20.653 4.93144
threshold=1.2149215584515309 -0.074905646800934991 1.0000000180025095e-35 0.89662177220015649 1.0570333136344032 1.9173276367876666 0.095755636731179136 0.030871546344070588 -0.19048131487327064
decision_type=2 2 2 2 2 2 2 2 2
left_child=1 6 -3 -4 -5 -6 7 8 -1
right_child=-2 2 3 4 5 -7 -8 -9 -10
leaf_value=0.0047428316466491607 -0.003456203848829728 -0.0053531316183319045 0.011046140660818016 -0.0043712475938603801 0.016494576921506715 -0.0029433870296272486 0.010702145394079028 -0.013385357855492566 0.014767669681059453
leaf_weight=70.763021886348724 95.438166499137878 80.634119898080826 44.125079080462456 47.44503128528595 19.868450596928596 25.569939792156219 59.562678560614586 22.987309679389 26.5013033375144
leaf_count=208 312 266 137 149 55 79 175 79 73
internal_value=0.001678 0.00291182 0.000460855 0.00388468 0.000479338 0.00554835 0.00587689 0.00348454 0.00747744
internal_weight=492.895 397.457 217.643 137.009 92.8834 45.4384 179.814 120.252 97.2643
internal_count=1533 1221 686 420 283 134 535 360 281
is_linear=0
shrinkage=0.0198174


Tree=102
num_leaves=12
num_cat=0
split_feature=12 4 6 12 12 9 4 4 4 18 9
split_gain=9.18991 11.2065 9.23805 8.33216 16.1776 8.28004 6.81789 9.97483 6.24305 4.94141 4.73843
threshold=0.17801059672451677 1.9841814109541247 2.6334570907901278 0.26219677601548752 1.1757611839043363 -0.81680815613516233 1.5343718797093644 0.44411965218403082 0.34117012405629238 0.90674379438756814 -0.17540030339815002
decision_type=2 2 2 2 2 2 2 2 2 2 2
left_child=2 3 6 5 -5 -2 7 8 -1 -8 -6
right_child=1 -3 -4 4 10 -7 9 -9 -10 -11 -12
leaf_value=0.0058037510452506463 -0.018202522937334171 0.018715097941621222 -0.016666190118181549 0.012480186214484261 -0.0079095260938692197 -0.0037687011909384575 -0.00056742479018224209 0.018025178969574635 -0.0018945281489253147 -0.020501128255079999 0.0017989175266745257
leaf_weight=181.22323067486286 16.749904289841652 9.0488172620534879 7.3626799136400214 30.930176220834255 39.142309069633484 74.317603722214699 27.323493912816048 19.683167532086372 45.235197350382805 5.0379316061735144 30.891062334179878
leaf_count=536 69 21 31 94 135 243 86 65 141 21 91
internal_value=0.00163245 -0.00140576 0.00377058 -0.00235824 0.00130959 -0.00642777 0.00431389 0.00536704 0.0042644 -0.00368191 -0.00362119
internal_weight=486.946 201.08 285.866 192.031 100.964 91.0675 278.503 246.142 226.458 32.3614 70.0334
internal_count=1533 653 880 632 320 312 849 742 677 107 226
is_linear=0
shrinkage=0.0185567


Tree=103
num_leaves=5
num_cat=0
split_feature=6 14 14 14
split_gain=10.8915 8.14425 10.9559 7.94264
threshold=1.1081371963059292 -0.60060963227250008 0.25543740237401924 0.32927048751551774
decision_type=2 2 2 2
left_child=1 -1 -3 -4
right_child=-2 2 3 -5
leaf_value=0.00038459940961505998 -0.0037476123770038131 0.012937706257468672 -0.0011495072392853395 0.0067732005102991147
leaf_weight=183.66150534898043 90.101075112819672 49.646961823105812 72.33688035607338 93.55998595058918
leaf_count=580 318 149 214 272
internal_value=0.00189205 0.00316588 0.00553475 0.00331724
internal_weight=489.306 399.205 215.544 165.897
internal_count=1533 1215 635 486
is_linear=0
shrinkage=0.0179678


Tree=104
num_leaves=7
num_cat=0
split_feature=2 2 2 10 17 17
split_gain=6.86786 16.1814 15.287 9.28922 7.60154 10.277
threshold=0.25113679234470332 0.33213249292539976 1.472113642368482 1.2149215584515309 -0.074905646800934991 1.0000000180025095e-35
decision_type=2 2 2 2 2 2
left_child=3 -2 -3 4 -1 -6
right_child=1 2 -4 -5 5 -7
leaf_value=0.010316367317909799 -0.0075634765703090669 0.016819592251754972 -0.0012879881550508273 -0.0051511396507794242 -0.0078004646581013234 0.0065886507819349219
leaf_weight=112.51799115538597 101.78644178807735 36.704336673021317 67.258078753948212 44.448951780796051 36.70508536696434 81.25518874078989
leaf_count=326 360 120 212 150 119 246
internal_value=0.00195717 -0.00116197 0.00510167 0.00429273 0.00611659 0.00210814
internal_weight=480.676 205.749 103.962 274.927 230.478 117.96
internal_count=1533 692 332 841 691 365
is_linear=0
shrinkage=0.022586


Tree=105
num_leaves=9
num_cat=0
split_feature=10 10 10 9 2 2 2 15
split_gain=6.30372 10.0807 8.4478 10.1884 8.512 17.7942 10.9712 8.3553
threshold=2.9480560705878083 1.309150098619821 1.2149215584515309 -0.392864883803548 0.25113679234470332 0.33213249292539976 1.472113642368482 -0.06435009324458639
decision_type=2 2 2 2 2 2 2 2
left_child=1 2 4 -4 -1 -6 -7 -2
right_child=7 -3 3 -5 5 6 -8 -9
leaf_value=0.0056973516561998451 0.0035260095311066379 0.022810880510870251 -0.022251238181848727 -0.0010760328304313463 -0.0096434090919907817 0.016051618091600668 -0.00047188313808152444 -0.030240726612166952
leaf_weight=230.75788006186485 7.6771185249090195 11.733692452311514 14.795727849006651 53.065243005752563 69.583124279975891 32.509191825985909 55.213267654180527 7.1746445298194867
leaf_count=691 23 31 58 170 250 108 172 30
internal_value=0.00172114 0.00218181 0.00164906 -0.00569919 0.00293527 -0.00111402 0.00564723 -0.0127387
internal_weight=482.51 467.658 455.924 67.861 388.063 157.306 87.7225 14.8518
internal_count=1533 1480 1449 228 1221 530 280 53
is_linear=0
shrinkage=0.0225879


Tree=106
num_leaves=8
num_cat=0
split_feature=6 6 9 4 9 4 4
split_gain=8.44488 5.62144 5.7449 7.87409 6.44424 4.70352 4.88513
threshold=1.1081371963059292 1.0000000180025095e-35 -0.33603232399438682 1.7272164154757195 -0.039661567762561543 0.28828305599644694 0.068028672939764737
decision_type=2 2 2 2 2 2 2
left_child=1 2 3 5 -4 6 -1
right_child=-2 -3 4 -5 -6 -7 -8
leaf_value=-0.00087449281541726468 -0.0047741126114005383 0.011873390739682622 0.023311432645486983 0.019759364850726321 0.0042211967473274404 -0.0073841124247522039 0.015087013957086948
leaf_weight=88.90047450363636 89.650566920638084 40.034070521593094 10.731110915541647 10.050198316574095 174.34024359285831 59.572139263153076 12.499929904937742
leaf_count=267 318 130 41 25 510 206 36
internal_value=0.00186213 0.00336524 0.00240726 -0.000755972 0.00533216 -0.00204268 0.00109217
internal_weight=485.779 396.128 356.094 171.023 185.071 160.973 101.4
internal_count=1533 1215 1085 534 551 509 303
is_linear=0
shrinkage=0.0239571


Tree=107
num_leaves=6
num_cat=0
split_feature=8 8 8 8 8
split_gain=4.40945 15.8058 7.50439 8.32866 4.62526
threshold=0.095755636731179136 0.98727373093371651 0.030871546344070588 -0.76184081105219548 1.1769412895690745
decision_type=2 2 2 2 2
left_child=2 -2 3 -1 -3
right_child=1 4 -4 -5 -6
leaf_value=-0.0007443265175855042 0.052134659299480003 -0.014036418847584197 -0.016031767443338646 0.030118871666345897 0.013941429564687739
leaf_weight=189.18093527853489 32.199678353965282 48.852393910288811 98.63845194876194 45.073258750140667 49.569523885846138
leaf_count=618 119 162 328 148 158
internal_value=0.00284691 0.0128982 -0.00109467 0.00519145 4.80826e-05
internal_weight=463.514 130.622 332.893 234.254 98.4219
internal_count=1533 439 1094 766 320
is_linear=0
shrinkage=0.0645614


Tree=108
num_leaves=6
num_cat=0
split_feature=6 14 14 14 3
split_gain=10.778 7.70432 7.89957 6.65805 6.30915
threshold=1.1081371963059292 -0.60060963227250008 0.25543740237401924 1.4073046431955987 1.1599846638261024
decision_type=2 2 2 2 2
left_child=1 -1 -3 -4 -2
right_child=4 2 3 -5 -6
leaf_value=0.00065828330316205054 -0.002689711249418518 0.0073087612770155186 0.0015043075088764708 0.0069236158992417446 0.0068073667111436739
leaf_weight=185.46893000602722 81.402071073651314 48.400395303964615 136.77361235022545 30.514470875263214 8.4531115442514402
leaf_count=580 296 149 403 83 22
internal_value=0.0014913 0.00222719 0.00357569 0.00249449 -0.00179166
internal_weight=491.013 401.157 215.688 167.288 89.8552
internal_count=1533 1215 635 486 318
is_linear=0
shrinkage=0.0104932


Tree=109
num_leaves=12
num_cat=0
split_feature=12 12 12 12 9 0 0 0 0 18 9
split_gain=9.11089 12.2437 22.8394 9.47084 5.89233 5.83978 10.7181 6.50015 5.60517 4.72001 4.38695
threshold=0.17801059672451677 0.26219677601548752 1.1757611839043363 -0.34575964419814237 -0.81680815613516233 -0.091116904384945963 0.60900403108297951 -0.13236436709461427 -0.31077321744638514 2.0526260135183807 -0.17540030339815002
decision_type=2 2 2 2 2 2 2 2 2 2 2
left_child=3 4 -3 5 -2 7 -7 8 -1 -8 -4
right_child=1 2 10 -5 -6 6 9 -9 -10 -11 -12
leaf_value=0.00014774937344800188 -0.018534645212918668 0.016460303221125683 -0.0087644342487729222 0.011482584506395808 -0.0053354391522415934 0.019279342193292456 0.0035975325101486378 -0.0075200518825314106 0.015574960146942204 -0.015386860562219676 0.001630572299902144
leaf_weight=86.140065252780914 18.779977276921272 35.310979753732681 41.854698643088341 52.988120079040527 79.345355600118637 20.433797538280487 64.593519032001495 47.261340424418449 12.012729555368422 6.4153233021497718 32.157906413078308
leaf_count=264 72 97 140 163 252 58 187 150 36 22 92
internal_value=0.000958634 -0.00243093 0.00244334 0.00338578 -0.00786538 0.00157266 0.00576829 -0.00106425 0.00204131 0.00187389 -0.00424083
internal_weight=497.294 207.449 109.324 289.845 98.1253 236.857 91.4426 145.414 98.1528 71.0088 74.0126
internal_count=1533 653 329 880 324 717 267 450 300 209 232
is_linear=0
shrinkage=0.0211938


Tree=110
num_leaves=6
num_cat=0
split_feature=4 4 4 4 4
split_gain=4.82389 9.28607 12.9858 7.34283 4.99688
threshold=1.7272164154757195 1.5343718797093644 0.44411965218403082 0.34117012405629238 -0.63252056643271648
decision_type=2 2 2 2 2
left_child=1 2 3 4 -1
right_child=-2 -3 -4 -5 -6
leaf_value=0.0022136525761663021 0.030843424995839606 -0.028613199953338206 0.044986951730337753 -0.013770716362800032 0.024863377898176067
leaf_weight=236.16545976698399 20.549497872591019 35.82053416967392 25.813669577240944 95.947185762226582 41.970698162913322
leaf_count=751 60 136 100 330 156
internal_value=0.00222927 0.000876232 0.00352147 0.000655397 0.00563566
internal_weight=456.267 435.718 399.897 374.083 278.136
internal_count=1533 1473 1337 1237 907
is_linear=0
shrinkage=0.0605028


Tree=111
num_leaves=2
num_cat=0
split_feature=13
split_gain=4.92975
threshold=3.1572774544069389
decision_type=2
left_child=-1
right_child=-2
leaf_value=0.0031871534643733795 -0.05814080507212524
leaf_weight=437.75384333729744 7.6729024946689597
leaf_count=1505 28
internal_value=0.00212526
internal_weight=445.427
internal_count=1533
is_linear=0
shrinkage=0.0760723


Tree=112
num_leaves=9
num_cat=0
split_feature=10 10 15 9 9 13 9 9
split_gain=6.56161 8.60763 7.78389 7.49571 6.90922 5.6199 12.1096 4.35532
threshold=2.9480560705878083 1.309150098619821 -0.06435009324458639 -0.33603232399438682 -0.13111940759880697 0.25610715865347239 -0.392864883803548 -1.0634559918575055
decision_type=2 2 2 2 2 2 2 2
left_child=1 3 -2 5 -5 6 7 -1
right_child=2 -3 -4 4 -6 -7 -8 -9
leaf_value=0.0021253742780864035 0.0019385853476565464 0.017634620784086168 -0.024466112896261039 0.020622180977882681 0.0029362739625196101 -0.0050034514326986797 -0.0064740141901730337 0.01059235256212678
leaf_weight=63.191065475344658 7.6901426762342453 10.867265045642851 7.1769996434450132 7.6272728890180579 216.66586001217365 82.2011958360672 47.758413299918175 30.076582625508308
leaf_count=198 23 31 30 33 669 288 167 94
internal_value=0.00117898 0.00156778 -0.0107708 0.00117616 0.00354038 -0.00119819 0.00101778 0.00485843
internal_weight=473.255 458.388 14.8671 447.52 224.293 223.227 141.026 93.2676
internal_count=1533 1480 53 1449 702 747 459 292
is_linear=0
shrinkage=0.0183113


Tree=113
num_leaves=5
num_cat=0
split_feature=17 17 17 17
split_gain=4.56287 5.81075 4.98049 8.6574
threshold=-0.074905646800934991 -0.19356613322059224 1.0000000180025095e-35 0.40643718090243475
decision_type=2 2 2 2
left_child=1 -1 -2 -4
right_child=2 -3 3 -5
leaf_value=0.002725355129978593 -0.0037647747634496813 0.020189710154532959 0.016582465575204198 0.00025864478516439198
leaf_weight=195.07195489108562 110.45572702586651 7.7332238256931296 13.994471445679663 139.4154858738184
leaf_count=623 375 28 52 455
internal_value=0.00115987 0.00339445 -0.000556575 0.00175132
internal_weight=466.671 202.805 263.866 153.41
internal_count=1533 651 882 507
is_linear=0
shrinkage=0.0198128


Tree=114
num_leaves=6
num_cat=0
split_feature=14 18 2 14 14
split_gain=6.74948 7.26404 6.56815 5.7238 6.88398
threshold=-0.60060963227250008 2.0526260135183807 0.25113679234470332 0.25543740237401924 0.32927048751551774
decision_type=2 2 2 2 2
left_child=-1 3 -3 -2 -5
right_child=1 2 -4 4 -6
leaf_value=-0.0011454984752568311 0.012551864202729891 0.0034726326974371625 -0.021664609123730392 -0.0010213728905668464 0.0074515684908903774
leaf_weight=220.00535787642002 41.890848860144615 10.332382872700693 9.525220260024069 84.500771462917328 100.74408859759569
leaf_count=741 152 31 39 265 305
internal_value=0.00164342 0.00412892 -0.00855387 0.00524069 0.00358497
internal_weight=466.999 246.993 19.8576 227.136 185.245
internal_count=1533 792 70 722 570
is_linear=0
shrinkage=0.0219057


Tree=115
num_leaves=8
num_cat=0
split_feature=6 14 14 2 14 2 13
split_gain=8.5955 7.14449 7.62488 6.89198 6.81027 5.17415 5.04131
threshold=1.1081371963059292 -0.60060963227250008 0.25543740237401924 1.0000000180025095e-35 1.4073046431955987 0.33213249292539976 1.242720838925129
decision_type=2 2 2 2 2 2 2
left_child=1 -1 -3 -2 6 -5 -4
right_child=3 2 4 5 -6 -7 -8
leaf_value=0.00020771822725971589 0.0010503604046318547 0.010706764112567444 0.0026691506244994317 -0.013402554460584772 0.010256886347395348 -0.0013125780524826031 -0.0070034267225588063
leaf_weight=182.44870532304049 49.181635916233063 45.480190239846706 118.73617926239967 22.758316278457642 29.474775969982147 17.054654955863953 16.881215214729309
leaf_count=580 158 149 349 102 83 58 54
internal_value=0.00155719 0.00261163 0.0046935 -0.00309574 0.00303507 -0.00822599 0.00146224
internal_weight=482.016 393.021 210.572 88.9946 165.092 39.813 135.617
internal_count=1533 1215 635 318 486 160 403
is_linear=0
shrinkage=0.0165896


Tree=116
num_leaves=3
num_cat=0
split_feature=14 14
split_gain=4.41551 6.94765
threshold=-0.60060963227250008 -0.043012316744818833
decision_type=2 2
left_child=-1 -2
right_child=1 -3
leaf_value=-0.0053778051378817653 0.083750659571554309 0.0068762272387939086
leaf_weight=213.4280090034008 6.2243370562791815 230.42665287852287
leaf_count=741 27 765
internal_value=0.00213181 0.00890901
internal_weight=450.079 236.651
internal_count=1533 792
is_linear=0
shrinkage=0.0720393


Tree=117
num_leaves=5
num_cat=0
split_feature=9 9 9 9
split_gain=4.83106 8.6022 4.75914 7.13857
threshold=-0.33603232399438682 -0.13111940759880697 -0.392864883803548 -1.0634559918575055
decision_type=2 2 2 2
left_child=2 -2 3 -1
right_child=1 -3 -4 -5
leaf_value=-0.0013105965575178412 0.025504182799707523 0.0028857270529295226 -0.0047483885494136822 0.010140814972819325
leaf_weight=103.06070104241371 8.9740920439362508 223.84817028790712 95.850325621664524 38.500802703201771
leaf_count=343 40 699 330 121
internal_value=0.00143679 0.00376098 -0.000841079 0.00180201
internal_weight=470.234 232.822 237.412 141.562
internal_count=1533 739 794 464
is_linear=0
shrinkage=0.0227074


Tree=118
num_leaves=11
num_cat=0
split_feature=2 2 2 17 17 9 9 3 3 17
split_gain=5.14746 13.7019 15.0756 7.10564 10.3562 9.16815 6.10768 5.4754 4.87278 4.5551
threshold=0.25113679234470332 0.33213249292539976 1.472113642368482 -0.074905646800934991 1.0000000180025095e-35 -0.392864883803548 2.0512152454023642 -0.28507757123584715 1.1599846638261024 -0.2530316306812086
decision_type=2 2 2 2 2 2 2 2 2 2
left_child=3 6 -3 9 5 -5 -2 -7 -6 -1
right_child=1 2 -4 4 8 7 -8 -9 -10 -11
leaf_value=0.0045530620572622992 -0.0068037274576959123 0.012772093599035375 -0.0014283641075033555 -0.023098112691036635 0.0021820857869657238 -0.011023186539266344 0.010284935763967785 0.0021178916066503443 0.016305121453359387 0.015463313835286048
leaf_weight=114.83134827017784 94.494957342743874 35.635211430490017 66.645612955093384 8.5585946887731534 82.553769007325172 16.242937251925468 6.928636208176612 24.879871547222137 8.3302206546068174 13.256822273135183
leaf_count=345 343 120 212 37 264 57 17 73 22 43
internal_value=0.00107769 -0.00103556 0.00351666 0.00268105 -5.46198e-05 -0.00652868 -0.00562929 -0.00307023 0.0034816 0.00568547
internal_weight=472.358 203.704 102.281 268.654 140.565 49.6814 101.424 41.1228 90.884 128.088
internal_count=1533 692 332 841 453 167 360 130 286 388
is_linear=0
shrinkage=0.0176374


Tree=119
num_leaves=6
num_cat=0
split_feature=12 6 18 14 14
split_gain=6.25225 8.38831 4.77529 4.42705 5.62583
threshold=0.17801059672451677 2.6334570907901278 2.0526260135183807 -0.60060963227250008 0.25543740237401924
decision_type=2 2 2 2 2
left_child=1 2 -1 -2 -5
right_child=3 -3 -4 4 -6
leaf_value=0.0054543836696968415 -0.0055911381733913202 -0.022071315478945142 -0.0056748392890535373 0.014616546495707743 -0.00084152411165902118
leaf_weight=238.98531002551317 93.755798995494843 6.9233980178832999 24.088578060269356 15.913308396935461 83.319572202861309
leaf_count=766 333 31 83 51 269
internal_value=0.0014051 0.00374954 0.00443307 -0.00187293 0.0016358
internal_weight=462.986 269.997 263.074 192.989 99.2329
internal_count=1533 880 849 653 320
is_linear=0
shrinkage=0.0238605


Tree=120
num_leaves=2
num_cat=0
split_feature=14
split_gain=5.1452
threshold=0.32927048751551774
decision_type=2
left_child=-1
right_child=-2
leaf_value=0.0001922245673473105 0.0052782920163431226
leaf_weight=360.1152154058218 106.57985156029463
leaf_count=1204 329
internal_value=0.00135452
internal_weight=466.695
internal_count=1533
is_linear=0
shrinkage=0.0203341


Tree=121
num_leaves=9
num_cat=0
split_feature=2 2 2 2 13 15 15 15
split_gain=7.92492 19.2829 18.5863 9.77748 7.65716 5.32268 8.38077 7.59327
threshold=0.25113679234470332 0.33213249292539976 1.472113642368482 -0.41307512204888314 1.7403139718074787 -0.10153288604839845 1.0000000180025095e-35 0.75997517750738852
decision_type=2 2 2 2 2 2 2 2
left_child=3 -2 -3 5 -5 -1 -7 -8
right_child=1 2 -4 4 -6 6 7 -9
leaf_value=0.0027658447990912636 -0.0054362453431278813 0.0095484541061661987 -0.0016494657308061935 0.0079211994782787919 -0.0061307913724983681 -0.0053503610627175079 0.008730901677534892 -0.00080882722634475037
leaf_weight=93.56687131524086 104.35442599654198 37.050603821873665 68.28761750459671 53.198378100991249 7.0663347244262686 49.094657272100449 17.573367685079575 58.222715124487877
leaf_count=278 360 120 212 154 23 156 52 178
internal_value=0.000314882 -0.00155523 0.00228733 0.00172254 0.00626356 0.000468744 -0.00125113 0.00140149
internal_weight=488.415 209.693 105.338 278.722 60.2647 218.458 124.891 75.7961
internal_count=1533 692 332 841 177 664 386 230
is_linear=0
shrinkage=0.0127389


Tree=122
num_leaves=2
num_cat=0
split_feature=12
split_gain=4.36666
threshold=0.17801059672451677
decision_type=2
left_child=-1
right_child=-2
leaf_value=0.0078065282417396483 -0.0060279268409987293
leaf_weight=262.37884213030338 190.68713559955359
leaf_count=880 653
internal_value=0.00198151
internal_weight=453.066
internal_count=1533
is_linear=0
shrinkage=0.069586


Tree=123
num_leaves=6
num_cat=0
split_feature=6 14 14 14 2
split_gain=8.38568 6.20766 7.84972 6.2825 5.0045
threshold=1.1081371963059292 -0.60060963227250008 0.25543740237401924 1.4073046431955987 1.0000000180025095e-35
decision_type=2 2 2 2 2
left_child=1 -1 -3 -4 -2
right_child=4 2 3 -5 -6
leaf_value=0.00014015892341417714 0.00020517973092774527 0.011890175872485488 0.0012659584185689605 0.010939544177289021 -0.008767086926157179
leaf_weight=183.60974583774805 50.084304511547089 44.573872290551662 134.4919253885746 28.86780671775341 39.164834886789322
leaf_count=580 158 149 403 83 160
internal_value=0.00147631 0.0026635 0.00489053 0.00297845 -0.00372779
internal_weight=480.792 391.543 207.934 163.36 89.2491
internal_count=1533 1215 635 486 318
is_linear=0
shrinkage=0.0188234


Tree=124
num_leaves=6
num_cat=0
split_feature=2 2 2 10 14
split_gain=5.96359 13.3763 12.8752 9.01494 5.95256
threshold=0.25113679234470332 0.33213249292539976 1.472113642368482 1.2149215584515309 -0.60060963227250008
decision_type=2 2 2 2 2
left_child=3 -2 -3 4 -1
right_child=1 2 -4 -5 -6
leaf_value=0.00095857935292301415 -0.0045486321006602808 0.010126557871095914 -0.00079435911060010158 -0.0035308488492572436 0.0057006706362761365
leaf_weight=99.693880841135979 102.28197550773621 34.465957872569561 67.468169450759888 44.446592107415199 128.14195262640715
leaf_count=311 360 120 212 150 380
internal_value=0.00104706 -0.000831316 0.00289614 0.00245669 0.0036264
internal_weight=476.499 204.216 101.934 272.282 227.836
internal_count=1533 692 332 841 691
is_linear=0
shrinkage=0.0145488


Tree=125
num_leaves=9
num_cat=0
split_feature=12 7 7 7 7 7 7 9
split_gain=7.4519 8.29809 10.4481 5.98938 8.20988 5.79004 6.87496 5.78866
threshold=0.17801059672451677 0.15927761984010497 -0.45861794349918089 0.24925121690930521 0.59400985988474508 0.31346110548157285 1.254278575018448 -0.81680815613516233
decision_type=2 2 2 2 2 2 2 2
left_child=1 2 -1 -3 -5 7 -7 -2
right_child=5 3 -4 4 -6 6 -8 -9
leaf_value=0.0032831178248758598 -0.011547262550644793 -0.0060896374815687 0.015603454051061999 0.02474989234554139 0.0010036356556496838 0.01830009415646652 -0.00026042238366926726 -0.0017268441144094053
leaf_weight=105.33576987683773 31.841778934001923 49.394610613584518 40.037945203483105 6.668808437883853 71.368790306150913 11.551706820726393 30.423334956169128 122.96670411527157
leaf_count=324 120 166 139 24 227 36 95 402
internal_value=0.00112961 0.00332645 0.00667876 -0.000494971 0.00304184 -0.00191429 0.00484165 -0.00374931
internal_weight=469.589 272.806 145.374 127.432 78.0376 196.784 41.975 154.808
internal_count=1533 880 463 417 251 653 131 522
is_linear=0
shrinkage=0.0205313


Tree=126
num_leaves=10
num_cat=0
split_feature=6 2 2 13 17 2 17 17 2
split_gain=9.15255 6.1823 8.09129 5.96143 9.1098 5.41875 5.29747 5.93184 4.78149
threshold=1.1081371963059292 2.2405885853738421 1.5147477327178238 1.242720838925129 -0.65401024697367516 0.25113679234470332 1.9173276367876666 1.0570333136344032 0.33213249292539976
decision_type=2 2 2 2 2 2 2 2 2
left_child=1 2 3 6 -5 -2 7 -1 -7
right_child=5 -3 -4 4 -6 8 -8 -9 -10
leaf_value=0.0028216890970927215 0.0001859778474051649 -0.0082215166677050717 0.014370029567713896 0.0036277546262310487 -0.0091322413587142728 -0.011428192220284534 -0.0037751874167349015 0.011438061643064181 -0.0013165139089273
leaf_weight=285.12772569805384 51.198222190141678 11.425633803009985 11.479181021451948 23.254402428865433 22.972190096974373 21.709344804286957 23.391348600387573 17.537370577454567 17.516625374555588
leaf_count=873 160 39 31 66 79 100 75 52 58
internal_value=0.00123707 0.00218244 0.0024935 0.00212592 -0.00270586 -0.00289131 0.0028119 0.00332226 -0.00691525
internal_weight=485.612 395.188 383.762 372.283 46.2266 90.4242 326.056 302.665 39.226
internal_count=1533 1215 1176 1145 145 318 1000 925 158
is_linear=0
shrinkage=0.014392


Tree=127
num_leaves=10
num_cat=0
split_feature=18 18 13 5 5 5 12 12 5
split_gain=6.19291 9.04037 6.57153 10.7396 16.8191 10.9218 8.77862 6.82066 7.36551
threshold=2.0526260135183807 0.78363026246689382 0.25610715865347239 1.0000000180025095e-35 0.11431538687311564 0.96338332630223633 -0.60615175164226287 1.0000000180025095e-35 1.8725592483338889
decision_type=2 2 2 2 2 2 2 2 2
left_child=1 2 3 -1 6 -6 -5 -4 -9
right_child=-2 -3 7 4 5 -7 -8 8 -10
leaf_value=0.0085729916641631675 -0.0062877650704315476 0.015342029788978858 0.0025131363724119724 -0.021745830521387441 0.017525651655325946 -8.9538056749864474e-05 -0.0013753802966073967 -0.0091355537187838114 0.015088067338072483
leaf_weight=125.75180034339428 44.356466963887215 25.904585652053356 82.372636422514915 22.557919695973396 25.074226595461369 59.793098643422127 20.136245504021645 67.145600840449333 6.9114097356796256
leaf_count=378 154 80 251 84 79 186 70 233 18
internal_value=0.00168968 0.00250309 0.00168989 0.00392218 -0.000659671 0.00511156 -0.0121388 -0.00192276 -0.00686226
internal_weight=480.004 435.648 409.743 253.313 127.561 84.8673 42.6942 156.43 74.057
internal_count=1533 1379 1299 797 419 265 154 502 251
is_linear=0
shrinkage=0.0224291


Tree=128
num_leaves=5
num_cat=0
split_feature=6 14 14 14
split_gain=7.40972 6.60819 8.01339 6.68693
threshold=1.1081371963059292 -0.60060963227250008 0.25543740237401924 0.32927048751551774
decision_type=2 2 2 2
left_child=1 -1 -3 -4
right_child=-2 2 3 -5
leaf_value=-0.00034047775894884068 -0.0044195853686333489 0.014153715804781452 -0.0018619572370178054 0.0073764049263719883
leaf_weight=180.49512108415365 89.124634556472301 44.204800300300121 72.441818803548813 90.524548761546612
leaf_count=580 318 149 214 272
internal_value=0.00147336 0.0028293 0.00559274 0.00326795
internal_weight=476.791 387.666 207.171 162.966
internal_count=1533 1215 635 486
is_linear=0
shrinkage=0.0226775


Tree=129
num_leaves=2
num_cat=0
split_feature=6
split_gain=4.47864
threshold=1.1081371963059292
decision_type=2
left_child=-1
right_child=-2
leaf_value=0.0074577557991737098 -0.016082580695253874
leaf_weight=371.03729235380888 86.226984471082687
leaf_count=1215 318
internal_value=0.00301497
internal_weight=457.264
internal_count=1533
is_linear=0
shrinkage=0.0930758


Tree=130
num_leaves=9
num_cat=0
split_feature=12 7 7 7 7 12 12 9
split_gain=5.96055 8.34572 11.4605 6.74204 8.3193 6.18776 14.3821 5.5981
threshold=0.17801059672451677 0.15927761984010497 -0.45861794349918089 0.24925121690930521 0.59400985988474508 0.26219677601548752 1.1757611839043363 -0.81680815613516233
decision_type=2 2 2 2 2 2 2 2
left_child=1 2 -1 -3 -5 7 -7 -2
right_child=5 3 -4 4 -6 6 -8 -9
leaf_value=0.0030222535326677874 -0.016404736858990455 -0.0069780826378828308 0.016420955632775482 0.025685346081624115 0.00097278140212129127 0.014274262749430692 -0.0032702501101684145 -0.003095272161548888
leaf_weight=107.55524823814631 17.962013073265553 49.735728949308395 40.608705446124077 6.8344545364379874 73.173997364938259 30.796544045209885 71.756321765482426 77.524213299155235
leaf_count=324 72 166 139 24 227 97 232 252
internal_value=0.00118163 0.00321214 0.00669714 -0.000764712 0.00309328 -0.00166609 0.00199615 -0.00560333
internal_weight=475.947 277.908 148.164 129.744 80.0085 198.039 102.553 95.4862
internal_count=1533 880 463 417 251 653 329 324
is_linear=0
shrinkage=0.0214919


Tree=131
num_leaves=13
num_cat=0
split_feature=13 13 8 10 8 14 16 9 9 8 8 8
split_gain=8.597 14.1231 7.51111 7.3756 7.25822 10.327 6.87311 9.6312 9.1945 5.28351 5.26792 23.4493
threshold=0.25610715865347239 -0.50554564972274063 0.095755636731179136 2.9480560705878083 0.030871546344070588 0.32927048751551774 0.68080227263043624 0.29760393556007586 1.0000000180025095e-35 0.095755636731179136 0.095755636731179136 0.98727373093371651
decision_type=2 2 2 2 2 2 2 2 2 2 2 2
left_child=1 3 6 4 -1 10 7 -2 -8 -7 -6 -12
right_child=2 -3 -4 -5 5 9 8 -9 -10 -11 11 -13
leaf_value=0.0048131646203343125 -0.0055969587455752673 0.010373061379928739 0.0042987786415474806 -0.013534005320460656 -0.0070043522921844365 0.00045179279525386516 -0.003485456021748534 0.0030242765301296375 -0.027493685571690442 0.014490484788322603 0.015488135193876281 -0.0057878461391701434
leaf_weight=118.63980846107006 67.188230067491531 53.004593826830387 46.488794922828674 7.4181954264640799 40.845572367310524 11.560736894607546 10.400062635540964 57.373302713036537 5.9879580140113822 14.32931239902973 17.14465020596981 44.225851163268089
leaf_count=348 231 154 140 28 142 33 36 161 25 38 49 148
internal_value=0.00152278 0.00311532 -0.00108567 0.00160042 0.00205774 -0.000492262 -0.00286436 -0.00162432 -0.0122661 0.00821981 -0.00270343 0.000155097
internal_weight=494.607 307.169 187.438 254.164 246.746 128.106 140.95 124.562 16.388 25.89 102.216 61.3705
internal_count=1533 940 593 786 758 410 453 392 61 71 339 197
is_linear=0
shrinkage=0.0154629


Tree=132
num_leaves=4
num_cat=0
split_feature=6 9 9
split_gain=6.36868 5.23772 7.16542
threshold=1.1081371963059292 -0.33603232399438682 -0.13111940759880697
decision_type=2 2 2
left_child=1 -1 -3
right_child=-2 2 -4
leaf_value=0.00011560594332112734 -0.0030847349338974225 0.020538404269361293 0.0036253490265183044
leaf_weight=185.18529415130615 88.337283000349998 8.5998197793960554 192.2429508715868
leaf_count=595 318 36 584
internal_value=0.00131324 0.00232057 0.00435246
internal_weight=474.365 386.028 200.843
internal_count=1533 1215 620
is_linear=0
shrinkage=0.0181676


Tree=133
num_leaves=6
num_cat=0
split_feature=10 10 2 2 2
split_gain=4.6946 7.32229 5.02845 8.68478 9.91727
threshold=2.9480560705878083 1.309150098619821 0.25113679234470332 0.33213249292539976 1.472113642368482
decision_type=2 2 2 2 2
left_child=1 2 -1 -4 -5
right_child=-2 -3 3 4 -6
leaf_value=0.0099775768611269529 -0.042890328545962517 0.073030281431814142 -0.024389448988735466 0.049961907858702373 -0.0075670346456745523
leaf_weight=244.33662334829569 14.477913439273832 9.7623772472143155 97.641847647726536 28.440949946641922 63.039558246731758
leaf_count=788 53 31 349 108 204
internal_value=0.00238609 0.0038701 0.00230607 -0.00759882 0.0103069
internal_weight=457.699 443.221 433.459 189.122 91.4805
internal_count=1533 1480 1449 661 312
is_linear=0
shrinkage=0.0809451


Tree=134
num_leaves=9
num_cat=0
split_feature=9 9 10 9 12 12 12 12
split_gain=6.76279 10.1811 7.57664 6.52239 8.35867 7.67087 7.08915 8.46544
threshold=-0.33603232399438682 -0.13111940759880697 2.9480560705878083 -0.392864883803548 0.17801059672451677 0.26219677601548752 1.1757611839043363 1.2621052038919347
decision_type=2 2 2 2 2 2 2 2
left_child=3 -2 -3 4 -1 -6 -7 -8
right_child=1 2 -4 -5 5 6 7 -9
leaf_value=0.005017233457092268 0.019168135105997644 0.00319936834257918 -0.015173598805103581 -0.0038167846221739969 -0.01188494391757965 0.010220406440604648 -0.019687769565833575 0.0015103250023917284
leaf_weight=86.335887923836708 10.740163952112196 223.19620954245329 6.2806594967842093 97.040372028946877 18.54826608300209 14.540701046586035 7.0323153138160732 19.081974983215332
leaf_count=265 40 676 23 330 73 41 30 55
internal_value=0.00146169 0.00343249 0.0026935 -0.000488934 0.00172815 -0.00306262 0.000956467 -0.00419302
internal_weight=482.797 240.217 229.477 242.58 145.539 59.2033 40.655 26.1143
internal_count=1533 739 699 794 464 199 126 85
is_linear=0
shrinkage=0.0165713


Tree=135
num_leaves=8
num_cat=0
split_feature=12 15 15 15 12 12 12
split_gain=6.48533 7.80091 8.29055 8.75524 7.45878 5.43524 13.6794
threshold=0.17801059672451677 0.82897760905810303 1.0000000180025095e-35 -0.06435009324458639 -0.30452513201293502 0.26219677601548752 1.1757611839043363
decision_type=2 2 2 2 2 2 2
left_child=1 2 3 -1 -3 -2 -7
right_child=5 4 -4 -5 -6 6 -8
leaf_value=0.0072483209803175068 -0.0050927407535592151 -0.0062079488147127829 0.017476029784777962 -0.0031319842180732018 0.017266858630486027 0.014514198226079116 -0.003057766334571034
leaf_weight=136.74193529784679 95.036608323454857 51.18359500169754 26.136029906570911 55.295685917139053 7.4783035367727271 30.697388999164104 71.364329695701599
leaf_count=431 324 169 81 174 25 97 232
internal_value=0.00175093 0.00392535 0.0058433 0.00425735 -0.00319919 -0.00130142 0.00222511
internal_weight=473.934 276.836 218.174 192.038 58.6619 197.098 102.062
internal_count=1533 880 686 605 194 653 329
is_linear=0
shrinkage=0.0220286


Tree=136
num_leaves=7
num_cat=0
split_feature=6 3 12 6 14 14
split_gain=8.1898 6.22276 6.15418 5.74949 4.63405 5.36534
threshold=1.1081371963059292 1.1599846638261024 0.17801059672451677 0.27038593705103681 -0.60060963227250008 0.25543740237401924
decision_type=2 2 2 2 2 2
left_child=2 -2 3 -1 -4 -6
right_child=1 -3 4 -5 5 -7
leaf_value=0.0035096869024170141 -0.0046133073482990837 0.011076506965501654 -0.0029469008289949639 0.01185072826111656 0.012140597608401436 0.00082997987313491019
leaf_weight=204.3212061971426 80.601142004132271 8.4203190654516202 77.832504667341709 28.557436212897301 15.643134526908396 67.327553533017635
leaf_count=617 296 22 257 92 46 203
internal_value=0.00164588 -0.00312187 0.00272487 0.00453415 0.000103356 0.00296701
internal_weight=482.703 89.0215 393.682 232.879 160.803 82.9707
internal_count=1533 318 1215 709 506 249
is_linear=0
shrinkage=0.0174156


Tree=137
num_leaves=5
num_cat=0
split_feature=13 18 13 9
split_gain=5.47711 9.82228 7.34962 7.27402
threshold=0.25610715865347239 2.0526260135183807 -0.50554564972274063 1.3840102860569372
decision_type=2 2 2 2
left_child=1 2 -1 -2
right_child=3 -3 -4 -5
leaf_value=0.0026364750866567734 -0.0019174623122674029 -0.0084111668344470994 0.010527105883457556 0.012128026814533625
leaf_weight=223.52869592607021 169.3099415153265 22.238221928477287 45.776960402727127 12.710837155580519
leaf_count=711 561 81 148 32
internal_value=0.00150737 0.00303208 0.00397912 -0.000933187
internal_weight=473.565 291.544 269.306 182.021
internal_count=1533 940 859 593
is_linear=0
shrinkage=0.0179419


Tree=138
num_leaves=6
num_cat=0
split_feature=4 4 4 4 4
split_gain=5.85613 13.9246 17.4937 13.7727 8.71665
threshold=1.7272164154757195 1.5343718797093644 0.44411965218403082 0.34117012405629238 -0.63252056643271648
decision_type=2 2 2 2 2
left_child=1 2 3 4 -1
right_child=-2 -3 -4 -5 -6
leaf_value=0.0014789340680758014 0.0099159915002992177 -0.0088901811362023346 0.014177084011209352 -0.0045278962109658732 0.0092909510922290321
leaf_weight=247.17066929489374 21.996248424053192 36.761802434921265 30.44885341823101 97.708118110895157 48.335525691509247
leaf_count=751 60 136 100 330 156
internal_value=0.00144213 0.00103632 0.00189875 0.000946661 0.00275787
internal_weight=482.421 460.425 423.663 393.214 295.506
internal_count=1533 1473 1337 1237 907
is_linear=0
shrinkage=0.0168276


Tree=139
num_leaves=9
num_cat=0
split_feature=9 9 10 9 2 9 2 2
split_gain=7.80081 10.2381 8.1651 8.15147 9.13846 8.68693 6.04315 6.20677
threshold=-0.33603232399438682 -0.13111940759880697 2.9480560705878083 -0.392864883803548 0.25113679234470332 -1.0634559918575055 0.33213249292539976 1.472113642368482
decision_type=2 2 2 2 2 2 2 2
left_child=3 -2 -3 5 -5 6 -1 -8
right_child=1 2 -4 4 -6 -7 7 -9
leaf_value=-0.0020686214455792377 0.013999717190441241 0.0025735501007624634 -0.011271081986379772 0.00084330463203047333 -0.0065396894377741091 0.0061843331608715229 0.012416016892092433 0.00048230331595803443
leaf_weight=78.49189755320549 11.179106414318083 227.03448765724897 6.3226145058870307 46.675431057810783 51.102412894368172 41.213435932993889 9.4150985330343264 19.338380500674248
leaf_count=259 40 676 23 141 189 121 26 58
internal_value=0.00121017 0.00273752 0.00219614 -0.000305912 -0.00301275 0.00147557 -0.000332594 0.00439593
internal_weight=490.773 244.536 233.357 246.237 97.7778 148.459 107.245 28.7535
internal_count=1533 739 699 794 330 464 343 84
is_linear=0
shrinkage=0.0120734


Tree=140
num_leaves=8
num_cat=0
split_feature=10 18 5 18 10 5 14
split_gain=7.13839 12.4491 9.42037 7.56595 8.59862 6.1447 5.58025
threshold=1.2149215584515309 2.0526260135183807 1.0000000180025095e-35 0.78363026246689382 1.0000000180025095e-35 1.2647660443411142 0.41407641440668236
decision_type=2 2 2 2 2 2 2
left_child=1 3 -2 4 5 6 -1
right_child=2 -3 -4 -5 -6 -7 -8
leaf_value=-0.00032412076731762053 0.003654099019340828 -0.0077786859817738441 -0.0074483421737727394 0.012482489489381391 0.010851349697847418 0.0093793677184238408 0.0054695092728431465
leaf_weight=209.48019485920668 40.87682718038559 32.119702786207199 54.253984943032265 26.859276585280895 36.654495075345039 30.187587708234787 66.959821209311485
leaf_count=657 121 110 191 79 106 79 190
internal_value=0.00162984 0.00264839 -0.00267349 0.00355466 0.00285481 0.00189738 0.00107867
internal_weight=497.392 402.261 95.1308 370.141 343.282 306.628 276.44
internal_count=1533 1221 312 1111 1032 926 847
is_linear=0
shrinkage=0.017479


Tree=141
num_leaves=7
num_cat=0
split_feature=6 3 14 4 9 9
split_gain=10.4433 7.11558 5.99354 5.54612 4.42653 5.75958
threshold=1.1081371963059292 1.1599846638261024 1.4073046431955987 0.34117012405629238 -0.33603232399438682 -0.13111940759880697
decision_type=2 2 2 2 2 2
left_child=2 3 4 -2 -1 -6
right_child=1 -3 -4 -5 5 -7
leaf_value=0.00014776316986662316 -0.00063748746599090835 0.0086031275750365795 0.0078962550967308105 -0.0075610265999752711 0.01482609050696829 0.0026139912197667365
leaf_weight=176.58590617775917 40.99427218735218 8.5600244551897031 29.362691983580589 40.672953188419342 7.0301078557968131 183.70084770768881
leaf_count=559 136 22 83 160 30 543
internal_value=0.00119818 -0.00287784 0.00212599 -0.00408771 0.00166387 0.00306648
internal_weight=486.907 90.2272 396.68 81.6672 367.317 190.731
internal_count=1533 318 1215 296 1132 573
is_linear=0
shrinkage=0.0132804


Tree=142
num_leaves=6
num_cat=0
split_feature=4 4 4 4 4
split_gain=4.5209 9.09061 12.6626 7.50596 5.48437
threshold=1.7272164154757195 1.5343718797093644 0.44411965218403082 0.34117012405629238 -0.63252056643271648
decision_type=2 2 2 2 2
left_child=1 2 3 4 -1
right_child=-2 -3 -4 -5 -6
leaf_value=0.0030814235116573612 0.040706650714808952 -0.038137467375290085 0.060424630896181303 -0.018613428340056009 0.034958709103859294
leaf_weight=237.87500070780516 20.574696406722069 35.641270503401756 25.803373999893665 95.738446712493896 42.659499175846577
leaf_count=751 60 136 100 330 156
internal_value=0.0032344 0.00146835 0.00498417 0.00117588 0.00793448
internal_weight=458.292 437.718 402.076 376.273 280.534
internal_count=1533 1473 1337 1237 907
is_linear=0
shrinkage=0.0818875


Tree=143
num_leaves=6
num_cat=0
split_feature=12 8 8 12 12
split_gain=8.02201 7.98596 7.46822 4.50176 14.2436
threshold=0.17801059672451677 0.095755636731179136 0.62005402522536135 0.26219677601548752 1.1757611839043363
decision_type=2 2 2 2 2
left_child=1 -1 -3 -2 -5
right_child=3 2 -4 4 -6
leaf_value=0.00084897270563231693 -0.0035864956491615816 0.015345326521389695 0.0042876512019783793 0.0095466078777552803 -0.0027218636487420338
leaf_weight=177.64528512954712 94.521515861153603 16.427987642586231 77.781216956675053 29.964849635958672 70.195481963455677
leaf_count=574 324 64 242 97 232
internal_value=0.00105632 0.00271072 0.00621899 -0.00125269 0.000947013
internal_weight=466.536 271.854 94.2092 194.682 100.16
internal_count=1533 880 306 653 329
is_linear=0
shrinkage=0.014908


Tree=144
num_leaves=5
num_cat=0
split_feature=13 12 18 18
split_gain=5.37686 4.85417 7.78381 7.74828
threshold=3.1572774544069389 2.1571760052470088 2.0526260135183807 0.78363026246689382
decision_type=2 2 2 2
left_child=1 2 3 -1
right_child=-2 -3 -4 -5
leaf_value=0.0020353437646867451 -0.014446524871982218 -0.0073828207660857686 -0.0059989552790964294 0.013271261417036636
leaf_weight=373.23261653631926 7.8584719747304908 21.609665870666504 41.363120228052139 23.841684252023697
leaf_count=1208 28 70 149 78
internal_value=0.00118343 0.00145188 0.00188846 0.00271126
internal_weight=467.906 460.047 438.437 397.074
internal_count=1533 1505 1435 1286
is_linear=0
shrinkage=0.0191223


Tree=145
num_leaves=8
num_cat=0
split_feature=9 9 10 2 2 13 13
split_gain=6.40717 9.7018 6.31309 5.03468 5.65461 4.73079 8.37148
threshold=-0.33603232399438682 -0.13111940759880697 2.9480560705878083 2.5944968906886445 1.5147477327178238 0.25610715865347239 -0.50554564972274063
decision_type=2 2 2 2 2 2 2
left_child=3 -2 -3 4 5 6 -1
right_child=1 2 -4 -5 -6 -7 -8
leaf_value=-0.00055503911022624329 0.018640845272327101 0.0027894013617660012 -0.013754926944331064 -0.013774779997408426 0.014092730262274471 -0.003657107484546708 0.010643394295183666
leaf_weight=114.71398422122002 9.948016405105589 220.46457490324974 6.1618089526891699 7.4738723039627066 6.8838261216878882 88.932931765913963 20.599634483456612
leaf_count=379 40 676 23 28 18 307 62
internal_value=0.00113633 0.00302477 0.00233679 -0.000735057 -0.000311254 -0.000755947 0.00114915
internal_weight=475.179 236.574 226.626 238.604 231.13 224.247 135.314
internal_count=1533 739 699 794 766 748 441
is_linear=0
shrinkage=0.0161937


Tree=146
num_leaves=14
num_cat=0
split_feature=9 9 9 9 4 4 4 4 2 4 4 4 4
split_gain=6.86318 10.0948 9.53403 8.94236 7.9412 9.75264 8.98371 13.0701 7.63206 5.76009 4.4107 6.63512 4.45557
threshold=-0.33603232399438682 -0.13111940759880697 -0.392864883803548 -1.0634559918575055 1.7272164154757195 0.34117012405629238 0.65001870843950771 1.5343718797093644 0.25113679234470332 -0.63252056643271648 1.5343718797093644 0.44411965218403082 0.34117012405629238
decision_type=2 2 2 2 2 2 2 2 2 2 2 2 2
left_child=2 -2 3 4 5 9 -7 -8 -4 -1 11 12 -3
right_child=1 10 8 -5 -6 6 7 -9 -10 -11 -12 -13 -14
leaf_value=-0.00015915534175908505 0.017519897370237798 0.0037934330565858282 0.00045004107473850584 0.0080881842267075572 0.012995673443009037 -0.016360226317141381 0.01548700619540436 -0.011905946843801127 -0.0080365415390356992 0.01164031310282466 -0.0036617511719344775 0.012473279966847956 -0.0016529927094730342
leaf_weight=55.007505252957344 10.978027790784834 150.81253133714199 46.945855990052223 41.92707921564579 9.5876889973878843 16.024290442466736 6.897422283887864 9.495935469865799 50.83840037882328 11.488713532686232 22.991325497627258 16.827557042241096 44.885638818144798
leaf_count=166 40 437 141 121 23 66 18 38 189 32 75 52 135
internal_value=0.00151612 0.00331155 -0.000266 0.00213293 -0.000166573 -0.00144837 -0.00827661 -0.000371875 -0.00395886 0.00187797 0.00264696 0.00333113 0.00254279
internal_weight=494.708 246.495 248.213 150.429 108.502 98.9139 32.4176 16.3934 97.7843 66.4962 235.517 212.526 195.698
internal_count=1533 739 794 464 343 320 122 56 330 198 699 624 572
is_linear=0
shrinkage=0.0151916


Tree=147
num_leaves=2
num_cat=0
split_feature=13
split_gain=5.03418
threshold=2.3861805268679253
decision_type=2
left_child=-1
right_child=-2
leaf_value=0.0045279842166095338 -0.06071075629339108
leaf_weight=441.95426311343908 9.4938305169343931
leaf_count=1499 34
internal_value=0.00315001
internal_weight=451.448
internal_count=1533
is_linear=0
shrinkage=0.0888602


Tree=148
num_leaves=7
num_cat=0
split_feature=2 2 2 10 9 13
split_gain=7.48141 17.0423 16.9982 10.4626 6.1311 4.99294
threshold=0.25113679234470332 0.33213249292539976 1.472113642368482 1.2149215584515309 2.0512152454023642 0.25610715865347239
decision_type=2 2 2 2 2 2
left_child=3 4 -3 5 -2 -1
right_child=1 2 -4 -5 -6 -7
leaf_value=0.0063075613545715108 -0.0073631071906030835 0.012641686295355458 -0.0015993120857108359 -0.0045630509631835042 0.0089880915395052878 0.0011993033851600862
leaf_weight=141.48103629797697 96.051526829600334 36.982172630727291 67.641993939876556 45.088954597711563 6.9704948663711539 89.232564397156239
leaf_count=427 343 120 212 150 17 264
internal_value=0.00105211 -0.00137011 0.00343211 0.00287669 -0.00624999 0.00433262
internal_weight=483.449 207.646 104.624 275.803 103.022 230.714
internal_count=1533 692 332 841 360 691
is_linear=0
shrinkage=0.0169027


Tree=149
num_leaves=3
num_cat=0
split_feature=17 17
split_gain=4.30823 5.8206
threshold=-0.074905646800934991 -0.19356613322059224
decision_type=2 2
left_child=1 -1
right_child=-2 -3
leaf_value=0.011093932418168362 -0.0062779195811736299 0.10719972823511495
leaf_weight=188.11887592077255 256.335095256567 7.427981659770011
leaf_count=623 882 28
internal_value=0.00282361 0.0147621
internal_weight=451.882 195.547
internal_count=1533 651
is_linear=0
shrinkage=0.106782


Tree=150
num_leaves=8
num_cat=0
split_feature=9 9 7 7 7 12 7
split_gain=5.70069 9.27431 7.05197 15.7949 13.7642 4.96418 4.76563
threshold=-0.33603232399438682 -0.13111940759880697 0.24925121690930521 0.15927761984010497 -0.72560000752627662 1.1757611839043363 1.254278575018448
decision_type=2 2 2 2 2 2 2
left_child=2 -2 3 4 5 -1 -4
right_child=1 -3 6 -5 -6 -7 -8
leaf_value=-7.365890029889333e-05 0.023823355407784647 0.0028763644690749271 0.012636761612684799 -0.01305017792091686 0.015295803470990542 -0.011887924020920961 0.0009735702279032709
leaf_weight=72.536704555153847 9.7120752036571485 225.87616416811943 22.563169956207275 50.603445678949356 23.752979353070259 20.070390865206718 49.479432374238968
leaf_count=234 40 699 64 193 76 71 156
internal_value=0.00142074 0.00374311 -0.000867148 -0.00324188 0.00102161 -0.00263821 0.00463035
internal_weight=474.594 235.588 239.006 166.964 116.36 92.6071 72.0426
internal_count=1533 739 794 574 381 305 220
is_linear=0
shrinkage=0.0210379


Tree=151
num_leaves=11
num_cat=0
split_feature=6 14 14 14 3 13 13 12 12 12
split_gain=10.811 8.02268 8.08565 6.81381 5.56281 5.34506 5.12994 6.51977 6.74872 4.98465
threshold=1.1081371963059292 -0.60060963227250008 0.25543740237401924 0.32927048751551774 1.1599846638261024 1.242720838925129 1.7403139718074787 1.1757611839043363 0.26219677601548752 0.17801059672451677
decision_type=2 2 2 2 2 2 2 2 2 2
left_child=1 6 -3 -4 -2 -5 7 8 9 -1
right_child=4 2 3 5 -6 -7 -8 -9 -10 -11
leaf_value=0.0023909626027083107 -0.0042513855122023082 0.0090538374583466648 -0.0006199401768469051 0.006300677448867897 0.0075945727462690049 -0.0036073652823166188 -0.0096672557158629137 -0.0057283141965323251 0.011603186585777464 -0.003707154961189358
leaf_weight=99.216330237686634 80.785472065210342 46.311836719512939 71.885543972253799 80.023002475500107 8.204116076231001 11.730658322572706 9.702565521001814 26.143837198615074 11.946597181260584 33.957035899162292
leaf_count=308 296 149 214 235 22 37 33 90 33 116
internal_value=0.00116962 0.00215445 0.00398296 0.0025463 -0.00315339 0.0050289 3.21612e-05 0.000583868 0.00172344 0.000834135
internal_weight=479.907 390.917 209.951 163.639 88.9896 91.7537 180.966 171.264 145.12 133.173
internal_count=1533 1215 635 486 318 272 580 547 457 424
is_linear=0
shrinkage=0.0137491


Tree=152
num_leaves=11
num_cat=0
split_feature=12 4 8 4 8 12 12 2 4 8
split_gain=7.92096 11.1603 8.8546 11.1724 11.0605 8.30996 15.5199 7.08582 4.55678 4.42336
threshold=0.17801059672451677 1.9841814109541247 0.095755636731179136 1.5343718797093644 0.98727373093371651 0.26219677601548752 1.1757611839043363 1.472113642368482 0.44411965218403082 0.030871546344070588
decision_type=2 2 2 2 2 2 2 2 2 2
left_child=2 5 3 7 -4 -2 -7 8 -1 -5
right_child=1 -3 4 9 -6 6 -8 -9 -10 -11
leaf_value=0.0028998911687498569 -0.0048616631992063307 0.01495525966459222 0.013694260638611367 -0.004454212891624453 0.0031741818897730208 0.0098543482323581247 -0.0025754188144817588 -0.0049012388440481339 0.013941830067697265 -0.018800942532343341
leaf_weight=131.31789694726467 90.856823116540909 9.0488858819007856 30.827759772539139 14.755541160702707 70.407408446073532 31.059180341660976 70.103617340326309 24.86936928331852 8.5005271881818754 6.6929242312908164
leaf_count=391 312 21 99 50 207 94 226 80 26 27
internal_value=0.00133316 -0.00089593 0.00289362 0.000996308 0.00638 -0.00164633 0.00123924 0.00229205 0.00357441 -0.00893455
internal_weight=488.44 201.069 287.371 186.136 101.235 192.02 101.163 164.688 139.818 21.4485
internal_count=1533 653 880 574 306 632 320 497 417 77
is_linear=0
shrinkage=0.014649


Tree=153
num_leaves=12
num_cat=0
split_feature=17 17 17 17 15 9 9 15 15 9 9
split_gain=9.62706 11.912 14.949 9.54177 11.0467 9.03751 5.25061 4.91201 11.6895 4.53369 4.97657
threshold=-0.074905646800934991 1.0000000180025095e-35 0.89662177220015649 -0.87941338811500802 -0.06435009324458639 -0.33603232399438682 -0.392864883803548 1.0000000180025095e-35 0.75997517750738852 0.16220254180710408 0.56222000023765062
decision_type=2 2 2 2 2 2 2 2 2 2 2
left_child=3 6 -3 4 -1 -4 -2 -6 -9 -7 -11
right_child=1 2 5 -5 7 9 -8 8 -10 10 -12
leaf_value=0.0048975303609657371 -0.010871410094444478 0.0077303882377308206 -0.0046253660287062714 0.0078240859319904897 -0.0061410767944112482 0.014015978757339129 -0.0031304932650551265 0.012323036850735925 -0.0030895237498802727 -0.0024498177265045128 0.0071153060184423345
leaf_weight=77.713468834757805 19.981343328952789 47.798853665590286 67.318103045225143 53.031758166849613 35.406322821974754 6.2333614081144324 93.475527212023735 11.988204672932623 39.80260668694973 24.503067016601562 17.432541221380234
leaf_count=217 76 147 222 165 115 20 299 30 124 73 45
internal_value=0.000612444 -0.00108403 0.00128532 0.00276748 0.00113994 -0.00138081 -0.00449588 -0.00220728 0.00047698 0.00314727 0.00152397
internal_weight=494.685 276.743 163.286 217.942 164.911 115.487 113.457 87.1971 51.7908 48.169 41.9356
internal_count=1533 882 507 651 486 360 375 269 154 138 118
is_linear=0
shrinkage=0.013709


Tree=154
num_leaves=12
num_cat=0
split_feature=15 15 10 7 9 15 15 15 15 9 9
split_gain=5.44535 11.0345 9.74874 9.13061 6.46912 6.2029 16.0258 6.37928 6.05345 5.31754 4.75668
threshold=-0.06435009324458639 -0.52862547099450385 2.9480560705878083 1.6861067631295508 2.0512152454023642 1.0000000180025095e-35 0.75997517750738852 0.91012389370479208 1.4464327669304009 1.1907897666116798 0.56222000023765062
decision_type=2 2 2 2 2 2 2 2 2 2 2
left_child=1 4 3 5 9 -2 -7 -8 -9 10 -1
right_child=2 -3 -4 -5 -6 6 7 8 -10 -11 -12
leaf_value=-0.00098785152338509122 -0.0072264741631996726 0.011997513218072693 -0.029585346344626378 0.019722017023583949 0.017422524656518362 0.014616375080503733 -0.01061896890368514 0.014080471861983655 -0.0035305138932050484 -0.012890215771852859 0.016715666844652879
leaf_weight=135.26447877287865 96.054356157779694 51.552803039550781 7.0285890847444525 10.320655077695845 10.515464738011358 33.237404003739357 45.135767877101898 14.686316378414629 38.60743673145771 19.540653124451637 8.790259048342703
leaf_count=442 316 170 30 25 26 110 149 48 123 66 28
internal_value=-0.000121266 0.00249869 -0.00253517 -0.00173254 -0.000312466 -0.00270867 0.000584648 -0.00415163 0.00131758 -0.00145742 9.2556e-05
internal_weight=470.734 225.664 245.071 238.042 174.111 227.721 131.667 98.4295 53.2938 163.595 144.055
internal_count=1533 732 801 771 562 746 430 320 171 536 470
is_linear=0
shrinkage=0.0233845


Tree=155
num_leaves=11
num_cat=0
split_feature=12 12 8 12 12 8 18 5 18 9
split_gain=10.6717 11.1654 12.342 10.2296 19.5718 10.1835 8.19038 7.87926 6.20684 5.8553
threshold=0.17801059672451677 -0.34575964419814237 0.095755636731179136 0.26219677601548752 1.1757611839043363 0.98727373093371651 2.0526260135183807 1.0000000180025095e-35 0.78363026246689382 -0.81680815613516233
decision_type=2 2 2 2 2 2 2 2 2 2
left_child=1 2 6 9 -5 -4 8 -7 -1 -2
right_child=3 -3 5 4 -6 7 -8 -9 -10 -11
leaf_value=-0.00082262072592934477 -0.012010253962725847 0.0081143564635374858 0.01418280275835479 0.010140375819715015 -0.0027320746854645021 0.0073409114141666353 -0.010788533908531463 -0.0022487918202792382 0.012976733464157519 -0.0033122142145257656
leaf_weight=130.39550431072712 18.614325612783432 54.947166606783867 19.630482852458954 33.351470485329628 73.909135282039642 34.824700832366943 15.675933554768561 31.917747914791107 6.6191571205854407 79.204205095767975
leaf_count=392 72 163 59 97 232 93 57 98 18 252
internal_value=0.000737523 0.00244239 0.00113757 -0.00170557 0.00126911 0.00535354 -0.00124652 0.00275276 -0.000152114 -0.00497004
internal_weight=499.09 294.011 239.064 205.079 107.261 86.3729 152.691 66.7424 137.015 97.8185
internal_count=1533 880 717 653 329 250 467 191 410 324
is_linear=0
shrinkage=0.0139589


Tree=156
num_leaves=4
num_cat=0
split_feature=6 6 6
split_gain=4.39333 5.80192 5.42915
threshold=2.6334570907901278 1.2542964825776466 1.1081371963059292
decision_type=2 2 2
left_child=1 2 -1
right_child=-2 -3 -4
leaf_value=0.0079272275097471215 -0.061663823656053551 0.089775645033301113 -0.028342717024427755
leaf_weight=369.62963600456715 13.272602722048758 10.095593273639677 62.452579736709595
leaf_count=1215 56 28 234
internal_value=0.00273616 0.00467637 0.00267964
internal_weight=455.45 442.178 432.082
internal_count=1533 1477 1449
is_linear=0
shrinkage=0.113824


Tree=157
num_leaves=3
num_cat=0
split_feature=14 14
split_gain=4.54787 6.70582
threshold=-0.60060963227250008 -0.043012316744818833
decision_type=2 2
left_child=-1 -2
right_child=1 -3
leaf_value=-0.0097238813252265542 0.12621503341795465 0.0093997765137224538
leaf_weight=213.68678052723408 6.0577875301241866 230.99627282470465
leaf_count=741 27 765
internal_value=0.00190907 0.0124022
internal_weight=450.741 237.054
internal_count=1533 792
is_linear=0
shrinkage=0.110007


Tree=158
num_leaves=2
num_cat=0
split_feature=13
split_gain=5.63451
threshold=3.1572774544069389
decision_type=2
left_child=-1
right_child=-2
leaf_value=0.0016076775746039799 -0.018054428782093825
leaf_weight=460.13115564733744 7.8760550171136847
leaf_count=1505 28
internal_value=0.00127498
internal_weight=468.007
internal_count=1533
is_linear=0
shrinkage=0.0231301


Tree=159
num_leaves=10
num_cat=0
split_feature=17 17 17 17 2 2 2 5 5
split_gain=7.63845 9.0698 10.7781 7.7128 6.74771 15.7542 6.45315 4.38347 13.3663
threshold=-0.074905646800934991 1.0000000180025095e-35 0.89662177220015649 -0.19356613322059224 0.25113679234470332 0.33213249292539976 2.2405885853738421 0.11431538687311564 1.0000000180025095e-35
decision_type=2 2 2 2 2 2 2 2 2
left_child=3 -2 -3 4 -1 -6 -7 8 -4
right_child=1 2 7 -5 5 6 -8 -9 -10
leaf_value=0.0048971364733687234 -0.0044275262141581576 0.0083009511167316842 0.0017744970501240684 0.017533728709853539 -0.0099593992253292733 0.0075366364251525739 -0.0096781147036375942 0.0040659742934554032 -0.01197783177820826
leaf_weight=123.83184140920639 111.20374142378569 45.056928403675556 52.656684383749962 9.4045488983392698 31.650032699108124 38.068525396287441 6.6540724933147422 31.380058780312538 28.517214700579643
leaf_count=368 375 147 163 28 115 116 24 94 103
internal_value=0.000919662 -0.000886339 0.00161055 0.00323685 0.00256257 -0.00121938 0.00495972 -0.00106594 -0.00305458
internal_weight=478.424 268.815 157.611 209.609 200.204 76.3726 44.7226 112.554 81.1739
internal_count=1533 882 507 651 623 255 140 360 266
is_linear=0
shrinkage=0.0161938


Tree=160
num_leaves=8
num_cat=0
split_feature=13 13 8 9 15 15 14
split_gain=6.10499 9.98389 6.64258 6.187 6.51008 8.14733 4.426
threshold=0.25610715865347239 -0.50554564972274063 0.095755636731179136 1.3840102860569372 1.9012752647068989 1.6566932293296104 0.41407641440668236
decision_type=2 2 2 2 2 2 2
left_child=1 6 3 4 5 -2 -1
right_child=2 -3 -4 -5 -6 -7 -8
leaf_value=-5.1168082409895404e-05 -0.0039176730448451918 0.0093619684144563356 0.0041254643864957006 0.0086457566478559122 0.012148660449583027 -0.022014107313291269 0.0051876169847173128
leaf_weight=190.06515174359083 114.51462201029062 47.485388927161694 45.147927060723305 11.025861516594885 6.2314909696578971 7.079070806503295 56.231338426470757
leaf_count=619 379 154 140 28 17 29 167
internal_value=0.00100528 0.00247378 -0.00133796 -0.00311725 -0.00413621 -0.00497619 0.00114435
internal_weight=477.781 293.782 183.999 138.851 127.825 121.594 246.296
internal_count=1533 940 593 453 425 408 786
is_linear=0
shrinkage=0.0164135


Tree=161
num_leaves=2
num_cat=0
split_feature=12
split_gain=4.51839
threshold=0.17801059672451677
decision_type=2
left_child=-1
right_child=-2
leaf_value=0.0084748927532742949 -0.0081101005828087599
leaf_weight=261.82762017101049 190.20995233207941
leaf_count=880 653
internal_value=0.00149342
internal_weight=452.038
internal_count=1533
is_linear=0
shrinkage=0.0819096


Tree=162
num_leaves=4
num_cat=0
split_feature=6 17 17
split_gain=5.31638 4.44765 7.26257
threshold=1.1081371963059292 1.9173276367876666 1.0570333136344032
decision_type=2 2 2
left_child=1 2 -1
right_child=-2 -3 -4
leaf_value=0.002038664128509159 -0.0027137783010835787 -0.0050573178859682055 0.013134786366993289
leaf_weight=343.63809370994568 86.071718588471413 25.008798569440842 19.403117701411247
leaf_count=1075 318 82 58
internal_value=0.00125512 0.0021363 0.0026331
internal_weight=474.122 388.05 363.041
internal_count=1533 1215 1133
is_linear=0
shrinkage=0.0176629


Tree=163
num_leaves=9
num_cat=0
split_feature=4 4 4 4 9 4 13 8
split_gain=6.54143 14.9928 18.5932 15.3357 10.9201 9.56185 7.8709 4.35568
threshold=1.7272164154757195 1.5343718797093644 0.44411965218403082 0.34117012405629238 -0.81680815613516233 -0.63252056643271648 1.242720838925129 0.98727373093371651
decision_type=2 2 2 2 2 2 2 2
left_child=1 2 3 5 -5 6 -1 -3
right_child=-2 7 -4 4 -6 -7 -8 -9
leaf_value=0.0025357887656774747 0.010757148086461055 -0.013921903253997135 0.015136024384644854 -0.018964659252623872 -0.0027795586424270149 0.0099790176091072401 -0.0070601015029666224 -0.00019446147253675177
leaf_weight=216.61438627541065 22.199497282505035 26.663821563124657 30.866668313741684 15.908783122897146 81.900811418890953 48.906494148075581 31.257856592535973 10.244787976145743
leaf_count=648 60 103 100 66 264 156 103 33
internal_value=0.00127955 0.000823428 0.00177286 0.00072613 -0.00541586 0.0027515 0.00132402 -0.0101073
internal_weight=484.563 462.364 425.455 394.588 97.8096 296.779 247.872 36.9086
internal_count=1533 1473 1337 1237 330 907 751 136
is_linear=0
shrinkage=0.0178927


Tree=164
num_leaves=9
num_cat=0
split_feature=17 8 17 17 8 8 10 17
split_gain=5.27628 9.54105 7.13943 9.92955 8.67032 8.34092 6.09741 7.21632
threshold=-0.074905646800934991 1.2796173318713386 1.0000000180025095e-35 0.40643718090243475 0.7799337851405842 0.095755636731179136 0.53998731934071753 -0.87941338811500802
decision_type=2 2 2 2 2 2 2 2
left_child=1 6 -2 -4 5 -5 7 -1
right_child=2 -3 3 4 -6 -7 -8 -9
leaf_value=0.0010275896456275466 -0.0039466553840858207 0.011406089663066886 0.014019006648144001 0.00059911706282215799 -0.0086180116794883285 0.015870641311113032 -0.0036147545228998722 0.010187445202565665
leaf_weight=99.250322997570038 110.55546110123396 27.949473842978477 14.743599027395247 105.38892915844917 24.516247108578682 10.197647534310816 48.614978522062302 28.989774249494076
leaf_count=305 375 79 52 332 87 36 166 101
internal_value=0.000692202 0.00264057 -0.000810462 0.00142706 9.8701e-05 0.00195083 0.00125317 0.00310073
internal_weight=470.206 204.805 265.402 154.846 140.103 115.587 176.855 128.24
internal_count=1533 651 882 507 455 368 572 406
is_linear=0
shrinkage=0.016157


Tree=165
num_leaves=4
num_cat=0
split_feature=13 13 3
split_gain=5.44045 9.91085 6.702
threshold=0.25610715865347239 -0.50554564972274063 -0.68667160991670739
decision_type=2 2 2
left_child=1 2 -1
right_child=-2 -3 -4
leaf_value=-0.0025430113167796455 -0.0012752698993167449 0.011409196419837481 0.00417158340681176
leaf_weight=98.421855576336384 183.92964549362659 47.666995882987976 147.31801003217697
leaf_count=330 593 154 456
internal_value=0.00141066 0.00309549 0.00148115
internal_weight=477.337 293.407 245.74
internal_count=1533 940 786
is_linear=0
shrinkage=0.0199307


Tree=166
num_leaves=11
num_cat=0
split_feature=12 4 12 12 6 12 5 5 18 5
split_gain=10.1936 8.85988 9.07244 17.1997 8.60773 7.54216 6.93072 15.0547 13.448 5.88164
threshold=0.17801059672451677 1.9841814109541247 0.26219677601548752 1.1757611839043363 2.6334570907901278 -0.30452513201293502 1.0000000180025095e-35 0.042604304038957201 2.0526260135183807 0.96338332630223633
decision_type=2 2 2 2 2 2 2 2 2 2
left_child=4 2 -2 -4 5 6 8 -8 -1 -9
right_child=1 -3 3 -5 -6 -7 7 9 -10 -11
leaf_value=0.0062941308275413664 -0.0052820994036526566 0.013067426107727669 0.010225786998080952 -0.002917317672813508 -0.01262587212307713 0.0085731922814094186 -0.0062366114678343238 0.012339198591614003 -0.014166434970506854 0.0020076293487854167
leaf_weight=107.16138984262943 91.203542172908783 9.0332838594913465 31.518839038908482 70.55536176264286 7.3708999156951895 52.601552233099937 50.736830592155457 15.794939801096914 7.4702698588371268 50.9375821352005
leaf_count=302 312 21 94 226 31 158 167 48 27 147
internal_value=0.00133431 -0.00121861 -0.00188955 0.00113951 0.00310346 0.00351308 0.00236495 -0.000159773 0.00495376 0.0044568
internal_weight=494.384 202.311 193.278 102.074 292.073 284.703 232.101 117.469 114.632 66.7325
internal_count=1533 653 632 320 880 849 691 362 329 195
is_linear=0
shrinkage=0.0148032


Tree=167
num_leaves=9
num_cat=0
split_feature=2 2 2 14 14 13 2 14
split_gain=9.75661 23.6648 19.3486 10.5734 8.48047 6.9055 9.55587 6.51728
threshold=0.25113679234470332 0.33213249292539976 1.472113642368482 -0.60060963227250008 0.25543740237401924 1.7403139718074787 -0.71897018476388419 0.32927048751551774
decision_type=2 2 2 2 2 2 2 2
left_child=3 -2 -3 5 -5 6 -1 -6
right_child=1 2 -4 4 7 -7 -8 -9
leaf_value=-0.00080526357114241002 -0.0051362555596121623 0.010847414270095269 -0.00060745714754993933 0.010318862373536346 -0.00046777313331732397 -0.010952213566622834 0.008500064185043895 0.0059765519621331935
leaf_weight=93.652264446020126 104.15006431937218 40.907810546457767 69.15744087100029 43.84368996322155 44.471048206090927 8.8704298138618451 24.1918605864048 70.933604136109352
leaf_count=293 360 120 212 125 131 33 65 194
internal_value=0.00150939 -0.000621728 0.00364797 0.00310653 0.00537269 0.000257482 0.00110441 0.00349165
internal_weight=500.178 214.215 110.065 285.963 159.248 126.715 117.844 115.405
internal_count=1533 692 332 841 450 391 358 325
is_linear=0
shrinkage=0.0132129


Tree=168
num_leaves=12
num_cat=0
split_feature=14 14 14 5 5 5 13 13 13 13 13
split_gain=7.24767 12.6891 10.9126 5.85775 6.82123 13.5999 5.92148 5.80403 4.88754 4.70233 6.23049
threshold=-0.60060963227250008 0.25543740237401924 0.32927048751551774 2.1436518443529491 0.96338332630223633 0.042604304038957201 0.035240992361629815 1.242720838925129 3.1572774544069389 0.32084858651811182 1.0205173192434864
decision_type=2 2 2 2 2 2 2 2 2 2 2
left_child=3 -2 -3 4 5 8 -6 -4 9 -1 -11
right_child=1 2 7 -5 6 -7 -8 -9 -10 10 -12
leaf_value=-0.0015566238200495001 0.0083750254822897857 -0.0019020795512705612 0.0050468980521637475 0.0097778148854992634 -0.001751013210286633 0.010389083627833482 -0.01143456541316259 -0.0038439726055816631 -0.012517530777231839 0.014625644117224097 0.00046732686232965625
leaf_weight=125.32741997390985 50.702904038131237 95.861908435821533 98.164635613560677 8.6866704672574979 27.520448014140129 19.141305290162563 16.415131732821465 13.539462283253668 5.7297740876674643 7.0643854886293438 17.570312470197678
leaf_count=417 160 303 286 22 89 56 63 43 21 18 55
internal_value=0.00119064 0.00265362 0.00125475 -0.000469684 -0.000878726 0.000249764 -0.00537191 0.00396533 -0.000996864 -0.000553832 0.00453646
internal_weight=485.724 258.269 207.566 227.455 218.769 174.833 43.9356 111.704 155.692 149.962 24.6347
internal_count=1533 792 632 741 719 567 152 329 511 490 73
is_linear=0
shrinkage=0.0127624


Tree=169
num_leaves=13
num_cat=0
split_feature=18 10 6 4 18 6 9 9 9 9 9 10
split_gain=7.88976 13.5689 12.6127 8.42685 6.13848 5.97886 6.98351 7.88043 10.4633 5.98956 5.27769 5.11549
threshold=2.0526260135183807 2.9480560705878083 1.1081371963059292 1.5343718797093644 0.78363026246689382 1.0000000180025095e-35 -0.33603232399438682 1.1907897666116798 1.6460039949677547 0.50160030042552717 -0.13111940759880697 1.2149215584515309
decision_type=2 2 2 2 2 2 2 2 2 2 2 2
left_child=1 2 4 11 5 6 -1 9 -9 10 -8 -2
right_child=3 -3 -4 -5 -6 -7 7 8 -10 -11 -12 -13
leaf_value=-2.2606615823550042e-06 -0.0044623466943723598 -0.011025234839578861 -0.0025520535307361767 -0.016950579434794597 0.0086703916451175492 0.0075179301192319949 0.014018360420024059 -0.0047381275675639064 0.0066672121260442025 0.011589083828845869 0.0033511252756426575 0.0051963949406909852
leaf_weight=139.66411586105824 27.265004590153694 12.114578679203985 73.880407810211182 6.1131759434938422 26.174454301595688 32.404691144824028 7.466521516442298 30.835426963865757 19.528242975473404 19.771648526191711 86.87730310857296 11.597741067409514
leaf_count=425 91 46 264 26 76 99 27 96 49 57 240 37
internal_value=0.00119958 0.0016884 0.00204236 -0.0036708 0.00297895 0.00253543 0.00200354 0.00370776 -0.000308499 0.00548284 0.00420039 -0.00157412
internal_weight=493.693 448.717 436.603 44.9759 362.722 336.548 304.143 164.479 50.3637 114.115 94.3438 38.8627
internal_count=1533 1379 1333 154 1069 993 894 469 145 324 267 128
is_linear=0
shrinkage=0.0122075


Tree=170
num_leaves=6
num_cat=0
split_feature=2 2 2 2 6
split_gain=5.56553 13.425 13.7244 4.8892 4.49307
threshold=0.25113679234470332 0.33213249292539976 1.472113642368482 -0.41307512204888314 1.1081371963059292
decision_type=2 2 2 2 2
left_child=3 4 -3 -1 -2
right_child=1 2 -4 -5 -6
leaf_value=0.0019331881626948942 -0.0050849164634191521 0.016420474442078167 -0.0017502701466212908 0.0096964192535904641 -0.017289974281454776
leaf_weight=211.54883391410112 80.774417385458946 34.64670829474926 66.668326273560524 56.470505528151989 20.852596968412399
leaf_count=664 260 120 212 177 100
internal_value=0.00135306 -0.00157352 0.00446024 0.00357038 -0.00759281
internal_weight=470.961 202.942 101.315 268.019 101.627
internal_count=1533 692 332 841 360
is_linear=0
shrinkage=0.0234385


Tree=171
num_leaves=9
num_cat=0
split_feature=13 15 15 14 15 15 15 15
split_gain=6.29336 4.95678 11.1931 6.85633 5.55114 14.165 5.64352 7.88067
threshold=3.1572774544069389 -0.06435009324458639 -0.52862547099450385 0.32927048751551774 1.0000000180025095e-35 0.75997517750738852 0.91012389370479208 1.4464327669304009
decision_type=2 2 2 2 2 2 2 2
left_child=1 2 3 -1 -3 -6 -7 -8
right_child=-2 4 -4 -5 5 6 7 -9
leaf_value=-0.00086723949706138653 -0.01460821271051466 -0.0034682498816661308 0.010691344972625506 0.0073878911728008168 0.011686998888806498 -0.0058365550204518462 0.013019915056756873 -0.001631481162931803
leaf_weight=128.27549938112497 7.7780002653598777 102.70361628383398 50.050136037170887 41.818625718355179 35.109547220170498 47.319286718964577 15.885777711868284 41.472821727395058
leaf_count=424 28 341 162 124 113 158 50 133
internal_value=0.00113916 0.00140535 0.00332987 0.00116176 -0.000340737 0.00195508 -0.00130761 0.00242306
internal_weight=470.413 462.635 220.144 170.094 242.491 139.787 104.678 57.3586
internal_count=1533 1505 710 548 795 454 341 183
is_linear=0
shrinkage=0.0177161


Tree=172
num_leaves=11
num_cat=0
split_feature=6 18 16 4 6 18 4 16 16 16
split_gain=9.46516 12.5773 8.48132 8.71109 6.47835 7.00434 4.72401 5.20602 12.0739 6.84368
threshold=1.1081371963059292 2.0526260135183807 0.21525010972440192 0.068028672939764737 1.0000000180025095e-35 0.78363026246689382 1.7272164154757195 1.2988929893092223 1.588533349580395 0.29016028168771169
decision_type=2 2 2 2 2 2 2 2 2 2
left_child=1 4 3 -3 5 6 7 9 -9 -1
right_child=-2 2 -4 -5 -6 -7 -8 8 -10 -11
leaf_value=0.0021741554788954729 -0.0027091454081856633 0.011123209714689102 -0.014660324862326955 -0.010954883400637095 0.0094728910362672988 0.012501396239434468 0.011205752719650013 -0.01060861886518538 0.0049309330814521941 0.011555796504960376
leaf_weight=233.02938541769981 88.878121003508568 9.609285771846773 15.645752802491186 7.8994980901479712 42.460757575929165 17.865743190050125 14.339272320270537 23.744411438703537 24.997354090213776 20.629432037472725
leaf_count=678 318 25 59 28 127 50 35 81 74 58
internal_value=0.00191111 0.00291292 -0.00630381 0.00113689 0.00372461 0.00299413 0.00245629 0.00203982 -0.00263217 0.00293883
internal_weight=499.099 410.221 33.1545 17.5088 377.066 334.606 316.74 302.401 48.7418 253.659
internal_count=1533 1215 112 53 1103 976 926 891 155 736
is_linear=0
shrinkage=0.0156256


Tree=173
num_leaves=12
num_cat=0
split_feature=6 18 6 18 9 9 9 9 9 18 9
split_gain=12.4771 13.9429 6.14 6.78706 6.15558 7.73115 11.861 7.26407 5.30807 4.51164 4.47657
threshold=1.1081371963059292 2.0526260135183807 1.0000000180025095e-35 0.78363026246689382 -0.33603232399438682 1.1907897666116798 1.6460039949677547 0.50160030042552717 -0.13111940759880697 0.78363026246689382 -0.52639498484917358
decision_type=2 2 2 2 2 2 2 2 2 2 2
left_child=1 2 3 4 -1 7 -7 8 -6 -2 -3
right_child=9 10 -4 -5 5 6 -8 -9 -10 -11 -12
leaf_value=0.00029503248668251891 -0.0040230078532221504 -0.013235221546881296 0.008082161431915761 0.010653338418422611 0.015128450778726998 -0.005223335937058312 0.0076203391215018982 0.012935862351632925 0.0034710608237385858 0.0042749473302067815 -0.0024967376399888455
leaf_weight=145.66214480996132 77.478110209107399 9.5773095190525037 42.783202849328518 18.024843573570251 7.3803417831659308 32.315684765577316 20.65381532907486 21.031008884310722 90.648450553417206 13.449725836515425 23.563443705439568
leaf_count=441 273 37 127 50 27 101 51 57 249 45 75
internal_value=0.00165033 0.00263201 0.00335413 0.00275073 0.00230107 0.00399849 -0.000207866 0.00587247 0.00435403 -0.00279072 -0.00560243
internal_weight=502.568 411.64 378.499 335.716 317.691 172.029 52.9695 119.06 98.0288 90.9278 33.1408
internal_count=1533 1215 1103 976 926 485 152 333 276 318 112
is_linear=0
shrinkage=0.0132539


Tree=174
num_leaves=9
num_cat=0
split_feature=12 4 7 7 7 7 12 12
split_gain=7.36519 9.10748 8.69991 11.5651 7.03368 8.2352 6.31743 14.2604
threshold=0.17801059672451677 1.9841814109541247 0.15927761984010497 -0.45861794349918089 0.24925121690930521 0.59400985988474508 0.26219677601548752 1.1757611839043363
decision_type=2 2 2 2 2 2 2 2
left_child=2 6 3 -1 -4 -6 -2 -8
right_child=1 -3 4 -5 5 -7 7 -9
leaf_value=0.0026060077445375566 -0.0048466203914669026 0.014156672174822247 -0.0047727709082663371 0.012195064046190451 0.018575512030912341 0.0011081544073382259 0.0098077461232242806 -0.0030196550255526529
leaf_weight=107.54250829666853 90.082856178283691 8.8768664896488172 49.569041967391968 42.09756264090538 7.0788238048553458 73.307042427361012 29.73383030295372 69.439293101429939
leaf_count=324 312 21 166 139 24 227 94 226
internal_value=0.00113462 -0.0011521 0.00275595 0.00530546 -0.000177614 0.00265273 -0.00187357 0.000824592
internal_weight=477.728 198.133 279.595 149.64 129.955 80.3859 189.256 99.1731
internal_count=1533 653 880 463 417 251 632 320
is_linear=0
shrinkage=0.0155107


Tree=175
num_leaves=12
num_cat=0
split_feature=2 2 2 14 5 14 5 2 5 14 6
split_gain=7.34996 17.6006 16.5763 7.3503 9.11004 6.90242 7.55234 6.34497 6.2597 7.43066 4.82936
threshold=0.25113679234470332 0.33213249292539976 1.472113642368482 -0.60060963227250008 2.1436518443529491 0.25543740237401924 -0.07511957389031014 -0.71897018476388419 0.11431538687311564 0.32927048751551774 1.1081371963059292
decision_type=2 2 2 2 2 2 2 2 2 2 2
left_child=3 10 -3 4 7 -5 -7 -1 -8 -10 -2
right_child=1 2 -4 5 -6 6 8 -9 9 -11 -12
leaf_value=-0.0026456712332825665 -0.0035667213888864228 0.011234754080444441 -0.00097028094080208382 0.010296247650729918 0.017195104788359939 0.0071137539826402231 -0.0063723386640722988 0.0054632695556688093 -0.0054679103457509004 0.0086430686835797244 -0.011465008849223243
leaf_weight=91.344968438148499 81.418839856982231 37.816254086792469 68.356340885162354 39.840400837361813 6.472947120666503 54.253905043005943 23.903105303645134 27.450648665428162 12.874816730618475 22.144877076148987 21.437221258878708
leaf_count=297 260 120 212 125 14 145 77 80 40 63 100
internal_value=0.00124591 -0.000850705 0.00337473 0.00282157 0.000161538 0.00499816 0.00313085 -0.000768954 -0.000533812 0.00344364 -0.00521499
internal_weight=487.314 209.029 106.173 278.286 125.269 153.017 113.177 118.796 58.9228 35.0197 102.856
internal_count=1533 692 332 841 391 450 325 377 180 103 360
is_linear=0
shrinkage=0.0148032


Tree=176
num_leaves=11
num_cat=0
split_feature=13 13 8 8 3 8 8 8 8 14
split_gain=7.3815 12.819 6.91351 9.18044 6.51899 9.85897 7.63406 5.79195 5.24514 5.20577
threshold=0.25610715865347239 -0.50554564972274063 -0.76184081105219548 -0.11089909933406329 -0.68667160991670739 0.98727373093371651 0.095755636731179136 0.095755636731179136 0.030871546344070588 0.51250950271717599
decision_type=2 2 2 2 2 2 2 2 2 2
left_child=1 4 -2 -4 9 6 8 -5 -6 -1
right_child=2 -3 3 7 5 -7 -8 -9 -10 -11
leaf_value=-0.0029744144320892943 -0.0035135546773862932 0.0086431244788625176 0.013044192358278325 -0.0029283439685543083 0.0058625084294609631 -0.0029761731070614473 0.014202004813529132 0.0035941803363734926 -0.00043231162826274619 0.0037323008617661346
leaf_weight=73.693147301673889 82.215512335300446 52.315352588891983 10.913430482149122 48.378580585122108 69.770806059241295 34.933962255716324 13.884031400084494 46.670432284474373 34.435888156294823 27.78711174428463
leaf_count=247 269 154 28 156 198 111 41 140 106 83
internal_value=0.00142248 0.0026865 -0.000637352 0.00159211 0.00146096 0.00318349 0.00500866 0.000272674 0.00378024 -0.00113468
internal_weight=494.998 306.82 188.178 105.962 254.505 153.025 118.091 95.049 104.207 101.48
internal_count=1533 940 593 324 786 456 345 296 304 330
is_linear=0
shrinkage=0.0132172


Tree=177
num_leaves=9
num_cat=0
split_feature=6 9 9 4 6 4 4 4
split_gain=8.67016 5.37865 7.50794 6.70447 6.52199 4.54102 5.14812 4.46827
threshold=1.1081371963059292 -0.33603232399438682 -0.13111940759880697 1.7272164154757195 1.0000000180025095e-35 0.28828305599644694 0.068028672939764737 0.34117012405629238
decision_type=2 2 2 2 2 2 2 2
left_child=1 3 -3 4 5 6 -1 -2
right_child=7 2 -4 -5 -6 -7 -8 -9
leaf_value=-0.00069718576491406071 0.00024983182559370316 0.018241523830557556 0.0034534431260735137 0.012358588694448672 0.0088254371917095044 -0.0049380478622700662 0.010373161011750348 -0.0068967178203980196
leaf_weight=88.329383879899979 46.803582638502121 9.257691562175749 197.14203585684299 11.288474932312964 17.80323326587677 59.663996532559395 12.33365924656391 43.641072228550911
leaf_count=267 151 36 584 29 57 206 36 167
internal_value=0.00129619 0.00232318 0.0041194 0.000364858 -0.000395845 -0.00142269 0.000658675 -0.0031947
internal_weight=486.263 395.818 206.4 189.419 178.13 160.327 100.663 90.4447
internal_count=1533 1215 620 595 566 509 303 318
is_linear=0
shrinkage=0.0160852


Tree=178
num_leaves=2
num_cat=0
split_feature=12
split_gain=4.31746
threshold=0.17801059672451677
decision_type=2
left_child=-1
right_child=-2
leaf_value=0.018835851014565766 -0.010575203048101015
leaf_weight=269.13609823584557 193.84511091560125
leaf_count=880 653
internal_value=0.00651678
internal_weight=462.981
internal_count=1533
is_linear=0
shrinkage=0.150294


Tree=179
num_leaves=10
num_cat=0
split_feature=17 17 17 17 15 17 17 15 15
split_gain=11.593 14.6478 18.183 10.9575 11.5387 7.235 16.4109 5.0872 11.6532
threshold=-0.074905646800934991 1.0000000180025095e-35 0.89662177220015649 -0.87941338811500802 -0.06435009324458639 1.0570333136344032 1.9173276367876666 1.0000000180025095e-35 0.75997517750738852
decision_type=2 2 2 2 2 2 2 2 2
left_child=3 -2 -3 4 -1 -4 -7 -6 -9
right_child=1 2 5 -5 7 6 -8 8 -10
leaf_value=0.0039632910402520169 -0.0038391454283204359 0.0065097919362647697 -0.0036872812439242009 0.006496588289558871 -0.0047726203313639302 0.0087685071176710743 -0.0031401391277816651 0.0096347315296400407 -0.0023082138265910546
leaf_weight=78.926342979073524 114.33709181845188 49.936179399490356 61.842159792780876 55.034850791096687 35.563515424728394 21.980011880397797 32.771601736545563 12.075331792235373 40.01899990439415
leaf_count=217 375 147 196 165 115 60 104 30 124
internal_value=0.000542666 -0.000897166 0.00112174 0.00236808 0.00100303 -0.00118485 0.00163755 -0.00166109 0.00045913
internal_weight=502.486 280.867 166.53 221.619 166.584 116.594 54.7516 87.6578 52.0943
internal_count=1533 882 507 651 486 360 164 269 154
is_linear=0
shrinkage=0.0106754


Tree=180
num_leaves=8
num_cat=0
split_feature=12 12 12 12 16 9 16
split_gain=8.4056 8.43113 17.4432 7.75166 6.40324 5.76819 4.89568
threshold=0.17801059672451677 0.26219677601548752 1.1757611839043363 -0.34575964419814237 0.21525010972440192 -0.81680815613516233 0.29016028168771169
decision_type=2 2 2 2 2 2 2
left_child=3 5 -3 4 -1 -2 -6
right_child=1 2 -4 -5 6 -7 -8
leaf_value=0.0038151541993531896 -0.011568099498048375 0.010597827226314029 -0.0021667294696245411 0.0079385718544321849 -0.0040875442724046035 -0.0024149349754220171 0.0024044635244827852
leaf_weight=135.82327741384506 18.202755525708199 33.397911943495274 73.246760219335556 53.098446793854237 53.532924801111221 78.097684293985367 46.518778115510941
leaf_count=406 72 97 232 163 170 252 141
internal_value=0.00127825 -0.00100568 0.00182928 0.00288305 0.00174381 -0.00414791 -0.00106608
internal_weight=491.919 202.945 106.645 288.973 235.875 96.3004 100.052
internal_count=1533 653 329 880 717 324 311
is_linear=0
shrinkage=0.014649


Tree=181
num_leaves=2
num_cat=0
split_feature=14
split_gain=4.43311
threshold=0.32927048751551774
decision_type=2
left_child=-1
right_child=-2
leaf_value=-0.0026242477011605807 0.027706718546391954
leaf_weight=357.41139125078917 104.89079193025827
leaf_count=1204 329
internal_value=0.00425427
internal_weight=462.302
internal_count=1533
is_linear=0
shrinkage=0.129764


Tree=182
num_leaves=9
num_cat=0
split_feature=10 5 12 12 12 15 15 12
split_gain=9.04405 10.416 7.85204 14.7427 15.0058 8.20173 9.44584 8.31385
threshold=1.2149215584515309 1.0000000180025095e-35 0.17801059672451677 0.26219677601548752 1.1757611839043363 0.82897760905810303 1.0000000180025095e-35 -0.30452513201293502
decision_type=2 2 2 2 2 2 2 2
left_child=2 -2 5 -4 -5 6 -1 -7
right_child=1 -3 3 4 -6 7 -8 -9
leaf_value=0.0039283593853900864 0.0026426906554534355 -0.0081489129204780075 -0.0063308289270772363 0.012557184019634961 -0.0012040567767042161 -0.0047079064428694568 0.014226116331206852 0.013554272958614404
leaf_weight=162.36291415989399 41.270852327346802 55.420366987586021 70.98908106982708 31.90270733833313 61.057139709591866 43.228532642126083 27.587498188018799 7.7393727302551261
leaf_count=476 121 191 235 89 184 136 78 23
internal_value=0.000931737 -0.00353865 0.00200017 -0.000745875 0.00351613 0.0038701 0.00542607 -0.00192081
internal_weight=501.558 96.6912 404.867 163.949 92.9598 240.918 189.95 50.9679
internal_count=1533 312 1221 508 273 713 554 159
is_linear=0
shrinkage=0.0162767


Tree=183
num_leaves=6
num_cat=0
split_feature=12 12 12 12 10
split_gain=10.085 9.04405 18.859 8.18137 5.33599
threshold=0.17801059672451677 0.26219677601548752 1.1757611839043363 -0.34575964419814237 1.2149215584515309
decision_type=2 2 2 2 2
left_child=3 -2 -3 4 -1
right_child=1 2 -4 -5 -6
leaf_value=0.0027495342989215105 -0.006677283525997833 0.012948757255895256 -0.0040482965837492241 0.0094708542658074202 -0.0041382236714079526
leaf_weight=185.67346704006195 97.202326342463493 32.155902430415154 72.958252251148224 51.422973930835724 48.509111195802689
leaf_count=561 324 97 232 163 156
internal_value=0.000550586 -0.00260912 0.00114957 0.00278988 0.00132134
internal_weight=487.922 202.316 105.114 285.606 234.183
internal_count=1533 653 329 880 717
is_linear=0
shrinkage=0.018504


Tree=184
num_leaves=4
num_cat=0
split_feature=6 14 12
split_gain=8.32864 6.30599 5.39552
threshold=1.1081371963059292 1.4073046431955987 0.17801059672451677
decision_type=2 2 2
left_child=1 2 -1
right_child=-2 -3 -4
leaf_value=0.0027455443051249175 -0.0026069797426346046 0.0078116689245293367 -0.00053563922081077513
leaf_weight=216.83785211294889 90.100669622421265 29.360883980989456 150.39379123598337
leaf_count=658 318 83 474
internal_value=0.00104604 0.00187664 0.00140125
internal_weight=486.693 396.593 367.232
internal_count=1533 1215 1132
is_linear=0
shrinkage=0.0133173


Tree=185
num_leaves=9
num_cat=0
split_feature=12 7 7 7 7 7 8 7
split_gain=8.05735 9.33767 12.5375 7.99909 8.04247 6.43926 8.3593 7.1259
threshold=0.17801059672451677 0.15927761984010497 -0.45861794349918089 0.24925121690930521 0.59400985988474508 0.31346110548157285 0.70371738002298956 1.254278575018448
decision_type=2 2 2 2 2 2 2 2
left_child=1 2 -1 -3 -5 6 -2 -7
right_child=5 3 -4 4 -6 7 -8 -9
leaf_value=0.002660174396251535 -0.0011252727978307527 -0.0050072853172822979 0.01245621719352121 0.01845629983588341 0.0013268272196690497 0.014158601597617892 -0.011045727341531265 0.00017433145549010316
leaf_weight=108.93394474685192 133.19797026365995 49.984247133135796 43.447042763233185 7.0944618731737128 74.491170234978199 12.029120594263075 23.77360163629055 30.694016769528389
leaf_count=324 434 166 139 24 227 36 88 95
internal_value=0.00118775 0.00285692 0.005455 -0.000149999 0.00282273 -0.00118447 -0.00262999 0.00411773
internal_weight=483.646 283.951 152.381 131.57 81.5856 199.695 156.972 42.7231
internal_count=1533 880 463 417 251 653 522 131
is_linear=0
shrinkage=0.01542


Tree=186
num_leaves=6
num_cat=0
split_feature=2 2 2 2 13
split_gain=4.66048 10.9209 11.7069 4.75034 7.42476
threshold=0.25113679234470332 0.33213249292539976 1.472113642368482 -0.41307512204888314 1.7403139718074787
decision_type=2 2 2 2 2
left_child=3 -2 -3 -1 -5
right_child=1 2 -4 4 -6
leaf_value=0.0077126747095544457 -0.053854045460329472 0.10855766428385916 -0.01518725059417054 0.087209974949383331 -0.098404698611890912
leaf_weight=209.47669595479965 100.921830765903 32.108106233179569 66.876359760761261 47.790445081889629 6.9607787430286399
leaf_count=664 360 120 212 154 23
internal_value=0.00458306 -0.0148294 0.0249291 0.0192797 0.0634812
internal_weight=464.134 199.906 98.9845 264.228 54.7512
internal_count=1533 692 332 841 177
is_linear=0
shrinkage=0.168586


Tree=187
num_leaves=8
num_cat=0
split_feature=12 7 7 7 7 7 7
split_gain=6.34842 8.94065 12.5098 7.72684 8.10741 6.22745 6.8768
threshold=0.17801059672451677 0.15927761984010497 -0.45861794349918089 0.24925121690930521 0.59400985988474508 0.31346110548157285 1.254278575018448
decision_type=2 2 2 2 2 2 2
left_child=1 2 -1 -3 -5 -2 -7
right_child=5 3 -4 4 -6 6 -8
leaf_value=0.0028965991294012563 -0.0035950075385359822 -0.007221178107592513 0.016273777336692736 0.024625823472949265 0.001160682988616897 0.018851178301925915 0.00018621775716796488
leaf_weight=107.5474411547184 155.88801272958517 49.795069068670273 41.876950569450855 6.9018484950065604 73.681678593158722 11.759794488549231 30.543933659791946
leaf_count=324 522 166 139 24 227 36 95
internal_value=0.00116622 0.00318068 0.00664808 -0.000790432 0.0031791 -0.00167611 0.00538312
internal_weight=477.995 279.803 149.424 130.379 80.5835 198.192 42.3037
internal_count=1533 880 463 417 251 653 131
is_linear=0
shrinkage=0.0207672


Tree=188
num_leaves=7
num_cat=0
split_feature=6 18 4 13 13 4
split_gain=5.74375 11.5556 5.22296 5.70077 5.52915 4.8729
threshold=1.1081371963059292 2.0526260135183807 1.7272164154757195 0.25610715865347239 0.072904770693466597 1.5343718797093644
decision_type=2 2 2 2 2 2
left_child=1 2 3 4 -1 -3
right_child=-2 5 -4 -5 -6 -7
leaf_value=0.0023363907798150578 -0.0019322879310669039 -0.0032918282832710261 0.0084115142609445977 -0.00026987267238687393 0.0093666704743863901 -0.015633243713552784
leaf_weight=195.18788724392653 86.656169533729553 27.002219125628471 16.983159869909286 125.70534174144268 16.866217240691185 5.2934015840291968
leaf_count=616 318 90 46 389 52 22
internal_value=0.000809657 0.00142415 0.00203914 0.0017178 0.00289695 -0.00532027
internal_weight=473.694 387.038 354.743 337.759 212.054 32.2956
internal_count=1533 1215 1103 1057 668 112
is_linear=0
shrinkage=0.0117894


Tree=189
num_leaves=9
num_cat=0
split_feature=6 18 14 14 14 2 2 2
split_gain=8.4523 12.4328 6.87278 6.84713 8.27611 5.61475 5.0995 4.61613
threshold=1.1081371963059292 2.0526260135183807 -0.60060963227250008 0.25543740237401924 0.32927048751551774 0.25113679234470332 -0.076265808289082762 0.33213249292539976
decision_type=2 2 2 2 2 2 2 2
left_child=1 2 -1 -4 -5 -2 -3 -7
right_child=5 6 3 4 -6 7 -8 -9
leaf_value=0.00093375688687349001 0.0005750998442707639 -0.00013378952735652684 0.0095803330899180521 -0.00040517506741408784 0.0061003573289491794 -0.010726325537434979 -0.011067970066948412 -0.0011149882576552584
leaf_weight=168.79323719441891 51.072256326675415 15.57078120112419 43.910131938755512 64.80561763048172 89.575918674468994 21.457371741533279 17.371528789401054 17.478223875164986
leaf_count=519 160 47 141 188 255 100 65 58
internal_value=0.00139499 0.00225976 0.00299306 0.00474513 0.00336823 -0.00244525 -0.00589869 -0.00641426
internal_weight=490.035 400.027 367.085 198.292 154.382 90.0079 32.9423 38.9356
internal_count=1533 1215 1103 584 443 318 112 158
is_linear=0
shrinkage=0.013878


Tree=190
num_leaves=11
num_cat=0
split_feature=12 7 7 7 7 12 12 4 9 7
split_gain=7.05772 11.4952 15.2263 10.572 9.17501 8.57274 17.5995 6.64979 7.46525 4.31148
threshold=0.17801059672451677 0.15927761984010497 -0.45861794349918089 0.24925121690930521 0.59400985988474508 0.26219677601548752 1.1757611839043363 2.7614503483185504 -0.81680815613516233 1.403659538954902
decision_type=2 2 2 2 2 2 2 2 2 2
left_child=1 2 -1 -3 -5 7 -7 8 -2 -6
right_child=5 3 -4 4 9 6 -8 -9 -10 -11
leaf_value=0.0022980466427390861 -0.018014884823070759 -0.0079705932403732194 0.015000106314537952 0.02193657922760589 -0.0020490828829597425 0.012882150767947895 -0.0032694708489607966 0.013911684728703791 -0.0045162580965735968 0.0076424742328525756
leaf_weight=109.76311532407999 16.803647145628929 50.599137678742409 44.437105864286423 7.4770170003175727 53.610168918967247 32.609032556414604 73.489930659532547 5.3451134562492362 74.873642221093178 21.518194332718849
leaf_count=324 69 166 139 24 166 97 232 12 243 61
internal_value=0.000710275 0.00255701 0.00596059 -0.00138057 0.00265239 -0.00190133 0.00169287 -0.00583513 -0.00699535 0.000725438
internal_weight=490.526 287.405 154.2 133.205 82.6054 203.121 106.099 97.0224 91.6773 75.1284
internal_count=1533 880 463 417 251 653 329 324 312 227
is_linear=0
shrinkage=0.0183113


Tree=191
num_leaves=3
num_cat=0
split_feature=9 9
split_gain=4.41414 8.53066
threshold=-0.33603232399438682 -0.13111940759880697
decision_type=2 2
left_child=-1 -2
right_child=1 -3
leaf_value=-0.011568486866079468 0.1815866635652105 0.014267014242471746
leaf_weight=230.5562042593956 8.3656053394079191 217.97704268991947
leaf_count=794 40 699
internal_value=0.00430142 0.0204772
internal_weight=456.899 226.343
internal_count=1533 739
is_linear=0
shrinkage=0.163039


Tree=192
num_leaves=15
num_cat=0
split_feature=6 6 9 4 0 0 0 4 0 9 0 9 9 9
split_gain=7.22774 6.19642 6.14054 7.50166 7.90643 11.056 7.68982 9.51691 9.54217 7.48577 6.62142 4.86274 10.1273 7.53234
threshold=1.1081371963059292 1.0000000180025095e-35 -0.33603232399438682 1.7272164154757195 1.3510943941076541 2.3334260183130158 -0.091116904384945963 0.28828305599644694 -0.13236436709461427 -0.039661567762561543 -0.26956752129811823 1.1907897666116798 0.50160030042552717 1.6460039949677547
decision_type=2 2 2 2 2 2 2 2 2 2 2 2 2 2
left_child=1 2 3 4 6 -6 7 8 10 -4 -1 12 -11 -13
right_child=-2 -3 9 -5 5 -7 -8 -9 -10 11 -12 13 -14 -15
leaf_value=0.0023948172375420291 -0.0024375120253346027 0.0071186461109480677 0.013970194991323421 0.011102759397669807 -0.017074424392426235 0.0034240992763907266 0.0049791096305804427 -0.0074779135379637379 -0.0082675693587991907 0.0021056810186622387 0.017713465752766357 -0.0048870367369823128 0.012715339342477349 0.0051700167321825615
leaf_weight=38.002437576651566 89.051970571279526 40.613944463431835 11.555617734789847 10.09410375356674 13.180806741118433 8.285125404596327 41.515050232410431 39.482753098011017 14.932243213057516 94.75735542178154 6.3717177957296434 35.7985984608531 21.44368439167738 24.267767295241356
leaf_count=109 318 130 41 25 51 22 121 141 50 270 15 112 64 64
internal_value=0.00115528 0.00195523 0.00137135 -0.000533026 -0.00126244 -0.00913854 -5.48929e-05 -0.00217288 0.00135533 0.00311495 0.00460406 0.00240077 0.00406659 -0.000818053
internal_weight=489.353 400.301 359.687 171.864 161.77 21.4659 140.304 98.7892 59.3064 187.823 44.3742 176.267 116.201 60.0664
internal_count=1533 1215 1085 534 509 73 436 315 174 551 124 510 334 176
is_linear=0
shrinkage=0.0139515


Tree=193
num_leaves=9
num_cat=0
split_feature=12 4 7 7 7 7 12 12
split_gain=5.52639 9.17248 8.85406 11.9808 7.22098 8.11067 7.05495 13.7861
threshold=0.17801059672451677 1.9841814109541247 0.15927761984010497 -0.45861794349918089 0.24925121690930521 0.59400985988474508 0.26219677601548752 1.1757611839043363
decision_type=2 2 2 2 2 2 2 2
left_child=2 6 3 -1 -4 -6 -2 -8
right_child=1 -3 4 -5 5 -7 7 -9
leaf_value=0.0026175945591591543 -0.0048272531664784726 0.015231713445333568 -0.0051856245047466193 0.012834631813356876 0.019406581185826572 0.0011009654030785878 0.010635981079750575 -0.00250896256764707
leaf_weight=109.1487742215395 89.965309396386147 9.0224368870258314 49.879135012626648 42.1350948959589 6.9691426008939734 74.187960185110569 30.198755420744419 70.074828401207924
leaf_count=324 312 21 166 139 24 227 94 226
internal_value=0.0013178 -0.000756443 0.0027827 0.00546511 -0.000312029 0.00267996 -0.00151827 0.00144807
internal_weight=481.581 199.261 282.32 151.284 131.036 81.1571 190.239 100.274
internal_count=1533 653 880 463 417 251 632 320
is_linear=0
shrinkage=0.0162767


Tree=194
num_leaves=14
num_cat=0
split_feature=13 13 5 5 8 5 6 14 8 5 5 13 13
split_gain=8.67079 15.2139 10.8947 18.8691 14.0602 13.0058 10.1789 9.45272 6.86902 5.51398 4.96275 4.59377 14.5826
threshold=0.25610715865347239 -0.50554564972274063 1.0000000180025095e-35 0.11431538687311564 0.030871546344070588 0.96338332630223633 2.6334570907901278 -0.60060963227250008 0.095755636731179136 -0.32421931806144694 1.0638297011940541 0.32084858651811182 0.63815446130136821
decision_type=2 2 2 2 2 2 2 2 2 2 2 2 2
left_child=1 2 7 4 -4 -5 8 9 11 -1 -7 -2 -13
right_child=6 -3 3 5 -6 10 -8 -9 -10 -11 -12 12 -14
leaf_value=-0.0027781980481698257 -0.0050145472426188966 0.0090762949754636564 -0.00063648733284866761 0.011187528887111678 -0.015197478215447646 -0.0053100830367743069 -0.020279201126440802 0.007632711253443808 0.0036219959717964439 0.0077617205564436331 0.0025672877971195593 0.018267058739070637 -0.0023609008580488772
leaf_weight=42.318808794021606 74.617845177650452 52.012493744492531 24.089265763759613 22.903849273920059 28.536703586578369 29.804702579975128 5.566875308752059 62.455891117453575 45.701568767428398 12.662386700510977 33.300107881426811 7.6283527612686148 55.961540892720222
leaf_count=135 240 154 75 67 108 96 27 171 133 36 98 17 176
internal_value=0.000703688 0.00215722 0.00075062 -0.00191316 -0.00853247 0.00213453 -0.00165851 0.00389652 -0.00109162 -0.000342056 -0.0011488 -0.00265226 0.000115663
internal_weight=497.56 308.084 256.072 138.635 52.626 86.0087 189.476 117.437 183.909 54.9812 63.1048 138.208 63.5899
internal_count=1533 940 786 444 183 261 593 342 566 171 194 433 193
is_linear=0
shrinkage=0.0140387


Tree=195
num_leaves=8
num_cat=0
split_feature=12 7 7 7 7 12 12
split_gain=7.41045 8.9574 12.2272 7.763 8.05143 6.43072 14.7545
threshold=0.17801059672451677 0.15927761984010497 -0.45861794349918089 0.24925121690930521 0.59400985988474508 0.26219677601548752 1.1757611839043363
decision_type=2 2 2 2 2 2 2
left_child=1 2 -1 -3 -5 -2 -7
right_child=5 3 -4 4 -6 6 -8
leaf_value=0.0025419388012580301 -0.0036987662768707078 -0.0046282739527185772 0.011756213220565239 0.017418518715000487 0.0012706275377516612 0.0099101444883085282 -0.0020722294558798847
leaf_weight=109.70649717748165 95.643763095140457 49.863868892192841 43.013287976384163 7.2174321711063376 74.966894894838333 31.598616793751717 72.618231505155563
leaf_count=324 324 166 139 24 227 97 232
internal_value=0.00120559 0.00272321 0.00513881 -6.8565e-05 0.00269503 -0.000955604 0.00155937
internal_weight=484.629 284.768 152.72 132.048 82.1843 199.861 104.217
internal_count=1533 880 463 417 251 653 329
is_linear=0
shrinkage=0.014649


Tree=196
num_leaves=10
num_cat=0
split_feature=12 7 7 7 7 14 14 9 13
split_gain=8.55409 8.87552 12.2586 7.4886 7.55767 7.15595 8.43382 12.6858 4.52266
threshold=0.17801059672451677 0.15927761984010497 -0.45861794349918089 0.24925121690930521 0.59400985988474508 -0.60060963227250008 0.25543740237401924 -1.0634559918575055 0.744436489684006
decision_type=2 2 2 2 2 2 2 2 2
left_child=1 2 -1 -3 -5 -2 -7 -8 -9
right_child=5 3 -4 4 -6 6 7 8 -10
leaf_value=0.0021929214852849906 -0.0028694061213260392 -0.0032214592357683492 0.0092237058293806427 0.013450853816103886 0.0012696548098181911 0.0083585950411749019 -0.0095566412722400528 0.0029121224478967441 -0.0060740715300432839
leaf_weight=109.73625360429287 96.637131161987782 49.724984899163246 44.154317624866962 7.0290647596120825 75.278427466750145 18.147549353539944 14.806349501013754 62.787906542420387 7.9554477483034125
leaf_count=324 333 166 139 24 227 51 56 186 27
internal_value=0.0011216 0.00237266 0.00421148 0.000228484 0.00231446 -0.000663054 0.00139109 -8.61766e-05 0.00189588
internal_weight=486.257 285.923 153.891 132.032 82.3075 200.334 103.697 85.5497 70.7434
internal_count=1533 880 463 417 251 653 320 269 213
is_linear=0
shrinkage=0.0112685


Tree=197
num_leaves=13
num_cat=0
split_feature=13 13 5 5 5 14 15 15 5 5 13 13
split_gain=7.83516 13.9268 9.65007 16.3691 11.8884 9.18558 4.92056 14.0631 4.66328 4.57833 4.57746 15.5019
threshold=0.25610715865347239 -0.50554564972274063 1.0000000180025095e-35 0.11431538687311564 0.96338332630223633 -0.60060963227250008 1.9012752647068989 1.6566932293296104 -0.32421931806144694 1.0638297011940541 0.32084858651811182 1.242720838925129
decision_type=2 2 2 2 2 2 2 2 2 2 2 2
left_child=1 2 5 -4 -5 8 7 10 -1 -6 -2 -12
right_child=6 -3 3 4 9 -7 -8 -9 -10 -11 11 -13
leaf_value=-0.0013586849989602626 -0.0017229291734233961 0.0066344737139112367 -0.0050368095064400173 0.0079917035275096915 -0.0030774022608073721 0.0057124851506811401 0.0079021873955842301 -0.013506594978237866 0.0054545576847098128 0.0022270106605582155 0.0075599703364067133 -0.0015131705788620591
leaf_weight=42.560403570532799 92.975243732333183 53.357944205403328 52.38457290828228 23.269875094294548 29.80751071870327 63.737643018364906 6.5118018984794608 8.0845991820096952 12.688395276665686 33.901020184159279 27.336788475513458 55.864326968789101
leaf_count=135 293 154 183 67 96 171 17 33 36 98 75 175
internal_value=0.0010744 0.00203981 0.00109002 -0.000673687 0.00195242 0.00315668 -0.000502155 -0.000801407 0.000206805 -0.000251742 -0.00021586 0.00146666
internal_weight=502.48 311.707 258.349 139.363 86.9784 118.986 190.773 184.261 55.2488 63.7085 176.176 83.2011
internal_count=1533 940 786 444 261 342 593 576 171 194 543 250
is_linear=0
shrinkage=0.00988228


Tree=198
num_leaves=15
num_cat=0
split_feature=6 6 9 9 9 10 9 9 4 4 4 4 4 4
split_gain=10.0363 8.98586 8.7871 8.73806 10.3996 10.234 10.099 8.59008 8.07842 6.15056 6.46939 4.85231 12.7675 4.67944
threshold=1.1081371963059292 1.0000000180025095e-35 -0.33603232399438682 1.1907897666116798 1.3840102860569372 1.2149215584515309 0.50160030042552717 -0.039661567762561543 1.7272164154757195 0.28828305599644694 -0.63252056643271648 0.44411965218403082 1.2865032369418847 0.34117012405629238
decision_type=2 2 2 2 2 2 2 2 2 2 2 2 2 2
left_child=1 2 8 6 5 -5 7 -4 9 10 -1 -11 -13 -2
right_child=13 -3 3 4 -6 -7 -8 -9 -10 11 -12 12 -14 -15
leaf_value=-0.00032304493661747697 0.00046848012183955842 0.0064218285011107797 0.011038511744417071 -0.0011857204937332614 0.0046284448949619611 -0.01527573513497619 0.010538688183145652 0.0020577851851814048 0.0086705751713080786 -0.005872617488883237 0.0069796540697398901 0.0096103985845703063 -0.0056072404520340841 -0.0042674663790579648
leaf_weight=88.804466813802719 47.100078582763672 45.011172771453857 13.19998326897621 27.775402694940567 26.72428660094738 7.0351396650075904 24.609252318739891 97.569895505905151 10.469209000468252 36.083148688077927 15.553603053092955 9.5851118713617343 16.098418205976486 44.170946076512337
leaf_count=260 151 130 41 80 69 27 64 270 25 126 43 24 56 167
internal_value=0.00132112 0.00200687 0.00147417 0.00299383 -0.000271429 -0.0040413 0.00447985 0.00313151 -0.000219536 -0.000782379 0.000764885 -0.00339882 6.71061e-05 -0.00182093
internal_weight=509.79 418.519 373.508 196.914 61.5348 34.8105 135.379 110.77 176.594 166.125 104.358 61.7667 25.6835 91.271
internal_count=1533 1215 1085 551 176 107 375 311 534 509 303 206 80 318
is_linear=0
shrinkage=0.0104636


Tree=199
num_leaves=11
num_cat=0
split_feature=18 18 4 13 5 5 5 14 5 5
split_gain=6.22007 8.55268 8.2165 6.75148 11.2374 18.1251 11.6355 9.0054 4.72536 4.67339
threshold=2.0526260135183807 0.78363026246689382 1.5343718797093644 0.25610715865347239 1.0000000180025095e-35 0.042604304038957201 0.96338332630223633 0.0360219119238386 1.8725592483338889 1.0638297011940541
decision_type=2 2 2 2 2 2 2 2 2 2
left_child=1 3 -2 4 7 -6 -7 -1 -5 -8
right_child=2 -3 -4 8 5 6 9 -9 -10 -11
leaf_value=0.0022081647526503213 -0.0017883732338215383 0.010283590451809802 -0.020969607530116716 -0.0021921876418592025 -0.0088586767293423411 0.011925121847904266 -0.0051897450967049808 0.010469498329368328 0.0079223351277622357 0.0034686776822193803
leaf_weight=70.695178762078285 38.776847243309021 25.435772240161896 6.1134463250637046 145.8435789719224 42.256841495633125 26.644582182168961 26.231727614998817 56.444011189043522 11.817580312490461 33.92919060587883
leaf_count=224 128 80 26 471 150 83 85 154 31 101
internal_value=0.00105346 0.00161249 -0.00440945 0.00107855 0.00262367 -0.000579231 0.00344892 0.00587709 -0.00143079 -0.00030174
internal_weight=484.189 439.298 44.8903 413.863 256.202 129.062 86.8055 127.139 157.661 60.1609
internal_count=1533 1379 154 1299 797 419 269 378 502 186
is_linear=0
shrinkage=0.01542


Tree=200
num_leaves=4
num_cat=0
split_feature=10 10 10
split_gain=4.61996 6.74441 4.79007
threshold=2.9480560705878083 1.309150098619821 1.2149215584515309
decision_type=2 2 2
left_child=1 2 -1
right_child=-2 -3 -4
leaf_value=0.016630287915431412 -0.11190406839858379 0.18961852927918943 -0.045768539798169007
leaf_weight=369.36204375326633 14.523892611265181 9.4874595999717695 66.953122690320015
leaf_count=1221 53 31 228
internal_value=0.00705838 0.0109475 0.00704572
internal_weight=460.327 445.803 436.315
internal_count=1533 1480 1449
is_linear=0
shrinkage=0.214733


Tree=201
num_leaves=8
num_cat=0
split_feature=6 2 2 3 14 14 14
split_gain=7.3197 5.77229 9.1287 5.61298 5.38767 9.59637 5.67924
threshold=1.1081371963059292 2.2405885853738421 1.5147477327178238 1.1599846638261024 -0.60060963227250008 0.25543740237401924 1.4073046431955987
decision_type=2 2 2 2 2 2 2
left_child=1 2 4 -2 -1 -6 -7
right_child=3 -3 -4 -5 5 6 -8
leaf_value=-0.00027595548988993633 -0.0051059278966678612 -0.010565670645013486 0.018471959190859612 0.010762445803930648 0.012075714359474571 0.00046702631672091344 0.0095942639123083075
leaf_weight=168.30502337217331 79.304680556058884 11.378660321235655 11.780583530664442 8.1976324617862684 40.897681027650833 127.33030213415623 27.822982162237167
leaf_count=539 296 39 31 22 140 384 82
internal_value=0.00116935 0.00224983 0.00263915 -0.0036116 0.00212544 0.00418831 0.00210688
internal_weight=475.018 387.515 376.137 87.5023 364.356 196.051 155.153
internal_count=1533 1215 1176 318 1145 606 466
is_linear=0
shrinkage=0.0183113


Tree=202
num_leaves=5
num_cat=0
split_feature=6 2 2 2
split_gain=6.29656 6.09007 9.57706 5.01564
threshold=1.1081371963059292 2.2405885853738421 1.5147477327178238 1.0000000180025095e-35
decision_type=2 2 2 2
left_child=1 2 -1 -2
right_child=3 -3 -4 -5
leaf_value=0.0020567897203643058 0.00076102102289168872 -0.0094816582955340005 0.016768448665830635 -0.0070787460529308276
leaf_weight=367.84622544795275 49.544793680310249 11.469947472214697 12.061761841177939 38.222257360816002
leaf_count=1145 158 39 31 160
internal_value=0.00128825 0.00217212 0.00252544 -0.00264959
internal_weight=479.145 391.378 379.908 87.7671
internal_count=1533 1215 1176 318
is_linear=0
shrinkage=0.0162767


Tree=203
num_leaves=5
num_cat=0
split_feature=17 17 17 17
split_gain=4.78367 5.84906 5.09981 8.90853
threshold=-0.074905646800934991 -0.19356613322059224 1.0000000180025095e-35 0.40643718090243475
decision_type=2 2 2 2
left_child=1 -1 -2 -4
right_child=2 -3 3 -5
leaf_value=0.024239167649789412 -0.049963815890715024 0.22237357846213499 0.18342966851523326 -0.0042665760393251016
leaf_weight=190.70219643414021 109.88769322633743 7.5284118801355353 13.547109581530092 135.62792229652405
leaf_count=623 375 28 52 455
internal_value=0.00594774 0.0317997 -0.0138219 0.0127783
internal_weight=457.293 198.231 259.063 149.175
internal_count=1533 651 882 507
is_linear=0
shrinkage=0.221087


Tree=204
num_leaves=9
num_cat=0
split_feature=6 2 2 7 7 7 2 7
split_gain=7.87958 5.66542 9.04329 4.43541 14.3796 15.3336 4.39969 4.35495
threshold=1.1081371963059292 2.2405885853738421 1.5147477327178238 0.31346110548157285 0.15927761984010497 -0.72560000752627662 1.0000000180025095e-35 0.59400985988474508
decision_type=2 2 2 2 2 2 2 2
left_child=1 2 3 4 5 -1 -2 -5
right_child=6 -3 -4 7 -6 -7 -8 -9
leaf_value=0.00013351176413538106 -0.00059292798408863375 -0.0091853231257848118 0.015313807553788755 0.015885140058611854 -0.0054956753395231945 0.010220311776039317 -0.0075196758974927511 0.0033044212723951079
leaf_weight=152.25989902019501 49.569481939077377 11.488712772727011 11.337646275758742 7.0434962213039389 72.874045923352242 46.82712709158659 38.961835250258446 86.243090137839317
leaf_count=465 158 39 31 28 234 162 160 256
internal_value=0.000506323 0.00145367 0.00177964 0.00135801 0.000361959 0.00250757 -0.0036429 0.00425876
internal_weight=476.605 388.074 376.585 365.248 271.961 199.087 88.5313 93.2866
internal_count=1533 1215 1176 1145 861 627 318 284
is_linear=0
shrinkage=0.01542


Tree=205
num_leaves=9
num_cat=0
split_feature=2 2 2 2 16 19 16 3
split_gain=8.59023 21.7596 19.2518 10.0362 12.8694 5.76493 5.03136 4.66839
threshold=0.25113679234470332 0.33213249292539976 1.472113642368482 -0.41307512204888314 1.2988929893092223 2.2855305208066641 0.29016028168771169 0.71968758086628648
decision_type=2 2 2 2 2 2 2 2
left_child=3 -2 -3 4 5 6 -1 -5
right_child=1 2 -4 7 -6 -7 -8 -9
leaf_value=0.0020390758136287607 -0.004685208495847519 0.0092939044431473283 -0.00090684916454688018 0.0047159490815973024 -0.005424315660228789 -0.0081692639114903619 0.0085574771845561299 0.012530266950291457
leaf_weight=164.31404200196266 104.54209214448929 39.750559650361538 70.141156539320946 50.263973832130432 35.210167452692986 6.9167373925447455 18.019004076719284 13.265240266919134
leaf_count=474 360 120 212 144 115 24 51 33
internal_value=0.000917251 -0.00085781 0.00278132 0.00223958 0.00107503 0.00228574 0.00268494 0.00635069
internal_weight=502.423 214.434 109.892 287.989 224.46 189.25 182.333 63.5292
internal_count=1533 692 332 841 664 549 525 177
is_linear=0
shrinkage=0.0117192


Tree=206
num_leaves=8
num_cat=0
split_feature=2 2 2 14 14 3 14
split_gain=7.43609 19.2231 17.1999 7.93767 9.02882 7.07017 6.1946
threshold=0.25113679234470332 0.33213249292539976 1.472113642368482 -0.60060963227250008 0.25543740237401924 1.1599846638261024 0.32927048751551774
decision_type=2 2 2 2 2 2 2
left_child=3 -2 -3 5 -5 -1 -6
right_child=1 2 -4 4 6 -7 -8
leaf_value=-0.00073454567373170267 -0.0039165712535860287 0.0085817492503716224 -0.00055937433136109683 0.0082233862119452765 -0.00093577665595108819 0.0074818282572154532 0.0043123088125239465
leaf_weight=114.30838352441788 103.37005604803562 38.900713197886944 69.43454073369503 42.197673439979553 44.659786731004715 14.23822946846485 69.761452436447144
leaf_count=354 360 120 212 125 131 37 194
internal_value=0.00104421 -0.000518813 0.00272139 0.00220519 0.00386986 0.000176057 0.00226263
internal_weight=496.871 211.705 108.335 285.166 156.619 128.547 114.421
internal_count=1533 692 332 841 450 391 325
is_linear=0
shrinkage=0.0110143


Tree=207
num_leaves=7
num_cat=0
split_feature=6 18 3 3 18 6
split_gain=8.02319 11.7106 6.09146 5.63127 5.43364 5.04588
threshold=1.1081371963059292 2.0526260135183807 1.1599846638261024 -0.39807416774765825 0.78363026246689382 1.0000000180025095e-35
decision_type=2 2 2 2 2 2
left_child=1 4 -2 -3 5 -1
right_child=2 3 -4 -5 -6 -7
leaf_value=0.0016632093956999317 -0.0036169016868292971 -0.011459976785988802 0.0082568880411070869 -0.00039903033748478527 0.0086520300999329922 0.0072881072390954885
leaf_weight=306.93706040084362 80.593951478600502 15.63999083638191 8.4145828783512098 17.050203010439873 24.678081154823303 31.133459337055683
leaf_count=926 296 58 22 54 77 100
internal_value=0.00112157 0.00193489 -0.00248879 -0.00569111 0.00262323 0.00218219
internal_weight=484.447 395.439 89.0085 32.6902 362.749 338.071
internal_count=1533 1215 318 112 1103 1026
is_linear=0
shrinkage=0.0133173


Tree=208
num_leaves=4
num_cat=0
split_feature=14 14 14
split_gain=4.33793 8.04128 5.10233
threshold=-0.60060963227250008 0.25543740237401924 0.32927048751551774
decision_type=2 2 2
left_child=-1 -2 -3
right_child=1 2 -4
leaf_value=-0.018456304599405282 0.12208505519088046 -0.032198893660847799 0.044707148456097141
leaf_weight=215.794084392488 42.58896404504776 94.251165948808193 102.22721539437771
leaf_count=741 160 303 329
internal_value=0.0060467 0.0281791 0.00779961
internal_weight=454.861 239.067 196.478
internal_count=1533 792 632
is_linear=0
shrinkage=0.238505


Tree=209
num_leaves=7
num_cat=0
split_feature=6 10 12 10 10 6
split_gain=7.08924 5.73107 5.50416 7.00061 6.54544 4.94806
threshold=1.1081371963059292 2.9480560705878083 0.17801059672451677 1.309150098619821 1.2149215584515309 0.27038593705103681
decision_type=2 2 2 2 2 2
left_child=1 2 3 4 5 -1
right_child=-2 -3 -4 -5 -6 -7
leaf_value=0.0030480772955505282 -0.0024907340597096913 -0.0078080427628950582 0.00015435917127934378 0.017257031997514129 -0.0038599303616779191 0.0094875715231076251
leaf_weight=166.22683856636286 90.067373484373093 11.555611148476599 159.11997500061989 6.9811958521604529 23.343095153570175 26.995471850037575
leaf_count=502 318 39 496 18 72 88
internal_value=0.00103875 0.00184582 0.00213859 0.00355016 0.00310595 0.00394934
internal_weight=484.29 394.222 382.667 223.547 216.565 193.222
internal_count=1533 1215 1176 680 662 590
is_linear=0
shrinkage=0.0139515


Tree=210
num_leaves=10
num_cat=0
split_feature=17 8 17 17 7 17 7 8 10
split_gain=7.71059 10.4814 9.76277 12.4843 10.4699 7.91085 9.41867 7.08505 4.65407
threshold=-0.074905646800934991 1.2796173318713386 1.0000000180025095e-35 0.89662177220015649 0.92782846244190464 -0.87941338811500802 1.6861067631295508 1.5183489189345016 0.53998731934071753
decision_type=2 2 2 2 2 2 2 2 2
left_child=1 5 -2 -4 7 6 -1 -5 -7
right_child=2 -3 3 4 -6 8 -8 -9 -10
leaf_value=-0.00084219385199463563 -0.0035449763964197161 0.01085740482093892 0.0078236324493159721 0.0019185949151635613 -0.011732262960472925 0.0098323774518823143 0.011453235414688954 -0.013118171073780922 -0.00069705246055504525
leaf_weight=128.02832978963852 112.17487329244614 29.562286347150803 47.432754822075367 92.367242738604546 14.536557734012602 32.051707625389099 13.34085540473461 6.4755335152149192 10.864100217819212
leaf_count=401 375 79 147 284 52 101 33 24 37
internal_value=0.00116725 0.00315089 -0.000385949 0.00181628 -0.000695448 0.00191287 0.00031884 0.000927519 0.007156
internal_weight=486.834 213.847 272.987 160.812 113.379 184.285 141.369 98.8428 42.9158
internal_count=1533 651 882 507 360 572 434 308 138
is_linear=0
shrinkage=0.0139515


Tree=211
num_leaves=10
num_cat=0
split_feature=18 10 4 12 4 10 10 12 12
split_gain=5.75135 13.6609 7.60817 7.17791 7.57712 7.54277 12.7547 4.52354 12.0407
threshold=2.0526260135183807 2.9480560705878083 1.5343718797093644 0.17801059672451677 1.8648695977151097 1.309150098619821 1.2149215584515309 0.26219677601548752 1.1757611839043363
decision_type=2 2 2 2 2 2 2 2 2
left_child=1 3 -2 5 7 6 -1 -5 -9
right_child=2 -3 -4 4 -6 -7 -8 8 -10
leaf_value=0.0045422167985785453 -0.0017049471295433397 -0.014581540204791577 -0.020280536259067044 -0.0037420082526374303 0.013634685710154045 0.018861552411492479 -0.0066921728746893857 0.0097422026101634113 -0.0024822624816218126
leaf_weight=211.41620962321758 38.320638045668602 12.031698659062384 6.035373166203498 78.90068244934082 8.7369935363531095 7.5655740499496451 27.042678862810135 27.779862739145756 61.388207376003265
leaf_count=651 128 46 26 267 21 20 90 88 196
internal_value=0.0010437 0.00158356 -0.00424128 0.00204506 -0.000323363 0.00374816 0.00326632 -0.00105267 0.00132437
internal_weight=479.218 434.862 44.356 422.83 176.806 246.024 238.459 168.069 89.1681
internal_count=1533 1379 154 1333 572 761 741 551 284
is_linear=0
shrinkage=0.01542


Tree=212
num_leaves=9
num_cat=0
split_feature=13 2 2 2 10 17 17 6
split_gain=6.85812 7.24581 15.4199 15.173 11.1391 6.80314 10.2795 4.55239
threshold=3.1572774544069389 0.25113679234470332 0.33213249292539976 1.472113642368482 1.2149215584515309 -0.074905646800934991 1.0000000180025095e-35 1.1081371963059292
decision_type=2 2 2 2 2 2 2 2
left_child=1 4 7 -4 5 -1 -7 -3
right_child=-2 2 3 -5 -6 6 -8 -9
leaf_value=0.0071629644659493936 -0.013238314034479065 -0.0035210890224723385 0.011454719224524079 -0.0010059436511723509 -0.0041200386880456043 -0.0051009296350828914 0.0048342520719614947 -0.011566766766484311
leaf_weight=105.67527935653925 7.8580037951469413 80.974145293235779 35.33573579788208 67.539511740207672 44.416611209511757 35.86111456155777 79.6112896874547 21.081577181816101
leaf_count=308 28 260 119 212 150 115 241 100
internal_value=0.000999751 0.00123879 -0.000938471 0.00327187 0.00291986 0.00433567 0.00174657 -0.00518536
internal_weight=478.353 470.495 204.931 102.875 265.564 221.148 115.472 102.056
internal_count=1533 1505 691 331 814 664 356 360
is_linear=0
shrinkage=0.01542


end of trees

feature_importances:
Column_2=155
Column_9=140
Column_12=123
Column_14=114
Column_17=108
Column_7=106
Column_4=99
Column_6=96
Column_13=83
Column_8=77
Column_5=75
Column_10=55
Column_15=53
Column_18=48
Column_3=41
Column_16=20
Column_0=19
Column_19=4
Column_11=1

parameters:
[boosting: dart]
[objective: binary]
[metric: binary_logloss]
[tree_learner: serial]
[device_type: cpu]
[data_sample_strategy: bagging]
[data: ]
[valid: ]
[num_iterations: 327]
[learning_rate: 0.292981]
[num_leaves: 129]
[num_threads: 12]
[seed: 42]
[deterministic: 0]
[force_col_wise: 0]
[force_row_wise: 0]
[histogram_pool_size: -1]
[max_depth: 14]
[min_data_in_leaf: 18]
[min_sum_hessian_in_leaf: 0.001]
[bagging_fraction: 0.584025]
[pos_bagging_fraction: 1]
[neg_bagging_fraction: 1]
[bagging_freq: 0]
[bagging_seed: 400]
[bagging_by_query: 0]
[feature_fraction: 0.385649]
[feature_fraction_bynode: 1]
[feature_fraction_seed: 30056]
[extra_trees: 0]
[extra_seed: 12879]
[early_stopping_round: 0]
[early_stopping_min_delta: 0]
[first_metric_only: 0]
[max_delta_step: 0]
[lambda_l1: 0.0145774]
[lambda_l2: 8.79775e-05]
[linear_lambda: 0]
[min_gain_to_split: 4.30654]
[drop_rate: 0.1]
[max_drop: 50]
[skip_drop: 0.5]
[xgboost_dart_mode: 0]
[uniform_drop: 0]
[drop_seed: 17869]
[top_rate: 0.2]
[other_rate: 0.1]
[min_data_per_group: 100]
[max_cat_threshold: 32]
[cat_l2: 10]
[cat_smooth: 10]
[max_cat_to_onehot: 4]
[top_k: 20]
[monotone_constraints: ]
[monotone_constraints_method: basic]
[monotone_penalty: 0]
[feature_contri: ]
[forcedsplits_filename: ]
[refit_decay_rate: 0.9]
[cegb_tradeoff: 1]
[cegb_penalty_split: 0]
[cegb_penalty_feature_lazy: ]
[cegb_penalty_feature_coupled: ]
[path_smooth: 0.0812732]
[interaction_constraints: ]
[verbosity: -1]
[saved_feature_importance_type: 0]
[use_quantized_grad: 0]
[num_grad_quant_bins: 4]
[quant_train_renew_leaf: 0]
[stochastic_rounding: 1]
[linear_tree: 0]
[max_bin: 255]
[max_bin_by_feature: ]
[min_data_in_bin: 3]
[bin_construct_sample_cnt: 200000]
[data_random_seed: 175]
[is_enable_sparse: 1]
[enable_bundle: 1]
[use_missing: 1]
[zero_as_missing: 0]
[feature_pre_filter: 1]
[pre_partition: 0]
[two_round: 0]
[header: 0]
[label_column: ]
[weight_column: ]
[group_column: ]
[ignore_column: ]
[categorical_feature: ]
[forcedbins_filename: ]
[precise_float_parser: 0]
[parser_config_file: ]
[objective_seed: 16083]
[num_class: 1]
[is_unbalance: 0]
[scale_pos_weight: 2.69632]
[sigmoid: 1]
[boost_from_average: 1]
[reg_sqrt: 0]
[alpha: 0.9]
[fair_c: 1]
[poisson_max_delta_step: 0.7]
[tweedie_variance_power: 1.5]
[lambdarank_truncation_level: 30]
[lambdarank_norm: 1]
[label_gain: ]
[lambdarank_position_bias_regularization: 0]
[eval_at: ]
[multi_error_top_k: 1]
[auc_mu_weights: ]
[num_machines: 1]
[local_listen_port: 12400]
[time_out: 120]
[machine_list_filename: ]
[machines: ]
[gpu_platform_id: -1]
[gpu_device_id: -1]
[gpu_use_dp: 0]
[num_gpu: 1]

end of parameters

pandas_categorical:null
