tree
version=v4
num_class=1
num_tree_per_iteration=1
label_index=0
max_feature_idx=19
objective=binary sigmoid:1
feature_names=Column_0 Column_1 Column_2 Column_3 Column_4 Column_5 Column_6 Column_7 Column_8 Column_9 Column_10 Column_11 Column_12 Column_13 Column_14 Column_15 Column_16 Column_17 Column_18 Column_19
feature_infos=[-0.93700576451912365:7.0677912875451714] [-0.46595628449546966:6.5173791178933334] [-0.89137269541126851:5.1375894792253352] [-0.90772333899038649:6.9147485579801575] [-0.83321504761259757:5.4838234127117493] [-0.92911093684844648:4.8819980163345367] [-0.56206044401251198:6.464172600242267] [-0.94611179100797649:6.0949801673401049] [-0.94108539631764498:6.0647533860905956] [-1.2239659571656347:5.0765602583288256] [-0.58953766673603669:5.1561654503154219] [-0.83897681207547414:3.8488225792265811] [-0.78022869735919997:8.468593949326257] [-0.65245645290078969:11.652306701961246] [-0.79008065500739:5.8002014927864307] [-0.91637468944539313:9.6570066928161342] [-0.86872774083828841:4.7349501794889086] [-1.05345682201391:5.2506457675687459] [-0.39431652958114033:7.2364336387538755] [-0.71871978190842867:6.8040465009896307]
tree_sizes=993 992 988 994 994 990 992 988 995 990 994 1004 883 678 998 990 1002 894 681 682 889 997 1002 996 1005 990 793 1001 990 996 681 996 1005 996 683 581 896 1004 896 1008 999 791 686 998 891 896 686 899 1008 897 1011 1000 999 791 895 684 575 683 1009 686 998 895 1001 1012 1008 1006 999 685 686 1004 997 897 1007 1011 581 888 1002 691 1006 900 891 789 893 1000 902 896 686 687 1005 1004 998 686 893 684 576 796 791 788 687 905 686 895 1000 1009 1003 905 1015 894 1012 792 1006 904 999 895 1008 581 686 1000 903 1005 1004 904 1014 910 902 1005 1020 891 686 997 582 898 999 1009 687 905 904 1018 1004 791 687 683 688 994 906 582 1015 903 685 895 905 914 1013 1011 1004 905 998 1009 1021 786 1009 687 1012 681 1022 1011 1010 793 891 1006 1016 685 586 1009 790 901 1022 898 687 902 911 1008 686 795 579 903 1010 682 998 370 1002 475 905 907 1006 1010 578 581 690 1007 904 580 905 581 1018 1007 588 907 1008 1017 1013 1013 1020 890 894 1009 1012 1009 1018 790 901 1008 891 909 1010 1013 1012 1005 908 1016 799 1006 994 1010 683 897 1007 789 902 1019 1001 895 1008 1010 686 799 1011 885 476 583 1018 799 1013 1011 1006 1015 786 1012 582 480 1013 1018 686 1006 578 1010 1018 906 1007 1008 582 691 1014 580 909 1021 1010 801 684 1012 890 369 912 1011 1005 905 907 686 781 581 1015 899 680 904 902 1012 1015 1009 574 371 1017 1018 1015 580 582 374 909 1017 575 1012 1012 1023 1008 1014 692 907 1016 579 906 1006 481 911 695 1016 1012 805 885 582 912 1012 470 1007 1008 1006 1016 783 901 800 1013 1011 1015 1014

Tree=0
num_leaves=8
num_cat=0
split_feature=6 12 12 12 6 6 2
split_gain=94.1696 78.4012 60.8124 51.1938 48.52 46.4716 3.06056
threshold=1.1396076357034957 0.21530686497781709 -0.6009865144664357 0.36317241704170095 1.2572398040110684 2.8412625412490131 0.27674290852126476
decision_type=2 2 2 2 2 2 2
left_child=1 2 -1 -3 6 -6 -2
right_child=4 3 -4 -5 5 -7 -8
leaf_value=-0.041402551498511908 -0.093530145340605636 -0.084966189589392144 -0.00086574459706399666 -0.044156864574633227 -7.8278068815234569e-05 -0.089889708144498037 -0.10933611227714335
leaf_weight=186.16785049438477 31.614941120147705 74.305613219738007 63.881018310785294 84.356252014636993 14.544381469488146 15.034918755292891 31.358107179403305
leaf_count=615 121 278 185 281 42 57 125
internal_value=-0.0509501 -0.0435548 -0.0310459 -0.0632676 -0.0836035 -0.045745 -0.101398
internal_weight=501.263 408.711 250.049 158.662 92.5523 29.5793 62.973
internal_count=1704 1359 800 559 345 99 246
is_linear=0
shrinkage=0.166711


Tree=1
num_leaves=8
num_cat=0
split_feature=6 6 18 6 6 12 12
split_gain=57.2789 52.0252 37.8438 31.2371 27.2871 5.58727 3.30629
threshold=1.1396076357034957 1.0000000180025095e-35 1.9201663039765535 1.2572398040110684 2.8412625412490131 1.0000000180025095e-35 0.21530686497781709
decision_type=2 2 2 2 2 2 2
left_child=1 2 -1 6 -5 -3 -2
right_child=3 5 -4 4 -6 -7 -8
leaf_value=0.013947645650903099 -0.016526691323905666 0.049528980633236928 -0.018220797226790351 0.040766747683296078 -0.014778548173784687 0.029578076224412348 -0.030197279493752997
leaf_weight=331.53903295099735 32.166076719760895 32.370825454592705 33.890046432614326 15.147436425089838 14.573180183768271 18.559049785137177 27.682622879743576
leaf_count=1088 130 89 126 42 57 56 116
internal_value=0.0102643 0.0147911 0.0109634 -0.0107755 0.0135194 0.0422494 -0.0228479
internal_weight=505.928 416.359 365.429 89.5693 29.7206 50.9299 59.8487
internal_count=1704 1359 1214 345 99 145 246
is_linear=0
shrinkage=0.0290071


Tree=2
num_leaves=8
num_cat=0
split_feature=12 12 12 12 9 7 7
split_gain=45.0756 46.7933 38.9065 74.1337 32.0397 8.3624 3.10205
threshold=0.21530686497781709 -0.6009865144664357 0.28412581282136257 1.2108347199626288 -0.37434629753242205 1.2366221534559902 0.70351334340867144
decision_type=2 2 2 2 2 2 2
left_child=1 4 5 -4 -1 -2 -3
right_child=2 6 3 -5 -6 -7 -8
leaf_value=-0.0039074166105890294 -0.029729800554549483 0.056038854681791372 0.059012359334747855 -0.013305828086945352 0.0266464464927995 0.0010816255986733942 0.034486708920749995
leaf_weight=108.41516909003258 74.125246867537498 54.515101626515388 38.637836799025536 65.936936214566231 129.48307080566883 19.01200994849205 14.522661522030829
leaf_count=382 296 151 110 238 414 70 43
internal_value=0.0114977 0.0214445 -0.00394353 0.0134141 0.0127227 -0.0234349 0.0514961
internal_weight=504.648 306.936 197.712 104.575 237.898 93.1373 69.0378
internal_count=1704 990 714 348 796 366 194
is_linear=0
shrinkage=0.0414698


Tree=3
num_leaves=8
num_cat=0
split_feature=17 17 17 17 7 9 2
split_gain=35.028 60.2246 77.5446 30.5624 17.224 6.39969 6.14961
threshold=-0.092591317284196881 1.0000000180025095e-35 0.87888776607447461 -0.88152895209207183 0.1932683488774482 -0.4101458874888616 -0.12136794886737144
decision_type=2 2 2 2 2 2 2
left_child=3 5 -3 4 -1 -2 -5
right_child=1 2 -4 6 -6 -7 -8
leaf_value=0.0022579352224318368 -0.034009135168668617 0.039474090184851533 -0.0043289087453076492 0.04818776831443769 0.023477482810013033 -0.014982440580329315 0.02735374082865611
leaf_weight=111.14613422751427 20.964723467826843 59.020425990223885 111.00703854858875 22.154827669262886 54.28373846411705 85.763178527355194 34.551499336957932
leaf_count=389 85 167 401 60 172 327 103
internal_value=0.00679437 -0.000536811 0.0108762 0.0159281 0.00922217 -0.0187191 0.03549
internal_weight=498.892 276.755 170.027 222.136 165.43 106.728 56.7063
internal_count=1704 980 568 724 561 412 163
is_linear=0
shrinkage=0.0308839


Tree=4
num_leaves=8
num_cat=0
split_feature=8 8 8 8 8 5 0
split_gain=28.2068 58.4084 50.4135 44.6966 39.111 8.7254 3.18357
threshold=0.071124974213128508 0.97627369419491428 1.0000000180025095e-35 1.0833278384934255 -0.73821396468422373 -0.45998737494417569 -0.54927560237410333
decision_type=2 2 2 2 2 2 2
left_child=2 6 4 -3 -1 -4 -2
right_child=1 3 5 -5 -6 -7 -8
leaf_value=0.001859178635338653 0.045733750222963193 -0.024841501073855909 -0.011292181442617087 0.030692651898095454 0.044061129421419577 -0.037930353425288117 0.069272994069530192
leaf_weight=190.88115009665489 15.620696201920508 49.887725651264191 39.922215402126312 57.817665964365005 51.538320556282997 52.742410942912102 33.067151799798012
leaf_count=678 46 192 152 183 152 211 90
internal_value=0.00755871 0.0226351 0.000521727 0.00497158 0.0108322 -0.0264499 0.0617072
internal_weight=491.477 156.393 335.084 107.705 242.419 92.6646 48.6878
internal_count=1704 511 1193 375 830 363 136
is_linear=0
shrinkage=0.0429974


Tree=5
num_leaves=8
num_cat=0
split_feature=9 9 9 13 9 3 9
split_gain=23.7288 36.512 26.8418 17.0461 15.5442 7.33671 6.79607
threshold=-0.37434629753242205 0.38540895668919289 -0.4101458874888616 0.27467550899125442 0.47526706157457504 1.1130792935697051 1.0000000180025095e-35
decision_type=2 2 2 2 2 2 2
left_child=2 6 3 -1 -3 -4 -2
right_child=1 4 5 -5 -6 -7 -8
leaf_value=0.019699551252908867 0.067798007474101515 -0.009832598920486213 -0.017939610816085087 -0.014804568039425155 0.017820410615116855 -0.053049754991482442 0.035656386185800304
leaf_weight=97.768003225326538 24.384006410837173 75.827611669898033 74.204439103603363 46.792579054832458 110.30268463492393 15.97530262172222 35.973800674080849
leaf_count=330 70 288 295 176 367 67 111
internal_value=0.00667058 0.0168603 -0.00402894 0.00852857 0.00655511 -0.0241598 0.048636
internal_weight=481.228 246.488 234.74 144.561 186.13 90.1797 60.3578
internal_count=1704 836 868 506 655 362 181
is_linear=0
shrinkage=0.0470247


Tree=6
num_leaves=8
num_cat=0
split_feature=12 7 12 9 7 12 7
split_gain=28.5438 24.6585 23.6184 19.3238 14.7693 11.1172 3.83687
threshold=0.21530686497781709 0.28328722933143241 -0.6009865144664357 -0.37434629753242205 1.2366221534559902 0.36317241704170095 0.70351334340867144
decision_type=2 2 2 2 2 2 2
left_child=2 5 3 -1 -3 -2 -4
right_child=1 4 6 -5 -6 -7 -8
leaf_value=-0.0035211586623097317 -0.020882128386637718 0.046738207995098868 0.035196226835320504 0.016357827455476898 0.0045593418281883119 -0.0020001030960109249 0.014520467438959305
leaf_weight=104.4480663985014 72.569255217909813 13.872277542948721 50.242417261004448 125.88797567784786 32.016702517867088 73.028818145394325 13.214700311422346
leaf_count=382 301 39 151 414 118 256 43
internal_value=0.00573813 -0.00452644 0.0124286 0.00734363 0.0173091 -0.0114109 0.0308839
internal_weight=485.28 191.487 293.793 230.336 45.889 145.598 63.4571
internal_count=1704 714 990 796 157 557 194
is_linear=0
shrinkage=0.0341715


Tree=7
num_leaves=8
num_cat=0
split_feature=6 18 12 8 2 4 15
split_gain=18.5223 18.3259 18.9717 9.624 7.03409 6.4354 5.20819
threshold=1.1396076357034957 1.9201663039765535 1.2108347199626288 0.1127546393568349 0.27674290852126476 0.39071553652505897 -0.23814514068022744
decision_type=2 2 2 2 2 2 2
left_child=1 2 -1 4 -2 -3 -5
right_child=3 5 -4 6 -6 -7 -8
leaf_value=0.015343384486115349 -0.0068328292093913839 -0.0067863190737612027 -0.013183418631535569 0.033070522588579641 -0.03584650519661902 -0.045199154403932754 -0.0089782868491806826
leaf_weight=315.66938015818596 28.287250086665154 20.540071442723274 47.14737494289875 10.009864091873171 30.610356941819191 12.23104354739189 10.708802029490469
leaf_count=1063 119 77 167 39 143 52 44
internal_value=0.00520503 0.0089212 0.0116354 -0.0132567 -0.0219105 -0.0211147 0.0113228
internal_weight=475.204 395.588 362.817 79.6163 58.8976 32.7711 20.7187
internal_count=1704 1359 1230 345 262 129 83
is_linear=0
shrinkage=0.0419584


Tree=8
num_leaves=8
num_cat=0
split_feature=17 17 17 8 14 9 8
split_gain=16.0162 23.1239 33.9014 16.949 12.2236 5.74007 3.56033
threshold=-0.092591317284196881 1.0000000180025095e-35 0.87888776607447461 1.0833278384934255 -0.56743621049686044 -0.4101458874888616 1.9675866633985912
decision_type=2 2 2 2 2 2 2
left_child=3 5 -3 4 -1 -2 -5
right_child=1 2 -4 6 -6 -7 -8
leaf_value=-0.0046568105817057694 -0.035636716688634579 0.031774656646708102 -0.0058804278531767208 0.050061734785651658 0.015598627499999912 -0.012499295350280569 0.024750402366817116
leaf_weight=76.155168771743774 19.440756723284721 52.086630940437317 106.65948006510735 15.715586349368094 102.0592604726553 81.223715662956238 16.819844231009483
leaf_count=277 85 167 401 46 348 327 53
internal_value=0.00374371 -0.00262188 0.00647492 0.0115791 0.00694303 -0.0169678 0.0369672
internal_weight=470.16 259.411 158.746 210.75 178.214 100.664 32.5354
internal_count=1704 980 568 724 625 412 99
is_linear=0
shrinkage=0.0382665


Tree=9
num_leaves=8
num_cat=0
split_feature=6 18 6 6 6 3 18
split_gain=21.6112 20.887 16.3003 14.5147 13.3389 6.54465 3.40065
threshold=1.1396076357034957 1.9201663039765535 1.0000000180025095e-35 1.2572398040110684 2.8412625412490131 -0.3274836635606993 1.9201663039765535
decision_type=2 2 2 2 2 2 2
left_child=1 2 -1 6 -5 -3 -2
right_child=3 5 -4 4 -6 -7 -8
leaf_value=0.0083694382438146229 -0.025509761321161388 -0.033230106143151222 0.030722354129537943 0.034095082115644611 -0.014962419538026831 -0.0016836319105508455 -0.0018670602402344498
leaf_weight=312.2391645014286 45.224915578961372 16.962835907936096 46.156577199697495 13.782309576869013 13.509276315569876 15.499618366360663 8.9756161719560605
leaf_count=1088 207 70 142 42 57 59 39
internal_value=0.0053757 0.00880551 0.0112488 -0.0110723 0.00980232 -0.0181569 -0.0215897
internal_weight=472.35 390.858 358.396 81.4921 27.2916 32.4625 54.2005
internal_count=1704 1359 1230 345 99 129 246
is_linear=0
shrinkage=0.0351177


Tree=10
num_leaves=8
num_cat=0
split_feature=3 3 3 13 2 12 17
split_gain=13.9523 37.549 30.3945 14.4965 13.7049 5.96133 5.38528
threshold=0.14712917384419452 1.1130792935697051 1.2019738642068785 1.2018002931059879 0.27674290852126476 -0.1239861938158389 -0.27705425476710704
decision_type=2 2 2 2 2 2 2
left_child=3 5 -3 4 -1 -2 -5
right_child=1 2 -4 6 -6 -7 -8
leaf_value=0.0091713643697838472 0.055263270995089139 -0.021126463594615518 0.021595121119329687 -0.0069642424982441073 -0.0062341624090225187 0.028246039641963889 -0.033993203819807132
leaf_weight=167.98569656908512 20.392292961478233 42.75688724219799 42.13870857656002 17.956852748990059 131.06140097975731 21.228921130299568 19.676752477884293
leaf_count=601 59 175 140 65 511 70 83
internal_value=0.00359009 0.0136992 8.07339e-05 -0.000208844 0.00241943 0.041475 -0.0210896
internal_weight=463.198 126.517 84.8956 336.681 299.047 41.6212 37.6336
internal_count=1704 444 315 1260 1112 129 148
is_linear=0
shrinkage=0.0357093


Tree=11
num_leaves=8
num_cat=0
split_feature=17 17 17 17 7 9 2
split_gain=18.5702 25.7947 37.9017 17.9034 16.9826 5.77758 5.34265
threshold=-0.092591317284196881 1.0000000180025095e-35 0.87888776607447461 -0.88152895209207183 0.1932683488774482 -0.4101458874888616 -0.12136794886737144
decision_type=2 2 2 2 2 2 2
left_child=3 5 -3 4 -1 -2 -5
right_child=1 2 -4 6 -6 -7 -8
leaf_value=-0.0010778195726688831 -0.027614078389703634 0.026657391791032416 -0.0040631288219835863 0.037684154084979479 0.019616060050054798 -0.0095322559790064886 0.018209746146857796
leaf_weight=107.68562130630016 19.427527219057083 53.626253485679626 106.45120832324028 20.317806378006935 52.323388785123825 81.367563784122467 32.489567428827286
leaf_count=389 85 167 401 60 172 327 103
internal_value=0.00412227 -0.00120756 0.00622847 0.0106556 0.00569006 -0.0130174 0.0257002
internal_weight=473.689 260.873 160.077 212.816 160.009 100.795 52.8074
internal_count=1704 980 568 724 561 412 163
is_linear=0
shrinkage=0.029805


Tree=12
num_leaves=7
num_cat=0
split_feature=9 9 9 9 11 7
split_gain=13.0747 21.6534 23.5239 21.9395 15.8676 10.8373
threshold=-0.37434629753242205 1.2174879513384689 0.47526706157457504 1.3487468139858649 1.5886263669525176 0.24689607876682654
decision_type=2 2 2 2 2 2
left_child=4 2 -2 -3 5 -1
right_child=1 3 -4 -5 -6 -7
leaf_value=-0.012472543369673194 0.010583247552455908 -0.028334779916839081 0.048388727711109664 0.017193127305573382 0.035685161447774193 0.0078726239961338755
leaf_weight=145.49501265585423 127.6135106831789 40.027858197689056 35.0078494399786 31.61690528690815 16.131863862276077 62.486316487193108
leaf_count=585 469 154 108 105 54 229
internal_value=0.00372582 0.0104764 0.018723 -0.0082386 -0.00333042 -0.00635925
internal_weight=458.379 234.266 162.621 71.6448 224.113 207.981
internal_count=1704 836 577 259 868 814
is_linear=0
shrinkage=0.0408675


Tree=13
num_leaves=5
num_cat=0
split_feature=2 2 2 2
split_gain=10.8121 15.8148 33.8265 22.9396
threshold=2.2601347812385639 0.33521787112802781 0.27674290852126476 0.94849958921921784
decision_type=2 2 2 2
left_child=1 2 -1 -3
right_child=-2 3 -4 -5
leaf_value=0.0073881274735290966 -0.033552413707057131 0.047770659591085916 -0.020276952356084288 0.00472274192238532
leaf_weight=262.4069100767374 12.175030574202536 28.452191978693008 91.761839188635349 57.484084248542786
leaf_count=962 50 89 386 217
internal_value=0.00287384 0.00388258 0.000219965 0.0189755
internal_weight=452.28 440.105 354.169 85.9363
internal_count=1704 1654 1348 306
is_linear=0
shrinkage=0.0392253


Tree=14
num_leaves=8
num_cat=0
split_feature=13 13 4 2 17 16 11
split_gain=9.60998 18.2461 10.8403 9.76664 8.52585 6.7136 3.2176
threshold=0.27467550899125442 -0.48932710796035989 0.39071553652505897 0.33521787112802781 -0.31497718396665708 0.95000938739815544 -0.32014354348622648
decision_type=2 2 2 2 2 2 2
left_child=1 2 -1 5 -5 -2 -3
right_child=3 6 -4 4 -6 -7 -8
leaf_value=0.01135134355601574 -0.0084022086644631143 0.052425680570478798 -0.010048585664233547 0.045819863215289469 -0.0064902523788189382 -0.042696979307500868 0.025990572408278675
leaf_weight=143.40520617365837 115.43069808930159 18.453827515244484 94.838594511151314 14.390672326087953 15.675891041755674 15.611208364367483 27.825938016176224
leaf_count=524 457 62 380 49 64 68 100
internal_value=0.00288681 0.00831386 0.00283254 -0.00669709 0.0185373 -0.0124898 0.0365258
internal_weight=445.632 284.524 238.244 161.108 30.0666 131.042 46.2798
internal_count=1704 1066 904 638 113 525 162
is_linear=0
shrinkage=0.0491141


Tree=15
num_leaves=8
num_cat=0
split_feature=6 18 10 6 6 3 18
split_gain=8.65784 10.1297 10.3527 5.5697 5.42904 4.37226 3.28469
threshold=1.1396076357034957 1.9201663039765535 1.1133179260591255 1.2572398040110684 2.8412625412490131 -0.3274836635606993 1.9201663039765535
decision_type=2 2 2 2 2 2 2
left_child=1 2 -1 6 -5 -3 -2
right_child=3 5 -4 4 -6 -7 -8
leaf_value=0.007539388340943776 -0.017863793787249855 -0.024975870195668558 -0.0065684529062756906 0.019239367141357842 -0.010162448243153974 -0.0015102864915775907 0.0035246474802848424
leaf_weight=274.66526964306831 40.877777591347694 15.851682722568514 61.161954492330551 11.582583397626879 12.579493612051008 14.706407323479651 8.2915083765983564
leaf_count=1000 207 70 230 42 57 59 39
internal_value=0.0014667 0.00341379 0.00496957 -0.00826005 0.00392689 -0.013676 -0.0142528
internal_weight=439.717 366.385 335.827 73.3314 24.1621 30.5581 49.1693
internal_count=1704 1359 1230 345 99 129 246
is_linear=0
shrinkage=0.031017


Tree=16
num_leaves=8
num_cat=0
split_feature=6 18 12 8 11 15 4
split_gain=14.2059 16.2338 15.3699 8.00046 7.66112 5.9432 4.45395
threshold=1.1396076357034957 1.9201663039765535 1.2108347199626288 0.1127546393568349 -0.63921528034091024 -0.23814514068022744 0.39071553652505897
decision_type=2 2 2 2 2 2 2
left_child=1 2 -1 4 -2 -5 -3
right_child=3 6 -4 5 -6 -7 -8
leaf_value=0.0073715797495890033 -0.022069455879210789 -0.0059108638600156487 -0.0079388675130928447 0.019383905452078638 -0.0039409383407264251 -0.0074536192909705635 -0.024861034284109566
leaf_weight=292.99699552357197 26.621736437082291 19.812081024050716 45.139776647090912 9.5113460272550601 29.106326892971992 10.164525136351584 11.789446294307707
leaf_count=1063 130 77 167 39 132 44 52
internal_value=0.00179131 0.00376218 0.00532717 -0.00787127 -0.0126005 0.00551219 -0.0129759
internal_weight=445.142 369.738 338.137 75.4039 55.7281 19.6759 31.6015
internal_count=1704 1359 1230 345 262 83 129
is_linear=0
shrinkage=0.0244305


Tree=17
num_leaves=7
num_cat=0
split_feature=14 14 14 4 7 4
split_gain=8.03509 9.33703 29.4998 8.66777 5.22384 4.67596
threshold=0.32078554167742135 0.27397806272271569 -0.56743621049686044 0.57250429260579905 0.14525940587580199 1.587176451448326
decision_type=2 2 2 2 2 2
left_child=1 2 -1 4 -2 -3
right_child=3 5 -4 -5 -6 -7
leaf_value=-0.0030380542039348934 0.013275238540749201 -0.0073005883034772158 0.025786255674684212 0.031880105009658655 -0.0042604115880858261 -0.029838629646346773
leaf_weight=212.06576048582792 41.461372949182987 72.63033302128315 47.65079240500927 16.509695947170258 33.769208945333958 11.697646237909792
leaf_count=845 157 294 167 57 132 52
internal_value=0.00146472 -0.000856796 0.00225104 0.0101702 0.00540417 -0.0104281
internal_weight=435.785 344.045 259.717 91.7403 75.2306 84.328
internal_count=1704 1358 1012 346 289 346
is_linear=0
shrinkage=0.0331104


Tree=18
num_leaves=5
num_cat=0
split_feature=2 2 2 2
split_gain=11.6679 12.1347 27.1202 21.1774
threshold=2.2601347812385639 0.33521787112802781 0.27674290852126476 0.94849958921921784
decision_type=2 2 2 2
left_child=1 2 -1 -3
right_child=-2 3 -4 -5
leaf_value=0.0049240480614444974 -0.028135186894165259 0.034961613740716053 -0.014506191213011291 0.0021475144360311956
leaf_weight=251.80663760751486 11.88774326443672 26.800764694809914 89.883722715079784 55.996342793107033
leaf_count=962 50 89 386 217
internal_value=0.00150903 0.00234008 -0.000187378 0.0127696
internal_weight=436.375 424.487 341.69 82.7971
internal_count=1704 1654 1348 306
is_linear=0
shrinkage=0.0303695


Tree=19
num_leaves=5
num_cat=0
split_feature=2 2 2 2
split_gain=9.55664 10.4901 22.8702 18.5749
threshold=2.2601347812385639 0.33521787112802781 0.27674290852126476 0.94849958921921784
decision_type=2 2 2 2
left_child=1 2 -1 -3
right_child=-2 3 -4 -5
leaf_value=0.0053837922771672129 -0.029453726539169472 0.038964745413713218 -0.015476557391271446 0.0026866064789059512
leaf_weight=254.10861390829086 11.91067999601364 25.779146075248718 89.084977611899376 56.509644016623497
leaf_count=962 50 89 386 217
internal_value=0.00181643 0.00269269 -3.12621e-05 0.0140523
internal_weight=437.393 425.482 343.194 82.2888
internal_count=1704 1654 1348 306
is_linear=0
shrinkage=0.0354306


Tree=20
num_leaves=7
num_cat=0
split_feature=9 9 9 9 11 7
split_gain=13.0811 22.2489 21.6758 20.9019 15.5344 10.1763
threshold=-0.37434629753242205 1.2174879513384689 0.47526706157457504 1.3487468139858649 1.5886263669525176 0.24689607876682654
decision_type=2 2 2 2 2 2
left_child=4 2 -2 -3 5 -1
right_child=1 3 -4 -5 -6 -7
leaf_value=-0.010957670013579796 0.0094718944966933026 -0.024799133379396831 0.041307657127645683 0.014121092872679913 0.030792099583595203 0.0062736602380510679
leaf_weight=142.97951102256775 125.78293569386005 39.504657536745071 34.387848913669586 31.163535922765732 15.818741992115973 62.085177451372147
leaf_count=585 469 154 108 105 54 229
internal_value=0.0030615 0.00897813 0.0163079 -0.00763183 -0.0031217 -0.00574009
internal_weight=451.722 230.839 160.171 70.6682 220.883 205.065
internal_count=1704 836 577 259 868 814
is_linear=0
shrinkage=0.0355453


Tree=21
num_leaves=8
num_cat=0
split_feature=12 12 12 12 8 9 9
split_gain=26.5852 29.808 21.5159 27.0868 13.0324 3.15806 2.92519
threshold=0.21530686497781709 -0.6009865144664357 0.28412581282136257 1.2108347199626288 0.071124974213128508 -0.4101458874888616 0.27333519636797743
decision_type=2 2 2 2 2 2 2
left_child=1 4 5 -4 -1 -2 -3
right_child=2 6 3 -5 -6 -7 -8
leaf_value=-0.0092973932805214664 -0.031220139141739101 0.013503886610094428 0.01560023391105784 -0.013947441926658465 0.0039160582410595873 -0.019344071062425396 0.027393406224209535
leaf_weight=143.14368133246899 19.474303364753723 41.859885931015015 32.171073496341705 65.131895765662193 81.250873640179634 76.925091773271561 14.04608431458473
leaf_count=513 77 147 110 238 283 289 47
internal_value=-0.00541139 -0.000223041 -0.0129191 -0.0041778 -0.00451241 -0.0217431 0.0169914
internal_weight=474.003 280.301 193.702 97.303 224.395 96.3994 55.906
internal_count=1704 990 714 348 796 366 194
is_linear=0
shrinkage=0.0263549


Tree=22
num_leaves=8
num_cat=0
split_feature=12 7 7 7 8 7 11
split_gain=9.71941 14.037 10.7297 26.8272 11.1132 8.2136 6.59548
threshold=0.21530686497781709 0.28328722933143241 0.14525940587580199 -0.71775246286551064 0.071124974213128508 1.2366221534559902 0.27744465643323141
decision_type=2 2 2 2 2 2 2
left_child=2 6 3 -1 -4 -3 -2
right_child=1 5 4 -5 -6 -7 -8
leaf_value=0.00089633151589908722 -0.0046767263879150898 0.032066976482703617 -0.0098220865380309538 0.030292693153931238 0.0093226208182426162 0.0017315675101329713 -0.018605191759235404
leaf_weight=98.089212566614151 80.543350078165531 11.704191103577612 77.794711604714394 42.583311915397644 46.238769829273224 31.396040230989456 54.547948598861694
leaf_count=369 322 39 303 148 170 118 235
internal_value=0.00018818 -0.00539667 0.00394787 0.00979563 -0.00268379 0.00996965 -0.0103008
internal_weight=442.898 178.192 264.706 140.673 124.033 43.1002 135.091
internal_count=1704 714 990 517 473 157 557
is_linear=0
shrinkage=0.0309341


Tree=23
num_leaves=8
num_cat=0
split_feature=6 12 18 6 6 12 18
split_gain=23.2116 21.1535 15.4675 13.5621 15.0688 12.9582 2.2356
threshold=1.1396076357034957 0.21530686497781709 1.9201663039765535 1.2572398040110684 2.8412625412490131 0.36317241704170095 1.9201663039765535
decision_type=2 2 2 2 2 2 2
left_child=1 2 -1 6 -5 -3 -2
right_child=3 5 -4 4 -6 -7 -8
leaf_value=0.0031434871131524509 -0.018809841110937593 -0.012710661429890665 -0.014489372012606876 0.013426378127245245 -0.014282929882427754 -0.0019402302457636586 -0.0093795606927087136
leaf_weight=206.02043740451336 51.013164728879929 74.668998196721077 18.449458703398705 12.396598905324938 14.468260288238524 77.636553674936295 10.279410034418104
leaf_count=729 207 278 71 42 57 281 39
internal_value=-0.00390536 -0.00191005 0.00169309 -0.012432 -0.00150018 -0.00722014 -0.0172263
internal_weight=464.933 376.775 224.47 88.1574 26.8649 152.306 61.2926
internal_count=1704 1359 800 345 99 559 246
is_linear=0
shrinkage=0.0184618


Tree=24
num_leaves=8
num_cat=0
split_feature=17 17 17 17 1 2 9
split_gain=10.3516 13.541 23.9184 9.98481 10.3529 5.70387 5.1005
threshold=-0.092591317284196881 1.0000000180025095e-35 0.87888776607447461 -0.88152895209207183 1.4627850869610992 -0.12136794886737144 -0.4101458874888616
decision_type=2 2 2 2 2 2 2
left_child=3 6 -3 4 -1 -5 -2
right_child=1 2 -4 5 -6 -7 -8
leaf_value=-0.0011662191338811716 -0.024450386463517319 0.017485652565612263 -0.0060784947549209732 0.028049230214615452 0.023602549292742525 0.0081441213606088334 -0.0087400633960338578
leaf_weight=139.38851275295019 19.009744435548782 46.55006317794323 103.20307242870331 17.126511469483376 13.793223381042479 28.610271632671356 80.630785450339317
leaf_count=516 85 167 401 60 45 103 327
internal_value=-0.000236748 -0.00394093 0.00124654 0.00440723 0.00106603 0.0155963 -0.0117376
internal_weight=448.312 249.394 149.753 198.919 153.182 45.7368 99.6405
internal_count=1704 980 568 724 561 163 412
is_linear=0
shrinkage=0.0272961


Tree=25
num_leaves=8
num_cat=0
split_feature=6 14 0 6 6 4 3
split_gain=9.09365 8.14303 9.30079 5.8917 5.67766 3.92425 2.62194
threshold=1.1396076357034957 1.431643500509548 -0.1079333387789332 1.2572398040110684 2.8412625412490131 -0.57000274287395813 0.085855751475224187
decision_type=2 2 2 2 2 2 2
left_child=1 2 -1 6 -5 -3 -2
right_child=3 5 -4 4 -6 -7 -8
leaf_value=-0.0050002196833254953 -0.010789644256264049 0.0085222849124170393 0.008035338770914939 0.022627300169963921 -0.014675657230002725 0.038292043193015358 -0.028266684586000457
leaf_weight=202.50858898460865 23.476530000567436 13.996088415384294 135.33058068156242 11.344577357172968 12.900919839739798 12.315833419561384 27.747239880263805
leaf_count=771 110 51 496 42 57 41 136
internal_value=-0.000692432 0.00182827 0.000221618 -0.0128539 0.0027727 0.0224485 -0.0202553
internal_weight=439.62 364.151 337.839 75.4693 24.2455 26.3119 51.2238
internal_count=1704 1359 1267 345 99 92 246
is_linear=0
shrinkage=0.0385008


Tree=26
num_leaves=6
num_cat=0
split_feature=9 9 11 14 0
split_gain=7.46437 17.4274 8.97102 7.86971 7.20857
threshold=-0.37434629753242205 1.0000000180025095e-35 1.5886263669525176 -0.56743621049686044 1.3432075644370391
decision_type=2 2 2 2 2
left_child=2 -2 4 -3 -1
right_child=1 3 -4 -5 -6
leaf_value=-0.0046394315328633371 0.037566350664363313 -0.006477830482557503 0.021507484261467515 0.0077387654388380231 -0.024897010978366312
leaf_weight=174.23174846172333 18.35396534204483 94.119813531637192 14.956340551376341 106.95434084534645 25.934126883745193
leaf_count=707 70 363 54 403 107
internal_value=-0.000516149 0.00413733 -0.00526285 0.00108422 -0.00726491
internal_weight=434.55 219.428 215.122 201.074 200.166
internal_count=1704 836 868 766 814
is_linear=0
shrinkage=0.0358619


Tree=27
num_leaves=8
num_cat=0
split_feature=17 17 17 8 17 9 11
split_gain=15.5069 18.3967 30.3011 13.9928 8.64773 6.55301 3.22739
threshold=-0.092591317284196881 1.0000000180025095e-35 0.87888776607447461 1.0833278384934255 -0.88152895209207183 -0.4101458874888616 -0.020892383657170475
decision_type=2 2 2 2 2 2 2
left_child=3 5 -3 4 -1 -2 -5
right_child=1 2 -4 6 -6 -7 -8
leaf_value=-0.00036461204326816834 -0.030790398895807501 0.022222738565262752 -0.007404544470342272 0.014158248156090675 0.016343063537863842 -0.010992110547502161 0.034621381440689263
leaf_weight=130.67445380240679 19.688173927366734 48.277643918991089 101.30905497074127 12.410941481590273 37.831916600465775 80.706197664141655 17.672515690326691
leaf_count=492 85 167 401 43 133 327 56
internal_value=0.000418286 -0.0046827 0.00215757 0.00683931 0.00338734 -0.014875 0.02617
internal_weight=448.571 249.981 149.587 198.59 168.506 100.394 30.0835
internal_count=1704 980 568 724 625 412 99
is_linear=0
shrinkage=0.0307827


Tree=28
num_leaves=8
num_cat=0
split_feature=6 6 13 6 6 3 18
split_gain=13.459 14.7859 12.0159 9.38266 7.81708 5.26205 2.31097
threshold=1.1396076357034957 1.0000000180025095e-35 1.2018002931059879 1.2572398040110684 2.8412625412490131 1.0000000180025095e-35 1.9201663039765535
decision_type=2 2 2 2 2 2 2
left_child=1 2 -1 6 -5 -3 -2
right_child=3 5 -4 4 -6 -7 -8
leaf_value=0.0044408101719975975 -0.018613995972927379 0.013969420004993233 -0.012251818190795858 0.02182024504853159 -0.010089054745731855 0.036186615374029139 -0.002525809488580109
leaf_weight=296.89973957836628 42.971687540411949 31.512784525752068 41.09077812731266 12.59626327455044 13.08293181657791 12.427389353513716 9.0352996587753278
leaf_count=1058 207 105 156 42 57 40 39
internal_value=0.00223051 0.00446395 0.00241097 -0.00874819 0.0055565 0.0202518 -0.0158158
internal_weight=459.617 381.931 337.991 77.6862 25.6792 43.9402 52.007
internal_count=1704 1359 1214 345 99 145 246
is_linear=0
shrinkage=0.0289399


Tree=29
num_leaves=8
num_cat=0
split_feature=12 7 17 16 7 13 10
split_gain=8.06646 10.2576 9.96858 7.25824 6.50833 5.69599 5.56071
threshold=0.21530686497781709 0.28328722933143241 -0.092591317284196881 1.8770799877687276 1.2366221534559902 0.27467550899125442 1.1133179260591255
decision_type=2 2 2 2 2 2 2
left_child=2 3 6 -2 -3 -4 -1
right_child=1 4 5 -5 -6 -7 -8
leaf_value=0.021471242540973892 -0.017836814897396504 0.046794366275278658 0.0036609704296576579 0.024350940246718952 0.0022232648985493811 -0.018015205598605435 -0.0055001436523725109
leaf_weight=99.321287617087364 122.65693568438292 10.792474418878554 97.104430064558983 10.880386143922804 31.36328698694706 42.896807476878166 23.114220067858696
leaf_count=361 516 39 369 41 118 176 84
internal_value=0.000548681 -0.00766824 0.00604988 -0.0143956 0.0136351 -0.0029804 0.0163763
internal_weight=438.13 175.693 262.437 133.537 42.1558 140.001 122.436
internal_count=1704 714 990 557 157 545 445
is_linear=0
shrinkage=0.0495527


Tree=30
num_leaves=5
num_cat=0
split_feature=2 7 7 11
split_gain=6.81455 7.75511 8.62345 4.06462
threshold=2.2601347812385639 1.5283259106169955 0.14525940587580199 -0.090585224116683627
decision_type=2 2 2 2
left_child=1 2 -1 -3
right_child=-2 3 -4 -5
leaf_value=0.0045928666061312295 -0.0273689417904995 0.0022431160089859659 -0.0065143960666192852 0.030516977611140951
leaf_weight=220.07845193892717 11.862362012267111 11.443479761481287 170.9343843460083 17.936452463269234
leaf_count=857 50 43 695 59
internal_value=0.00033594 0.00111851 -0.00026271 0.0194949
internal_weight=432.255 420.393 391.013 29.3799
internal_count=1704 1654 1552 102
is_linear=0
shrinkage=0.0371024


Tree=31
num_leaves=8
num_cat=0
split_feature=12 7 12 8 7 11 7
split_gain=11.4561 15.2883 10.7279 10.0724 9.57303 7.25146 3.07341
threshold=0.21530686497781709 0.28328722933143241 -0.6009865144664357 0.071124974213128508 1.2366221534559902 0.27744465643323141 0.70351334340867144
decision_type=2 2 2 2 2 2 2
left_child=2 5 3 -1 -3 -2 -4
right_child=1 4 6 -5 -6 -7 -8
leaf_value=-0.0033830518435962074 -0.0043831709022297098 0.029202827106443917 0.01808070065624677 0.0086249253188140241 0.0010196187596447851 -0.016983738223443647 0.0023401296111109668
leaf_weight=136.1459995508194 81.190207600593567 11.964637473225592 40.555485725402832 79.603813320398331 31.278311133384705 55.150140143930912 11.414705678820608
leaf_count=513 322 39 151 283 118 235 43
internal_value=0.00016725 -0.00507297 0.00368246 0.00104773 0.00881768 -0.00948006 0.0146189
internal_weight=447.303 179.583 267.72 215.75 43.2429 136.34 51.9702
internal_count=1704 714 990 796 157 557 194
is_linear=0
shrinkage=0.0268199


Tree=32
num_leaves=8
num_cat=0
split_feature=5 5 5 13 17 2 17
split_gain=6.6372 30.0514 23.8785 12.3647 10.3525 7.82478 4.49514
threshold=1.0000000180025095e-35 0.056111738960387937 0.9161486001452781 1.2018002931059879 0.87888776607447461 0.27674290852126476 -0.27705425476710704
decision_type=2 2 2 2 2 2 2
left_child=3 4 -3 5 -2 -1 -5
right_child=1 2 -4 6 -6 -7 -8
leaf_value=0.016440451579640206 -0.014476130290917119 0.032797249690850669 -0.0043535284797337898 -0.0040328709163589107 -0.045599501715007235 -0.00050816282321347389 -0.033660758043529984
leaf_weight=107.22560205310583 60.345928683876991 41.375206097960472 89.258286118507385 18.833695963025093 24.569463044404984 76.126528963446617 15.03637310117483
leaf_count=395 252 145 357 71 110 307 67
internal_value=0.000268924 -0.00475745 0.00741317 0.00525668 -0.0234808 0.00940292 -0.0171796
internal_weight=432.771 215.549 130.633 217.222 84.9154 183.352 33.8701
internal_count=1704 864 502 840 362 702 138
is_linear=0
shrinkage=0.0404335


Tree=33
num_leaves=8
num_cat=0
split_feature=6 9 9 9 8 11 11
split_gain=6.03509 6.39973 20.5406 11.9804 4.59051 6.95943 2.65604
threshold=1.1396076357034957 1.2174879513384689 0.47526706157457504 1.3487468139858649 0.1127546393568349 -0.63921528034091024 0.27744465643323141
decision_type=2 2 2 2 2 2 2
left_child=1 2 -1 -3 5 -2 -6
right_child=4 3 -4 -5 6 -7 -8
leaf_value=0.0012067974975283242 -0.027239552380444204 -0.022629171001217183 0.03226193347781596 0.0077104438706368742 0.017676385483682017 -0.0023858272585120213 -0.0070688024803425729
leaf_weight=268.44092659652233 23.987890899181366 30.698395073413849 26.319142125546932 28.011475205421448 9.5512210577726382 26.906068578362465 9.9542694240808469
leaf_count=1038 130 121 101 99 39 132 44
internal_value=0.000178155 0.00196532 0.00398074 -0.00815099 -0.00879362 -0.0140997 0.00504052
internal_weight=423.869 353.47 294.76 58.7099 70.3994 50.894 19.5055
internal_count=1704 1359 1139 220 345 262 83
is_linear=0
shrinkage=0.0335611


Tree=34
num_leaves=5
num_cat=0
split_feature=5 0 0 0
split_gain=5.56608 5.9043 12.0504 8.82555
threshold=2.0529032057945504 -0.1079333387789332 0.18054539434325634 -0.17445316902167238
decision_type=2 2 2 2
left_child=1 3 -3 -1
right_child=-2 2 -4 -5
leaf_value=0.00057997875458643932 0.029803192257165684 0.051464941540571886 0.002570158653513998 -0.019040110873105882
leaf_weight=176.28132551908493 14.228599503636358 12.752420738339422 138.6767548173666 76.181625820696354
leaf_count=724 52 48 554 326
internal_value=0.000213549 -0.000829609 0.00669047 -0.0053405
internal_weight=418.121 403.892 151.429 252.463
internal_count=1704 1652 602 1050
is_linear=0
shrinkage=0.0481744


Tree=35
num_leaves=4
num_cat=0
split_feature=10 10 10
split_gain=5.08136 12.0543 6.45717
threshold=2.6635391190623485 1.2618633059181228 1.1133179260591255
decision_type=2 2 2
left_child=1 2 -1
right_child=-2 -3 -4
leaf_value=0.0027391147721064759 -0.031243842963319945 0.056652027148425252 -0.017590146082285617
leaf_weight=329.49915179610252 15.484410233795641 12.002088084816931 57.538258731365204
leaf_count=1347 65 42 250
internal_value=0.00020904 0.00143048 -0.000283394
internal_weight=414.524 399.039 387.037
internal_count=1704 1639 1597
is_linear=0
shrinkage=0.0560022


Tree=36
num_leaves=7
num_cat=0
split_feature=9 9 1 9 12 3
split_gain=7.45533 15.6135 7.57282 7.1221 9.00243 8.71367
threshold=-0.28927029204460036 1.0000000180025095e-35 1.3380766833452398 -0.4101458874888616 1.0000000180025095e-35 1.1130792935697051
decision_type=2 2 2 2 2 2
left_child=3 -2 -3 4 -1 -5
right_child=1 2 -4 5 -6 -7
leaf_value=0.010782388923648547 0.043854524222685314 0.0059766977513506722 -0.017118672081757973 -0.0073896873350494923 -0.010134400935097833 -0.040569617521504862
leaf_weight=71.133624099195004 15.507688850164412 172.87960664927959 24.901047557592392 69.907935619354248 56.732975274324417 14.676872842013834
leaf_count=271 62 666 100 302 235 68
internal_value=0.000862092 0.00603533 0.00306796 -0.00433142 0.00150096 -0.0131488
internal_weight=425.74 213.288 197.781 212.451 127.867 84.5848
internal_count=1704 828 766 876 506 370
is_linear=0
shrinkage=0.039172


Tree=37
num_leaves=8
num_cat=0
split_feature=12 12 12 12 8 7 8
split_gain=12.6485 16.3293 10.7447 18.3519 8.03397 3.08545 2.84154
threshold=0.21530686497781709 -0.6009865144664357 0.36317241704170095 1.2108347199626288 0.071124974213128508 0.70351334340867144 1.0000000180025095e-35
decision_type=2 2 2 2 2 2 2
left_child=1 4 6 -4 -1 -3 -2
right_child=2 5 3 -5 -6 -7 -8
leaf_value=-0.0075681960387627067 -0.010545425269873831 0.0151988115201967 0.013678279351994492 -0.01080165540507934 0.0025394373570217866 0.00029962126046268497 -0.019294343105835103
leaf_weight=135.26481817662716 41.500357747077942 38.714230097830296 27.286355763673782 61.60838471353054 75.811151653528214 11.014446124434469 51.268921181559563
leaf_count=513 166 151 102 238 283 43 208
internal_value=-0.00442628 -0.000918515 -0.009462 -0.00328687 -0.00393747 0.0118938 -0.0153798
internal_weight=442.469 260.805 181.664 88.8947 211.076 49.7287 92.7693
internal_count=1704 990 714 340 796 194 374
is_linear=0
shrinkage=0.0248593


Tree=38
num_leaves=7
num_cat=0
split_feature=6 18 10 18 2 3
split_gain=5.24252 7.52936 7.78397 3.86862 4.07783 3.26139
threshold=1.1396076357034957 1.9201663039765535 2.6635391190623485 1.0000000180025095e-35 0.27674290852126476 -0.3274836635606993
decision_type=2 2 2 2 2 2
left_child=1 2 -1 4 -2 -3
right_child=3 5 -4 -5 -6 -7
leaf_value=0.004384967822353412 -0.0057372398502594287 -0.031789945369340884 -0.031320502594380309 0.01139736833466864 -0.027622524413308328 -0.0044512231054393689
leaf_weight=308.52923414111137 33.307029455900192 15.208136886358263 10.673758894205092 10.969444312155245 25.396182902157307 14.336349874734877
leaf_count=1187 154 70 43 50 141 59
internal_value=-0.000708672 0.00135003 0.00318963 -0.0110125 -0.0152054 -0.0185162
internal_weight=418.42 348.747 319.203 69.6727 58.7032 29.5445
internal_count=1704 1359 1230 345 295 129
is_linear=0
shrinkage=0.0411511


Tree=39
num_leaves=8
num_cat=0
split_feature=12 7 11 17 15 11 9
split_gain=4.75213 6.83792 6.78087 7.68147 7.40462 4.97515 4.24853
threshold=0.21530686497781709 0.28328722933143241 -0.63921528034091024 0.65996663140346346 1.0000000180025095e-35 1.0000000180025095e-35 0.43791124164290823
decision_type=2 2 2 2 2 2 2
left_child=2 5 4 -4 -1 -2 -3
right_child=1 6 3 -5 -6 -7 -8
leaf_value=-0.015031245571010675 -0.0037446731864525192 0.019470274835984659 0.016733326719070248 -0.0099107067236599913 0.010420296009141555 -0.022672660183029505 -0.016046863707788479
leaf_weight=67.924565806984901 69.939820438623428 29.652091585099697 105.88425710052252 31.955724135041237 41.957080587744713 57.36240515857935 10.274434238672255
leaf_count=280 298 117 417 128 165 259 40
internal_value=-0.000672465 -0.00687785 0.00351658 0.0105544 -0.00531106 -0.0122735 0.0103201
internal_weight=414.95 167.229 247.722 137.84 109.882 127.302 39.9265
internal_count=1704 714 990 545 445 557 157
is_linear=0
shrinkage=0.0476455


Tree=40
num_leaves=8
num_cat=0
split_feature=4 4 4 4 9 13 17
split_gain=8.19289 16.9722 20.7005 13.8902 10.1044 7.27673 4.643
threshold=0.39071553652505897 0.47532287575075244 1.587176451448326 -0.57000274287395813 -0.4101458874888616 0.27467550899125442 -0.31497718396665708
decision_type=2 2 2 2 2 2 2
left_child=3 4 -3 5 -2 -1 -5
right_child=1 2 -4 6 -6 -7 -8
leaf_value=0.0047016589614255148 -0.034017987641533597 0.024084511599407308 -0.0057619459441327781 0.030931820301911335 -0.0086919320068706233 -0.0057948368756963117 0.011592440405358761
leaf_weight=134.20097488164902 15.212999567389486 28.599859148263931 52.009822808206081 14.365784645080565 70.192234478890896 86.155991017818451 31.353521056473255
leaf_count=506 71 104 214 50 295 348 116
internal_value=0.000465191 -0.00444855 0.00482714 0.0035312 -0.0132044 0.000597668 0.0176677
internal_weight=432.091 166.015 80.6097 266.076 85.4052 220.357 45.7193
internal_count=1704 684 318 1020 366 854 166
is_linear=0
shrinkage=0.0281895


Tree=41
num_leaves=6
num_cat=0
split_feature=9 9 11 14 0
split_gain=9.06024 16.969 9.33589 7.99823 7.36083
threshold=-0.37434629753242205 1.0000000180025095e-35 1.5886263669525176 -0.56743621049686044 1.3432075644370391
decision_type=2 2 2 2 2
left_child=2 -2 4 -3 -1
right_child=1 3 -4 -5 -6
leaf_value=-0.003444195988540739 0.030163521557658612 -0.0042312235780733688 0.017642489051693137 0.0071756213448859324 -0.019618357030906919
leaf_weight=174.00310744345188 18.640761598944664 92.742837563157082 15.010694488883017 106.21741542220116 26.042740061879158
leaf_count=707 70 363 54 403 107
internal_value=0.000201178 0.0042844 -0.00393028 0.00185849 -0.00555048
internal_weight=432.658 217.601 215.057 198.96 200.046
internal_count=1704 836 868 766 814
is_linear=0
shrinkage=0.0283844


Tree=42
num_leaves=5
num_cat=0
split_feature=15 0 15 15
split_gain=5.0516 8.33078 7.48891 5.43069
threshold=1.6640326034420772 -0.35094084498248496 0.90878918803386399 0.77163260641584019
decision_type=2 2 2 2
left_child=2 -2 3 -1
right_child=1 -3 -4 -5
leaf_value=0.002067035666676952 -0.044469868404204492 0.0030395657671364439 0.032328862153181814 -0.016030150561893438
leaf_weight=321.36308421939611 15.167228996753691 19.391717880964279 17.209993958473206 43.446820311248302
leaf_count=1314 66 74 66 184
internal_value=-0.000218859 -0.0178068 0.00137263 -8.85557e-05
internal_weight=416.579 34.5589 382.02 364.81
internal_count=1704 140 1564 1498
is_linear=0
shrinkage=0.0480541


Tree=43
num_leaves=8
num_cat=0
split_feature=3 3 3 8 8 4 12
split_gain=4.65806 20.2778 10.9867 5.52229 12.4933 6.11614 4.9046
threshold=0.14712917384419452 1.1130792935697051 1.2019738642068785 0.1724818743998339 0.58604625066338423 0.39071553652505897 -0.1239861938158389
decision_type=2 2 2 2 2 2 2
left_child=3 6 -3 5 -5 -1 -2
right_child=1 2 -4 4 -6 -7 -8
leaf_value=-0.00057758442089669729 0.049593819281983711 -0.018522047484600158 0.011546806095113646 0.042551841210992356 -0.00034683705840889416 -0.014024986075535831 0.018779557597973576
leaf_weight=132.35672695934772 15.034776039421557 40.009551167488098 36.095550522208214 12.398414105176924 72.592475309967995 87.948887579143047 17.377512656152248
leaf_count=529 59 175 140 49 291 391 70
internal_value=-0.000143621 0.00689002 -0.00425865 -0.00264396 0.00591406 -0.00594603 0.0330651
internal_weight=413.814 108.517 76.1051 305.297 84.9909 220.306 32.4123
internal_count=1704 444 315 1260 340 920 129
is_linear=0
shrinkage=0.0395292


Tree=44
num_leaves=7
num_cat=0
split_feature=9 9 1 0 1 3
split_gain=4.82876 10.9376 6.82832 6.01957 5.54238 5.2685
threshold=-0.28927029204460036 -0.033242108751767543 1.3380766833452398 1.3432075644370391 2.5560681442174809 0.085855751475224187
decision_type=2 2 2 2 2 2
left_child=3 -2 -3 4 -1 -5
right_child=1 2 -4 5 -6 -7
leaf_value=-0.0040953124628634813 0.048227666573206339 0.0055794005819719706 -0.020260494147340911 -0.0057913944098946695 0.029173792590779377 -0.047056563736389147
leaf_weight=168.03788351267576 11.251292459666727 166.28747037798166 23.973086476325989 13.175600320100786 10.91470170021057 12.19959247112274
leaf_count=724 55 673 100 55 41 56
internal_value=-8.58703e-05 0.00488763 0.00232241 -0.00499095 -0.00206446 -0.0256231
internal_weight=405.84 201.512 190.261 204.328 178.953 25.3752
internal_count=1704 828 773 876 765 111
is_linear=0
shrinkage=0.0452832


Tree=45
num_leaves=7
num_cat=0
split_feature=9 9 0 14 11 3
split_gain=7.45092 15.2737 8.54736 7.55106 6.1809 4.84692
threshold=-0.28927029204460036 1.0000000180025095e-35 1.3432075644370391 -0.56743621049686044 1.8317119005315685 0.085855751475224187
decision_type=2 2 2 2 2 2
left_child=2 -2 4 -3 -1 -4
right_child=1 3 5 -5 -6 -7
leaf_value=-0.0019209673700298455 0.020273381306792237 -0.0028500190007817523 -0.0046663365962129029 0.0043954971270252531 0.01258672074708612 -0.020360336614633059
leaf_weight=175.2859016135335 14.922240048646925 90.918910391628742 13.719616129994394 103.85764572024345 10.46991518139839 12.807758107781408
leaf_count=726 62 363 55 403 39 56
internal_value=-6.98285e-05 0.00238481 -0.00249464 0.0010134 -0.00110249 -0.0122401
internal_weight=421.982 209.699 212.283 194.777 185.756 26.5274
internal_count=1704 828 876 766 765 111
is_linear=0
shrinkage=0.0183611


Tree=46
num_leaves=5
num_cat=0
split_feature=4 4 4 17
split_gain=4.50788 6.70477 15.4945 4.37046
threshold=1.7371652041197898 1.587176451448326 0.57250429260579905 -0.092591317284196881
decision_type=2 2 2 2
left_child=1 2 -1 -3
right_child=-2 3 -4 -5
leaf_value=-0.0016468671209504265 0.020552453062329036 -0.037916273849093192 0.032193252601642193 -0.0069498738108036123
leaf_weight=332.3459190428257 16.92937944829464 12.317088335752485 24.183647342026234 19.777403093874454
leaf_count=1390 69 55 100 90
internal_value=-6.12024e-05 -0.000959817 0.000649345 -0.0188309
internal_weight=405.553 388.624 356.53 32.0945
internal_count=1704 1635 1490 145
is_linear=0
shrinkage=0.0408359


Tree=47
num_leaves=7
num_cat=0
split_feature=14 14 14 0 0 4
split_gain=7.89534 22.0817 13.6847 8.57126 9.33102 2.88389
threshold=-0.56743621049686044 0.27397806272271569 0.32078554167742135 2.1648535434254006 -0.063464712189766334 -0.15291670292577308
decision_type=2 2 2 2 2 2
left_child=3 5 -3 4 -1 -2
right_child=1 2 -4 -5 -6 -7
leaf_value=-0.0044553596245785242 0.010226657725323721 -0.0059287933686642293 0.0055362739455321625 -0.018224113323035265 0.0048190388910548925 0.02037076477779096
leaf_weight=124.27599404752254 21.180783286690712 83.103531114757061 88.792777173221111 12.858107566833494 69.882777497172356 25.397025346755981
leaf_count=516 76 346 346 53 276 91
internal_value=0.000661391 0.0033542 -6.25465e-06 -0.00218039 -0.00111712 0.0157546
internal_weight=425.491 218.474 171.896 207.017 194.159 46.5778
internal_count=1704 859 692 845 792 167
is_linear=0
shrinkage=0.0203088


Tree=48
num_leaves=8
num_cat=0
split_feature=12 11 17 15 12 12 9
split_gain=7.80682 7.3613 8.94574 8.11971 5.53464 16.9058 2.93521
threshold=0.21530686497781709 -0.63921528034091024 0.65996663140346346 1.0000000180025095e-35 0.36317241704170095 1.2108347199626288 0.53527327325094431
decision_type=2 2 2 2 2 2 2
left_child=1 3 -3 -1 6 -6 -2
right_child=4 2 -4 -5 5 -7 -8
leaf_value=-0.0061872211727998982 -0.0054947112820593232 0.010198332741078724 -0.0038521141448213383 0.0068890759852814568 0.015882819846546055 -0.006197163837121023 -0.017517648975323999
leaf_weight=67.866931140422821 70.900115489959717 108.63587629050016 32.494590803980827 42.719454675912857 28.516089141368866 58.214727267622948 13.303850546479223
leaf_count=280 317 417 128 165 102 238 57
internal_value=0.000772625 0.0034047 0.00696224 -0.00113494 -0.00310318 0.00106283 -0.00739487
internal_weight=422.652 251.717 141.13 110.586 170.935 86.7308 84.204
internal_count=1704 990 545 445 714 340 374
is_linear=0
shrinkage=0.0235022


Tree=49
num_leaves=7
num_cat=0
split_feature=14 14 14 0 0 4
split_gain=4.31012 13.1292 7.40544 6.86561 8.71548 3.13491
threshold=-0.56743621049686044 0.27397806272271569 0.32078554167742135 2.1648535434254006 -0.063464712189766334 -0.15291670292577308
decision_type=2 2 2 2 2 2
left_child=3 5 -3 4 -1 -2
right_child=1 2 -4 -5 -6 -7
leaf_value=-0.0095125603956101625 0.014134658965732695 -0.010581385717183213 0.0085094834838658883 -0.036852146955246419 0.010774793993958909 0.038984568921039256
leaf_weight=120.22630839794874 19.112773895263672 80.705471888184547 84.937105752527714 12.424576133489607 67.254683434963226 22.493206202983856
leaf_count=516 76 346 346 53 276 91
internal_value=0.000340503 0.00490127 -0.000791588 -0.00438766 -0.00223457 0.027563
internal_weight=407.154 207.249 165.643 199.906 187.481 41.606
internal_count=1704 859 692 845 792 167
is_linear=0
shrinkage=0.0451361


Tree=50
num_leaves=8
num_cat=0
split_feature=12 7 7 16 7 11 17
split_gain=6.70887 7.64919 22.9171 8.96173 7.23328 5.02149 3.46835
threshold=0.21530686497781709 0.14525940587580199 -0.71775246286551064 1.0000000180025095e-35 0.28328722933143241 0.27744465643323141 -0.31497718396665708
decision_type=2 2 2 2 2 2 2
left_child=1 2 -1 -3 5 -2 -6
right_child=4 3 -4 -5 6 -7 -8
leaf_value=0.00042210638983572284 -0.0012112403197035147 0.003127471393699603 0.014166380488248038 -0.0052499133007717124 0.008659370148239481 -0.0073755418361596652 -0.00031477849618282349
leaf_weight=94.643344774842262 77.849098332226276 64.016638226807117 40.375794634222984 55.728072240948677 18.339759960770607 51.057988628745079 22.179522603750229
leaf_count=369 322 252 148 221 64 235 93
internal_value=0.000472845 0.00203962 0.0045325 -0.00077099 -0.00188299 -0.00365284 0.00374561
internal_weight=424.19 254.764 135.019 119.745 169.426 128.907 40.5193
internal_count=1704 990 517 473 714 557 157
is_linear=0
shrinkage=0.0152777


Tree=51
num_leaves=8
num_cat=0
split_feature=17 8 8 8 16 7 11
split_gain=4.34456 7.38267 6.83969 14.7683 8.75844 5.05383 3.2056
threshold=-0.092591317284196881 1.0833278384934255 0.97627369419491428 0.071124974213128508 0.028024129825623297 0.28328722933143241 0.11195382528532945
decision_type=2 2 2 2 2 2 2
left_child=1 5 3 -2 -4 -1 -3
right_child=2 6 4 -5 -6 -7 -8
leaf_value=-0.0019866384981881333 -0.0022831585060246089 0.0080386399312557238 -0.00045305630970718115 0.026114862338551349 -0.024518507463530889 0.0090681258629736333 0.027755319536403811
leaf_weight=111.84451153129339 165.72575648128986 13.620791912078859 25.049633353948593 15.589457854628561 22.207706585526466 45.2271493896842 12.120349608361719
leaf_count=456 713 54 102 68 97 169 45
internal_value=0.000260127 0.00346734 -0.00230498 0.000159666 -0.0117605 0.0011969 0.0173169
internal_weight=411.385 182.813 228.573 181.315 47.2573 157.072 25.7411
internal_count=1704 724 980 781 199 625 99
is_linear=0
shrinkage=0.0279122


Tree=52
num_leaves=8
num_cat=0
split_feature=6 18 12 8 11 4 11
split_gain=6.14086 8.14664 8.72812 4.8303 5.00014 3.56711 2.33786
threshold=1.1396076357034957 1.9201663039765535 1.2108347199626288 0.1127546393568349 -0.63921528034091024 0.39071553652505897 0.27744465643323141
decision_type=2 2 2 2 2 2 2
left_child=1 2 -1 4 -2 -3 -5
right_child=3 5 -4 6 -6 -7 -8
leaf_value=0.0054335361668998352 -0.021246353714716223 -0.0045593270761694624 -0.0082822383782379938 0.015173629150285448 -0.0033564244625016652 -0.02501422127698406 -0.0046088137815757007
leaf_weight=275.63359535485506 23.313556052744389 18.946304149925712 43.323939800262451 9.488623574376108 27.444345071911812 10.783912196755407 9.7624297142028791
leaf_count=1063 130 77 167 39 132 52 44
internal_value=0.000702128 0.00224402 0.00357004 -0.00697621 -0.0115731 -0.0119757 0.00513506
internal_weight=418.697 348.688 318.958 70.009 50.7579 29.7302 19.2511
internal_count=1704 1359 1230 345 262 129 83
is_linear=0
shrinkage=0.0284142


Tree=53
num_leaves=6
num_cat=0
split_feature=9 9 1 7 3
split_gain=4.17827 8.88028 5.10139 6.98095 4.84331
threshold=-0.28927029204460036 -0.033242108751767543 1.4627850869610992 0.28328722933143241 0.23046978943451865
decision_type=2 2 2 2 2
left_child=2 -2 3 -1 -3
right_child=1 4 -4 -5 -6
leaf_value=-0.0091573614680812987 0.035086432626544768 -0.0010214584859837823 0.014563514245118515 0.0052988157391248179 0.011507668353805765
leaf_weight=130.49670464545488 10.244390249252318 141.85948903858662 17.695847883820534 56.862461358308792 49.285595074295998
leaf_count=586 55 573 66 224 200
internal_value=0.000360228 0.00388345 -0.00309993 -0.00476946 0.00220947
internal_weight=406.444 201.389 205.055 187.359 191.145
internal_count=1704 828 876 810 773
is_linear=0
shrinkage=0.0344386


Tree=54
num_leaves=7
num_cat=0
split_feature=13 5 5 2 1 10
split_gain=6.04355 8.93572 16.8741 6.71285 4.60636 4.53304
threshold=1.2018002931059879 1.0000000180025095e-35 0.12780629567028304 0.27674290852126476 0.89745615279611568 0.65827033732500217
decision_type=2 2 2 2 2 2
left_child=1 3 -3 -1 5 -2
right_child=4 2 -4 -5 -6 -7
leaf_value=0.01549447628761836 -0.0070791194223094435 -0.016122860909304246 0.006758734889655703 0.00071976537066228345 0.0092617728190354451 -0.034238599407746387
leaf_weight=103.93396965414286 22.838004939258099 75.376860149204731 113.70816845446825 74.079434812068939 12.163715228438376 13.883666321635245
leaf_count=395 97 339 458 307 47 61
internal_value=0.00166508 0.00331485 -0.0023626 0.00934562 -0.0107207 -0.0173482
internal_weight=415.984 367.098 189.085 178.013 48.8854 36.7217
internal_count=1704 1499 797 702 205 158
is_linear=0
shrinkage=0.0375076


Tree=55
num_leaves=5
num_cat=0
split_feature=5 13 5 9
split_gain=4.2388 6.18173 8.1601 4.49015
threshold=2.0529032057945504 1.2018002931059879 1.0000000180025095e-35 0.62118724872542674
decision_type=2 2 2 2
left_child=1 2 -1 -3
right_child=-2 3 -4 -5
leaf_value=0.0070708894562321817 0.020151319813124298 -0.018939731754225413 -0.0040469226770936412 0.0076266309819859974
leaf_weight=172.54878290742636 13.907957345247267 34.941654354333878 172.65064685791731 10.891288533806799
leaf_count=702 52 156 751 43
internal_value=0.000551404 -0.000146208 0.00151023 -0.01262
internal_weight=404.94 391.032 345.199 45.8329
internal_count=1704 1652 1453 199
is_linear=0
shrinkage=0.0361581


Tree=56
num_leaves=4
num_cat=0
split_feature=3 3 3
split_gain=4.20936 17.045 7.03766
threshold=2.0865937436195865 1.2019738642068785 1.1130792935697051
decision_type=2 2 2
left_child=1 2 -1
right_child=-2 -3 -4
leaf_value=0.0013781063751765032 -0.017123478457385908 0.038133956058662148 -0.01547282633507592
leaf_weight=328.88609407842159 18.253856629133224 16.831674993038177 38.900096774101257
leaf_count=1389 74 66 175
internal_value=0.000448506 0.001283 -0.000404483
internal_weight=402.872 384.618 367.786
internal_count=1704 1630 1564
is_linear=0
shrinkage=0.0374734


Tree=57
num_leaves=5
num_cat=0
split_feature=2 6 5 6
split_gain=4.01672 4.43554 5.02613 2.95788
threshold=2.2601347812385639 1.1396076357034957 0.21075987597697013 1.2572398040110684
decision_type=2 2 2 2
left_child=1 2 -1 -3
right_child=-2 3 -4 -5
leaf_value=-0.00030696305186206119 -0.029483802117274582 -0.018077163410333465 0.013430252787367931 0.0049256206055744226
leaf_weight=228.58095692098141 10.983608424663542 43.958577744662762 95.635962292551994 20.852868348360062
leaf_count=938 50 240 380 96
internal_value=0.000495565 0.00134288 0.00374521 -0.0106725
internal_weight=400.012 389.028 324.217 64.8114
internal_count=1704 1654 1318 336
is_linear=0
shrinkage=0.0503201


Tree=58
num_leaves=8
num_cat=0
split_feature=12 16 16 15 7 11 9
split_gain=5.97486 6.37438 12.4308 9.54662 5.96715 5.87125 3.49213
threshold=0.21530686497781709 1.0000000180025095e-35 0.2920416790593886 1.6640326034420772 0.28328722933143241 1.0000000180025095e-35 0.43791124164290823
decision_type=2 2 2 2 2 2 2
left_child=1 3 -3 -1 5 -2 -6
right_child=4 2 -4 -5 6 -7 -8
leaf_value=0.0067242379314741262 -0.00051766387778793752 -0.0067936101502383212 0.005451755466173552 -0.010690250605860388 0.007380070256085375 -0.0085744805432795366 -0.0052130297179202589
leaf_weight=122.34106370061636 70.173403553664684 59.420877583324909 56.524904347956181 12.067567743360994 29.717202804982662 57.519638001918793 10.3614354878664
leaf_count=483 298 240 218 49 117 259 40
internal_value=0.00055872 0.0023883 -0.00082341 0.00515911 -0.00217132 -0.00414685 0.00412061
internal_weight=418.126 250.354 115.946 134.409 167.772 127.693 40.0786
internal_count=1704 990 458 532 714 557 157
is_linear=0
shrinkage=0.0186971


Tree=59
num_leaves=5
num_cat=0
split_feature=9 9 9 7
split_gain=3.3073 5.21542 15.1191 3.75637
threshold=2.1745000803147847 1.2174879513384689 0.69042373130749535 -0.031998534150867321
decision_type=2 2 2 2
left_child=1 2 -1 -3
right_child=-2 3 -4 -5
leaf_value=-0.00016723946579552649 0.023528451932708999 -0.0028418521465288743 0.041299646749243114 -0.024293169957333927
leaf_weight=319.30902386456728 9.8391197174787504 32.179716184735298 15.051894694566725 22.82314433157444
leaf_count=1379 34 127 66 98
internal_value=0.000386796 -0.000198556 0.00170056 -0.0117418
internal_weight=399.203 389.364 334.361 55.0029
internal_count=1704 1670 1445 225
is_linear=0
shrinkage=0.0404604


Tree=60
num_leaves=8
num_cat=0
split_feature=3 3 3 8 8 4 12
split_gain=7.77271 23.4979 11.5922 6.44372 13.248 8.47172 4.69363
threshold=0.14712917384419452 1.1130792935697051 1.2019738642068785 0.1724818743998339 0.58604625066338423 0.39071553652505897 -0.1239861938158389
decision_type=2 2 2 2 2 2 2
left_child=3 6 -3 5 -5 -1 -2
right_child=1 2 -4 4 -6 -7 -8
leaf_value=2.5064325104015697e-06 0.017231195069719058 -0.0058294484168728358 0.0044660104264819481 0.014503443688771068 1.7385981180052669e-05 -0.0051616912373794854 0.007556113107430644
leaf_weight=137.84261334687471 16.367874518036842 40.024511188268661 35.975007116794586 12.801547989249228 74.569078654050827 91.656725876033306 18.483581751585007
leaf_count=529 59 175 140 49 291 391 70
internal_value=0.000148215 0.00314866 -0.000955208 -0.000901484 0.00214093 -0.00205992 0.0120974
internal_weight=427.721 110.851 75.9995 316.87 87.3706 229.499 34.8515
internal_count=1704 444 315 1260 340 920 129
is_linear=0
shrinkage=0.013166


Tree=61
num_leaves=7
num_cat=0
split_feature=14 14 0 0 0 4
split_gain=3.56862 9.94658 5.77609 4.48157 5.73314 2.92097
threshold=-0.56743621049686044 0.27397806272271569 0.82118899409079227 2.1648535434254006 -0.063464712189766334 -0.15291670292577308
decision_type=2 2 2 2 2 2
left_child=3 5 -3 4 -1 -2
right_child=1 2 -4 -5 -6 -7
leaf_value=-0.0072890517516303729 0.010472297896325339 -0.0030693086511946114 0.020338235605745054 -0.027347836547182404 0.0075100690358962394 0.032362214033346798
leaf_weight=118.08425015211105 18.427842311561108 144.38139101117849 19.26942915469408 11.967210337519644 65.778802089393139 21.075763501226902
leaf_count=516 76 617 75 53 276 91
internal_value=0.000325249 0.00405582 -0.000311494 -0.00354473 -0.00199424 0.022146
internal_weight=398.985 203.154 163.651 195.83 183.863 39.5036
internal_count=1704 859 692 845 792 167
is_linear=0
shrinkage=0.0401785


Tree=62
num_leaves=8
num_cat=0
split_feature=6 6 4 6 6 3 8
split_gain=8.82631 7.37041 5.73937 4.98534 7.68659 3.95181 2.232
threshold=1.1396076357034957 1.0000000180025095e-35 1.7371652041197898 1.2572398040110684 2.8412625412490131 -0.10488740326050557 1.0000000180025095e-35
decision_type=2 2 2 2 2 2 2
left_child=1 2 -1 6 -5 -3 -2
right_child=3 5 -4 4 -6 -7 -8
leaf_value=-0.002606741993060165 -0.014087509134406163 0.0014588783841347932 0.0083623998004560673 0.0090588452864640533 -0.0097359769447102062 0.012705230400408312 -0.0072802452791641027
leaf_weight=297.42390034347773 23.605746291577816 22.243896886706352 13.584730498492716 10.832348242402078 13.078426882624624 13.789113029837607 29.608934238553047
leaf_count=1162 114 89 52 42 57 56 132
internal_value=-0.00243111 -0.0013079 -0.00212717 -0.00748453 -0.00122286 0.00576146 -0.0102997
internal_weight=424.167 347.042 311.009 77.1255 23.9108 36.033 53.2147
internal_count=1704 1359 1214 345 99 145 246
is_linear=0
shrinkage=0.0165172


Tree=63
num_leaves=8
num_cat=0
split_feature=6 18 18 6 6 3 8
split_gain=9.84805 8.06991 8.35231 6.10523 6.44752 2.89639 2.06521
threshold=1.1396076357034957 1.9201663039765535 1.0000000180025095e-35 1.2572398040110684 2.8412625412490131 -0.3274836635606993 1.0000000180025095e-35
decision_type=2 2 2 2 2 2 2
left_child=1 2 -1 6 -5 -3 -2
right_child=3 5 -4 4 -6 -7 -8
leaf_value=-0.00077055876814956703 -0.013391001558594469 -0.013159845833276819 0.0093774906459193029 0.0084966813013536355 -0.0078933481548241567 -0.0035361812789817511 -0.0072001296412175708
leaf_weight=297.08604472875595 23.681395523250103 15.825587823987009 21.291255682706833 10.836606204509737 12.828080236911772 14.843327313661574 29.862670972943306
leaf_count=1149 114 70 81 42 57 59 132
internal_value=-0.0019501 -0.000830633 -9.1583e-05 -0.00701026 -0.00038985 -0.00849931 -0.00993795
internal_weight=426.255 349.046 318.377 77.2088 23.6647 30.6689 53.5441
internal_count=1704 1359 1230 345 99 129 246
is_linear=0
shrinkage=0.0156596


Tree=64
num_leaves=8
num_cat=0
split_feature=8 8 8 8 8 5 0
split_gain=8.53129 28.7504 20.1978 16.4845 13.3784 6.77826 2.56011
threshold=0.071124974213128508 0.97627369419491428 1.0000000180025095e-35 1.0833278384934255 -0.73821396468422373 -0.45998737494417569 -0.54927560237410333
decision_type=2 2 2 2 2 2 2
left_child=2 6 4 -3 -1 -4 -2
right_child=1 3 5 -5 -6 -7 -8
leaf_value=-0.00085327054610793616 0.010869855635899031 -0.0087670422728203176 -0.0031915297284214458 0.0059955224746731138 0.010348922994879826 -0.013251843374970649 0.020754358398206416
leaf_weight=170.73051407933235 12.863485753536223 47.586344495415688 38.122260808944702 49.173243746161461 42.588436022400856 48.855325683951378 23.971958994865417
leaf_count=678 46 192 152 183 152 211 90
internal_value=9.44816e-05 0.00385418 -0.00157818 -0.00126397 0.00138338 -0.00884136 0.0172973
internal_weight=433.892 133.595 300.297 96.7596 213.319 86.9776 36.8354
internal_count=1704 511 1193 375 830 363 136
is_linear=0
shrinkage=0.0178852


Tree=65
num_leaves=8
num_cat=0
split_feature=12 16 16 15 7 6 17
split_gain=3.90287 5.16657 10.4222 9.10054 4.44978 4.74491 3.28825
threshold=0.21530686497781709 1.0000000180025095e-35 0.2920416790593886 1.6640326034420772 0.28328722933143241 0.72398890507662805 -0.31497718396665708
decision_type=2 2 2 2 2 2 2
left_child=1 3 -3 -1 5 -2 -6
right_child=4 2 -4 -5 6 -7 -8
leaf_value=0.012781071793664698 -0.0057672373294889012 -0.017326691497139286 0.0098940848054274617 -0.028316408167434155 0.021230633574194996 -0.027216550519218622 -0.0048066611042446679
leaf_weight=115.84819629043341 98.680219821631908 57.982954688370228 54.310054317116737 11.822692900896071 17.747390881180763 25.967849060893059 21.208679519593716
leaf_count=483 413 240 218 49 64 144 93
internal_value=-0.000800208 0.00282603 -0.00416049 0.0089716 -0.00611897 -0.0102366 0.00705176
internal_weight=403.568 239.964 112.293 127.671 163.604 124.648 38.9561
internal_count=1704 990 458 532 714 557 157
is_linear=0
shrinkage=0.0446608


Tree=66
num_leaves=8
num_cat=0
split_feature=3 3 8 12 8 17 4
split_gain=4.72725 14.9068 6.0538 4.27861 4.19648 9.20825 5.49426
threshold=0.14712917384419452 1.1130792935697051 -0.082520466794178987 -0.1239861938158389 0.1724818743998339 0.65996663140346346 0.39071553652505897
decision_type=2 2 2 2 2 2 2
left_child=4 3 -3 -2 6 -6 -1
right_child=1 2 -4 -5 5 -7 -8
leaf_value=-0.00071910975116450918 0.036216589326148629 0.0076225668641090177 -0.010084795838287497 0.013052965732682479 0.0088355766017502117 -0.015687195154626327 -0.010517555652753309
leaf_weight=134.02608932554722 13.132533282041551 31.863165475428104 40.746294759213924 16.847658798098564 64.46691470593214 18.169835776090622 87.724905222654343
leaf_count=529 59 136 179 70 261 79 391
internal_value=-0.00050882 0.00514182 -0.00231263 0.0231947 -0.00241348 0.00344075 -0.00459545
internal_weight=406.977 102.59 72.6095 29.9802 304.388 82.6368 221.751
internal_count=1704 444 315 129 1260 340 920
is_linear=0
shrinkage=0.0304417


Tree=67
num_leaves=5
num_cat=0
split_feature=2 2 2 2
split_gain=3.35324 4.69542 11.1425 10.7851
threshold=2.2601347812385639 0.33521787112802781 1.4448494690014926 0.27674290852126476
decision_type=2 2 2 2
left_child=1 3 -3 -1
right_child=-2 2 -4 -5
leaf_value=0.0027147718392664119 -0.025372301520524776 0.033321382340277768 -0.0032114235599176883 -0.016177033390356144
leaf_weight=231.51479049772024 10.89025007933378 27.212305560708046 45.860932640731335 84.393690750002861
leaf_count=962 50 116 190 386
internal_value=-0.000634787 5.83972e-05 0.0103928 -0.00233225
internal_weight=399.872 388.982 73.0732 315.908
internal_count=1704 1654 306 1348
is_linear=0
shrinkage=0.0452453


Tree=68
num_leaves=5
num_cat=0
split_feature=12 5 13 12
split_gain=3.1378 5.07741 5.02638 1.93581
threshold=1.9056679359992847 2.0529032057945504 1.2018002931059879 2.3838397741851289
decision_type=2 2 2 2
left_child=1 2 -1 -2
right_child=3 -3 -4 -5
leaf_value=0.0012647139964298637 -0.029424582950111723 0.026724247349419306 -0.014234262214472044 -0.0034362188554322645
leaf_weight=321.28508005291224 10.103156171739103 12.338424026966093 41.149802304804325 9.8543190658092481
leaf_count=1391 45 47 185 36
internal_value=-0.000457652 0.000401524 -0.000495266 -0.0165845
internal_weight=394.731 374.773 362.435 19.9575
internal_count=1704 1623 1576 81
is_linear=0
shrinkage=0.0417632


Tree=69
num_leaves=8
num_cat=0
split_feature=6 18 12 8 11 4 11
split_gain=6.33301 9.34346 7.74044 4.79831 5.66433 3.5156 1.90591
threshold=1.1396076357034957 1.9201663039765535 0.21530686497781709 0.1127546393568349 -0.63921528034091024 0.39071553652505897 0.27744465643323141
decision_type=2 2 2 2 2 2 2
left_child=1 2 -1 4 -2 -3 -5
right_child=3 5 -4 6 -6 -7 -8
leaf_value=0.0039781430108153564 -0.012623936025479903 -0.0033025995130170553 -0.001151275541124775 0.0077843428323280776 -0.0017940824368317726 -0.014826496424206789 -0.0023436042345873652
leaf_weight=193.53779957443476 23.389040045440197 18.833069071173671 127.18763399124146 9.5648054182529467 27.284718915820122 10.882115408778189 9.7849739417433721
leaf_count=729 130 77 501 39 132 52 44
internal_value=0.000254878 0.00114104 0.00194391 -0.00417932 -0.00679257 -0.00752067 0.00265908
internal_weight=420.464 350.441 320.725 70.0235 50.6738 29.7152 19.3498
internal_count=1704 1359 1230 345 262 129 83
is_linear=0
shrinkage=0.0161534


Tree=70
num_leaves=8
num_cat=0
split_feature=7 7 7 7 16 9 12
split_gain=4.59552 26.1652 11.3983 8.61799 6.03524 4.09379 2.7517
threshold=0.14525940587580199 -0.71775246286551064 0.1932683488774482 0.62670072446675562 0.2920416790593886 -0.4101458874888616 -0.1239861938158389
decision_type=2 2 2 2 2 2 2
left_child=1 4 5 -4 -1 -2 -3
right_child=2 6 3 -5 -6 -7 -8
leaf_value=-0.0056766557219557383 -0.024280932218005723 0.030161799687112245 0.027590595400007131 0.00036102465101228178 0.0075944591924801477 -0.0080251626023973913 0.016035234590853285
leaf_weight=125.56992339342833 16.821702383458614 20.893623687326908 11.291851893067358 98.421516284346581 39.251084730029106 68.696837112307549 28.356562629342079
leaf_count=535 81 79 53 386 158 301 111
internal_value=0.000141112 0.00313098 -0.00313717 0.00316525 -0.00251527 -0.0112231 0.0220247
internal_weight=409.303 214.071 195.232 109.713 164.821 85.5185 49.2502
internal_count=1704 883 821 439 693 382 190
is_linear=0
shrinkage=0.029548


Tree=71
num_leaves=7
num_cat=0
split_feature=5 5 5 17 4 13
split_gain=3.29363 11.0775 14.9442 8.1312 5.77461 5.47748
threshold=1.0000000180025095e-35 0.12780629567028304 0.9161486001452781 0.87888776607447461 1.7371652041197898 0.27467550899125442
decision_type=2 2 2 2 2 2
left_child=4 3 -3 -2 5 -1
right_child=1 2 -4 -5 -6 -7
leaf_value=0.0073947055477112111 -0.0074655582344078184 0.027044282216851442 -0.0049754281218866558 -0.036076382373858386 0.033917718213589208 -0.0066303078261846808
leaf_weight=115.61688217520714 58.078885316848755 32.888602070510387 84.223997995257378 22.306971922516823 9.5936199203133565 74.216224081814289
leaf_count=481 260 135 357 112 38 321
internal_value=-0.00019988 -0.00388813 0.00401707 -0.0154053 0.0034526 0.00191135
internal_weight=396.925 197.498 117.113 80.3859 199.427 189.833
internal_count=1704 864 492 372 840 802
is_linear=0
shrinkage=0.0402944


Tree=72
num_leaves=8
num_cat=0
split_feature=14 14 18 15 15 4 5
split_gain=3.0036 6.93097 5.2554 3.47187 8.13498 4.13893 2.5656
threshold=-0.56743621049686044 0.27397806272271569 1.9201663039765535 1.0000000180025095e-35 0.77163260641584019 0.048713890800683245 -0.047827208553481208
decision_type=2 2 2 2 2 2 2
left_child=3 6 -3 5 -5 -1 -2
right_child=1 2 -4 4 -6 -7 -8
leaf_value=-0.00074357499396338208 0.014186046500295585 0.0024865989583479999 -0.029634993600447291 0.031755476191632291 -0.0069778627929389997 -0.019124389209782648 0.042129233439874167
leaf_weight=64.850568309426308 24.215063028037548 146.94661267846823 14.323986642062662 19.892747610807419 46.15438299626112 60.978111542761326 12.912880122661589
leaf_count=275 110 623 69 81 204 285 57
internal_value=-0.000195549 0.00417447 -0.000367764 -0.00471426 0.00468898 -0.00965097 0.023902
internal_weight=390.274 198.399 161.271 191.876 66.0471 125.829 37.1279
internal_count=1704 859 692 845 285 560 167
is_linear=0
shrinkage=0.0506567


Tree=73
num_leaves=8
num_cat=0
split_feature=12 16 15 16 7 6 17
split_gain=4.47168 6.34643 10.2184 10.0484 4.76837 4.58805 3.41535
threshold=0.21530686497781709 1.0000000180025095e-35 1.6640326034420772 0.2920416790593886 0.28328722933143241 0.72398890507662805 -0.31497718396665708
decision_type=2 2 2 2 2 2 2
left_child=1 2 -1 -3 5 -2 -6
right_child=4 3 -4 -5 6 -7 -8
leaf_value=0.0047234934349891563 -0.0020180847166256575 -0.0058324113659626109 -0.0099006523099080552 0.0031453741470127785 0.0073419583735467413 -0.0090737840103630573 -0.0015512733291329955
leaf_weight=118.87580627948046 98.981856115162373 58.097721256315708 11.871529236435888 54.805354528129101 17.918234817683697 26.404421217739582 21.437811136245728
leaf_count=483 413 240 49 218 64 144 93
internal_value=-0.000155998 0.00113832 0.00339435 -0.00147405 -0.00207027 -0.00350419 0.00249652
internal_weight=408.393 243.65 130.747 112.903 164.742 125.386 39.356
internal_count=1704 990 532 458 714 557 157
is_linear=0
shrinkage=0.0150436


Tree=74
num_leaves=4
num_cat=0
split_feature=3 3 3
split_gain=2.78957 12.3402 4.26487
threshold=2.0865937436195865 1.2019738642068785 1.1130792935697051
decision_type=2 2 2
left_child=1 2 -1
right_child=-2 -3 -4
leaf_value=0.00060176762597055611 -0.015178389178098764 0.035333089780825229 -0.01327379770402938
leaf_weight=317.10408113151789 17.857709988951683 14.888337306678293 37.641825698316097
leaf_count=1389 74 66 175
internal_value=-0.000138619 0.000588335 -0.000870784
internal_weight=387.492 369.634 354.746
internal_count=1704 1630 1564
is_linear=0
shrinkage=0.0389842


Tree=75
num_leaves=7
num_cat=0
split_feature=9 9 9 9 11 0
split_gain=5.0158 8.43843 11.511 10.2109 8.29889 5.21031
threshold=-0.37434629753242205 1.2174879513384689 0.69042373130749535 1.3487468139858649 1.5886263669525176 1.3432075644370391
decision_type=2 2 2 2 2 2
left_child=4 2 -2 -3 5 -1
right_child=1 3 -4 -5 -6 -7
leaf_value=-0.0019924011286871473 0.0028055566826519921 -0.010208571674404263 0.02016193357457036 0.0050363612058753511 0.011943080423975195 -0.011493591708127011
leaf_weight=160.09841965138912 121.59976886957884 36.567933335900307 15.65330647677183 28.299080207943916 14.066988386213778 24.115176409482956
leaf_count=707 511 154 66 105 54 107
internal_value=-4.75195e-06 0.00210832 0.00478594 -0.00355627 -0.00215879 -0.00323658
internal_weight=400.401 202.12 137.253 64.867 198.281 184.214
internal_count=1704 836 577 259 868 814
is_linear=0
shrinkage=0.0190627


Tree=76
num_leaves=8
num_cat=0
split_feature=3 3 8 9 8 17 17
split_gain=2.9257 12.4319 5.50012 3.77499 3.50484 7.81543 3.91185
threshold=0.23046978943451865 1.1130792935697051 -0.20833273103393077 -0.54232462696371986 0.071124974213128508 0.65996663140346346 0.58339454096702903
decision_type=2 2 2 2 2 2 2
left_child=4 3 -3 -2 6 -6 -1
right_child=1 2 -4 -5 5 -7 -8
leaf_value=-0.0064954673548868538 0.0068017074185533653 0.0092421788693749785 -0.0092701641469044374 0.032095322933238184 0.0090623506424456109 -0.01488943813177461 0.0030332485424927219
leaf_weight=150.79861859232187 8.9854647964239138 25.659481234848499 42.620106972754002 17.034709706902504 63.757554925978184 17.272216513752937 60.176149137318134
leaf_count=655 38 116 199 84 270 80 262
internal_value=-6.8722e-05 0.00477019 -0.00231124 0.0233507 -0.00163157 0.00395406 -0.0037772
internal_weight=386.304 94.2998 68.2796 26.0202 292.005 81.0298 210.975
internal_count=1704 437 315 122 1267 350 917
is_linear=0
shrinkage=0.0316017


Tree=77
num_leaves=5
num_cat=0
split_feature=13 5 16 2
split_gain=5.81295 5.1548 7.34447 4.71067
threshold=2.2942077553543627 1.0000000180025095e-35 0.21698874378055091 0.27674290852126476
decision_type=2 2 2 2
left_child=1 3 -3 -1
right_child=-2 2 -4 -5
leaf_value=0.0083364527523386266 -0.024198373790715461 0.0027773632645197448 -0.0092051485277631299 -0.0014377467868836515
leaf_weight=107.84800094366074 8.881110876798628 99.556421786546707 89.636955790221691 78.603195957839489
leaf_count=452 36 451 412 353
internal_value=5.77909e-05 0.000631966 -0.00289952 0.00421551
internal_weight=384.526 375.645 189.193 186.451
internal_count=1704 1668 863 805
is_linear=0
shrinkage=0.0303699


Tree=78
num_leaves=8
num_cat=0
split_feature=17 17 17 8 14 9 11
split_gain=7.80508 9.87218 16.7036 7.40177 6.20572 5.97879 2.99642
threshold=-0.092591317284196881 1.0000000180025095e-35 0.87888776607447461 1.0833278384934255 -0.56743621049686044 -0.4101458874888616 0.11195382528532945
decision_type=2 2 2 2 2 2 2
left_child=3 5 -3 4 -1 -2 -5
right_child=1 2 -4 6 -6 -7 -8
leaf_value=-0.0015029495413722413 -0.0109023685329654 0.0077066342993777738 -0.0018704999667163746 0.0046424623609635854 0.0036151590121303555 -0.0027192234973842651 0.013260318629895199
leaf_weight=69.330008700489998 18.206600353121758 43.330346688628197 97.936694346368313 14.139784544706346 89.580938458442688 76.862434938549995 12.544209010899065
leaf_count=277 85 167 401 54 348 327 45
internal_value=0.000461795 -0.00108643 0.00106714 0.00243332 0.00138221 -0.00428665 0.00869118
internal_weight=421.931 236.336 141.267 185.595 158.911 95.069 26.684
internal_count=1704 980 568 724 625 412 99
is_linear=0
shrinkage=0.0128462


Tree=79
num_leaves=7
num_cat=0
split_feature=6 18 10 18 2 3
split_gain=6.046 9.33026 7.41023 5.21016 4.32552 3.52376
threshold=1.1396076357034957 1.9201663039765535 2.6635391190623485 1.0000000180025095e-35 0.036774901597284387 0.041330241437667829
decision_type=2 2 2 2 2 2
left_child=1 2 -1 4 -2 -3
right_child=3 5 -4 -5 -6 -7
leaf_value=0.0025102946759801357 -0.0025905123492777982 -0.014308824655622091 -0.013134300265551875 0.0068912793826208518 -0.012631509384447411 -0.0014275944010068687
leaf_weight=290.95140568912029 31.605762019753456 16.518099755048755 10.292992040514944 10.372181802988051 25.49005351215601 12.084470704197882
leaf_count=1187 151 76 43 50 144 53
internal_value=2.29416e-05 0.00103499 0.00197512 -0.00492409 -0.00707323 -0.00886226
internal_weight=397.315 329.847 301.244 67.468 57.0958 28.6026
internal_count=1704 1359 1230 345 295 129
is_linear=0
shrinkage=0.0181403


Tree=80
num_leaves=7
num_cat=0
split_feature=6 14 0 7 4 17
split_gain=2.98673 4.68996 3.80969 3.14749 3.07396 4.22881
threshold=1.1396076357034957 1.431643500509548 -0.17445316902167238 1.5283259106169955 1.0167757347533921 -0.27705425476710704
decision_type=2 2 2 2 2 2
left_child=1 3 -3 -1 5 -2
right_child=4 2 -4 -5 -6 -7
leaf_value=-0.00093949978852560549 0.011259989786118514 0.035943689743319671 0.0012099142740224879 0.015855963032386851 -0.031000883432269859 -0.013528592715948676
leaf_weight=276.18057795241475 20.045355282723904 12.911688379943373 10.635130651295183 22.291372328996658 9.4622266441583616 34.838096790015697
leaf_count=1181 94 50 42 86 56 195
internal_value=8.28175e-05 0.00177343 0.0202469 0.000315375 -0.00837638 -0.0044741
internal_weight=386.364 322.019 23.5468 298.472 64.3457 54.8835
internal_count=1704 1359 92 1267 345 289
is_linear=0
shrinkage=0.0430154


Tree=81
num_leaves=6
num_cat=0
split_feature=9 9 11 1 0
split_gain=2.78827 6.4128 5.16334 4.64576 3.88888
threshold=-0.28927029204460036 1.0000000180025095e-35 1.8317119005315685 1.3380766833452398 1.3432075644370391
decision_type=2 2 2 2 2
left_child=2 -2 4 -3 -1
right_child=1 3 -4 -5 -6
leaf_value=-0.0039341337504730138 0.052441444280880822 0.0064094563392357654 0.036848314848289751 -0.022412221932760365 -0.030130352531314332
leaf_weight=160.58792601525784 9.8818059936165792 156.72027222812176 10.115410700440405 23.253926068544388 23.526765003800392
leaf_count=726 62 666 41 100 109
internal_value=8.87543e-05 0.00527633 -0.00498184 0.00268415 -0.00728271
internal_weight=384.086 189.856 194.23 179.974 184.115
internal_count=1704 828 876 766 835
is_linear=0
shrinkage=0.0601981


Tree=82
num_leaves=7
num_cat=0
split_feature=0 0 1 0 0 3
split_gain=5.59845 7.87686 6.1903 5.64599 10.8067 4.0691
threshold=-0.1079333387789332 0.23512407455415363 1.0450698965318101 -0.17445316902167238 -0.77023790851887008 1.1130792935697051
decision_type=2 2 2 2 2 2
left_child=3 -2 -3 4 -1 -5
right_child=1 2 -4 5 -6 -7
leaf_value=-0.0025365753248860808 0.016077587448394038 0.002895948607063267 -0.0079882146518620405 -0.0036071819600879602 0.0073882800348787003 -0.013553508632791681
leaf_weight=133.37594755738974 12.437195174396036 117.1641808822751 18.998932436108589 61.603060893714428 46.259959369897842 16.267020605504513
leaf_count=570 56 480 78 262 184 74
internal_value=-0.000127256 0.00260782 0.00137664 -0.00170569 1.94185e-05 -0.00568532
internal_weight=406.106 148.6 136.163 257.506 179.636 77.8701
internal_count=1704 614 558 1090 754 336
is_linear=0
shrinkage=0.0176974


Tree=83
num_leaves=8
num_cat=0
split_feature=7 7 12 16 3 7 5
split_gain=2.66666 17.5253 6.32574 5.33373 10.6123 5.09205 3.20606
threshold=0.14525940587580199 -0.71775246286551064 1.4769233475077694 0.85661559594523073 -0.073175102190187025 0.1932683488774482 0.56189613447305187
decision_type=2 2 2 2 2 2 2
left_child=1 2 -1 5 -5 -2 -3
right_child=3 6 -4 4 -6 -7 -8
leaf_value=-0.00058539328280083638 -0.011575012103260316 0.025708651543325568 -0.035708029851763474 -0.055572378167939085 0.0069174911371386715 0.0074181527566012147 0.059928166257102018
leaf_weight=140.25684301927686 65.636962279677391 35.173818483948708 15.193563409149645 14.752289637923242 14.308491289615629 88.97398778423667 9.2366508543491346
leaf_count=628 307 154 65 71 61 382 36
internal_value=3.25214e-05 0.00416798 -0.00401978 -0.00446727 -0.0247959 -0.000645286 0.0328244
internal_weight=383.533 199.861 155.45 183.672 29.0608 154.611 44.4105
internal_count=1704 883 693 821 132 689 190
is_linear=0
shrinkage=0.0517368


Tree=84
num_leaves=7
num_cat=0
split_feature=13 13 16 4 2 11
split_gain=4.47629 9.54612 6.30385 6.04505 4.17046 3.98873
threshold=0.27467550899125442 -0.48932710796035989 1.3026968228741045 0.39071553652505897 0.33521787112802781 -0.32014354348622648
decision_type=2 2 2 2 2 2
left_child=1 3 4 -1 -2 -3
right_child=2 5 -4 -5 -6 -7
leaf_value=0.0022826020522641608 -0.0020834350463139564 0.014428477682152049 -0.011033315081732473 -0.003022420003415462 0.0049920508972634541 0.0044179995100388936
leaf_weight=130.99753708392382 107.99668259173632 15.974546350538729 16.029785998165607 84.19445388764143 24.344811625778675 23.374861903488636
leaf_count=524 459 62 74 380 105 100
internal_value=0.000243048 0.00148623 -0.00188959 0.000206965 -0.000781519 0.00848072
internal_weight=402.913 254.541 148.371 215.192 132.341 39.3494
internal_count=1704 1066 638 904 564 162
is_linear=0
shrinkage=0.0154489


Tree=85
num_leaves=7
num_cat=0
split_feature=6 18 10 18 2 4
split_gain=6.87563 8.12934 7.50087 4.31616 4.07085 2.60184
threshold=1.1396076357034957 1.9201663039765535 2.6635391190623485 1.0000000180025095e-35 0.27674290852126476 0.39071553652505897
decision_type=2 2 2 2 2 2
left_child=1 2 -1 4 -2 -3
right_child=3 5 -4 -5 -6 -7
leaf_value=0.002642683864308105 -0.0029403018961548072 -0.0041526355643593995 -0.01357888923706968 0.0055372394601470344 -0.012853447852074786 -0.015950840505315263
leaf_weight=297.42669553309679 33.491223745048046 18.44237627834082 10.32451783120632 10.979845650494097 25.646357253193855 10.150788590312002
leaf_count=1187 154 77 43 50 141 52
internal_value=9.79998e-05 0.00121024 0.00209784 -0.00523645 -0.00723941 -0.00833873
internal_weight=406.462 336.344 307.751 70.1174 59.1376 28.5932
internal_count=1704 1359 1230 345 295 129
is_linear=0
shrinkage=0.01873


Tree=86
num_leaves=5
num_cat=0
split_feature=5 13 5 9
split_gain=2.41803 3.39091 5.13065 4.48272
threshold=2.0529032057945504 1.2018002931059879 1.0000000180025095e-35 0.62118724872542674
decision_type=2 2 2 2
left_child=1 2 -1 -3
right_child=-2 3 -4 -5
leaf_value=0.0076920553367857986 0.022072057436535841 -0.023804125621821211 -0.0054213693190337635 0.015539882821869726
leaf_weight=163.04682557284832 13.181250043213366 33.063893929123878 162.82735075429082 10.371035337448118
leaf_count=702 52 156 751 43
internal_value=9.65082e-05 -0.000688374 0.00113961 -0.014401
internal_weight=382.49 369.309 325.874 43.4349
internal_count=1704 1652 1453 199
is_linear=0
shrinkage=0.0522581


Tree=87
num_leaves=5
num_cat=0
split_feature=5 13 13 1
split_gain=3.36151 4.79382 4.60866 3.61377
threshold=2.0529032057945504 1.2018002931059879 0.32108701708228354 0.89745615279611568
decision_type=2 2 2 2
left_child=1 2 -1 -3
right_child=-2 3 -4 -5
leaf_value=-6.2724791467265551e-05 0.010969709577890176 -0.010889576079322786 0.010898929922292147 0.003668382830749843
leaf_weight=312.85086800903082 13.587803937494753 33.258109226822853 20.301997229456902 11.364555947482584
leaf_count=1367 52 153 86 46
internal_value=7.80019e-05 -0.000314025 0.00060552 -0.00717827
internal_weight=391.363 377.776 333.153 44.6227
internal_count=1704 1652 1453 199
is_linear=0
shrinkage=0.0223063


Tree=88
num_leaves=8
num_cat=0
split_feature=17 17 17 8 14 9 11
split_gain=6.58336 9.05742 14.9921 6.59984 6.00444 5.03094 3.18422
threshold=-0.092591317284196881 1.0000000180025095e-35 0.87888776607447461 1.0833278384934255 -0.56743621049686044 -0.4101458874888616 0.11195382528532945
decision_type=2 2 2 2 2 2 2
left_child=3 5 -3 4 -1 -2 -5
right_child=1 2 -4 6 -6 -7 -8
leaf_value=-0.0022081146200791163 -0.01442355114495718 0.010527459477499236 -0.0024086761979708387 0.0057088390743501721 0.0049837472104091642 -0.0036876516311568587 0.018432092824746005
leaf_weight=67.844341717660427 17.667051933705807 42.639135412871838 95.160246849060059 13.656812071800234 87.213261149823666 76.11014049500227 12.247852012515066
leaf_count=277 85 167 401 54 348 327 45
internal_value=0.000661043 -0.00136379 0.00159423 0.00325223 0.00183698 -0.00571058 0.011721
internal_weight=412.539 231.577 137.799 180.962 155.058 93.7772 25.9047
internal_count=1704 980 568 724 625 412 99
is_linear=0
shrinkage=0.0181334


Tree=89
num_leaves=8
num_cat=0
split_feature=6 18 12 8 11 15 4
split_gain=8.23666 9.54801 9.24545 5.86076 5.50873 4.98551 3.77546
threshold=1.1396076357034957 1.9201663039765535 1.2108347199626288 0.1127546393568349 -0.63921528034091024 -0.23814514068022744 0.39071553652505897
decision_type=2 2 2 2 2 2 2
left_child=1 2 -1 4 -2 -5 -3
right_child=3 6 -4 5 -6 -7 -8
leaf_value=0.0025427802561622972 -0.0094275462684020213 -0.0020863346212611753 -0.0033647093265697309 0.0084335009758874022 -0.0017198846841916754 -0.0035536383970146837 -0.010881406668375187
leaf_weight=281.21095238626003 24.461077727377415 19.001583859324459 43.12570758163929 9.5760087370872515 28.140586316585541 9.985649034380911 10.788598924875258
leaf_count=1063 130 77 167 39 132 44 52
internal_value=0.000420043 0.00116569 0.00175708 -0.00323852 -0.00530397 0.0023112 -0.00526998
internal_weight=426.29 354.127 324.337 72.1633 52.6017 19.5617 29.7902
internal_count=1704 1359 1230 345 262 83 129
is_linear=0
shrinkage=0.0118834


Tree=90
num_leaves=8
num_cat=0
split_feature=6 18 10 6 6 3 18
split_gain=8.03732 8.83381 7.56304 4.63218 5.66906 3.44726 2.86733
threshold=1.1396076357034957 1.9201663039765535 2.6635391190623485 1.2572398040110684 2.8412625412490131 -0.3274836635606993 1.9201663039765535
decision_type=2 2 2 2 2 2 2
left_child=1 2 -1 6 -5 -3 -2
right_child=3 5 -4 4 -6 -7 -8
leaf_value=0.0019213275204485315 -0.0075509413054123051 -0.01021549862284216 -0.009229698315730412 0.0076231166837696304 -0.0051469284917764176 -0.0012978150290578767 0.0007743774937958417
leaf_weight=307.3029441088438 40.498814694583416 15.141252204775812 10.601047977805136 11.131873890757563 12.367416411638258 14.13232012093067 8.4200152009725553
leaf_count=1187 207 70 43 42 57 59 39
internal_value=9.86777e-05 0.000920038 0.00154904 -0.00383838 0.000900399 -0.00590768 -0.00611634
internal_weight=419.596 347.178 317.904 72.4181 23.4993 29.2736 48.9188
internal_count=1704 1359 1230 345 99 129 246
is_linear=0
shrinkage=0.0129943


Tree=91
num_leaves=5
num_cat=0
split_feature=2 6 2 2
split_gain=2.85266 3.44191 3.59284 3.11199
threshold=2.2601347812385639 1.1396076357034957 0.33521787112802781 0.036774901597284387
decision_type=2 2 2 2
left_child=1 2 -1 -3
right_child=-2 3 -4 -5
leaf_value=0.00063094002357066904 -0.029326454292185708 0.00018068498854727078 0.016569570837005776 -0.025757212472685673
leaf_weight=256.29350812733173 10.618025965988634 35.222517780959606 58.313943259418011 27.783946253359318
leaf_count=1070 50 171 248 165
internal_value=0.000275754 0.00110901 0.00358561 -0.011255
internal_weight=388.232 377.614 314.607 63.0065
internal_count=1704 1654 1318 336
is_linear=0
shrinkage=0.0579656


Tree=92
num_leaves=7
num_cat=0
split_feature=14 4 3 1 1 0
split_gain=2.34608 5.1275 3.93987 3.70834 4.94596 3.56262
threshold=0.32078554167742135 0.57250429260579905 0.14712917384419452 1.4627850869610992 1.3380766833452398 -0.17445316902167238
decision_type=2 2 2 2 2 2
left_child=3 2 -2 4 -1 -5
right_child=1 -3 -4 5 -6 -7
leaf_value=-0.0012366201347561699 -0.0047776785703980669 0.034469997444754583 0.020998540757015738 0.035820089897134026 -0.023247514330159334 -0.0026440533821501032
leaf_weight=256.37224225327373 50.622221171855927 13.275409586727617 18.407861590385437 11.281007222831251 25.564623989164829 10.637294493615626
leaf_count=1152 212 57 77 43 119 44
internal_value=0.000173702 0.00732204 0.00209831 -0.00176267 -0.00323316 0.0171419
internal_weight=386.161 82.3055 69.0301 303.855 281.937 21.9183
internal_count=1704 346 289 1358 1271 87
is_linear=0
shrinkage=0.0477367


Tree=93
num_leaves=5
num_cat=0
split_feature=9 9 9 9
split_gain=2.32225 3.87657 11.4808 3.67064
threshold=2.1745000803147847 1.2174879513384689 0.47526706157457504 1.3487468139858649
decision_type=2 2 2 2
left_child=1 2 -1 -3
right_child=-2 3 -4 -5
leaf_value=-0.00091992672116308731 0.024059865071222045 -0.021857128790391669 0.035708919641384868 0.005062800892065321
leaf_weight=299.58931383863091 9.3819053471088392 35.032670751214027 21.772667236626148 18.280383318662643
leaf_count=1337 34 154 108 71
internal_value=0.000143528 -0.000455942 0.00156259 -0.0126219
internal_weight=384.057 374.675 321.362 53.3131
internal_count=1704 1670 1445 225
is_linear=0
shrinkage=0.0487252


Tree=94
num_leaves=4
num_cat=0
split_feature=3 3 3
split_gain=2.22385 9.84503 4.24997
threshold=2.0865937436195865 1.2019738642068785 1.1130792935697051
decision_type=2 2 2
left_child=1 2 -1
right_child=-2 -3 -4
leaf_value=0.001123872822008899 -0.015517752635773907 0.038261855378396416 -0.015009868567202114
leaf_weight=312.19389774277806 17.648441024124622 13.791469879448412 37.217290148139
leaf_count=1389 74 66 175
internal_value=0.000121113 0.000881522 -0.000594869
internal_weight=380.851 363.203 349.411
internal_count=1704 1630 1564
is_linear=0
shrinkage=0.0451409


Tree=95
num_leaves=6
num_cat=0
split_feature=7 7 7 16 0
split_gain=2.06601 3.36033 12.6493 4.24811 2.10585
threshold=1.5283259106169955 0.14525940587580199 -0.71775246286551064 1.0000000180025095e-35 -0.17445316902167238
decision_type=2 2 2 2 2
left_child=1 2 -1 -3 -2
right_child=4 3 -4 -5 -6
leaf_value=-0.0027977399394555837 0.024010074840395235 0.0014829315642162697 0.024845536618194986 -0.013271614858820939 -0.0011962438718342238
leaf_weight=154.93768791854382 13.973635181784632 79.718428760766983 41.796453602612019 75.625508680939674 12.439449191093443
leaf_count=693 56 368 190 347 50
internal_value=0.000106419 -0.000796074 0.00307563 -0.00569951 0.0121328
internal_weight=378.491 352.078 196.734 155.344 26.4131
internal_count=1704 1598 883 715 106
is_linear=0
shrinkage=0.0446024


Tree=96
num_leaves=6
num_cat=0
split_feature=16 16 10 5 17
split_gain=1.99175 8.94481 7.37867 4.29006 4.47842
threshold=0.2920416790593886 0.85661559594523073 1.0000000180025095e-35 2.0529032057945504 1.9004617301751012
decision_type=2 2 2 2 2
left_child=3 -2 -3 4 -1
right_child=1 2 -4 -5 -6
leaf_value=-0.0012610688663380564 0.032438905751673727 -0.01136796673952477 0.024616885900033365 0.026710691303677082 -0.02465964170592682
leaf_weight=259.82340433076024 20.977141745388508 47.815336860716343 16.216324925422668 10.84781628102064 18.631339371204376
leaf_count=1196 90 215 71 42 90
internal_value=0.000104967 0.00631115 -0.00224992 -0.00171873 -0.00282744
internal_weight=374.311 85.0088 64.0317 289.303 278.455
internal_count=1704 376 286 1328 1286
is_linear=0
shrinkage=0.0461241


Tree=97
num_leaves=6
num_cat=0
split_feature=9 9 11 3 16
split_gain=4.59141 9.19379 6.82972 5.06307 4.7929
threshold=-0.28927029204460036 -0.033242108751767543 1.8317119005315685 0.23046978943451865 0.2920416790593886
decision_type=2 2 2 2 2
left_child=2 -2 4 -3 -1
right_child=1 3 -4 -5 -6
leaf_value=-0.003468078685028274 0.015598759285589191 -0.00037836559484364849 0.010546862941950803 0.0053905534447098629 0.0020362940977308726
leaf_weight=141.73723106831312 10.626811347901819 138.5678524300456 10.456643164157866 47.005954265594482 49.15558297932148
leaf_count=630 55 573 41 200 205
internal_value=0.000216076 0.00186998 -0.0013955 0.00108308 -0.00205045
internal_weight=397.55 196.201 201.349 185.574 190.893
internal_count=1704 828 876 773 835
is_linear=0
shrinkage=0.0151924


Tree=98
num_leaves=5
num_cat=0
split_feature=2 2 2 2
split_gain=3.30822 3.77547 10.8838 8.90264
threshold=2.2601347812385639 0.33521787112802781 0.94849958921921784 0.27674290852126476
decision_type=2 2 2 2
left_child=1 3 -3 -1
right_child=-2 2 -4 -5
leaf_value=0.0012707784095609656 -0.0083836997406403282 0.013547712383059863 -8.0494135996286246e-05 -0.0047126025112613117
leaf_weight=226.18923559784889 10.602920711040495 19.534183204174042 51.8421910405159 82.128650695085526
leaf_count=962 50 89 217 386
internal_value=0.00018423 0.000423749 0.00364962 -0.000323098
internal_weight=390.297 379.694 71.3764 308.318
internal_count=1704 1654 306 1348
is_linear=0
shrinkage=0.0155675


Tree=99
num_leaves=7
num_cat=0
split_feature=6 18 10 18 2 3
split_gain=4.97072 6.73698 6.45259 4.24034 4.17942 3.50522
threshold=1.1396076357034957 1.9201663039765535 2.6635391190623485 1.0000000180025095e-35 0.27674290852126476 0.041330241437667829
decision_type=2 2 2 2 2 2
left_child=1 2 -1 4 -2 -3
right_child=3 5 -4 -5 -6 -7
leaf_value=0.0017574509402482977 -0.0015788027218811814 -0.0098701973001533889 -0.0092799087107449628 0.0045810756276383835 -0.0091014073166593521 -6.720321313036561e-05
leaf_weight=289.6206384524703 32.286356516182423 15.906703457236292 10.26592370867729 10.725031808018683 24.244546830654144 11.978617332875727
leaf_count=1187 154 76 43 50 141 53
internal_value=8.44211e-05 0.000780374 0.00137917 -0.00330676 -0.00480509 -0.00565633
internal_weight=395.028 327.772 299.887 67.2559 56.5309 27.8853
internal_count=1704 1359 1230 345 295 129
is_linear=0
shrinkage=0.0136964


Tree=100
num_leaves=5
num_cat=0
split_feature=2 2 2 2
split_gain=2.18754 2.0523 7.61066 4.30601
threshold=2.2601347812385639 0.33521787112802781 0.94849958921921784 0.27674290852126476
decision_type=2 2 2 2
left_child=1 3 -3 -1
right_child=-2 2 -4 -5
leaf_value=0.0024996738239934715 -0.021637571454816259 0.036170498789040995 -0.00095711003631258678 -0.010506611866730091
leaf_weight=220.4654139727354 10.198324114084242 16.767815992236137 50.412336051464081 78.815655663609505
leaf_count=962 50 89 217 386
internal_value=0.000160474 0.000767758 0.00831107 -0.000925601
internal_weight=376.66 366.461 67.1802 299.281
internal_count=1704 1654 306 1348
is_linear=0
shrinkage=0.0477641


Tree=101
num_leaves=7
num_cat=0
split_feature=0 7 2 12 14 4
split_gain=1.90568 6.09154 7.01085 6.47492 4.08168 2.5353
threshold=-0.1079333387789332 0.28328722933143241 0.27674290852126476 0.53225630972752225 1.431643500509548 0.39071553652505897
decision_type=2 2 2 2 2 2
left_child=4 3 -3 -2 5 -1
right_child=1 2 -4 -5 -6 -7
leaf_value=0.00010717211287232334 0.0046623667957362827 0.042130951568076253 -0.0070196921806109421 -0.029236601100737388 0.020338361505848411 -0.011049031839197136
leaf_weight=126.09056638926268 86.627574175596237 20.700752392411232 11.878462150692938 17.650154165923595 18.554101090878248 91.580595962703228
leaf_count=563 394 85 57 78 79 448
internal_value=0.000148659 0.00494071 0.0241991 -0.00107674 -0.00262758 -0.00458643
internal_weight=373.082 136.857 32.5792 104.278 236.225 217.671
internal_count=1704 614 142 472 1090 1011
is_linear=0
shrinkage=0.0510382


Tree=102
num_leaves=8
num_cat=0
split_feature=7 7 12 7 17 5 9
split_gain=4.01377 19.8179 6.10326 5.34686 6.8482 3.15315 2.49824
threshold=0.14525940587580199 -0.71775246286551064 1.4769233475077694 0.28328722933143241 0.65996663140346346 0.56189613447305187 -0.4101458874888616
decision_type=2 2 2 2 2 2 2
left_child=1 2 -1 6 -5 -3 -2
right_child=3 5 -4 4 -6 -7 -8
leaf_value=-8.492519079985407e-05 -0.012560284632857062 0.010736679536721043 -0.013216811574676184 0.0032606530930318059 -0.010818489245005664 0.023461831794371911 -0.0040324191492207648
leaf_weight=141.92485791444778 16.621044240891933 36.056724093854427 15.221772246062754 84.436364986002445 15.955974645912645 9.5655211061239225 67.785378139466047
leaf_count=628 83 154 65 358 70 36 310
internal_value=4.82206e-05 0.00196409 -0.00135749 -0.00205388 0.00102146 0.0134041 -0.00571199
internal_weight=387.568 202.769 157.147 184.799 100.392 45.6222 84.4064
internal_count=1704 883 693 821 428 190 393
is_linear=0
shrinkage=0.0197211


Tree=103
num_leaves=8
num_cat=0
split_feature=6 14 14 13 8 11 11
split_gain=3.45099 3.9257 6.55072 3.63129 3.36437 5.82639 2.02261
threshold=1.1396076357034957 -0.56743621049686044 0.27397806272271569 2.1289322549980318 0.1127546393568349 -0.63921528034091024 0.27744465643323141
decision_type=2 2 2 2 2 2 2
left_child=1 3 -3 -1 5 -2 -6
right_child=4 2 -4 -5 6 -7 -8
leaf_value=-0.00055084295722966929 -0.014157141245241334 0.010516077149321044 0.00098498498812218797 -0.013013577049198602 0.0098458340240189686 -0.00039053243950914492 -0.0032317245691140875
leaf_weight=147.1206017062068 21.943671450018883 35.145367830991745 129.34402104467154 9.5244518071413022 8.8444370478391665 25.434266395866871 9.2614174857735616
leaf_count=628 130 157 534 40 39 132 44
internal_value=7.36372e-05 0.000909049 0.00302172 -0.00130929 -0.00402255 -0.00676659 0.00315252
internal_weight=386.618 321.134 164.489 156.645 65.4838 47.3779 18.1059
internal_count=1704 1359 691 668 345 262 83
is_linear=0
shrinkage=0.0195816


Tree=104
num_leaves=8
num_cat=0
split_feature=8 8 17 8 6 9 5
split_gain=3.23682 15.0794 9.44797 7.0812 5.48957 5.22678 1.85593
threshold=0.071124974213128508 0.75905031165006764 0.39909803165934116 1.0000000180025095e-35 1.1396076357034957 -0.4101458874888616 0.25732138646434882
decision_type=2 2 2 2 2 2 2
left_child=3 6 -3 4 -1 -5 -2
right_child=1 2 -4 5 -6 -7 -8
leaf_value=0.0022308166612847991 0.011965525934842902 0.0022805538066255149 -0.013125175921238496 -0.016933457033137405 -0.0068434450477432027 -0.003839542280367746 0.022962315305803078
leaf_weight=162.92313741147518 17.324251390993599 68.737172171473503 20.30318509042263 14.720580853521822 31.300752118229866 64.941338554024696 9.2725754901766759
leaf_count=660 81 290 96 73 170 290 44
internal_value=-0.000100318 0.00268438 -0.00123273 -0.00127615 0.000767908 -0.00625965 0.0157958
internal_weight=389.523 115.637 89.0404 273.886 194.224 79.6619 26.5968
internal_count=1704 511 386 1193 830 363 125
is_linear=0
shrinkage=0.0198515


Tree=105
num_leaves=7
num_cat=0
split_feature=12 10 12 12 17 9
split_gain=6.26166 7.43096 5.69635 10.1564 5.50585 2.55542
threshold=0.21530686497781709 2.6635391190623485 0.36317241704170095 1.2108347199626288 -0.092591317284196881 -0.4101458874888616
decision_type=2 2 2 2 2 2
left_child=1 4 5 -4 -1 -2
right_child=2 -3 3 -5 -6 -7
leaf_value=0.0035179532491439736 -0.013377188326482142 -0.014521769596100341 0.0080244463681109629 -0.0051158690145870628 -0.0018345799173715371 -0.0059875164950250947
leaf_weight=102.36596658825874 17.115485191345215 9.9640533924102765 24.69968056678772 57.059799127280712 125.3608395755291 68.957553930580616
leaf_count=425 80 42 102 238 523 294
internal_value=-0.00185014 -6.20012e-05 -0.00438247 -0.00114575 0.000571404 -0.00745723
internal_weight=405.523 237.691 167.833 81.7595 227.727 86.073
internal_count=1704 990 714 340 948 374
is_linear=0
shrinkage=0.0171255


Tree=106
num_leaves=8
num_cat=0
split_feature=17 17 17 8 14 9 11
split_gain=6.22237 10.7677 13.9926 8.10466 5.94536 4.96616 3.09864
threshold=-0.092591317284196881 1.0000000180025095e-35 0.87888776607447461 1.0833278384934255 -0.56743621049686044 -0.4101458874888616 -0.020892383657170475
decision_type=2 2 2 2 2 2 2
left_child=3 5 -3 4 -1 -2 -5
right_child=1 2 -4 6 -6 -7 -8
leaf_value=-0.0014621674393314596 -0.0073212343545890051 0.0048394334541826331 -0.0012282331464738357 0.0021906364211963444 0.0019593330276430816 -0.0022298587423471156 0.0082582474579910286
leaf_weight=68.954032488167286 18.051931172609329 41.919726297259331 94.575318031013012 11.096934378147127 88.816081896424294 77.285116262733936 15.253217503428457
leaf_count=277 85 167 401 43 348 327 56
internal_value=1.35854e-05 -0.000939439 0.00063527 0.00121358 0.000463947 -0.00319405 0.00570058
internal_weight=415.952 231.832 136.495 184.12 157.77 95.337 26.3502
internal_count=1704 980 568 724 625 412 99
is_linear=0
shrinkage=0.00874401


Tree=107
num_leaves=7
num_cat=0
split_feature=14 14 18 1 1 4
split_gain=4.39144 12.8146 6.01272 4.08628 9.2531 2.98754
threshold=-0.56743621049686044 0.27397806272271569 1.9201663039765535 1.4627850869610992 1.3380766833452398 -0.15291670292577308
decision_type=2 2 2 2 2 2
left_child=3 5 -3 4 -1 -2
right_child=1 2 -4 -5 -6 -7
leaf_value=-0.001216465288606318 0.004122868843664783 0.00036403292962136532 -0.0087305151302469828 0.0051644440590916767 -0.0119590621692199 0.011545318617091004
leaf_weight=166.01497054845095 18.764464735984802 150.31345740705729 14.819515034556387 15.231628164649008 16.346476659178734 21.721285082399845
leaf_count=711 76 623 69 59 75 91
internal_value=-0.000162176 0.0012323 -0.000452488 -0.00161333 -0.00217995 0.00810333
internal_weight=403.212 205.619 165.133 197.593 182.361 40.4857
internal_count=1704 859 692 845 786 167
is_linear=0
shrinkage=0.0136317


Tree=108
num_leaves=8
num_cat=0
split_feature=12 8 8 4 12 12 8
split_gain=4.44313 6.31369 12.2216 10.7102 5.22346 11.0425 3.05636
threshold=0.21530686497781709 0.071124974213128508 0.75905031165006764 1.587176451448326 0.36317241704170095 1.2108347199626288 1.0000000180025095e-35
decision_type=2 2 2 2 2 2 2
left_child=1 3 -3 -1 6 -6 -2
right_child=4 2 -4 -5 5 -7 -8
leaf_value=0.00096423362420749862 -0.0010740059781253824 0.012551608761997469 0.0011521786849416678 -0.0099566204664834831 0.0079577841379323885 -0.0025788621764527152 -0.0063253618696609577
leaf_weight=136.80556357651949 36.352655872702599 23.416394636034966 64.545108467340469 18.635539002716541 26.768534749746323 56.595620848238468 45.748251885175705
leaf_count=550 166 100 255 85 102 238 208
internal_value=0.000130374 0.00129254 0.00418727 -0.000345495 -0.00157912 0.000804617 -0.00399986
internal_weight=408.868 243.403 87.9615 155.441 165.465 83.3642 82.1009
internal_count=1704 990 355 635 714 340 374
is_linear=0
shrinkage=0.013522


Tree=109
num_leaves=6
num_cat=0
split_feature=9 9 11 16 14
split_gain=2.29968 6.19779 3.93893 3.9743 3.79849
threshold=-0.28927029204460036 1.0000000180025095e-35 1.8317119005315685 0.2920416790593886 -0.56743621049686044
decision_type=2 2 2 2 2
left_child=2 -2 3 -1 -3
right_child=1 4 -4 -5 -6
leaf_value=-0.0105315357123966 0.044442047860410248 -0.0065066146772258292 0.027623533352170469 0.006875822028129348 0.0086702633656051062
leaf_weight=136.09681790322065 9.5607232078909856 83.367945954203606 9.8679513707756978 47.72786045819521 95.149433746933937
leaf_count=630 62 363 41 205 403
internal_value=-0.000325357 0.00376332 -0.00429566 -0.00601121 0.00158254
internal_weight=381.771 188.078 193.693 183.825 178.517
internal_count=1704 828 876 835 766
is_linear=0
shrinkage=0.0519153


Tree=110
num_leaves=8
num_cat=0
split_feature=6 18 12 6 6 3 8
split_gain=6.37633 9.13351 6.63058 5.35442 6.07857 3.41565 2.27075
threshold=1.1396076357034957 1.9201663039765535 1.2108347199626288 1.2572398040110684 2.8412625412490131 -0.3274836635606993 1.0000000180025095e-35
decision_type=2 2 2 2 2 2 2
left_child=1 2 -1 6 -5 -3 -2
right_child=3 5 -4 4 -6 -7 -8
leaf_value=0.0016668225743603242 -0.0072789538555618257 -0.0082938684707795727 -0.0027067390680322245 0.0066172207696891909 -0.003842635074876791 -0.0013070419292471316 -0.0027918607170332715
leaf_weight=272.82642293721437 21.369995027780533 15.30253976583481 42.594355240464211 11.432320132851602 12.177867650985716 14.445461377501486 27.297079399228096
leaf_count=1063 114 70 167 42 57 59 132
internal_value=-2.22724e-05 0.000560894 0.00107606 -0.00280698 0.0012204 -0.00489903 -0.00476199
internal_weight=417.446 345.169 315.421 72.2773 23.6102 29.748 48.6671
internal_count=1704 1359 1230 345 99 129 246
is_linear=0
shrinkage=0.0103121


Tree=111
num_leaves=7
num_cat=0
split_feature=6 18 12 18 2 3
split_gain=7.07808 7.96162 7.60551 4.2484 4.23921 3.12201
threshold=1.1396076357034957 1.9201663039765535 0.21530686497781709 1.0000000180025095e-35 0.27674290852126476 -0.3274836635606993
decision_type=2 2 2 2 2 2
left_child=1 2 -1 4 -2 -3
right_child=3 5 -4 -5 -6 -7
leaf_value=0.0033733595627442416 -0.0021192715912062943 -0.010545537671328724 -0.0010645560062551244 0.0039620578845129045 -0.009591558271576971 -0.0013716710395145612
leaf_weight=185.81479275226593 33.856756694614887 14.746358260512354 125.49796913564205 11.223226837813852 26.048461079597473 14.022575482726095
leaf_count=729 154 70 501 50 141 59
internal_value=0.000100624 0.000936352 0.00158424 -0.00389457 -0.00536847 -0.00607137
internal_weight=411.21 340.082 311.313 71.1284 59.9052 28.7689
internal_count=1704 1359 1230 345 295 129
is_linear=0
shrinkage=0.0139288


Tree=112
num_leaves=8
num_cat=0
split_feature=8 8 17 8 9 6 5
split_gain=2.19131 12.4587 9.38993 6.07511 4.86627 4.45166 1.98023
threshold=0.071124974213128508 0.75905031165006764 0.39909803165934116 1.0000000180025095e-35 -0.4101458874888616 1.1396076357034957 0.25732138646434882
decision_type=2 2 2 2 2 2 2
left_child=3 6 -3 5 -5 -1 -2
right_child=1 2 -4 4 -6 -7 -8
leaf_value=0.0069889332433877545 0.034065608314534201 0.0072872467484489173 -0.042260869314421745 -0.051850308730340494 -0.010813164267657717 -0.019492324607915404 0.071968270735498052
leaf_weight=160.60922431200743 16.151606075465683 68.048984564840794 20.113840632140636 14.351427949964998 64.104778856039047 30.700858421623707 8.553754694759844
leaf_count=660 81 290 96 73 290 170 44
internal_value=-0.000267036 0.00718935 -0.0040184 -0.00338703 -0.0183215 0.00273775 0.0471771
internal_weight=382.634 112.868 88.1628 269.766 78.4562 191.31 24.7054
internal_count=1704 511 386 1193 363 830 125
is_linear=0
shrinkage=0.0637392


Tree=113
num_leaves=7
num_cat=0
split_feature=0 0 1 0 0 3
split_gain=4.9116 8.76146 6.92075 6.33944 11.2403 4.07072
threshold=-0.1079333387789332 0.23512407455415363 1.3380766833452398 -0.17445316902167238 -0.77023790851887008 1.1130792935697051
decision_type=2 2 2 2 2 2
left_child=3 -2 -3 4 -1 -5
right_child=1 2 -4 5 -6 -7
leaf_value=-0.0016295181422226346 0.011544828940372148 0.0019111617160308073 -0.0065058151066703972 -0.0025862765551702398 0.005496004281653929 -0.009645074483576134
leaf_weight=134.50274456292391 13.216129064559935 122.16917932033539 17.630813747644424 61.737266153097153 47.21145087480545 16.287892416119576
leaf_count=570 56 486 72 262 184 74
internal_value=-1.22945e-05 0.00177353 0.000849143 -0.00106441 0.00022187 -0.00406004
internal_weight=412.755 153.016 139.8 259.739 181.714 78.0252
internal_count=1704 614 558 1090 754 336
is_linear=0
shrinkage=0.0125664


Tree=114
num_leaves=8
num_cat=0
split_feature=17 8 17 8 14 9 11
split_gain=4.05193 5.70798 5.28584 9.37145 4.83109 3.91166 2.88553
threshold=-0.092591317284196881 1.0833278384934255 1.0000000180025095e-35 0.75905031165006764 -0.56743621049686044 -0.4101458874888616 0.11195382528532945
decision_type=2 2 2 2 2 2 2
left_child=1 4 5 -4 -1 -2 -3
right_child=2 6 3 -5 -6 -7 -8
leaf_value=-0.003242558681925366 -0.013990026378023296 0.0046339704315920211 0.0030710599672109668 -0.010701038706291225 0.0037547738123821436 -0.0035441193067613495 0.018126448686116858
leaf_weight=66.78989963978529 16.767869286239147 13.022909991443159 108.24103995412588 22.882399439811707 86.770020104944706 74.950463131070137 11.314036585390566
leaf_count=277 85 54 463 105 348 327 45
internal_value=-9.52221e-05 0.00210599 -0.00185255 0.000666664 0.000711299 -0.00545429 0.0109033
internal_weight=400.739 177.897 222.842 131.123 153.56 91.7183 24.3369
internal_count=1704 724 980 568 625 412 99
is_linear=0
shrinkage=0.0195605


Tree=115
num_leaves=4
num_cat=0
split_feature=10 10 18
split_gain=2.14775 6.0195 3.91753
threshold=2.6635391190623485 1.2618633059181228 1.9201663039765535
decision_type=2 2 2
left_child=1 2 -1
right_child=-2 -3 -4
leaf_value=0.001244356476635222 -0.019465892103628646 0.040665914019332651 -0.016946489726397958
leaf_weight=323.06915114447474 14.38834824413061 9.4422523602843267 33.904580093920231
leaf_count=1433 65 42 164
internal_value=-0.000180036 0.00057773 -0.000483696
internal_weight=380.804 366.416 356.974
internal_count=1704 1639 1597
is_linear=0
shrinkage=0.0509248


Tree=116
num_leaves=5
num_cat=0
split_feature=9 9 9 9
split_gain=3.35785 5.78495 15.801 4.53696
threshold=2.1745000803147847 1.2174879513384689 0.47526706157457504 1.3487468139858649
decision_type=2 2 2 2
left_child=1 2 -1 -3
right_child=-2 3 -4 -5
leaf_value=-0.00038818017233688523 0.012204037374585645 -0.010670302520592468 0.017005971791789986 0.0018801735654746837
leaf_weight=303.83700884878635 9.6308781206607801 35.982789941132069 24.094674542546272 18.709221079945564
leaf_count=1337 34 154 108 71
internal_value=0.000155276 -0.000148301 0.000890261 -0.00637473
internal_weight=392.255 382.624 327.932 54.692
internal_count=1704 1670 1445 225
is_linear=0
shrinkage=0.0206837


Tree=117
num_leaves=8
num_cat=0
split_feature=6 8 11 14 12 4 11
split_gain=4.16063 3.8714 6.61709 3.7448 3.72149 3.16878 2.6397
threshold=1.1396076357034957 0.1127546393568349 -0.63921528034091024 1.431643500509548 0.21530686497781709 -0.57000274287395813 0.27744465643323141
decision_type=2 2 2 2 2 2 2
left_child=3 2 -2 4 -1 -5 -3
right_child=1 6 -4 5 -6 -7 -8
leaf_value=0.0014557087849296265 -0.010770653731581913 0.0076809952696001733 -0.00046557155397029815 0.0013339169216573113 -0.0016990200602321182 0.011653450742033698 -0.0029157695728263631
leaf_weight=184.32503846287727 23.118529476225376 9.0890861451625842 26.476424969732761 13.058889567852022 123.91908416897058 10.716522373259066 9.5140078812837583
leaf_count=745 130 39 132 51 522 41 44
internal_value=-4.7865e-05 -0.00321461 -0.00526914 0.000602656 0.000187425 0.00598362 0.00225863
internal_weight=400.218 68.198 49.595 332.02 308.244 23.7754 18.6031
internal_count=1704 345 262 1359 1267 92 83
is_linear=0
shrinkage=0.0140784


Tree=118
num_leaves=7
num_cat=0
split_feature=12 10 7 7 11 9
split_gain=3.67065 5.67695 5.04745 4.7687 4.62308 3.73715
threshold=0.21530686497781709 2.6635391190623485 0.14525940587580199 0.28328722933143241 1.0000000180025095e-35 0.43791124164290823
decision_type=2 2 2 2 2 2
left_child=1 2 -1 4 -2 -5
right_child=3 -3 -4 5 -6 -7
leaf_value=0.0066111392158256684 -0.00087605558105892183 -0.017126529284691501 -0.0010505258323737175 0.0096595340483320528 -0.010876663279100633 -0.0083177338061879314
leaf_weight=116.93728855997324 66.926675647497177 9.5545144379138929 107.50526370853186 28.487327046692371 54.732236757874489 10.216734588146208
leaf_count=495 298 42 453 117 259 40
internal_value=8.21519e-05 0.00212076 0.00294118 -0.00289237 -0.00537514 0.00490908
internal_weight=394.36 233.997 224.443 160.363 121.659 38.7041
internal_count=1704 990 948 714 557 157
is_linear=0
shrinkage=0.0255255


Tree=119
num_leaves=8
num_cat=0
split_feature=5 5 5 17 11 2 7
split_gain=2.17186 8.46706 10.0162 6.34688 4.80251 7.79394 3.52891
threshold=1.0000000180025095e-35 0.12780629567028304 0.9161486001452781 0.87888776607447461 -0.63921528034091024 1.0000000180025095e-35 1.2366221534559902
decision_type=2 2 2 2 2 2 2
left_child=4 3 -3 -2 6 -6 -1
right_child=1 2 -4 -5 5 -7 -8
leaf_value=-0.0016010069462894148 -0.0093051631043764085 0.03450452046372595 -0.0049367711822958186 -0.047180694381944624 0.028087629357604067 -0.003022385491680189 -0.037000381873303845
leaf_weight=72.246006920933723 56.99047914147377 30.337157040834427 81.027474224567413 20.663416020572186 54.375112824141979 56.097719438374043 11.129168309271334
leaf_count=314 260 135 357 112 229 249 48
internal_value=-7.45658e-05 -0.00454154 0.005808 -0.0193844 0.00428096 0.012289 -0.00632854
internal_weight=382.867 189.019 111.365 77.6539 193.848 110.473 83.3752
internal_count=1704 864 492 372 840 478 362
is_linear=0
shrinkage=0.0585678


Tree=120
num_leaves=8
num_cat=0
split_feature=6 18 18 6 6 18 3
split_gain=3.75449 5.98199 4.54021 4.1751 4.90498 2.88109 2.72458
threshold=1.1396076357034957 1.9201663039765535 1.0000000180025095e-35 1.2572398040110684 2.8412625412490131 1.9201663039765535 0.041330241437667829
decision_type=2 2 2 2 2 2 2
left_child=1 2 -1 5 -5 -2 -3
right_child=3 6 -4 4 -6 -7 -8
leaf_value=0.0010704085249919663 -0.0067194130840344648 -0.0091229716779873543 0.0078588727644333493 0.0088886577633949006 -0.0041699254331522325 0.0025451297936392005 -0.00025673104950971144
leaf_weight=283.15343824774027 37.408758752048016 15.61747992038727 20.69356943666935 11.118497535586359 11.384673058986662 7.9604414328932753 11.987346448004244
leaf_count=1149 207 76 81 42 57 39 53
internal_value=0.000351946 0.00096614 0.00153297 -0.00264695 0.00227984 -0.00509204 -0.00527009
internal_weight=399.324 331.452 303.847 67.8724 22.5032 45.3692 27.6048
internal_count=1704 1359 1230 345 99 246 129
is_linear=0
shrinkage=0.0139978


Tree=121
num_leaves=7
num_cat=0
split_feature=12 7 10 16 16 17
split_gain=5.80031 6.73383 6.13755 7.48943 5.17592 2.41161
threshold=0.21530686497781709 0.28328722933143241 2.6635391190623485 1.0000000180025095e-35 1.8770799877687276 -0.092591317284196881
decision_type=2 2 2 2 2 2
left_child=2 4 3 -1 -2 -3
right_child=1 5 -4 -5 -6 -7
leaf_value=0.0035336630381104894 -0.0035300493225776395 0.00541225993397029 -0.0076969310548310179 -0.00058773546155019263 0.0049076796373553212 -0.00024544019244664237
leaf_weight=125.22366469353437 115.28786870092154 19.868299998342991 9.6545602679252607 108.01998784393072 10.407456278800963 19.727149292826653
leaf_count=507 516 71 42 441 41 86
internal_value=0.000126051 -0.00153127 0.0012539 0.0016249 -0.00283065 0.00259219
internal_weight=408.189 165.291 242.898 233.244 125.695 39.5954
internal_count=1704 714 990 948 557 157
is_linear=0
shrinkage=0.0114699


Tree=122
num_leaves=8
num_cat=0
split_feature=12 12 12 12 8 5 8
split_gain=7.84706 10.3754 7.33015 13.8814 5.07688 3.003 2.3278
threshold=0.21530686497781709 -0.6009865144664357 0.36317241704170095 1.2108347199626288 0.071124974213128508 1.0000000180025095e-35 1.0000000180025095e-35
decision_type=2 2 2 2 2 2 2
left_child=1 4 6 -4 -1 -3 -2
right_child=2 5 3 -5 -6 -7 -8
leaf_value=-0.0025097936383844935 -0.0034638144943459044 0.0026176015312707776 0.0063454525386549528 -0.0039223664113131364 0.0013911218340186596 0.0086786505072433667 -0.0073006702695246227
leaf_weight=129.02324931323528 39.360683508217335 28.66472914814949 26.19965623319149 58.698764525353909 71.295808613300323 18.502151064574718 48.683229975402355
leaf_count=513 166 120 102 238 283 74 208
internal_value=-0.00129557 4.4394e-05 -0.00321309 -0.000753416 -0.00112125 0.00499441 -0.00558509
internal_weight=420.428 247.486 172.942 84.8984 200.319 47.1669 88.0439
internal_count=1704 990 714 340 796 194 374
is_linear=0
shrinkage=0.0117338


Tree=123
num_leaves=7
num_cat=0
split_feature=13 13 5 16 2 11
split_gain=4.95444 8.97709 6.52295 5.36093 3.86267 3.70983
threshold=0.27467550899125442 -0.48932710796035989 1.0000000180025095e-35 1.3026968228741045 0.33521787112802781 -0.32014354348622648
decision_type=2 2 2 2 2 2
left_child=1 2 -1 4 -2 -3
right_child=3 5 -4 -5 -6 -7
leaf_value=0.0022561269379398358 -0.0021527514292971109 0.011337867115174484 -0.0021465393032407062 -0.008853128237014736 0.0034248053123278961 0.0033490904617844695
leaf_weight=101.63316966593266 109.25658681988716 15.455778449773787 114.55205712467432 16.142383769154549 24.269017063081264 23.312001176178455
leaf_count=404 459 62 500 74 105 100
internal_value=-0.000144036 0.000928537 -7.66566e-05 -0.00197111 -0.00113872 0.00653306
internal_weight=404.621 254.953 216.185 149.668 133.526 38.7678
internal_count=1704 1066 904 638 564 162
is_linear=0
shrinkage=0.0126516


Tree=124
num_leaves=7
num_cat=0
split_feature=13 5 5 14 3 5
split_gain=2.39474 3.96387 5.87128 3.99861 3.73034 3.89089
threshold=1.2018002931059879 1.0000000180025095e-35 0.12780629567028304 0.055386641733079285 0.041330241437667829 -0.22001763072248443
decision_type=2 2 2 2 2 2
left_child=1 3 -3 -1 -2 -6
right_child=4 2 -4 -5 5 -7
leaf_value=-0.00050508329751695121 -0.033416942811716616 -0.019063745361568404 0.0043708050837308887 0.019056692630698299 -0.016826107115142874 0.034010313518685845
leaf_weight=89.551654040813446 20.690295428037643 70.299337819218636 103.18300414830446 75.167460277676582 15.475461453199388 9.480703189969061
leaf_count=394 91 339 458 308 73 41
internal_value=-0.000342442 0.00147237 -0.00512512 0.00842115 -0.0137866 0.00248258
internal_weight=383.848 338.201 173.482 164.719 45.6465 24.9562
internal_count=1704 1499 797 702 205 114
is_linear=0
shrinkage=0.0625462


Tree=125
num_leaves=8
num_cat=0
split_feature=12 8 8 4 12 12 8
split_gain=4.80823 6.1964 11.0261 10.7727 4.63972 10.4778 2.45623
threshold=0.21530686497781709 0.071124974213128508 0.58604625066338423 1.587176451448326 0.36317241704170095 1.2108347199626288 1.0000000180025095e-35
decision_type=2 2 2 2 2 2 2
left_child=1 3 -3 -1 6 -6 -2
right_child=4 2 -4 -5 5 -7 -8
leaf_value=0.0009300302392140613 -0.001490982248561448 0.014318833111137392 0.0018117767053203585 -0.010235962962934244 0.0077143156672899275 -0.0028555966547706662 -0.0062931495529723212
leaf_weight=137.52565464377403 36.853228889405727 16.589115872979164 70.900543250143528 18.724115505814552 26.203375101089478 56.432910040020943 45.344549842178822
leaf_count=550 166 75 280 85 102 238 208
internal_value=7.23647e-06 0.00123995 0.004184 -0.000408492 -0.00181548 0.000496197 -0.00413983
internal_weight=408.573 243.739 87.4897 156.25 164.834 82.6363 82.1978
internal_count=1704 990 355 635 714 340 374
is_linear=0
shrinkage=0.0138183


Tree=126
num_leaves=8
num_cat=0
split_feature=12 7 12 11 11 5 5
split_gain=5.18458 5.62669 5.31312 5.05365 4.78912 2.33295 2.25529
threshold=0.21530686497781709 0.28328722933143241 -0.6009865144664357 1.0000000180025095e-35 1.0000000180025095e-35 1.0000000180025095e-35 1.0000000180025095e-35
decision_type=2 2 2 2 2 2 2
left_child=2 4 3 -1 -2 -4 -3
right_child=1 6 5 -5 -6 -7 -8
leaf_value=-0.0021325078053364786 -0.00080159728354157859 0.0063849526565916944 0.0035358465003889742 0.0027913488256640661 -0.0067886806436111653 0.010560603186718148 -0.00090077916028638376
leaf_weight=90.677188612520695 68.272008471190929 21.562919981777668 28.60604090988636 102.4437912851572 56.213388472795486 17.616167306900024 17.943895913660526
leaf_count=382 298 83 120 414 259 74 74
internal_value=0.000161001 -0.00191976 0.00158675 0.000479426 -0.00350514 0.00621255 0.00307404
internal_weight=403.335 163.992 239.343 193.121 124.485 46.2222 39.5068
internal_count=1704 714 990 796 557 194 157
is_linear=0
shrinkage=0.0151926


Tree=127
num_leaves=7
num_cat=0
split_feature=12 10 7 7 6 9
split_gain=2.40873 4.06985 3.9197 3.78361 4.29538 3.21983
threshold=0.21530686497781709 2.6635391190623485 0.14525940587580199 0.28328722933143241 0.72398890507662805 0.43791124164290823
decision_type=2 2 2 2 2 2
left_child=1 2 -1 4 -2 -5
right_child=3 -3 -4 5 -6 -7
leaf_value=0.016501125297782544 -0.0067252754970748528 -0.044398898153625063 -0.0037315408770765357 0.026540707966611989 -0.042101342654615945 -0.02343159403653737
leaf_weight=113.43880215287209 94.185238964855671 9.1981856524944288 104.90670405328274 27.794985294342041 24.637134537100792 9.9493153840303403
leaf_count=495 413 42 453 117 144 40
internal_value=-0.0002478 0.00470828 0.00677977 -0.00745075 -0.0140618 0.0133545
internal_weight=384.11 227.544 218.346 156.567 118.822 37.7443
internal_count=1704 990 948 714 557 157
is_linear=0
shrinkage=0.0754545


Tree=128
num_leaves=5
num_cat=0
split_feature=2 2 2 2
split_gain=2.13547 2.61908 7.44236 4.78584
threshold=2.2601347812385639 0.33521787112802781 0.94849958921921784 0.27674290852126476
decision_type=2 2 2 2
left_child=1 3 -3 -1
right_child=-2 2 -4 -5
leaf_value=0.002727679836570158 -0.027364752723469835 0.046377337307986335 -0.00015638869851924202 -0.014673253917488098
leaf_weight=223.16478551924229 10.378080926835535 16.892578102648258 51.384054228663445 79.308275640010834
leaf_count=962 50 89 217 386
internal_value=-0.000167148 0.000594824 0.0113582 -0.00183493
internal_weight=381.128 370.75 68.2766 302.473
internal_count=1704 1654 306 1348
is_linear=0
shrinkage=0.0608516


Tree=129
num_leaves=8
num_cat=0
split_feature=6 18 12 6 6 3 18
split_gain=8.89879 8.91586 6.03333 4.80169 7.09223 3.06179 2.62937
threshold=1.1396076357034957 1.9201663039765535 0.21530686497781709 1.2572398040110684 2.8412625412490131 -0.3274836635606993 1.9201663039765535
decision_type=2 2 2 2 2 2 2
left_child=1 2 -1 6 -5 -3 -2
right_child=3 5 -4 4 -6 -7 -8
leaf_value=0.0017373199715633347 -0.0087172912573415841 -0.011009808664190096 -0.001889009051051758 0.0070949467033019718 -0.0069851470554687586 -0.002827075246342764 -0.001111903664310139
leaf_weight=181.01482684165239 42.435450732707977 15.22859186679125 124.98550742119551 10.756538927555086 12.37663810700178 14.24763200432062 8.8380905985832197
leaf_count=729 207 70 501 42 57 59 39
internal_value=-0.00126723 -0.000386264 0.000256077 -0.00523865 -0.000439618 -0.0070521 -0.00740511
internal_weight=409.883 335.477 306 74.4067 23.1332 29.4762 51.2735
internal_count=1704 1359 1230 345 99 129 246
is_linear=0
shrinkage=0.0126955


Tree=130
num_leaves=4
num_cat=0
split_feature=3 3 3
split_gain=2.19051 10.0069 4.61748
threshold=2.0865937436195865 1.2019738642068785 1.1130792935697051
decision_type=2 2 2
left_child=1 2 -1
right_child=-2 -3 -4
leaf_value=0.00099463504216441715 -0.020832247716593026 0.050327965484508914 -0.021044843606965801
leaf_weight=310.67443297058344 17.529847025871277 13.612714551389216 37.282349966466427
leaf_count=1389 74 66 175
internal_value=-0.000410276 0.000580309 -0.00136719
internal_weight=379.099 361.569 347.957
internal_count=1704 1630 1564
is_linear=0
shrinkage=0.0591905


Tree=131
num_leaves=7
num_cat=0
split_feature=6 18 4 18 8 3
split_gain=4.2219 5.67516 4.54911 4.20261 3.39436 2.69297
threshold=1.1396076357034957 1.9201663039765535 0.47532287575075244 1.0000000180025095e-35 0.1127546393568349 0.041330241437667829
decision_type=2 2 2 2 2 2
left_child=1 2 -1 4 -2 -3
right_child=3 5 -4 -5 -6 -7
leaf_value=0.00059677196738189904 -0.010021357222330964 -0.013689475369255496 0.00708792169281667 0.0072467830870562629 0.0013738375144116692 -0.00063832650188515088
leaf_weight=245.23854829370975 41.197004623711109 15.491618394851686 56.86260237544775 10.602613784372805 15.321025684475897 11.970119431614874
leaf_count=991 226 76 239 50 69 53
internal_value=3.76414e-05 0.00100047 0.00181872 -0.00468909 -0.00693093 -0.00799676
internal_weight=396.684 329.563 302.101 67.1206 56.518 27.4617
internal_count=1704 1359 1230 345 295 129
is_linear=0
shrinkage=0.0206805


Tree=132
num_leaves=8
num_cat=0
split_feature=9 11 9 17 0 3 3
split_gain=2.15437 4.01792 4.72291 4.47632 3.96807 3.85607 2.6693
threshold=-0.28927029204460036 1.4061979518008973 1.2174879513384689 -0.24638608102384441 1.3432075644370391 0.085855751475224187 -0.073175102190187025
decision_type=2 2 2 2 2 2 2
left_child=4 2 -2 -3 6 -6 -1
right_child=1 3 -4 -5 5 -7 -8
leaf_value=-0.010113172048398098 0.015636814090159427 0.0089431016450203862 -0.0070128163505288861 -0.046141725299826963 -0.0051505173306538648 -0.056095598590937323 0.0057835723086379484
leaf_weight=78.044835589826107 108.308325342834 11.14404993504286 54.960312373936176 12.238144703209398 12.471086427569391 11.113223508000372 90.169677421450615
leaf_count=356 498 45 230 55 55 56 409
internal_value=-0.000297025 0.00451655 0.00801147 -0.019874 -0.00498158 -0.0291495 -0.00159196
internal_weight=378.45 186.651 163.269 23.3822 191.799 23.5843 168.215
internal_count=1704 828 728 100 876 111 765
is_linear=0
shrinkage=0.0629414


Tree=133
num_leaves=8
num_cat=0
split_feature=12 12 8 12 12 5 9
split_gain=5.07815 5.90181 5.35675 5.003 13.068 2.77284 2.49815
threshold=0.21530686497781709 -0.6009865144664357 0.071124974213128508 0.36317241704170095 1.2108347199626288 1.0000000180025095e-35 0.53527327325094431
decision_type=2 2 2 2 2 2 2
left_child=1 2 -1 6 -5 -3 -2
right_child=3 5 -4 4 -6 -7 -8
leaf_value=-0.0011989920542477906 -0.0024879404647710889 0.0021075802894951453 0.0022970427944984406 0.0061111602511787948 -0.0024828491053788186 0.0072079168564150812 -0.00732090186955943
leaf_weight=126.1706126332283 69.608679480850697 28.344881802797318 70.424844428896904 26.820634327828884 56.996967501938343 17.936521448194981 13.090895697474478
leaf_count=513 317 120 283 102 238 74 57
internal_value=-0.000115004 0.00082155 5.34404e-05 -0.00148104 0.000267262 0.00408383 -0.00325322
internal_weight=409.394 242.877 196.595 166.517 83.8176 46.2814 82.6996
internal_count=1704 990 796 714 340 194 374
is_linear=0
shrinkage=0.0101564


Tree=134
num_leaves=5
num_cat=0
split_feature=9 7 13 0
split_gain=2.13626 2.22082 3.09264 2.46873
threshold=2.1745000803147847 1.5283259106169955 0.27467550899125442 -0.17445316902167238
decision_type=2 2 2 2
left_child=1 2 -1 -3
right_child=-2 3 -4 -5
leaf_value=0.0019842165239094193 0.025476194117307279 0.030366247746199285 -0.0086548283787083354 -0.0033267657439809339
leaf_weight=213.46911807730794 9.2848776876926404 13.622166104614736 129.58401887118816 12.094431094825266
leaf_count=968 34 55 598 49
internal_value=-0.000232011 -0.000880098 -0.00203451 0.0145123
internal_weight=378.055 368.77 343.053 25.7166
internal_count=1704 1670 1566 104
is_linear=0
shrinkage=0.0543292


Tree=135
num_leaves=7
num_cat=0
split_feature=13 13 16 5 3 11
split_gain=4.10056 7.8148 5.56257 5.40207 3.69878 3.41583
threshold=0.27467550899125442 -0.48932710796035989 1.3026968228741045 1.0000000180025095e-35 1.2019738642068785 -0.32014354348622648
decision_type=2 2 2 2 2 2
left_child=1 3 4 -1 -2 -3
right_child=2 5 -4 -5 -6 -7
leaf_value=0.0021555072102969284 -0.0013704448053471962 0.010767279677726043 -0.0085368058296112267 -0.001795163938641415 0.0064361587988382681 0.0031709888002741937
leaf_weight=100.43798918277025 121.46429567039013 14.962252102792261 15.814437821507452 112.15697500109673 10.041606053709982 22.929228730499744
leaf_count=404 523 62 74 500 41 100
internal_value=3.05396e-05 0.000994003 -0.00160753 7.13131e-05 -0.000773822 0.00616973
internal_weight=397.807 250.486 147.32 212.595 131.506 37.8915
internal_count=1704 1066 638 904 564 162
is_linear=0
shrinkage=0.0123743


Tree=136
num_leaves=7
num_cat=0
split_feature=9 9 9 12 3 9
split_gain=4.05932 7.54747 5.02269 6.61602 5.81268 4.82073
threshold=-0.37434629753242205 -0.033242108751767543 -0.4101458874888616 1.0000000180025095e-35 1.1130792935697051 1.2174879513384689
decision_type=2 2 2 2 2 2
left_child=2 -2 3 -1 -4 -3
right_child=1 5 4 -5 -6 -7
leaf_value=0.0026895370577528716 0.0097069024697263879 0.0019077995448712893 -0.0018944149439007643 -0.0025153675663930884 -0.0099794824757292837 -0.0018548187694268472
leaf_weight=68.584764242172241 12.282610192894934 126.63860954344273 66.752745166420937 55.915490351617336 13.466183207929133 64.996712133288383
leaf_count=271 63 514 295 235 67 259
internal_value=5.68949e-05 0.00117861 -0.0010604 0.000351692 -0.00325211 0.000631564
internal_weight=408.637 203.918 204.719 124.5 80.2189 191.635
internal_count=1704 836 868 506 362 773
is_linear=0
shrinkage=0.0112329


Tree=137
num_leaves=8
num_cat=0
split_feature=12 17 6 12 12 19 8
split_gain=4.94092 5.93269 5.13476 4.3179 13.0804 4.05451 2.72649
threshold=0.21530686497781709 -0.092591317284196881 1.1396076357034957 0.36317241704170095 1.2108347199626288 0.49589665867043853 1.0000000180025095e-35
decision_type=2 2 2 2 2 2 2
left_child=1 5 -3 6 -5 -1 -2
right_child=3 2 -4 4 -6 -7 -8
leaf_value=0.0044974360335330588 -0.0010287585819530396 0.00056585348758661643 -0.0053638026219770272 0.0071223440844315608 -0.0028198586967310806 -0.00050971379922314639 -0.0053365411654785174
leaf_weight=81.246485404670238 36.677669756114483 105.93528200685978 24.874510243535042 26.935741074383259 56.64648350328207 30.754613019526005 45.337107233703136
leaf_count=322 166 423 122 102 238 123 208
internal_value=7.01218e-05 0.00113734 -0.000561843 -0.00149465 0.000384332 0.00312202 -0.00340983
internal_weight=408.408 242.811 130.81 165.597 83.5822 112.001 82.0148
internal_count=1704 990 545 714 340 445 374
is_linear=0
shrinkage=0.0117495


Tree=138
num_leaves=8
num_cat=0
split_feature=6 18 4 8 11 11 4
split_gain=3.99307 6.48202 4.33041 3.52279 6.19171 2.49111 2.46892
threshold=1.1396076357034957 1.9201663039765535 0.47532287575075244 0.1127546393568349 -0.63921528034091024 0.27744465643323141 0.39071553652505897
decision_type=2 2 2 2 2 2 2
left_child=1 2 -1 4 -2 -5 -3
right_child=3 6 -4 5 -6 -7 -8
leaf_value=0.00051537864316686334 -0.01222937713664385 -0.0031727041376206637 0.0055312083598245132 0.0084862213791254675 -0.00050682049104629385 -0.0034456021225543086 -0.013341966346625159
leaf_weight=245.21263430267572 22.493892446160316 17.949164614081386 56.7747867628932 9.1956517770886439 26.017483793199062 9.5182311460375768 9.9141821563243848
leaf_count=991 130 77 239 39 132 44 52
internal_value=2.04759e-05 0.000761491 0.0014585 -0.00361482 -0.00594227 0.00241416 -0.00678936
internal_weight=397.076 329.851 301.987 67.2253 48.5114 18.7139 27.8633
internal_count=1704 1359 1230 345 262 83 129
is_linear=0
shrinkage=0.0163683


Tree=139
num_leaves=6
num_cat=0
split_feature=15 0 15 15 15
split_gain=2.14125 7.1887 4.71681 8.6653 4.50447
threshold=1.6640326034420772 -0.35094084498248496 1.0000000180025095e-35 0.77163260641584019 -0.077006808414561784
decision_type=2 2 2 2 2
left_child=2 -2 4 -4 -1
right_child=1 -3 3 -5 -6
leaf_value=0.0027347360379218048 -0.049949774280189214 0.01041618527907269 0.03899133794464852 -0.0016648628027518767 -0.015226262924681881
leaf_weight=176.33915984630585 14.105061195790766 18.4239646717906 34.412542656064034 55.5473972260952 83.386111751198769
leaf_count=788 66 74 149 250 377
internal_value=-0.000132806 -0.0157559 0.00132084 0.0138867 -0.00303168
internal_weight=382.214 32.529 349.685 89.9599 259.725
internal_count=1704 140 1564 399 1165
is_linear=0
shrinkage=0.0636826


Tree=140
num_leaves=5
num_cat=0
split_feature=2 3 3 8
split_gain=1.83416 1.98177 10.4591 2.9144
threshold=2.2601347812385639 0.23046978943451865 1.1130792935697051 0.071124974213128508
decision_type=2 2 2 2
left_child=1 3 -3 -1
right_child=-2 2 -4 -5
leaf_value=-0.0059484447679445584 -0.026168501985964709 0.044140418184019335 -0.0041466354960823645 0.0083334072169601262
leaf_weight=200.6227390319109 10.236703835427759 23.875453412532806 65.781362406909466 77.345573097467422
leaf_count=885 50 119 307 343
internal_value=-9.41974e-05 0.00063247 0.00871332 -0.00197401
internal_weight=377.862 367.625 89.6568 277.968
internal_count=1704 1654 426 1228
is_linear=0
shrinkage=0.0625133


Tree=141
num_leaves=5
num_cat=0
split_feature=13 6 14 4
split_gain=1.91109 2.11862 3.65728 2.44904
threshold=2.1289322549980318 1.1396076357034957 1.431643500509548 1.0167757347533921
decision_type=2 2 2 2
left_child=1 2 -1 -3
right_child=-2 3 -4 -5
leaf_value=0.001099444211657465 -0.020381587611196857 -0.004355542324316914 0.026898619937757065 -0.038432495878425448
leaf_weight=275.95883376523852 16.065955154597759 52.346363298594952 21.516981136053801 8.9675716608762723
leaf_count=1208 71 281 89 55
internal_value=-4.82728e-05 0.000862695 0.00296639 -0.00934173
internal_weight=374.856 358.79 297.476 61.3139
internal_count=1704 1633 1297 336
is_linear=0
shrinkage=0.0602998


Tree=142
num_leaves=5
num_cat=0
split_feature=4 4 4 5
split_gain=1.85831 2.81449 7.69529 4.08027
threshold=2.0458981335241511 1.587176451448326 0.57250429260579905 0.056111738960387937
decision_type=2 2 2 2
left_child=1 2 -1 -3
right_child=-2 3 -4 -5
leaf_value=-0.0013355975558534943 0.022167326341880979 -0.0047755224297790699 0.034557868052380661 -0.049740247511108227
leaf_weight=309.31450740993023 11.349194906651972 24.505621261894703 19.753381185233593 8.4235461950302106
leaf_count=1390 51 120 100 43
internal_value=-3.89968e-05 -0.000735896 0.00081989 -0.0162799
internal_weight=373.346 361.997 329.068 32.9292
internal_count=1704 1653 1490 163
is_linear=0
shrinkage=0.0557825


Tree=143
num_leaves=8
num_cat=0
split_feature=4 4 4 9 4 3 5
split_gain=1.8115 4.865 3.88187 8.56257 5.88265 3.83313 3.63077
threshold=0.39071553652505897 -0.57000274287395813 0.47532287575075244 -0.4101458874888616 1.1885961941754435 2.0865937436195865 -0.25303199346275523
decision_type=2 2 2 2 2 2 2
left_child=1 5 3 -2 -4 -1 -3
right_child=2 6 4 -5 -6 -7 -8
leaf_value=0.0015080359533641639 -0.060320389129656649 0.051803963830277973 0.038777841874169335 -0.0056474263135132922 -0.004703355846287267 -0.035742647213769914 0.010650867926092307
leaf_weight=184.22745275124907 12.642083264887331 11.496481284499167 15.032378371804951 63.67732597142458 48.220328077673912 10.759827867150305 25.183010384440422
leaf_count=807 71 52 82 295 236 47 114
internal_value=-2.51036e-05 0.00326695 -0.00548945 -0.0147078 0.00563149 -0.000548955 0.0235492
internal_weight=371.239 231.667 139.572 76.3194 63.2527 194.987 36.6795
internal_count=1704 1020 684 366 318 854 166
is_linear=0
shrinkage=0.060721


Tree=144
num_leaves=7
num_cat=0
split_feature=6 18 18 14 2 3
split_gain=4.48023 5.36136 4.29565 4.276 3.84631 2.92357
threshold=1.1396076357034957 1.9201663039765535 1.0000000180025095e-35 1.431643500509548 0.27674290852126476 0.041330241437667829
decision_type=2 2 2 2 2 2
left_child=1 3 4 -1 -2 -3
right_child=2 5 -4 -5 -6 -7
leaf_value=0.00053680593397187576 -0.0013942287827374993 -0.0074933059250218547 0.0038726098154607848 0.0055716476535247143 -0.0073264380660396705 -6.0277596498021921e-05
leaf_weight=269.64240510761738 32.061304606497288 15.401815459132196 10.504488483071325 23.031380951404572 24.085429720580578 11.712880760431288
leaf_count=1139 154 76 50 91 141 53
internal_value=-6.0598e-05 0.000490942 -0.00270661 0.000933181 -0.00393902 -0.00428033
internal_weight=386.44 319.788 66.6512 292.674 56.1467 27.1147
internal_count=1704 1359 345 1230 295 129
is_linear=0
shrinkage=0.0112208


Tree=145
num_leaves=4
num_cat=0
split_feature=12 5 13
split_gain=1.8184 3.70411 2.94507
threshold=1.9056679359992847 2.0529032057945504 1.2018002931059879
decision_type=2 2 2
left_child=1 2 -1
right_child=-2 -3 -4
leaf_value=0.0016340611595856689 -0.016300899283642745 0.030638607722082777 -0.014093465568512209
leaf_weight=298.39253612980247 18.864429853856564 11.66794530302286 38.984130725264549
leaf_count=1391 81 47 185
internal_value=-3.21014e-05 0.000847528 -0.000183516
internal_weight=367.909 349.045 337.377
internal_count=1704 1623 1576
is_linear=0
shrinkage=0.0538264


Tree=146
num_leaves=8
num_cat=0
split_feature=17 17 17 8 17 9 8
split_gain=3.99649 7.40097 9.66473 5.90986 3.82549 3.47615 2.46139
threshold=-0.092591317284196881 1.0000000180025095e-35 0.39909803165934116 1.0833278384934255 -0.24638608102384441 -0.4101458874888616 1.9675866633985912
decision_type=2 2 2 2 2 2 2
left_child=3 5 -3 4 -1 -2 -5
right_child=1 2 -4 6 -6 -7 -8
leaf_value=-6.0899786110735759e-05 -0.0061720491579464959 0.0076275810792692626 -0.00022156207094543135 0.0079122830686074452 0.0050671520137699792 -0.0018443923772521295 0.0024501803144708879
leaf_weight=141.11641508340836 16.565397202968597 12.754430405795572 116.30083092302084 10.804347276687624 11.525389507412909 76.179888322949409 13.716962128877638
leaf_count=581 85 59 509 46 44 327 53
internal_value=-5.582e-06 -0.000771812 0.000554541 0.000953667 0.000326646 -0.00261752 0.00485546
internal_weight=398.964 221.801 129.055 177.163 152.642 92.7453 24.5213
internal_count=1704 980 568 724 625 412 99
is_linear=0
shrinkage=0.00856636


Tree=147
num_leaves=7
num_cat=0
split_feature=6 14 18 18 0 2
split_gain=4.06842 4.5594 3.63904 3.60817 3.45481 3.01964
threshold=1.1396076357034957 1.431643500509548 1.0000000180025095e-35 1.9201663039765535 -0.17445316902167238 0.27674290852126476
decision_type=2 2 2 2 2 2
left_child=1 3 5 -1 -3 -2
right_child=2 4 -4 -5 -6 -7
leaf_value=0.00054837907374304595 -0.0017659617240691706 0.010765483142440883 0.0040172872638597991 -0.0045139247711928924 0.00056067276804299055 -0.0079833749292087478
leaf_weight=271.57739141583443 31.87273395806551 12.730844020843508 10.577088132500647 26.851318322122097 10.489041320979593 23.600391626358032
leaf_count=1139 154 50 50 128 42 141
internal_value=-8.1339e-05 0.000530396 -0.00306007 9.2733e-05 0.00615288 -0.00441115
internal_weight=387.699 321.649 66.0502 298.429 23.2199 55.4731
internal_count=1704 1359 345 1267 92 295
is_linear=0
shrinkage=0.0131789


Tree=148
num_leaves=5
num_cat=0
split_feature=9 9 9 9
split_gain=1.69003 2.42102 9.49939 3.32811
threshold=2.1745000803147847 1.2174879513384689 0.69042373130749535 1.3487468139858649
decision_type=2 2 2 2
left_child=1 2 -1 -3
right_child=-2 3 -4 -5
leaf_value=-0.00088984558056785855 0.028770190735390038 -0.026865860328363845 0.061141619664153157 0.0093166437709421759
leaf_weight=296.81700937822461 9.1071878597140294 33.881216287612915 11.798235900700091 17.85045625269413
leaf_count=1379 34 154 66 71
internal_value=-6.39528e-05 -0.000793588 0.00148324 -0.0143751
internal_weight=369.454 360.347 308.615 51.7317
internal_count=1704 1670 1445 225
is_linear=0
shrinkage=0.0678517


Tree=149
num_leaves=7
num_cat=0
split_feature=14 14 0 0 0 0
split_gain=1.6213 5.16367 5.48933 3.67902 4.3813 2.04635
threshold=-0.56743621049686044 0.27397806272271569 0.82118899409079227 2.1648535434254006 -0.063464712189766334 0.23512407455415363
decision_type=2 2 2 2 2 2
left_child=3 5 -3 4 -1 -2
right_child=1 2 -4 -5 -6 -7
leaf_value=-0.011115189536443575 0.043590145258100468 -0.0061412310154586036 0.037055274100592187 -0.045732268524500234 0.01377090390517912 0.0057910311129258096
leaf_weight=108.54214847832918 22.548908449709415 135.13363314792514 18.103281512856483 11.291389286518095 59.469640161842108 11.858518350869415
leaf_count=516 107 617 75 53 276 60
internal_value=-3.10795e-05 0.00475762 -0.00103511 -0.00504276 -0.00230598 0.0305527
internal_weight=366.948 187.644 153.237 179.303 168.012 34.4074
internal_count=1704 859 692 845 792 167
is_linear=0
shrinkage=0.0737047


Tree=150
num_leaves=7
num_cat=0
split_feature=14 14 0 0 14 5
split_gain=4.53347 13.721 7.30402 7.97304 6.53784 2.64979
threshold=-0.56743621049686044 0.27397806272271569 2.1648535434254006 -0.063464712189766334 0.32078554167742135 -0.047827208553481208
decision_type=2 2 2 2 2 2
left_child=2 5 3 -1 -3 -2
right_child=1 4 -4 -5 -6 -7
leaf_value=-0.002024927216265098 0.0042737314335069138 -0.002183740589748938 -0.008199410039515494 0.0022341662783684105 0.0017253553210522044 0.0094329914757234259
leaf_weight=117.15450282394886 26.739002428948879 79.986979424953461 12.553286068141459 65.379444792866707 83.472880408167839 14.727137692272661
leaf_count=516 110 346 53 276 346 57
internal_value=7.10134e-05 0.00108603 -0.00099516 -0.000499347 -0.000187396 0.00610526
internal_weight=400.013 204.926 195.087 182.534 163.46 41.4661
internal_count=1704 859 845 792 692 167
is_linear=0
shrinkage=0.00977228


Tree=151
num_leaves=7
num_cat=0
split_feature=6 18 6 18 5 4
split_gain=3.4905 5.14423 4.17552 3.4701 3.46937 2.56085
threshold=1.1396076357034957 1.9201663039765535 1.0000000180025095e-35 1.0000000180025095e-35 1.0000000180025095e-35 0.39071553652505897
decision_type=2 2 2 2 2 2
left_child=1 2 -1 4 -2 -3
right_child=3 5 -4 -5 -6 -7
leaf_value=0.00041255117565414578 -0.00064853044799202122 -0.0017218914913407458 0.0046614038444632508 0.0035262535759128808 -0.0063703257672659804 -0.0090824507941192553
leaf_weight=268.12044819444418 27.572787083685398 17.878817871212963 34.686582110822201 10.918199919164179 28.740355849266052 9.6569963619112951
leaf_count=1088 135 77 142 50 160 52
internal_value=-2.15991e-05 0.000465611 0.000899388 -0.0024153 -0.00356865 -0.00430234
internal_weight=397.574 330.343 302.807 67.2313 56.3131 27.5358
internal_count=1704 1359 1230 345 295 129
is_linear=0
shrinkage=0.0115267


Tree=152
num_leaves=8
num_cat=0
split_feature=17 8 17 17 9 14 11
split_gain=3.82326 6.78146 6.02782 9.04953 4.17926 3.93595 3.18882
threshold=-0.092591317284196881 1.0833278384934255 1.0000000180025095e-35 0.39909803165934116 -0.4101458874888616 -0.56743621049686044 0.11195382528532945
decision_type=2 2 2 2 2 2 2
left_child=1 5 4 -4 -2 -1 -3
right_child=2 6 3 -5 -6 -7 -8
leaf_value=-0.0014270325672424995 -0.0072568738218268354 0.0026709982712474259 0.0086742697546220004 -0.00024495351844185836 -0.0017192515164641401 0.0018546880651817057 0.0098638032952948068
leaf_weight=65.287866234779358 16.708741150796413 13.038824759423735 12.632135137915609 115.94656641036272 74.708041459321976 83.508205339312553 11.715909555554388
leaf_count=277 85 54 59 509 327 348 45
internal_value=0.000110829 0.0012221 -0.000765825 0.000631745 -0.00273162 0.00041475 0.0060734
internal_weight=393.546 173.551 219.995 128.579 91.4168 148.796 24.7547
internal_count=1704 724 980 568 412 625 99
is_linear=0
shrinkage=0.0100146


Tree=153
num_leaves=8
num_cat=0
split_feature=12 8 8 4 7 11 9
split_gain=4.23038 5.57347 9.65727 9.37225 4.70928 4.90623 2.94837
threshold=0.21530686497781709 0.071124974213128508 0.58604625066338423 1.587176451448326 0.28328722933143241 1.0000000180025095e-35 0.43791124164290823
decision_type=2 2 2 2 2 2 2
left_child=1 3 -3 -1 5 -2 -6
right_child=4 2 -4 -5 6 -7 -8
leaf_value=0.00053152965158521914 -0.00053221772474389161 0.010349564928591277 0.0012496971941073466 -0.0073761226973391974 0.0034590410223538219 -0.0047029083900925169 -0.0030763607041832237
leaf_weight=135.42689646780491 67.960848800837994 15.439553909003733 69.297603085637093 18.438997000455856 28.624680899083614 55.548975951969624 10.104845821857451
leaf_count=550 298 75 280 85 117 259 40
internal_value=-0.000117628 0.000764294 0.0029083 -0.000416425 -0.00141466 -0.00240799 0.00175199
internal_weight=400.842 238.603 84.7372 153.866 162.239 123.51 38.7295
internal_count=1704 990 355 635 714 557 157
is_linear=0
shrinkage=0.0104115


Tree=154
num_leaves=8
num_cat=0
split_feature=2 2 2 11 14 0 7
split_gain=3.88408 8.1274 13.0483 5.89093 5.51483 8.5857 5.96167
threshold=0.27674290852126476 0.33521787112802781 0.94849958921921784 1.4061979518008973 -0.56743621049686044 -0.77023790851887008 0.28328722933143241
decision_type=2 2 2 2 2 2 2
left_child=4 3 -3 -2 6 -6 -1
right_child=1 2 -4 -5 5 -7 -8
leaf_value=-0.0028959779346706604 -0.0031320609713868038 0.011763098642870643 -0.001462554628259536 -0.013896909720197094 -0.0023709119809936499 0.0057442587839229313 0.0045846934060514545
leaf_weight=82.093127980828285 71.466558262705803 18.872720263898373 63.443089455366135 11.501824475824831 36.276176832616329 85.077661283314228 27.821548037230968
leaf_count=353 330 89 267 56 157 343 109
internal_value=9.59004e-05 -0.0015395 0.00157019 -0.00462504 0.00126475 0.00331783 -0.00100179
internal_weight=396.553 165.284 82.3158 82.9684 231.269 121.354 109.915
internal_count=1704 742 356 386 962 500 462
is_linear=0
shrinkage=0.0139708


Tree=155
num_leaves=7
num_cat=0
split_feature=6 18 18 2 12 3
split_gain=3.37025 6.27121 3.69303 3.76305 3.43887 2.77722
threshold=1.1396076357034957 1.9201663039765535 1.0000000180025095e-35 0.27674290852126476 1.0000000180025095e-35 -0.3274836635606993
decision_type=2 2 2 2 2 2
left_child=1 4 3 -2 -1 -3
right_child=2 5 -4 -5 -6 -7
leaf_value=0.0028687139235014053 -0.0010650975794293757 -0.010417141207142429 0.005067381757183298 -0.0088033978503643112 -0.0003209049219716221 -0.0011099252150803371
leaf_weight=161.58589233458042 31.7994774132967 14.208188161253931 10.670889183878897 23.649014294147491 133.09041482210159 13.468980707228182
leaf_count=669 154 70 50 141 561 59
internal_value=0.000179979 0.00079988 -0.00284173 -0.0043656 0.00142806 -0.00588532
internal_weight=388.473 322.353 66.1194 55.4485 294.676 27.6772
internal_count=1704 1359 345 295 1230 129
is_linear=0
shrinkage=0.0146952


Tree=156
num_leaves=8
num_cat=0
split_feature=6 18 10 6 6 9 18
split_gain=4.83031 5.33526 5.88651 4.42474 5.75306 2.57984 2.29831
threshold=1.1396076357034957 1.9201663039765535 2.6635391190623485 1.2572398040110684 2.8412625412490131 0.43791124164290823 1.9201663039765535
decision_type=2 2 2 2 2 2 2
left_child=1 2 -1 6 -5 -3 -2
right_child=3 5 -4 4 -6 -7 -8
leaf_value=0.001004933933099531 -0.004583854398976607 -0.0012988421802230556 -0.0057978803712636952 0.0056262601291034529 -0.0032381439099859965 -0.006936023069457768 0.00050864191124225916
leaf_weight=297.64906191080809 38.600374415516853 18.287335827946666 10.286249488592146 11.147066950798036 11.768724933266638 9.7275765389204008 8.444583408534525
leaf_count=1187 207 85 43 42 57 44 39
internal_value=3.59773e-07 0.000440971 0.000777421 -0.00211511 0.00107242 -0.0032555 -0.0036687
internal_weight=405.911 335.95 307.935 69.9607 22.9158 28.0149 47.045
internal_count=1704 1359 1230 345 99 129 246
is_linear=0
shrinkage=0.00885109


Tree=157
num_leaves=8
num_cat=0
split_feature=6 18 12 6 6 17 18
split_gain=6.68988 6.85036 6.29642 4.42283 5.28366 2.84828 2.20507
threshold=1.1396076357034957 1.9201663039765535 0.21530686497781709 1.2572398040110684 2.8412625412490131 -0.3493597319842025 1.9201663039765535
decision_type=2 2 2 2 2 2 2
left_child=1 2 -1 6 -5 -3 -2
right_child=3 5 -4 4 -6 -7 -8
leaf_value=0.0020732564330874217 -0.0048167141732461706 -7.2557518577088392e-05 -0.00052063820151861573 0.0053279685212693738 -0.0032467107225284007 -0.0058512668605941419 0.00018731191995287739
leaf_weight=187.79537148028612 39.404136776924133 11.36431358009577 125.25967282801867 11.038699597120287 12.045460872352121 17.181549347937107 8.5974936038255674
leaf_count=729 207 46 501 42 57 83 39
internal_value=0.000131621 0.000652107 0.00103534 -0.00236917 0.000852312 -0.00354871 -0.00391942
internal_weight=412.687 341.601 313.055 71.0858 23.0842 28.5459 48.0016
internal_count=1704 1359 1230 345 99 129 246
is_linear=0
shrinkage=0.00896156


Tree=158
num_leaves=8
num_cat=0
split_feature=5 5 5 17 11 19 13
split_gain=4.49513 11.2598 15.1588 7.47339 6.19935 9.7764 9.60161
threshold=1.0000000180025095e-35 0.056111738960387937 0.9161486001452781 0.87888776607447461 -0.63921528034091024 0.35684772738892151 0.27467550899125442
decision_type=2 2 2 2 2 2 2
left_child=4 3 -3 -2 6 -6 -1
right_child=1 2 -4 -5 5 -7 -8
leaf_value=0.0014741955097584253 -0.0017058099401320011 0.0051252421704278258 -0.0011530162442069725 -0.0073215237714841491 0.0038267570921871503 -0.0010308931231287038 -0.0039789704073245648
leaf_weight=51.708362549543381 57.339277848601341 36.011983141303062 85.746829837560654 21.476255163550377 75.794270217418671 42.724242568016052 36.196176134049892
leaf_count=207 252 145 357 110 296 182 155
internal_value=2.16829e-05 -0.000844264 0.000703936 -0.00323608 0.000863117 0.00207536 -0.000771089
internal_weight=406.997 200.574 121.759 78.8155 206.423 118.519 87.9045
internal_count=1704 864 502 362 840 478 362
is_linear=0
shrinkage=0.00812278


Tree=159
num_leaves=6
num_cat=0
split_feature=7 7 7 3 11
split_gain=1.85791 2.42166 12.484 2.85463 2.03451
threshold=1.5283259106169955 0.14525940587580199 -0.71775246286551064 0.041330241437667829 -0.090585224116683627
decision_type=2 2 2 2 2
left_child=1 2 -1 -3 -2
right_child=4 3 -4 -5 -6
leaf_value=-0.0048840693759064722 -0.0046795658584242224 -0.016340863856934888 0.035023734210524675 0.00116134253987956 0.03168900532706706
leaf_weight=153.80803360044956 10.9095571115613 74.319446437060833 41.243984468281269 80.615769818425179 15.31908395141363
leaf_count=693 46 348 190 367 60
internal_value=1.86141e-05 -0.0012207 0.0035553 -0.00723355 0.0165509
internal_weight=376.216 349.987 195.052 154.935 26.2286
internal_count=1704 1598 883 715 106
is_linear=0
shrinkage=0.0644274


Tree=160
num_leaves=8
num_cat=0
split_feature=17 8 17 17 14 9 8
split_gain=3.76721 6.15146 5.73142 9.33461 4.5392 4.0463 2.45645
threshold=-0.092591317284196881 1.0833278384934255 1.0000000180025095e-35 0.39909803165934116 -0.56743621049686044 -0.4101458874888616 1.9675866633985912
decision_type=2 2 2 2 2 2 2
left_child=1 4 5 -4 -1 -2 -3
right_child=2 6 3 -5 -6 -7 -8
leaf_value=-0.0017301555184657926 -0.0077016346402694396 0.0098636276568271619 0.0091781236016011906 -0.00042334039867426712 0.001978267291554378 -0.0019075109187789323 0.0030976096340304955
leaf_weight=66.277743138372898 16.650271356105804 10.898051530122759 12.68527279794216 117.35136365145445 85.638732925057411 75.249655313789845 13.678670868277548
leaf_count=277 85 46 59 509 348 327 53
internal_value=-9.06473e-07 0.0011593 -0.000923592 0.000513768 0.000360355 -0.00295754 0.00609624
internal_weight=398.43 176.493 221.937 130.037 151.916 91.8999 24.5767
internal_count=1704 724 980 568 625 412 99
is_linear=0
shrinkage=0.0106411


Tree=161
num_leaves=5
num_cat=0
split_feature=4 4 4 5
split_gain=1.93033 2.6891 4.90251 1.39284
threshold=1.7371652041197898 1.587176451448326 0.57250429260579905 1.0000000180025095e-35
decision_type=2 2 2 2
left_child=1 2 -1 -3
right_child=-2 3 -4 -5
leaf_value=-0.0013718582783984802 0.026102289075738007 -0.0049703365594284113 0.038747527012513099 -0.037979997552975445
leaf_weight=310.52582075819373 15.474438540637491 13.310225583612921 18.325965866446495 15.981999702751635
leaf_count=1390 69 63 100 82
internal_value=4.13215e-05 -0.00108531 0.000864809 -0.0229733
internal_weight=373.618 358.144 328.852 29.2922
internal_count=1704 1635 1490 145
is_linear=0
shrinkage=0.0754151


Tree=162
num_leaves=8
num_cat=0
split_feature=4 4 4 4 9 13 17
split_gain=6.95025 10.8195 8.33111 9.03724 5.91159 5.34049 3.96995
threshold=0.39071553652505897 -0.57000274287395813 0.47532287575075244 1.1885961941754435 -0.4101458874888616 0.27467550899125442 -0.31497718396665708
decision_type=2 2 2 2 2 2 2
left_child=1 5 4 -4 -2 -1 -3
right_child=2 6 3 -5 -6 -7 -8
leaf_value=0.00049961035527930451 -0.0093778363435978642 0.0085363764619723771 0.0057627952507945893 -0.0017104974636992349 -0.0030530942801969751 -0.002335086390909907 0.0025270328126702993
leaf_weight=130.67353707551956 13.850503817200659 12.293845616281031 16.547144360840321 54.680976569652557 71.344908870756626 86.97198311239481 28.925810642540455
leaf_count=506 71 50 82 236 295 348 116
internal_value=-0.000735931 0.000155508 -0.00221116 2.58251e-05 -0.0040817 -0.000633111 0.00431891
internal_weight=415.289 258.865 156.424 71.2281 85.1954 217.646 41.2197
internal_count=1704 1020 684 318 366 854 166
is_linear=0
shrinkage=0.00886502


Tree=163
num_leaves=5
num_cat=0
split_feature=2 7 7 7
split_gain=1.88649 2.05821 5.01436 3.93909
threshold=2.2601347812385639 0.1932683488774482 0.62670072446675562 0.14525940587580199
decision_type=2 2 2 2
left_child=1 3 -3 -1
right_child=-2 2 -4 -5
leaf_value=0.0030484177640140416 -0.031577164145150466 0.060576799977829748 0.0043147361481972006 -0.016718379101259569
leaf_weight=186.66305964812636 10.11139604449272 9.488174840807913 89.670681223273277 77.387283474206924
leaf_count=857 50 53 373 371
internal_value=-0.00022021 0.000653479 0.00970272 -0.00274482
internal_weight=373.321 363.209 99.1589 264.05
internal_count=1704 1654 426 1228
is_linear=0
shrinkage=0.073673


Tree=164
num_leaves=8
num_cat=0
split_feature=12 11 15 17 7 11 9
split_gain=6.29148 5.21945 7.23981 5.22037 4.60199 5.18803 4.16181
threshold=0.21530686497781709 -0.63921528034091024 1.0000000180025095e-35 0.65996663140346346 0.28328722933143241 1.0000000180025095e-35 0.43791124164290823
decision_type=2 2 2 2 2 2 2
left_child=1 2 -1 -3 5 -2 -6
right_child=4 3 -4 -5 6 -7 -8
leaf_value=-0.0038275658195554849 -0.0015823479001037973 0.0028426379410094096 0.002069510675022721 -0.0023076976773494487 0.0028572665919378657 -0.0060155918659609521 -0.0052072098144759493
leaf_weight=65.511877931654453 68.880137197673321 99.843784503638744 39.342483945190907 30.278596162796021 28.261554464697838 56.948870450258255 10.294306397438048
leaf_count=280 298 417 165 128 117 259 40
internal_value=-0.000951213 0.000189725 -0.00161452 0.00164378 -0.00258211 -0.00358878 0.000701969
internal_weight=399.362 234.977 104.854 130.122 164.385 125.829 38.5559
internal_count=1704 990 445 545 714 557 157
is_linear=0
shrinkage=0.0108687


Tree=165
num_leaves=8
num_cat=0
split_feature=12 12 7 11 6 9 5
split_gain=5.3323 5.95206 5.95029 5.5623 4.39995 3.46024 2.81871
threshold=0.21530686497781709 -0.6009865144664357 0.28328722933143241 1.0000000180025095e-35 0.72398890507662805 0.43791124164290823 1.0000000180025095e-35
decision_type=2 2 2 2 2 2 2
left_child=1 3 4 -1 -2 -4 -3
right_child=2 6 5 -5 -6 -7 -8
leaf_value=-0.0011367971247286356 -0.0010368473158075134 0.0017515326500737538 0.0028945084921024895 0.0014277419840128354 -0.0045135265653492174 -0.0022298389704398132 0.005571347623550724
leaf_weight=91.9931930154562 99.31045813113451 28.641740374267101 29.853867992758751 104.00834429264069 26.636504620313644 10.182538732886313 18.238898515701294
leaf_count=382 413 120 117 414 144 40 74
internal_value=8.84595e-05 0.000805764 -0.00096112 0.000224082 -0.00177226 0.00158971 0.00323733
internal_weight=408.866 242.882 165.983 196.002 125.947 40.0364 46.8806
internal_count=1704 990 714 796 557 157 194
is_linear=0
shrinkage=0.00759831


Tree=166
num_leaves=8
num_cat=0
split_feature=12 11 17 8 11 7 8
split_gain=1.78006 5.3774 4.52828 3.71643 2.53835 4.4554 4.21488
threshold=1.0000000180025095e-35 -0.63921528034091024 0.87888776607447461 -0.32807243863804275 1.0000000180025095e-35 0.28328722933143241 1.0000000180025095e-35
decision_type=2 2 2 2 2 2 2
left_child=1 3 -3 -1 6 -6 -2
right_child=4 2 -4 -5 5 -7 -8
leaf_value=-0.023346434321206387 0.013123457050585489 0.018987094159590198 -0.010244684515848203 0.0020846407418606792 -0.022233263400137322 0.011640466653234103 -0.013972112069812354
leaf_weight=35.238049872219563 52.678516782820225 88.80257860198617 26.003567323088646 57.266459561884403 56.354602880775928 19.953022509813309 37.177434951066971
leaf_count=159 227 396 115 257 282 82 186
internal_value=-0.000354767 0.00345419 0.0123635 -0.00760201 -0.00510708 -0.0133723 0.00191113
internal_weight=373.474 207.311 114.806 92.5045 166.164 76.3076 89.856
internal_count=1704 927 511 416 777 364 413
is_linear=0
shrinkage=0.0616304


Tree=167
num_leaves=6
num_cat=0
split_feature=9 9 1 1 9
split_gain=1.63643 4.27653 3.45672 3.25125 1.97021
threshold=-0.37434629753242205 -0.033242108751767543 2.5560681442174809 1.3380766833452398 -0.5773303506170071
decision_type=2 2 2 2 2
left_child=2 -2 4 -3 -1
right_child=1 3 -4 -5 -6
leaf_value=-0.00030429578188887065 0.059288948957352511 0.0065810790906893155 0.039818430537591848 -0.027069941279752738 -0.017906391790520192
leaf_weight=92.261594515293837 9.5180108398199064 152.27884241193533 10.733404487371443 22.716049492359161 83.422845505177975
leaf_count=425 63 673 43 100 400
internal_value=-0.000383227 0.00515831 -0.00586838 0.00221122 -0.00866271
internal_weight=370.931 184.513 186.418 174.995 175.684
internal_count=1704 836 868 773 825
is_linear=0
shrinkage=0.0830104


Tree=168
num_leaves=7
num_cat=0
split_feature=14 4 4 9 5 6
split_gain=1.52657 3.78191 2.48828 3.00148 2.85135 1.3545
threshold=0.32078554167742135 0.57250429260579905 0.39071553652505897 -0.4101458874888616 0.056111738960387937 0.79003102174432438
decision_type=2 2 2 2 2 2
left_child=2 5 4 -4 -1 -2
right_child=1 -3 3 -5 -6 -7
leaf_value=-0.004047576346322565 0.0076898592420065696 0.049071180996286726 -0.03510547296510546 -0.005064892712938013 0.016225782560341941 -0.019103294104075425
leaf_weight=119.8490292802453 52.714931983500719 11.625042423605917 24.642030395567417 86.090686537325382 59.974072422832251 13.677923440933226
leaf_count=530 224 57 135 431 262 65
internal_value=-0.000266925 0.00916056 -0.00279871 -0.011751 0.0027138 0.00216803
internal_weight=368.574 78.0179 290.556 110.733 179.823 66.3929
internal_count=1704 346 1358 566 792 289
is_linear=0
shrinkage=0.075918


Tree=169
num_leaves=8
num_cat=0
split_feature=6 18 10 8 11 11 4
split_gain=4.209 6.24548 5.06723 4.20386 6.09914 2.78026 2.53957
threshold=1.1396076357034957 1.9201663039765535 2.6635391190623485 0.1127546393568349 -0.63921528034091024 0.27744465643323141 0.39071553652505897
decision_type=2 2 2 2 2 2 2
left_child=1 2 -1 4 -2 -5 -3
right_child=3 6 -4 5 -6 -7 -8
leaf_value=0.0011972188288529174 -0.0078480820749923831 -0.0019115267522965555 -0.0062711099652682659 0.0058867191929362871 -0.00050056733456970532 -0.0020976686635909968 -0.0084975664891230283
leaf_weight=289.80869215726852 22.808324590325356 18.125974252820019 10.08726507425308 9.2401472702622431 25.957634247839451 9.4777670651674253 9.6229977458715421
leaf_count=1187 130 77 43 39 132 44 52
internal_value=2.44797e-05 0.000510201 0.000945717 -0.00233339 -0.00393699 0.00184153 -0.00419448
internal_weight=395.129 327.645 299.896 67.4839 48.766 18.7179 27.749
internal_count=1704 1359 1230 345 262 83 129
is_linear=0
shrinkage=0.0103698


Tree=170
num_leaves=8
num_cat=0
split_feature=17 17 17 8 12 9 11
split_gain=5.91115 7.01763 10.7768 6.96507 4.88843 4.50004 3.16981
threshold=-0.092591317284196881 1.0000000180025095e-35 0.87888776607447461 1.0833278384934255 0.053614323057138528 -0.4101458874888616 -0.020892383657170475
decision_type=2 2 2 2 2 2 2
left_child=3 5 -3 4 -1 -2 -5
right_child=1 2 -4 6 -6 -7 -8
leaf_value=0.0017061705748613522 -0.0063582310042802166 0.0038350800864708017 -0.0012349512633324387 0.0016116898691368375 -0.0012027931001434733 -0.0017888870706880113 0.0074532240077169569
leaf_weight=84.259442739188671 17.483422800898552 39.272361539304256 93.771581895649433 10.551731787621977 69.702031217515469 76.262446582317352 14.5994755923748
leaf_count=338 85 167 401 43 287 327 56
internal_value=-6.66504e-05 -0.000938234 0.000261676 0.0010369 0.000389212 -0.00264124 0.00500042
internal_weight=405.902 226.79 133.044 179.113 153.961 93.7459 25.1512
internal_count=1704 980 568 724 625 412 99
is_linear=0
shrinkage=0.00812735


Tree=171
num_leaves=5
num_cat=0
split_feature=9 9 9 13
split_gain=1.51977 2.30751 8.38953 3.98206
threshold=2.1745000803147847 1.2174879513384689 0.69042373130749535 0.32108701708228354
decision_type=2 2 2 2
left_child=1 2 -1 -3
right_child=-2 3 -4 -5
leaf_value=-0.00095617274996312094 0.031492822592674892 -0.026425236942611931 0.068042462025428352 0.030275595868932335
leaf_weight=297.75437032058835 8.9927364289760572 42.449319735169411 11.16165070235729 9.1969267874956113
leaf_count=1379 34 187 66 38
internal_value=-0.000226961 -0.00101906 0.00153874 -0.0163167
internal_weight=369.555 360.562 308.916 51.6462
internal_count=1704 1670 1445 225
is_linear=0
shrinkage=0.0782033


Tree=172
num_leaves=4
num_cat=0
split_feature=13 5 5
split_gain=1.66296 1.85527 5.32706
threshold=2.1289322549980318 1.0000000180025095e-35 0.12780629567028304
decision_type=2 2 2
left_child=1 -1 -3
right_child=-2 2 -4
leaf_value=0.0065492920266230154 -0.024223188170468507 -0.020409548710975646 0.0064372583229411837
leaf_weight=173.71299206838012 15.953863549977539 72.705870099365711 105.22668473795056
leaf_count=783 71 365 485
internal_value=-0.00015092 0.000941775 -0.00453248
internal_weight=367.599 351.646 177.933
internal_count=1704 1633 850
is_linear=0
shrinkage=0.0762822


Tree=173
num_leaves=8
num_cat=0
split_feature=4 4 4 4 9 17 3
split_gain=5.3745 10.2233 8.33293 9.04425 8.82829 4.53995 4.23978
threshold=0.39071553652505897 -0.57000274287395813 0.47532287575075244 1.1885961941754435 -0.4101458874888616 -0.31497718396665708 2.0865937436195865
decision_type=2 2 2 2 2 2 2
left_child=1 6 4 -4 -2 -3 -1
right_child=2 5 3 -5 -6 -7 -8
leaf_value=0.00022214228273289871 -0.0089983162824718559 0.0085646926766654499 0.0059737966619167939 -0.00088456960872597586 -0.0018325639798081313 0.0026345891325541752 -0.0049379368182427032
leaf_weight=199.49080267548561 13.957737751305102 12.356561958789824 17.158871412277222 52.565748475492001 67.451567828655243 29.1983577683568 11.310339972376822
leaf_count=807 71 50 82 236 295 116 47
internal_value=-5.45537e-05 0.000678375 -0.00127836 0.000803394 -0.00306157 0.00439764 -5.49028e-05
internal_weight=403.49 252.356 151.134 69.7246 81.4093 41.5549 210.801
internal_count=1704 1020 684 318 366 166 854
is_linear=0
shrinkage=0.00820655


Tree=174
num_leaves=6
num_cat=0
split_feature=12 12 9 9 9
split_gain=1.55732 1.68672 1.56976 7.94888 4.93204
threshold=1.9056679359992847 2.3838397741851289 1.2174879513384689 0.47526706157457504 1.3487468139858649
decision_type=2 2 2 2 2
left_child=2 -2 3 -1 -4
right_child=1 -3 4 -5 -6
leaf_value=9.0195202510494227e-05 -0.036459010462888221 0.00072650160318859982 -0.024786522594137529 0.043522119952815921 0.011679311949223184
leaf_weight=273.4247956648469 9.1877626627683657 9.5015162825584394 31.932356037199497 17.174049500375986 25.658578164875507
leaf_count=1269 45 36 148 104 102
internal_value=-0.000128815 -0.0175433 0.000806293 0.00265834 -0.00853691
internal_weight=366.879 18.6893 348.19 290.599 57.5909
internal_count=1704 81 1623 1373 250
is_linear=0
shrinkage=0.0619586


Tree=175
num_leaves=7
num_cat=0
split_feature=14 14 14 5 5 8
split_gain=1.35887 4.2685 2.24529 1.85434 5.86124 2.05127
threshold=-0.56743621049686044 0.27397806272271569 0.32078554167742135 0.9161486001452781 0.12780629567028304 0.58604625066338423
decision_type=2 2 2 2 2 2
left_child=3 -2 -3 4 -1 -5
right_child=1 2 -4 5 -6 -7
leaf_value=-0.0053823380994378741 0.02741986201515512 -0.0096908804076306122 0.0077248948764277008 -0.0095197372010974151 0.045280892598630849 -0.048322509425778676
leaf_weight=123.28608580306172 33.441575225442648 75.659247487783432 77.056518513709307 32.570665843784809 13.003797661513088 8.9412681534886342
leaf_count=590 167 346 346 150 63 42
internal_value=-0.000102852 0.00418576 -0.000902737 -0.00459321 -0.000545452 -0.0178805
internal_weight=363.959 186.157 152.716 177.802 136.29 41.5119
internal_count=1704 859 692 845 653 192
is_linear=0
shrinkage=0.0718225


Tree=176
num_leaves=8
num_cat=0
split_feature=12 11 15 17 7 11 17
split_gain=4.3494 5.41705 6.35788 5.87595 5.32801 5.14931 2.26657
threshold=0.21530686497781709 -0.63921528034091024 1.0000000180025095e-35 0.65996663140346346 0.28328722933143241 1.0000000180025095e-35 -0.092591317284196881
decision_type=2 2 2 2 2 2 2
left_child=1 2 -1 -3 5 -2 -6
right_child=4 3 -4 -5 6 -7 -8
leaf_value=-0.00255927714073089 -0.00036333667166966435 0.0032716919845578235 0.0022622066411427024 -0.0015019647342909093 0.0042213948264642519 -0.0042887576920255469 -0.00037672676799934096
leaf_weight=65.365074828267097 66.863269552588463 100.17553094029427 39.690408259630203 30.326100021600723 19.268900528550148 55.010357700288296 19.420074090361595
leaf_count=280 298 417 165 128 71 259 86
internal_value=4.66162e-05 0.000868858 -0.000737354 0.00216201 -0.00115961 -0.00213515 0.00191237
internal_weight=396.12 235.557 105.055 130.502 160.563 121.874 38.689
internal_count=1704 990 445 545 714 557 157
is_linear=0
shrinkage=0.00950468


Tree=177
num_leaves=7
num_cat=0
split_feature=8 8 3 8 2 13
split_gain=1.67925 7.73978 3.58549 3.47358 4.49392 3.31679
threshold=0.071124974213128508 0.58604625066338423 1.1130792935697051 1.0000000180025095e-35 -0.12136794886737144 1.2018002931059879
decision_type=2 2 2 2 2 2
left_child=3 -2 -3 4 -1 -5
right_child=1 2 -4 5 -6 -7
leaf_value=0.011823462881220298 0.044380516409665068 0.0055396792452223906 -0.024330476741064484 -0.0090735370715842537 -0.0072076451741993047 -0.049119440227000863
leaf_weight=86.092196617275476 16.435379657894373 70.271335512399673 18.456270970404148 66.676208138465881 94.998928464949131 8.4694959968328458
leaf_count=376 99 322 90 316 454 47
internal_value=-5.05469e-05 0.00636894 -0.000674442 -0.00268546 0.00183952 -0.01359
internal_weight=361.4 105.163 88.7276 256.237 181.091 75.1457
internal_count=1704 511 412 1193 830 363
is_linear=0
shrinkage=0.0603386


Tree=178
num_leaves=5
num_cat=0
split_feature=13 5 2 2
split_gain=4.23165 1.88616 5.80387 4.50053
threshold=2.2942077553543627 -0.22001763072248443 0.27674290852126476 0.33521787112802781
decision_type=2 2 2 2
left_child=1 2 -1 -3
right_child=-2 3 -4 -5
leaf_value=0.026279866133024448 -0.062324414924231755 -0.01060036664835946 -0.0099416171290410485 0.022543271741628422
leaf_weight=76.309828717261553 8.5472241342067701 165.52842867001891 66.625000599771738 41.122338186949492
leaf_count=339 36 810 319 200
internal_value=-4.94848e-05 0.00147468 0.0093952 -0.00400354
internal_weight=358.133 349.586 142.935 206.651
internal_count=1704 1668 658 1010
is_linear=0
shrinkage=0.0896838


Tree=179
num_leaves=7
num_cat=0
split_feature=13 13 4 16 7 11
split_gain=4.36286 7.25826 5.26379 4.72432 3.62292 3.43222
threshold=0.27467550899125442 -0.48932710796035989 0.39071553652505897 1.3026968228741045 1.3326400394592828 -0.32014354348622648
decision_type=2 2 2 2 2 2
left_child=1 2 -1 4 -2 -3
right_child=3 5 -4 -5 -6 -7
leaf_value=0.0014039853471112806 -0.001245729419399448 0.0089177302582436196 -0.0019617804628061495 -0.006746483373114078 0.0051046837670666572 0.0025255540743813749
leaf_weight=130.04774995148182 121.10246676951647 14.845322035253046 80.363026738166809 15.66257358342409 10.410727903246878 22.673021331429482
leaf_count=524 527 62 380 74 37 100
internal_value=2.8345e-05 0.000865495 0.000118455 -0.00138182 -0.000742591 0.00505414
internal_weight=395.105 247.929 210.411 147.176 131.513 37.5183
internal_count=1704 1066 904 638 564 162
is_linear=0
shrinkage=0.0103403


Tree=180
num_leaves=7
num_cat=0
split_feature=6 18 12 18 6 3
split_gain=3.25214 4.56241 4.16289 3.04674 2.6439 2.37709
threshold=1.1396076357034957 1.9201663039765535 1.0000000180025095e-35 1.0000000180025095e-35 1.2572398040110684 0.041330241437667829
decision_type=2 2 2 2 2 2
left_child=1 2 -1 4 -2 -3
right_child=3 5 -4 -5 -6 -7
leaf_value=0.0025436905053068952 -0.0065006593036165223 -0.0088157815733654644 -0.00085846239513537564 0.0039107224121702608 2.6365940103832077e-05 -0.00033024369282771173
leaf_weight=156.37048096209764 36.532015308737755 14.958576157689096 131.102045558393 10.675044000148771 18.534829519689083 11.614921078085898
leaf_count=669 207 76 561 50 88 53
internal_value=-0.000120202 0.000475991 0.000992079 -0.00296795 -0.00430304 -0.00510448
internal_weight=379.788 314.046 287.473 65.7419 55.0668 26.5735
internal_count=1704 1359 1230 345 295 129
is_linear=0
shrinkage=0.0140824


Tree=181
num_leaves=8
num_cat=0
split_feature=6 18 12 8 11 11 3
split_gain=5.09 5.22193 4.46991 4.16069 5.62353 2.52871 2.49927
threshold=1.1396076357034957 1.9201663039765535 1.0000000180025095e-35 0.1127546393568349 -0.63921528034091024 0.27744465643323141 0.041330241437667829
decision_type=2 2 2 2 2 2 2
left_child=1 2 -1 4 -2 -5 -3
right_child=3 6 -4 5 -6 -7 -8
leaf_value=0.0019996204011841702 -0.013528141305692692 -0.01152614209251984 -0.0020534142355119402 0.0072137110191981286 -0.0026787739784916182 -0.0046745830557711442 -0.0016674216975871774
leaf_weight=155.47555841505527 23.662592321634293 15.541394591331484 131.77767391130328 9.178918771445753 26.573571622371674 9.5476287454366666 11.877710744738577
leaf_count=669 130 76 561 39 132 44 53
internal_value=-0.00137727 -0.000504169 0.00014022 -0.00536055 -0.00778892 0.00114897 -0.00725258
internal_weight=383.635 314.672 287.253 68.9627 50.2362 18.7265 27.4191
internal_count=1704 1359 1230 345 262 83 129
is_linear=0
shrinkage=0.0161914


Tree=182
num_leaves=5
num_cat=0
split_feature=2 6 5 5
split_gain=1.5974 1.94004 1.87215 1.48868
threshold=2.2601347812385639 1.1396076357034957 0.48907567540347763 0.25732138646434882
decision_type=2 2 2 2
left_child=1 3 -3 -1
right_child=-2 2 -4 -5
leaf_value=-0.00057637347847516002 -0.031894247375778548 -0.0044213960360021468 -0.036604987041556986 0.011973793634781203
leaf_weight=208.54585697501898 9.9561975821852666 44.267360910773277 15.356708586215971 83.55613100156188
leaf_count=943 50 251 85 375
internal_value=-0.000540787 0.000347468 -0.0127113 0.00301357
internal_weight=361.682 351.726 59.6241 292.102
internal_count=1704 1654 336 1318
is_linear=0
shrinkage=0.0794551


Tree=183
num_leaves=6
num_cat=0
split_feature=9 9 11 0 1
split_gain=3.57563 6.76248 6.2227 4.5407 3.83245
threshold=-0.28927029204460036 1.0000000180025095e-35 1.8317119005315685 1.3432075644370391 1.3380766833452398
decision_type=2 2 2 2 2
left_child=2 -2 3 -1 -3
right_child=1 4 -4 -5 -6
leaf_value=-0.00085111000372860084 0.0089502330683792902 0.0010173464680126346 0.0067034386237461432 -0.005551341954692931 -0.0033803185221116146
leaf_weight=163.57452750205994 10.072397336363791 157.0353833809495 10.039555303752421 24.054137468338013 23.203529320657253
leaf_count=726 62 666 41 109 100
internal_value=-8.73249e-05 0.000901229 -0.00103912 -0.00145389 0.000450996
internal_weight=387.98 190.311 197.668 187.629 180.239
internal_count=1704 828 876 835 766
is_linear=0
shrinkage=0.0101047


Tree=184
num_leaves=4
num_cat=0
split_feature=5 5 5
split_gain=1.52827 1.47973 5.34432
threshold=2.0529032057945504 0.9161486001452781 0.56189613447305187
decision_type=2 2 2
left_child=1 2 -1
right_child=-2 -3 -4
leaf_value=-0.0011456913170612736 0.031907341703540884 -0.014664085380277182 0.072304643570115096
leaf_weight=274.70446601137519 12.702154532074927 65.150082882493734 9.2788223810493928
leaf_count=1307 52 305 40
internal_value=-0.00053331 -0.0017146 0.00125633
internal_weight=361.836 349.133 283.983
internal_count=1704 1652 1347
is_linear=0
shrinkage=0.0952865


Tree=185
num_leaves=7
num_cat=0
split_feature=6 18 8 12 2 12
split_gain=3.32526 4.93018 3.4413 3.42119 3.03873 2.38898
threshold=1.1396076357034957 1.9201663039765535 0.1127546393568349 1.2108347199626288 0.27674290852126476 -0.19833131319077885
decision_type=2 2 2 2 2 2
left_child=1 3 4 -1 -2 -3
right_child=2 5 -4 -5 -6 -7
leaf_value=0.0013071879810542201 -0.0011619213477996508 -0.0071572339912827953 0.0017362978452231054 -0.0021938438134105828 -0.0067775710684393371 -0.00053399624073260216
leaf_weight=250.5733238607645 24.19075682759285 14.653440184891226 18.401570461690426 39.797371387481689 23.248774975538254 12.32851831614971
leaf_count=1063 119 67 83 167 143 62
internal_value=-6.51108e-05 0.000405638 -0.00233392 0.000827214 -0.00391384 -0.00412914
internal_weight=383.194 317.353 65.8411 290.371 47.4395 26.982
internal_count=1704 1359 345 1230 262 129
is_linear=0
shrinkage=0.0110953


Tree=186
num_leaves=8
num_cat=0
split_feature=17 8 17 17 2 9 11
split_gain=4.13515 6.60568 6.02529 9.72118 4.60224 4.55598 3.05182
threshold=-0.092591317284196881 1.0833278384934255 1.0000000180025095e-35 0.39909803165934116 0.27674290852126476 -0.4101458874888616 0.11195382528532945
decision_type=2 2 2 2 2 2 2
left_child=1 4 5 -4 -1 -2 -3
right_child=2 6 3 -5 -6 -7 -8
leaf_value=0.0016210448414450272 -0.0065640684439719167 0.0024322703032936912 0.0078717800323061318 -0.00025515451355333674 -0.0015690214125653179 -0.0014823795167820005 0.0086299304730164585
leaf_weight=95.35945725440979 16.904603935778141 13.161403000354769 12.734754800796507 117.8760176897049 56.187567070126534 74.668194212019444 11.732902772724627
leaf_count=379 85 54 59 509 246 327 45
internal_value=0.000121 0.00113169 -0.000681601 0.000537634 0.000438255 -0.00242069 0.00535169
internal_weight=398.625 176.441 222.184 130.611 151.547 91.5728 24.8943
internal_count=1704 724 980 568 625 412 99
is_linear=0
shrinkage=0.00884343


Tree=187
num_leaves=5
num_cat=0
split_feature=3 3 3 3
split_gain=1.40707 8.38253 3.12132 9.01808
threshold=1.2019738642068785 2.0865937436195865 1.1130792935697051 0.23046978943451865
decision_type=2 2 2 2
left_child=2 -2 3 -1
right_child=1 -3 -4 -5
leaf_value=-0.0029132457543485125 0.061801616082277619 -0.019701802271462107 -0.022859628327030264 0.047743786433507733
leaf_weight=274.65103298053145 12.94049694389105 16.96987497061491 36.249751321971416 22.104189105331898
leaf_count=1267 66 74 175 122
internal_value=-0.000296807 0.0155564 -0.0017213 0.000861267
internal_weight=362.915 29.9104 333.005 296.755
internal_count=1704 140 1564 1389
is_linear=0
shrinkage=0.0763306


Tree=188
num_leaves=8
num_cat=0
split_feature=4 4 4 9 4 8 5
split_gain=3.94493 7.2792 5.82581 8.87645 7.85588 3.4527 2.977
threshold=0.39071553652505897 -0.57000274287395813 0.47532287575075244 -0.4101458874888616 1.1885961941754435 0.97627369419491428 -0.25303199346275523
decision_type=2 2 2 2 2 2 2
left_child=1 5 3 -2 -4 -1 -3
right_child=2 6 4 -5 -6 -7 -8
leaf_value=0.00092939606995121754 -0.012557903737342899 0.0106319721517723 0.0082843075354068849 -0.0019010466394565519 -0.0012304437564732667 -0.0027351939975412201 0.0034962753667707532
leaf_weight=155.7354843467474 13.407602138817309 12.038520641624926 16.332476206123829 66.033861644566059 51.095685228705406 48.002893187105656 27.102509401738644
leaf_count=652 71 52 82 295 236 202 114
internal_value=3.77238e-05 0.000972501 -0.00150803 -0.00370035 0.00107447 6.58923e-05 0.00569062
internal_weight=389.749 242.879 146.87 79.4415 67.4282 203.738 39.141
internal_count=1704 1020 684 366 318 854 166
is_linear=0
shrinkage=0.0119487


Tree=189
num_leaves=2
num_cat=0
split_feature=12
split_gain=1.34444
threshold=1.4769233475077694
decision_type=2
left_child=-1
right_child=-2
leaf_value=0.00086344480882216007 -0.013501054161556553
leaf_weight=334.99412743002176 25.2054183781147
leaf_count=1593 111
internal_value=-0.000141979
internal_weight=360.2
internal_count=1704
is_linear=0
shrinkage=0.0600032


Tree=190
num_leaves=8
num_cat=0
split_feature=3 3 3 12 0 1 1
split_gain=3.24692 13.8454 7.40858 4.22806 3.19558 7.63979 7.11548
threshold=0.14712917384419452 1.1130792935697051 1.2019738642068785 -0.1239861938158389 -0.77023790851887008 1.3380766833452398 1.0450698965318101
decision_type=2 2 2 2 2 2 2
left_child=4 3 -3 -2 6 -6 -1
right_child=1 2 -4 -5 5 -7 -8
leaf_value=-0.0039904089395975187 0.012691951914741656 -0.0041699640883122238 0.0027997422291514778 0.0043171064347870278 0.0009227429617424262 -0.0052909755421573423 0.0029202486096472566
leaf_weight=70.650460414588451 12.035454876720907 38.136724032461643 32.159784890711308 16.122880041599274 168.36385996639729 26.14793698489666 22.458575882017612
leaf_count=330 59 175 140 70 725 113 92
internal_value=-0.000118996 0.00155781 -0.000980853 0.00789496 -0.00069304 8.71116e-05 -0.00232287
internal_weight=386.076 98.4548 70.2965 28.1583 287.621 194.512 93.109
internal_count=1704 444 315 129 1260 838 422
is_linear=0
shrinkage=0.010699


Tree=191
num_leaves=3
num_cat=0
split_feature=15 15
split_gain=1.30719 2.713
threshold=1.6640326034420772 1.006692091270242
decision_type=2 2
left_child=1 -1
right_child=-2 -3
leaf_value=-0.00013920916313285355 -0.014958288427076416 0.035661620085177793
leaf_weight=317.98958226293325 30.914672806859016 12.417376242578028
leaf_count=1503 140 61
internal_value=-0.000176259 0.00120711
internal_weight=361.322 330.407
internal_count=1704 1564
is_linear=0
shrinkage=0.075198


Tree=192
num_leaves=7
num_cat=0
split_feature=13 13 4 16 7 2
split_gain=3.55652 7.68003 5.40097 5.03163 3.68247 2.75584
threshold=0.27467550899125442 -0.48932710796035989 0.39071553652505897 1.3026968228741045 1.3326400394592828 -0.12136794886737144
decision_type=2 2 2 2 2 2
left_child=1 2 -1 4 -2 -3
right_child=3 5 -4 -5 -6 -7
leaf_value=0.0012251180789706773 -0.0011491518381993612 0.0080593283429534861 -0.0020920506030720808 -0.006667275738904954 0.0051081193260991186 0.0025157417089653913
leaf_weight=128.56014030426741 120.08575271815062 16.070458978414536 81.875980749726295 15.869422562420366 10.396453663706778 21.148102149367332
leaf_count=524 527 72 380 74 37 90
internal_value=-5.52122e-05 0.000682118 -6.54913e-05 -0.00130291 -0.000650163 0.00490849
internal_weight=394.006 247.655 210.436 146.352 130.482 37.2186
internal_count=1704 1066 904 638 564 162
is_linear=0
shrinkage=0.0100961


Tree=193
num_leaves=7
num_cat=0
split_feature=12 10 7 16 11 9
split_gain=4.90795 6.74897 5.87239 5.45248 4.8471 3.3847
threshold=0.21530686497781709 2.6635391190623485 0.28328722933143241 1.0000000180025095e-35 0.27744465643323141 0.43791124164290823
decision_type=2 2 2 2 2 2
left_child=1 3 4 -1 -2 -4
right_child=2 -3 5 -5 -6 -7
leaf_value=0.0020172491121158145 -0.0006650658428076538 -0.0055888813337378954 0.0028109643210477097 -0.0003504376744730262 -0.0037487310703778498 -0.0023190999791052971
leaf_weight=120.5209475941956 74.31700948625803 9.6669731512665731 29.092502675950527 106.36435046046972 49.216910108923912 10.028872236609457
leaf_count=507 322 42 117 441 235 40
internal_value=-5.93712e-05 0.000641432 -0.00107856 0.000907234 -0.00189364 0.00149432
internal_weight=399.208 236.552 162.655 226.885 123.534 39.1214
internal_count=1704 990 714 948 557 157
is_linear=0
shrinkage=0.00762258


Tree=194
num_leaves=8
num_cat=0
split_feature=6 18 4 6 6 4 8
split_gain=3.20464 5.70167 3.84008 3.53599 4.33617 2.6757 2.52694
threshold=1.1396076357034957 1.9201663039765535 0.47532287575075244 1.2572398040110684 2.8412625412490131 0.39071553652505897 1.0000000180025095e-35
decision_type=2 2 2 2 2 2 2
left_child=1 2 -1 6 -5 -3 -2
right_child=3 5 -4 4 -6 -7 -8
leaf_value=0.00036042467233726277 -0.0065784419488446799 -0.0016704507813751421 0.0034333308349485392 0.0062036691027709621 -0.0031496789285380975 -0.0085418283573878498 -0.0015243053919908758
leaf_weight=243.18551401793957 19.60012761503458 18.109373152256016 55.787246808409691 10.819587759673597 11.276527054607866 9.6969699412584287 25.251005850732327
leaf_count=991 114 77 239 42 57 52 132
internal_value=7.68607e-05 0.000508282 0.000933895 -0.00202861 0.00142874 -0.00406581 -0.00373288
internal_weight=393.726 326.779 298.973 66.9472 22.0961 27.8063 44.8511
internal_count=1704 1359 1230 345 99 129 246
is_linear=0
shrinkage=0.010565


Tree=195
num_leaves=8
num_cat=0
split_feature=6 18 12 8 11 15 4
split_gain=5.37181 6.51613 5.64618 4.20589 5.62928 4.46409 2.54561
threshold=1.1396076357034957 1.9201663039765535 1.2108347199626288 0.1127546393568349 -0.63921528034091024 -0.23814514068022744 0.39071553652505897
decision_type=2 2 2 2 2 2 2
left_child=1 2 -1 4 -2 -5 -3
right_child=3 6 -4 5 -6 -7 -8
leaf_value=0.0011620276666754786 -0.0059226754538518967 -0.001447365871518664 -0.0019413452141859766 0.0048957312613169138 -0.00072460997106570406 -0.0026281456811265815 -0.0063225464670124644
leaf_weight=258.22634196281433 23.369316697120667 18.306409448385242 40.681083187460899 9.4616510868072528 26.818206503987312 9.414080470800398 9.8732814341783506
leaf_count=1063 130 77 167 39 132 44 52
internal_value=-1.0468e-05 0.000403906 0.000739548 -0.00197278 -0.00314497 0.00114154 -0.0031547
internal_weight=396.15 327.087 298.907 69.0633 50.1875 18.8757 28.1797
internal_count=1704 1359 1230 345 262 83 129
is_linear=0
shrinkage=0.00774455


Tree=196
num_leaves=4
num_cat=0
split_feature=9 9 9
split_gain=1.30331 1.89875 2.5714
threshold=-0.28927029204460036 0.38540895668919289 1.0000000180025095e-35
decision_type=2 2 2
left_child=-1 2 -2
right_child=1 -3 -4
leaf_value=-0.0047463429949180869 0.06004090325093446 0.00073089032272017815 0.00923170797032059
leaf_weight=186.85660798102617 7.9618250988423815 145.759521137923 25.330190248787403
leaf_count=876 62 655 111
internal_value=-0.000186358 0.00457216 0.0213862
internal_weight=365.908 179.052 33.292
internal_count=1704 828 173
is_linear=0
shrinkage=0.0780557


Tree=197
num_leaves=4
num_cat=0
split_feature=5 5 5
split_gain=1.28429 1.47657 2.44744
threshold=2.0529032057945504 1.0000000180025095e-35 0.12780629567028304
decision_type=2 2 2
left_child=1 -1 -3
right_child=-2 2 -4
leaf_value=0.0040369436568853121 0.026054214460746024 -0.01832808699811497 0.0022775889588630533
leaf_weight=186.54382421076298 12.760074086487291 73.4125886708498 91.698984604328871
leaf_count=840 52 372 440
internal_value=-0.000139156 -0.00109045 -0.0068837
internal_weight=364.415 351.655 165.112
internal_count=1704 1652 812
is_linear=0
shrinkage=0.0841141


Tree=198
num_leaves=5
num_cat=0
split_feature=12 12 12 12
split_gain=1.3189 1.61361 1.38292 4.11376
threshold=1.0000000180025095e-35 -0.6009865144664357 0.36317241704170095 1.2108347199626288
decision_type=2 2 2 2
left_child=1 -1 -2 -4
right_child=2 -3 3 -5
leaf_value=0.001609628643813178 -0.012846772753246378 0.024561004730983441 0.033054637635804025 -0.010403786448651709
leaf_weight=176.55753318965435 88.628763556480408 24.736623633652925 22.161570224910975 50.763616129755974
leaf_count=796 437 131 102 238
internal_value=-0.000115918 0.00443095 -0.00578148 0.00280364
internal_weight=362.848 201.294 161.554 72.9252
internal_count=1704 927 777 340
is_linear=0
shrinkage=0.0841898


Tree=199
num_leaves=8
num_cat=0
split_feature=6 18 4 8 11 12 11
split_gain=4.39082 6.21767 4.30949 3.48525 5.19109 2.54358 2.29964
threshold=1.1396076357034957 1.9201663039765535 1.7371652041197898 0.1127546393568349 -0.63921528034091024 -0.19833131319077885 0.27744465643323141
decision_type=2 2 2 2 2 2 2
left_child=1 2 -1 4 -2 -3 -5
right_child=3 5 -4 6 -6 -7 -8
leaf_value=0.00080775018659332031 -0.0074303159633285565 -0.0069423699035639505 0.0068350735194501926 0.0052124924856247574 -0.00060902441558465165 -0.00059183686158185132 -0.0020746840392739728
leaf_weight=277.47490317001939 22.101290859282017 14.971816480159761 13.268209189176558 9.1505134776234645 25.879409499466419 12.240605823695658 9.3288323283195478
leaf_count=1175 130 67 55 39 132 62 44
internal_value=0.0001354 0.00064064 0.00108303 -0.00228136 -0.00375103 -0.00408381 0.00153174
internal_weight=384.416 317.956 290.743 66.46 47.9807 27.2124 18.4793
internal_count=1704 1359 1230 345 262 129 83
is_linear=0
shrinkage=0.0103403


Tree=200
num_leaves=7
num_cat=0
split_feature=9 9 7 1 3 17
split_gain=2.74239 5.41216 4.44586 6.39177 4.07036 3.71972
threshold=-0.37434629753242205 -0.033242108751767543 0.24689607876682654 1.725735598202647 0.23046978943451865 -0.092591317284196881
decision_type=2 2 2 2 2 2
left_child=2 -2 3 -1 -3 -4
right_child=1 4 5 -5 -6 -7
leaf_value=-0.0031107189152780363 0.0097959553569756577 -0.00050445108850169084 0.0049442310604298541 0.0067531187279368859 0.0038518244520998478 -0.0012659623193995639
leaf_weight=122.07073675096035 10.508660502731798 133.18271442502737 29.696401953697205 11.146656632423399 44.563340164721012 30.346370525658131
leaf_count=582 63 573 112 44 200 130
internal_value=3.03134e-05 0.00110231 -0.00101388 -0.00228461 0.000587853 0.00180493
internal_weight=381.515 188.255 193.26 133.217 177.746 60.0428
internal_count=1704 836 868 626 773 242
is_linear=0
shrinkage=0.0124797


Tree=201
num_leaves=4
num_cat=0
split_feature=2 4 4
split_gain=1.4333 1.29444 1.29649
threshold=2.2601347812385639 2.0458981335241511 1.1885961941754435
decision_type=2 2 2
left_child=1 2 -1
right_child=-2 -3 -4
leaf_value=0.0014612569204565107 -0.027478026022479736 0.025176098961937631 -0.013370547580553969
leaf_weight=306.03408804908395 9.8715675696730596 11.195268273353575 35.090139120817184
leaf_count=1426 50 50 178
internal_value=-3.17096e-05 0.00073794 -6.46406e-05
internal_weight=362.191 352.319 341.124
internal_count=1704 1654 1604
is_linear=0
shrinkage=0.0731043


Tree=202
num_leaves=7
num_cat=0
split_feature=12 10 7 16 6 9
split_gain=4.00479 5.66104 5.50018 5.16001 4.32027 3.13908
threshold=0.21530686497781709 2.6635391190623485 0.28328722933143241 1.0000000180025095e-35 0.72398890507662805 0.43791124164290823
decision_type=2 2 2 2 2 2
left_child=1 3 4 -1 -2 -4
right_child=2 -3 5 -5 -6 -7
leaf_value=0.0025905851728522428 -0.0011610790635576235 -0.0064446786557378986 0.0037564328171143758 -0.00035220924625998693 -0.0056480896742026297 -0.002552643552856382
leaf_weight=117.05735898017883 94.980295836925507 9.2939191758632642 27.898150693625212 103.97250882536173 25.050404332578182 9.8421063125133497
leaf_count=507 413 42 117 441 144 40
internal_value=8.88341e-05 0.000897126 -0.0010911 0.00120625 -0.0020977 0.00210923
internal_weight=388.095 230.324 157.771 221.03 120.031 37.7403
internal_count=1704 990 714 948 557 157
is_linear=0
shrinkage=0.00961428


Tree=203
num_leaves=4
num_cat=0
split_feature=13 9 7
split_gain=1.34688 2.51727 1.60898
threshold=0.66776648341210343 0.69042373130749535 1.6211753077738222
decision_type=2 2 2
left_child=2 -2 -1
right_child=1 -3 -4
leaf_value=0.00046055052492186487 -0.019675547760007413 0.021993205280517243 0.022657450844311804
leaf_weight=287.40643676742911 43.424048457294703 10.944329354912041 21.154312580823898
leaf_count=1359 209 48 88
internal_value=-3.99192e-06 -0.0112801 0.00198303
internal_weight=362.929 54.3684 308.561
internal_count=1704 257 1447
is_linear=0
shrinkage=0.0777117


Tree=204
num_leaves=8
num_cat=0
split_feature=12 7 11 7 7 16 9
split_gain=3.80577 5.15253 4.49925 4.45204 14.3109 5.94377 3.20244
threshold=0.21530686497781709 0.28328722933143241 1.0000000180025095e-35 0.14525940587580199 -0.71775246286551064 1.0000000180025095e-35 0.43791124164290823
decision_type=2 2 2 2 2 2 2
left_child=3 2 -2 4 -1 -5 -3
right_child=1 6 -4 5 -6 -7 -8
leaf_value=-2.2478247220113207e-05 -0.00045487456009066414 0.0034816410826431893 -0.0040800300444704474 0.0014299807568632743 0.0071469587266865938 -0.0029211882534759251 -0.0027070523035561908
leaf_weight=87.646684192121029 66.354700572788715 27.946205370128155 54.520468786358833 57.99070605635643 33.683726578950882 52.090656980872154 9.87657283246517
leaf_count=369 298 117 259 252 148 221 40
internal_value=-3.21677e-05 -0.00114743 -0.00208998 0.000732654 0.00196804 -0.00062884 0.00186379
internal_weight=390.11 158.698 120.875 231.412 121.33 110.081 37.8228
internal_count=1704 714 557 990 517 473 157
is_linear=0
shrinkage=0.00935119


Tree=205
num_leaves=8
num_cat=0
split_feature=6 18 14 8 11 17 11
split_gain=5.32825 5.61302 4.43936 3.54055 4.79633 2.44998 1.86258
threshold=1.1396076357034957 1.9201663039765535 1.431643500509548 0.1127546393568349 -0.63921528034091024 -0.3493597319842025 0.27744465643323141
decision_type=2 2 2 2 2 2 2
left_child=1 2 -1 4 -2 -3 -5
right_child=3 5 -4 6 -6 -7 -8
leaf_value=0.00053762545987999055 -0.0067065820179739114 -0.00010601206602696406 0.0046592867617872248 0.0039013633041435824 -0.00097665876550224323 -0.0056663967220478301 -0.0018112076633122918
leaf_weight=273.64884614944458 22.396772094070911 10.9342557489872 23.539681911468506 9.4310928881168383 26.41424934566021 16.45486007630825 9.4780746325850469
leaf_count=1139 130 46 91 39 132 83 44
internal_value=1.54423e-05 0.00050047 0.000864232 -0.00230889 -0.00360574 -0.00344472 0.00103612
internal_weight=392.298 324.578 297.189 67.7202 48.811 27.3891 18.9092
internal_count=1704 1359 1230 345 262 129 83
is_linear=0
shrinkage=0.00911142


Tree=206
num_leaves=4
num_cat=0
split_feature=14 14 14
split_gain=1.33801 4.06777 2.02235
threshold=-0.56743621049686044 0.27397806272271569 0.32078554167742135
decision_type=2 2 2
left_child=-1 -2 -3
right_child=1 2 -4
leaf_value=-0.0047219373424446601 0.028445241238134231 -0.0095757158921740398 0.007835491778890015
leaf_weight=178.05573768168688 33.349385034292936 75.646481238305569 77.639164425432682
leaf_count=845 167 346 346
internal_value=-2.17319e-05 0.00446221 -0.000756339
internal_weight=364.691 186.635 153.286
internal_count=1704 859 692
is_linear=0
shrinkage=0.0757959


Tree=207
num_leaves=7
num_cat=0
split_feature=12 10 16 12 12 9
split_gain=3.61535 6.08121 5.47841 3.18116 6.12198 2.17772
threshold=0.21530686497781709 2.6635391190623485 1.0000000180025095e-35 0.36317241704170095 1.2108347199626288 -0.4101458874888616
decision_type=2 2 2 2 2 2
left_child=1 2 -1 5 -5 -2
right_child=3 -3 -4 4 -6 -7
leaf_value=0.0021398990081174557 -0.00475004236250153 -0.0056985108429459105 -0.00039650155326357477 0.0036710283245043234 -0.0012457881523710694 -0.0013788426776306705
leaf_weight=119.94171576201916 15.701286092400549 9.425008147954939 105.58822524547577 24.057213850319386 54.499655067920685 64.471768252551556
leaf_count=507 80 42 441 102 238 294
internal_value=4.55703e-05 0.000685239 0.000952371 -0.00090123 0.000259991 -0.00203923
internal_weight=393.685 234.955 225.53 158.73 78.5569 80.1731
internal_count=1704 990 948 714 340 374
is_linear=0
shrinkage=0.00812138


Tree=208
num_leaves=8
num_cat=0
split_feature=6 18 8 11 4 12 11
split_gain=3.00176 5.37421 3.30029 5.01873 3.13004 2.51501 1.79462
threshold=1.1396076357034957 1.9201663039765535 0.1127546393568349 -0.63921528034091024 0.57250429260579905 -0.19833131319077885 0.27744465643323141
decision_type=2 2 2 2 2 2 2
left_child=1 4 3 -2 -1 -3 -4
right_child=2 5 6 -5 -6 -7 -8
leaf_value=0.00047106009358315374 -0.0077768236154423052 -0.0075051058152465228 0.0055485545090782542 -0.00030117308457846929 0.0035651093283976506 -0.0005059013830736789 -0.0015621218875431077
leaf_weight=240.18603911995888 21.568948842585087 14.666876278817655 9.2177945673465747 25.681544817984104 51.925589337944984 12.325449652969835 9.2842551544308645
leaf_count=995 130 67 39 132 235 62 44
internal_value=0.00011206 0.00057025 -0.00211121 -0.0037136 0.00102114 -0.00430705 0.00197818
internal_weight=384.856 319.104 65.7525 47.2505 292.112 26.9923 18.502
internal_count=1704 1359 345 262 1230 129 83
is_linear=0
shrinkage=0.0114292


Tree=209
num_leaves=8
num_cat=0
split_feature=17 8 14 17 17 9 11
split_gain=4.44526 5.75033 5.49043 5.31539 9.32105 4.18632 3.00621
threshold=-0.092591317284196881 1.0833278384934255 -0.56743621049686044 1.0000000180025095e-35 0.87888776607447461 -0.4101458874888616 -0.020892383657170475
decision_type=2 2 2 2 2 2 2
left_child=1 2 -1 5 -5 -2 -3
right_child=3 6 -4 4 -6 -7 -8
leaf_value=-0.0014139937409883428 -0.0058013862236669855 0.0012237394447343571 0.0016002929650022989 0.0034647149078254748 -0.0011401046158278263 -0.0014673458913193175 0.0067856896732715263
leaf_weight=66.027679368853569 16.804749667644501 10.497604213654997 85.586513683199883 38.27467904239893 92.936556741595268 75.265343971550465 13.92403347045183
leaf_count=277 85 43 348 167 401 327 56
internal_value=-7.60403e-05 0.000857275 0.000287564 -0.000811899 0.000203175 -0.00225859 0.00439303
internal_weight=399.317 176.036 151.614 223.281 131.211 92.0701 24.4216
internal_count=1704 724 625 980 568 412 99
is_linear=0
shrinkage=0.007855


Tree=210
num_leaves=8
num_cat=0
split_feature=4 4 4 4 9 17 8
split_gain=4.58338 9.95418 8.08524 10.1201 7.84856 4.51475 4.07678
threshold=0.39071553652505897 -0.57000274287395813 0.47532287575075244 1.1885961941754435 -0.4101458874888616 -0.31497718396665708 0.97627369419491428
decision_type=2 2 2 2 2 2 2
left_child=1 6 4 -4 -2 -3 -1
right_child=2 5 3 -5 -6 -7 -8
leaf_value=0.00047814989243800152 -0.0072908154267209259 0.0072200524290300782 0.00531347545552206 -0.00076525269465690991 -0.0015000873836598567 0.0021887775099201988 -0.0017995607198692792
leaf_weight=161.78854967653751 13.478210188448427 12.146582245826719 17.525243893265724 52.786106184124947 67.715614601969719 29.038180135190487 49.278169438242912
leaf_count=652 71 50 82 236 295 116 202
internal_value=-1.77818e-05 0.000554778 -0.000971073 0.000750027 -0.0024617 0.00367242 -5.36471e-05
internal_weight=403.757 252.251 151.505 70.3114 81.1938 41.1848 211.067
internal_count=1704 1020 684 318 366 166 854
is_linear=0
shrinkage=0.00693454


Tree=211
num_leaves=8
num_cat=0
split_feature=12 7 11 15 17 6 9
split_gain=4.67025 5.29053 4.42426 8.05514 4.96942 4.36309 3.66943
threshold=0.21530686497781709 0.28328722933143241 -0.63921528034091024 1.0000000180025095e-35 0.65996663140346346 0.72398890507662805 0.43791124164290823
decision_type=2 2 2 2 2 2 2
left_child=2 5 3 -1 -4 -2 -3
right_child=1 6 4 -5 -6 -7 -8
leaf_value=-0.0023689322561809404 -0.0011110522798574822 0.0033289367399822493 0.002862316691210768 0.0026065626622393378 -0.0011578468655272865 -0.0051527984824118831 -0.002786064387602448
leaf_weight=64.332998506724834 96.022276386618614 28.353273376822472 99.165931031107903 39.433854185044765 30.112321332097054 25.365327060222626 9.9442531019449216
leaf_count=280 413 117 417 165 128 144 40
internal_value=7.2762e-05 -0.00106934 0.000855377 -0.00047781 0.0019256 -0.00195578 0.00173936
internal_weight=392.73 159.685 233.045 103.767 129.278 121.388 38.2975
internal_count=1704 714 990 445 545 557 157
is_linear=0
shrinkage=0.00867016


Tree=212
num_leaves=8
num_cat=0
split_feature=12 11 15 17 7 11 9
split_gain=3.94874 5.32703 6.54736 6.08154 4.72469 4.89906 2.87475
threshold=0.21530686497781709 -0.63921528034091024 1.0000000180025095e-35 0.65996663140346346 0.28328722933143241 1.0000000180025095e-35 0.43791124164290823
decision_type=2 2 2 2 2 2 2
left_child=1 2 -1 -3 5 -2 -6
right_child=4 3 -4 -5 6 -7 -8
leaf_value=-0.0032448579818583848 -0.00057205544502828714 0.0034766343379941814 0.002389248396592103 -0.002096071619684376 0.0036094072130410438 -0.0049560552155702552 -0.0031617921211652446
leaf_weight=64.393915861845016 66.338372707366943 99.088516876101494 38.898123852908611 29.985932484269142 28.029848389327526 54.681756541132927 9.9825158566236478
leaf_count=280 298 417 165 128 117 259 40
internal_value=-0.000188504 0.000712652 -0.00112275 0.00218158 -0.00150521 -0.00255292 0.00182919
internal_weight=391.399 232.366 103.292 129.074 159.032 121.02 38.0124
internal_count=1704 990 445 545 714 557 157
is_linear=0
shrinkage=0.0108456


Tree=213
num_leaves=7
num_cat=0
split_feature=6 8 11 3 3 11
split_gain=1.50397 2.95908 4.87776 1.82603 6.03052 1.76871
threshold=1.1396076357034957 0.1127546393568349 0.11195382528532945 2.0865937436195865 1.2019738642068785 0.27744465643323141
decision_type=2 2 2 2 2 2
left_child=3 2 -2 4 -1 -3
right_child=1 5 -4 -5 -6 -7
leaf_value=0.0011365312066941313 -0.043372945988006659 0.037002441710003497 0.0035168680929177631 -0.022156866908391769 0.053222989628365601 -0.0078230437492745556
leaf_weight=279.94045430421829 22.242284528911114 8.7856937572360057 22.395844276994467 14.991551890969275 11.634262431412933 8.8974355235695821
leaf_count=1236 139 39 123 62 61 44
internal_value=-6.75167e-05 -0.0101139 -0.0198447 0.00197493 0.00321671 0.0144351
internal_weight=368.888 62.3213 44.6381 306.566 291.575 17.6831
internal_count=1704 345 262 1359 1297 83
is_linear=0
shrinkage=0.070951


Tree=214
num_leaves=7
num_cat=0
split_feature=17 17 17 9 9 9
split_gain=1.3757 2.42756 5.74335 4.14752 2.40709 2.88502
threshold=-0.092591317284196881 1.0000000180025095e-35 0.39909803165934116 -0.4101458874888616 1.3487468139858649 1.2174879513384689
decision_type=2 2 2 2 2 2
left_child=4 3 -3 -2 5 -1
right_child=1 2 -4 -5 -6 -7
leaf_value=0.0068806432915603398 -0.055554472130482174 0.06353110035435218 -0.0025801926260093037 -0.0068636494545533909 0.039384132524591886 -0.030403240345427365
leaf_weight=130.49717148393393 15.34731402993202 10.3766708150506 108.47538873925805 70.942346408963203 14.051410160958765 16.907248944044113
leaf_count=593 85 59 509 327 55 76
internal_value=-6.16856e-05 -0.0046794 0.00319537 -0.0155265 0.00580511 0.00260209
internal_weight=366.598 205.142 118.852 86.2897 161.456 147.404
internal_count=1704 980 568 412 724 669
is_linear=0
shrinkage=0.0849709


Tree=215
num_leaves=8
num_cat=0
split_feature=12 7 16 12 9 9 5
split_gain=3.5102 5.85429 4.6054 4.26908 3.93926 2.64807 2.41176
threshold=0.21530686497781709 0.28328722933143241 1.8770799877687276 -0.6009865144664357 -0.28927029204460036 0.43791124164290823 1.0000000180025095e-35
decision_type=2 2 2 2 2 2 2
left_child=3 2 -2 4 -1 -3 -5
right_child=1 5 -4 6 -6 -7 -8
leaf_value=-0.0011300799774768117 -0.002372084221307857 0.0033507913118896271 0.0038371599496408795 0.0015905842553845619 0.0013768401265867205 -0.0018930401698930058 0.0057608624223543002
leaf_weight=90.076855421066284 110.34319107234478 28.794820114970207 9.8004374206066114 27.427635863423347 99.655263602733612 9.7004945576190931 16.909116551280022
leaf_count=384 516 117 41 120 412 40 74
internal_value=7.76022e-05 -0.000920178 -0.00186502 0.000753878 0.00018666 0.00202774 0.00318079
internal_weight=392.708 158.639 120.144 234.069 189.732 38.4953 44.3368
internal_count=1704 714 557 990 796 157 194
is_linear=0
shrinkage=0.00868906


Tree=216
num_leaves=8
num_cat=0
split_feature=12 12 12 12 1 7 5
split_gain=5.50064 6.42422 10.1962 6.38215 4.5469 2.27458 2.14224
threshold=0.21530686497781709 0.36317241704170095 1.2108347199626288 -0.6009865144664357 1.4627850869610992 1.2366221534559902 1.0000000180025095e-35
decision_type=2 2 2 2 2 2 2
left_child=3 5 -3 4 -1 -2 -5
right_child=1 2 -4 6 -6 -7 -8
leaf_value=-0.00024250736013671276 -0.0029203424005918807 0.0038072717524990202 -0.0012783963423777013 0.0016989236684427321 0.0035515970061147616 -0.0002885308246556741 0.0046715070078970009
leaf_weight=181.28157743811607 64.35494264960289 26.036391906440258 56.225004747509956 28.913925483822823 15.464086934924124 19.259979784488678 17.604644298553467
leaf_count=741 301 102 238 120 55 73 74
internal_value=-5.82626e-05 -0.00100197 0.000331293 0.000585227 5.59108e-05 -0.00231382 0.00282357
internal_weight=409.141 165.876 82.2614 243.264 196.746 83.6149 46.5186
internal_count=1704 714 340 990 796 374 194
is_linear=0
shrinkage=0.00672117


Tree=217
num_leaves=8
num_cat=0
split_feature=6 14 18 8 11 4 11
split_gain=3.10039 4.57369 3.64436 3.24868 4.73694 2.95559 1.72507
threshold=1.1396076357034957 1.431643500509548 1.9201663039765535 0.1127546393568349 -0.63921528034091024 -0.57000274287395813 0.27744465643323141
decision_type=2 2 2 2 2 2 2
left_child=1 2 -1 4 -2 -3 -5
right_child=3 5 -4 6 -6 -7 -8
leaf_value=0.00038944529816121922 -0.0069953314724573827 0.001481424135257558 -0.0035554709278792932 0.0046992670507788751 -0.00052325372351406875 0.0087765738717088624 -0.0015225273522441074
leaf_weight=269.33664600551128 21.446925476193428 12.912490397691728 26.599796578288078 9.1516420692205447 25.705818571150303 10.315766744315622 9.2468230947852117
leaf_count=1139 130 51 128 39 132 41 44
internal_value=-3.79286e-05 0.000375855 3.47353e-05 -0.00205244 -0.00346697 0.00471989 0.00157024
internal_weight=384.716 319.165 295.936 65.5512 47.1527 23.2283 18.3985
internal_count=1704 1359 1267 345 262 92 83
is_linear=0
shrinkage=0.0101714


Tree=218
num_leaves=8
num_cat=0
split_feature=12 12 8 7 11 9 5
split_gain=4.46009 4.62836 3.6516 3.50219 3.97794 3.15398 2.43176
threshold=0.21530686497781709 -0.6009865144664357 0.071124974213128508 0.28328722933143241 1.0000000180025095e-35 -0.60891488853528075 1.0000000180025095e-35
decision_type=2 2 2 2 2 2 2
left_child=1 2 -1 4 -2 -5 -3
right_child=3 6 -4 5 -6 -7 -8
leaf_value=-0.0016602497158080978 -0.0013281514008549927 0.0011411890848577147 0.0012334319605974147 -0.003734815924317598 -0.0049432974693355671 0.0024615413831636985 0.0060638584350299974
leaf_weight=123.04160471260548 67.491210654377937 26.366669088602066 67.352980174124241 11.93449881672859 55.251428686082363 26.078768163919449 16.133925125002861
leaf_count=513 298 120 283 50 259 107 74
internal_value=-0.000854637 2.8929e-05 -0.000636478 -0.00213471 -0.00295548 0.000514472 0.00300958
internal_weight=393.651 232.895 190.395 160.756 122.743 38.0133 42.5006
internal_count=1704 990 796 714 557 157 194
is_linear=0
shrinkage=0.00999198


Tree=219
num_leaves=6
num_cat=0
split_feature=12 0 0 12 12
split_gain=1.33027 2.6545 4.15648 1.52178 3.6261
threshold=0.21530686497781709 -0.1079333387789332 1.3432075644370391 0.36317241704170095 1.2108347199626288
decision_type=2 2 2 2 2
left_child=1 -1 -3 -2 -5
right_child=3 2 -4 4 -6
leaf_value=-0.0035935908854308018 -0.014644174178542777 0.027578663487782155 -0.011515388192692891 0.030250214513020873 -0.0099887249714353931
leaf_weight=132.62309918925166 75.676383994519711 58.664002493023872 27.461698710918427 22.040762670338154 51.131258442997932
leaf_count=602 374 267 121 102 238
internal_value=-0.000346447 0.00377005 0.0151097 -0.00639625 0.00213246
internal_weight=367.597 218.749 86.1257 148.848 73.172
internal_count=1704 990 388 714 340
is_linear=0
shrinkage=0.0829619


Tree=220
num_leaves=7
num_cat=0
split_feature=0 7 11 2 14 1
split_gain=2.81245 6.77025 7.54076 6.30363 4.61886 4.25156
threshold=-0.1079333387789332 0.28328722933143241 -0.32014354348622648 0.33521787112802781 1.431643500509548 1.4627850869610992
decision_type=2 2 2 2 2 2
left_child=4 3 -3 -2 5 -1
right_child=1 2 -4 -5 -6 -7
leaf_value=-0.0019477852322016742 -0.0016892094237347531 -0.0003623171063326711 0.011937047423569451 0.0063868341239415637 0.0051406723726007018 0.0047155055548715802
leaf_weight=207.92671899870038 87.702516168355942 14.978923410177229 18.485418498516083 19.645648010075092 19.236191503703594 17.215099915862083
leaf_count=942 383 68 74 89 79 69
internal_value=-8.35814e-05 0.00136761 0.00642943 -0.000210485 -0.000919827 -0.00143797
internal_weight=385.191 140.813 33.4643 107.348 244.378 225.142
internal_count=1704 614 142 472 1090 1011
is_linear=0
shrinkage=0.0128929


Tree=221
num_leaves=8
num_cat=0
split_feature=6 18 10 8 11 4 11
split_gain=4.51461 6.5549 4.79387 3.95561 5.33072 2.64055 1.80967
threshold=1.1396076357034957 1.9201663039765535 2.6635391190623485 0.1127546393568349 -0.63921528034091024 0.39071553652505897 0.27744465643323141
decision_type=2 2 2 2 2 2 2
left_child=1 2 -1 4 -2 -3 -5
right_child=3 5 -4 6 -6 -7 -8
leaf_value=0.00098395294334608632 -0.0064405262018661733 -0.0016542598090036461 -0.0051166742210843729 0.0040633747308690049 -0.00070963878469851858 -0.0072362376000256858 -0.0013368384989222994
leaf_weight=289.96628517657518 22.689938388764858 18.220638915896419 10.041765406727789 9.2936536967754382 26.618890658020973 9.8402916565537435 9.4074759557843191
leaf_count=1187 130 77 43 39 132 52 44
internal_value=-1.85618e-05 0.00040383 0.000779511 -0.00205592 -0.0033467 -0.00361089 0.0013449
internal_weight=396.079 328.069 300.008 68.01 49.3088 28.0609 18.7011
internal_count=1704 1359 1230 345 262 129 83
is_linear=0
shrinkage=0.00868999


Tree=222
num_leaves=7
num_cat=0
split_feature=9 9 9 9 15 15
split_gain=1.33536 2.2012 5.56156 3.63473 1.49422 3.9524
threshold=-0.28927029204460036 1.2174879513384689 0.69042373130749535 1.3487468139858649 1.4513292118477945 0.1206295147099979
decision_type=2 2 2 2 2 2
left_child=4 2 -2 -3 5 -1
right_child=1 3 -4 -5 -6 -7
leaf_value=-0.011244935886338707 0.0067142851760249251 -0.030663795299522466 0.080156903700257992 0.016990755903006839 -0.031782728832283703 0.023556695475381601
leaf_weight=129.18615587800741 109.59944781661034 33.142503492534161 10.377111997455357 26.508915953338146 18.626255586743355 39.141808651387691
leaf_count=609 503 154 66 105 86 181
internal_value=-0.000327714 0.00558074 0.0130713 -0.00948177 -0.00600493 -0.00315115
internal_weight=366.582 179.628 119.977 59.6514 186.954 168.328
internal_count=1704 828 569 259 876 790
is_linear=0
shrinkage=0.0959655


Tree=223
num_leaves=7
num_cat=0
split_feature=13 13 16 13 15 3
split_gain=3.56537 5.60709 6.21173 5.04527 3.58026 3.44704
threshold=1.2018002931059879 0.32108701708228354 -0.048188767942684452 0.27467550899125442 0.3525103767863571 0.041330241437667829
decision_type=2 2 2 2 2 2
left_child=1 3 -3 -1 5 -2
right_child=4 2 -4 -5 -6 -7
leaf_value=0.0005071771716432242 -0.0037004999702830621 0.0084565650282516589 4.1540513294341864e-05 -0.0017330916734128652 -0.0063299284590669089 0.0010241038139109837
leaf_weight=250.07304088026285 16.124866709113121 10.121453620493414 10.909751132130621 79.42606920003891 9.3825246691703779 21.698468342423439
leaf_count=1066 70 44 43 346 42 93
internal_value=-5.44914e-05 0.000214573 0.00408959 -3.28595e-05 -0.00205213 -0.000990494
internal_weight=397.736 350.53 21.0312 329.499 47.2059 37.8233
internal_count=1704 1499 87 1412 205 163
is_linear=0
shrinkage=0.00774455


Tree=224
num_leaves=8
num_cat=0
split_feature=6 14 6 6 12 0 8
split_gain=7.51539 5.43318 5.33732 5.70547 4.87231 3.84764 2.15095
threshold=1.1396076357034957 1.431643500509548 1.2572398040110684 2.8412625412490131 0.21530686497781709 -0.17445316902167238 1.0000000180025095e-35
decision_type=2 2 2 2 2 2 2
left_child=1 4 6 -4 -1 -3 -2
right_child=2 5 3 -5 -6 -7 -8
leaf_value=0.00036607404984035177 -0.0053611842893631053 0.0054481651455610802 0.003896489159141391 -0.0029800953477295659 -0.0013929738407777548 -3.8715116999870497e-05 -0.0025137826397795939
leaf_weight=181.5617101341486 22.217759013175964 13.505205586552622 10.588751569390299 12.090654388070105 124.34480139613152 10.725057825446127 28.215225450694561
leaf_count=745 114 50 42 57 522 42 132
internal_value=-0.000541609 -0.00010175 -0.00252749 0.000229436 -0.000348934 0.00301762 -0.00376807
internal_weight=403.249 330.137 73.1124 22.6794 305.907 24.2303 50.433
internal_count=1704 1359 345 99 1267 92 246
is_linear=0
shrinkage=0.00684666


Tree=225
num_leaves=8
num_cat=0
split_feature=12 7 8 8 4 11 9
split_gain=4.42497 5.7929 5.04129 8.64247 7.70875 4.43036 2.80956
threshold=0.21530686497781709 0.28328722933143241 0.071124974213128508 0.58604625066338423 1.587176451448326 1.0000000180025095e-35 0.43791124164290823
decision_type=2 2 2 2 2 2 2
left_child=2 5 4 -4 -1 -2 -3
right_child=1 6 3 -5 -6 -7 -8
leaf_value=0.00049222590536151622 -0.00047951002859386945 0.0029557630884939757 0.0077691499157156096 0.0010857081881048909 -0.0050422039327996816 -0.0035162415627322859 -0.0019691021369892051
leaf_weight=134.66223621368408 66.850333973765373 28.313910886645317 14.742185324430464 68.904687494039536 17.898629486560822 55.031604036688805 9.7731806933879835
leaf_count=550 298 117 75 280 85 259 40
internal_value=1.06829e-05 -0.00100731 0.000700138 0.00226404 -0.000157301 -0.00185063 0.00169048
internal_weight=396.177 159.969 236.208 83.6469 152.561 121.882 38.0871
internal_count=1704 714 990 355 635 557 157
is_linear=0
shrinkage=0.00792753


Tree=226
num_leaves=8
num_cat=0
split_feature=6 6 6 18 12 9 8
split_gain=6.3379 5.69294 5.94603 5.26896 6.85703 2.4031 1.67942
threshold=1.1396076357034957 1.2572398040110684 2.8412625412490131 1.9201663039765535 0.21530686497781709 0.43791124164290823 1.0000000180025095e-35
decision_type=2 2 2 2 2 2 2
left_child=3 6 -3 4 -1 -5 -2
right_child=1 2 -4 5 -6 -7 -8
leaf_value=0.00088555343578079293 -0.005085475321476113 0.0040270002285549972 -0.0028902208127259722 -0.0015561694528520237 -0.0011853841364709021 -0.0056758464146140046 -0.0025978273678714239
leaf_weight=178.96051535010338 21.751864612102509 10.722388193011286 11.843957491219042 18.319077499210838 121.96179331466556 9.8709862381219846 28.348581820726395
leaf_count=729 114 42 57 85 501 44 132
internal_value=-0.000612205 -0.00241238 0.000395196 -0.000214673 4.61794e-05 -0.00299817 -0.00367776
internal_weight=401.779 72.6668 22.5663 329.112 300.922 28.1901 50.1004
internal_count=1704 345 99 1359 1230 129 246
is_linear=0
shrinkage=0.00673594


Tree=227
num_leaves=8
num_cat=0
split_feature=6 18 10 6 6 3 18
split_gain=3.80352 5.65804 4.71571 4.03255 4.62333 2.56683 2.14383
threshold=1.1396076357034957 1.9201663039765535 2.6635391190623485 1.2572398040110684 2.8412625412490131 -0.3274836635606993 1.9201663039765535
decision_type=2 2 2 2 2 2 2
left_child=1 2 -1 6 -5 -3 -2
right_child=3 5 -4 4 -6 -7 -8
leaf_value=0.00086751695826691529 -0.004243188902524753 -0.0059425169867208406 -0.0051276828034797963 0.0051344257974714029 -0.0026966179185170473 -0.00072696152943851824 0.00056713535796647945
leaf_weight=288.49817251414061 37.645469017326832 14.221123971045019 10.026715025305746 10.782005801796915 11.518674977123736 13.688903532922266 8.364107593894003
leaf_count=1187 207 70 43 42 57 59 39
internal_value=-6.66987e-05 0.000319584 0.000665919 -0.00191247 0.00108823 -0.00338313 -0.00336774
internal_weight=394.745 326.435 298.525 68.3103 22.3007 27.91 46.0096
internal_count=1704 1359 1230 345 99 129 246
is_linear=0
shrinkage=0.00860309


Tree=228
num_leaves=7
num_cat=0
split_feature=13 13 4 16 17 11
split_gain=4.01474 8.85055 6.58696 5.11303 3.98762 3.69965
threshold=0.27467550899125442 -0.48932710796035989 0.39071553652505897 1.3026968228741045 -0.3493597319842025 -0.32014354348622648
decision_type=2 2 2 2 2 2
left_child=1 2 -1 4 -2 -3
right_child=3 5 -4 -5 -6 -7
leaf_value=0.0011407718577307814 0.0012119679262746473 0.0077550564629388389 -0.0020084725696122322 -0.0058425025165060439 -0.0018703943357215715 0.002249569482916638
leaf_weight=128.8589691221714 52.734931208193302 15.285857357084749 81.043070487678051 15.754621073603628 77.832272037863731 22.70486456155777
leaf_count=524 214 62 380 74 350 100
internal_value=-5.04709e-05 0.000620616 -7.51286e-05 -0.0011874 -0.000625416 0.00446407
internal_weight=394.215 247.893 209.902 146.322 130.567 37.9907
internal_count=1704 1066 904 638 564 162
is_linear=0
shrinkage=0.00865608


Tree=229
num_leaves=8
num_cat=0
split_feature=17 8 17 17 14 9 11
split_gain=3.99591 7.26472 6.86178 9.41007 5.76657 3.86998 2.68588
threshold=-0.092591317284196881 1.0833278384934255 1.0000000180025095e-35 0.87888776607447461 -0.56743621049686044 -0.4101458874888616 -0.020892383657170475
decision_type=2 2 2 2 2 2 2
left_child=1 4 5 -4 -1 -2 -3
right_child=2 6 3 -5 -6 -7 -8
leaf_value=-0.0017029853856836647 -0.0064535678769262429 0.0020647285854019726 0.0041244737034929445 -0.0010295978663783418 0.001765191115197105 -0.0017789424612724364 0.007903592607441003
leaf_weight=65.519792631268501 16.719181284308434 10.669973686337473 38.997233122587204 92.000756487250328 85.384216949343681 75.417407274246216 14.153178177773951
leaf_count=277 85 43 167 401 348 327 56
internal_value=-7.33879e-06 0.000984553 -0.000788524 0.000504766 0.00025936 -0.00262738 0.00539169
internal_weight=398.862 175.727 223.135 130.998 150.904 92.1366 24.8232
internal_count=1704 724 980 568 625 412 99
is_linear=0
shrinkage=0.008795


Tree=230
num_leaves=6
num_cat=0
split_feature=9 9 11 16 11
split_gain=5.16924 7.70073 6.43273 5.24519 4.38785
threshold=-0.37434629753242205 -0.033242108751767543 1.5886263669525176 0.2920416790593886 1.4061979518008973
decision_type=2 2 2 2 2
left_child=2 -2 3 -1 -3
right_child=1 4 -4 -5 -6
leaf_value=-0.002061467452220459 0.0070046969307619878 0.00095870910589764154 0.0042879989865439476 0.00096133498147585707 -0.0026756357099166515
leaf_weight=140.28800000995398 12.138350382447241 164.73151205480099 13.944633319973944 48.478080734610558 23.858359731733799
leaf_count=616 63 675 54 198 98
internal_value=-8.82979e-06 0.000892468 -0.000901335 -0.00128503 0.000498767
internal_weight=403.439 200.728 202.711 188.766 188.59
internal_count=1704 836 868 814 773
is_linear=0
shrinkage=0.0079239


Tree=231
num_leaves=8
num_cat=0
split_feature=6 18 10 6 6 9 8
split_gain=3.38405 6.05113 4.66509 3.77229 4.02491 2.43962 2.01076
threshold=1.1396076357034957 1.9201663039765535 2.6635391190623485 1.2572398040110684 2.8412625412490131 0.43791124164290823 1.0000000180025095e-35
decision_type=2 2 2 2 2 2 2
left_child=1 2 -1 6 -5 -3 -2
right_child=3 5 -4 4 -6 -7 -8
leaf_value=0.0010024412331317821 -0.0060098263563564593 -0.0018904409007496003 -0.0057739326338452045 0.0056267390279223853 -0.0027510238581407312 -0.007964996751764649 -0.0018555370632313026
leaf_weight=290.65924965962768 19.522837482392788 18.378538601100448 10.022094011306761 10.586072303354742 11.319179505109785 9.6061500608921033 25.883784338831902
leaf_count=1187 114 85 43 42 57 44 132
internal_value=-3.73724e-05 0.0003716 0.000776301 -0.0020341 0.00129608 -0.00397474 -0.0036416
internal_weight=395.978 328.666 300.681 67.3119 21.9053 27.9847 45.4066
internal_count=1704 1359 1230 345 99 129 246
is_linear=0
shrinkage=0.00977624


Tree=232
num_leaves=8
num_cat=0
split_feature=14 14 18 17 16 16 11
split_gain=1.59734 4.79883 3.97279 2.48223 7.04518 3.0687 2.09578
threshold=-0.56743621049686044 0.27397806272271569 1.9201663039765535 1.2020080682688457 0.0926962413762311 0.85661559594523073 0.063118736170301684
decision_type=2 2 2 2 2 2 2
left_child=3 6 -3 5 -5 -1 -2
right_child=1 2 -4 4 -6 -7 -8
leaf_value=-0.0062679908737965674 0.020370815219593847 0.003823655575817677 -0.061868062451004194 -0.043955314749619799 0.080130476202061721 -0.048236978406930919 0.078566142138233236
leaf_weight=128.17006598412991 18.917707361280918 142.15266711637378 13.788959771394728 11.176061853766443 14.153916262090204 29.238831967115402 15.281383469700812
leaf_count=595 93 623 69 51 59 140 74
internal_value=-0.000791926 0.00671026 -0.0019877 -0.00859831 0.0253597 -0.0140655 0.0463658
internal_weight=372.88 190.141 155.942 182.739 25.33 157.409 34.1991
internal_count=1704 859 692 845 110 735 167
is_linear=0
shrinkage=0.116931


Tree=233
num_leaves=8
num_cat=0
split_feature=12 12 12 12 9 7 5
split_gain=6.47467 6.55624 6.07882 11.7321 5.26962 2.40953 2.33229
threshold=0.21530686497781709 -0.6009865144664357 0.36317241704170095 1.2108347199626288 -0.28927029204460036 1.2366221534559902 1.0000000180025095e-35
decision_type=2 2 2 2 2 2 2
left_child=1 4 5 -4 -1 -2 -3
right_child=2 6 3 -5 -6 -7 -8
leaf_value=-0.0010825790884936301 -0.003181453616556106 0.0019907077252536332 0.0044094102575752171 -0.0015806004257568171 0.0013538417219739825 -0.00019223514820614356 0.0053736763741058374
leaf_weight=91.57949760556221 64.362289473414421 29.16625702381134 26.396835304796696 55.865668430924416 103.97170247882605 19.191125869750977 18.10521873831749
leaf_count=384 301 120 102 238 412 73 74
internal_value=4.07574e-05 0.000811191 -0.00108743 0.000341553 0.000212836 -0.00249453 0.00328608
internal_weight=408.639 242.823 165.816 82.2625 195.551 83.5534 47.2715
internal_count=1704 990 714 340 796 374 194
is_linear=0
shrinkage=0.007407


Tree=234
num_leaves=5
num_cat=0
split_feature=5 17 17 5
split_gain=1.66449 3.19538 5.35646 3.30044
threshold=2.0529032057945504 1.9004617301751012 1.0358976195627376 -0.22001763072248443
decision_type=2 2 2 2
left_child=1 2 -1 -3
right_child=-2 3 -4 -5
leaf_value=-0.0018213767293592249 0.030886689786650819 0.0061562023469128356 0.050429432412984268 -0.059031590163544985
leaf_weight=316.82888629287481 12.919738121330736 10.456283912062647 16.29287675768137 14.82074812799692
leaf_count=1466 52 46 66 74
internal_value=-0.00044675 -0.00157726 0.000735448 -0.0320471
internal_weight=371.319 358.399 333.122 25.277
internal_count=1704 1652 1532 120
is_linear=0
shrinkage=0.0889258


Tree=235
num_leaves=7
num_cat=0
split_feature=13 1 17 13 16 14
split_gain=1.58364 2.91268 3.09776 2.65012 6.5051 2.68106
threshold=1.2018002931059879 1.3380766833452398 -0.27705425476710704 0.32108701708228354 -0.048188767942684452 0.43202126647949629
decision_type=2 2 2 2 2 2
left_child=3 2 -2 5 -5 -1
right_child=1 -3 -4 4 -6 -7
leaf_value=-0.0057434673648881869 -0.0016239500934093847 0.038131296469654394 -0.070347105305981747 0.11785254378873822 -0.019182018250881006 0.021123303560301104
leaf_weight=244.07769940793514 17.624778389930722 8.9154690280556661 17.671100489795212 8.7257028222084063 9.9761931747198087 62.890932276844978
leaf_count=1139 76 38 91 44 43 273
internal_value=-0.000452232 -0.0210563 -0.0360278 0.00234524 0.0447333 -0.000238261
internal_weight=369.882 44.2113 35.2959 325.671 18.7019 306.969
internal_count=1704 205 167 1499 87 1412
is_linear=0
shrinkage=0.116047


Tree=236
num_leaves=8
num_cat=0
split_feature=6 18 12 6 6 4 18
split_gain=5.51908 5.00135 6.19424 4.99643 5.54566 2.64593 2.62104
threshold=1.1396076357034957 1.9201663039765535 0.21530686497781709 1.2572398040110684 2.8412625412490131 0.39071553652505897 1.9201663039765535
decision_type=2 2 2 2 2 2 2
left_child=1 2 -1 6 -5 -3 -2
right_child=3 5 -4 4 -6 -7 -8
leaf_value=0.0014238151813392079 -0.0039617991713399581 -0.00095703834230098455 -0.00063891831087766718 0.0044776064871437943 -0.0025215124065205157 -0.0055665132581401901 0.00043615957908016423
leaf_weight=187.2965355142951 39.363374203443527 18.503996849060062 124.56795144081116 11.25758269429207 11.995035596191881 9.7609881311655027 8.4414362758398038
leaf_count=729 207 77 501 42 57 52 39
internal_value=-4.14885e-05 0.000338127 0.00059986 -0.00185841 0.000865868 -0.00254833 -0.00318431
internal_weight=411.187 340.129 311.864 71.0574 23.2526 28.265 47.8048
internal_count=1704 1359 1230 345 99 129 246
is_linear=0
shrinkage=0.00716925


Tree=237
num_leaves=6
num_cat=0
split_feature=8 8 17 8 2
split_gain=1.54501 8.79436 9.73755 4.03392 3.95163
threshold=0.071124974213128508 0.75905031165006764 0.39909803165934116 1.0000000180025095e-35 -0.12136794886737144
decision_type=2 2 2 2 2
left_child=3 -2 -3 4 -1
right_child=1 2 -4 -5 -6
leaf_value=0.022581101241263456 0.078947568190899348 0.016224887226656666 -0.07936843826663624 -0.028553051908561167 -0.012378502356640239
leaf_weight=87.449902020394802 22.01600020378828 66.568384259939194 19.667804636061192 75.80820894241333 97.48231703042984
leaf_count=376 125 290 96 363 454
internal_value=-0.00037773 0.0116134 -0.00558061 -0.00535665 0.00415226
internal_weight=368.993 108.252 86.2362 260.74 184.932
internal_count=1704 511 386 1193 830
is_linear=0
shrinkage=0.119417


Tree=238
num_leaves=7
num_cat=0
split_feature=8 11 8 8 8 4
split_gain=2.43192 7.25409 4.02864 3.81109 8.67783 5.7192
threshold=1.0833278384934255 0.4649798366632949 1.9675866633985912 0.97627369419491428 0.071124974213128508 0.39071553652505897
decision_type=2 2 2 2 2 2
left_child=3 2 -2 4 -1 -5
right_child=1 -3 -4 5 -6 -7
leaf_value=-0.00065797014399394211 0.0076007263651169605 0.014886204483016884 -0.0034827603806801485 -0.0095955023421169655 0.0087509267657495879 0.0012333095397434274
leaf_weight=267.57521734386683 10.678357467055319 9.3393147066235525 22.985737539827824 23.605831280350685 23.750552460551262 20.082547694444656
leaf_count=1193 46 39 98 104 136 88
internal_value=-7.81466e-05 0.00326201 3.52195e-05 -0.000507015 0.000109325 -0.00461639
internal_weight=378.018 43.0034 33.6641 335.014 291.326 43.6884
internal_count=1704 183 144 1521 1329 192
is_linear=0
shrinkage=0.0149237


Tree=239
num_leaves=8
num_cat=0
split_feature=12 12 12 12 8 8 8
split_gain=4.57212 5.32409 4.29187 8.13361 4.25162 2.35652 2.06585
threshold=0.21530686497781709 -0.6009865144664357 0.36317241704170095 1.2108347199626288 0.071124974213128508 -0.73821396468422373 1.0000000180025095e-35
decision_type=2 2 2 2 2 2 2
left_child=1 4 6 -4 -1 -3 -2
right_child=2 5 3 -5 -6 -7 -8
leaf_value=-0.0015177785830741818 -0.0017132621470433368 0.00015752063341558571 0.0044812443921332006 -0.0023172328278477151 0.0015169347903259134 0.004952642688434805 -0.0048149380630360212
leaf_weight=124.08610065281391 37.181156732141972 14.754596620798109 24.178583987057209 55.120733834803104 68.438156321644783 29.049922607839108 45.775693327188492
leaf_count=513 166 63 102 238 283 131 208
internal_value=-0.000606587 0.00026094 -0.00187016 -0.000244148 -0.000438883 0.00333644 -0.0034246
internal_weight=398.585 236.329 162.256 79.2993 192.524 43.8045 82.9569
internal_count=1704 990 714 340 796 194 374
is_linear=0
shrinkage=0.00977624


Tree=240
num_leaves=8
num_cat=0
split_feature=6 18 10 6 6 18 3
split_gain=3.76313 4.31646 4.81056 4.011 4.20854 2.38092 2.36057
threshold=1.1396076357034957 1.9201663039765535 2.6635391190623485 1.2572398040110684 2.8412625412490131 1.9201663039765535 -0.3274836635606993
decision_type=2 2 2 2 2 2 2
left_child=1 2 -1 5 -5 -2 -3
right_child=3 6 -4 4 -6 -7 -8
leaf_value=0.00083290041212140636 -0.0044142102031119908 -0.0056215641273118979 -0.005386275841987722 0.0051279566578157354 -0.0025998319622098742 0.00082875158068982735 -0.00041977991193127302
leaf_weight=288.9929267168045 37.591405034065247 13.834023475646974 10.070105597376822 10.646228566765787 11.441960163414477 8.2682435140013677 13.49534138292074
leaf_count=1187 207 70 43 42 57 39 59
internal_value=-7.924e-05 0.000315405 0.000623246 -0.00197478 0.00112338 -0.00346788 -0.00305166
internal_weight=394.34 326.392 299.063 67.9478 22.0882 45.8596 27.3294
internal_count=1704 1359 1230 345 99 246 129
is_linear=0
shrinkage=0.00885478


Tree=241
num_leaves=7
num_cat=0
split_feature=8 11 8 8 8 13
split_gain=1.63711 5.28795 3.95459 2.91608 7.3186 2.03942
threshold=1.0833278384934255 0.35318475054845716 1.9675866633985912 0.97627369419491428 0.071124974213128508 0.27467550899125442
decision_type=2 2 2 2 2 2
left_child=3 2 -2 4 -1 -5
right_child=1 -3 -4 5 -6 -7
leaf_value=-0.0038268126355949909 0.050775091412537811 0.083820269373604886 -0.023386814563637365 -0.046040311466665235 0.054156897424809954 -0.0032309100440165326
leaf_weight=261.26795516163111 9.8796602338552457 9.0410909503698331 22.379364423453808 23.348493404686451 22.564069624990225 19.474025167524815
leaf_count=1193 45 40 98 107 136 85
internal_value=-0.000483979 0.0178431 -0.000656393 -0.00280179 0.000784184 -0.026567
internal_weight=367.955 41.3001 32.259 326.655 283.832 42.8225
internal_count=1704 183 143 1521 1329 192
is_linear=0
shrinkage=0.097722


Tree=242
num_leaves=8
num_cat=0
split_feature=6 18 10 6 6 3 8
split_gain=4.1387 4.67856 5.0031 3.55692 3.94134 2.66018 2.2674
threshold=1.1396076357034957 1.9201663039765535 2.6635391190623485 1.2572398040110684 2.8412625412490131 -0.3274836635606993 1.0000000180025095e-35
decision_type=2 2 2 2 2 2 2
left_child=1 2 -1 6 -5 -3 -2
right_child=3 5 -4 4 -6 -7 -8
leaf_value=0.0008862448528990757 -0.0054523191879133443 -0.0055967142500903478 -0.005193748818263259 0.0046574512689840364 -0.0026030506226589166 -0.00031524575650219988 -0.0016346005979676716
leaf_weight=283.42350785434246 19.83173468708992 13.878187857568266 10.070679768919943 10.352437786757948 11.173027902841566 13.558893911540506 25.709121540188789
leaf_count=1187 114 70 43 42 57 59 132
internal_value=-3.65177e-05 0.000364101 0.000677381 -0.00195341 0.000887425 -0.00298551 -0.00329703
internal_weight=387.998 320.931 293.494 67.0663 21.5255 27.4371 45.5409
internal_count=1704 1359 1230 345 99 129 246
is_linear=0
shrinkage=0.00848584


Tree=243
num_leaves=8
num_cat=0
split_feature=6 13 9 8 11 15 7
split_gain=3.42057 3.53278 4.6348 3.3911 5.4469 4.02125 2.61993
threshold=1.1396076357034957 0.27467550899125442 1.2174879513384689 0.1127546393568349 -0.63921528034091024 -0.23814514068022744 0.14525940587580199
decision_type=2 2 2 2 2 2 2
left_child=1 2 -1 4 -2 -5 -3
right_child=3 6 -4 5 -6 -7 -8
leaf_value=0.0017208410065277077 -0.0064159324408729996 0.00044466879216166282 -0.0019192468512138272 0.0056337114083376359 -0.00034266600651182042 -0.0028754062899303471 -0.0022326878825015576
leaf_weight=166.84010115638375 22.34550379216671 61.076902136206627 34.55912771075964 9.2326664254069346 26.322086773812771 8.9235590547323209 58.649063624441624
leaf_count=714 130 250 142 39 132 44 253
internal_value=-2.33987e-05 0.000364205 0.00109602 -0.00188588 -0.00313114 0.00144957 -0.000866713
internal_weight=387.949 321.125 201.399 66.8238 48.6676 18.1562 119.726
internal_count=1704 1359 856 345 262 83 503
is_linear=0
shrinkage=0.00904954


Tree=244
num_leaves=5
num_cat=0
split_feature=2 13 13 7
split_gain=1.63836 1.90214 3.36261 3.33931
threshold=2.2601347812385639 0.27467550899125442 -0.48932710796035989 1.7962110809561704
decision_type=2 2 2 2
left_child=1 2 -1 -3
right_child=-2 3 -4 -5
leaf_value=0.0013358338440215868 -0.037461396038858279 -0.011855685121524098 0.034165114289851278 0.047679380881606351
leaf_weight=188.86262799054384 10.029089525341986 126.33595464378595 31.647315569221973 8.7364692762494069
leaf_count=871 50 594 157 32
internal_value=-0.000336284 0.000711697 0.0060485 -0.00800009
internal_weight=365.611 355.582 220.51 135.072
internal_count=1704 1654 1028 626
is_linear=0
shrinkage=0.0932324


Tree=245
num_leaves=6
num_cat=0
split_feature=9 9 11 3 0
split_gain=3.88904 6.23424 5.60269 4.14065 4.10967
threshold=-0.37434629753242205 -0.033242108751767543 1.5886263669525176 0.14712917384419452 1.3432075644370391
decision_type=2 2 2 2 2
left_child=2 -2 4 -3 -1
right_child=1 3 -4 -5 -6
leaf_value=-0.0007929757988495641 0.0067206478300540148 -0.00034556744943386813 0.0041917492549144522 0.0024639992929044426 -0.0044470067982157217
leaf_weight=162.60943103581667 11.242603771388529 138.21916134655476 13.801043316721914 48.460223689675331 24.1752550303936
leaf_count=707 63 570 54 203 107
internal_value=-7.85178e-05 0.000744097 -0.000890231 0.00038385 -0.00126607
internal_weight=398.508 197.922 200.586 186.679 186.785
internal_count=1704 836 868 773 814
is_linear=0
shrinkage=0.00827221


Tree=246
num_leaves=8
num_cat=0
split_feature=6 12 18 6 6 7 8
split_gain=5.79865 5.17814 7.81022 4.86482 5.80292 4.22142 1.95633
threshold=1.1396076357034957 0.21530686497781709 1.9201663039765535 1.2572398040110684 2.8412625412490131 0.28328722933143241 1.0000000180025095e-35
decision_type=2 2 2 2 2 2 2
left_child=1 2 -1 6 -5 -3 -2
right_child=3 5 -4 4 -6 -7 -8
leaf_value=0.00086699660494067273 -0.0046499917018711463 -0.0017086914259399997 -0.0036575715635265424 0.0036520243042034613 -0.0027050146422064945 0.00091245313801026362 -0.0021274711966266296
leaf_weight=182.72366478294134 21.755850836634636 105.3707492724061 16.528639420866966 10.753736130893232 12.135148636996744 31.798844702541828 27.903531737625599
leaf_count=729 114 435 71 42 57 124 132
internal_value=-0.000506577 -0.000157815 0.000491397 -0.00212361 0.000280698 -0.00110083 -0.0032325
internal_weight=408.97 336.422 199.252 72.5483 22.8889 137.17 49.6594
internal_count=1704 1359 800 345 99 559 246
is_linear=0
shrinkage=0.00630725


Tree=247
num_leaves=7
num_cat=0
split_feature=6 6 9 9 9 9
split_gain=1.43801 1.75347 2.48195 1.33809 5.62135 4.30557
threshold=1.1396076357034957 1.2572398040110684 -0.37434629753242205 1.2174879513384689 0.47526706157457504 1.3487468139858649
decision_type=2 2 2 2 2 2
left_child=3 -2 -3 4 -1 -5
right_child=1 2 -4 5 -6 -7
leaf_value=0.0014080467795911649 -0.02652832776811867 -0.024623629970891167 0.047013164974987587 -0.040571520227217939 0.062936812057113878 0.017883649022552937
leaf_weight=235.30101565644145 41.819174218922853 10.314870946109297 9.701423227787016 27.125936031341553 16.433790672570467 25.107510842382908
leaf_count=1038 246 52 47 121 101 99
internal_value=-0.000526503 -0.0146716 0.0100849 0.00235119 0.00542706 -0.0124687
internal_weight=365.804 61.8355 20.0163 303.968 251.735 52.2334
internal_count=1704 345 99 1359 1139 220
is_linear=0
shrinkage=0.10177


Tree=248
num_leaves=3
num_cat=0
split_feature=13 13
split_gain=4.16966 1.55931
threshold=2.2942077553543627 1.3299738625432764
decision_type=2 2
left_child=1 -1
right_child=-2 -3
leaf_value=1.6768345632973743e-06 -0.069289606907697573 0.035988727580052206
leaf_weight=341.20292057096958 8.6301409751176816 12.571249064058064
leaf_count=1610 36 58
internal_value=-0.000400751 0.00128154
internal_weight=362.404 353.774
internal_count=1704 1668
is_linear=0
shrinkage=0.100427


Tree=249
num_leaves=4
num_cat=0
split_feature=16 16 16
split_gain=1.33358 2.41236 5.9099
threshold=1.7516191173496514 1.3026968228741045 0.2920416790593886
decision_type=2 2 2
left_child=1 2 -1
right_child=-2 -3 -4
leaf_value=-0.0032080012851861254 0.02145513887466893 -0.026216966366749403 0.043052203148761244
leaf_weight=280.81026218645275 23.062841452658176 31.965845834463835 26.403862200677395
leaf_count=1328 101 153 122
internal_value=-0.000295161 -0.00177484 0.000768878
internal_weight=362.243 339.18 307.214
internal_count=1704 1603 1450
is_linear=0
shrinkage=0.0935165


Tree=250
num_leaves=8
num_cat=0
split_feature=12 7 12 11 11 9 5
split_gain=4.30363 5.25895 5.15194 4.39481 4.26693 2.51981 2.23197
threshold=0.21530686497781709 0.28328722933143241 -0.6009865144664357 1.0000000180025095e-35 1.0000000180025095e-35 0.43791124164290823 1.0000000180025095e-35
decision_type=2 2 2 2 2 2 2
left_child=2 4 3 -1 -2 -3 -4
right_child=1 5 6 -5 -6 -7 -8
leaf_value=-0.0011454033377469172 -0.00043528759030120887 0.0027972429459213011 0.00175865071505898 0.001286544730721527 -0.0034394520267232664 -0.0018850206841568209 0.0054018957309646797
leaf_weight=88.742522329092026 66.777467794716358 28.522541575133801 28.208740442991257 100.55372839421034 54.44487451761961 9.772363215684889 17.137088045477867
leaf_count=382 298 117 120 414 259 40 74
internal_value=3.78362e-05 -0.000971596 0.000724114 0.000146445 -0.00178455 0.00160091 0.00313522
internal_weight=394.159 159.517 234.642 189.296 121.222 38.2949 45.3458
internal_count=1704 714 990 796 557 157 194
is_linear=0
shrinkage=0.00796583


Tree=251
num_leaves=6
num_cat=0
split_feature=9 9 11 16 14
split_gain=3.2546 6.78884 6.37779 5.10739 4.46547
threshold=-0.28927029204460036 1.0000000180025095e-35 1.8317119005315685 0.2920416790593886 -0.56743621049686044
decision_type=2 2 2 2 2
left_child=2 -2 3 -1 -3
right_child=1 4 -4 -5 -6
leaf_value=-0.0019497546099296319 0.0074230377812912396 -0.0010357455429862129 0.0055676289991007577 0.0011772962877237606 0.0015864608015679507
leaf_weight=140.33463310450315 10.00419896095991 84.730158649384975 10.411323249340056 49.153750270605087 97.200099226087332
leaf_count=630 62 363 41 205 403
internal_value=-4.31539e-05 0.000733425 -0.000788814 -0.00113846 0.000365209
internal_weight=391.834 191.934 199.9 189.488 181.93
internal_count=1704 828 876 835 766
is_linear=0
shrinkage=0.00835006


Tree=252
num_leaves=8
num_cat=0
split_feature=2 2 2 11 8 5 3
split_gain=4.26006 9.36405 14.1702 6.1926 5.01724 8.85581 5.04188
threshold=0.27674290852126476 0.33521787112802781 1.4448494690014926 1.4061979518008973 1.0000000180025095e-35 1.0000000180025095e-35 0.75381662675753891
decision_type=2 2 2 2 2 2 2
left_child=4 3 -3 -2 6 -6 -1
right_child=1 2 -4 -5 5 -7 -8
leaf_value=0.00092425467344370684 -0.001947222930068548 0.0054781571039951944 -0.0013305491660410616 -0.007942521896089634 0.0015202956850045501 -0.0030076948401999517 0.0048983044609645634
leaf_weight=106.87354484945536 72.783235661685467 26.512191824615002 56.281455881893635 11.795755729079245 53.095000006258488 48.969499468803406 22.842692755162716
leaf_count=419 330 116 240 56 225 227 91
internal_value=-5.24574e-05 -0.000986242 0.000849787 -0.00278369 0.000621838 -0.00065202 0.00162426
internal_weight=399.153 167.373 82.7936 84.579 231.781 102.064 129.716
internal_count=1704 742 356 386 962 452 510
is_linear=0
shrinkage=0.00768133


Tree=253
num_leaves=8
num_cat=0
split_feature=6 14 6 6 0 12 8
split_gain=4.67659 4.59897 4.11253 5.19173 3.5521 3.47525 2.39829
threshold=1.1396076357034957 1.431643500509548 1.2572398040110684 2.8412625412490131 -0.17445316902167238 0.21530686497781709 1.0000000180025095e-35
decision_type=2 2 2 2 2 2 2
left_child=1 5 6 -4 -3 -1 -2
right_child=2 4 3 -5 -6 -7 -8
leaf_value=0.00035724262049275371 -0.0065570503434756655 0.006958211967244588 0.0051394517118559359 -0.0036981389081869411 -0.00017528375994581318 -0.0016359294038138083 -0.0024466560977175222
leaf_weight=177.79828913882375 21.031296081840992 12.821789778769018 10.488071002066137 11.599148347973822 10.531844437122343 122.72952596843243 26.767215587198734
leaf_count=745 114 50 42 57 42 522 132
internal_value=-0.000615311 -0.000154065 -0.0027526 0.000496958 0.00373888 -0.000456715 -0.00425512
internal_weight=393.767 323.881 69.8857 22.0872 23.3536 300.528 47.7985
internal_count=1704 1359 345 99 92 1267 246
is_linear=0
shrinkage=0.00911142


Tree=254
num_leaves=8
num_cat=0
split_feature=6 6 6 14 0 1 8
split_gain=3.04445 3.16262 3.67469 2.97181 3.76133 3.0363 2.63181
threshold=1.1396076357034957 1.2572398040110684 2.8412625412490131 1.431643500509548 -0.17445316902167238 1.4627850869610992 1.0000000180025095e-35
decision_type=2 2 2 2 2 2 2
left_child=3 6 -3 5 -5 -1 -2
right_child=1 2 -4 4 -6 -7 -8
leaf_value=-0.00020914796708678665 -0.0062591599870567526 0.0054553861591272483 -0.0028351232133437846 0.0074218425408415032 -0.00067559879308479003 0.0035417987818747486 -0.0013686303822159889
leaf_weight=274.72100284323096 19.646542631089687 10.310212515294554 11.08893972635269 12.831605680286886 10.356964901089666 23.429779082536697 25.048620074987411
leaf_count=1177 114 42 57 50 42 90 132
internal_value=-4.81704e-05 -0.00200369 0.00115783 0.000354082 0.00380294 8.57254e-05 -0.00351827
internal_weight=387.434 66.0943 21.3992 321.339 23.1886 298.151 44.6952
internal_count=1704 345 99 1359 92 1267 246
is_linear=0
shrinkage=0.0100063


Tree=255
num_leaves=8
num_cat=0
split_feature=6 18 18 6 6 4 8
split_gain=3.90605 4.83431 4.52406 4.09816 4.66626 3.02022 2.54719
threshold=1.1396076357034957 1.9201663039765535 1.0000000180025095e-35 1.2572398040110684 2.8412625412490131 0.39071553652505897 1.0000000180025095e-35
decision_type=2 2 2 2 2 2 2
left_child=1 2 -1 6 -5 -3 -2
right_child=3 5 -4 4 -6 -7 -8
leaf_value=0.00038243814684069637 -0.0052460678420693761 -0.00089935613114171524 0.0043050567511112893 0.0048329243562442717 -0.0024889332436697307 -0.0064057850566406989 -0.0014509748636677281
leaf_weight=281.79609604924917 20.214506387710571 18.142951801419262 20.169787347316742 10.812658518552782 11.476428784430025 9.8244961574673635 25.762055464088917
leaf_count=1149 114 77 81 42 57 52 132
internal_value=-1.09635e-05 0.000349665 0.000644583 -0.00175375 0.00106172 -0.0028331 -0.00311947
internal_weight=398.199 329.933 301.966 68.2656 22.2891 27.9674 45.9766
internal_count=1704 1359 1230 345 99 129 246
is_linear=0
shrinkage=0.00800536


Tree=256
num_leaves=6
num_cat=0
split_feature=0 0 12 2 12
split_gain=1.4241 4.43028 3.34906 2.06145 1.96697
threshold=-0.1079333387789332 0.18054539434325634 0.53225630972752225 1.856444113777491 0.36317241704170095
decision_type=2 2 2 2 2
left_child=3 -2 -3 4 -1
right_child=1 2 -4 -5 -6
leaf_value=-0.0089014298310296121 0.084342314666184026 0.011043218054470916 -0.037285620250757587 -0.05752288358480101 0.016244490021723672
leaf_weight=177.62235102429986 8.5057245530188066 105.0563353523612 20.257725909352303 8.7397165745496732 46.515709310770035
leaf_count=832 50 475 89 44 214
internal_value=-0.000561423 0.00838854 0.00322792 -0.00570481 -0.00368203
internal_weight=366.698 133.82 125.314 232.878 224.138
internal_count=1704 614 564 1090 1046
is_linear=0
shrinkage=0.108879


Tree=257
num_leaves=8
num_cat=0
split_feature=17 8 17 17 12 9 11
split_gain=4.56153 6.32088 5.44346 10.3651 4.1042 3.59926 2.41229
threshold=-0.092591317284196881 1.0833278384934255 1.0000000180025095e-35 0.87888776607447461 0.21530686497781709 -0.4101458874888616 -0.020892383657170475
decision_type=2 2 2 2 2 2 2
left_child=1 4 5 -4 -1 -2 -3
right_child=2 6 3 -5 -6 -7 -8
leaf_value=0.001526400995850135 -0.0055176509276127911 0.0019574106834651045 0.0038057924691248524 -0.0010754437242626387 -0.0011118272176050624 -0.0014120261633678677 0.006972106404475078
leaf_weight=91.113562315702438 16.44963052123785 10.744140759110453 39.139019712805748 92.586636029183865 63.135379731655121 75.149127654731274 13.893575355410574
leaf_count=363 85 43 167 401 262 327 56
internal_value=9.76183e-05 0.00104401 -0.00066045 0.000374939 0.000446533 -0.0021495 0.00478342
internal_weight=402.211 178.887 223.324 131.726 154.249 91.5988 24.6377
internal_count=1704 724 980 568 625 412 99
is_linear=0
shrinkage=0.00795404


Tree=258
num_leaves=4
num_cat=0
split_feature=9 9 9
split_gain=1.35491 2.1353 2.11605
threshold=-0.28927029204460036 0.38540895668919289 1.0000000180025095e-35
decision_type=2 2 2
left_child=-1 2 -2
right_child=1 -3 -4
leaf_value=-0.0072397001202210778 0.085999851823165205 0.00072712561347366316 0.017196854324030925
leaf_weight=187.58833120390773 7.6659218966960898 145.36115040257573 25.789884984493256
leaf_count=876 62 655 111
internal_value=-0.000407263 0.00675995 0.0329659
internal_weight=366.405 178.817 33.4558
internal_count=1704 828 173
is_linear=0
shrinkage=0.115083


Tree=259
num_leaves=3
num_cat=0
split_feature=12 12
split_gain=1.32275 2.02914
threshold=1.0000000180025095e-35 -0.6009865144664357
decision_type=2 2
left_child=1 -1
right_child=-2 -3
leaf_value=0.0017032523903372692 -0.0088507154502619322 0.039918120256194088
leaf_weight=178.3851039595902 161.29861486330628 25.177777845412493
leaf_count=796 777 131
internal_value=-0.000324435 0.00643135
internal_weight=364.861 203.563
internal_count=1704 927
is_linear=0
shrinkage=0.126058


Tree=260
num_leaves=8
num_cat=0
split_feature=17 8 17 17 7 9 8
split_gain=3.87939 7.22237 6.26713 7.69885 4.49222 3.73737 2.35882
threshold=-0.092591317284196881 1.0833278384934255 1.0000000180025095e-35 0.87888776607447461 0.96762167504285923 -0.4101458874888616 1.9675866633985912
decision_type=2 2 2 2 2 2 2
left_child=1 4 5 -4 -1 -2 -3
right_child=2 6 3 -5 -6 -7 -8
leaf_value=-0.00051375917007618417 -0.0059789865854012348 0.0079687510062092671 0.0036477125601969682 -0.00083833772939766237 0.0029497149587376331 -0.001586830311577573 0.0028175094561594203
leaf_weight=115.97475706785917 16.46362866461277 11.146703220903875 37.788476280868053 90.537006102502346 33.672279708087444 74.82550423592329 13.908618822693823
leaf_count=496 85 46 167 401 129 327 53
internal_value=3.17922e-05 0.000960349 -0.000706858 0.000482703 0.000265729 -0.00237911 0.00510774
internal_weight=394.317 174.702 219.615 128.325 149.647 91.2891 25.0553
internal_count=1704 724 980 568 625 412 99
is_linear=0
shrinkage=0.00835006


Tree=261
num_leaves=8
num_cat=0
split_feature=17 17 17 8 14 9 11
split_gain=5.70918 9.01467 12.02 6.95023 4.71233 4.22246 2.73297
threshold=-0.092591317284196881 1.0000000180025095e-35 0.87888776607447461 1.0833278384934255 -0.56743621049686044 -0.4101458874888616 -0.020892383657170475
decision_type=2 2 2 2 2 2 2
left_child=3 5 -3 4 -1 -2 -5
right_child=1 2 -4 6 -6 -7 -8
leaf_value=-0.00080966469261019617 -0.0044607639916245615 0.0029505097099915322 -0.00075458566284527379 0.0013688525941412538 0.0011852206250713177 -0.0013605467485085659 0.0051121753788488863
leaf_weight=67.764536112546921 17.327471517026424 40.322523452341557 93.719558864831924 10.989547282457353 87.202086910605431 76.808513775467873 14.610350191593168
leaf_count=277 85 167 401 43 348 327 56
internal_value=1.14051e-05 -0.000585261 0.000360002 0.000765407 0.000312885 -0.0019313 0.00350386
internal_weight=408.745 228.178 134.042 180.567 154.967 94.136 25.5999
internal_count=1704 980 568 724 625 412 99
is_linear=0
shrinkage=0.00567565


Tree=262
num_leaves=5
num_cat=0
split_feature=7 7 7 5
split_gain=1.28802 1.98164 10.5874 2.03445
threshold=1.5283259106169955 0.14525940587580199 -0.71775246286551064 1.0000000180025095e-35
decision_type=2 2 2 2
left_child=1 2 -1 -3
right_child=-2 3 -4 -5
leaf_value=-0.0084667881454915002 0.025613154752426169 0.001970937394171323 0.060286519348538611 -0.02555601831660622
leaf_weight=150.08742735534906 25.142624415457249 72.654424443840981 39.662282235920429 77.979268111288548
leaf_count=693 106 330 190 385
internal_value=-0.000231199 -0.00214111 0.0059057 -0.0122779
internal_weight=365.526 340.383 189.75 150.634
internal_count=1704 1598 883 715
is_linear=0
shrinkage=0.118376


Tree=263
num_leaves=8
num_cat=0
split_feature=2 2 2 11 13 5 16
split_gain=3.0351 7.70805 13.0627 6.0622 4.3326 9.47997 2.26295
threshold=0.27674290852126476 0.33521787112802781 0.94849958921921784 1.4061979518008973 0.27467550899125442 -0.22001763072248443 0.95000938739815544
decision_type=2 2 2 2 2 2 2
left_child=4 3 -3 -2 5 -1 -6
right_child=1 2 -4 -5 6 -7 -8
leaf_value=0.0048714056480812801 -0.0019855377937697304 0.0076663061494706341 -0.0010173027873735655 -0.0090885452846658846 -0.00048215637637570569 -0.00010541733198288084 -0.005098834930950996
leaf_weight=47.733053833246231 71.565404869616032 18.543598555028439 62.504581660032272 11.508842952549456 75.442075237631798 93.625669755041599 9.906312480568884
leaf_count=199 330 89 267 56 315 402 46
internal_value=-8.28549e-05 -0.00102431 0.00096982 -0.00297 0.000598696 0.00157514 -0.00101832
internal_weight=390.83 164.122 81.0482 83.0742 226.707 141.359 85.3484
internal_count=1704 742 356 386 962 601 361
is_linear=0
shrinkage=0.00909041


Tree=264
num_leaves=4
num_cat=0
split_feature=5 4 4
split_gain=1.42517 1.54234 1.53243
threshold=2.0529032057945504 2.0458981335241511 1.587176451448326
decision_type=2 2 2
left_child=1 2 -1
right_child=-2 -3 -4
leaf_value=-0.00046253267065106694 0.039432901588646201 0.042219820214312524 -0.02806135072386956
leaf_weight=307.05931183323264 12.614489287137983 11.183661337941883 32.025491666048765
leaf_count=1440 52 50 162
internal_value=-0.000194099 -0.0016225 -0.00306996
internal_weight=362.883 350.268 339.085
internal_count=1704 1652 1602
is_linear=0
shrinkage=0.120095


Tree=265
num_leaves=8
num_cat=0
split_feature=4 4 4 4 9 2 14
split_gain=4.47844 9.15604 7.15582 9.52 7.86984 4.09656 2.92172
threshold=0.39071553652505897 -0.57000274287395813 0.47532287575075244 1.587176451448326 -0.4101458874888616 0.33521787112802781 -0.56743621049686044
decision_type=2 2 2 2 2 2 2
left_child=1 5 4 -4 -2 -1 -3
right_child=2 6 3 -5 -6 -7 -8
leaf_value=-0.00055503485427636746 -0.0068101608465277194 0.0012573293747549304 0.0041027915587167306 -0.0010496387508092248 -0.0013549150897541819 0.0016316167441722327 0.0048021656116852256
leaf_weight=163.88600949943066 13.500976383686064 17.051037460565567 22.334960594773293 48.323772944509983 67.78916297107935 46.972025156021118 23.616064719855785
leaf_count=667 71 67 104 214 295 187 99
internal_value=-5.54243e-05 0.000479192 -0.000940387 0.000579034 -0.00226128 -6.78106e-05 0.00331497
internal_weight=403.474 251.525 151.949 70.6587 81.2901 210.858 40.6671
internal_count=1704 1020 684 318 366 854 166
is_linear=0
shrinkage=0.00652913


Tree=266
num_leaves=8
num_cat=0
split_feature=12 17 13 12 12 6 11
split_gain=4.34431 4.38091 4.57966 3.50662 8.82051 3.20271 2.16009
threshold=0.21530686497781709 -0.092591317284196881 0.27467550899125442 0.36317241704170095 1.2108347199626288 0.64952849346565245 0.27744465643323141
decision_type=2 2 2 2 2 2 2
left_child=1 5 -3 6 -5 -1 -2
right_child=3 2 -4 4 -6 -7 -8
leaf_value=0.00086931654575558566 -0.00077112119147507271 0.00059862156220541018 -0.0021614597266236555 0.0034715053717099941 -0.0013498224384132873 0.0034568719512023446 -0.002975577130631226
leaf_weight=78.860168389976025 41.727004796266556 87.826062358915806 39.601620748639107 25.004960849881172 55.34723874181509 29.96897841244936 39.093007653951645
leaf_count=320 190 369 176 102 238 125 184
internal_value=6.90333e-06 0.000588891 -0.000259136 -0.000846172 0.000150615 0.00158192 -0.00183735
internal_weight=397.429 236.257 127.428 161.172 80.3522 108.829 80.82
internal_count=1704 990 545 714 340 445 374
is_linear=0
shrinkage=0.00673975


Tree=267
num_leaves=7
num_cat=0
split_feature=12 10 16 7 6 9
split_gain=4.09771 5.34683 5.80739 4.95043 4.75331 3.26121
threshold=0.21530686497781709 2.6635391190623485 1.0000000180025095e-35 0.28328722933143241 0.72398890507662805 0.43791124164290823
decision_type=2 2 2 2 2 2
left_child=1 2 -1 4 -2 -5
right_child=3 -3 -4 5 -6 -7
leaf_value=0.0020062710829090941 -0.00099142694652541892 -0.005136776620918655 -0.0004968125306346236 0.0027585543756241987 -0.0047622185012090503 -0.0024050883232420222
leaf_weight=119.8771193549037 95.542672596871853 9.404438450932501 104.9856036901474 28.378166317939758 25.58030790835619 9.9603772014379484
leaf_count=507 413 42 441 117 144 40
internal_value=-5.66382e-05 0.000597431 0.000837574 -0.00101755 -0.00178794 0.00141553
internal_weight=393.729 234.267 224.863 159.462 121.123 38.3385
internal_count=1704 990 948 714 557 157
is_linear=0
shrinkage=0.00777154


Tree=268
num_leaves=8
num_cat=0
split_feature=17 8 14 8 8 16 8
split_gain=3.1153 5.19381 3.73621 3.52902 9.28069 7.95973 1.76832
threshold=-0.092591317284196881 1.0833278384934255 -0.56743621049686044 0.75905031165006764 0.071124974213128508 0.028024129825623297 1.9675866633985912
decision_type=2 2 2 2 2 2 2
left_child=1 2 -1 4 -2 -5 -3
right_child=3 6 -4 5 -6 -7 -8
leaf_value=-0.0014074052688745453 -0.00073978190152961453 0.0081555778024177353 0.0016297079439706588 0.00055342757917560266 0.0080162716396868974 -0.0074572350664802228 0.002880453500643876
leaf_weight=65.044837400317192 158.510014526546 9.8688093200325984 82.951019171625376 24.275354892015457 11.682559207081793 20.645910903811455 13.56021862477064
leaf_count=277 713 46 348 104 65 98 53
internal_value=-2.217e-06 0.000951951 0.000294871 -0.00076263 -0.000138285 -0.00312774 0.00510115
internal_weight=386.539 171.425 147.996 215.114 170.193 44.9213 23.429
internal_count=1704 724 625 980 778 202 99
is_linear=0
shrinkage=0.00948871


Tree=269
num_leaves=8
num_cat=0
split_feature=4 8 16 4 17 2 11
split_gain=2.66924 5.61171 6.02093 4.94186 4.81399 4.28929 3.43849
threshold=0.39071553652505897 0.1724818743998339 0.0926962413762311 -0.57000274287395813 -0.31497718396665708 0.27674290852126476 1.5886263669525176
decision_type=2 2 2 2 2 2 2
left_child=3 5 -3 6 -5 -2 -1
right_child=1 2 -4 4 -6 -7 -8
leaf_value=-0.00030950972357018008 -0.00041702345235300269 0.0057529600665390881 -0.0023867650480780133 0.009590466644352905 0.0016656193205777095 -0.0044645110654851217 0.0053582695247509577
leaf_weight=191.15134210139513 58.0498136729002 21.473350457847118 16.212155647575855 11.039694763720034 26.455245621502399 49.225220590829849 11.529264122247694
leaf_count=810 255 102 77 50 116 250 44
internal_value=-1.68781e-05 -0.00109783 0.00224996 0.00063554 0.00399898 -0.00227426 1.31775e-05
internal_weight=385.136 144.961 37.6855 240.176 37.4949 107.275 202.681
internal_count=1704 684 179 1020 166 505 854
is_linear=0
shrinkage=0.0100881


Tree=270
num_leaves=4
num_cat=0
split_feature=10 10 13
split_gain=1.31689 5.10596 2.25671
threshold=2.6635391190623485 1.2618633059181228 2.1289322549980318
decision_type=2 2 2
left_child=1 2 -1
right_child=-2 -3 -4
leaf_value=0.00080594198023894081 -0.031000789954685592 0.076949879547383332 -0.039342827792909936
leaf_weight=329.08225147798657 13.730527639389036 8.8667640164494497 15.055396787822245
leaf_count=1530 65 42 67
internal_value=-0.000191749 0.0010073 -0.000951372
internal_weight=366.735 353.004 344.138
internal_count=1704 1639 1597
is_linear=0
shrinkage=0.101473


Tree=271
num_leaves=5
num_cat=0
split_feature=17 17 17 17
split_gain=1.35412 1.72372 4.3528 1.59877
threshold=-0.092591317284196881 1.0000000180025095e-35 0.39909803165934116 -0.24638608102384441
decision_type=2 2 2 2
left_child=3 -2 -3 -1
right_child=1 2 -4 -5
leaf_value=0.0045592923602047466 -0.018914056513644195 0.077443560128569205 -0.0039742892720381175 0.049274695543708662
leaf_weight=150.41230713203549 86.065004743635654 9.5903036519885045 107.85392998531461 11.550587490200995
leaf_count=671 412 59 509 53
internal_value=-0.000158122 -0.00645267 0.00267843 0.0077506
internal_weight=365.472 203.509 117.444 161.963
internal_count=1704 980 568 724
is_linear=0
shrinkage=0.11592


Tree=272
num_leaves=8
num_cat=0
split_feature=6 18 12 8 11 4 11
split_gain=4.50963 4.47854 4.90476 3.47185 4.34571 2.45034 1.83687
threshold=1.1396076357034957 1.9201663039765535 0.21530686497781709 0.1127546393568349 -0.63921528034091024 0.39071553652505897 0.27744465643323141
decision_type=2 2 2 2 2 2 2
left_child=1 2 -1 4 -2 -3 -5
right_child=3 5 -4 6 -6 -7 -8
leaf_value=0.0012415725257246797 -0.0070132237400230054 -0.0016632201870785384 -0.0012124727229298005 0.0036629784104244877 -0.0015052713604790766 -0.0074948149078642229 -0.0021832640368038315
leaf_weight=174.11848919093609 22.92929083108902 18.079183451831344 120.47240407019854 9.2668212503194827 27.570118606090546 9.6476187482476217 9.4906498268246633
leaf_count=729 130 77 501 39 132 52 44
internal_value=-0.000565385 -0.000100207 0.000237949 -0.00272996 -0.00400611 -0.00369172 0.000703051
internal_weight=391.575 322.318 294.591 69.2569 50.4994 27.7268 18.7575
internal_count=1704 1359 1230 345 262 129 83
is_linear=0
shrinkage=0.00935119


Tree=273
num_leaves=4
num_cat=0
split_feature=13 12 14
split_gain=2.64407 1.72586 1.57805
threshold=2.2942077553543627 1.9056679359992847 1.431643500509548
decision_type=2 2 2
left_child=1 2 -1
right_child=-2 -3 -4
leaf_value=0.00076716539015865624 -0.065076722376000595 -0.035803882658908735 0.031809182337069142
leaf_weight=314.38292173668742 8.5089997425675374 16.610077872872353 24.391859978437424
leaf_count=1488 36 73 107
internal_value=-0.00036291 0.00118814 0.00300312
internal_weight=363.894 355.385 338.775
internal_count=1704 1668 1595
is_linear=0
shrinkage=0.117611


Tree=274
num_leaves=7
num_cat=0
split_feature=12 10 16 7 6 9
split_gain=2.68992 5.20115 5.36985 5.13273 4.48309 3.6286
threshold=0.21530686497781709 2.6635391190623485 1.0000000180025095e-35 0.28328722933143241 0.72398890507662805 0.43791124164290823
decision_type=2 2 2 2 2 2
left_child=1 2 -1 4 -2 -5
right_child=3 -3 -4 5 -6 -7
leaf_value=0.0020900161741228278 -0.00097064104315479176 -0.005842296702682063 -0.00063899204107058325 0.0034696014058925306 -0.0051714177942305617 -0.0027006683152987192
leaf_weight=116.87194603309035 93.371851392090321 9.2714328840374929 102.90098750591278 27.751068390905857 24.285127982497215 9.7600554898381215
leaf_count=507 413 42 441 117 144 40
internal_value=-5.74797e-05 0.000542511 0.00081221 -0.00094314 -0.00183788 0.00186238
internal_weight=384.212 229.044 219.773 155.168 117.657 37.5111
internal_count=1704 990 948 714 557 157
is_linear=0
shrinkage=0.00871262


Tree=275
num_leaves=8
num_cat=0
split_feature=12 7 12 11 11 9 17
split_gain=4.72359 5.45137 5.42334 4.42039 3.95123 2.86158 2.09226
threshold=0.21530686497781709 0.28328722933143241 -0.6009865144664357 1.0000000180025095e-35 1.0000000180025095e-35 0.43791124164290823 -0.24638608102384441
decision_type=2 2 2 2 2 2 2
left_child=2 4 3 -1 -2 -3 -4
right_child=1 5 6 -5 -6 -7 -8
leaf_value=-0.00097200832513202027 -0.00045941853882659344 0.0025165872028227042 0.0042636364306300944 0.0011551714853420883 -0.0029767769605748605 -0.0018252394720976123 0.001278252182695158
leaf_weight=89.669664613902569 67.523970328271389 28.961128935217857 23.894645839929581 101.76969137787819 55.371092766523361 9.9290124624967557 21.981332279741764
leaf_count=382 298 117 102 414 259 40 92
internal_value=4.82456e-05 -0.000872199 0.000675771 0.000158809 -0.00159362 0.00140674 0.00283271
internal_weight=399.101 161.785 237.315 191.439 122.895 38.8901 45.876
internal_count=1704 714 990 796 557 157 194
is_linear=0
shrinkage=0.00698624


Tree=276
num_leaves=8
num_cat=0
split_feature=6 18 10 6 6 4 8
split_gain=4.86682 4.24607 5.22117 3.90576 4.14977 2.70188 2.30817
threshold=1.1396076357034957 1.9201663039765535 2.6635391190623485 1.2572398040110684 2.8412625412490131 0.39071553652505897 1.0000000180025095e-35
decision_type=2 2 2 2 2 2 2
left_child=1 2 -1 6 -5 -3 -2
right_child=3 5 -4 4 -6 -7 -8
leaf_value=0.00064356201473673871 -0.0039559050388893492 -0.00059462830494795202 -0.0037158970889649458 0.0033252410160886396 -0.0018655100241458291 -0.0045219549947483687 -0.0012706023569589509
leaf_weight=291.31235308200121 20.252782367169857 18.089488558471206 10.125057369470595 10.505627989768984 11.484485134482382 9.53116826713085 26.176512323319912
leaf_count=1187 114 77 43 42 57 52 132
internal_value=-9.90904e-06 0.00029152 0.000496963 -0.00145947 0.000613435 -0.0019495 -0.00244189
internal_weight=397.477 329.058 301.437 68.4194 21.9901 27.6207 46.4293
internal_count=1704 1359 1230 345 99 129 246
is_linear=0
shrinkage=0.00597437


Tree=277
num_leaves=6
num_cat=0
split_feature=9 9 11 16 1
split_gain=3.68738 8.02815 5.42662 4.51217 4.41672
threshold=-0.28927029204460036 1.0000000180025095e-35 1.8317119005315685 0.2920416790593886 1.3380766833452398
decision_type=2 2 2 2 2
left_child=2 -2 3 -1 -3
right_child=1 4 -4 -5 -6
leaf_value=-0.0018005487509773106 0.0071526061054322954 0.0007727230919975115 0.0046718060325853942 0.00092011047564681515 -0.0028110223286694604
leaf_weight=141.2409967854619 10.808363541960714 157.70048665627837 10.220289096236227 48.961458772420883 23.565565146505833
leaf_count=630 62 666 41 205 100
internal_value=-7.25063e-05 0.000692236 -0.000805417 -0.00110009 0.000306657
internal_weight=392.497 192.074 200.423 190.202 181.266
internal_count=1704 828 876 835 766
is_linear=0
shrinkage=0.00772444


Tree=278
num_leaves=5
num_cat=0
split_feature=13 6 1 2
split_gain=1.83693 1.71956 2.48058 2.37786
threshold=2.2942077553543627 1.1396076357034957 1.6060272627348982 0.27674290852126476
decision_type=2 2 2 2
left_child=1 2 -1 -3
right_child=-2 3 -4 -5
leaf_value=0.0019347125146254554 -0.061621187206309609 0.0043715911062642788 0.049743651944679321 -0.048132319368151433
leaf_weight=276.20540041849017 8.4306081198155862 33.967711478471756 20.569954112172127 27.579427435994148
leaf_count=1240 36 173 84 171
internal_value=-0.000384312 0.00105793 0.00524998 -0.0191518
internal_weight=366.753 358.322 296.775 61.5471
internal_count=1704 1668 1324 344
is_linear=0
shrinkage=0.132879


Tree=279
num_leaves=8
num_cat=0
split_feature=17 8 8 8 16 2 8
split_gain=3.10732 4.82191 4.09306 10.3488 7.36352 3.66262 1.9587
threshold=-0.092591317284196881 1.0833278384934255 0.75905031165006764 0.071124974213128508 0.028024129825623297 0.27674290852126476 1.9675866633985912
decision_type=2 2 2 2 2 2 2
left_child=1 5 3 -2 -4 -1 -3
right_child=2 6 4 -5 -6 -7 -8
leaf_value=0.0013111430549736199 -0.00077143491701365142 0.0076398559643324985 0.00013611504588045947 0.0077921795062630582 -0.0070976794970234267 -0.0015816600063343678 0.0023915165439255324
leaf_weight=93.190854594111443 159.99806135892868 9.8221263438463229 24.562982365489006 12.175492376089094 20.892722584307194 56.404812332242727 13.586544163525103
leaf_count=379 713 46 104 65 98 246 53
internal_value=-8.42374e-05 0.000812134 -0.000796839 -0.000165403 -0.0031882 0.000220375 0.00459252
internal_weight=390.634 173.004 217.629 172.174 45.4557 149.596 23.4087
internal_count=1704 724 980 778 202 625 99
is_linear=0
shrinkage=0.00896156


Tree=280
num_leaves=7
num_cat=0
split_feature=1 1 9 9 2 9
split_gain=1.41755 3.70412 2.30795 2.52221 1.82845 1.31861
threshold=1.3380766833452398 1.4627850869610992 -0.28927029204460036 1.2174879513384689 1.4448494690014926 1.0000000180025095e-35
decision_type=2 2 2 2 2 2
left_child=2 -2 4 -4 -1 -3
right_child=1 5 3 -5 -6 -7
leaf_value=-0.0015812800298603236 -0.050280154590321126 0.038645993973009447 0.026209179649697226 -0.009340348381443658 -0.039109887304905597 -0.022279756897029539
leaf_weight=125.2006831727922 30.920673742890358 17.02597048133612 104.39667169004679 51.639384768903255 27.38420195132494 9.6018190756440145
leaf_count=592 145 70 500 224 130 43
internal_value=-0.000346248 -0.0193045 0.00318916 0.0144423 -0.00831776 0.0166533
internal_weight=366.169 57.5485 308.621 156.036 152.585 26.6278
internal_count=1704 258 1446 724 722 113
is_linear=0
shrinkage=0.131597


Tree=281
num_leaves=2
num_cat=0
split_feature=9
split_gain=1.35856
threshold=2.1745000803147847
decision_type=2
left_child=-1
right_child=-2
leaf_value=-0.0017235093007862217 0.055866843048903672
leaf_weight=355.11774905398488 8.8921017423272115
leaf_count=1670 34
internal_value=-0.000314963
internal_weight=364.01
internal_count=1704
is_linear=0
shrinkage=0.145686


Tree=282
num_leaves=7
num_cat=0
split_feature=12 7 10 16 6 17
split_gain=4.05321 6.21392 5.47224 5.42806 4.10826 2.64249
threshold=0.21530686497781709 0.28328722933143241 2.6635391190623485 1.0000000180025095e-35 0.72398890507662805 -0.092591317284196881
decision_type=2 2 2 2 2 2
left_child=2 4 3 -1 -2 -3
right_child=1 5 -4 -5 -6 -7
leaf_value=0.0019787036187048929 -0.0010103709834044911 0.0036678653496285147 -0.0049454792405399274 -0.00035249054998204342 -0.0044032694771080922 -0.00024359349156891278
leaf_weight=120.71101706475019 96.031716465950012 19.540876537561417 9.3600159436464292 104.7438951805234 25.307830795645714 19.210818581283092
leaf_count=507 413 71 42 441 144 86
internal_value=3.56229e-05 -0.000883788 0.000662486 0.000895618 -0.00171816 0.00172796
internal_weight=394.906 160.091 234.815 225.455 121.34 38.7517
internal_count=1704 714 990 948 557 157
is_linear=0
shrinkage=0.00749398


Tree=283
num_leaves=8
num_cat=0
split_feature=6 8 11 8 5 8 11
split_gain=3.37611 3.4282 5.03347 3.18935 5.91387 3.78017 1.80304
threshold=1.1396076357034957 0.1127546393568349 -0.63921528034091024 1.0000000180025095e-35 1.0000000180025095e-35 -0.73821396468422373 0.27744465643323141
decision_type=2 2 2 2 2 2 2
left_child=3 2 -2 5 -5 -1 -3
right_child=1 6 -4 4 -6 -7 -8
leaf_value=0.00044949802070192064 -0.0061879235821852598 0.0041414637479021358 -0.00050278070768787649 0.00099641588314656484 -0.0024050457357264817 0.0036811357147112219 -0.0013516153250955685
leaf_weight=130.36028705537319 22.0338044911623 8.992593392729761 26.072215154767036 83.354910463094711 74.032661512494087 35.269294276833534 9.3096476420760137
leaf_count=518 130 39 132 361 338 142 44
internal_value=-8.04736e-05 -0.00187898 -0.00310668 0.00028931 -0.0006035 0.00113775 0.0013456
internal_weight=389.425 66.4083 48.106 323.017 157.388 165.63 18.3022
internal_count=1704 345 262 1359 699 660 83
is_linear=0
shrinkage=0.00875958


Tree=284
num_leaves=8
num_cat=0
split_feature=4 4 8 16 17 2 11
split_gain=3.77604 6.7604 5.44869 6.07132 4.87839 4.6911 3.94891
threshold=0.39071553652505897 -0.57000274287395813 0.1724818743998339 0.0926962413762311 -0.31497718396665708 0.27674290852126476 1.5886263669525176
decision_type=2 2 2 2 2 2 2
left_child=1 6 5 -4 -3 -2 -1
right_child=2 4 3 -5 -6 -7 -8
leaf_value=-0.00018392473864064257 -0.00035009562804822034 0.0083660575596312906 0.0044700346003441523 -0.0021036894041717618 0.0019614183374084657 -0.0038073014972002175 0.0047453544028952408
leaf_weight=194.03589226305485 58.494611039757729 11.526207536458967 22.479407049715519 16.765334643423557 27.5448032990098 49.628016844391823 11.774144291877745
leaf_count=810 255 50 102 77 116 250 44
internal_value=6.7542e-05 0.00069715 -0.000978619 0.00166075 0.00385081 -0.00193692 9.83301e-05
internal_weight=392.248 244.881 147.367 39.2447 39.071 108.123 205.81
internal_count=1704 1020 684 179 166 505 854
is_linear=0
shrinkage=0.00827221


Tree=285
num_leaves=7
num_cat=0
split_feature=14 4 4 8 8 8
split_gain=3.3876 5.22057 4.08071 5.68485 5.19259 3.59037
threshold=0.32078554167742135 0.57250429260579905 0.39071553652505897 0.97627369419491428 0.1724818743998339 0.23681794723551866
decision_type=2 2 2 2 2 2
left_child=2 5 3 -1 -4 -2
right_child=1 -3 4 -5 -6 -7
leaf_value=0.00085331422575981013 -0.00037030537125868935 0.0047059327528877048 -0.0020847871792665637 -0.0017148689620140702 0.00081184886999658345 0.003092681786905702
leaf_weight=143.80060403048992 54.687223136425018 13.477076090872286 87.168366186320782 45.813861675560474 34.943688355386257 15.469360761344431
leaf_count=597 223 57 412 195 154 66
internal_value=-4.58709e-05 0.00108884 -0.000350345 0.000232671 -0.00125567 0.000393653
internal_weight=395.36 83.6337 311.727 189.614 122.112 70.1566
internal_count=1704 346 1358 792 566 289
is_linear=0
shrinkage=0.00635038


Tree=286
num_leaves=7
num_cat=0
split_feature=13 13 4 16 7 0
split_gain=3.17021 6.96451 4.88832 3.87222 3.59524 1.81447
threshold=0.27467550899125442 -0.48932710796035989 0.39071553652505897 1.3026968228741045 1.3326400394592828 0.085346391801819979
decision_type=2 2 2 2 2 2
left_child=1 2 -1 4 -2 -3
right_child=3 5 -4 -5 -6 -7
leaf_value=0.0008548016982429168 -0.00090641713920452938 0.0047633809601355581 -0.0015483461862124863 -0.0045896793362151869 0.003839541606577279 0.0011713363256736133
leaf_weight=128.67009832710028 119.74813660979271 24.339519985020161 81.594009526073933 15.527262046933172 10.20004031062126 12.566870607435702
leaf_count=524 527 105 380 74 37 57
internal_value=-6.70839e-05 0.000462394 -7.77317e-05 -0.000966696 -0.000533567 0.00353913
internal_weight=392.646 247.17 210.264 145.475 129.948 36.9064
internal_count=1704 1066 904 638 564 162
is_linear=0
shrinkage=0.00768133


Tree=287
num_leaves=5
num_cat=0
split_feature=13 17 15 4
split_gain=1.43572 1.64864 3.31519 2.97996
threshold=2.2942077553543627 -0.092591317284196881 1.4513292118477945 0.47532287575075244
decision_type=2 2 2 2
left_child=1 2 -1 -3
right_child=-2 3 -4 -5
leaf_value=0.01627452323881147 -0.049311975047170636 -0.012580621728689767 -0.039529465580403281 0.027095233809685378
leaf_weight=139.33906754478812 8.3770086430013162 170.72889832034707 17.202778033912182 32.417647924274206
leaf_count=621 36 804 75 168
internal_value=-0.000259793 0.000883747 0.0101381 -0.00624729
internal_weight=368.065 359.688 156.542 203.147
internal_count=1704 1668 696 972
is_linear=0
shrinkage=0.119999


Tree=288
num_leaves=6
num_cat=0
split_feature=4 3 3 2 4
split_gain=1.83804 3.94552 6.53894 3.46516 2.29609
threshold=0.39071553652505897 2.0865937436195865 1.2019738642068785 0.08702032260612684 0.57250429260579905
decision_type=2 2 2 2 2
left_child=1 2 -1 -2 -5
right_child=3 -3 -4 4 -6
leaf_value=0.0062793699804409965 0.0082560362483219268 -0.071708996085637591 0.12056065608148628 -0.058352371563658439 -0.0060948729052114773
leaf_weight=207.10715611279011 71.778249181807041 11.555108971893786 10.138039261102675 37.731719970703125 28.557582244277
leaf_count=918 337 51 51 197 150
internal_value=-0.000241096 0.00740521 0.0116176 -0.0129124 -0.0358366
internal_weight=366.868 228.8 217.245 138.068 66.2893
internal_count=1704 1020 969 684 347
is_linear=0
shrinkage=0.139073


Tree=289
num_leaves=4
num_cat=0
split_feature=14 14 14
split_gain=1.29579 3.81257 1.85405
threshold=-0.56743621049686044 0.27397806272271569 0.32078554167742135
decision_type=2 2 2
left_child=-1 -2 -3
right_child=1 2 -4
leaf_value=-0.0098389654443173432 0.057590602405795221 -0.019050086143230137 0.015673506520519472
leaf_weight=177.8765012845397 33.087762910872698 75.784684807062149 77.527743831276894
leaf_count=845 167 346 346
internal_value=-0.000199456 0.00899883 -0.00148967
internal_weight=364.277 186.4 153.312
internal_count=1704 859 692
is_linear=0
shrinkage=0.15789


Tree=290
num_leaves=8
num_cat=0
split_feature=5 5 5 17 13 19 17
split_gain=3.07261 8.40684 10.0208 7.19272 5.51229 4.01861 3.22158
threshold=1.0000000180025095e-35 0.12780629567028304 0.9161486001452781 0.87888776607447461 1.2018002931059879 0.35684772738892151 -0.27705425476710704
decision_type=2 2 2 2 2 2 2
left_child=4 3 -3 -2 5 -1 -6
right_child=1 2 -4 -5 6 -7 -8
leaf_value=0.002189810335176256 -0.0013539534212853993 0.0047222259655651036 -0.00085499107034233204 -0.0069594947696620373 -0.00013542455298188485 -0.0005393931132516949 -0.0054808826924333349
leaf_weight=108.84266233071685 57.456567771732807 30.10881769657135 82.127929449081421 21.513464897871017 17.203699842095379 55.837893329560757 13.955470204353331
leaf_count=454 260 135 357 112 71 248 67
internal_value=-6.76223e-05 -0.000813511 0.000641235 -0.00288116 0.000660599 0.0012643 -0.00252875
internal_weight=387.047 191.207 112.237 78.97 195.84 164.681 31.1592
internal_count=1704 864 492 372 840 702 138
is_linear=0
shrinkage=0.00827221


Tree=291
num_leaves=7
num_cat=0
split_feature=12 10 7 7 16 9
split_gain=3.17521 5.81455 6.1377 4.6967 4.21414 2.92619
threshold=0.21530686497781709 2.6635391190623485 0.14525940587580199 0.28328722933143241 1.8770799877687276 0.43791124164290823
decision_type=2 2 2 2 2 2
left_child=1 2 -1 4 -2 -5
right_child=3 -3 -4 5 -6 -7
leaf_value=0.0019962860745107924 -0.0021087539711122901 -0.0054727662739224138 -0.00059011084560319361 0.0027399027824693868 0.003180971786551729 -0.0021873981358885106
leaf_weight=117.07388629764318 110.95202384144068 9.4606726467609388 106.65573541820049 28.315212905406952 9.96630911529064 9.8694328814744932
leaf_count=495 516 42 453 117 41 40
internal_value=-6.96526e-05 0.000509957 0.000763269 -0.000919169 -0.00167228 0.00146489
internal_weight=392.293 233.19 223.73 159.103 120.918 38.1846
internal_count=1704 990 948 714 557 157
is_linear=0
shrinkage=0.00780009


Tree=292
num_leaves=5
num_cat=0
split_feature=2 2 2 2
split_gain=1.32309 2.49061 5.7811 2.87791
threshold=2.2601347812385639 0.33521787112802781 0.94849958921921784 0.27674290852126476
decision_type=2 2 2 2
left_child=1 3 -3 -1
right_child=-2 2 -4 -5
leaf_value=0.0037328927215528078 -0.046307732097488064 0.091558482379880152 0.002147966520317028 -0.025023892451584605
leaf_weight=212.47259043157101 9.8419012427329999 15.54929533228278 48.429999984800816 77.317118495702744
leaf_count=962 50 89 217 386
internal_value=-0.000191701 0.00109234 0.0238826 -0.00393959
internal_weight=363.611 353.769 63.9793 289.79
internal_count=1704 1654 306 1348
is_linear=0
shrinkage=0.127644


Tree=293
num_leaves=7
num_cat=0
split_feature=12 10 16 7 16 9
split_gain=2.72136 4.62948 4.55157 4.34892 4.18953 2.71687
threshold=0.21530686497781709 2.6635391190623485 1.0000000180025095e-35 0.28328722933143241 1.8770799877687276 0.43791124164290823
decision_type=2 2 2 2 2 2
left_child=1 2 -1 4 -2 -5
right_child=3 -3 -4 5 -6 -7
leaf_value=0.0015879884028933168 -0.0029605465651184114 -0.0064355843546235478 -0.001116725136705579 0.0026827535049719691 0.003455764368749174 -0.0030349202189320326
leaf_weight=115.02891645208001 109.73517157137394 9.2565054967999441 103.19422447681427 27.979854822158813 9.6629215180873853 9.7908588126301748
leaf_count=507 516 42 441 117 41 40
internal_value=-0.000619598 3.41412e-05 0.000308929 -0.00156581 -0.0024407 0.00119891
internal_weight=384.648 227.48 218.223 157.169 119.398 37.7707
internal_count=1704 990 948 714 557 157
is_linear=0
shrinkage=0.00935119


Tree=294
num_leaves=7
num_cat=0
split_feature=12 10 7 7 6 9
split_gain=5.78027 5.44318 5.87092 5.2624 4.45133 4.0535
threshold=0.21530686497781709 2.6635391190623485 0.14525940587580199 0.28328722933143241 0.72398890507662805 0.43791124164290823
decision_type=2 2 2 2 2 2
left_child=1 2 -1 4 -2 -5
right_child=3 -3 -4 5 -6 -7
leaf_value=0.0013840756919229937 -0.0014355901264571629 -0.0046494294127532691 -0.00071923602504600102 0.001945889428468078 -0.0044341287118339146 -0.002837679412446063
leaf_weight=117.04303724318743 97.873070329427719 9.5390395075082761 108.70421235263348 28.310455419123173 26.765018999576569 10.222832590341566
leaf_count=495 413 42 453 117 144 40
internal_value=-0.000486242 0.000167427 0.000371237 -0.00142881 -0.00207962 0.00067549
internal_weight=398.458 235.286 225.747 163.171 124.638 38.5333
internal_count=1704 990 948 714 557 157
is_linear=0
shrinkage=0.0065175


Tree=295
num_leaves=8
num_cat=0
split_feature=13 13 1 2 17 9 2
split_gain=4.81306 7.71149 5.99311 4.50558 8.35461 3.74328 2.88272
threshold=0.27467550899125442 -0.48932710796035989 1.3380766833452398 0.33521787112802781 -0.31497718396665708 -0.37434629753242205 -0.12136794886737144
decision_type=2 2 2 2 2 2 2
left_child=1 2 -1 5 -5 -2 -3
right_child=3 6 -4 4 -6 -7 -8
leaf_value=0.00049559687220603705 -0.0024416747751132544 0.0050282408861697875 -0.0024675314316592854 0.0052744047651887916 -0.001751036084060243 -0.00029194066167425247 0.0016119787782340046
leaf_weight=182.53331459313631 60.530955143272877 16.359315693378448 29.990789644420147 11.797795660793783 13.897369369864462 61.793710112571716 21.647399432957172
leaf_count=773 275 72 131 49 64 250 90
internal_value=1.41847e-05 0.000533239 7.73465e-05 -0.00086429 0.00147381 -0.0013557 0.00308193
internal_weight=398.551 250.531 212.524 148.02 25.6952 122.325 38.0067
internal_count=1704 1066 904 638 113 525 162
is_linear=0
shrinkage=0.00614507


Tree=296
num_leaves=8
num_cat=0
split_feature=6 18 12 8 11 4 11
split_gain=5.18068 5.2152 5.72069 3.59378 5.03271 2.67794 1.39998
threshold=1.1396076357034957 1.9201663039765535 0.21530686497781709 0.1127546393568349 -0.63921528034091024 0.39071553652505897 0.27744465643323141
decision_type=2 2 2 2 2 2 2
left_child=1 2 -1 4 -2 -3 -5
right_child=3 5 -4 6 -6 -7 -8
leaf_value=0.0011715055089991928 -0.0042880383706157829 -0.00079163752054275764 -0.00045670121786268021 0.0023088036467426576 -0.00058161060921430605 -0.0045787178635089349 -0.00085602954737079681
leaf_weight=181.84044183790684 22.751985408365726 18.022091217339042 121.68651456385851 9.3073276132345217 27.112367808818817 9.6838251948356611 9.542519882321356
leaf_count=729 130 77 501 39 132 52 44
internal_value=-2.97734e-06 0.000298334 0.000518713 -0.00145529 -0.00227273 -0.00211484 0.000705392
internal_weight=399.947 331.233 303.527 68.7142 49.8644 27.7059 18.8498
internal_count=1704 1359 1230 345 262 129 83
is_linear=0
shrinkage=0.0058129


Tree=297
num_leaves=8
num_cat=0
split_feature=6 18 10 6 6 18 12
split_gain=4.07691 5.37134 4.10536 3.88652 4.21728 2.59152 2.35997
threshold=1.1396076357034957 1.9201663039765535 2.6635391190623485 1.2572398040110684 2.8412625412490131 1.9201663039765535 -0.19833131319077885
decision_type=2 2 2 2 2 2 2
left_child=1 2 -1 5 -5 -2 -3
right_child=3 6 -4 4 -6 -7 -8
leaf_value=0.00088383467550558843 -0.003572712900154042 -0.0046481772916518735 -0.0039294585234098105 0.0043087914343554572 -0.0021197450014405245 0.00098369259872868532 -0.00033890459709708462
leaf_weight=286.36584185808897 37.176424957811832 14.690721444785597 9.7479397058486921 10.544932857155802 11.196050554513929 8.0869473665952665 12.546011067926882
leaf_count=1187 207 67 43 42 57 39 62
internal_value=0.000100074 0.000439762 0.000725193 -0.00153893 0.000997033 -0.00275775 -0.00266196
internal_weight=390.355 323.351 296.114 67.0044 21.741 45.2634 27.2367
internal_count=1704 1359 1230 345 99 246 129
is_linear=0
shrinkage=0.00730183


Tree=298
num_leaves=4
num_cat=0
split_feature=6 6 6
split_gain=1.28942 1.28953 2.47376
threshold=1.1396076357034957 1.2572398040110684 2.8412625412490131
decision_type=2 2 2
left_child=-1 -2 -3
right_child=1 2 -4
leaf_value=0.0035132104180031448 -0.037833872734715432 0.071010521776150998 -0.041236835987310809
leaf_weight=303.86041943356395 41.237955406308174 9.3377533107996005 10.554768823087214
leaf_count=1359 246 42 57
internal_value=-0.000725453 -0.0217932 0.0114376
internal_weight=364.991 61.1305 19.8925
internal_count=1704 345 99
is_linear=0
shrinkage=0.159009


Tree=299
num_leaves=2
num_cat=0
split_feature=13
split_gain=1.29978
threshold=2.2942077553543627
decision_type=2
left_child=-1
right_child=-2
leaf_value=0.00070768704603093983 -0.050120224508997308
leaf_weight=354.8431388810277 8.3620341904461366
leaf_count=1668 36
internal_value=-0.000463644
internal_weight=363.205
internal_count=1704
is_linear=0
shrinkage=0.127575


Tree=300
num_leaves=8
num_cat=0
split_feature=4 4 8 16 8 17 13
split_gain=3.20043 6.95721 6.43811 6.04737 4.69654 4.42922 4.15276
threshold=0.39071553652505897 -0.57000274287395813 0.1724818743998339 0.0926962413762311 1.0000000180025095e-35 -0.31497718396665708 0.27467550899125442
decision_type=2 2 2 2 2 2 2
left_child=1 6 4 -4 -2 -3 -1
right_child=2 5 3 -5 -6 -7 -8
leaf_value=0.00076593556631750779 -0.00061947065802329645 0.0070424266639827707 0.0039952022189008989 -0.001684734330971626 -0.0037156259955742252 0.001705205418496103 -0.0013175505022131348
leaf_weight=124.26032073795795 67.027321130037308 11.250295266509054 22.890413001179695 16.668147824704647 40.454807259142399 27.66243652254343 81.635190606117249
leaf_count=506 309 50 102 77 196 116 348
internal_value=-3.68561e-05 0.000465809 -0.000873745 0.00160102 -0.00178484 0.00324819 -6.01185e-05
internal_weight=391.849 244.808 147.041 39.5586 107.482 38.9127 205.896
internal_count=1704 1020 684 179 505 166 854
is_linear=0
shrinkage=0.00717722


Tree=301
num_leaves=8
num_cat=0
split_feature=12 7 12 8 8 17 5
split_gain=5.50541 5.42873 5.361 4.56835 3.84569 3.06123 2.28317
threshold=0.21530686497781709 0.28328722933143241 -0.6009865144664357 1.0000000180025095e-35 0.071124974213128508 -0.092591317284196881 1.0000000180025095e-35
decision_type=2 2 2 2 2 2 2
left_child=2 3 4 -2 -1 -3 -4
right_child=1 5 6 -5 -6 -7 -8
leaf_value=-0.00050198787798441094 -0.00045310698458526466 0.0029515611785667769 0.0014579497034548335 -0.0029035058914478771 0.0013670760744264785 -0.00059266522999850519 0.0043616983812512526
leaf_weight=123.67329700291157 69.059522613883018 19.433707483112812 28.209079213440418 54.420841783285141 68.392016395926476 19.524315260350704 17.568678677082062
leaf_count=513 298 71 120 259 283 86 74
internal_value=1.41496e-05 -0.000883476 0.000627224 -0.00153305 0.000163604 0.00117468 0.00257209
internal_weight=400.281 162.438 237.843 123.48 192.065 38.958 45.7778
internal_count=1704 714 990 557 796 157 194
is_linear=0
shrinkage=0.0063258


Tree=302
num_leaves=8
num_cat=0
split_feature=17 17 17 8 7 9 11
split_gain=4.2665 6.6462 9.58841 6.50936 4.17415 3.65622 2.49136
threshold=-0.092591317284196881 1.0000000180025095e-35 0.87888776607447461 1.0833278384934255 0.1932683488774482 -0.4101458874888616 -0.020892383657170475
decision_type=2 2 2 2 2 2 2
left_child=3 5 -3 4 -1 -2 -5
right_child=1 2 -4 6 -6 -7 -8
leaf_value=-0.00036800591279312074 -0.0037056545434512585 0.0023785553946145551 -0.0006472702598976155 0.0011565976437463068 0.0014773161164395572 -0.0010627625165271274 0.0044334167856045952
leaf_weight=108.39930588752031 16.728728570044041 39.023092411458492 92.560281679034233 10.739881664514543 45.667919769883156 76.069198422133923 13.981327675282953
leaf_count=449 85 167 401 43 176 327 56
internal_value=-1.97035e-05 -0.000489921 0.000250106 0.000570401 0.000179045 -0.0015393 0.00300859
internal_weight=403.17 224.381 131.583 178.788 154.067 92.7979 24.7212
internal_count=1704 980 568 724 625 412 99
is_linear=0
shrinkage=0.00512089


Tree=303
num_leaves=4
num_cat=0
split_feature=5 5 5
split_gain=1.31444 4.62598 6.21658
threshold=1.0000000180025095e-35 0.12780629567028304 0.9161486001452781
decision_type=2 2 2
left_child=-1 -2 -3
right_child=1 2 -4
leaf_value=0.0083779483718779552 -0.038091021440207429 0.071663580393487969 -0.010944434023221608
leaf_weight=185.31705180183053 74.503765899688005 27.512959841638803 78.245422154664993
leaf_count=840 372 135 357
internal_value=-0.00046428 -0.0095549 0.0105471
internal_weight=365.579 180.262 105.758
internal_count=1704 864 492
is_linear=0
shrinkage=0.149528


Tree=304
num_leaves=4
num_cat=0
split_feature=5 5 5
split_gain=1.33165 1.3204 2.07171
threshold=2.0529032057945504 1.0000000180025095e-35 0.12780629567028304
decision_type=2 2 2
left_child=1 -1 -3
right_child=-2 2 -4
leaf_value=0.0070227163389128284 0.050477629791518375 -0.032676915696677189 0.0033814610451799948
leaf_weight=185.21360011771321 12.636138234287499 72.961731534451246 91.366146486252546
leaf_count=840 52 372 440
internal_value=-0.000375073 -0.00221509 -0.0126276
internal_weight=362.178 349.541 164.328
internal_count=1704 1652 812
is_linear=0
shrinkage=0.159583


Tree=305
num_leaves=2
num_cat=0
split_feature=12
split_gain=1.28828
threshold=1.0000000180025095e-35
decision_type=2
left_child=-1
right_child=-2
leaf_value=0.0082649298027515829 -0.011019769073005911
leaf_weight=200.37005975469947 160.33927381783724
leaf_count=927 777
internal_value=-0.00030715
internal_weight=360.709
internal_count=1704
is_linear=0
shrinkage=0.160358


Tree=306
num_leaves=7
num_cat=0
split_feature=12 7 10 16 16 9
split_gain=2.75854 4.70992 4.64396 5.07293 4.19043 2.89824
threshold=0.21530686497781709 0.28328722933143241 2.6635391190623485 1.0000000180025095e-35 1.8770799877687276 0.43791124164290823
decision_type=2 2 2 2 2 2
left_child=2 4 3 -1 -2 -3
right_child=1 5 -4 -5 -6 -7
leaf_value=0.0013648140844687527 -0.0015730935001922167 0.0021067307616600113 -0.0037454326685277201 -0.00042562293064063038 0.0024367105454769639 -0.0016089167658709159
leaf_weight=118.66947301477194 110.16772512346506 28.53089789301157 9.3189338743686658 104.95307287573814 9.9867890924215299 9.9469062536954862
leaf_count=507 516 117 42 441 41 40
internal_value=-5.74853e-05 -0.000660909 0.000353439 0.000524477 -0.00123945 0.00114512
internal_weight=391.574 158.632 232.941 223.623 120.155 38.4778
internal_count=1704 714 990 948 557 157
is_linear=0
shrinkage=0.00593317


Tree=307
num_leaves=8
num_cat=0
split_feature=13 13 2 17 16 5 2
split_gain=3.29263 5.97666 4.94674 8.15914 4.42097 3.99845 2.64945
threshold=0.27467550899125442 -0.48932710796035989 0.33521787112802781 -0.31497718396665708 0.95000938739815544 1.0000000180025095e-35 -0.12136794886737144
decision_type=2 2 2 2 2 2 2
left_child=1 5 4 -4 -2 -1 -3
right_child=2 6 3 -5 -6 -7 -8
leaf_value=0.0010312523631528425 -0.00095155471853335767 0.00524069774279305 0.0061509440696848414 -0.0017319028047342922 -0.0050852603395083176 -0.00089273383814268616 0.0014580290943715759
leaf_weight=98.216337949037552 107.05505479127169 15.416829712688921 11.804454229772093 13.554331272840498 14.072042465209959 110.43152914941311 21.075515635311604
leaf_count=404 457 72 49 64 68 500 90
internal_value=-2.57589e-05 0.000465977 -0.000848666 0.00193645 -0.00143206 1.29511e-05 0.00305559
internal_weight=391.626 245.14 146.486 25.3588 121.127 208.648 36.4923
internal_count=1704 1066 638 113 525 904 162
is_linear=0
shrinkage=0.00693798


Tree=308
num_leaves=4
num_cat=0
split_feature=0 0 0
split_gain=1.28826 5.83421 1.65424
threshold=1.3432075644370391 0.68214573881806317 1.52762598911181
decision_type=2 2 2
left_child=1 -1 -2
right_child=2 -3 -4
leaf_value=-0.0011405488309555009 -0.05658012360726266 0.10282065016730205 0.0025740821342355542
leaf_weight=306.34426296129823 19.813336938619614 12.674814336001871 23.092395339161158
leaf_count=1446 91 62 105
internal_value=-0.000295042 0.00299252 -0.0247361
internal_weight=361.925 319.019 42.9057
internal_count=1704 1508 196
is_linear=0
shrinkage=0.150271


Tree=309
num_leaves=8
num_cat=0
split_feature=6 18 18 2 2 3 6
split_gain=3.70692 3.91402 3.91129 3.19709 2.86412 2.50207 1.50447
threshold=1.1396076357034957 1.9201663039765535 1.0000000180025095e-35 0.27674290852126476 0.45024154100050223 0.041330241437667829 1.2572398040110684
decision_type=2 2 2 2 2 2 2
left_child=1 2 -1 6 -5 -3 -2
right_child=3 5 -4 4 -6 -7 -8
leaf_value=-0.0001052844703302573 -0.0017254158018590877 -0.0051240505304566766 0.0036264545814772751 -0.0061864983695610366 -0.001360710631006414 -0.0002814634204330346 0.001681041039846664
leaf_weight=275.33433778956532 24.432904146611691 15.468938045203688 19.03292702883482 17.489050984382633 14.068491749465464 12.011020258069037 12.377212703227995
leaf_count=1149 121 76 81 104 67 53 53
internal_value=-0.000490129 -0.000132289 0.000136098 -0.00217442 -0.0040346 -0.00300622 -0.000579993
internal_weight=390.215 321.847 294.367 68.3677 31.5575 27.48 36.8101
internal_count=1704 1359 1230 345 171 129 174
is_linear=0
shrinkage=0.00796583


Tree=310
num_leaves=8
num_cat=0
split_feature=12 7 12 16 9 9 9
split_gain=4.19886 5.41909 4.70018 3.64431 3.49491 2.81771 2.12852
threshold=0.21530686497781709 0.28328722933143241 -0.6009865144664357 1.8770799877687276 -0.28927029204460036 0.43791124164290823 0.27333519636797743
decision_type=2 2 2 2 2 2 2
left_child=2 3 4 -2 -1 -3 -4
right_child=1 5 6 -5 -6 -7 -8
leaf_value=-0.00090352382709802444 -0.0019568746539675359 0.0025111175464109649 0.001766963144147479 0.0023899463719728375 0.00098727833720705684 -0.0017700196621282924 0.0053559525728363797
leaf_weight=89.121312357485294 112.12824196368456 28.307163588702679 34.431439653038979 10.100521966814993 99.640896648168564 9.9931879639625532 10.322841778397558
leaf_count=384 516 117 147 41 412 40 47
internal_value=-1.99541e-05 -0.000883693 0.000573813 -0.00159727 9.45665e-05 0.00139278 0.00259483
internal_weight=394.046 160.529 233.516 122.229 188.762 38.3004 44.7543
internal_count=1704 714 990 557 796 157 194
is_linear=0
shrinkage=0.00693798


Tree=311
num_leaves=8
num_cat=0
split_feature=12 11 15 17 12 12 8
split_gain=3.8341 4.62472 7.01973 6.41668 4.41119 9.40335 2.294
threshold=0.21530686497781709 -0.63921528034091024 1.0000000180025095e-35 0.65996663140346346 0.36317241704170095 1.2108347199626288 1.0000000180025095e-35
decision_type=2 2 2 2 2 2 2
left_child=1 2 -1 -3 6 -6 -2
right_child=4 3 -4 -5 5 -7 -8
leaf_value=-0.0017636990111407436 -0.00065052621799281945 0.0019741088468575741 0.0015262886494336627 -0.0012453654968951847 0.0033568760775468855 -0.0011946443752103252 -0.0027296566991062113
leaf_weight=64.791439399123192 36.296502478420734 99.419848240911961 39.340267725288868 30.538029596209526 25.014858834445477 54.323950469493866 44.703140020370483
leaf_count=280 166 417 165 128 102 238 208
internal_value=-5.7167e-05 0.000444221 -0.000520543 0.00121734 -0.000789184 0.000240466 -0.00179787
internal_weight=394.428 234.09 104.132 129.958 160.338 79.3388 80.9996
internal_count=1704 990 445 545 714 340 374
is_linear=0
shrinkage=0.00614507


Tree=312
num_leaves=8
num_cat=0
split_feature=6 18 18 6 6 17 8
split_gain=4.47499 5.01456 4.1604 3.92471 5.25971 2.4743 2.36488
threshold=1.1396076357034957 1.9201663039765535 1.0000000180025095e-35 1.2572398040110684 2.8412625412490131 -0.3493597319842025 1.0000000180025095e-35
decision_type=2 2 2 2 2 2 2
left_child=1 2 -1 6 -5 -3 -2
right_child=3 5 -4 4 -6 -7 -8
leaf_value=0.0003833486735861802 -0.0044133420101959983 7.8719540782659392e-05 0.0035550496999971338 0.004139492463385794 -0.0023835665275554721 -0.0040472587437320462 -0.0013347370038846458
leaf_weight=281.31333872675896 20.06514635682106 10.9261486902833 20.107744194567204 10.821064829826357 11.624240525066851 16.609234236180782 26.011163644492626
leaf_count=1149 114 46 81 42 57 83 132
internal_value=1.71409e-05 0.000343522 0.00059504 -0.00154949 0.000760205 -0.00240848 -0.00267532
internal_weight=397.478 328.956 301.421 68.5216 22.4453 27.5354 46.0763
internal_count=1704 1359 1230 345 99 129 246
is_linear=0
shrinkage=0.00673975


Tree=313
num_leaves=8
num_cat=0
split_feature=6 18 12 8 11 3 11
split_gain=4.38463 4.05175 3.89739 3.38859 5.24644 2.39671 1.76865
threshold=1.1396076357034957 1.9201663039765535 1.0000000180025095e-35 0.1127546393568349 -0.63921528034091024 0.041330241437667829 0.27744465643323141
decision_type=2 2 2 2 2 2 2
left_child=1 2 -1 4 -2 -3 -5
right_child=3 5 -4 6 -6 -7 -8
leaf_value=0.0013796189016814524 -0.0058898788195118181 -0.0047754398129180257 -0.00045864668641587401 0.0033840126681613345 -0.00065932761750043124 1.098991924647778e-05 -0.0014927055564221672
leaf_weight=162.1062811166048 22.40961342304945 15.127421483397486 133.37419214099646 9.3327406197786349 26.588606379926205 11.794377289712427 9.5005132257938367
leaf_count=669 130 76 561 39 132 53 44
internal_value=-0.000107015 0.000280264 0.00054983 -0.00194758 -0.0030515 -0.00267693 0.000922329
internal_weight=390.234 322.402 295.48 67.8315 48.9982 26.9218 18.8333
internal_count=1704 1359 1230 345 262 129 83
is_linear=0
shrinkage=0.00796583


Tree=314
num_leaves=5
num_cat=0
split_feature=2 2 2 2
split_gain=2.80779 3.14062 8.92803 7.30838
threshold=2.2601347812385639 0.33521787112802781 0.94849958921921784 0.27674290852126476
decision_type=2 2 2 2
left_child=1 3 -3 -1
right_child=-2 2 -4 -5
leaf_value=0.00057205464390010837 -0.0051941664561664432 0.0081429031080044786 -0.0001378354247538312 -0.0029615172409456028
leaf_weight=223.0980407372117 10.605958312749861 17.905461058020592 51.024892888963223 81.385068275034428
leaf_count=962 50 89 217 386
internal_value=-7.74619e-05 6.79904e-05 0.00201342 -0.000372455
internal_weight=384.019 373.413 68.9304 304.483
internal_count=1704 1654 306 1348
is_linear=0
shrinkage=0.0100946


Tree=315
num_leaves=7
num_cat=0
split_feature=5 5 5 17 18 13
split_gain=4.31438 12.395 11.4279 6.11927 5.95184 6.93375
threshold=1.0000000180025095e-35 0.12780629567028304 0.9161486001452781 0.87888776607447461 1.9201663039765535 0.27467550899125442
decision_type=2 2 2 2 2 2
left_child=4 3 -3 -2 5 -1
right_child=1 2 -4 -5 -6 -7
leaf_value=0.0016623241847404967 -0.0013011801234160208 0.003420546228181374 -0.00047519845117384934 -0.0047147918208614338 -0.0027669165492962122 -0.00053101299320425276
leaf_weight=117.5999026671052 59.244746297597885 31.555473282933235 83.316408887505531 21.844289220869541 14.961459405720232 69.849680565297604
leaf_count=478 260 135 357 112 65 297
internal_value=1.30873e-05 -0.000570153 0.000594999 -0.00222078 0.000577757 0.000844951
internal_weight=398.372 195.961 114.872 81.089 202.411 187.45
internal_count=1704 864 492 372 840 775
is_linear=0
shrinkage=0.0055148


Tree=316
num_leaves=8
num_cat=0
split_feature=13 13 1 2 17 16 11
split_gain=3.28281 6.59969 5.09217 4.82893 7.946 3.98092 3.44718
threshold=0.27467550899125442 -0.48932710796035989 1.3380766833452398 0.33521787112802781 -0.31497718396665708 0.95000938739815544 -0.32014354348622648
decision_type=2 2 2 2 2 2 2
left_child=1 2 -1 5 -5 -2 -3
right_child=3 6 -4 4 -6 -7 -8
leaf_value=0.00036935815016238586 -0.00090511056133130879 0.0052715465217368631 -0.0024448274316868804 0.0054503545647494505 -0.0016029558775160727 -0.0044790196341352034 0.0013073421127137417
leaf_weight=181.29608759284019 107.11803321540356 14.518592193722723 29.962213978171349 12.004339620471002 13.619033396244047 14.093929946422575 22.135769985616207
leaf_count=773 457 62 131 49 64 68 100
internal_value=-4.39094e-05 0.000400022 -2.98363e-05 -0.000793432 0.00170045 -0.00132089 0.00287713
internal_weight=394.748 247.913 211.258 146.835 25.6234 121.212 36.6544
internal_count=1704 1066 904 638 113 525 162
is_linear=0
shrinkage=0.0063258


Tree=317
num_leaves=4
num_cat=0
split_feature=13 2 2
split_gain=1.30438 1.35362 1.54944
threshold=2.2942077553543627 2.2601347812385639 0.33521787112802781
decision_type=2 2 2
left_child=1 2 -1
right_child=-2 -3 -4
leaf_value=-0.0025879948872054113 -0.062963815448191102 -0.05749188578786555 0.02501024910027308
leaf_weight=284.48460215702653 8.4270809143781644 9.942007936537264 64.168326571583748
leaf_count=1312 36 50 306
internal_value=-0.000639438 0.000826645 0.00249157
internal_weight=367.022 358.595 348.653
internal_count=1704 1668 1618
is_linear=0
shrinkage=0.160453


Tree=318
num_leaves=7
num_cat=0
split_feature=6 18 10 18 2 4
split_gain=3.58647 5.88859 4.37108 3.8579 3.09876 2.57216
threshold=1.1396076357034957 1.9201663039765535 2.6635391190623485 1.0000000180025095e-35 0.27674290852126476 0.39071553652505897
decision_type=2 2 2 2 2 2
left_child=1 2 -1 4 -2 -3
right_child=3 5 -4 -5 -6 -7
leaf_value=0.00067811426759571409 -0.00070997579393873567 -0.0010871627680039558 -0.0035668137316227826 0.0022062871417534496 -0.0037186996941923297 -0.0051090510486350238
leaf_weight=289.5573380663991 32.137897521257401 18.015973299741749 10.020839750766752 10.365085460245608 23.850284963846207 9.8140342235565168
leaf_count=1187 154 77 43 50 141 52
internal_value=5.59273e-06 0.000277374 0.000535952 -0.00133523 -0.00199167 -0.00250486
internal_weight=393.761 327.408 299.578 66.3533 55.9882 27.83
internal_count=1704 1359 1230 345 295 129
is_linear=0
shrinkage=0.0063258


Tree=319
num_leaves=8
num_cat=0
split_feature=6 14 18 0 6 6 18
split_gain=6.36134 5.91528 4.66095 3.88277 3.88176 5.5569 2.71554
threshold=1.1396076357034957 1.431643500509548 1.9201663039765535 -0.17445316902167238 1.2572398040110684 2.8412625412490131 1.9201663039765535
decision_type=2 2 2 2 2 2 2
left_child=1 2 -1 -3 6 -6 -2
right_child=4 3 -4 -5 5 -7 -8
leaf_value=-1.4765146392110943e-05 -0.003143350655604516 0.0043521639513829334 -0.0022569454853265027 0.00010915416666812858 0.0028650925867154623 -0.0023641160568782784 0.00010300605052980097
leaf_weight=277.70600754767656 40.509639911353588 13.441185854375364 28.071016848087311 10.590413719415663 10.395130030810835 12.053083449602125 8.5734191536903364
leaf_count=1139 207 50 128 42 42 57 39
internal_value=-0.000331301 -2.37308e-05 -0.000220672 0.00248104 -0.0017492 5.66367e-05 -0.00257568
internal_weight=401.34 329.809 305.777 24.0316 71.5313 22.4482 49.0831
internal_count=1704 1359 1267 92 345 99 246
is_linear=0
shrinkage=0.00524579


Tree=320
num_leaves=3
num_cat=0
split_feature=6 6
split_gain=1.32642 1.37927
threshold=1.1396076357034957 1.0000000180025095e-35
decision_type=2 2
left_child=1 -1
right_child=-2 -3
leaf_value=-8.0357461932527524e-05 -0.024878083058947641 0.039122537232884613
leaf_weight=275.00778733938932 60.815250284969807 31.964545801281929
leaf_count=1214 345 145
internal_value=-0.000773406 0.00400237
internal_weight=367.788 306.972
internal_count=1704 1359
is_linear=0
shrinkage=0.178684


Tree=321
num_leaves=7
num_cat=0
split_feature=13 13 5 16 8 11
split_gain=4.55042 8.38865 6.00189 4.2858 3.78164 3.13948
threshold=0.27467550899125442 -0.48932710796035989 1.0000000180025095e-35 1.3026968228741045 1.1548173680333931 -0.32014354348622648
decision_type=2 2 2 2 2 2
left_child=1 2 -1 4 -2 -3
right_child=3 5 -4 -5 -6 -7
leaf_value=0.0010840914765600864 -0.00089319183090500202 0.0054462371496423892 -0.0010298733525797804 -0.004043554772413898 0.0030415347580964301 0.0017206500464705767
leaf_weight=101.27571224421263 123.05331153795123 14.949009977281092 115.28208462148905 16.046086393296719 10.633225925266741 23.072715379297733
leaf_count=404 521 62 500 74 43 100
internal_value=-7.48163e-05 0.000440689 -4.12062e-05 -0.000951289 -0.000579952 0.00318497
internal_weight=404.312 254.58 216.558 149.733 133.687 38.0217
internal_count=1704 1066 904 638 564 162
is_linear=0
shrinkage=0.00633645


Tree=322
num_leaves=5
num_cat=0
split_feature=15 15 15 15
split_gain=1.28482 2.86269 6.58807 2.32507
threshold=1.6640326034420772 1.0000000180025095e-35 0.77163260641584019 -0.23814514068022744
decision_type=2 2 2 2
left_child=1 3 -3 -1
right_child=-2 2 -4 -5
leaf_value=0.0068136184451444547 -0.036835720695734368 0.099495932341920945 -0.0075074294770431961 -0.030077430525667734
leaf_weight=154.11951611936092 31.218137502670288 31.690357897430658 53.981030732393265 96.411698430776596
leaf_count=720 140 149 250 445
internal_value=-0.000685897 0.00267149 0.0320724 -0.00738267
internal_weight=367.421 336.203 85.6714 250.531
internal_count=1704 1564 399 1165
is_linear=0
shrinkage=0.186341


Tree=323
num_leaves=8
num_cat=0
split_feature=12 12 7 11 11 9 5
split_gain=4.45945 6.15145 5.91039 4.35952 3.93275 3.60491 2.02301
threshold=0.21530686497781709 -0.6009865144664357 0.28328722933143241 1.0000000180025095e-35 1.0000000180025095e-35 0.43791124164290823 1.0000000180025095e-35
decision_type=2 2 2 2 2 2 2
left_child=1 3 4 -1 -2 -4 -3
right_child=2 6 5 -5 -6 -7 -8
leaf_value=-0.00089914753325298028 -0.00043477947337503383 0.001509738714368482 0.0023399527079946258 0.0008979889144874304 -0.002578128835637762 -0.00178611463758931 0.0040868739442656357
leaf_weight=90.50514255464077 67.956776067614555 28.759017243981361 28.975936196744442 102.96881419420242 55.49109373241663 10.198328986763952 17.456012636423111
leaf_count=382 298 120 117 414 259 40 74
internal_value=6.96359e-06 0.000525052 -0.000756612 5.73115e-05 -0.00139823 0.0012646 0.00248288
internal_weight=402.311 239.689 162.622 193.474 123.448 39.1743 46.215
internal_count=1704 990 714 796 557 157 194
is_linear=0
shrinkage=0.00597437


Tree=324
num_leaves=8
num_cat=0
split_feature=17 8 17 17 7 9 8
split_gain=3.49083 5.62682 5.01886 7.86216 4.60154 4.24762 1.91317
threshold=-0.092591317284196881 1.0833278384934255 1.0000000180025095e-35 0.87888776607447461 0.1932683488774482 -0.4101458874888616 1.9675866633985912
decision_type=2 2 2 2 2 2 2
left_child=1 4 5 -4 -1 -2 -3
right_child=2 6 3 -5 -6 -7 -8
leaf_value=-0.00048449875248139006 -0.0048000438562881241 0.0059551509910422589 0.0029183608896921963 -0.00072467167284120905 0.0020665868049846892 -0.0010344788538706813 0.0021330497902799631
leaf_weight=106.3043140694499 16.509497910737991 10.36582636088133 37.837662011384964 91.269674941897392 45.631537161767483 74.618646427989006 13.728025510907171
leaf_count=449 85 46 167 401 176 327 53
internal_value=5.46656e-05 0.000760243 -0.000509279 0.000343021 0.000281771 -0.00171686 0.00377647
internal_weight=396.265 176.03 220.235 129.107 151.936 91.1281 24.0939
internal_count=1704 724 980 568 625 412 99
is_linear=0
shrinkage=0.00672117


Tree=325
num_leaves=6
num_cat=0
split_feature=9 9 11 12 0
split_gain=3.61465 6.06428 5.39818 3.9743 3.62882
threshold=-0.28927029204460036 1.0000000180025095e-35 1.8317119005315685 0.21530686497781709 1.3432075644370391
decision_type=2 2 2 2 2
left_child=2 -2 4 -3 -1
right_child=1 3 -4 -5 -6
leaf_value=-0.00061132449028575091 0.0059717977406015298 0.0011224475383273663 0.0042693349220444031 -0.00099808395502801617 -0.0035096117316824114
leaf_weight=162.14485231041908 9.6646905466914159 115.05385565757751 9.9005942046642286 67.474160149693489 23.833565250039101
leaf_count=726 62 474 41 292 109
internal_value=-5.38574e-05 0.000622077 -0.000717091 0.000338525 -0.000982872
internal_weight=388.072 192.193 195.879 182.528 185.978
internal_count=1704 828 876 766 835
is_linear=0
shrinkage=0.00693798


Tree=326
num_leaves=7
num_cat=0
split_feature=9 7 9 9 9 7
split_gain=1.34573 2.85511 2.08556 5.9102 3.97738 1.83549
threshold=-0.28927029204460036 0.37977827633579692 1.2174879513384689 0.69042373130749535 1.3487468139858649 0.14525940587580199
decision_type=2 2 2 2 2 2
left_child=1 5 3 -2 -4 -1
right_child=2 -3 4 -5 -6 -7
leaf_value=-0.010584290770279973 0.011584026009985586 0.021930641816472876 -0.056494284646240574 0.14842586177582109 0.033791849291560566 -0.05461493557618665
leaf_weight=87.892197944223881 109.80234994366765 56.329795472323895 33.161011412739754 10.451636128127573 26.622452035546303 42.544022928923368
leaf_count=416 503 237 154 66 105 223
internal_value=-0.000456404 -0.0108059 0.0102793 0.0234863 -0.0162806 -0.0249464
internal_weight=366.803 186.766 180.037 120.254 59.7835 130.436
internal_count=1704 876 828 569 259 639
is_linear=0
shrinkage=0.174035


Tree=327
num_leaves=4
num_cat=0
split_feature=14 14 14
split_gain=1.3586 2.94517 1.70187
threshold=-0.56743621049686044 0.27397806272271569 0.32078554167742135
decision_type=2 2 2
left_child=-1 -2 -3
right_child=1 2 -4
leaf_value=-0.011403760967081801 0.058573410902425696 -0.018967443017047263 0.018386655136179264
leaf_weight=177.77434733510017 32.593085672706366 75.463102880865335 77.513320025056601
leaf_count=845 167 346 346
internal_value=-0.000340893 0.0102568 -3.88011e-05
internal_weight=363.344 185.57 152.976
internal_count=1704 859 692
is_linear=0
shrinkage=0.177083


Tree=328
num_leaves=7
num_cat=0
split_feature=12 7 10 16 11 9
split_gain=3.3017 4.42842 4.37601 5.47565 3.71445 2.74659
threshold=0.21530686497781709 0.28328722933143241 2.6635391190623485 1.0000000180025095e-35 1.0000000180025095e-35 0.43791124164290823
decision_type=2 2 2 2 2 2
left_child=2 4 3 -1 -2 -3
right_child=1 5 -4 -5 -6 -7
leaf_value=0.0018967975911847496 -0.00031188269347968848 0.002586053279988146 -0.0044212672289916178 -0.00043394531340932571 -0.002930118504725594 -0.0019403561766475161
leaf_weight=118.2618380561471 66.254933103919029 28.288309887051582 9.1561743766069394 104.32953330874443 54.144098341464996 9.9470046162605268
leaf_count=507 298 117 42 441 259 40
internal_value=3.33194e-05 -0.000790998 0.000597605 0.000804332 -0.00148931 0.00140718
internal_weight=390.382 158.634 231.748 222.591 120.399 38.2353
internal_count=1704 714 990 948 557 157
is_linear=0
shrinkage=0.00741646


Tree=329
num_leaves=8
num_cat=0
split_feature=4 4 4 4 9 3 17
split_gain=4.14096 8.71046 7.03698 10.5817 8.43651 5.09522 4.07814
threshold=0.39071553652505897 -0.57000274287395813 0.47532287575075244 1.587176451448326 -0.4101458874888616 2.0865937436195865 -0.31497718396665708
decision_type=2 2 2 2 2 2 2
left_child=1 5 4 -4 -2 -1 -3
right_child=2 6 3 -5 -6 -7 -8
leaf_value=0.00016958646997840325 -0.0055237304907095712 0.0052300647659293247 0.0034224630716073977 -0.00089325885528825631 -0.00099138551019078308 -0.0034443992422269303 0.001567507054159787
leaf_weight=198.50176018476486 13.574483416974543 11.759207122027872 23.126297272741795 48.141626715660095 66.978311710059643 11.325695544481276 28.845189556479454
leaf_count=807 71 50 104 214 295 47 116
internal_value=-9.69627e-06 0.00040469 -0.000693236 0.000507199 -0.00175545 -2.5624e-05 0.00262806
internal_weight=402.253 250.432 151.821 71.2679 80.5528 209.827 40.6044
internal_count=1704 1020 684 318 366 854 166
is_linear=0
shrinkage=0.00524579


Tree=330
num_leaves=3
num_cat=0
split_feature=12 12
split_gain=1.28693 2.01117
threshold=1.9056679359992847 2.3838397741851289
decision_type=2 2
left_child=-1 -2
right_child=1 -3
leaf_value=0.0022813682634713096 -0.10990951372181962 0.012434155242075699
leaf_weight=344.4060521312058 9.0997004210948962 9.3194612264633161
leaf_count=1623 45 36
internal_value=-0.000270944 -0.047976
internal_weight=362.825 18.4192
internal_count=1704 81
is_linear=0
shrinkage=0.185339


Tree=331
num_leaves=8
num_cat=0
split_feature=17 8 17 17 7 9 11
split_gain=3.38978 6.03298 4.67383 7.4945 3.76499 3.44181 2.81858
threshold=-0.092591317284196881 1.0833278384934255 1.0000000180025095e-35 0.87888776607447461 0.96762167504285923 -0.4101458874888616 0.11195382528532945
decision_type=2 2 2 2 2 2 2
left_child=1 4 5 -4 -1 -2 -3
right_child=2 6 3 -5 -6 -7 -8
leaf_value=-0.0003459358092968457 -0.0045016549855083961 0.0017222304966921387 0.0028143045748739754 -0.00074057824875066664 0.002188673298608322 -0.001084662686913307 0.0062988868485009094
leaf_weight=116.1945136860013 16.030341565608978 13.088192194700243 37.425501368939877 91.148850366473198 33.854677066206932 74.1364716142416 11.121884822845457
leaf_count=496 85 54 167 401 129 327 45
internal_value=2.99127e-05 0.000726016 -0.000524626 0.000294203 0.000226051 -0.00169231 0.00382364
internal_weight=393 174.259 218.741 128.574 150.049 90.1668 24.2101
internal_count=1704 724 980 568 625 412 99
is_linear=0
shrinkage=0.00669019


Tree=332
num_leaves=8
num_cat=0
split_feature=6 18 10 6 6 9 8
split_gain=3.5923 6.76197 4.57128 4.17363 4.46872 2.42008 2.17705
threshold=1.1396076357034957 1.9201663039765535 2.6635391190623485 1.2572398040110684 2.8412625412490131 0.43791124164290823 1.0000000180025095e-35
decision_type=2 2 2 2 2 2 2
left_child=1 2 -1 6 -5 -3 -2
right_child=3 5 -4 4 -6 -7 -8
leaf_value=0.00071193545355319545 -0.0041098160343633842 -0.0013845362264169514 -0.0037557576557631011 0.0039481394697145492 -0.0018910317163588555 -0.0053894232039758197 -0.0012426887627136724
leaf_weight=295.36869992315769 19.856518290936947 18.620123371481899 10.036745771765707 10.839805021882059 11.400173820555208 9.7497237101197225 25.917097896337509
leaf_count=1187 114 85 43 42 57 44 132
internal_value=4.00332e-06 0.000282191 0.000564935 -0.00136097 0.000953952 -0.00276024 -0.00248636
internal_weight=401.789 333.775 305.405 68.0136 22.24 28.3698 45.7736
internal_count=1704 1359 1230 345 99 129 246
is_linear=0
shrinkage=0.0065175


Tree=333
num_leaves=8
num_cat=0
split_feature=2 2 2 11 8 5 1
split_gain=3.82782 7.89638 13.4585 5.95685 4.5754 7.63948 4.55617
threshold=0.27674290852126476 0.33521787112802781 1.4448494690014926 1.4061979518008973 1.0000000180025095e-35 1.0000000180025095e-35 1.3380766833452398
decision_type=2 2 2 2 2 2 2
left_child=4 3 -3 -2 6 -6 -1
right_child=1 2 -4 -5 5 -7 -8
leaf_value=0.0017807500026134967 -0.002080462287755565 0.0048835309821370788 -0.001637966205105646 -0.0077640699800008046 0.00098333226018806875 -0.0030878273203906589 -0.0019041564728477876
leaf_weight=104.62952131032944 73.418963313102722 25.07925933599472 56.753678612411022 11.748274840414522 52.51990283280611 48.970061801373959 22.383675627410412
leaf_count=417 330 116 240 56 225 227 93
internal_value=-0.000430748 -0.00128416 0.00036075 -0.00286483 0.000192955 -0.000980891 0.00113102
internal_weight=395.503 167 81.8329 85.1672 228.503 101.49 127.013
internal_count=1704 742 356 386 962 452 510
is_linear=0
shrinkage=0.00741646


Tree=334
num_leaves=8
num_cat=0
split_feature=5 5 5 17 13 11 9
split_gain=3.3847 9.54213 12.4617 7.44248 6.30654 9.18638 4.40845
threshold=1.0000000180025095e-35 0.12780629567028304 0.9161486001452781 0.87888776607447461 0.27467550899125442 -0.24290042556994432 1.2174879513384689
decision_type=2 2 2 2 2 2 2
left_child=4 3 -3 -2 6 -6 -1
right_child=1 2 -4 -5 5 -7 -8
leaf_value=0.0018800635108411851 -0.0011098887353486397 0.0037906234229673767 -0.00073834400771667131 -0.0053089303943863525 -0.0031761719564752447 0.0010732782324411789 -0.0011925690017594861
leaf_weight=103.61245069652796 58.1152313798666 31.554133653640747 83.879592433571815 21.941861964762211 35.465529002249241 41.857794724404812 21.223641037940979
leaf_count=427 260 135 357 112 155 173 85
internal_value=-5.42437e-05 -0.000630746 0.000499721 -0.00226081 0.000503226 -0.000875598 0.00135739
internal_weight=397.65 195.491 115.434 80.0571 202.159 77.3233 124.836
internal_count=1704 864 492 372 840 328 512
is_linear=0
shrinkage=0.00614507


Tree=335
num_leaves=6
num_cat=0
split_feature=0 0 0 0 0
split_gain=1.29219 3.98379 2.06622 6.54247 1.70505
threshold=-0.1079333387789332 0.23512407455415363 -0.17445316902167238 -0.287488851676031 0.28441358775748293
decision_type=2 2 2 2 2
left_child=2 -2 3 -1 -3
right_child=1 4 -4 -5 -6
leaf_value=-0.0091733178893258355 0.14530252182568015 -0.07347307635879817 -0.039156791269218949 0.14555543574409646 0.013202978062029238
leaf_weight=147.92578882724047 9.4481572620570642 10.662545055150984 72.031927339732647 12.748491674661635 113.13816775381565
leaf_count=699 56 51 336 55 507
internal_value=-0.000647445 0.0156373 -0.00997296 0.00311018 0.0057317
internal_weight=365.955 133.249 232.706 160.674 123.801
internal_count=1704 614 1090 754 558
is_linear=0
shrinkage=0.207396


Tree=336
num_leaves=7
num_cat=0
split_feature=6 18 10 8 2 4
split_gain=5.9336 6.05846 4.904 3.87643 3.51368 2.42384
threshold=1.1396076357034957 1.9201663039765535 2.6635391190623485 0.1127546393568349 0.27674290852126476 0.39071553652505897
decision_type=2 2 2 2 2 2
left_child=1 2 -1 4 -2 -3
right_child=3 5 -4 -5 -6 -7
leaf_value=0.00078720840798370201 -0.00092507862573986755 -0.0010918474750080387 -0.0037185789757271182 0.00078144969418224622 -0.0042689290021742125 -0.0050228588985750874
leaf_weight=292.24968189746141 25.440420053899288 18.100149363279346 9.9738422036170942 18.91035133600235 24.835986837744713 9.5849970504641515
leaf_count=1187 119 77 43 83 143 52
internal_value=2.56478e-05 0.000378869 0.000638334 -0.00165838 -0.0025768 -0.00245223
internal_weight=399.095 329.909 302.224 69.1868 50.2764 27.6851
internal_count=1704 1359 1230 345 262 129
is_linear=0
shrinkage=0.0063258


Tree=337
num_leaves=6
num_cat=0
split_feature=9 9 11 16 12
split_gain=3.24227 7.79124 5.37183 3.78676 3.68071
threshold=-0.28927029204460036 -0.033242108751767543 1.8317119005315685 0.2920416790593886 0.21530686497781709
decision_type=2 2 2 2 2
left_child=2 -2 3 -1 -3
right_child=1 4 -4 -5 -6
leaf_value=-0.0016776379234653431 0.0075019361214658849 0.0011367618277721328 0.0046923480149872916 0.00080978498935189861 -0.0011105649670082195
leaf_weight=140.17154994606972 9.3043497800827009 116.2724534869194 10.154252596199511 48.616192020475864 68.20417270809412
leaf_count=630 55 480 41 205 293
internal_value=-5.54045e-05 0.000651718 -0.000744204 -0.00103698 0.00030585
internal_weight=392.723 193.781 198.942 188.788 184.477
internal_count=1704 828 876 835 773
is_linear=0
shrinkage=0.00768133


Tree=338
num_leaves=8
num_cat=0
split_feature=6 18 12 6 6 3 8
split_gain=3.75393 5.40828 4.90055 3.48096 3.41376 2.68102 2.21475
threshold=1.1396076357034957 1.9201663039765535 0.21530686497781709 1.2572398040110684 2.8412625412490131 -0.3274836635606993 1.0000000180025095e-35
decision_type=2 2 2 2 2 2 2
left_child=1 2 -1 6 -5 -3 -2
right_child=3 5 -4 4 -6 -7 -8
leaf_value=0.00092156577483773028 -0.003320838212368827 -0.0036131299638116556 -0.00043291053194069234 0.0027220683347011559 -0.0014268542766797771 -0.00037545027473292889 -0.00099443708899566601
leaf_weight=182.16202695667744 19.889262698590755 14.362711586058142 123.19595492631197 10.356923297047617 11.488837100565432 13.76548410952091 25.921794839203358
leaf_count=729 114 70 501 42 57 59 132
internal_value=-5.62384e-05 0.000172318 0.000375079 -0.0011827 0.00053936 -0.00202783 -0.00200442
internal_weight=401.143 333.486 305.358 67.6568 21.8458 28.1282 45.8111
internal_count=1704 1359 1230 345 99 129 246
is_linear=0
shrinkage=0.00524579


Tree=339
num_leaves=8
num_cat=0
split_feature=6 18 10 6 6 18 3
split_gain=4.21394 6.53247 4.60682 3.81476 4.95306 2.79879 2.78226
threshold=1.1396076357034957 1.9201663039765535 1.1133179260591255 1.2572398040110684 2.8412625412490131 1.9201663039765535 -0.3274836635606993
decision_type=2 2 2 2 2 2 2
left_child=1 2 -1 5 -5 -2 -3
right_child=3 6 -4 4 -6 -7 -8
leaf_value=0.00097982678415647374 -0.0030388729236853268 -0.0043651320000648586 -0.00098185897367537205 0.0037458739277951509 -0.0020347878513284445 0.00094190268397867241 -0.00050625095212424444
leaf_weight=246.34663500636816 37.779727548360825 14.370032623410227 55.340231500566006 10.808862969279291 11.562077730894087 8.0796332433819753 13.825679898262022
leaf_count=1000 207 70 230 42 57 39 59
internal_value=6.80207e-05 0.000355545 0.000619915 -0.00132189 0.000757311 -0.00233676 -0.00247188
internal_weight=398.113 329.883 301.687 68.2303 22.3709 45.8594 28.1957
internal_count=1704 1359 1230 345 99 246 129
is_linear=0
shrinkage=0.00614507


Tree=340
num_leaves=8
num_cat=0
split_feature=6 6 2 13 8 11 11
split_gain=3.85935 3.43688 4.36023 3.59364 3.00191 4.85525 1.42003
threshold=1.1396076357034957 1.0000000180025095e-35 -0.12136794886737144 0.98951752914183899 0.1127546393568349 -0.63921528034091024 0.27744465643323141
decision_type=2 2 2 2 2 2 2
left_child=1 3 -3 -1 5 -2 -6
right_child=4 2 -4 -5 6 -7 -8
leaf_value=0.00037417232565469156 -0.0048351243832372879 0.005200060205691975 0.00025731153796849064 -0.0018910664893698865 0.0028290082345003458 -0.00041018579613412209 -0.001031318485695455
leaf_weight=253.42991954088211 21.903014607727528 14.993896797299383 20.057183332741261 38.860102742910385 9.0438975989818591 26.193195328116417 9.2627387568354589
leaf_count=1052 130 61 84 162 39 132 44
internal_value=9.74961e-06 0.000319117 0.00237138 7.29406e-05 -0.00151506 -0.00242526 0.000874396
internal_weight=393.744 327.341 35.0511 292.29 66.4028 48.0962 18.3066
internal_count=1704 1359 145 1214 345 262 83
is_linear=0
shrinkage=0.00693798


Tree=341
num_leaves=8
num_cat=0
split_feature=13 13 4 2 17 16 2
split_gain=4.09276 7.38259 5.25121 4.37043 8.33145 4.13521 2.72654
threshold=0.27467550899125442 -0.48932710796035989 0.39071553652505897 0.33521787112802781 -0.31497718396665708 0.95000938739815544 -0.12136794886737144
decision_type=2 2 2 2 2 2 2
left_child=1 2 -1 5 -5 -2 -3
right_child=3 6 -4 4 -6 -7 -8
leaf_value=0.00071112704949128963 -0.00080259319165110145 0.0043783477292294445 -0.0010648194974346738 0.0046875177573731169 -0.0015974862929098153 -0.0039708925708928531 0.0013863560123301049
leaf_weight=130.68484960496426 108.25565212219954 16.182337537407875 82.635529778897762 11.991009853780271 13.74273159354925 14.146704845130442 21.611951127648354
leaf_count=524 457 72 380 49 64 68 90
internal_value=-7.69058e-06 0.000421137 2.31517e-05 -0.000734621 0.00133028 -0.00116898 0.00266697
internal_weight=399.251 251.115 213.32 148.136 25.7337 122.402 37.7943
internal_count=1704 1066 904 638 113 525 162
is_linear=0
shrinkage=0.0055148


end of trees

feature_importances:
Column_9=195
Column_6=178
Column_12=178
Column_8=161
Column_17=144
Column_11=132
Column_4=113
Column_7=112
Column_2=110
Column_18=96
Column_5=94
Column_3=88
Column_13=76
Column_14=74
Column_0=65
Column_16=63
Column_10=44
Column_15=34
Column_1=31
Column_19=3

parameters:
[boosting: dart]
[objective: binary]
[metric: binary_logloss]
[tree_learner: serial]
[device_type: cpu]
[data_sample_strategy: bagging]
[data: ]
[valid: ]
[num_iterations: 395]
[learning_rate: 0.215077]
[num_leaves: 55]
[num_threads: 12]
[seed: 42]
[deterministic: 0]
[force_col_wise: 0]
[force_row_wise: 0]
[histogram_pool_size: -1]
[max_depth: 3]
[min_data_in_leaf: 40]
[min_sum_hessian_in_leaf: 0.001]
[bagging_fraction: 0.907863]
[pos_bagging_fraction: 1]
[neg_bagging_fraction: 1]
[bagging_freq: 0]
[bagging_seed: 400]
[bagging_by_query: 0]
[feature_fraction: 0.956825]
[feature_fraction_bynode: 1]
[feature_fraction_seed: 30056]
[extra_trees: 0]
[extra_seed: 12879]
[early_stopping_round: 0]
[early_stopping_min_delta: 0]
[first_metric_only: 0]
[max_delta_step: 0]
[lambda_l1: 0.000540603]
[lambda_l2: 2.8746e-07]
[linear_lambda: 0]
[min_gain_to_split: 1.28415]
[drop_rate: 0.1]
[max_drop: 50]
[skip_drop: 0.5]
[xgboost_dart_mode: 0]
[uniform_drop: 0]
[drop_seed: 17869]
[top_rate: 0.2]
[other_rate: 0.1]
[min_data_per_group: 100]
[max_cat_threshold: 32]
[cat_l2: 10]
[cat_smooth: 10]
[max_cat_to_onehot: 4]
[top_k: 20]
[monotone_constraints: ]
[monotone_constraints_method: basic]
[monotone_penalty: 0]
[feature_contri: ]
[forcedsplits_filename: ]
[refit_decay_rate: 0.9]
[cegb_tradeoff: 1]
[cegb_penalty_split: 0]
[cegb_penalty_feature_lazy: ]
[cegb_penalty_feature_coupled: ]
[path_smooth: 0.0471395]
[interaction_constraints: ]
[verbosity: -1]
[saved_feature_importance_type: 0]
[use_quantized_grad: 0]
[num_grad_quant_bins: 4]
[quant_train_renew_leaf: 0]
[stochastic_rounding: 1]
[linear_tree: 0]
[max_bin: 255]
[max_bin_by_feature: ]
[min_data_in_bin: 3]
[bin_construct_sample_cnt: 200000]
[data_random_seed: 175]
[is_enable_sparse: 1]
[enable_bundle: 1]
[use_missing: 1]
[zero_as_missing: 0]
[feature_pre_filter: 1]
[pre_partition: 0]
[two_round: 0]
[header: 0]
[label_column: ]
[weight_column: ]
[group_column: ]
[ignore_column: ]
[categorical_feature: ]
[forcedbins_filename: ]
[precise_float_parser: 0]
[parser_config_file: ]
[objective_seed: 16083]
[num_class: 1]
[is_unbalance: 0]
[scale_pos_weight: 1.56333]
[sigmoid: 1]
[boost_from_average: 1]
[reg_sqrt: 0]
[alpha: 0.9]
[fair_c: 1]
[poisson_max_delta_step: 0.7]
[tweedie_variance_power: 1.5]
[lambdarank_truncation_level: 30]
[lambdarank_norm: 1]
[label_gain: ]
[lambdarank_position_bias_regularization: 0]
[eval_at: ]
[multi_error_top_k: 1]
[auc_mu_weights: ]
[num_machines: 1]
[local_listen_port: 12400]
[time_out: 120]
[machine_list_filename: ]
[machines: ]
[gpu_platform_id: -1]
[gpu_device_id: -1]
[gpu_use_dp: 0]
[num_gpu: 1]

end of parameters

pandas_categorical:null
