tree
version=v4
num_class=1
num_tree_per_iteration=1
label_index=0
max_feature_idx=20
objective=binary sigmoid:1
feature_names=Column_0 Column_1 Column_2 Column_3 Column_4 Column_5 Column_6 Column_7 Column_8 Column_9 Column_10 Column_11 Column_12 Column_13 Column_14 Column_15 Column_16 Column_17 Column_18 Column_19 Column_20
feature_infos=[-1.7739956247603221:4.0917405177032133] [-1.5830467519697156:4.0445231170136093] [-1.8010959854921218:4.1142505534802405] [-2.1382212286419908:3.4305504437448273] [-1.5383975481445353:4.7603406899345213] [-1.5385272181770906:3.9288044373162605] [-1.6985907098375947:4.3536184346590856] [-1.775184207459827:3.9650953816316705] [-1.6477998092868009:3.8890744965205957] [-2.0389471177213956:3.9504376520801001] [-1.4012850366370206:5.496038315545281] [-1.6884605721543797:3.4693147684671537] [-1.3324735792552929:4.9405145684234828] [-0.54363143598264163:6.1169821232518906] [-1.2876589882523528:4.5302028921247111] [-1.8969189728632732:3.57125248843117] [-1.9245464608254292:4.0062920558719242] [-1.4478915353819559:4.2515126804802614] [-1.8635900597310344:3.568165328749946] [-1.6512639323307425:4.1158092238096753] [-1.3847075366760977:3.9840663184485843]
tree_sizes=2958 3665 3571 2916 3123 4089 2818 3454 3643 3660 2612 2919 3234 3232 3466 2927 3026 3350 3532 3235 3149 3346 3039 3667 3344 3669 2816 2925 3426 3351 3130 2697 2914 3022 3466 2481 3043 2795 2911 3552 3356 3230 2705 3014 3360 2597 2684 2828 2911 2923 2507 2813 3142 2497 3245 2613 2708 3032 3239 2494 3020 2824 2798 3045 3455 3231 2367 2483 3021 2297 2163 2705 2919 2715 2400 3553 3241 2939 2602 2490 2088 2598 2387 2929 3047 2390 2076 2821 2821 2928 2283 2509 2395 2171 2283 2731 1975 1846 2404 3143 3124 1649 1764 2490 2391 2510 2724 2714 3028 2282 2500 2595 2614 2717 2385 2711 2597 2073 1857 2392 2836 2712 2202 2292 2285 2505 2180 2938 2504 1973 2398 2283 2402 2406 2388 1863 2722 2293 2611 2497 2198 2609 1648 2182 2505 2079 2610 1851 1861 1975 2191 1967 2194 2616 1328 1870 2193 2186 1771 2071 1870 1984 2193 1104 1972 2406 1650 2191 2629 2070 1432 1319 1542 2402 896 1648 1552 1753 2291 2172 1441 1974 1987 1328 1555 2075 1547 1536 1433 1646 1424 1433 1005 2192 1002 2076 1757 1533 1760 1970 686 1757 1111 1863 1320 1553 1763 1752 798 1751 1434 1538 1654 2093 1429 685 584 1223 895 692 1225 1977 904 1435 1111 1113 1008 797 1116 1106 1336 585 1652 1655 1116 479 1552 800 1225 1666 1223 899 1117 805 1443 792 693 1764 802 1332 687 799 584 1014 693 586 1339 794 1449

Tree=0
num_leaves=27
num_cat=0
split_feature=10 10 10 10 10 10 10 10 10 10 10 10 19 11 11 19 19 19 19 3 13 10 10 7 5 5
split_gain=45.8201 99.9722 63.5298 60.1098 93.3572 59.3793 54.8304 42.0141 41.7261 18.5973 28.1495 20.2619 13.6027 9.67169 10.9047 10.5311 7.53842 6.56899 10.717 6.53813 6.30711 5.65105 5.32115 5.27976 4.70519 11.8133
threshold=-0.12240666763837048 -0.711323193070312 -0.75812582529097694 1.0000000180025095e-35 0.61313439587818919 0.64568759447949264 1.2707422009807037 1.3302294371720149 -1.2037039549006023 1.8529631522793542 2.0165826887306255 2.627553828393399 -0.62078405201401421 0.60230980010977542 1.0000000180025095e-35 -0.10016762488090768 0.41672746587514192 0.99396398928560536 0.41672746587514192 0.6773193244421789 0.27459078977036039 0.10614381541853013 0.52818311358505732 -0.90708193137156379 1.4478302674070178 0.24807900892555659
decision_type=2 2 2 2 2 2 2 2 2 2 2 2 2 2 2 2 2 2 2 2 2 2 2 2 2 2
left_child=1 2 8 16 21 24 -7 -8 13 -9 -11 -12 -4 14 17 -16 20 18 -1 -10 -2 -5 -23 -3 25 -6
right_child=3 23 12 4 5 6 7 9 19 10 11 -13 -14 -15 15 -17 -18 -19 -20 -21 -22 22 -24 -25 -26 -27
leaf_value=-0.39639547971173872 -0.40696718988059011 -0.39277988724492069 -0.39920967727367374 -0.39370276954541966 -0.40644613982358596 -0.38682909099046081 -0.41053316053769839 -0.3858929890052174 -0.38513849115684512 -0.40778319133046553 -0.38325254322102631 -0.40113423295268286 -0.40745255597127539 -0.39280831352578977 -0.40040019912856306 -0.41443159742385999 -0.41042516449582506 -0.3913609690684054 -0.40781193563145374 -0.39231208192645267 -0.40057551545073355 -0.38508464505799311 -0.39133999582361095 -0.38586342355615472 -0.4035132392928894 -0.41555708323300811
leaf_weight=20.154885172843937 37.438261151313782 10.076746165752409 22.075608491897583 13.915755331516264 27.598427981138229 27.347934782505035 26.400631010532379 10.075353324413298 27.586937040090561 17.039498776197433 9.8349582254886645 9.8384403288364393 55.437947481870651 16.074784487485886 9.3583465516567248 7.4407571256160727 30.000637918710709 8.8768599331378919 9.3597393929958326 15.834737598896025 17.996900647878647 31.185202896595001 16.554181843996048 65.969716280698776 10.078835427761076 18.96231135725975
leaf_count=58 130 27 67 38 95 64 97 23 62 60 21 31 194 43 29 29 110 23 33 42 56 70 43 151 33 75
internal_value=-0.398126 -0.39544 -0.398862 -0.400495 -0.398021 -0.401666 -0.397559 -0.401576 -0.394654 -0.396518 -0.399448 -0.392233 -0.405088 -0.398845 -0.400626 -0.406572 -0.406829 -0.398015 -0.400031 -0.387778 -0.404888 -0.388738 -0.38726 -0.386799 -0.408953 -0.410162
internal_weight=572.514 268.247 192.201 304.267 218.832 157.176 100.537 73.1889 114.687 46.7883 36.7129 19.6734 77.5136 71.2654 55.1906 16.7991 85.4358 38.3915 29.5146 43.4217 55.4352 61.6551 47.7394 76.0465 56.6396 46.5607
internal_count=1704 758 580 946 650 499 296 232 319 135 112 52 261 215 172 58 296 114 91 104 186 151 113 178 203 170
is_linear=0
shrinkage=1


Tree=1
num_leaves=33
num_cat=0
split_feature=12 12 12 12 12 12 12 12 12 19 11 19 20 20 19 19 19 19 20 19 19 20 20 8 19 3 19 8 11 11 11 20
split_gain=51.4394 105.062 93.4941 81.7057 76.1562 58.3346 64.1847 22.6639 20.5588 13.6367 14.132 12.7338 12.4964 12.0337 9.25756 17.5433 12.8743 25.3965 12.2549 10.722 13.8077 10.2418 9.03302 5.4496 5.14241 4.89954 4.77229 4.55395 4.27841 3.87933 6.23651 3.66488
threshold=-0.16341684234799367 -0.25586931583086425 -0.75163971702825794 0.36333471803336193 0.4100240155228117 0.86508898182794158 0.9670102492271061 1.5021128706847209 1.5448062732710468 0.41672746587514192 1.0000000180025095e-35 -0.62078405201401421 0.60075011733418315 1.201385268480285 0.99396398928560536 0.94625821851108094 1.0000000180025095e-35 -0.11406942191867205 -0.076762462275573332 1.4668195962894974 1.5271793787288084 0.079749929054923632 -0.73597760321341188 0.16975519543351952 0.051970441697899057 0.77620403345481581 -0.96811245049634065 -0.48719878859893656 0.54720492187447356 0.18971951301599491 1.0000000180025095e-35 1.544202697112345
decision_type=2 2 2 2 2 2 2 2 2 2 2 2 2 2 2 2 2 2 2 2 2 2 2 2 2 2 2 2 2 2 2 2
left_child=1 2 13 -2 11 -6 26 -8 -9 10 25 -5 -10 14 15 16 17 21 -18 -16 -21 22 -1 -19 -4 -3 -7 -17 -13 30 -28 -15
right_child=3 9 24 4 5 6 7 8 12 -11 -12 28 -14 31 19 27 18 23 -20 20 -22 -23 -24 -25 -26 -27 29 -29 -30 -31 -32 -33
leaf_value=0.008735514894444343 0.017723280024586119 0.00064583520593241596 0.014184492963176247 0.0015599790817433822 0.019162214063791851 -0.005394027557819374 0.018385637354920055 0.0012121424567770262 0.016067405667325365 -0.0084047122175517699 -0.0060895666592460339 -0.013251483142205086 0.0051088305724642756 -0.009258453171186445 0.017285145869633554 -0.0016174822232030996 0.013877721874701966 -0.012602091059520556 0.0027647356610953459 -0.0032900398241253875 0.0095126284189694117 0.012960302130898655 -0.001267929541629796 -0.0025221912198256876 0.019519694798011904 0.0090498477993405692 0.0014832431576143261 -0.011985577426757585 -0.0055858892052848786 0.0034465926563585934 -0.0081958384422834412 -0.00012425787168078754
leaf_weight=12.017227783799166 65.932870909571648 16.082707345485691 29.356599479913712 12.960975065827368 34.417179778218269 15.119479358196257 24.545844197273254 21.111199706792831 23.553189635276794 38.849352449178696 24.471364989876747 11.513757362961771 12.497226670384405 6.4796022325754148 7.6991827487945548 6.7140125185251236 17.301054328680042 8.16203421354294 14.167046487331389 9.354215085506441 21.863821893930435 10.820422619581221 17.052275374531753 8.639668792486189 28.40026368200779 8.1601179242134076 14.150100380182266 6.4755689501762372 11.515943169593809 18.470549315214157 8.1562189757823944 7.2114929556846619
leaf_count=34 153 53 74 42 77 55 56 69 57 148 90 47 38 25 18 23 44 33 45 33 61 28 58 30 63 23 46 26 42 58 31 24
internal_value=0.00629632 0.00374078 0.00713584 0.00908741 0.00634732 0.00881216 0.00621739 0.0112448 0.0081758 -0.00446304 -0.00133304 -0.00540696 0.0122476 0.00350975 0.0042858 0.00286565 0.00429847 0.00176268 0.00885879 0.0079746 0.00566167 0.00562285 0.00287942 -0.00737345 0.0167924 0.00347272 -0.00112884 -0.00664146 -0.00940919 0.000433695 -0.00204769 -0.00440343
internal_weight=573.223 299.278 211.714 273.945 208.012 172.021 137.604 81.7075 57.1616 87.5635 48.7142 35.9907 36.0504 153.958 140.267 101.349 88.1597 56.6916 31.4681 38.9172 31.218 39.8899 29.0695 16.8017 57.7569 24.2428 55.8963 13.1896 23.0297 40.7769 22.3063 13.6911
internal_count=1704 933 619 771 618 487 410 220 164 314 166 131 95 482 433 321 272 183 89 112 94 120 92 63 137 76 190 49 89 135 77 49
is_linear=0
shrinkage=0.00891649


Tree=2
num_leaves=32
num_cat=0
split_feature=20 20 20 20 20 20 20 20 19 15 19 19 15 1 19 1 15 15 19 15 18 18 20 3 1 18 18 1 3 15 19
split_gain=45.3055 38.8822 98.3493 88.066 57.507 100.843 99.5829 37.3604 17.8634 13.7099 13.5504 10.9274 11.3776 10.4734 9.7166 11.1593 8.06508 8.44747 8.52272 7.89167 7.58961 6.82604 6.80683 4.72903 4.64467 4.56651 5.19626 4.43943 4.05583 3.97152 3.77727
threshold=1.235551448572932 1.0000000180025095e-35 0.60075011733418315 0.64317010994199264 -0.076762462275573332 -0.64753450234660914 -0.73597760321341188 -1.2331699816879782 -0.11406942191867205 -0.63045517839847576 -0.58328810155603161 -0.62078405201401421 0.32844233530283834 -0.17163984998075973 0.94625821851108094 1.2141852551304908 -1.3110423308008141 0.32844233530283834 -1.1068184745307392 -0.36464808937604376 0.064410241317530689 -0.78603457735420923 -0.42897523810759108 0.034212100179751577 -0.13391713872407521 0.59086702851871586 0.74941311281837553 0.63671578055447808 -1.0000000180025095e-35 0.32844233530283834 0.94625821851108094
decision_type=2 2 2 2 2 2 2 2 2 2 2 2 2 2 2 2 2 2 2 2 2 2 2 2 2 2 2 2 2 2 2
left_child=1 4 -3 -4 5 6 7 11 10 30 13 23 20 -2 15 24 -8 18 -18 -10 21 -13 -7 -1 -11 -19 -27 -26 -20 -21 -6
right_child=8 2 3 -5 9 22 16 -9 19 14 -12 12 -14 -15 -16 -17 17 25 28 29 -22 -23 -24 -25 27 26 -28 -29 -30 -31 -32
leaf_value=0.01570736550460634 -0.0065380733055754375 0.018500327962314045 -0.0020447670928664028 0.015634930199190052 -0.0098735053435821223 0.021812084370338526 -0.010839569847158901 0.017592692666869008 -0.012790698887093678 0.0015796965843210989 0.012814750618022879 0.0062833844814328219 -0.00091780050208497307 0.0043103117834385725 -0.0079059698014367092 -0.00509200222758408 0.0068770967624089425 -0.0093761190352196922 -0.0063086133921713876 0.0023722152268156266 0.003168321961782807 0.016884625962474059 0.015299672609714479 0.0071258789803259762 0.012189942604151212 0.0022166423270203123 -0.0064412020066385032 0.0037377332479404035 0.00055924191445549574 -0.005891837440868292 -0.0024476569056398555
leaf_weight=11.573663026094438 10.805006206035616 72.172811284661293 58.522261023521423 35.956012576818466 14.396139726042749 17.375110059976578 9.1168720424175245 33.795560970902443 9.1132243871688861 16.299123495817181 8.920209273695944 10.100720316171648 20.428756445646286 19.453965693712234 7.9062532037496558 11.041166588664053 12.243596762418745 13.183326318860052 10.543142452836035 7.1965049952268627 17.773502841591835 8.9143212586641294 47.548815593123436 8.9006875306367856 9.8443962186574971 9.3538751900196093 12.727521374821661 9.5977099239826202 18.469261661171917 11.992287009954451 8.6244857013225538
leaf_count=28 40 163 202 87 56 36 36 78 37 53 23 30 69 60 30 40 36 51 39 23 56 21 116 26 26 30 47 30 61 44 30
internal_value=0.00623285 0.00714719 0.0106738 0.00469516 0.00541654 0.00741276 0.00423997 0.00978709 -0.000615497 -0.00130822 0.0032578 0.00639027 0.00438339 0.000425514 0.00110399 0.00265317 -0.0029816 -0.00204495 0.000684506 -0.00600813 0.00733355 0.0112378 0.0170345 0.0119499 0.00507243 -0.00523943 -0.00276815 0.00800777 -0.0019269 -0.00278602 -0.00706591
internal_weight=573.89 506.409 166.651 94.4783 339.758 262.049 197.125 111.487 67.4812 77.7093 39.1792 77.6917 57.2173 30.259 54.6886 46.7824 85.6376 76.5207 41.256 28.302 36.7885 19.015 64.9239 20.4744 35.7412 35.2647 22.0814 19.4421 29.0124 19.1888 23.0206
internal_count=1704 1477 452 289 1025 760 608 308 227 265 123 230 176 100 179 149 300 264 136 104 107 51 152 54 109 128 77 56 100 67 86
is_linear=0
shrinkage=0.00891649


Tree=3
num_leaves=26
num_cat=0
split_feature=10 10 10 10 10 10 10 10 10 10 10 10 16 8 15 16 15 8 15 16 14 14 14 15 14
split_gain=43.8455 93.5602 59.7407 56.8061 87.439 56.5196 51.5793 40.3149 39.0472 17.5246 26.7676 19.1853 12.0517 14.5857 14.8124 13.3844 11.0936 6.80619 6.12477 5.52666 5.19824 5.28336 4.88054 4.68067 4.55837
threshold=-0.12240666763837048 -0.711323193070312 -0.75812582529097694 1.0000000180025095e-35 0.61313439587818919 0.64568759447949264 1.2707422009807037 1.3302294371720149 -1.2037039549006023 1.8529631522793542 2.0165826887306255 2.627553828393399 -0.48674037826729089 -0.48719878859893656 -0.66578106927455882 -0.78995141072977171 0.32844233530283834 0.59867835856972296 -0.82563418106787567 0.060305713681996005 -0.2178449368241113 0.88844315844919575 -0.38023872485816718 -0.95839555318428593 0.88844315844919575
decision_type=2 2 2 2 2 2 2 2 2 2 2 2 2 2 2 2 2 2 2 2 2 2 2 2 2
left_child=1 2 8 16 17 -6 19 -8 12 -9 -11 -12 15 -14 -15 -1 20 -5 -4 -7 -2 -22 -10 -3 -20
right_child=3 23 18 4 5 6 7 9 22 10 11 -13 13 14 -16 -17 -18 -19 24 -21 21 -23 -24 -25 -26
leaf_value=0.006061688746001854 0.0044964111028035604 0.011976597940221739 -0.0066741704230365096 0.016580957659100656 -0.0044043597149785573 0.012977669091255495 -0.0059831150083675738 0.018007960921053397 0.012509033341785268 -0.0032506541129344456 0.020577928236383655 0.0032292552177381126 0.013300361265176544 -0.0052658535474679954 0.0092195831398362207 -0.0067279130913751265 -0.0060301321531378276 0.0089344420953120403 0.001824327757405008 0.020933047070656255 -0.0045938927099916736 0.0026835999400567677 0.018594708470931243 0.018064325417614817 -0.0034721125267558675
leaf_weight=15.184721678495407 16.546885117888451 11.851721778511999 11.026662811636923 51.077137768268585 56.54888816177845 13.314028918743135 26.35596726834774 10.166475161910055 17.417110979557037 17.019404098391533 9.9298422336578387 9.8620204478502256 22.643134906888008 9.370742544531824 13.233166202902792 11.045098036527634 36.452633693814278 11.132145032286642 49.155161276459694 14.287919983267782 19.180981889367104 13.185002997517584 26.382050827145576 64.880517840385437 17.272726193070412
leaf_count=45 51 31 41 120 203 34 97 23 45 60 21 31 58 34 37 41 134 31 159 30 69 42 59 147 61
internal_value=0.00617037 0.00879063 0.00547735 0.00385512 0.00625167 0.00271866 0.00671052 0.00280772 0.00954033 0.00774336 0.00489555 0.0118968 0.00548544 0.00825879 0.0032171 0.000682085 -0.00230841 0.0151865 -0.000569549 0.0170594 0.00044877 -0.00161285 0.0161567 0.017106 0.000438636
internal_weight=574.522 269.463 192.731 305.059 219.694 157.485 100.936 73.3337 115.276 46.9777 36.8113 19.7919 71.4769 45.247 22.6039 26.2298 85.3655 62.2093 77.4546 27.6019 48.9129 32.366 43.7992 76.7322 66.4279
internal_count=1704 758 580 946 650 499 296 232 319 135 112 52 215 129 71 86 296 151 261 64 162 111 104 178 220
is_linear=0
shrinkage=0.00891649


Tree=4
num_leaves=28
num_cat=0
split_feature=10 10 10 10 10 10 10 10 10 10 10 10 17 1 15 13 17 1 15 10 10 11 15 17 11 11 17
split_gain=42.9194 91.4032 58.5304 55.7238 85.5211 55.4726 50.4303 39.573 38.149 17.1252 26.2324 18.7361 11.5687 14.086 10.9149 10.9177 8.85488 11.2936 6.02529 5.4125 5.16225 5.07965 4.56134 4.40289 4.40269 4.4756 4.02697
threshold=-0.12240666763837048 -0.711323193070312 -0.75812582529097694 1.0000000180025095e-35 0.61313439587818919 0.64568759447949264 1.2707422009807037 1.3302294371720149 -1.2037039549006023 1.8529631522793542 2.0165826887306255 2.627553828393399 1.0499957711299379 -1.1787487881334533 0.32844233530283834 0.27459078977036039 -0.065983918558071605 0.50409145725886406 -0.82563418106787567 0.10614381541853013 0.52818311358505732 0.60230980010977542 -0.95839555318428593 -0.23197720343105005 1.0000000180025095e-35 1.1288115393609288 0.43524523045310554
decision_type=2 2 2 2 2 2 2 2 2 2 2 2 2 2 2 2 2 2 2 2 2 2 2 2 2 2 2
left_child=1 2 8 14 19 24 -7 -8 12 -9 -11 -12 13 -1 15 23 17 -15 -4 -5 -21 -10 -3 -2 26 -26 -6
right_child=3 22 18 4 5 6 7 9 21 10 11 -13 -14 16 -16 -17 -18 -19 -20 20 -22 -23 -24 -25 25 -27 -28
leaf_value=-0.0045231390925027561 -0.0079595938154600962 0.011844063994756198 -0.0066242371366215047 0.010176253410737078 0.0019863366313237758 0.01685778215700396 -0.0059378828677972119 0.017793143021450394 0.013787067464906979 -0.0032243376990841724 0.02032424438457707 0.0031971470676702067 -0.001861941061220407 -0.00062955208847745932 -0.0059837959852243085 0.0071610415460985561 0.013535388948125051 0.010175707722514251 0.00043461943007322158 0.018576302487035221 0.012451641121762358 0.020168578254084218 0.017847611439941988 -0.00047459757619213453 -0.0088752657283778357 -0.00245145029680785 -0.0059563276004127143
leaf_weight=6.9754964560270301 7.9070901721715918 11.876713216304777 11.011660560965536 14.060881018638609 12.69607423245907 27.682847961783409 26.323671609163284 10.198009744286535 28.865184798836708 17.008175894618034 9.9645805954933184 9.8681574016809446 13.710090979933737 12.509541988372801 36.408094853162766 13.691407337784765 19.299643799662594 19.053990036249161 66.433837845921516 31.568485081195831 16.743509739637375 15.05677008628845 65.081978991627693 27.318494945764542 21.280580550432205 14.3809457719326 8.1404258757829648
leaf_count=25 30 31 41 38 41 64 97 23 72 60 21 31 47 42 134 40 49 52 220 70 43 32 147 92 82 50 30
internal_value=0.00610889 0.00869878 0.00542316 0.00381833 0.00618947 0.00269323 0.00664329 0.00278139 0.00943922 0.00766421 0.00484764 0.0117664 0.00543098 0.0071667 -0.0022889 0.000444816 0.00879714 0.00589296 -0.000564663 0.0150112 0.0164474 0.0159677 0.0169034 -0.00216352 -0.00436925 -0.00628168 -0.00113118
internal_weight=575.116 269.875 192.916 305.241 219.916 157.543 101.045 73.3626 115.471 47.0389 36.8409 19.8327 71.5488 57.8387 85.3251 48.917 50.8632 31.5635 77.4455 62.3729 48.312 43.922 76.9587 35.2256 56.498 35.6615 20.8365
internal_count=1704 758 580 946 650 499 296 232 319 135 112 52 215 168 296 162 143 94 261 151 113 104 178 122 203 132 71
is_linear=0
shrinkage=0.00891649


Tree=5
num_leaves=37
num_cat=0
split_feature=12 12 12 12 12 12 12 12 12 19 19 14 14 14 20 19 20 20 20 14 19 14 18 20 4 20 18 18 19 18 4 18 3 3 19 3
split_gain=48.8176 98.3582 86.2377 74.6233 72.1528 53.2391 60.1321 20.448 19.0968 13.2882 12.5028 12.1491 16.1169 27.7466 11.9892 11.268 10.301 14.0069 14.2898 9.83201 9.28173 8.49387 7.77216 7.05466 6.84047 6.08902 5.91147 19.759 5.44522 5.44557 5.1694 4.92178 4.80874 7.61266 4.71035 4.67937
threshold=-0.16341684234799367 -0.25586931583086425 -0.75163971702825794 0.36333471803336193 0.4100240155228117 0.86508898182794158 0.9670102492271061 1.5021128706847209 1.5448062732710468 0.41672746587514192 -0.62078405201401421 2.0825664633865908 -0.12597556700880727 0.33208606290449399 0.60075011733418315 1.0000000180025095e-35 1.0259412525418734 -0.68779826277202838 -0.73597760321341188 0.99732184854809336 -0.10016762488090768 -0.48063655517014242 -0.39519642662065185 0.90820345910560196 0.90173745429034469 0.2612821299789081 -1.350800561649079 -0.93136272700745104 -0.96811245049634065 0.59086702851871586 0.27542147144202717 -0.62513802350445447 0.77620403345481581 -0.75690798027251405 -0.41046615744162845 0.13800461201406128
decision_type=2 2 2 2 2 2 2 2 2 2 2 2 2 2 2 2 2 2 2 2 2 2 2 2 2 2 2 2 2 2 2 2 2 2 2 2
left_child=1 2 11 -2 10 -6 22 -8 24 23 -5 12 15 -14 -10 20 17 18 -15 25 21 -1 -7 32 -9 -19 35 -28 -24 -30 34 -29 33 -3 -4 -17
right_child=3 9 30 4 5 6 7 8 14 -11 -12 -13 13 16 -16 26 -18 19 -20 -21 -22 -23 28 -25 -26 -27 27 31 29 -31 -32 -33 -34 -35 -36 -37
leaf_value=0.0076472232654693235 0.016958039442721885 0.0059223257275041455 0.013840093457874096 0.0015780570977371852 0.018345150709741173 -0.0096392289217801276 0.017620066894381128 0.0050158233856506919 0.015591731211175044 -0.0082914623128833211 -0.0092990161537136306 -0.0060068731116182331 0.01911797184680341 0.0071249262227970778 0.004884971783674026 -0.0055206522840525107 -0.005139403598409544 0.0091496994759111914 -0.0098355037566043631 0.015292065174757251 -0.010807706605801401 -0.0052156446189035536 -0.0045043532673328781 -0.0095010585850573547 -0.0054115260728540603 -0.00079104859895073789 0.018701338297051437 -0.0035544267291499339 -0.0016605951689452334 0.0053601534555519133 0.011478922651704911 0.0050049541999156264 0.0052336763413067429 -0.0041884694033313685 0.019879580439594511 0.0031782663836770371
leaf_weight=7.0075023919343975 66.679220572113991 7.6729276776313773 16.523092940449715 12.955664604902266 34.8227469176054 7.1737840920686713 24.821442976593971 13.427463322877886 23.723710790276527 38.722390413284302 22.954461351037025 10.101928129792212 12.386511653661726 7.9721248745918274 12.547164499759672 7.6866289377212516 7.4426218420267096 12.520495861768724 7.420336499810217 12.83296877145767 9.1047845631837863 9.1628727763891202 13.894248828291891 6.9403709769248954 7.6688044816255561 7.6718627512454978 7.2896520346403113 7.9269314557313946 16.292351111769676 18.473571285605431 14.6120059043169 15.154547721147543 10.574758619070051 23.487438470125202 27.271478399634361 12.748786792159079
leaf_count=20 153 23 41 42 77 28 56 41 57 148 89 37 27 23 38 28 27 35 29 31 36 33 50 27 28 26 16 28 56 56 38 46 32 84 58 40
internal_value=0.00604846 0.0035614 0.00682937 0.00875867 0.00613702 0.00852357 0.00603981 0.0108816 0.00796379 -0.00439213 -0.0053238 0.00334185 0.00400106 0.00714279 0.0118679 0.00118082 0.00447237 0.00596604 -0.000993056 0.00923232 -0.00366316 0.000333804 -0.00108465 -0.0013031 0.00124115 0.00537492 0.00359368 0.00608464 0.000171064 0.00205737 0.0160417 0.0020637 7.96043e-05 -0.00166954 0.0175959 -7.88076e-05
internal_weight=575.67 300.235 212.837 275.435 208.755 172.845 138.023 82.1886 57.3671 87.3979 35.9101 154.431 144.329 68.2469 36.2709 76.0817 55.8604 48.4178 15.3925 33.0253 25.2752 16.1704 55.834 48.6755 21.0963 20.1924 50.8065 30.3711 48.6602 34.7659 58.4066 23.0815 41.7351 31.1604 43.7946 20.4354
internal_count=1704 933 619 771 618 487 410 220 164 314 131 482 445 198 95 247 171 144 52 92 89 53 190 166 69 61 158 90 162 112 137 74 139 107 99 68
is_linear=0
shrinkage=0.00891649


Tree=6
num_leaves=25
num_cat=0
split_feature=15 15 15 15 15 15 15 15 15 15 15 15 17 5 5 17 15 7 5 6 6 7 1 7
split_gain=37.7914 89.355 38.6606 91.9107 56.5779 65.4598 29.4253 62.7489 23.9389 63.2082 47.8647 14.8778 9.66967 8.61875 10.3042 7.60292 7.08595 6.50115 6.12923 6.04007 6.0224 4.73133 4.71105 13.09
threshold=-0.75197308362565063 -0.21923732335509546 -0.19212583751224344 0.27715364387660096 0.3832932350656017 0.89826929368498365 0.94960537590948946 1.4584443261530822 -0.82563418106787567 -1.3110423308008141 -1.3515456663877463 -1.7252142122696066 -0.23197720343105005 0.88972925765399158 -0.37160518346699978 -0.39443305730128758 1.5508208396782317 0.26232668622685645 0.41331859411350574 -0.44857027978535463 -0.61716177942211659 0.81026997024807967 0.090414026473754086 0.26232668622685645
decision_type=2 2 2 2 2 2 2 2 2 2 2 2 2 2 2 2 2 2 2 2 2 2 2 2
left_child=8 -2 22 -4 19 -6 12 -8 9 10 11 -1 21 14 -9 -11 -16 -14 -18 -5 -10 -7 -3 -24
right_child=1 2 3 4 5 6 7 13 20 15 -12 -13 17 -15 16 -17 18 -19 -20 -21 -22 -23 23 -25
leaf_value=0.0021958163780107843 0.017477971650413718 -0.0025857119915174316 0.017011862665966621 -0.0067756457990610936 0.016820732379742465 0.0049875655639204331 0.016873850961998765 0.0063409451990047647 0.003176559973497813 0.019850655229123697 -0.0089942640422448275 0.013866612743584134 3.0778387981941675e-05 0.0067109186315389277 -0.0097478698753632534 0.011229984937031284 -0.0051370023382222053 -0.010485436364377517 0.0059097547672955159 -0.00080192750579808291 -0.0039405135217998712 -0.003490246902395521 0.010987373671031263 -0.00072977751159683643
leaf_weight=23.844791233539581 59.496574401855469 32.097445890307426 59.767681106925011 19.911150857806206 42.451981872320175 14.370423138141634 31.940988779067993 9.9106950759887678 11.774373367428778 14.127292349934576 27.981194868683815 13.380717068910597 7.1732274144887951 14.707609817385672 10.769110828638079 18.75388091802597 9.1403375715017301 12.458756849169729 6.7546851187944403 40.705464005470276 44.301866188645363 7.9136307686567298 9.598850801587103 32.851718708872795
leaf_count=76 134 112 136 74 97 44 73 29 37 30 108 33 24 43 42 49 33 49 20 138 158 28 26 111
internal_value=0.00598908 0.00736905 0.00570711 0.00718743 0.00461038 0.00727752 0.00403488 0.00709651 0.00221205 0.00486344 -0.000204376 0.00638796 -0.00204022 0.00100101 -0.00132042 0.0149107 -0.00420608 -0.00659851 -0.000443657 -0.00275682 -0.00242648 0.00193771 -4.76447e-06 0.00192779
internal_weight=576.184 422.02 362.524 287.976 228.208 167.591 125.139 83.2234 154.164 98.0879 65.2067 37.2255 41.916 51.2824 36.5748 32.8812 26.6641 19.632 15.895 60.6166 56.0762 22.2841 74.548 42.4506
internal_count=1704 1213 1079 830 694 482 385 240 491 296 217 109 145 167 124 79 95 73 53 212 195 72 249 137
is_linear=0
shrinkage=0.00891649


Tree=7
num_leaves=31
num_cat=0
split_feature=20 10 10 10 10 10 10 10 10 10 19 19 6 19 5 5 6 5 5 20 20 13 20 20 19 18 18 5 10 10
split_gain=42.1995 36.4604 72.5655 66.0638 63.6491 46.305 41.2551 40.5517 34.4171 36.1935 18.7875 13.5424 11.8834 10.6566 12.4489 8.65079 7.4539 6.82805 7.72171 6.74034 6.88882 6.4861 6.37449 15.4924 5.71206 5.13426 4.27744 4.21703 3.67266 4.8852
threshold=1.201385268480285 -0.12240666763837048 -0.711323193070312 1.0000000180025095e-35 0.61313439587818919 -0.75812582529097694 0.64568759447949264 -1.2037039549006023 1.2707422009807037 1.3302294371720149 -0.11406942191867205 -0.62078405201401421 0.44963950637280087 -0.58328810155603161 1.4478302674070178 -0.64522410462576685 1.0774227345971312 1.4478302674070178 0.24807900892555659 -0.73597760321341188 0.079749929054923632 0.27459078977036039 -0.076762462275573332 -0.68779826277202838 -0.10016762488090768 -0.78603457735420923 0.064410241317530689 1.4478302674070178 0.10614381541853013 0.52818311358505732
decision_type=2 2 2 2 2 2 2 2 2 2 2 2 2 2 2 2 2 2 2 2 2 2 2 2 2 2 2 2 2 2
left_child=1 2 5 21 28 7 17 19 -8 -10 13 -7 -11 14 25 -12 -14 18 -6 -1 22 26 23 -21 -13 -2 -3 -17 -5 -30
right_child=10 3 -4 4 6 11 8 -9 9 12 15 24 16 -15 -16 27 -18 -19 -20 20 -22 -23 -24 -25 -26 -27 -28 -29 29 -31
leaf_value=0.0098727160813956317 -0.0073045791379984749 -0.0076295560319729425 0.016908096056217105 0.010706248754502599 -0.0014401606523610905 0.0066345036066114112 0.01598866027956878 0.016991081715793457 -0.0058891988193309174 0.013577605402624406 0.0022047243442518214 -0.0074567767705167546 -0.0023164989560276786 0.011221976748272305 0.011257036268353485 -0.011318003197041727 0.0085735066876228058 0.0041210746384431115 -0.0097256767264789178 -0.0012162483437432722 0.0092311682653192974 0.001461737506221988 -0.0037624462471011911 0.013767428005990961 -0.00040863952372899022 0.0010256919805711115 -0.0023757749787767994 -0.0024628514850085718 0.018176749731603221 0.012113263581614676
leaf_weight=20.589593172073364 9.5812091976404208 20.080932602286339 70.702087074518204 12.939618125557898 22.719218775629997 18.981476679444313 25.927685812115669 39.371032118797302 20.303731873631477 19.685464575886726 7.2105979770422008 12.215840667486189 8.6232175827026385 9.9924565255641919 6.7415946125984183 15.76382088661194 11.165819287300108 8.3971468508243543 14.540647998452185 14.402352049946783 13.085936605930327 20.655175030231476 11.284601718187334 8.5180496871471387 34.699694663286209 14.439287573099138 31.588022023439407 5.7451060712337485 30.586605057120323 16.129300281405449
leaf_count=56 36 76 160 34 78 56 60 89 75 49 23 46 30 26 18 63 31 26 57 49 36 67 40 21 117 47 110 20 67 41
internal_value=0.00593072 0.00682325 0.00930732 0.00452265 0.00726819 0.00620098 0.00380268 0.00980904 0.00744239 0.00372953 -0.000572823 0.000323857 0.00868573 0.0032953 0.000709903 -0.00608991 0.00383869 -0.00302607 -0.00467883 0.00564143 0.00377764 -0.002723 0.0016684 0.00435324 -0.00224919 -0.00228481 -0.00442031 -0.00893283 0.0148928 0.0160772
internal_weight=576.667 507.193 243.851 263.343 191.018 173.149 131.363 107.252 85.7059 59.7782 69.4741 65.897 39.4745 40.7545 30.7621 28.7195 19.789 45.657 37.2599 67.8805 47.2909 72.3241 34.205 22.9204 46.9155 24.0205 51.669 21.5089 59.6555 46.7159
internal_count=1704 1471 670 801 548 510 406 291 245 185 233 219 110 127 101 106 61 161 135 202 146 253 110 70 163 83 186 83 142 108
is_linear=0
shrinkage=0.00891649


Tree=8
num_leaves=33
num_cat=0
split_feature=1 1 1 1 1 1 1 1 3 3 3 14 3 3 3 16 3 7 11 3 16 16 11 3 3 7 11 14 14 7 1 11
split_gain=29.8646 81.5939 59.6191 83.4998 48.2847 57.2375 30.5897 31.0229 24.685 20.3734 36.586 17.1303 16.927 10.9124 17.5409 11.2828 10.8192 10.6508 10.2788 8.84205 9.61428 8.27967 7.52145 6.9559 7.40999 6.39592 5.5474 5.45977 7.87844 4.95713 4.15774 3.91002
threshold=-0.43669153170535879 0.090414026473754086 -0.49505222168737434 -0.99864411408838072 0.11745730266184302 0.58555612609639918 -1.0742195334137243 -1.3954613522900934 -1.073424636876221 -1.0091682742455681 -0.50044154892440484 2.0825664633865908 1.4402918256320458 -0.4739748824901675 1.0000000180025095e-35 1.023427836088219 -1.5662790729461455 0.26232668622685645 -0.56806480754761346 0.30593011673016846 0.39111648522588432 0.39111648522588432 1.1288115393609288 0.087758426487853827 0.59936891968852335 1.3284128428678206 -0.48294564434938708 -0.2178449368241113 0.59014537735632577 -0.39447321213172554 0.30031160624504921 1.1288115393609288
decision_type=2 2 2 2 2 2 2 2 2 2 2 2 2 2 2 2 2 2 2 2 2 2 2 2 2 2 2 2 2 2 2 2
left_child=2 -2 3 6 17 30 7 18 16 25 -11 13 -8 21 -15 23 -7 31 -1 29 -21 -12 -19 -16 -25 -10 -20 -26 -29 -4 -6 -3
right_child=1 4 19 -5 5 8 12 -9 9 10 11 -13 -14 14 15 -17 -18 22 26 20 -22 -23 -24 24 27 -27 -28 28 -30 -31 -32 -33
leaf_value=0.0051478792028071749 0.016045886471262445 -7.3027145930516129e-05 -0.011147979097621807 0.015945470482174106 0.012916422408693083 0.0080648338049901149 -0.0065935236579005175 0.01381201247512813 -0.00055590849298279069 0.017683569946239156 -0.0051775075491484173 -0.0086247792961916848 0.0070519267641822462 0.016354034323852341 0.0012802176144392501 -0.0050072715615312987 0.019118129906817903 -0.0089903007939673481 -0.0094721138256794353 0.0030870931564453037 -0.0076124196372102078 0.0056914458870259326 0.0013808687690846832 0.015708822877732991 0.012220501564741042 -0.010539374997441777 7.5539687204735948e-06 -0.003445190949252649 0.0074110913060655694 -0.0041118740263121935 0.018700972090581254 0.0069017255885477245
leaf_weight=28.049394652247429 70.794222757220268 26.595018610358238 15.050722479820253 48.48243473470211 15.650033518671988 16.915425151586536 35.106526523828506 24.212787717580795 12.462789267301561 15.441270947456358 14.851934134960176 8.8633313030004484 8.8795760571956617 10.533555477857588 19.899820730090141 9.1241899877786619 11.756501674652098 18.643148690462116 6.9290278702974346 18.901901468634609 10.0531779974699 8.6313217580318433 7.6588928848505011 7.3503824323415747 7.7529197633266405 8.4005822539329511 15.400167196989058 7.9086835235357382 14.982208758592604 16.730499535799026 26.950706958770752 8.1542388051748258
leaf_count=84 163 89 60 112 39 48 131 59 42 34 54 34 26 24 65 33 25 72 27 60 38 26 25 17 20 33 51 28 43 60 58 24
internal_value=0.00587328 0.00751111 0.00336134 0.00610904 0.00533904 0.00730418 0.00208237 0.00555186 0.00504755 0.00356182 0.00491813 0.00311344 -0.00380182 0.00415432 0.00576604 0.0040864 0.0125837 -0.00165277 0.00157572 -0.00418932 -0.000643911 -0.00113635 -0.00593186 0.00553458 0.00776815 -0.00454372 -0.00292097 0.00584474 0.00364615 -0.00744105 0.0165488 0.00156001
internal_weight=577.117 349.321 227.796 167.06 278.527 217.476 118.577 74.5914 174.875 146.203 125.34 109.898 43.9861 101.035 77.5518 67.0182 28.6719 61.0513 50.3786 60.7363 28.9551 23.4833 26.302 57.894 37.9942 20.8634 22.3292 30.6438 22.8909 31.7812 42.6007 34.7493
internal_count=1704 996 708 490 833 623 378 221 526 453 378 344 157 310 230 206 73 210 162 218 98 80 97 173 108 75 78 91 71 120 97 113
is_linear=0
shrinkage=0.00891649


Tree=9
num_leaves=33
num_cat=0
split_feature=12 12 12 12 12 12 12 12 12 19 11 19 19 19 19 19 19 12 12 19 19 19 19 15 19 19 2 19 11 0 0 0
split_gain=46.1907 92.0965 79.8472 68.5791 68.5097 48.9026 56.2881 18.5771 17.7438 12.9855 13.6229 12.2157 10.8394 13.8723 13.8863 23.4327 12.9875 10.6423 11.2657 10.3215 9.98986 12.0578 9.95277 8.64813 11.9287 7.73285 5.62691 4.77242 4.22263 4.15796 3.84347 3.81359
threshold=-0.16341684234799367 -0.25586931583086425 -0.75163971702825794 0.36333471803336193 0.4100240155228117 0.86508898182794158 0.9670102492271061 1.5021128706847209 1.5448062732710468 0.41672746587514192 1.0000000180025095e-35 -0.62078405201401421 0.99396398928560536 0.94625821851108094 1.0000000180025095e-35 -0.11406942191867205 -0.58328810155603161 1.9080135596403245 2.113951843513719 -0.62078405201401421 1.4668195962894974 1.5271793787288084 0.41672746587514192 -0.21923732335509546 -0.8571806608816358 -0.62078405201401421 1.5829798167235862 0.051970441697899057 0.54720492187447356 -0.029711750967318058 0.37767050005724506 -0.029711750967318058
decision_type=2 2 2 2 2 2 2 2 2 2 2 2 2 2 2 2 2 2 2 2 2 2 2 2 2 2 2 2 2 2 2 2
left_child=1 2 12 -2 11 -6 23 -8 -9 10 -3 -5 13 14 15 16 19 -10 -19 -1 -14 -22 -16 25 -25 -7 -23 30 -13 -17 -4 -24
right_child=3 9 27 4 5 6 7 8 17 -11 -12 28 20 -15 22 29 -18 18 -20 -21 21 26 31 24 -26 -27 -28 -29 -30 -31 -32 -33
leaf_value=0.0054800242832504214 0.016265860887095668 0.0034543994185506073 0.015519583560028055 0.0015632604060020572 0.017609448458413491 -3.5877514304878588e-05 0.016915542200549642 0.0012553756182842547 0.018854352002089816 -0.0081759603666647068 -0.0059433656574613986 -0.013027367422479468 0.016060863156039284 -0.0066804363357545055 0.013182327930939812 -0.012446495338317039 0.012487244616057264 0.0019051997938380964 0.013677454707780428 -0.0041593663598054496 -0.0028010613815482445 0.0031499875753034537 0.0068683696185911965 -0.0082259673221900757 0.003603425279336471 -0.0124766799841732 0.012246700993130516 0.017963252948270728 -0.0053872771150660038 -0.0041933854565989002 0.0090366440328034734 -0.0008283510489624688
leaf_weight=20.603780135512345 67.274373456835747 24.245219603180885 17.662802904844288 12.959252804517744 35.142414525151253 7.1817529648542395 25.045155853033066 21.08736889064312 10.791172310709952 38.587216466665268 24.372663944959641 11.424687787890436 7.8337712287902823 13.385095268487929 14.197237297892569 8.1170735359191912 10.757425457239149 11.583700031042101 14.091984167695044 15.099388033151632 10.519188255071638 8.7322682738304156 11.340150743722914 8.3681888878345472 31.868239715695381 8.3518009632825834 13.577794402837752 28.998128548264503 11.454447686672209 11.72954313457012 12.261370867490767 8.8895535916090029
leaf_count=61 153 76 41 42 77 24 56 69 23 148 90 47 18 50 35 33 27 37 35 54 37 27 33 32 100 34 35 63 42 42 33 30
internal_value=0.00581673 0.00339891 0.00654771 0.00844605 0.00593058 0.00824605 0.0058622 0.0105265 0.00774411 -0.00431273 -0.00125907 -0.0052535 0.00318773 0.0017758 0.00290769 0.000524556 0.00397947 0.0114904 0.00838348 0.00140213 0.00712871 0.00498023 0.00748904 -0.00104324 0.00111414 -0.00667323 0.00866519 0.0153655 -0.00919354 -0.00754252 0.0128753 0.00349951
internal_weight=577.534 300.91 213.705 276.625 209.35 173.512 138.369 82.5994 57.5542 87.2051 48.6179 35.8384 154.782 114.119 100.734 66.3072 46.4606 36.4669 25.6757 35.7032 40.663 32.8293 34.4269 55.77 40.2364 15.5336 22.3101 58.9223 22.8791 19.8466 29.9242 20.2297
internal_count=1704 933 619 771 618 487 410 220 164 314 166 131 482 365 315 217 142 95 72 115 117 99 98 190 132 58 62 137 89 75 74 63
is_linear=0
shrinkage=0.00891649


Tree=10
num_leaves=23
num_cat=0
split_feature=20 20 20 20 20 20 20 20 19 16 19 19 18 19 9 18 20 19 7 16 16 7
split_gain=40.5894 34.707 83.0544 78.7915 49.1647 85.9441 87.7889 31.7457 18.052 10.693 9.96101 9.49426 8.90109 7.9895 7.92699 7.76892 6.48458 6.15784 5.31348 5.28904 4.98401 3.95563
threshold=1.201385268480285 1.0000000180025095e-35 0.60075011733418315 0.64317010994199264 -0.076762462275573332 -0.64753450234660914 -0.73597760321341188 -1.2331699816879782 -0.11406942191867205 0.040768353255235798 -0.58328810155603161 0.41672746587514192 -0.78603457735420923 -1.3454354073708654 0.65870543293323369 0.34298236187823022 -0.42897523810759108 -0.10016762488090768 -0.7662879553177111 -0.16090320591406571 -0.23527885658244854 0.81026997024807967
decision_type=2 2 2 2 2 2 2 2 2 2 2 2 2 2 2 2 2 2 2 2 2 2
left_child=1 4 -3 14 5 6 7 9 10 13 12 -11 -2 -1 -4 19 -7 -8 -10 -6 -15 -20
right_child=8 2 3 -5 15 16 17 -9 18 11 -12 -13 -14 20 -16 -17 -18 -19 21 -21 -22 -23
leaf_value=0.01011505205488431 -0.0060264815701668549 0.017040750827598546 -0.0040340793092676578 0.014985558614716845 0.00025593235733712343 0.020236277819321725 0.00016904079602865735 0.016178273154668212 0.0007497930059380567 0.01504364190529588 0.010803448936832265 0.0050914993520719473 0.0040393569923829571 0.0033181905872993306 0.0031871861920116464 0.0024209602167227389 0.013942939463811191 -0.00476032911591945 -0.010933654013870864 -0.0057361851197339723 -0.0039883484882927353 -0.0030234924282350304
leaf_weight=10.446477398276327 10.285050079226496 73.569999873638153 41.585702806711197 34.654291048645973 18.903607413172722 17.722555249929428 31.922613680362701 34.43782614171505 6.7335218787193325 15.127963140606882 10.050903931260107 14.982241779565809 20.495771184563637 27.842944189906117 16.770712062716484 28.795034244656563 48.444942399859428 53.520569890737534 14.30662125349045 29.830287128686905 9.8484636694192904 7.6248896718025199
leaf_count=28 38 163 149 81 63 36 106 78 22 36 26 45 63 86 53 92 116 194 57 110 35 27
internal_value=0.00576117 0.00663467 0.00997082 0.00437909 0.00500803 0.00683823 0.00390125 0.00906281 -0.000616715 0.00592979 0.00316692 0.0100775 0.000663071 0.00331814 -0.00193772 -0.00122456 0.0156222 -0.00290583 -0.00603421 -0.0034007 0.00139901 -0.00817265
internal_weight=577.903 508.406 166.581 93.0107 341.826 264.297 198.129 112.686 69.4968 78.2481 40.8317 30.1102 30.7808 48.1379 58.3564 77.5289 66.1675 85.4432 28.665 48.7339 37.6914 21.9315
internal_count=1704 1471 446 283 1025 760 608 308 233 230 127 81 101 149 202 265 152 300 106 173 121 84
is_linear=0
shrinkage=0.00891649


Tree=11
num_leaves=26
num_cat=0
split_feature=18 18 18 18 18 18 17 18 18 17 18 18 18 19 19 18 19 3 1 6 17 17 19 19 6
split_gain=36.2796 54.5981 67.827 50.6519 64.7124 48.4769 28.9339 22.4416 48.1572 26.3325 19.983 18.141 22.1539 15.8365 11.8537 10.9131 7.86207 13.8243 7.25753 6.39134 5.85548 9.98542 5.16423 4.5206 4.13668
threshold=-0.85130849938950137 -0.39519642662065185 -0.37146705388329321 0.032647793235434618 0.12752380531045562 0.59086702851871586 0.43524523045310554 -0.93136272700745104 -1.350800561649079 -0.58242668060359326 -1.3862511729811038 0.62783507533969918 1.0731972064897308 0.41672746587514192 0.52912356832460583 2.1127684096224431 -0.10016762488090768 0.27822975280737239 1.7638748049172239 1.5736572978241292 -0.80289551634459577 -0.23197720343105005 0.99396398928560536 0.6753823638224995 -0.070805002637463241
decision_type=2 2 2 2 2 2 2 2 2 2 2 2 2 2 2 2 2 2 2 2 2 2 2 2 2
left_child=7 -2 -3 -4 16 -6 11 8 9 -1 22 -7 -13 18 -10 20 17 -5 -8 -12 -14 -22 -11 -18 -9
right_child=1 2 3 4 5 6 13 24 14 10 19 12 15 -15 -16 -17 23 -19 -20 -21 21 -23 -24 -25 -26
leaf_value=-0.010964392289840502 0.015546945030526704 -0.0039193167571274752 0.015629908119483397 -0.0034825371565821456 0.015992384905018558 0.0024187200081532928 0.0041768823533731838 0.00077529428674582657 0.006994956336133 0.0032583821327092561 -0.0065387782141708099 0.016010543074195669 0.0029973119921384486 -0.011973772125933884 0.018618260698508724 0.015498040377854242 -0.0075735049606580436 0.0093217620377827708 -0.0043667993404266775 0.0037537969226081268 0.016829178432346829 0.0052239162791740913 0.011220546821156635 -0.00035756545854320401 -0.0054438902987893568
leaf_weight=13.919120624661444 51.465820044279099 49.639429777860641 48.51153276860714 18.733935818076137 47.324122339487076 34.057292357087135 33.271626025438309 11.453716322779654 11.77750074863434 10.640492185950277 15.468690603971487 32.280590459704399 31.576586753129956 7.1499768048524848 16.488858684897423 10.26812271773815 22.444317862391472 10.149477481842039 10.110480681061743 6.6910219043493262 8.1251193732023257 20.071767896413807 16.041326209902763 9.8174740225076658 30.780067592859268
leaf_count=55 118 178 111 66 107 109 102 38 33 33 58 73 99 29 35 24 85 28 36 21 18 60 42 33 113
internal_value=0.00570634 0.00692833 0.00579878 0.00720452 0.00581779 0.0079486 0.00590841 0.00162691 0.00411362 -0.000224886 0.0028409 0.00804063 0.00991693 0.000153701 0.0137405 0.00710313 -0.00233317 0.00101278 0.00216529 -0.0033736 0.00563704 0.00857786 0.00802532 -0.00536563 -0.00373234
internal_weight=578.258 444.998 393.532 343.892 295.381 234.236 186.912 133.261 91.027 62.7607 48.8415 136.379 102.322 50.5321 28.2664 70.0416 61.1452 28.8834 43.3821 22.1597 59.7735 28.1969 26.6818 32.2618 42.2338
internal_count=1704 1276 1158 980 869 657 550 428 277 209 154 383 274 167 68 201 212 94 138 79 177 78 75 118 151
is_linear=0
shrinkage=0.00891649


Tree=12
num_leaves=29
num_cat=0
split_feature=12 12 12 12 12 12 12 12 12 19 19 14 14 14 19 7 12 12 19 14 16 14 19 7 7 19 16 19
split_gain=44.3136 87.8152 75.4823 64.6108 65.8327 46.1756 53.6992 17.4336 16.7907 12.6082 11.9257 11.5604 15.0035 24.8318 10.8899 10.5158 10.0714 10.8364 8.52473 8.16535 8.11091 12.1318 7.57124 6.01423 5.79935 4.63982 4.44322 4.19402
threshold=-0.16341684234799367 -0.25586931583086425 -0.75163971702825794 0.36333471803336193 0.4100240155228117 0.86508898182794158 0.9670102492271061 1.5021128706847209 1.5448062732710468 0.41672746587514192 -0.62078405201401421 2.0825664633865908 -0.12597556700880727 0.33208606290449399 1.0000000180025095e-35 -0.22338568229600331 1.9080135596403245 2.113951843513719 -0.10016762488090768 -0.48063655517014242 1.023427836088219 0.44384856266901007 -0.96811245049634065 -1.2332682191988937 1.3284128428678206 0.051970441697899057 -0.63032710748954546 -0.44767585125522208
decision_type=2 2 2 2 2 2 2 2 2 2 2 2 2 2 2 2 2 2 2 2 2 2 2 2 2 2 2 2
left_child=1 2 11 -2 10 -6 15 -8 -9 24 -5 12 14 -14 18 -7 -10 -18 19 -1 21 -15 -17 -16 -3 -4 -23 -24
right_child=3 9 25 4 5 6 7 8 16 -11 -12 -13 13 20 23 22 17 -19 -20 -21 -22 26 27 -25 -26 -27 -28 -29
leaf_value=0.0071911653968420751 0.015790428668893401 0.00012849295496770411 0.012448049137486131 0.0015327125140709304 0.017115699918134317 -0.0078960739012087708 0.016440236622732897 0.0012566700675791234 0.018348898616689202 -0.0080715594479991003 -0.0090992013538631275 -0.0060407373572231608 0.017983329455062216 -0.0013213211715244226 -2.6065231041898011e-05 -0.0046657407256206771 0.001831839082799941 0.013363558817785011 -0.010640145362990409 -0.0053910297887022557 -0.0028363935099884031 0.004408702653472275 0.0076642925797796753 0.0061015197897003551 -0.0080355264369870553 0.01745169035798819 0.011230354560346737 0.00087794665634847069
leaf_weight=7.0570838153362301 67.627713158726692 40.479344308376312 30.074495181441307 12.967504262924193 35.326886802911758 13.332922473549841 25.17586176097393 21.085248932242393 10.851531907916067 38.461854994297028 22.809606418013573 10.09792438149452 12.559936746954916 13.192789852619169 22.634855732321739 12.433152109384535 11.597309917211534 14.149463564157484 9.0503184199333209 9.1885754317045194 10.341488584876059 11.8423828780651 11.784836649894713 28.331520110368729 8.1192367970943433 29.155149593949318 20.677237108349807 18.188073948025707
leaf_count=20 153 135 74 42 77 51 56 69 23 148 89 37 27 45 75 45 37 35 36 33 36 36 34 83 31 63 54 60
internal_value=0.00565216 0.0032845 0.00635131 0.00822337 0.00578051 0.00804376 0.0057259 0.0102695 0.00757418 -0.00425634 -0.0051964 0.00308177 0.00372246 0.00674363 0.00100258 -0.00102569 0.0112076 0.00818604 -0.00375976 4.76979e-05 0.0042106 0.00581558 0.00112245 0.00336906 -0.00124903 0.0148978 0.00873503 0.00354915
internal_weight=578.594 301.264 214.204 277.33 209.702 173.925 138.598 82.8594 57.6836 87.0604 35.7771 154.974 144.876 68.6138 76.2624 55.739 36.5983 25.7468 25.296 16.2457 56.0539 45.7124 42.4061 50.9664 48.5986 59.2296 32.5196 29.9729
internal_count=1704 933 619 771 618 487 410 220 164 314 131 482 445 198 247 190 95 72 89 53 171 135 139 158 166 137 90 94
is_linear=0
shrinkage=0.00891649


Tree=13
num_leaves=29
num_cat=0
split_feature=12 12 12 12 12 12 12 12 12 14 14 14 2 12 12 17 15 2 14 14 14 14 3 2 3 8 15 3
split_gain=43.451 86.209 73.9563 63.2547 64.6034 45.2188 52.6515 17.0699 16.453 11.3575 14.7143 24.3175 20.4676 9.88072 12.4195 9.43594 8.40429 7.25698 7.22008 6.73297 7.66483 5.22756 5.09915 4.79458 4.71629 4.6295 3.86527 3.6852
threshold=-0.16341684234799367 -0.25586931583086425 -0.75163971702825794 0.36333471803336193 0.4100240155228117 0.86508898182794158 0.9670102492271061 1.5021128706847209 1.5448062732710468 2.0825664633865908 -0.12597556700880727 0.33208606290449399 0.47385892821367276 2.0116234020085417 2.113951843513719 -0.80289551634459577 -0.21923732335509546 0.86320933002590317 0.99732184854809336 -0.88054598467358358 -0.5260000315608081 -0.2178449368241113 0.77620403345481581 -0.22437968925238022 -0.75690798027251405 0.59867835856972296 -0.66578106927455882 -0.50044154892440484
decision_type=2 2 2 2 2 2 2 2 2 2 2 2 2 2 2 2 2 2 2 2 2 2 2 2 2 2 2 2
left_child=1 2 9 -2 -5 -6 16 -8 27 10 12 -12 19 -10 -15 -14 -7 22 26 -1 -21 -17 24 -22 -3 -4 -13 -9
right_child=3 17 25 4 5 6 7 8 13 -11 11 18 15 14 -16 21 -18 -19 -20 20 23 -23 -24 -25 -26 -27 -28 -29
leaf_value=-0.010632379857968634 0.015623610112731333 0.00047060759854893622 0.016118829846848971 -0.0051561754200058468 0.016934017174816889 -0.0065775680561102213 0.01626618670513515 -0.0035221600569345347 0.017635072368098696 -0.0059948041743564696 0.01778735533602617 -0.0022677591883974485 -0.0050683444596854327 0.00049434372601213112 0.0132169033373309 0.0093174273766595504 0.0011075565221163061 -0.0082308597050036753 0.0090693420668869554 0.0059917183731308856 0.00056510050447127847 0.0010821586019758083 0.0025276310030497252 -0.0078482934409649131 -0.0055890017791516335 0.010201180883957715 0.0038451395536061124 0.0040814244698551558
leaf_weight=8.4210159778594917 67.740451350808144 14.062215596437452 45.745276883244514 35.734522879123688 35.387908458709717 15.486697807908056 25.219416886568069 7.9169884324073818 12.104134604334829 10.086161240935324 12.585661754012106 11.289116799831389 5.5239564478397361 10.370067954063417 14.176955893635748 25.252636969089508 40.237549692392349 25.396467119455338 16.597084671258926 7.5031369775533667 8.9642943292856216 7.8943302631378165 12.235812053084372 12.710153833031661 35.283113107085228 13.577339351177214 28.20323047041893 13.173624828457831
leaf_count=33 153 47 102 131 77 58 56 28 26 37 27 39 20 34 35 69 132 98 45 22 29 26 39 48 130 35 87 41
internal_value=0.00559894 0.00325435 0.00629014 0.00814366 0.0057261 0.00796528 0.00567125 0.0101655 0.00749914 0.00305298 0.0036874 0.00667742 0.000993388 0.0110918 0.00785715 0.00553326 -0.00101701 -0.0042225 0.00417006 -0.00367825 -0.00166428 0.00733924 -0.00257652 -0.00433876 -0.00385051 0.0147417 0.00209057 0.00124479
internal_weight=578.879 301.331 214.353 277.548 209.808 174.073 138.685 82.9612 57.7418 155.031 144.945 68.6751 76.2695 36.6512 24.547 38.6709 55.7242 86.9776 56.0894 37.5986 29.1776 33.147 61.5811 21.6744 49.3453 59.3226 39.4923 21.0906
internal_count=1704 933 619 771 618 487 410 220 164 482 445 198 247 95 69 115 190 314 171 132 99 95 216 77 177 137 126 69
is_linear=0
shrinkage=0.00891649


Tree=14
num_leaves=31
num_cat=0
split_feature=18 18 18 18 18 18 17 18 18 17 18 18 18 18 14 4 4 4 14 16 4 16 5 14 18 17 5 4 16 4
split_gain=34.5951 51.766 47.8846 47.7877 61.7837 45.5438 27.6593 21.4392 45.8659 25.6697 19.2018 19.1356 17.0192 20.8148 13.2636 11.5336 12.3707 9.93681 8.35996 7.85387 6.97679 6.86028 6.84583 6.57022 6.26424 6.69826 5.51704 5.25971 5.14627 3.8821
threshold=-0.85130849938950137 -0.41577340490258857 -0.37146705388329321 0.032647793235434618 0.12752380531045562 0.59086702851871586 0.43524523045310554 -0.93136272700745104 -1.350800561649079 -0.58242668060359326 -1.3862511729811038 -0.39519642662065185 0.62783507533969918 1.0731972064897308 0.88844315844919575 0.90173745429034469 -0.60141570808851907 -0.22262862871031358 0.39745373756711899 0.58445581269597024 -1.0699022977356123 -0.78995141072977171 0.83131712737464758 -0.2178449368241113 1.1849136415766106 -0.80289551634459577 -0.75565999842699749 -0.37050680656935803 0.39111648522588432 -0.80097698216554047
decision_type=2 2 2 2 2 2 2 2 2 2 2 2 2 2 2 2 2 2 2 2 2 2 2 2 2 2 2 2 2 2
left_child=7 -2 11 -4 15 -6 12 8 9 -1 -11 -3 18 -14 17 16 20 29 -7 21 -5 -8 -23 -18 -16 -26 -9 -28 -13 -15
right_child=1 2 3 4 5 6 19 26 -10 10 -12 28 13 14 24 -17 23 -19 -20 -21 -22 22 -24 -25 25 -27 27 -29 -30 -31
leaf_value=-0.010875294725236635 0.016008187137699945 0.010348960847263165 0.015170337279527782 -0.0016621943956265173 0.015512728048325656 0.0059652500712538371 0.004797714267259892 -0.0087287379325380228 0.013359489537976103 0.0078418130182565521 -0.0033300580290701481 -0.0015338909252787204 0.015543005538596387 0.0090386934632945837 -0.0041367042906433511 -0.010130746665730068 0.0077318954210558542 0.014084291724637574 -0.0029808090003270111 0.0084287197501118662 -0.014621254850710331 -0.0010160768270104186 -0.010380322077183732 -0.00033370922454140295 8.2342307887449021e-05 0.01027291117821217 0.0037521490498988066 -0.0041800966450689188 -0.0073884322114401886 0.0010144536013839156
leaf_weight=13.875678583979605 43.044986948370934 8.6581732332706434 48.737287327647209 6.7163088917732239 47.546642526984215 20.433120802044868 10.634943678975104 12.143760696053503 28.381855756044388 26.744188666343685 22.130885869264606 29.795759201049805 32.428614735603333 10.196179091930391 8.3941610455513018 11.918496787548063 11.597983807325358 22.72508504986763 13.638253375887869 7.4909410923719397 6.2122761458158475 24.253371313214302 8.1450425684452039 24.640816003084186 10.601854890584947 9.5454435646533948 9.5645243376493472 20.459988728165627 19.749163076281548 8.7302792817354185
leaf_count=55 96 22 111 23 107 61 32 47 68 75 79 103 73 28 30 47 33 55 48 21 26 82 32 83 35 25 30 74 75 28
internal_value=0.00554653 0.00673796 0.00574462 0.00700749 0.00565976 0.00773682 0.00575846 0.00156279 0.00398968 -0.000250826 0.00277062 -0.00171823 0.00783894 0.00965199 0.00692508 -0.00231101 -0.000418833 0.0101204 0.0023928 0.000129578 -0.00784515 -0.0013433 -0.00338367 0.00224484 0.00225012 0.00491573 -0.0036816 -0.00164314 -0.00386925 0.00537191
internal_weight=579.136 445.835 402.79 344.587 295.85 234.764 187.217 133.301 91.1326 62.7508 48.8751 58.2031 136.693 102.622 70.193 61.0859 49.1674 41.6515 34.0714 50.5243 12.9286 43.0334 32.3984 36.2388 28.5415 20.1473 42.1683 30.0245 49.5449 18.9265
internal_count=1704 1276 1180 980 869 657 550 428 277 209 154 200 383 274 201 212 165 111 109 167 49 146 114 116 90 60 151 104 178 56
is_linear=0
shrinkage=0.00891649


Tree=15
num_leaves=26
num_cat=0
split_feature=20 20 20 20 20 20 20 20 19 2 4 19 4 16 5 2 9 20 19 19 9 16 19 5 5
split_gain=38.1464 32.0354 75.6715 72.2923 44.995 78.4438 81.6633 28.9004 17.1927 10.8793 10.3543 9.17577 12.4039 8.23935 8.23167 8.04463 7.74788 6.42596 5.86784 5.58604 6.52548 5.61675 5.47746 4.12663 4.09262
threshold=1.201385268480285 1.0000000180025095e-35 0.60075011733418315 0.64317010994199264 -0.076762462275573332 -0.64753450234660914 -0.73597760321341188 -1.2331699816879782 -0.11406942191867205 0.29855488099041938 0.27542147144202717 -0.58328810155603161 -1.0000000180025095e-35 0.18968571800404382 -0.64522410462576685 1.5829798167235862 0.65870543293323369 -0.42897523810759108 -0.10016762488090768 0.41672746587514192 1.1993336343447674 -0.16090320591406571 -1.3454354073708654 1.4478302674070178 1.0000000180025095e-35
decision_type=2 2 2 2 2 2 2 2 2 2 2 2 2 2 2 2 2 2 2 2 2 2 2 2 2
left_child=1 4 -3 16 5 6 7 9 11 13 15 12 -2 22 -10 -11 -4 -7 -8 20 -6 -21 -1 -16 -19
right_child=8 2 3 -5 19 17 18 -9 14 10 -12 -13 -14 -15 23 -17 -18 24 -20 21 -22 -23 -24 -25 -26
leaf_value=0.010569283531845091 0.0056058625222389765 0.016250160825809528 -0.003954412996482486 0.014302454684033853 0.0023584354080350279 0.019452162324254802 0.00013393914512217214 0.01543230041222882 0.0020959561879355599 0.0020597347044541778 -0.0032150004730314521 0.010299189179507562 -0.0057022769686978711 0.014149359941854203 -0.011143349683181826 0.012054793582848859 0.0031880502779612955 0.011192338975229291 -0.0046793188821450732 0.00066946598119884619 -0.0069353060378270596 -0.0068096627295362276 0.00152791190163407 -0.0023658641393956618 0.016525224409508106
leaf_weight=9.5132532268762571 17.136067122220993 74.13678252696991 41.489435404539108 34.896921023726463 37.173333182930946 17.851988792419434 31.939360722899437 34.692396521568298 7.2154009938240078 16.290387421846393 15.334724441170691 10.11007611453533 13.660510167479517 15.437545672059057 15.659013688564302 10.264080479741095 16.765283048152924 30.455220580101013 53.381967216730118 12.659806936979292 6.9371976405382147 20.666167497634888 11.634197711944582 5.7277419418096533 18.354097440838814
leaf_count=25 51 163 149 81 119 36 106 78 23 51 54 26 50 37 63 26 53 76 194 42 26 78 37 20 40
internal_value=0.00549475 0.00633934 0.00953671 0.00419406 0.0047772 0.00652227 0.00371294 0.00867258 -0.000688701 0.00568278 0.00257803 0.00299608 0.000588548 0.00922083 -0.00598553 0.00592586 -0.00187818 0.0148773 -0.00286499 -0.00119171 0.000872464 -0.00394848 0.0056237 -0.00877305 0.0132116
internal_weight=579.383 509.874 167.288 93.1516 342.586 265.149 198.488 113.167 69.5088 78.4742 41.8892 40.9067 30.7966 36.585 28.6022 26.5545 58.2547 66.6613 85.3213 77.4365 44.1105 33.326 21.1475 21.3868 48.8093
internal_count=1704 1471 446 283 1025 760 608 308 233 230 131 127 101 99 106 77 202 152 300 265 145 120 62 83 116
is_linear=0
shrinkage=0.00891649


Tree=16
num_leaves=27
num_cat=0
split_feature=10 10 10 10 10 10 10 10 10 10 10 10 19 11 11 19 19 3 13 19 19 10 10 11 11 10
split_gain=36.5526 72.205 46.287 44.8122 67.0646 46.7258 40.7069 33.9766 30.1794 13.8556 22.1125 15.841 12.1708 8.00235 9.55817 9.1116 6.71344 5.68671 5.51523 5.43623 9.31583 5.05189 4.92125 4.35744 4.09815 3.72841
threshold=-0.12240666763837048 -0.711323193070312 -0.75812582529097694 1.0000000180025095e-35 0.61313439587818919 0.64568759447949264 1.2707422009807037 1.3302294371720149 -1.2037039549006023 1.8529631522793542 2.0165826887306255 2.627553828393399 -0.62078405201401421 0.60230980010977542 1.0000000180025095e-35 -0.10016762488090768 0.41672746587514192 0.6773193244421789 0.27459078977036039 0.99396398928560536 0.41672746587514192 0.10614381541853013 0.52818311358505732 1.0000000180025095e-35 1.1288115393609288 -0.42794676941206106
decision_type=2 2 2 2 2 2 2 2 2 2 2 2 2 2 2 2 2 2 2 2 2 2 2 2 2 2
left_child=1 2 8 16 21 23 -7 -8 13 -9 -11 -12 -4 14 19 -16 18 -10 -2 20 -1 -5 -23 -6 -25 -3
right_child=3 25 12 4 5 6 7 9 17 10 11 -13 -14 -15 15 -17 -18 -19 -20 -21 -22 22 -24 24 -26 -27
leaf_value=0.0071865150909788001 -0.0022896764160506389 0.017937717034871556 0.0050950997312203166 0.0085252028168129844 -0.00095779689199932186 0.014981366840314061 -0.0056956236299776034 0.015915063212798976 0.016579231064646358 -0.0030817193359708433 0.018414655758637766 0.0027663530047176768 -0.00270100289969603 0.010298140428178053 0.0033556050767314465 -0.0096930564431474547 -0.0055796980062708459 0.0099942249953394111 0.0036850302823575863 0.011651229030623746 -0.0034320543510504161 0.016571202070638974 0.010659766802113094 -0.0085937534971003617 -0.0024318727084084025 0.013719212849563065
leaf_weight=20.44021821022034 37.252445608377457 24.310584038496017 22.145013481378555 14.362727373838423 20.742410391569138 28.281087428331375 26.132787466049194 10.415924996137617 28.533829286694527 16.931169152259827 10.171685844659807 9.9221919029951078 55.056283190846443 16.388572201132774 9.4603578448295611 7.3794348537921897 29.696530476212502 16.317331820726395 18.061116933822632 9.064819008111952 9.3714987337589246 32.274471163749695 17.113486021757126 21.087506383657455 14.362600341439245 54.311370238661766
leaf_count=58 130 51 67 38 71 64 97 23 62 60 21 31 194 43 29 29 110 42 56 23 33 70 43 82 50 127
internal_value=0.00544391 0.00781814 0.00490044 0.00333229 0.00544029 0.00232835 0.00592383 0.00243563 0.00843213 0.00691823 0.00437449 0.0106563 -0.000449516 0.00486591 0.00324684 -0.00232421 -0.00216377 0.0141644 -0.000335022 0.00566823 0.00383482 0.0131472 0.0145168 -0.00418631 -0.00609433 0.0150178
internal_weight=579.587 272.779 194.157 306.808 221.798 158.047 101.855 73.5738 116.956 47.441 37.025 20.0939 77.2013 72.1049 55.7163 16.8398 85.0101 44.8512 55.3136 38.8765 29.8117 63.7507 49.388 56.1925 35.4501 78.622
internal_count=1704 758 580 946 650 499 296 232 319 135 112 52 261 215 172 58 296 104 186 114 91 151 113 203 132 178
is_linear=0
shrinkage=0.00891649


Tree=17
num_leaves=30
num_cat=0
split_feature=20 10 10 10 10 10 10 10 10 10 2 2 16 8 16 8 10 10 0 16 2 0 14 14 14 2 0 16 8
split_gain=37.0929 32.1555 59.5027 56.0339 51.8488 38.0062 35.2055 33.7035 28.5153 31.8721 15.3215 14.5982 14.0749 10.1033 9.93002 9.45393 9.13014 22.9283 7.30629 6.71759 5.50851 5.45465 5.26428 5.13793 9.93839 4.92856 4.54879 4.13178 3.76737
threshold=1.201385268480285 -0.12240666763837048 -0.711323193070312 1.0000000180025095e-35 0.61313439587818919 -0.75812582529097694 0.64568759447949264 -1.2037039549006023 1.2707422009807037 1.3302294371720149 -0.21012047235562936 -0.60443976706746649 -0.48674037826729089 -0.48719878859893656 -0.78995141072977171 0.16975519543351952 1.8529631522793542 2.0165826887306255 -0.66661605942235636 0.39111648522588432 1.3971545152166953 0.24361326015943671 -0.2178449368241113 0.88844315844919575 0.39745373756711899 -0.93997931736463525 0.53971022302968286 0.39111648522588432 -0.76958357967486146
decision_type=2 2 2 2 2 2 2 2 2 2 2 2 2 2 2 2 2 2 2 2 2 2 2 2 2 2 2 2 2
left_child=1 2 5 20 28 7 23 12 21 26 11 25 14 -14 -1 -12 -11 -18 -7 -20 22 -8 -3 24 -6 -2 -10 -15 -5
right_child=10 3 -4 4 6 18 8 -9 9 16 15 -13 13 27 -16 -17 17 -19 19 -21 -22 -23 -24 -25 -26 -27 -28 -29 -30
leaf_value=0.0047278682376721429 0.0029248544639092237 0.0019734451711543774 0.015366816723439541 0.018325059303495678 -0.0039497451965338276 -0.0050880710509723188 0.0092409564122519876 0.015458185615532407 -0.0089300091161661106 0.015992450948398185 0.0024278889771196877 0.014459810198785381 0.012266598383180314 0.0085873905938495827 -0.006563292248678727 -0.0087511740963584685 -0.0028467482690630883 0.012467075647405857 0.0040962101738841912 -0.002927700401926304 -0.0097345963565653986 0.017600261752320445 -0.0034980191303485759 -0.0096392420952548935 0.0070493019978561623 -0.0042034012888212229 -0.00020811760716214889 0.0004858911892704182 0.012398820100931796
leaf_weight=13.93150882422924 21.529199406504631 20.110471397638321 71.803094819188118 10.182679533958433 29.989018753170967 14.818130791187285 9.6848208457231539 39.989393472671509 12.798094987869264 8.6971430480480176 8.1485362797975558 6.9231389164924613 22.947448283433914 8.0538073182106036 10.796459957957268 21.157083854079247 13.596507698297502 17.446910575032234 35.708006039261818 15.243163272738455 7.5873393714427939 16.645646795630455 44.405658841133118 7.3644633889198294 8.1205493658781034 11.728446096181868 7.3772120028734198 12.551218807697294 50.420454472303391
leaf_count=41 67 65 160 21 108 54 25 89 50 19 26 16 58 22 40 82 48 43 111 54 30 35 158 29 24 42 25 41 121
internal_value=0.00539378 0.0062259 0.00854702 0.00406752 0.00657849 0.00573093 0.00344075 0.00897284 0.00678128 0.00338984 -0.000705045 0.00284768 0.00517248 0.00820714 -0.000175176 -0.00560287 0.00800548 0.00575604 0.00038949 0.00198177 -0.00262417 0.0144856 -0.00178769 -0.00289133 -0.00158757 0.000407347 -0.00568465 0.00369893 0.0133924
internal_weight=579.756 510.269 245.842 264.427 192.324 174.039 131.72 108.27 86.2463 59.9159 69.4864 40.1808 68.2804 43.5525 24.728 29.3056 39.7406 31.0434 65.7693 50.9512 72.1035 26.3305 64.5161 45.474 38.1096 33.2576 20.1753 20.605 60.6031
internal_count=1704 1471 670 801 548 510 406 291 245 185 233 125 202 121 81 108 110 91 219 165 253 60 223 161 132 109 75 63 142
is_linear=0
shrinkage=0.00891649


Tree=18
num_leaves=32
num_cat=0
split_feature=12 12 12 12 12 12 12 12 1 12 19 5 19 19 19 1 12 12 19 19 17 7 17 7 7 5 7 19 17 17 19
split_gain=40.9724 79.793 67.9146 57.5916 60.7942 41.2836 48.7985 15.3705 15.3279 15.1009 12.0839 14.7102 11.584 10.3779 9.98871 16.1644 8.99759 10.0389 8.63265 10.715 7.48586 8.53167 14.9136 12.1594 8.28507 5.09186 4.89169 4.66842 4.44337 4.44141 3.69853
threshold=-0.16341684234799367 -0.25586931583086425 -0.75163971702825794 0.36333471803336193 0.4100240155228117 0.86508898182794158 0.9670102492271061 1.5021128706847209 0.090414026473754086 1.5448062732710468 0.41672746587514192 0.24807900892555659 -0.62078405201401421 -0.96811245049634065 0.99396398928560536 -1.1787487881334533 1.9080135596403245 2.113951843513719 1.4668195962894974 1.5271793787288084 1.7472287412152914 0.23575909709680229 0.992426076352248 -0.70540496232573957 -0.7662879553177111 -0.64522410462576685 0.59599777951650978 0.41672746587514192 0.43524523045310554 -0.23197720343105005 -0.11406942191867205
decision_type=2 2 2 2 2 2 2 2 2 2 2 2 2 2 2 2 2 2 2 2 2 2 2 2 2 2 2 2 2 2 2
left_child=1 2 14 -2 12 -6 8 -8 27 -9 11 -3 -5 -10 15 -1 -11 -18 -16 -20 21 23 -23 24 -17 30 -15 -7 -13 -25 -4
right_child=3 10 25 4 5 6 7 9 13 16 -12 28 -14 26 18 20 17 -19 19 -21 -22 22 -24 29 -26 -27 -28 -29 -30 -31 -32
leaf_value=-0.0078509098484468368 0.014925052257531494 0.0030240969468550726 0.0061142087292727727 0.0015568242323742462 0.016210768103873473 -0.01126964883593797 0.015557806586430484 0.0012591928009146594 -0.0044105309807581823 0.017407655106332402 -0.0078898609584755267 -0.0028217710158818525 -0.0089344990485457909 0.0089895741880138373 0.014893158404571515 0.0036563203530732076 0.0017142082496463596 0.012794570260034782 -0.0027095600116020732 0.008097242778698931 0.010483222018048509 0.0015244225603673752 -0.012324294150536215 0.012986210046370458 -0.0060918006446294866 0.016032005547346507 0.0011302616643209323 -0.0020879164782321522 -0.011040261761341352 0.0055725577663856664 0.013586278440883769
leaf_weight=12.727592602372168 68.125502020120621 27.816946864128113 8.6833006888628024 12.959216788411139 35.582733049988747 11.132334575057032 25.36290779709816 21.080378025770187 12.179222643375395 10.939056187868117 38.230309724807739 10.490531474351885 22.682004630565643 14.153521507978441 7.9306315183639517 19.457923293113708 11.61311447620392 14.237034827470778 10.490944668650625 22.45806023478508 8.7852721363306028 28.733445644378662 7.6485374420881262 10.513325095176699 10.482238993048666 38.047981008887291 11.065931007266043 7.1172592341899863 10.211523249745367 16.041391462087635 12.929454132914541
leaf_count=48 153 88 24 42 77 45 56 69 44 23 148 37 89 40 18 59 37 35 37 62 23 92 31 26 39 83 36 25 41 47 30
internal_value=0.0053443 0.00306809 0.00597931 0.00781158 0.00550264 0.00766805 0.00547401 0.00978767 -0.000975134 0.00725698 -0.00414007 -0.00119691 -0.00507167 0.00226728 0.00287487 0.00151968 0.010688 0.00783289 0.00664653 0.0046457 0.00270447 0.00195996 -0.00139447 0.00412428 0.000241292 0.0140507 0.00552986 -0.00765221 -0.00685671 0.0085016 0.0106081
internal_weight=579.91 301.679 214.93 278.23 210.105 174.463 138.881 83.2325 55.6483 57.8696 86.7493 48.519 35.6412 37.3987 155.269 114.39 36.7892 25.8501 40.8796 32.949 101.662 92.8769 36.382 56.4949 29.9402 59.6607 25.2195 18.2496 20.7021 26.5547 21.6128
internal_count=1704 933 619 771 618 487 410 220 190 164 314 166 131 120 482 365 95 72 117 99 317 294 123 171 98 137 76 70 78 73 54
is_linear=0
shrinkage=0.00891649


Tree=19
num_leaves=29
num_cat=0
split_feature=10 10 10 10 10 10 10 10 10 10 10 10 16 16 15 15 18 1 15 16 7 10 14 7 18 7 14 14
split_gain=34.782 68.178 43.8083 42.4173 63.4073 44.4711 38.5408 32.4344 28.4612 13.1618 20.9813 15.3127 11.1097 11.2045 10.8691 9.08941 10.8201 6.86919 5.70983 5.18312 5.0675 4.76481 4.46586 4.39364 4.38103 4.36148 4.28372 3.92699
threshold=-0.12240666763837048 -0.711323193070312 -0.75812582529097694 1.0000000180025095e-35 0.61313439587818919 0.64568759447949264 1.2707422009807037 1.3302294371720149 -1.2037039549006023 1.8529631522793542 2.0165826887306255 2.627553828393399 -0.48674037826729089 -0.78995141072977171 0.32844233530283834 -0.75197308362565063 -0.097730678764627807 0.090414026473754086 -0.82563418106787567 0.060305713681996005 0.59599777951650978 0.10614381541853013 0.88844315844919575 -0.22338568229600331 0.064410241317530689 -0.90708193137156379 -0.38023872485816718 0.39745373756711899
decision_type=2 2 2 2 2 2 2 2 2 2 2 2 2 2 2 2 2 2 2 2 2 2 2 2 2 2 2 2
left_child=1 2 8 14 20 -6 19 -8 12 -9 -11 -12 13 -1 17 23 -17 -2 -4 -7 21 -5 -20 -14 -16 -3 -10 -19
right_child=3 25 18 4 5 6 7 9 26 10 11 -13 15 -15 24 16 -18 27 22 -21 -22 -23 -24 -25 -26 -27 -28 -29
leaf_value=0.0050036060569265163 -0.003286550670505759 0.0092454863244946818 -0.0063601644766954294 0.0064018917852873133 -0.0041119699689605152 0.010649200944560235 -0.0056030914029366521 0.015479834397347151 0.010382672276476228 -0.0030257779640529797 0.017967369327088829 0.0026026407507568146 0.0062174778509241158 -0.0066717390291956245 -0.010119081638372019 0.0038794980990826153 0.014823649389014863 0.0070582622687403052 0.0019100566759507043 0.018243857065741755 0.017162341641720008 0.012916661281772155 -0.0033408864174378885 -0.0029063534701212687 -0.0035947801350105562 0.01542385982346299 0.016008488734039754 0.00042423367017524921
leaf_weight=15.414620727300644 20.448538288474083 10.412862583994864 10.921336129307745 11.667087748646734 56.066804230213165 13.677682489156725 26.057700276374817 10.447419121861456 17.863910913467407 16.903519973158836 10.202582329511644 9.9452934861183149 9.000133231282236 11.014802351593971 12.312011644244192 11.930428683757784 17.394440650939941 12.954005509614946 49.031253352761269 14.689322546124457 15.684570625424383 36.577113255858421 17.209653809666634 7.4476867467164984 23.901665315032005 68.444626197218895 27.120412185788155 15.277661830186842
leaf_count=45 73 27 41 32 203 34 97 23 45 60 21 31 26 41 49 36 41 38 159 30 33 86 61 26 85 151 59 51
internal_value=0.00529564 0.00760902 0.00477318 0.00323495 0.00528388 0.00225401 0.0057572 0.00235861 0.00820308 0.0067299 0.00424906 0.0103535 0.00474035 0.000143316 -0.00211729 0.00738477 0.0103558 0.000618011 -0.000435332 0.0145532 0.012764 0.0113397 0.000537426 0.00210866 -0.00581385 0.0145926 0.0137598 0.00346698
internal_weight=580.019 273.206 194.349 306.813 221.919 157.99 101.924 73.5565 117.186 47.4988 37.0514 20.1479 72.2021 26.4294 84.8939 45.7727 29.3249 48.6802 77.1622 28.367 63.9288 48.2442 66.2409 16.4478 36.2137 78.8575 44.9843 28.2317
internal_count=1704 758 580 946 650 499 296 232 319 135 112 52 215 86 296 129 77 162 261 64 151 118 220 52 134 178 104 89
is_linear=0
shrinkage=0.00891649


Tree=20
num_leaves=28
num_cat=0
split_feature=20 10 10 10 10 10 10 10 10 10 16 15 11 17 10 16 15 7 17 17 16 17 16 15 16 20 11
split_gain=35.6928 30.698 56.1452 53.309 48.9129 35.9355 33.3036 36.1063 31.9221 30.4227 13.4519 10.3968 10.1277 9.81403 9.49966 9.49075 9.38595 8.73335 7.62391 7.22286 5.96831 5.4467 9.2142 5.34727 5.31029 4.34128 4.29437
threshold=1.201385268480285 -0.12240666763837048 -0.711323193070312 1.0000000180025095e-35 0.61313439587818919 -0.75812582529097694 0.84348206207709919 1.2707422009807037 -1.2037039549006023 1.3302294371720149 -0.48674037826729089 -0.66578106927455882 1.0000000180025095e-35 -0.65943451441263512 2.0165826887306255 -0.78995141072977171 0.32844233530283834 -0.18066128762185074 0.12596382561446581 -0.23197720343105005 0.39111648522588432 0.43524523045310554 -0.66310387344136701 0.32844233530283834 0.39111648522588432 1.8391837154758199 0.82683172820652351
decision_type=2 2 2 2 2 2 2 2 2 2 2 2 2 2 2 2 2 2 2 2 2 2 2 2 2 2 2
left_child=1 2 5 13 26 8 21 -8 10 -9 15 25 14 -3 -11 -1 -13 18 -12 -18 -19 -6 -23 -15 -7 -2 -5
right_child=11 3 -4 4 6 24 7 9 -10 12 17 16 -14 23 -16 -17 19 20 -20 -21 -22 22 -24 -25 -26 -27 -28
leaf_value=0.0045937423631701264 -0.0085809861092800942 -0.0072199580936956175 0.014943175132002696 0.011853891398925507 -9.6619581646047682e-05 0.0020174291206260884 0.016669018174221284 -0.0055895031368705383 0.015042185430483732 0.0053168688451456199 -0.0015175847019489612 0.0061994496282027191 0.00029736018553425906 0.0019523193347248426 0.015383907939065935 -0.0064508462865998659 0.0031407212250327741 0.015798006307446988 0.0092475577483628439 -0.0064439287864507377 0.0067810394069915602 -0.00020394267135526414 -0.01259599841043452 -0.0042283858618442508 -0.0035228186082889171 -0.00094504414792400055 0.017834021722959958
leaf_weight=13.953440278768539 14.321721613407137 24.043013036251068 71.98879000544548 49.040859311819077 31.314001843333244 46.474310174584389 21.674217253923416 20.114665478467941 40.094921305775642 14.360733553767206 10.414428591728212 20.574054151773453 10.355603218078612 30.827778160572052 15.072944611310957 10.762298539280891 11.579073965549471 12.801355123519899 9.9994099140167219 13.069500267505644 10.443551510572432 9.7655808627605456 9.0255094766616804 17.136998564004898 19.276448503136635 9.9076611995697004 11.716713160276411
leaf_count=41 55 91 160 118 105 150 46 75 89 42 35 60 34 100 34 40 36 29 27 49 30 33 37 62 69 33 24
internal_value=0.00524754 0.00606304 0.0083285 0.00395343 0.00640012 0.00559289 0.00334909 0.00685614 0.00874028 0.00329637 0.00504267 -0.000736981 0.00779624 -0.00257949 0.0104658 -0.000189177 0.00176898 0.00800306 0.00376809 -0.00191421 0.0117315 -0.00235937 -0.00614784 -0.000260446 0.000396151 -0.00544154 0.0130071
internal_weight=580.11 510.658 246.209 264.449 192.441 174.22 131.683 81.5782 108.469 59.9039 68.3745 69.452 39.7893 72.0078 29.4337 24.7157 45.2226 43.6587 20.4138 24.6486 23.2449 50.1051 18.7911 47.9648 65.7508 24.2294 60.7576
internal_count=1704 1471 670 801 548 510 406 231 291 185 202 233 110 253 76 81 145 121 62 85 59 175 70 162 219 88 142
is_linear=0
shrinkage=0.00891649


Tree=21
num_leaves=30
num_cat=0
split_feature=10 10 10 10 10 10 10 10 10 10 10 10 19 14 16 0 16 17 14 14 19 0 10 10 19 14 0 17 19
split_gain=33.4852 65.7458 42.2566 40.8588 61.0778 43.1022 37.1931 31.3399 27.4089 12.9709 20.3105 14.9506 11.8446 13.5291 10.6709 12.1801 10.8445 8.17713 7.58606 7.90132 5.82765 5.79549 4.83542 4.79575 4.23898 4.16629 3.97326 3.70249 3.6552
threshold=-0.12240666763837048 -0.711323193070312 -0.75812582529097694 1.0000000180025095e-35 0.61313439587818919 0.64568759447949264 1.2707422009807037 1.3302294371720149 -1.2037039549006023 1.8529631522793542 2.0165826887306255 2.627553828393399 -0.62078405201401421 0.39745373756711899 -0.48674037826729089 -0.029711750967318058 -0.78995141072977171 -0.65943451441263512 0.88844315844919575 -0.2178449368241113 -0.10016762488090768 0.24361326015943671 0.10614381541853013 0.52818311358505732 -0.10016762488090768 -0.38023872485816718 0.53971022302968286 1.0499957711299379 -0.10016762488090768
decision_type=2 2 2 2 2 2 2 2 2 2 2 2 2 2 2 2 2 2 2 2 2 2 2 2 2 2 2 2 2
left_child=1 2 8 17 22 27 21 26 14 -9 -11 -12 13 -4 16 20 -1 24 19 -19 -16 -7 -5 -24 -2 -10 -8 -6 -14
right_child=3 -3 12 4 5 6 7 9 25 10 11 -13 28 -15 15 -17 -18 18 -20 -21 -22 -23 23 -25 -26 -27 -28 -29 -30
leaf_value=0.0049170181890697794 -0.0030471612474123836 0.014320267402798544 0.011367345748469985 0.0080084834825526509 -0.0030074063116245281 0.0087823110259327413 -0.0089688566420023652 0.015288002371924759 0.010168635240307956 -0.003015866995931447 0.017660211826420455 0.0024903803369093988 -0.0063865850577333469 -0.0024605474254338431 0.01440941972938117 0.00029246827441764089 -0.0065752159217890146 0.001829900071113476 0.0052714996210740696 -0.0059573570394441562 0.0068061973746455394 0.017215906916908344 0.015881583958162668 0.010059194387292346 -0.0099603255705577928 0.015713044690279673 -0.0020235686230101763 -0.0089807864147666526 -0.0012490521433853679
leaf_weight=15.432954952120781 16.725912675261501 78.972890704870224 12.074997872114183 14.421696022152899 46.074578419327736 9.7128180116415042 13.19823579490185 10.459068655967711 17.889584422111511 16.898869886994362 10.218670755624773 9.9616662412881833 15.037392303347586 10.093418031930922 14.534613460302351 13.789010480046271 10.985663786530495 20.321360290050503 15.05691999197006 20.660015195608143 17.532270148396492 18.693838939070702 32.409223839640617 17.186890080571175 12.041141152381895 27.162607580423355 12.796508789062498 9.9133488088846189 39.949562311172485
leaf_count=45 59 178 32 38 164 25 52 23 45 60 21 31 56 35 34 45 41 66 46 77 50 39 70 43 48 59 45 39 138
internal_value=0.00519988 0.0074681 0.00468347 0.00317715 0.00518712 0.00221091 0.00565778 0.0023165 0.00804875 0.00660712 0.00414478 0.0101434 -0.000433465 0.00503183 0.00465174 0.00723928 0.000143718 -0.00207937 -0.000102944 -0.0020862 0.0102484 0.014291 0.0125216 0.0138581 -0.00593739 0.0134972 -0.00552364 -0.00406237 -0.00265763
internal_weight=580.206 273.455 194.482 306.751 221.945 157.928 101.94 73.533 117.327 47.5383 37.0792 20.1803 77.1554 22.1684 72.2745 45.8559 26.4186 84.8053 56.0383 40.9814 32.0669 28.4067 64.0178 49.5961 28.7671 45.0522 25.9947 55.9879 54.987
internal_count=1704 758 580 946 650 499 296 232 319 135 112 52 261 67 215 129 86 296 189 143 84 64 151 113 107 104 97 203 194
is_linear=0
shrinkage=0.00891649


Tree=22
num_leaves=27
num_cat=0
split_feature=20 10 10 10 10 10 10 10 10 10 19 19 17 17 17 17 10 10 5 19 5 19 13 19 17 5
split_gain=34.7652 29.546 54.0406 51.5196 47.0152 34.5901 32.1962 34.8169 30.8017 29.3462 16.0436 12.1836 10.2798 12.8101 15.1228 9.53553 8.53488 21.1519 8.39197 13.2618 7.84061 6.44561 6.22686 5.7671 5.3178 4.02796
threshold=1.201385268480285 -0.12240666763837048 -0.711323193070312 1.0000000180025095e-35 0.61313439587818919 -0.75812582529097694 0.84348206207709919 1.2707422009807037 -1.2037039549006023 1.3302294371720149 -0.11406942191867205 -0.62078405201401421 1.0499957711299379 -0.065983918558071605 -0.23197720343105005 -0.65943451441263512 1.8529631522793542 2.0165826887306255 1.4478302674070178 -0.50718787363230378 -0.64522410462576685 0.41672746587514192 0.27459078977036039 -0.10016762488090768 0.43524523045310554 1.4478302674070178
decision_type=2 2 2 2 2 2 2 2 2 2 2 2 2 2 2 2 2 2 2 2 2 2 2 2 2 2
left_child=1 2 5 15 -5 8 24 -8 12 -9 18 -7 13 14 -1 -3 -11 -18 19 -2 -12 22 -17 -13 -6 -22
right_child=10 3 -4 4 6 11 7 9 -10 16 20 23 -14 -15 -16 21 17 -19 -20 -21 25 -23 -24 -25 -26 -27
leaf_value=0.0064595920500011821 -0.0025430882981827643 -0.0071227577647175674 0.014663567633007472 0.01276322849555566 -8.4914879055048825e-05 0.0063596835607471055 0.016371946827796854 -0.0054989830127346309 0.014766151747591161 0.015369696047803682 0.0019973369350306915 -0.0073024996771852138 -0.0019458337115655113 0.012453671688003144 -0.0076333530933353063 -0.00035402197976224821 -0.0027962422756597728 0.011904704714245921 0.011363519165600616 0.0098013019095161951 -0.010975240387391836 -0.0040358423728485198 0.0085995727203206362 -0.00020409012044086836 -0.0060694528378999477 -0.0022855550975555694
leaf_weight=28.076332747936245 24.249610275030136 23.971598774194717 72.0807134360075 60.832105413079262 31.297295331954956 19.068593248724937 21.702871963381767 20.058126270771027 40.147779554128647 8.7271867096424085 7.2151865810155895 12.159286066889761 13.520706385374067 19.387112349271774 7.4597419053316143 18.620675981044773 13.57542669773102 17.521863117814064 7.2808590978384009 9.4266946464776975 15.55062957108021 20.389519274234772 8.9466856867074949 34.518223136663437 18.743821322917938 5.7109360396862021
leaf_count=80 84 91 160 142 105 56 46 75 89 19 23 46 46 48 28 63 48 43 19 24 63 74 25 117 70 20
internal_value=0.00515317 0.0059577 0.00817873 0.0038872 0.00629133 0.00549519 0.00329769 0.00674434 0.00858021 0.00324586 -0.000753969 0.000395271 0.00494948 0.00665418 0.00348082 -0.00253964 0.00765804 0.00548332 0.00279741 0.00093007 -0.00588763 -0.000255668 0.00254566 -0.00205889 -0.00232006 -0.00862189
internal_weight=580.24 510.806 246.418 264.387 192.459 174.338 131.627 81.5855 108.592 59.8826 69.4339 65.7461 68.4439 54.9232 35.5361 71.9285 39.8245 31.0973 40.9572 33.6763 28.4768 47.9569 27.5674 46.6775 50.0411 21.2616
internal_count=1704 1471 670 801 548 510 406 231 291 185 233 219 202 156 108 253 110 91 127 108 106 162 88 163 175 83
is_linear=0
shrinkage=0.00891649


Tree=23
num_leaves=33
num_cat=0
split_feature=12 12 12 12 12 12 12 10 20 20 12 12 20 18 2 18 10 18 2 10 2 10 10 18 18 18 2 20 12 18 18 0
split_gain=38.9486 74.0333 62.4462 52.5261 57.4159 37.6251 45.4394 14.7426 10.6681 10.1737 9.92673 9.74352 8.75904 8.44897 12.4405 10.6486 11.1004 12.7875 12.3008 11.088 7.98607 7.96424 7.33502 7.0009 6.50886 9.98647 6.40515 5.67414 4.36507 4.16648 10.0313 3.9309
threshold=-0.16341684234799367 -0.25586931583086425 -0.75163971702825794 0.36333471803336193 0.4100240155228117 0.86508898182794158 0.9670102492271061 -0.12240666763837048 1.235551448572932 1.201385268480285 1.5021128706847209 2.113951843513719 -0.076762462275573332 0.032647793235434618 -0.22437968925238022 -0.17645412582847944 -0.12240666763837048 -1.350800561649079 1.3971545152166953 0.076962113424004108 0.86320933002590317 1.2091590414417193 -0.12240666763837048 -0.39519642662065185 -0.93136272700745104 -0.76030384892640201 -1.0352540744017953 -0.68779826277202838 -0.52032889768607571 1.5333880352425693 0.74941311281837553 0.37767050005724506
decision_type=2 2 2 2 2 2 2 2 2 2 2 2 2 2 2 2 2 2 2 2 2 2 2 2 2 2 2 2 2 2 2 2
left_child=1 2 9 -2 22 -6 23 -8 20 13 -9 12 -12 15 26 16 17 18 -1 -18 -3 -21 -5 -7 -19 -26 -15 -16 -4 30 -25 -30
right_child=3 8 28 4 5 6 7 10 -10 -11 11 -13 -14 14 27 -17 19 24 -20 21 -22 -23 -24 29 25 -27 -28 -29 31 -31 -32 -33
leaf_value=-0.0081357418761083648 0.014291653921578258 -0.0010328288614793505 0.017244964960697631 -0.00023824628623536547 0.015545895587149028 -0.0091232544211877036 0.015029759838022566 0.012878981425634851 -0.012505364490293694 -0.0045709006598270777 0.0085704023887624037 0.01152617961113751 -0.0015028013979521411 -0.0011706168412792791 -0.0074975992341121374 0.014367629149908382 -0.0068740494709465649 0.015493104986565696 0.0076571363622796509 0.0071942438153967357 -0.0073178781288186215 -0.0035736031454273324 -0.0084241657356491067 -0.0013175709971219316 1.9642324760582355e-05 0.011523906192024815 0.0089016350326824503 0.00092490761722138141 0.013796611294809139 -0.0055888222462465009 0.0084870174986519716 0.0080691084293744043
leaf_weight=7.5065495669841749 68.341224759817123 53.370371401309967 16.966427370905876 14.768321722745894 35.686302006244659 7.0472452938556662 25.921098038554192 15.9583533257246 10.335309460759161 13.689136520028113 10.226303592324255 11.549078896641729 19.701803252100948 7.5250603258609798 14.601517409086229 8.4698814153671247 11.63716873526573 10.444802507758132 7.7452499121427536 16.28158371150494 22.820687815546989 7.9005529582500449 20.774164095520973 29.312869995832443 9.4137935638427681 15.450375571846974 13.849293291568754 10.89005161821842 28.685655131936073 7.8780090510845175 11.310643821954725 14.200633734464644
leaf_count=28 153 183 35 50 77 28 59 37 43 49 28 29 67 25 55 19 44 23 22 46 88 28 81 101 31 39 38 35 65 29 32 37
internal_value=0.00510708 0.00288786 0.00568583 0.00751128 0.00530382 0.00740439 0.00530765 0.00946306 -0.00406828 0.00270773 0.00694984 0.00464436 0.00195569 0.00341465 0.000321072 0.00494383 0.00400842 0.0066913 -6.0129e-05 0.000216317 -0.00292255 0.00363582 -0.00499005 -0.000925008 0.00963421 0.00716287 0.00530838 -0.00387127 0.0134106 0.000262066 0.00141621 0.0119033
internal_weight=580.26 301.784 215.258 278.475 210.134 174.592 138.905 83.3566 86.5264 155.405 57.4355 41.4772 29.9281 141.716 46.8659 94.85 86.3801 50.5608 15.2518 35.8193 76.1911 24.1821 35.5425 55.5488 35.309 24.8642 21.3744 25.4916 59.8527 48.5015 40.6235 42.8863
internal_count=1704 933 619 771 618 487 410 220 314 482 161 124 95 433 153 280 261 143 50 118 271 74 131 190 93 70 63 90 137 162 133 102
is_linear=0
shrinkage=0.00891649


Tree=24
num_leaves=30
num_cat=0
split_feature=10 10 10 10 10 10 10 10 10 10 10 10 19 17 17 17 7 17 19 17 13 7 10 11 11 7 19 11 19
split_gain=31.6528 62.4526 40.0874 38.6043 57.7869 41.2563 35.3807 29.927 26.0183 12.3629 19.3163 14.4849 11.3489 9.75918 11.0054 15.0995 13.3124 7.91483 6.07147 5.72761 5.70821 4.8944 4.55331 4.4373 4.33718 4.20234 4.15648 3.9831 3.73005
threshold=-0.12240666763837048 -0.711323193070312 -0.75812582529097694 1.0000000180025095e-35 0.61313439587818919 0.64568759447949264 1.2707422009807037 1.3302294371720149 -1.2037039549006023 1.8529631522793542 2.0165826887306255 2.627553828393399 -0.62078405201401421 1.0499957711299379 -0.065983918558071605 -0.23197720343105005 -0.13322099062858647 -0.65943451441263512 0.41672746587514192 0.43524523045310554 0.27459078977036039 0.59599777951650978 0.10614381541853013 0.60230980010977542 1.0000000180025095e-35 -0.90708193137156379 -0.10016762488090768 1.1288115393609288 0.23200385127671799
decision_type=2 2 2 2 2 2 2 2 2 2 2 2 2 2 2 2 2 2 2 2 2 2 2 2 2 2 2 2 2
left_child=1 2 8 17 21 24 -7 -8 13 -9 -11 -12 -4 14 15 16 -1 26 20 -16 -19 22 -5 -10 -6 -3 -2 -26 -24
right_child=3 25 12 4 5 6 7 9 23 10 11 -13 -14 -15 19 -17 -18 18 -20 -21 -22 -23 28 -25 27 -27 -28 -29 -30
leaf_value=-0.00089583929123179123 -0.0029621273099427756 0.0086956287182201261 0.004906706926471785 0.005954940270830148 -0.00076913217763924929 0.013930816713357703 -0.0054232200848500448 0.014910069151110176 0.011116291241132318 -0.0029559883792074225 0.017272519085361 0.0023511425147547177 -0.0026155892866406329 -0.0021751135304629468 0.016816281809247161 -0.0078050070045816225 0.011153603536010101 -4.0371189072890174e-05 -0.0035861018650757623 0.0074924230038324845 0.00796297647469771 0.016488871205371135 0.010016413602047847 0.016997637745330814 -0.0083825166354349386 0.014752888256588681 -0.0098207327643575707 -0.0022913525577953008 0.015825372958028931
leaf_weight=12.371336117386816 16.688587665557865 10.450921967625616 22.216485470533371 11.700878158211706 20.639029234647751 28.44337859749794 25.909586220979691 10.474985286593435 29.64194892346859 16.869070425629616 10.231361985206606 9.9771659523248655 54.921360969543457 13.756595909595488 8.4531525820493716 7.6877356171607998 16.950021594762802 23.122935906052589 22.934533581137657 13.149646818637846 9.9299507141113263 15.727422207593916 22.206006750464439 15.476519107818602 20.931764960289001 68.631454586982727 11.979168698191641 14.304760605096815 14.476115703582762
leaf_count=41 59 27 67 32 71 64 97 23 72 60 21 31 194 47 18 29 43 78 83 37 28 33 55 32 82 151 48 50 31
internal_value=0.00506159 0.00726505 0.00455139 0.00309347 0.00504636 0.00214762 0.00551864 0.00225549 0.00782535 0.00644284 0.00403722 0.00987868 -0.00043457 0.00451751 0.00609561 0.00314947 0.00604852 -0.00202156 -7.77003e-05 0.0111301 0.00236065 0.0121729 0.0107749 0.0131298 -0.00399781 0.0139382 -0.00582526 -0.00590688 0.0123141
internal_weight=580.254 273.707 194.625 306.547 221.892 157.781 101.906 73.4622 117.487 47.5526 37.0776 20.2085 77.1378 72.3685 58.6119 37.0091 29.3214 84.6552 55.9874 21.6028 33.0529 64.1104 48.383 45.1185 55.8756 79.0824 28.6678 35.2365 36.6821
internal_count=1704 758 580 946 650 499 296 232 319 135 112 52 261 215 168 113 84 296 189 55 106 151 118 104 203 178 107 132 86
is_linear=0
shrinkage=0.00891649


Tree=25
num_leaves=33
num_cat=0
split_feature=12 12 12 12 12 12 12 10 12 12 0 0 18 17 10 18 10 10 10 18 2 2 10 12 17 17 18 12 18 18 18 0
split_gain=37.8589 71.696 60.2673 50.6417 55.8321 36.2354 43.9483 14.2706 9.50517 9.47531 8.93514 9.75684 8.23266 13.4135 9.42049 12.0089 8.82118 13.8929 7.18248 6.86673 6.70001 5.84623 5.64586 4.2747 4.22298 7.70787 4.16861 4.13713 4.11176 4.11075 9.76847 3.84845
threshold=-0.16341684234799367 -0.25586931583086425 -0.75163971702825794 0.36333471803336193 0.4100240155228117 0.86508898182794158 0.9670102492271061 -0.12240666763837048 1.5021128706847209 2.113951843513719 0.53971022302968286 0.60680248619027533 0.032647793235434618 -0.91007790257927368 -0.12240666763837048 -1.350800561649079 0.076962113424004108 0.61313439587818919 -0.12240666763837048 -0.39519642662065185 0.86320933002590317 -0.21012047235562936 -0.12240666763837048 -0.52032889768607571 -1.0704547399829878 0.43524523045310554 -0.25938767864529572 2.0116234020085417 -0.93136272700745104 1.5333880352425693 0.74941311281837553 0.37767050005724506
decision_type=2 2 2 2 2 2 2 2 2 2 2 2 2 2 2 2 2 2 2 2 2 2 2 2 2 2 2 2 2 2 2 2
left_child=1 2 10 -2 18 -6 19 -8 -9 27 12 -12 13 -1 15 -15 -16 -18 -5 -7 24 -14 -23 -4 -3 -26 -13 -10 -17 30 -21 -25
right_child=3 20 23 4 5 6 7 8 9 -11 11 26 21 14 16 28 17 -19 -20 29 -22 22 -24 31 25 -27 -28 -29 -30 -31 -32 -33
leaf_value=-0.0059010983186180551 0.014041539324133672 -0.00906097378574631 0.01695889179725393 -0.00024212743471637479 0.015275589048389835 -0.0090322355367872253 0.014785969192307036 0.012640180710600199 0.0039035265157625026 0.01136559405339649 -0.0082009374625659943 -0.0022571546380397308 0.0042570713693241393 0.0016051898255765029 -0.0035880110158363556 0.016691511420231356 0.015155333391858244 0.0011280744415704564 -0.0083472041672948416 -0.0012841455390298286 -0.0079011629910434814 -0.0078657775985865493 0.0016269079393454351 0.013546986936490818 0.0017600871934399379 -0.0049091769273811826 0.0056257278033491195 -0.0035180932875122552 0.0097635235106030577 -0.0055447646349025704 0.0083868114754085243 0.0078819545901800334
leaf_weight=7.7261231243610373 68.389480918645859 6.6362845301628104 16.975642919540405 14.768324464559553 35.705216452479362 7.0242198258638373 25.958156809210777 15.969409599900244 22.006780311465267 11.562239274382589 11.165687978267668 9.4675771743059158 14.531150504946707 12.613440811634062 11.395419538021086 9.466626629233355 8.2282508611679095 16.528102114796638 20.718013912439346 29.28573614358902 25.103539794683456 9.8877502083778364 9.5837227553129214 28.706294476985931 26.931510329246521 27.727617383003235 11.508139118552208 7.9161123335361472 23.310643777251247 7.867597520351409 11.328560516238211 14.211683735251425
leaf_count=28 153 26 35 50 77 28 59 37 67 29 43 32 44 40 41 20 18 54 81 101 98 37 31 65 88 102 33 28 61 29 32 37
internal_value=0.00501685 0.0028284 0.00557988 0.00738688 0.00521856 0.00728827 0.00523032 0.00931385 0.00684056 0.00458417 0.00265357 -0.00151726 0.00374239 0.00516368 0.00622909 0.00893002 0.00283878 0.00580512 -0.00494151 -0.000903286 -0.00402371 1.68268e-05 -0.00316713 0.0131654 -0.00244184 -0.00162106 0.00202847 0.00193122 0.0117719 0.000271182 0.00141718 0.0116743
internal_weight=580.205 301.705 215.306 278.5 210.11 174.624 138.919 83.4127 57.4545 41.4851 155.413 32.1414 123.271 89.2686 81.5425 45.3907 36.1518 24.7564 35.4863 55.5061 86.399 34.0026 19.4715 59.8936 61.2954 54.6591 20.9757 29.9229 32.7773 48.4819 40.6143 42.918
internal_count=1704 933 619 771 618 487 410 220 161 124 482 108 374 262 234 121 113 72 131 190 314 112 68 137 216 190 65 95 81 162 133 102
is_linear=0
shrinkage=0.00891649


Tree=26
num_leaves=25
num_cat=0
split_feature=20 14 20 20 20 20 20 20 20 2 2 2 14 2 20 14 14 1 14 1 2 11 2 2
split_gain=32.974 27.5832 27.3204 54.4221 52.7649 31.611 60.0652 65.309 23.2335 13.8833 13.0718 10.3996 8.23346 6.17344 5.92825 5.20173 4.96409 8.34164 8.89853 6.0094 4.54326 4.1425 4.12894 3.8378
threshold=1.201385268480285 2.0825664633865908 1.0000000180025095e-35 0.60075011733418315 0.64317010994199264 -0.076762462275573332 -0.64753450234660914 -0.73597760321341188 -1.2331699816879782 -0.21012047235562936 -0.60443976706746649 0.29855488099041938 -0.2178449368241113 1.4684769498900683 -0.42897523810759108 2.2154200442956653 0.39745373756711899 -0.094086903394466029 -0.2178449368241113 0.63671578055447808 -0.93997931736463525 0.54720492187447356 1.3971545152166953 -1.1978422729774183
decision_type=2 2 2 2 2 2 2 2 2 2 2 2 2 2 2 2 2 2 2 2 2 2 2 2
left_child=1 2 5 -4 -5 6 7 8 11 10 20 23 21 -13 -8 -3 17 -7 -19 -18 -2 -9 -14 -1
right_child=9 15 3 4 -6 16 14 12 -10 -11 -12 13 22 -15 -16 -17 19 18 -20 -21 -22 -23 -24 -25
leaf_value=0.0036257871362448471 0.0026837196246537924 -0.010234953021675335 0.014854313404729227 -0.0010586891218182541 0.013036788310703108 -0.0055656209873756173 0.017888540191380753 -0.0020999202426312804 0.014034308672568198 -0.0054688410215202521 0.013533792898874583 -0.00037034785487967712 -0.0039196993764385431 0.0066397467591012282 0.011855798409226195 -0.00065276772613902842 0.0065740780560857763 0.008095580240208974 -0.0031292223935972126 -0.002078945128765915 -0.0041665111390937056 0.0040660913116614145 -0.011580238996332502 0.010532930950005286
leaf_weight=8.2880407720804197 21.561970338225365 8.3141065984964388 72.903275296092033 53.731341406702995 34.424574911594391 25.993800342082977 17.481104910373688 18.336742967367172 34.93922920525074 29.121251255273819 6.9688991308212271 26.06201146543026 39.363444253802299 15.837549909949301 49.162759944796562 9.4628436714410764 14.106029242277147 9.8887892365455627 12.385451212525368 11.241864413022993 11.687448769807814 16.00973191857338 6.3705052584409705 26.51074481010437
leaf_count=25 67 33 159 185 79 97 35 64 78 108 16 86 141 45 116 31 42 28 44 39 42 50 26 68
internal_value=0.00497254 0.00575559 0.00614929 0.00916172 0.00445482 0.00468681 0.00615433 0.00362053 0.00802236 -0.000784756 0.00258823 0.00528223 -0.00251497 0.00228809 0.0134344 -0.00507537 -0.000457525 -0.00214234 0.00183421 0.00271296 0.000271941 0.000760858 -0.00499667 0.00886986
internal_weight=580.154 510.814 493.037 161.059 88.1559 331.978 258.362 191.718 111.638 69.3396 40.2183 76.6983 80.0804 41.8996 66.6439 17.777 73.6159 48.268 22.2742 25.3479 33.2494 34.3465 45.7339 34.7988
internal_count=1704 1471 1407 423 264 984 734 583 302 233 125 224 281 131 151 64 250 169 72 81 109 114 167 93
is_linear=0
shrinkage=0.00891649


Tree=27
num_leaves=26
num_cat=0
split_feature=15 15 18 15 15 15 15 15 15 15 15 15 19 2 15 15 15 8 15 19 2 2 6 3 15
split_gain=30.1882 63.9234 24.852 16.5235 54.1119 47.1084 38.2004 20.9298 38.9957 15.8266 46.9316 38.1971 16.4121 12.3449 8.35833 7.88092 10.2622 7.21933 6.85416 5.4781 4.94691 7.42041 4.23389 3.82427 3.77293
threshold=-0.75197308362565063 -0.21923732335509546 -1.350800561649079 -0.19212583751224344 0.27715364387660096 0.3832932350656017 0.89826929368498365 0.94960537590948946 1.4584443261530822 -0.82563418106787567 -1.3110423308008141 -1.3515456663877463 -0.62078405201401421 -0.8448400755883736 -1.7252142122696066 0.63623372235809772 -0.12175840054968894 -0.48719878859893656 1.5508208396782317 0.41672746587514192 -0.60443976706746649 0.59221268704438612 1.0362319343820454 1.0000000180025095e-35 -0.28431673707750738
decision_type=2 2 2 2 2 2 2 2 2 2 2 2 2 2 2 2 2 2 2 2 2 2 2 2 2
left_child=9 24 15 22 23 20 -7 -8 -9 10 11 13 -11 -1 -15 16 -3 -14 -10 -19 -6 -22 -4 -5 -2
right_child=1 2 3 4 5 6 7 8 18 12 -12 -13 17 14 -16 -17 -18 19 -20 -21 21 -23 -24 -25 -26
leaf_value=-0.0027491260408819694 0.015758732545569445 -0.0064814688382635217 0.00024861437235639726 0.016153032895651929 -0.0075147585462653826 0.014055524655332009 -0.0012514890708676045 0.014226138462330151 -0.002377692817281681 0.0054428844293128902 0.012218215088973304 -0.0086443064671144314 0.0005724486082304374 0.0045619731593070307 0.014786923845640473 -0.010169238953426323 0.0048628730969650577 -0.0039346769504068893 0.0044743533899738314 -0.01174889971468834 0.0014772335441400599 -0.0070425810632166836 0.0061092037452558584 0.011561949869095763 0.010309034529629552
leaf_weight=10.969454050064085 48.151245713233948 11.140411034226418 51.063442021608353 31.463050350546837 14.608654469251631 41.437100097537041 38.522243782877922 32.44500507414341 20.074406772851944 15.632537901401518 33.649826809763908 27.639867499470711 11.649277597665785 16.725719466805458 9.9712482988834399 8.0711156874895078 14.145391374826431 14.733600452542307 26.818064257502556 13.658225432038305 23.886257126927376 12.041413858532904 11.922795116901396 26.952344104647636 12.734552860260008
leaf_count=37 103 42 171 66 55 92 133 72 70 47 79 108 39 50 22 32 43 53 79 56 78 46 36 64 31
internal_value=0.0049286 0.00615462 0.00474233 0.00548052 0.00644555 0.00433295 0.0067099 0.00412317 0.00673513 0.00155556 0.00369091 -0.000703799 -0.00224048 0.00511015 0.00838446 -0.00256574 -0.000143591 -0.00526788 0.00154892 -0.00769298 -0.00314908 -0.00138619 0.00137519 0.014021 0.0145961
internal_weight=580.107 425.477 364.592 331.235 268.249 209.833 159.297 117.86 79.3375 154.63 98.9561 65.3063 55.6736 37.6664 26.697 33.3569 25.2858 40.0411 46.8925 28.3918 50.5363 35.9277 62.9862 58.4154 60.8858
internal_count=1704 1213 1079 962 755 625 446 354 221 491 296 217 195 109 72 117 85 148 149 109 179 124 207 130 134
is_linear=0
shrinkage=0.00891649


Tree=28
num_leaves=31
num_cat=0
split_feature=7 7 7 7 7 2 2 2 2 3 2 2 3 7 7 2 7 7 7 7 7 6 6 2 5 0 5 2 2 9
split_gain=16.095 50.4931 35.8482 33.3651 24.4464 20.5742 24.3372 28.7629 28.7313 19.1642 17.6527 32.7205 15.7545 14.0105 13.4358 12.607 11.4794 24.9762 10.719 19.8389 14.5756 8.73217 8.63159 8.39689 7.51466 6.2164 4.0888 4.02397 4.12121 3.71933
threshold=-0.70540496232573957 -0.22338568229600331 -0.7662879553177111 -1.2332682191988937 -1.2707324284822474 -0.21012047235562936 -0.69869063102228335 -0.7858721155335685 -1.2426526525811463 0.034212100179751577 -0.15794333259695384 0.26396461064611004 1.6156272258888089 -1.6012364518178577 0.26232668622685645 -1.3938425119900957 -0.18066128762185074 0.26232668622685645 0.33393461276562275 0.81026997024807967 0.85775410211960046 1.5736572978241292 -0.31867386848528906 0.86320933002590317 -0.37160518346699978 1.1416189770833913 0.41331859411350574 0.86320933002590317 1.3971545152166953 0.65870543293323369
decision_type=2 2 2 2 2 2 2 2 2 2 2 2 2 2 2 2 2 2 2 2 2 2 2 2 2 2 2 2 2 2
left_child=2 -2 3 4 13 6 7 8 14 -4 25 -12 16 22 -3 -16 -13 -18 23 -20 -21 -11 -1 -19 -9 -7 -10 -6 -29 -24
right_child=1 5 9 -5 27 10 -8 24 26 21 11 12 -14 -15 15 -17 17 18 19 20 -22 -23 29 -25 -26 -27 -28 28 -30 -31
leaf_value=-0.0045328865005298414 0.013367988978737989 0.011885799287840372 -0.012014511527028277 0.012173512833980797 -0.007437033472874415 -0.00081348427102515507 0.013327876324836152 0.0063726578505653554 0.011139416146949872 -0.0030436712810991188 0.013885221502589199 -0.0021702367233775183 -0.0090996728044100382 0.012059117497274655 0.0078979767095582361 -0.0019705524866153803 0.013958509296150232 0.0015386860113611692 0.014115088946097854 -0.0068847500762084105 0.0058771088364111945 0.0068585910487153987 0.00946311882217102 -0.0099593794533164547 -0.0022669948366020598 -0.0095499505051611939 0.017889135907574905 0.0034901961928171625 -0.0054823991827191217 0.002121790132843685
leaf_weight=9.8922261297702807 60.14458754658699 14.097082033753393 15.525972366333006 37.160676673054695 15.334225654602053 39.778230741620064 35.449295520782471 9.8845362514257413 11.73056271672249 23.214633405208588 22.457933440804482 24.601025268435478 8.8971211016178113 18.187546133995056 16.711760789155957 25.954778209328655 17.974070265889168 11.928453311324121 12.232381448149679 11.822155177593233 17.167590349912643 9.9452154934406263 9.7597654014825839 8.431459113955496 38.261650800704956 7.5367401987314215 17.972444534301758 7.8341038078069678 8.0197290927171689 12.106076791882513
leaf_count=35 136 36 64 87 59 136 80 29 28 83 50 87 34 43 45 89 40 39 27 45 50 30 26 34 133 30 36 25 30 38
internal_value=0.00488544 0.00582993 0.00254908 0.00519595 0.00199572 0.00454279 0.00677372 0.00504368 0.00811347 -0.00387531 0.00246565 0.00410057 0.00214921 0.00585152 0.00440349 0.00190328 0.00312033 0.00476589 0.00207079 0.00467483 0.000673367 -6.77222e-05 0.00229266 -0.00319232 -0.000464006 -0.00221062 0.0151939 -0.00417709 -0.0010544 0.00539451
internal_weight=580.014 413.034 166.98 118.294 81.1337 352.889 170.062 134.613 86.4666 48.6858 182.827 135.512 113.054 49.9456 56.7636 42.6665 104.157 79.5561 61.582 41.2221 28.9897 33.1598 31.7581 20.3599 48.1462 47.315 29.703 31.1881 15.8538 21.8658
internal_count=1704 1184 520 343 256 1048 476 396 234 177 572 406 356 142 170 134 322 235 195 122 95 113 99 73 162 166 64 114 55 64
is_linear=0
shrinkage=0.00891649


Tree=29
num_leaves=30
num_cat=0
split_feature=12 12 12 12 12 12 12 12 12 19 11 19 20 20 19 19 17 19 19 20 20 19 19 20 20 17 19 11 17
split_gain=36.1166 67.5226 56.5573 47.2357 53.2173 33.8537 41.4133 12.3855 12.936 11.4394 12.4721 11.1939 10.2807 9.68754 7.41709 13.0947 11.1854 9.66715 16.8361 7.90824 7.78035 6.88774 9.74713 6.54461 5.85743 4.66979 4.28043 4.10323 4.04061
threshold=-0.16341684234799367 -0.25586931583086425 -0.75163971702825794 0.36333471803336193 0.4100240155228117 0.86508898182794158 0.9670102492271061 1.5021128706847209 1.5448062732710468 0.41672746587514192 1.0000000180025095e-35 -0.62078405201401421 0.60075011733418315 1.201385268480285 0.99396398928560536 0.94625821851108094 1.7472287412152914 1.0000000180025095e-35 -0.11406942191867205 -0.19134811672625854 -0.076762462275573332 1.4668195962894974 1.5271793787288084 0.079749929054923632 -0.73597760321341188 -1.0704547399829878 -0.71897742095340755 0.54720492187447356 1.0499957711299379
decision_type=2 2 2 2 2 2 2 2 2 2 2 2 2 2 2 2 2 2 2 2 2 2 2 2 2 2 2 2 2
left_child=1 2 13 -2 11 -6 25 -8 -9 10 -3 -5 -10 14 15 16 17 18 23 -20 -19 -16 -23 24 -1 -7 -4 -13 -12
right_child=3 9 26 4 5 6 7 8 12 -11 28 27 -14 -15 21 -17 -18 20 19 -21 -22 22 -24 -25 -26 -27 -28 -29 -30
leaf_value=0.0059391444289066658 0.013583342434276982 0.0034110957939334566 0.0074271826077008498 0.0016470643130586048 0.014802566697468503 -0.0073010112120424605 0.014221844637324777 0.0012267116237040983 0.013356468968732436 -0.0076254591243504503 -0.0033882334829411047 -0.012517207615409854 0.0035210418847022402 -0.004571143306545386 0.013811842043315439 -0.0063084615274721558 0.013926392010345465 0.010604143094887308 -0.014471345759477807 -0.001820174300704684 0.0014522365495207266 -0.0029529034844377714 0.0078099073069657615 0.00950713711463415 -0.0023096028396172954 0.00014212892346813274 0.013800887030410453 -0.0049194042206811067 -0.011514731934284688
leaf_weight=11.286325484514231 68.410328194499016 24.221264183521271 9.979835316538809 12.927231520414351 35.699838146567345 7.5641648471355429 25.464327290654182 21.081961527466774 24.185814186930656 37.861679822206497 17.540142834186558 11.182424589991571 12.718372285366057 13.664864674210547 7.9765533953905097 13.054733872413633 6.9052302688360205 15.737114608287813 7.3364105969667426 8.1155783534050041 13.57403741776943 9.2609365433454531 22.274566933512688 9.5778904706239683 16.63075090944767 47.869708314538002 49.932508423924446 11.292173802852629 6.5777297914028159
leaf_count=32 153 76 26 42 77 29 56 69 57 148 63 47 38 49 18 49 16 40 31 28 43 33 61 25 57 161 111 42 27
internal_value=0.00484284 0.00270448 0.00537248 0.00715798 0.00506247 0.00708158 0.00509203 0.00905306 0.00678145 -0.00395503 -0.00109038 -0.0048704 0.00994924 0.00253703 0.00322632 0.00195751 0.00317712 0.00226214 -5.03786e-06 -0.00779081 0.00635355 0.00650023 0.0046357 0.00320507 0.00103405 -0.000867917 0.0127193 -0.00869159 -0.00560695
internal_weight=579.904 301.508 215.307 278.396 209.986 174.584 138.884 83.4505 57.9861 86.2008 48.3391 35.4018 36.9042 155.395 141.73 102.218 89.1633 82.2581 52.947 15.452 29.3112 39.5121 31.5355 37.495 27.9171 55.4339 59.9123 22.4746 24.1179
internal_count=1704 933 619 771 618 487 410 220 164 314 166 131 95 482 433 321 272 256 173 59 83 112 94 114 89 190 137 89 90
is_linear=0
shrinkage=0.00891649


Tree=30
num_leaves=28
num_cat=0
split_feature=12 12 12 12 12 12 12 12 12 0 0 18 18 12 12 3 18 18 18 18 18 5 5 5 11 11 18
split_gain=35.4717 66.3387 55.5594 46.397 52.2694 33.2797 40.6562 12.1848 12.6927 8.52975 9.2454 7.71455 9.6025 7.59662 8.85621 6.87495 7.44377 9.32534 9.8996 17.5611 6.65672 5.74795 5.55894 4.86779 4.1032 4.51946 4.02858
threshold=-0.16341684234799367 -0.25586931583086425 -0.75163971702825794 0.36333471803336193 0.4100240155228117 0.86508898182794158 0.9670102492271061 1.5021128706847209 1.5448062732710468 0.53971022302968286 0.60680248619027533 0.032647793235434618 -0.17645412582847944 1.9080135596403245 2.113951843513719 -0.93636470120199378 -0.39519642662065185 -0.85130849938950137 -0.93136272700745104 -1.350800561649079 -0.39519642662065185 0.24807900892555659 0.24807900892555659 -0.64522410462576685 0.18971951301599491 1.0000000180025095e-35 -0.25938767864529572
decision_type=2 2 2 2 2 2 2 2 2 2 2 2 2 2 2 2 2 2 2 2 2 2 2 2 2 2 2
left_child=1 2 9 -2 22 -6 20 -8 -9 11 -11 12 15 -10 -15 -1 17 18 19 -17 -7 -3 -5 -4 25 -22 -12
right_child=3 21 23 4 5 6 7 8 13 10 26 -13 -14 14 -16 16 -18 -19 -20 -21 24 -23 -24 -25 -26 -27 -28
leaf_value=-0.0037199305617807974 0.013463742258993992 -0.0019383988202447782 0.0092498648972352913 -0.0097793153426496814 0.014674841937560641 -0.0088890435781372474 0.014096969529273641 0.0012151710355391384 0.016015875458355019 -0.0080866415086476937 -0.0023321258012940094 -1.8599319078930845e-05 0.014314593214837494 0.0014850170233632535 0.011876168610767741 0.0024720641324207471 -0.0011759500282904555 0.013371646576259272 -0.002970551584750064 0.015242848580038172 0.00075071499004722994 -0.006590878317352741 -0.0023391066285239391 0.014539260067863959 0.0029120436744457618 -0.0070323515166323585 0.0054167725512528631
leaf_weight=7.9030335843563071 68.403203874826431 49.253030210733414 21.717502385377884 11.953956618905066 35.69008868932724 6.9844613373279563 25.46124592423439 21.087153270840645 10.984647482633589 11.118860289454458 9.4666471779346466 33.994180858135223 7.7373430728912345 11.630306184291841 14.314723029732702 26.057455539703362 12.923380672931669 11.481922522187231 10.715895280241972 12.471483811736105 14.990771889686584 36.857994213700294 23.402009770274162 38.189115434885025 23.957444250583649 9.489757776260376 11.514728769659996
leaf_count=28 153 173 54 48 77 28 56 69 23 43 32 112 17 37 35 82 44 26 38 27 50 141 83 83 76 36 33
internal_value=0.00480093 0.00268127 0.00532496 0.0070954 0.00501831 0.00701821 0.005046 0.00896937 0.00671729 0.00251457 -0.00156356 0.00357783 0.00495327 0.00985363 0.00723342 0.00405245 0.00489902 0.00620603 0.00451978 0.00661911 -0.000860431 -0.00392394 -0.00483316 0.0126071 0.000294261 -0.00225514 0.00188221
internal_weight=579.752 301.403 215.292 278.35 209.947 174.591 138.901 83.4781 58.0168 155.385 32.1002 123.285 89.2905 36.9297 25.945 81.5532 73.6501 60.7268 49.2448 38.5289 55.4224 86.111 35.356 59.9066 48.438 24.4805 20.9814
internal_count=1704 933 619 771 618 487 410 220 164 482 108 374 262 95 72 245 217 173 147 109 190 314 131 137 162 86 65
is_linear=0
shrinkage=0.00891649


Tree=31
num_leaves=24
num_cat=0
split_feature=14 14 0 0 0 0 0 0 0 16 0 0 0 14 16 0 6 6 16 0 0 0 14
split_gain=22.9538 27.5925 16.8276 75.9583 30.1389 50.1884 31.0176 23.2854 41.4283 17.1406 16.1977 37.7004 25.6742 10.4019 7.04193 6.87879 6.57005 7.84226 5.26926 5.25534 9.24686 11.2171 5.06403
threshold=2.0825664633865908 1.5714736760872448 -0.57152078311884813 -0.029711750967318058 -0.66661605942235636 -1.1159823000930063 -1.2069715627391957 0.071636984136287163 0.53971022302968286 -0.66310387344136701 0.60680248619027533 1.1416189770833913 1.1855327931484181 -0.48063655517014242 0.39111648522588432 -1.3297742192022928 1.1467942814390319 -0.070805002637463241 -0.59942270650849927 1.5591225517732459 1.7821037294476121 2.2559787656387997 2.2154200442956653
decision_type=2 2 2 2 2 2 2 2 2 2 2 2 2 2 2 2 2 2 2 2 2 2 2
left_child=1 2 4 -4 5 6 9 18 -9 -1 -10 -12 14 -6 -13 -11 17 -8 -5 -14 -21 -22 -2
right_child=22 -3 3 7 13 -7 16 8 10 15 11 12 19 -15 -16 -17 -18 -19 -20 20 21 -23 -24
leaf_value=-0.0015694201799623759 -0.0090751442521513747 0.015745358604829458 0.013821264052593011 0.0023927103459677563 0.00192257447581288 0.013508453024451444 -3.7168557130571888e-05 0.012882188826860229 -0.0011778853862793412 0.0074832321022186279 0.013174822837129046 -0.0003135945030840455 0.01016598789513185 -0.0053195698536881606 -0.0088334516929010672 0.016686159229834206 0.0022307268082733889 -0.0093577853480734247 -0.0024518042566308816 -0.0015247393113067588 0.014359204710095452 0.001098610848474024 -0.00019924202049152604
leaf_weight=13.807219639420508 9.9358548223972338 18.469927415251732 75.113201931118965 29.224330335855484 26.47862021625042 38.928232088685036 10.602982342243196 44.406141340732574 47.644717738032341 20.292505383491516 31.931586399674416 14.947106927633287 14.689809530973433 38.245483919978142 15.630006209015844 9.2364550828933734 9.296389624476431 21.003167897462845 45.095253333449364 14.560083121061323 9.9731953740119952 9.8598417341709119 10.201049789786337
leaf_count=46 39 39 166 95 86 87 35 101 165 56 72 51 36 141 61 19 30 83 159 50 22 32 33
internal_value=0.0047596 0.00509635 0.0047301 0.00587724 0.00257385 0.00515931 0.00129556 0.00372778 0.00528508 0.00653472 0.00316224 0.00501722 0.00174015 -0.00234316 -0.00465162 0.0103669 -0.00426144 -0.00621018 -0.000536067 0.00572313 0.00382342 0.00775685 -0.00453283
internal_weight=579.573 559.436 540.966 353.075 187.891 123.167 84.2387 277.962 203.642 43.3362 159.236 111.592 79.66 64.7241 30.5771 29.529 40.9025 31.6062 74.3196 49.0829 34.3931 19.833 20.1369
internal_count=1704 1632 1593 1010 583 356 269 844 590 121 489 324 252 227 112 75 148 118 254 140 104 54 72
is_linear=0
shrinkage=0.00891649


Tree=32
num_leaves=26
num_cat=0
split_feature=1 1 1 1 1 1 1 1 3 19 3 3 3 11 19 3 16 11 8 3 19 0 16 19 8
split_gain=21.8313 53.0303 41.6221 57.2912 31.7987 38.9274 20.2678 21.3107 19.0678 18.8423 15.2795 13.7313 9.64129 9.45915 8.57438 8.35897 9.26994 8.05502 7.5558 7.1295 6.34415 6.19615 5.86835 4.07658 3.88655
threshold=-0.43669153170535879 0.090414026473754086 -0.49505222168737434 -0.99864411408838072 0.11745730266184302 0.58555612609639918 -1.0742195334137243 -1.3954613522900934 -1.073424636876221 -0.10016762488090768 1.4402918256320458 -0.96680233142752969 -0.50044154892440484 1.1288115393609288 -0.58328810155603161 0.30593011673016846 0.39111648522588432 -0.56806480754761346 0.76309655126766296 -1.5662790729461455 0.051970441697899057 0.24361326015943671 0.040768353255235798 0.94625821851108094 -1.0000000180025095e-35
decision_type=2 2 2 2 2 2 2 2 2 2 2 2 2 2 2 2 2 2 2 2 2 2 2 2 2
left_child=2 -2 3 6 13 -6 7 17 19 11 -8 -10 -13 18 22 -4 -17 -1 -3 -7 -11 -19 -14 -22 -15
right_child=1 4 15 -5 5 8 10 -9 9 20 -12 12 14 24 -16 16 -18 21 -20 -21 23 -23 -24 -25 -26
leaf_value=0.0041055387313466583 0.012920541768792272 -0.0062669187688830317 -0.0069853973574507443 0.012895095836975184 0.013477342078191677 0.0069767573290784738 -0.0060499123728547733 0.011038840883874022 -0.0031859374180174542 -0.0056138249365734229 0.0069426950991039746 0.014088536934525997 0.0015332539278272899 0.00043044780335799296 0.011494038789973115 0.0033390165602391105 -0.0072268333351605471 -0.0087873199511998203 0.0012620167244185858 0.015896008486363015 0.0037018321674569849 0.000732329568574418 0.0073095196799758434 -0.003014188039562543 0.0092143791243962572
leaf_weight=28.230615898966789 72.090588241815567 28.125998973846436 31.286275684833527 49.379197105765343 43.388155996799469 17.045660316944126 34.495505392551422 24.694715768098831 13.691790372133253 19.91095532476902 8.8773842900991422 10.974425137042997 36.858273029327393 8.3066317141056043 13.72648364305496 18.743595108389858 9.9265956133604032 8.8294322192668933 16.67825311422348 11.971113160252569 16.968801736831669 13.34974844753742 22.331277534365654 12.10637019574642 7.4007221311330786
leaf_count=84 163 106 120 112 97 48 131 59 48 74 26 24 118 28 32 60 38 34 55 25 51 44 63 43 21
internal_value=0.00471875 0.00611191 0.00256831 0.00484393 0.00435339 0.00593295 0.00148413 0.00428025 0.00406477 0.00275538 -0.0033574 0.00501728 0.00636999 -0.00135516 0.00519717 -0.003796 -0.000334889 0.000963905 -0.0034512 0.0106445 -0.00174459 -0.00304106 0.00372096 0.000885489 0.0045441
internal_weight=579.389 351.576 227.813 167.857 279.485 218.973 118.477 75.1045 175.585 146.568 43.3729 97.5822 83.8905 60.5116 72.916 59.9565 28.6702 50.4098 44.8043 29.0168 48.9861 22.1792 59.1896 29.0752 15.7074
internal_count=1704 996 708 490 833 623 378 221 526 453 157 285 237 210 213 218 98 162 161 73 168 78 181 94 49
is_linear=0
shrinkage=0.00891649


Tree=33
num_leaves=27
num_cat=0
split_feature=12 12 12 12 12 12 12 12 12 14 14 14 8 3 14 12 12 18 4 3 14 4 4 18 18 14
split_gain=34.164 63.3694 52.9168 44.1247 50.3204 31.7508 38.8813 11.5088 12.1075 10.2644 12.8776 18.7046 8.35136 10.0056 7.6232 7.21951 8.54641 6.51293 6.28565 5.53991 5.52418 4.90865 4.63923 4.00354 9.41366 3.77694
threshold=-0.16341684234799367 -0.25586931583086425 -0.75163971702825794 0.36333471803336193 0.4100240155228117 0.86508898182794158 0.9670102492271061 1.5021128706847209 1.5448062732710468 2.0825664633865908 -0.12597556700880727 0.33208606290449399 0.099249915632604879 0.034212100179751577 -0.2178449368241113 1.9080135596403245 2.113951843513719 -0.39519642662065185 0.90173745429034469 1.1373381307931814 0.99732184854809336 0.27542147144202717 -0.37050680656935803 1.5333880352425693 0.74941311281837553 -0.93488616157772231
decision_type=2 2 2 2 2 2 2 2 2 2 2 2 2 2 2 2 2 2 2 2 2 2 2 2 2 2
left_child=1 2 9 -2 22 -6 17 -8 18 10 12 -12 13 -1 -15 -10 -17 -7 -9 -14 -13 -4 -5 24 -19 -3
right_child=3 25 21 4 5 6 7 8 15 -11 11 20 19 14 -16 16 -18 23 -20 -21 -22 -23 -24 -25 -26 -27
leaf_value=-0.0029035132997381266 0.01314367163921764 -0.00039844524720641434 0.01377954660717183 0.00053013941806203399 0.014350144954741871 -0.0087972620681322604 0.013762709732532401 0.0048216037403919958 0.015661988161652006 -0.0061711036058818072 0.015518807033211285 0.0017971607833937966 -0.01017387055270347 0.0072302839196761977 -0.0018110417993577211 0.0014499454230228659 0.011656641978663441 -0.0012252318747313755 -0.0051896756921816353 -0.00046133020740425016 0.0078908570473587795 0.0078993287061986765 -0.0067317609211649922 -0.0054445621475705244 0.0082664856033942431 -0.0048766061768032989
leaf_weight=19.789971470832825 68.34858426451683 19.215951681137085 44.891958698630333 9.2925118207931501 35.644474819302559 6.9583174735307685 25.439547136425972 13.46857698261738 10.977013215422629 10.073476284742354 12.72233536839485 39.420162007212639 8.0435414314270037 28.127205789089199 9.7585804015398043 11.630375489592554 14.323460191488264 29.229777500033379 7.6168541759252539 10.658804774284361 16.713072150945663 14.970651492476462 25.99272695183754 7.8444850891828528 11.343117058277128 66.731979727745056
leaf_count=68 153 67 99 31 77 28 56 41 23 37 27 126 32 78 34 37 35 101 28 35 45 38 100 29 32 247
internal_value=0.00467806 0.00259679 0.00518015 0.00693076 0.00490418 0.00686601 0.00493971 0.00877634 0.00658809 0.00243692 0.00303888 0.00583139 0.000519585 0.0021937 0.00487527 0.00965118 0.00709785 -0.000839388 0.00121373 -0.00462945 0.00362408 0.0122899 -0.0047726 0.000301424 0.00143207 -0.0038662
internal_weight=579.228 301.118 215.17 278.11 209.761 174.476 138.832 83.4558 58.0163 155.307 145.234 68.8556 76.3781 57.6758 37.8858 36.9308 25.9538 55.3757 21.0854 18.7023 56.1332 59.8626 35.2852 48.4174 40.5729 85.9479
internal_count=1704 933 619 771 618 487 410 220 164 482 445 198 247 180 112 95 72 190 69 67 171 137 131 162 133 314
is_linear=0
shrinkage=0.00891649


Tree=34
num_leaves=31
num_cat=0
split_feature=15 15 0 0 0 0 0 15 15 15 19 0 6 1 1 19 15 1 1 6 1 6 15 15 19 19 11 11 11 15
split_gain=28.0741 57.7967 25.7894 19.9633 25.6095 51.4403 16.1794 13.7286 42.8144 35.4137 15.8956 12.9912 10.3245 11.51 14.0956 11.6983 9.95368 8.12521 12.181 6.40699 12.6949 11.3673 6.3206 5.79572 4.69202 4.25266 4.2212 4.15471 4.06655 3.75199
threshold=-0.75197308362565063 -0.21923732335509546 -1.1159823000930063 -0.66661605942235636 -0.57152078311884813 -0.029711750967318058 -1.2069715627391957 -0.82563418106787567 -1.3110423308008141 -1.3515456663877463 -0.62078405201401421 -1.5686949418943712 -1.3033130840615594 -0.43669153170535879 0.090414026473754086 0.23200385127671799 -1.7252142122696066 0.11745730266184302 0.58555612609639918 -0.070805002637463241 -0.49505222168737434 0.10628270132603841 -0.056327505073451259 0.32844233530283834 0.94625821851108094 1.4668195962894974 1.0000000180025095e-35 -0.48294564434938708 0.41363044311085401 -0.28431673707750738
decision_type=2 2 2 2 2 2 2 2 2 2 2 2 2 2 2 2 2 2 2 2 2 2 2 2 2 2 2 2 2 2
left_child=7 29 6 28 23 -6 11 8 9 16 -9 27 -7 19 -15 17 -1 -16 -19 20 -14 -21 -23 -5 -8 -12 -11 -3 -4 -2
right_child=1 2 3 4 5 12 24 10 -10 26 25 -13 13 14 15 -17 -18 18 -20 21 -22 22 -24 -25 -26 -27 -28 -29 -30 -31
leaf_value=0.0013119911795911651 0.015009416018471828 -0.0045926061059144022 0.0089803034265134897 0.0032586842489077329 0.013752268627634161 -0.0048769136874227143 -0.0085593994242691047 0.0053941748997156109 0.011512522499552572 -0.0055802793681920529 -0.0068297744525201935 0.013580778603443823 0.010400891346161361 0.013461076247023557 0.0014727298049562671 -0.0042077058411777975 0.010778162234506748 0.015849343787173134 0.0055378651714179357 -0.0081143490742398468 -0.0028430913979512998 -0.0037406785613329279 0.0045998958677186076 -0.0032895539039130015 -0.0013688099881270892 -0.00012446640539893724 -0.012651453105158028 0.0042640956744152032 0.015848504441469513 0.0095734263235031578
leaf_weight=23.958308830857277 48.115101307630539 8.436906591057781 12.472023576498033 15.752236157655714 52.332905545830727 10.129016563296316 17.586217567324642 15.638878047466276 33.649694114923477 16.037296652793888 29.945920333266258 7.731188476085662 14.346144184470177 17.198472872376442 23.117262482643127 10.177885234355925 13.711382195353506 11.470150634646414 41.12438040971756 11.525615617632864 9.2325355410575867 10.119210943579672 23.537129566073418 32.585848554968834 12.066300719976423 9.9072845280170423 11.458648800849913 7.9798261821269998 14.953100323677061 12.715137064456938
leaf_count=76 103 30 31 50 115 36 68 47 79 60 114 17 37 38 76 37 33 24 121 45 33 37 71 116 42 34 48 24 31 31
internal_value=0.00463809 0.00582135 0.00447649 0.00546454 0.00475942 0.00597766 -0.00120768 0.00138176 0.00337078 -0.000834219 -0.00216068 0.00417093 0.00373798 0.00425237 0.00613579 0.00466125 0.00475493 0.00586486 0.00779956 0.00142864 0.00517491 -0.000534037 0.00206607 -0.00113258 -0.0056194 -0.0051522 -0.00850846 -0.00025055 0.012701 0.0138513
internal_weight=579.012 424.705 363.874 310.074 282.649 234.311 53.8004 154.307 98.8153 65.1656 55.4921 24.1479 181.978 171.849 103.088 85.8897 37.6697 75.7118 52.5945 68.7606 23.5787 45.182 33.6563 48.3381 29.6525 39.8532 27.4959 16.4167 27.4251 60.8302
internal_count=1704 1213 1079 898 836 670 181 491 296 217 195 71 555 519 296 258 109 221 145 223 70 153 108 166 110 148 108 54 62 134
is_linear=0
shrinkage=0.00891649


Tree=35
num_leaves=22
num_cat=0
split_feature=20 0 0 0 0 0 0 14 0 0 0 0 2 2 14 0 8 17 14 2 10
split_gain=30.1935 25.7789 58.5437 38.0786 30.6506 46.9276 33.3752 24.5884 17.9227 20.4057 16.2301 27.4857 12.6119 11.7661 11.5011 10.4047 8.85787 8.36449 5.94018 4.12922 3.957
threshold=1.201385268480285 -0.57152078311884813 -0.029711750967318058 0.071636984136287163 -0.66661605942235636 -1.1159823000930063 -1.2069715627391957 2.0825664633865908 0.53971022302968286 0.60680248619027533 1.1416189770833913 1.1855327931484181 -0.21012047235562936 -0.60443976706746649 -0.48063655517014242 -1.3297742192022928 0.16975519543351952 -0.65943451441263512 -0.74964006613840006 -0.93997931736463525 -0.12240666763837048
decision_type=2 2 2 2 2 2 2 2 2 2 2 2 2 2 2 2 2 2 2 2 2
left_child=1 4 -3 -4 5 6 15 8 -5 -10 -11 -12 13 19 -6 17 -14 -1 -8 -2 -13
right_child=12 2 3 7 14 -7 18 -9 9 10 11 20 16 -15 -16 -17 -18 -19 -20 -21 -22
leaf_value=-0.0031843120273394331 0.0023863785467682403 0.013514264683554154 -0.00067892123354125879 0.012705526310626535 0.0022150248862659416 0.013105084891049357 0.0010113790975101108 -0.0061366687009593406 0.00031665083070360239 0.013449723039905043 -0.003874358087686124 0.015136963061925813 0.0023869791449111339 0.012665206920279214 -0.005485087252968414 0.0141272321003298 -0.0084763271054023193 0.00688736499684951 -0.0062770124638691603 -0.0041522909609857713 0.0080773540831845184
leaf_weight=8.4913310855627042 21.586816564202309 79.7107844799757 72.585602194070816 44.613432347774506 25.994989514350891 41.12135748565197 12.369600400328634 10.257356747984884 34.253297299146652 31.645732298493385 16.639591366052628 9.6644779145717639 8.1041772216558474 6.9816980659961692 37.208848208189011 11.471688598394392 20.860337361693382 26.092342436313629 29.850030213594437 11.63899891078472 17.652118533849716
leaf_count=29 67 176 249 101 84 92 41 38 115 70 60 21 26 16 138 25 82 73 112 42 47
internal_value=0.00459849 0.00534865 0.00691172 0.00469161 0.00277596 0.00525854 0.00159848 0.00705973 0.00794902 0.00601332 0.00859353 0.00509623 -0.000917389 0.00229277 -0.00230389 0.0068316 -0.00539869 0.00440433 -0.004115 9.19094e-05 0.0105662
internal_weight=578.795 509.623 317.022 237.312 192.6 129.396 88.275 164.726 154.469 109.855 75.6019 43.9562 69.172 40.2075 63.2038 46.0554 28.9645 34.5837 42.2196 33.2258 27.3166
internal_count=1704 1471 877 701 594 372 280 452 414 313 198 128 233 125 222 127 108 102 153 109 68
is_linear=0
shrinkage=0.00891649


Tree=36
num_leaves=27
num_cat=0
split_feature=20 20 20 20 20 20 20 20 6 15 6 18 19 15 4 15 15 15 20 19 15 19 15 15 19 4
split_gain=29.6643 23.5779 54.7225 50.7623 30.947 55.4989 61.6121 20.2941 15.4358 12.2955 9.03866 8.83211 8.43485 7.42035 9.34295 7.61877 7.41497 7.00128 6.1838 5.45596 5.02358 4.42716 4.17354 4.17363 3.89995 3.81028
threshold=1.201385268480285 1.0000000180025095e-35 0.60075011733418315 0.64317010994199264 -0.076762462275573332 -0.64753450234660914 -0.73597760321341188 -1.2331699816879782 -0.070805002637463241 -0.63045517839847576 0.44963950637280087 -0.097730678764627807 0.94625821851108094 -1.3110423308008141 -0.37050680656935803 0.32844233530283834 -1.0424075908150199 0.32844233530283834 -0.42897523810759108 -0.11406942191867205 0.32844233530283834 0.32828884258685115 -0.21923732335509546 0.55236385712216929 0.94625821851108094 0.30120022902775129
decision_type=2 2 2 2 2 2 2 2 2 2 2 2 2 2 2 2 2 2 2 2 2 2 2 2 2 2
left_child=1 4 -3 -4 5 6 7 10 16 24 21 20 -11 -8 15 -15 -2 -18 -7 -10 -12 22 -1 -24 -6 -13
right_child=8 2 3 -5 9 18 13 -9 19 12 11 25 -14 14 -16 -17 17 -19 -20 -21 -22 -23 23 -25 -26 -27
leaf_value=0.013564873994529689 -0.0050780591494543666 0.01373375142793799 -0.0016441865404395052 0.011907368733767933 -0.009392154455748758 0.016884205684948549 -0.010320149975300395 0.012972589521303203 -0.0013548640763223667 0.0027123890373031115 0.0088575883104475214 0.00065403703946331901 -0.0072249339695467686 0.0071524688725150562 -0.0040152707750710304 -0.0025874067949669889 0.0075873715046698483 -0.00036925384917940355 0.010779225543476654 -0.0097465146638398403 8.1943830132658561e-05 0.0024540708434326926 0.0024478768398231354 0.011089401573386471 -0.0017805018022446525 -0.0075095733758036125
leaf_weight=12.096875041723253 8.458948537707327 74.442668944597244 57.79414413869381 35.121930524706841 14.149514108896257 17.914591461420059 8.9457353055477125 34.862923845648766 10.079360753297808 46.541152819991112 13.972898691892626 10.666180178523065 7.7277524322271338 13.497889816761019 50.60603503882885 11.685417786240576 19.814340740442276 15.35251711308956 49.080171883106232 15.425883397459982 7.9896509647369376 8.9070287048816663 8.7509720772504824 8.6456128358840925 8.4614913761615735 7.5605406165122977
leaf_count=28 30 163 202 81 56 36 36 78 34 149 37 34 30 39 184 41 56 51 116 62 26 28 27 21 30 29
internal_value=0.00455943 0.00530308 0.00804479 0.00348687 0.00396088 0.00540393 0.00303317 0.00732425 -0.000909552 -0.00101091 0.00481723 0.00186024 0.00127595 -0.00271149 -0.00181092 0.00260551 0.00229161 0.00409973 0.0124085 -0.00640897 0.0056416 0.00789861 0.00956682 0.00677691 -0.00651892 -0.00270343
internal_weight=578.552 509.421 167.359 92.9161 342.062 265.183 198.188 113.453 69.1311 76.8799 78.5898 40.1893 54.2689 84.7351 75.7893 25.1833 43.6258 35.1669 66.9948 25.5052 21.9625 38.4005 29.4935 17.3966 22.611 18.2267
internal_count=1704 1471 446 283 1025 760 608 308 233 265 230 126 179 300 264 80 137 107 152 96 63 104 76 48 86 63
is_linear=0
shrinkage=0.00891649


Tree=37
num_leaves=25
num_cat=0
split_feature=12 12 12 12 12 12 12 1 10 1 1 1 1 1 12 12 10 1 8 4 1 1 1 12
split_gain=32.654 59.8568 49.752 41.3938 48.0463 29.844 36.8406 13.8805 13.2171 9.00445 11.2853 15.7076 14.6735 10.1688 7.43713 8.45611 6.94293 6.51689 5.20048 4.8324 3.94214 5.05359 3.89596 3.72924
threshold=-0.16341684234799367 -0.25586931583086425 -0.75163971702825794 0.36333471803336193 0.4100240155228117 0.86508898182794158 0.9670102492271061 0.090414026473754086 -0.12240666763837048 -1.3954613522900934 -0.49505222168737434 -0.3861070146578352 0.066963389452968439 -0.99864411408838072 1.5021128706847209 2.113951843513719 -0.12240666763837048 -1.0742195334137243 0.16975519543351952 0.27542147144202717 0.18764770253356453 0.63671578055447808 1.2141852551304908 2.0116234020085417
decision_type=2 2 2 2 2 2 2 2 2 2 2 2 2 2 2 2 2 2 2 2 2 2 2 2
left_child=1 2 9 -2 16 -6 7 -7 -8 18 13 -12 -13 17 -10 23 -5 -11 -1 -4 -14 -22 -9 -16
right_child=3 -3 19 4 5 6 8 22 14 10 11 12 20 -15 15 -17 -18 -19 -20 -21 21 -23 -24 -25
leaf_value=0.00026561450150760428 0.012749556493722614 -0.003804536013843405 0.013377328977048998 -7.8763444425076389e-05 0.013946399587964566 -0.0072310099944772263 0.013815983603944013 0.0044135239645557312 0.011305816176050108 0.0098824141818806624 -0.0058658854395974014 0.01197987642995031 -0.0023928773025541279 0.012247026124959814 0.0035359359293299706 0.010567554889079392 -0.008075576561745245 0.00086292683734893192 -0.0084348636275861488 0.0075380878319473554 0.0087541220272738685 0.001105958080860766 -0.001542000490190949 -0.0035127985234076902
leaf_weight=15.551964297890665 68.202197507023811 85.759052887558937 44.79591791331768 14.699230045080183 35.543224930763245 17.97875851392746 25.939101740717888 23.939696192741394 15.930676743388174 8.9720944166183489 18.673449024558067 12.455521583557127 15.757024168968199 16.942080438137054 21.993088334798816 11.592180296778677 20.503593072295189 20.648724436759949 8.1272051334381086 14.944093257188795 8.7231757193803769 29.321508556604385 13.397630006074904 7.9114561825990668
leaf_count=50 153 314 99 50 77 70 59 74 37 22 70 29 55 39 67 29 81 69 31 38 22 95 46 28
internal_value=0.00452072 0.00248457 0.00499592 0.00672511 0.00476106 0.00667872 0.00481142 -0.000816919 0.00854801 0.00233593 0.0032452 0.00131168 0.00334327 0.00676571 0.00616709 0.00417207 -0.00470625 0.00362761 -0.00269689 0.011898 0.00132792 0.00287481 0.0022582 0.00166232
internal_weight=578.303 300.672 214.913 277.631 209.429 174.226 138.683 55.3161 83.3665 155.173 131.494 84.9307 66.2572 46.5629 57.4274 41.4967 35.2028 29.6208 23.6792 59.74 53.8017 38.0447 37.3373 29.9045
internal_count=1704 933 619 771 618 487 410 190 220 482 401 271 201 130 161 124 131 91 81 137 172 117 120 95
is_linear=0
shrinkage=0.00891649


Tree=38
num_leaves=26
num_cat=0
split_feature=14 14 1 1 1 1 1 1 1 1 0 0 0 0 14 19 5 5 14 2 0 19 2 1 2
split_gain=21.4924 25.4115 17.3628 33.8393 50.5004 43.1887 24.9832 32.8811 16.4368 17.4163 11.9311 12.223 14.2598 21.0098 13.9431 9.8164 8.88153 7.36974 7.06232 7.09085 5.9207 4.85376 4.01462 3.92869 3.80144
threshold=2.0825664633865908 1.5714736760872448 -0.99864411408838072 -0.49505222168737434 -0.43669153170535879 0.090414026473754086 0.11745730266184302 0.58555612609639918 -1.0742195334137243 -1.3954613522900934 -1.1159823000930063 -0.66661605942235636 -0.57152078311884813 -0.029711750967318058 -0.2178449368241113 -1.1068184745307392 -0.64522410462576685 1.4478302674070178 0.33208606290449399 -0.21012047235562936 -0.49398282121403592 -0.29588276063247393 -0.65732459763305562 0.30031160624504921 -0.21012047235562936
decision_type=2 2 2 2 2 2 2 2 2 2 2 2 2 2 2 2 2 2 2 2 2 2 2 2 2
left_child=1 2 8 22 -5 -6 17 23 9 20 18 -12 14 -14 -13 -2 -15 24 19 -9 -1 -18 -4 -8 -7
right_child=15 -3 3 4 5 6 7 10 -10 -11 11 12 13 16 -16 -17 21 -19 -20 -21 -22 -23 -24 -25 -26
leaf_value=-0.0033928954968228207 0.0013632809235394722 0.015040879950575761 0.007011488736945271 -0.0032859445086611647 0.012111304669708861 0.00077161476577352706 0.0091513793167506945 0.0080455744913417501 -0.0030290785160079934 0.010196868261369315 0.013227448184972007 0.0074009196716495395 0.013749845948994756 0.011276358773648196 -0.0052231854187771752 -0.010984309143977645 0.0035218637277461239 0.0056430766106299298 -0.0068037328800654726 -0.0025494638545508139 0.0031452618866203061 -0.0027194924170570209 0.013511908777305218 0.015011979650457554 -0.0044438005825341038
leaf_weight=16.598405331373215 10.391942992806436 18.425078839063644 9.2034372389316541 57.606480374932289 67.146701395511627 17.16826918721199 14.18268173933029 8.5752736479043978 42.299884110689163 23.666266396641731 12.679096743464468 10.165255904197695 20.629584640264511 9.2053981721401197 20.892589569091797 9.670504614710806 36.573724791407585 10.467616170644758 11.159139961004255 11.427241802215578 31.546292647719383 13.30294446647167 39.549555629491806 25.106407731771469 30.367328315973282
leaf_count=58 33 39 24 209 153 57 35 23 153 57 28 29 45 24 77 39 111 32 42 40 97 47 87 53 112
internal_value=0.00448277 0.0048089 0.0044569 0.00528518 0.00438017 0.00576689 0.00407338 0.00560758 0.00136937 0.00396055 0.00375732 0.00499942 0.00404993 0.00604321 -0.00105247 -0.00452579 0.00334267 -0.00104877 -0.00115065 0.00197752 0.000889187 0.00185053 0.0122601 0.0128714 -0.00254986
internal_weight=578.007 557.945 539.52 425.409 376.656 319.049 251.903 193.899 114.111 71.811 154.61 123.449 110.769 79.7117 31.0578 20.0624 59.0821 58.0032 31.1617 20.0025 48.1447 49.8767 48.753 39.2891 47.5356
internal_count=1704 1632 1593 1228 1117 908 755 554 365 212 466 361 333 227 106 72 182 201 105 63 155 158 111 88 169
is_linear=0
shrinkage=0.00891649


Tree=39
num_leaves=32
num_cat=0
split_feature=10 10 10 10 10 10 10 10 10 15 19 14 10 10 10 17 18 15 18 17 19 15 10 10 14 5 5 14 14 19 15
split_gain=26.6803 49.169 30.679 29.7605 44.3383 33.7946 28.3943 25.5047 20.2218 10.6101 10.3 12.559 10.021 13.6926 12.1986 8.78365 12.3817 9.76384 5.56586 5.73123 5.50285 5.11439 4.67885 4.80707 4.47666 4.41737 10.4381 3.89939 3.6893 3.66664 3.66541
threshold=-0.12240666763837048 -0.711323193070312 -0.75812582529097694 1.0000000180025095e-35 0.61313439587818919 0.64568759447949264 1.2707422009807037 1.3302294371720149 -1.2037039549006023 0.32844233530283834 -0.62078405201401421 0.39745373756711899 1.6767917852821765 2.0165826887306255 2.627553828393399 1.0499957711299379 -1.2487832700292099 -0.75197308362565063 -0.22728648642215685 -0.65943451441263512 -0.10016762488090768 0.32844233530283834 0.10614381541853013 0.52818311358505732 -0.26292280895628384 0.24807900892555659 1.4478302674070178 -0.38023872485816718 -0.2178449368241113 -0.10016762488090768 -0.95839555318428593
decision_type=2 2 2 2 2 2 2 2 2 2 2 2 2 2 2 2 2 2 2 2 2 2 2 2 2 2 2 2 2 2 2
left_child=1 2 8 9 22 25 24 -8 15 18 11 -4 -9 -14 -15 16 -1 -18 28 -20 -11 -19 -5 -24 -7 -6 -27 -10 -2 -12 -3
right_child=3 30 10 4 5 6 7 12 27 20 29 -13 13 14 -16 -17 17 21 19 -21 -22 -23 23 -25 -26 26 -28 -29 -30 -31 -32
leaf_value=-0.0044947366880150694 0.00087276812626114249 0.0079314674117722164 0.010838752436331037 0.0061670750337697961 -0.0012165916021783616 0.0079107747445114444 -0.0052000876875985969 0.014478889173056826 0.0083951904811802522 -0.0021445568925223309 -0.0061505259224877776 -0.0024659074190625883 -0.0015570768879745976 0.015766131473009367 0.002042395522962382 -0.0023500944262971504 0.00058548662182385345 0.012978277510484968 -0.0030064334773988398 0.0058471395248825726 -0.0091126614020385823 0.0063809163731381588 0.013943326324129602 0.0081155950503116227 0.015183220495368157 -0.010230336317292782 0.00097138479037890886 0.013758234880860998 -0.0067151395594705916 -0.00098620973465361359 0.013240128296554235
leaf_weight=8.2186847776174528 10.37979130446911 12.186482444405554 12.155790627002718 14.44703349471092 27.041073471307755 10.70453977584839 25.691736325621605 8.4495597183704358 17.904032781720161 18.339639902114868 14.923983857035635 10.087321043014525 18.747180700302124 10.18199507892132 9.9413886517286283 13.719083920121191 13.085672110319136 17.543046087026596 7.8099753260612514 20.554909914731979 17.514288797974586 19.735026195645332 32.3051578104496 17.179320126771927 17.637153267860413 18.365932822227482 10.045493647456167 27.066846922039986 9.566369026899336 39.642223566770554 66.560528635978699
leaf_count=29 35 31 32 38 95 27 97 18 45 64 56 35 65 21 31 47 42 41 28 62 70 56 70 43 37 75 33 59 37 138 147
internal_value=0.004445 0.00647022 0.00406013 0.00263212 0.00435091 0.00180065 0.00485797 0.0019227 0.00692473 -0.00187225 -0.000312797 0.00476783 0.00579368 0.00388902 0.00896298 0.0040088 0.00550553 0.00716188 0.000839888 0.00337712 -0.00554373 0.00948431 0.0105991 0.0119144 0.0124048 -0.00378441 -0.00624403 0.0116111 -0.00273919 -0.00240255 0.0124053
internal_weight=577.731 272.829 194.082 304.903 220.738 156.806 101.354 73.0119 117.272 84.165 76.8093 22.2431 47.3201 38.8706 20.1234 72.3015 58.5824 50.3637 48.311 28.3649 35.8539 37.2781 63.9315 49.4845 28.3417 55.4525 28.4114 44.9709 19.9462 54.5662 78.747
internal_count=1704 758 580 946 650 499 296 232 319 296 261 67 135 117 52 215 168 139 162 90 134 97 151 113 64 203 108 104 72 194 178
is_linear=0
shrinkage=0.00891649


Tree=40
num_leaves=30
num_cat=0
split_feature=18 18 18 18 18 18 17 19 19 19 18 19 17 18 3 11 11 18 18 17 2 2 17 11 19 3 19 19 19
split_gain=24.6322 35.6963 33.9431 31.3581 44.5566 28.8435 21.3668 16.9793 18.9295 13.4362 11.3616 11.1052 12.1812 9.84976 9.11667 8.233 7.85895 7.22378 13.4674 8.78138 7.20236 8.34105 6.89085 6.41912 6.34259 12.5455 5.92873 4.5565 4.26287
threshold=-0.85130849938950137 -0.41577340490258857 -0.37146705388329321 0.032647793235434618 0.12752380531045562 0.59086702851871586 0.43524523045310554 0.99396398928560536 1.4668195962894974 0.41672746587514192 -0.39519642662065185 -1.1444575533109163 -0.14969425321441207 -0.93136272700745104 0.034212100179751577 1.0000000180025095e-35 1.1288115393609288 -1.350800561649079 -0.93136272700745104 -0.5460328102621107 -1.2426526525811463 -0.7858721155335685 0.61810558921759939 -0.56806480754761346 -0.10016762488090768 0.27822975280737239 0.94625821851108094 -1.5433231576542048 0.6753823638224995
decision_type=2 2 2 2 2 2 2 2 2 2 2 2 2 2 2 2 2 2 2 2 2 2 2 2 2 2 2 2 2
left_child=7 -2 10 -4 24 -6 11 17 -9 15 -3 27 14 22 20 -8 -16 19 -19 -1 -13 -22 23 -10 25 -5 -21 -7 -26
right_child=1 2 3 4 5 6 9 8 13 -11 -12 12 -14 -15 16 -17 -18 18 -20 26 21 -23 -24 -25 28 -27 -28 -29 -30
leaf_value=-0.011332753757448692 0.013092233568601001 0.0075212658160800014 0.012238535859161011 -0.0035657216010111232 0.012485330258165265 0.0088551837539907509 0.0057163002241872492 0.015428143520271977 0.0067060569542445958 -0.011527153158583024 -0.0034237583561914967 0.00046468297626991713 0.012194882084973905 -0.0060103411271738016 -0.0013114149147089515 -0.0020319511733919442 0.0088629013001743241 0.0072602625843800374 -0.0025279030562328983 0.0011598471007730762 0.01631083843163773 0.006144219959273594 0.010129935786731929 -0.0038324761452991751 -0.0071731204739386998 0.0086392291276050515 -0.0086765509648004443 0.016087100459946324 -0.00011486500679763115
leaf_weight=10.396993905305861 43.22779592871666 8.6974480152130109 48.950238034129143 18.60750108957291 47.648905098438263 20.832000568509105 20.36059445142746 10.948235705494879 8.6940497457981092 7.0121519416570655 48.847009852528572 12.309827029705046 16.382619827985764 8.6732799559831637 31.405699253082275 22.908957347273827 7.2426495850086203 16.653958380222321 32.854756236076355 17.219703987240795 7.9320199489593461 30.459770768880848 11.207627579569815 9.2481881082057971 22.079590931534771 10.174852475523947 6.5487463921308509 10.197490826249121 9.6832651793956739
leaf_count=42 96 22 111 66 107 55 59 23 25 29 178 40 37 33 106 79 20 43 118 56 16 88 29 33 85 28 26 21 33
internal_value=0.00440779 0.00541238 0.00458375 0.00564301 0.00454695 0.00630515 0.0047278 0.0010335 0.00520354 -0.00022791 -0.00173953 0.00655251 0.00517603 0.00222783 0.00387709 0.0016075 0.000617513 -0.00140196 0.000763464 -0.0045501 0.00635663 0.00825926 0.00469465 0.00128718 -0.00225771 0.000744338 -0.00157277 0.0112311 -0.00501037
internal_weight=577.406 444.96 401.733 344.188 295.238 234.693 187.044 132.446 48.7714 50.2817 57.5445 136.762 105.733 37.8231 89.35 43.2696 38.6483 83.6742 49.5087 34.1654 50.7016 38.3918 29.1499 17.9422 60.5452 28.7824 23.7685 31.0295 31.7629
internal_count=1704 1276 1180 980 869 657 550 428 143 167 200 383 307 120 270 138 126 285 161 124 144 104 87 58 212 94 82 76 118
is_linear=0
shrinkage=0.00891649


Tree=41
num_leaves=29
num_cat=0
split_feature=12 12 12 12 12 12 12 10 7 0 7 7 7 7 0 12 12 10 2 0 7 7 7 7 4 4 12 7
split_gain=31.178 56.4917 46.8468 38.9768 45.9888 28.1872 34.8442 12.7512 8.96749 8.2116 9.21498 8.23299 10.9642 14.6904 7.49696 6.9681 7.56464 6.77947 6.33891 6.15754 5.79239 5.63548 5.43691 4.84732 4.76735 4.22598 4.05939 3.84285
threshold=-0.16341684234799367 -0.25586931583086425 -0.75163971702825794 0.36333471803336193 0.4100240155228117 0.86508898182794158 0.9670102492271061 -0.12240666763837048 -0.22338568229600331 0.47851830149465735 0.26232668622685645 -0.70540496232573957 -0.7662879553177111 -1.2332682191988937 0.60680248619027533 1.3799726145899287 2.113951843513719 -0.12240666763837048 0.86320933002590317 -0.49398282121403592 -0.22338568229600331 -0.53655301128110655 0.59599777951650978 -0.22338568229600331 0.27542147144202717 -0.11821881447389611 2.0116234020085417 1.3284128428678206
decision_type=2 2 2 2 2 2 2 2 2 2 2 2 2 2 2 2 2 2 2 2 2 2 2 2 2 2 2 2
left_child=1 2 9 -2 17 -6 8 -8 -7 10 11 12 13 19 -11 -9 26 -5 27 -1 -13 -16 -10 -20 -4 -12 -17 -3
right_child=3 18 24 4 5 6 7 15 22 14 25 20 -14 -15 21 16 -18 -19 23 -21 -22 -23 -24 -25 -26 -27 -28 -29
leaf_value=-0.0011211597938930304 0.012383064944044205 -0.0013040565084922301 0.013001239921928384 -8.1586953961747705e-05 0.013576631436076896 -0.0072252899854956636 0.01349722671132208 0.011426359381803837 0.0043245136039201512 -0.0072653995121930515 -0.0026354338474314756 0.014265633450668834 -0.0040057882758329933 0.01295217686125571 -0.0032896910512811069 0.0037824498006426002 0.010319240325387386 -0.0079902055351353807 -0.0033622978795029403 0.0074351787113502198 0.0059445571728589707 0.0058602533759433521 -0.0020395954194819452 -0.011240865730071952 0.0071944224394837712 0.0038790402000700545 -0.0034916421217859495 -0.0077969044323013704
leaf_weight=20.233560815453529 67.991497710347176 52.570859327912331 44.654448911547661 14.695663407444952 35.408075332641602 13.022080540657042 25.908166110515594 13.901945903897284 21.432864919304848 12.034086048603056 24.020314499735832 9.7047857344150561 13.69257867336273 12.950869619846346 9.9452834427356702 23.96616625785828 11.589490085840223 20.432035475969315 11.605177298188211 9.699775964021681 20.105326026678085 11.026591688394548 20.792698264122009 13.149802580475805 14.907694637775419 11.547436133027075 7.9067604988813391 8.2264662235975248
leaf_count=68 153 184 99 50 77 51 59 32 67 46 83 21 50 29 34 72 29 81 43 27 58 31 72 55 38 35 28 32
internal_value=0.00437073 0.00237919 0.00482064 0.00652704 0.00462041 0.00649786 0.00468392 0.00831978 -0.000793287 0.00223917 0.00330448 0.00487626 0.00287956 0.00508939 -0.00169137 0.00597988 0.0042149 -0.00465215 -0.00373845 0.0016689 0.00865814 0.00149171 0.00118137 -0.00753854 0.0115296 -0.000497419 0.0019677 -0.00219593
internal_weight=577.123 300.075 214.523 277.047 209.056 173.928 138.52 83.2725 55.2476 154.961 121.955 86.3869 56.5768 42.8842 33.006 57.3644 43.4624 35.1277 85.5523 29.9333 29.8101 20.9719 42.2256 24.755 59.5621 35.5678 31.8729 60.7973
internal_count=1704 933 619 771 618 487 410 220 190 482 371 253 174 124 111 161 129 131 314 95 79 65 139 98 137 118 100 216
is_linear=0
shrinkage=0.00891649


Tree=42
num_leaves=24
num_cat=0
split_feature=20 0 0 0 0 0 0 0 0 0 0 19 19 1 19 0 20 10 8 10 10 8 20
split_gain=28.1148 23.5565 52.7997 34.0797 27.7657 42.4354 30.8545 21.8798 18.2374 19.8975 24.0034 12.9405 12.5995 11.8171 9.57167 9.52949 8.8008 7.94681 5.73259 4.98681 16.4399 3.81944 3.7164
threshold=1.201385268480285 -0.57152078311884813 -0.029711750967318058 0.071636984136287163 -0.66661605942235636 -1.1159823000930063 -1.2069715627391957 0.53971022302968286 0.60680248619027533 1.1416189770833913 1.1855327931484181 -0.11406942191867205 0.36203409701194172 -0.3861070146578352 -0.62078405201401421 -1.3297742192022928 -0.73597760321341188 -0.12240666763837048 0.89412966609154843 -0.37525942933062156 0.74675662215439165 0.16975519543351952 -0.68779826277202838
decision_type=2 2 2 2 2 2 2 2 2 2 2 2 2 2 2 2 2 2 2 2 2 2 2
left_child=1 4 -3 12 5 6 15 -5 14 -10 -11 13 -4 -2 -9 -1 -6 -18 21 -12 -21 -13 -8
right_child=11 2 3 7 16 -7 22 8 9 10 19 18 -14 -15 -16 -17 17 -19 -20 20 -22 -23 -24
leaf_value=0.0041933075478521225 -0.0042597211524268725 0.012847417348087196 0.0020614049716690184 0.011965756092840424 0.0061377481353056115 0.012446426260346189 -0.0052591952617430876 0.0067843403406366107 0.012574245459308922 -0.0046056962713913688 0.013875154131829317 -0.0026540304158406106 -0.0057192472621865583 0.0057042502117554831 -0.0031000079451353963 0.01351463322611105 -0.0002391430880509277 -0.007024400022905903 -5.6937145007016649e-05 -0.0029683932236110088 0.012478623744446906 -0.011278552657198453 0.001616426080541872
leaf_weight=34.530465468764305 14.368714496493338 79.258873984217644 47.232769683003426 45.165574550628662 8.3875265866518003 40.922282293438911 34.687386393547058 10.57152485847473 31.72652693092823 17.989037781953812 8.8685387670993823 5.8864237368106904 25.196635574102402 26.554789066314697 27.852455675601959 11.425886765122412 27.923838064074516 26.718171343207359 9.4727223217487317 9.1756056249141711 12.776390373706816 12.713495075702665 7.3739501982927314
leaf_count=102 51 176 153 103 25 92 129 31 71 66 20 21 96 76 100 25 94 103 32 31 30 53 24
internal_value=0.00433437 0.00505992 0.00655721 0.00444737 0.00259676 0.00496445 0.00148108 0.00669295 0.00468814 0.00709399 0.00352848 -0.000994643 -0.000637525 0.00218287 -0.000347747 0.00651616 -0.0022441 -0.00355814 -0.00565093 0.00828026 0.00601743 -0.00852912 -0.0040247
internal_weight=576.78 507.783 315.814 236.555 191.97 128.94 88.0177 164.126 118.96 80.5361 48.8096 68.9961 72.4294 40.9235 38.424 45.9564 63.0295 54.642 28.0726 30.8205 21.952 18.5999 42.0613
internal_count=1704 1471 877 701 594 372 280 452 349 218 147 233 249 127 131 127 222 197 106 81 61 74 153
is_linear=0
shrinkage=0.00891649


Tree=43
num_leaves=27
num_cat=0
split_feature=10 10 10 10 10 10 10 10 10 19 10 10 10 17 18 18 17 17 17 7 10 5 5 7 19 19
split_gain=25.3253 46.4573 28.818 27.8419 41.5571 31.9777 26.9248 24.3501 19.0213 9.84243 9.55455 15.29 11.6789 8.46809 11.9471 7.83315 7.82767 7.24216 6.70848 4.85229 4.4403 4.3589 10.2278 3.77788 3.67949 3.66543
threshold=-0.12240666763837048 -0.711323193070312 -0.75812582529097694 1.0000000180025095e-35 0.61313439587818919 0.64568759447949264 1.2707422009807037 1.3302294371720149 -1.2037039549006023 -0.62078405201401421 1.8529631522793542 2.0165826887306255 2.627553828393399 1.0499957711299379 -1.2487832700292099 -0.22728648642215685 -0.65943451441263512 -0.065983918558071605 -0.27864203571908736 0.59599777951650978 0.10614381541853013 0.24807900892555659 1.4478302674070178 -0.90708193137156379 0.23200385127671799 -0.10016762488090768
decision_type=2 2 2 2 2 2 2 2 2 2 2 2 2 2 2 2 2 2 2 2 2 2 2 2 2 2
left_child=1 2 8 15 19 21 -7 -8 13 -4 -9 -12 -13 14 -1 -2 -17 18 -16 20 -5 -6 -23 -3 -22 -11
right_child=3 23 9 4 5 6 7 10 -10 25 11 12 -14 -15 17 16 -18 -19 -20 -21 24 22 -24 -25 -26 -27
leaf_value=-0.0044804655561743664 -0.0053011687055710566 0.0070870385884838783 0.0046528609753253517 0.0041043783348265446 -0.0011640745225178833 0.012063181173091103 -0.0051297295718091334 0.013092901290656656 0.011265410993339336 -0.00610455507371246 -0.0027493591399467688 0.01538962925192832 0.0019438465646381558 -0.0023648239895809487 0.00679385143088639 -0.004214533860188387 0.0029228881874557478 0.011362011180980573 -0.002446624885134785 0.014565008190269879 0.0081010382767167516 -0.010125226924417354 0.00097440824476887624 0.012831979706817835 0.013882834688497681 -0.00093716382612280057
leaf_weight=8.2026250362396222 31.948033839464188 10.443652108311651 22.275665119290352 11.688800618052481 26.992542684078217 28.249429970979691 25.619641304016113 10.410995334386824 44.823639407753944 14.90020729601383 16.721011400222778 10.141075968742372 9.9303409904241544 13.700049817562101 23.45396015048027 19.129582494497299 32.936382353305817 18.6797119230032 8.2047491520643216 15.590716838836668 22.082928359508514 18.278310298919681 10.039934203028677 68.0230433344841 14.37302280962467 39.581021770834923
leaf_count=29 121 27 67 32 95 64 97 23 104 56 60 21 31 47 65 70 105 46 28 33 55 75 33 151 31 138
internal_value=0.00429849 0.00627332 0.00393087 0.00252973 0.00419515 0.00172311 0.00470149 0.0018401 0.00671061 -0.00030781 0.00562678 0.00350185 0.00871425 0.00388339 0.00535321 -0.00183029 0.000289028 0.00697967 0.00438649 0.0102539 0.00885951 -0.00371643 -0.00616439 0.0120545 0.0103858 -0.00235438
internal_weight=576.421 272.288 193.822 304.133 220.119 156.383 101.072 72.8231 117.065 76.7569 47.2034 36.7924 20.0714 72.2411 58.541 84.014 52.066 50.3384 31.6587 63.7355 48.1448 55.3108 28.3182 78.4667 36.456 54.4812
internal_count=1704 758 580 946 650 499 296 232 319 261 135 112 52 215 168 296 175 139 93 151 118 203 108 178 86 194
is_linear=0
shrinkage=0.00891649


Tree=44
num_leaves=30
num_cat=0
split_feature=18 18 18 18 18 18 19 19 19 18 4 4 19 18 18 18 16 16 16 4 4 19 4 16 16 16 2 16 19
split_gain=23.2578 33.871 32.0599 29.6233 42.384 27.1459 16.4403 18.0309 12.0635 10.5001 10.1969 11.7239 9.76573 9.50661 7.73423 24.4485 7.7135 16.7343 6.94398 6.72004 6.66512 6.44677 5.95549 4.84291 12.6399 4.78134 4.34966 4.2237 4.11619
threshold=-0.85130849938950137 -0.41577340490258857 -0.37146705388329321 0.032647793235434618 0.12752380531045562 0.59086702851871586 0.99396398928560536 1.4668195962894974 -1.1444575533109163 -0.39519642662065185 0.90173745429034469 -0.60141570808851907 -1.5433231576542048 -0.93136272700745104 0.62783507533969918 1.0731972064897308 -0.16090320591406571 -0.66310387344136701 -0.78995141072977171 -1.0699022977356123 0.27542147144202717 -0.10016762488090768 0.30120022902775129 -0.71641438029220172 -0.78995141072977171 0.39111648522588432 -0.21012047235562936 1.023427836088219 0.41672746587514192
decision_type=2 2 2 2 2 2 2 2 2 2 2 2 2 2 2 2 2 2 2 2 2 2 2 2 2 2 2 2 2
left_child=6 -2 9 -4 10 -6 16 -8 12 -3 11 19 -7 22 28 -16 17 18 -1 -5 -18 -13 -9 24 -17 -11 -26 -25 -10
right_child=1 2 3 4 5 8 7 13 14 25 -12 21 -14 -15 15 23 20 -19 -20 -21 -22 -23 -24 27 26 -27 -28 -29 -30
leaf_value=0.0022853115398430868 0.012735227748406228 0.0071947380534665697 0.011885270019924671 -0.0016526245780382172 0.012123515561665785 0.0060732036202178381 0.015081097383091938 0.0079776093079454956 0.0017243756435893988 -0.0010801806182891129 -0.0096785495928569682 0.0058812062661219968 0.01578788727770928 -0.0059225615237176957 0.011277031984104112 0.006163206135020729 -0.00033326748270044775 0.013295255216109494 -0.0071701836390212909 -0.014412856445218527 -0.0067837208606105074 -0.0016226465662801687 -0.00012872693581451858 0.0050388954452454133 -0.011901091641199981 -0.0067747327553440559 -0.0019777501834899688 -0.001002903832204453 -0.0048496111631071252
leaf_weight=14.845596328377724 43.0760208517313 8.6706493198871595 48.780037760734558 6.7027723044157028 47.454633176326752 26.613932803273201 10.918906226754187 17.072865784168243 35.540714710950851 29.382934510707855 11.677808880805967 18.077515080571171 11.653745174407957 8.6454256027936953 31.655721247196198 9.9699926674365997 25.007878214120865 7.6890093982219687 10.249388545751572 6.1470247060060483 25.674861893057823 17.838399499654773 12.030020117759703 36.138280525803566 6.8648694157600403 19.330617517232895 6.9131579846143723 12.024794548749922 9.3942486047744733
leaf_count=47 96 22 111 23 107 75 23 46 116 103 47 53 24 33 73 28 84 17 40 26 97 63 41 107 28 75 24 40 35
internal_value=0.00426297 0.0052403 0.00443267 0.00546296 0.00439729 0.00611404 0.000980275 0.00508781 0.00458424 -0.00172149 -0.00224471 -0.000465179 0.00903644 0.00218142 0.00343175 0.00476982 -0.00141941 0.00193292 -0.00156017 -0.00771434 -0.00359955 0.00214195 0.00460559 0.0018987 -0.00137904 -0.00334281 -0.00689369 0.00351614 0.000345196
internal_weight=576.042 443.908 400.832 343.448 294.668 234.224 132.134 48.6672 186.769 57.3842 60.4435 48.7657 38.2677 37.7483 148.502 103.567 83.4667 32.784 25.095 12.8498 50.6827 35.9159 29.1029 71.9111 23.748 48.7136 13.778 48.1631 44.935
internal_count=1704 1276 1180 980 869 657 428 143 550 200 212 165 99 120 451 300 285 104 87 49 181 116 87 227 80 178 52 147 151
is_linear=0
shrinkage=0.00891649


Tree=45
num_leaves=23
num_cat=0
split_feature=12 12 12 12 12 12 12 10 0 0 10 3 0 12 12 5 5 0 0 0 0 12
split_gain=29.8883 53.2975 44.2654 36.6937 43.9741 26.6403 33.0224 12.2918 8.04237 7.15771 6.60807 6.51081 7.35607 6.50045 7.27686 5.48579 4.70635 4.30664 6.26542 7.29654 5.39255 3.87723
threshold=-0.16341684234799367 -0.25586931583086425 -0.75163971702825794 0.36333471803336193 0.4100240155228117 0.86508898182794158 0.9670102492271061 -0.12240666763837048 0.47851830149465735 0.60680248619027533 -0.12240666763837048 -0.31316241485653201 -0.2575708728665792 1.3799726145899287 2.113951843513719 0.24807900892555659 -0.64522410462576685 -0.66661605942235636 -0.52639979903856948 -0.029711750967318058 1.0000000180025095e-35 2.0116234020085417
decision_type=2 2 2 2 2 2 2 2 2 2 2 2 2 2 2 2 2 2 2 2 2 2
left_child=1 2 8 -2 10 -6 -7 -8 11 -10 -5 12 -1 -9 21 -3 -4 -13 -19 -20 -21 -15
right_child=3 15 16 4 5 6 7 13 9 -11 -12 17 -14 14 -16 -17 -18 18 19 20 -22 -23
leaf_value=-0.0023999742792171802 0.012036681395432137 -0.0017286246936408266 0.007875343921502468 -7.7571605561380845e-05 0.013229458909168422 -0.00076861401894629455 0.013198623455990856 0.011082853161474374 -0.0072101116528802429 0.0013555863996967601 -0.0078933842706873127 0.00652573246790146 0.0079476749526332553 0.0036745832664299982 0.010095709350882141 -0.0062954194028051356 0.013096140595512821 -0.002026755679648576 0.01215883074817683 -0.00048943881137706159 0.0083415290572490704 -0.0034395992905159553
leaf_weight=25.630300045013428 67.717333242297173 48.883782953023911 21.560942336916924 14.689610183238981 35.23863710463047 55.17665009200573 25.853573083877563 13.848733082413672 11.9958388954401 20.961457535624504 20.348424583673477 41.728649362921715 6.7258450239896765 23.936546280980114 11.578167915344237 36.450642302632332 37.769365966320038 15.445115491747854 7.9304199963808015 16.372810348868377 7.9599778205156317 7.8944270312786093
leaf_count=88 153 173 54 50 77 190 59 32 46 65 81 116 19 72 29 141 83 54 18 56 20 28
internal_value=0.00422757 0.00227579 0.00464925 0.00634203 0.00449104 0.00632887 0.00456607 0.00810975 0.00214048 -0.00175229 -0.00458784 0.00319546 -0.000212616 0.00581031 0.00410586 -0.00367436 0.0111858 0.00443497 0.00260476 0.00482979 0.002419 0.00190006
internal_weight=575.697 299.415 214.081 276.282 208.565 173.527 138.288 83.1114 154.75 32.9573 35.038 121.793 32.3561 57.2579 43.4091 85.3344 59.3303 89.437 47.7083 32.2632 24.3328 31.831
internal_count=1704 933 619 771 618 487 410 220 482 111 131 371 107 161 129 314 137 264 148 94 76 100
is_linear=0
shrinkage=0.00891649


Tree=46
num_leaves=24
num_cat=0
split_feature=1 1 1 1 17 1 1 1 1 3 3 3 3 3 1 17 3 5 1 9 17 1 3
split_gain=18.319 42.7678 33.8223 47.2085 25.3046 19.7103 23.3613 16.152 17.5257 14.4879 14.2974 12.006 10.5388 18.9463 9.61433 9.53746 8.09898 11.2722 7.83586 5.88273 5.61243 3.9461 3.89385
threshold=-0.43669153170535879 0.090414026473754086 -0.49505222168737434 -0.99864411408838072 1.0499957711299379 0.11745730266184302 0.58555612609639918 -1.0742195334137243 -1.3954613522900934 1.4402918256320458 -1.073424636876221 -0.17947587075258256 -1.0091682742455681 -0.50044154892440484 1.3007434354190381 -0.10098143455636692 0.30593011673016846 0.24807900892555659 1.2141852551304908 -1.4735141425105733 -0.23197720343105005 1.7638748049172239 0.59936891968852335
decision_type=2 2 2 2 2 2 2 2 2 2 2 2 2 2 2 2 2 2 2 2 2 2 2
left_child=2 -2 3 7 5 22 -7 8 15 20 19 -6 18 -14 -15 -1 -4 -18 -12 -8 -9 -16 -3
right_child=1 4 16 -5 11 6 10 9 -10 -11 12 -13 13 14 21 -17 17 -19 -20 -21 -22 -23 -24
leaf_value=-0.0027769140093493569 0.011621340951453826 0.0015340525551634694 -0.0067072724270864012 0.011618422417856957 -0.0079024469648451331 0.012751084438571859 0.0071552565568475338 -0.01187306418905589 0.0098633341283370958 0.0068987004772108011 0.0038911230384626109 0.0013245668667834398 0.013699449844453707 0.0010937079726181236 0.012776319025360382 0.0050066094261769769 -0.0040655497594239412 0.0077359276795040425 -0.0079416444927580022 0.015568718568108514 -0.0036503315028540619 0.00514871126400002 -0.0042620405418325935
leaf_weight=27.779350221157074 71.357935637235641 36.580032840371132 30.952242702245712 48.918840184807777 17.245746374130249 37.282566413283348 15.355165988206865 8.7667853236198408 24.555535018444061 8.8698228448629362 7.6113110631704357 31.057629004120827 15.282747074961661 60.618848487734795 8.1452378034591693 22.406144797801971 19.00848484039307 9.4646892845630628 10.086967468261717 11.311365768313406 25.375991314649582 15.20521594583988 12.088817387819288
leaf_count=96 163 122 120 112 66 83 42 37 59 26 24 100 33 194 18 66 70 28 38 24 94 45 44
internal_value=0.00419265 0.00547278 0.0022149 0.00427219 0.00389167 0.00512482 0.00647971 0.00121631 0.00371584 -0.00312646 0.00484738 -0.00195783 0.00350156 0.0046298 0.0029687 0.000702497 -0.00354901 -0.000132607 -0.00279223 0.010716 -0.00577076 0.00780575 9.69027e-05
internal_weight=575.327 349.23 226.098 166.672 277.872 229.568 180.899 117.754 74.741 43.0126 143.617 48.3034 116.95 99.252 83.9693 50.1855 59.4254 28.4732 17.6983 26.6665 34.1428 23.3505 48.6689
internal_count=1704 996 708 490 833 667 501 378 221 157 418 166 352 290 257 162 218 98 62 66 131 63 166
is_linear=0
shrinkage=0.00891649


Tree=47
num_leaves=25
num_cat=0
split_feature=20 20 20 20 20 20 20 20 19 16 8 5 19 5 19 20 19 19 19 19 16 5 16 5
split_gain=26.7237 20.4863 47.3737 43.0249 25.7124 47.4096 54.0346 17.3139 12.2587 8.39279 13.7858 7.69268 10.0428 6.88053 6.47669 6.2504 5.93761 4.90094 4.79135 4.39063 5.25473 3.87991 3.74276 3.67907
threshold=1.201385268480285 1.0000000180025095e-35 0.60075011733418315 0.64317010994199264 -0.076762462275573332 -0.64753450234660914 -0.73597760321341188 -1.2331699816879782 -0.11406942191867205 0.040768353255235798 -0.96214569679360451 1.4478302674070178 -0.50718787363230378 -0.64522410462576685 0.41672746587514192 -0.42897523810759108 -1.3454354073708654 -0.58328810155603161 -0.10016762488090768 0.41672746587514192 -0.16090320591406571 1.4478302674070178 0.39111648522588432 1.0000000180025095e-35
decision_type=2 2 2 2 2 2 2 2 2 2 2 2 2 2 2 2 2 2 2 2 2 2 2 2
left_child=1 4 -3 22 5 6 7 9 11 10 17 12 -2 -10 -11 -7 -12 -1 -8 -6 -21 -15 -4 -17
right_child=8 2 3 -5 19 15 18 -9 13 14 16 -13 -14 21 -16 23 -18 -19 -20 20 -22 -23 -24 -25
leaf_value=-0.0085006793564142806 -0.0027946223102525412 0.012761080355551227 0.0004723450055329286 0.010976234382093001 0.00090176776198008389 0.015965346190871834 5.8634384340400653e-05 0.012020109995368398 0.0018241407767325866 0.012204291148825402 0.013301303687595445 0.01021789362700154 0.0079503948362405884 -0.010530966064830314 0.0039921876422958965 0.0078884417325326573 0.0038985050066575812 8.8188940363138056e-05 -0.0043067805796131765 0.0010940383711161908 -0.0062041595302418252 -0.0019300396480497204 -0.0040826528452328273 0.012951649877444994
leaf_weight=7.9178103655576733 24.091184854507446 73.647508129477501 31.952153727412224 34.833735674619675 43.862789928913116 17.718661814928055 31.855179935693741 34.523253425955772 7.1439412385225323 15.235186427831652 7.3557172119617489 7.3345069736242285 9.447271913290022 15.183773010969164 14.960667133331297 30.422811806201935 18.108095809817314 14.717416509985922 52.539888858795166 12.474262088537214 20.22425864636898 5.6287295520305625 25.596456438302994 18.207547456026077
leaf_count=30 84 163 108 81 145 36 106 78 23 36 17 19 24 63 45 76 54 48 194 42 78 20 94 40
internal_value=0.00415786 0.00486662 0.00743349 0.0031861 0.00361285 0.00493325 0.00274046 0.00677221 -0.00104366 0.00445682 0.00214016 0.00204802 0.000247532 -0.00558787 0.00812388 0.0114426 0.00661775 -0.0028969 -0.00264824 -0.000927261 -0.00340076 -0.00818646 -0.00154178 0.00979778
internal_weight=574.983 506.153 166.03 92.3823 340.124 263.562 197.213 112.818 68.8294 78.2949 48.099 40.873 33.5385 27.9564 30.1959 66.349 25.4638 22.6352 84.3951 76.5613 32.6985 20.8125 57.5486 48.6304
internal_count=1704 1471 446 283 1025 760 608 308 233 230 149 127 108 106 81 152 71 78 300 265 120 83 202 116
is_linear=0
shrinkage=0.00891649


Tree=48
num_leaves=26
num_cat=0
split_feature=12 12 12 12 12 12 12 12 12 7 8 15 15 15 2 12 12 3 7 15 7 2 12 7 7
split_gain=28.9516 51.1081 42.4404 35.1471 42.4859 25.6091 31.6389 9.21261 8.74238 8.57062 7.68049 11.8173 6.28291 6.63553 6.12526 6.12152 7.36436 5.98751 5.44664 4.78883 4.77842 4.57985 4.34629 4.30846 3.79098
threshold=-0.16341684234799367 -0.25586931583086425 -0.75163971702825794 0.36333471803336193 0.4100240155228117 0.86508898182794158 0.9670102492271061 1.3799726145899287 1.5448062732710468 -0.22338568229600331 0.16975519543351952 0.27715364387660096 0.3832932350656017 1.4584443261530822 0.86320933002590317 1.9080135596403245 2.113951843513719 -0.31316241485653201 0.59599777951650978 -1.3110423308008141 -0.22338568229600331 1.7534391933697229 -0.52032889768607571 0.26232668622685645 1.3284128428678206
decision_type=2 2 2 2 2 2 2 2 2 2 2 2 2 2 2 2 2 2 2 2 2 2 2 2 2
left_child=1 2 10 -2 23 -6 9 -8 -9 -7 11 17 -13 -14 24 -10 -17 -1 -11 -12 -16 -19 -4 -5 -3
right_child=3 14 22 4 5 6 7 8 15 18 19 12 13 -15 20 16 -18 21 -20 -21 -22 -23 -24 -25 -26
leaf_value=0.0015607916770009169 0.011792266174051868 -0.0012261038927423344 0.014792862045254113 -0.00089397673950550598 0.012985574072922976 -0.0070590099823552082 0.012782460082902937 0.0019030922508642045 0.014413586410731661 0.0043264391864711342 -0.0049085704336464505 -0.0063823078201872482 0.0062190292743812998 -0.0037540491505568653 -0.0032260807529410017 0.0012421843491401614 0.01072809613237009 0.0057250487455896212 -0.0020459189784371979 0.00099070691092255337 -0.011073971161319149 0.012008562025663369 0.0094312019582426174 -0.0072162416429281803 -0.007688256071417948
leaf_weight=20.212999328970909 67.476107269525528 52.410713672637939 16.699853405356407 14.665901124477385 35.091830685734749 12.936212897300718 22.641757428646088 23.585598975419998 10.851608797907828 21.420044556260109 14.881438657641409 10.899829015135763 11.993716388940813 9.1173119246959669 11.549764424562456 11.610948979854586 14.28957714140415 35.953465789556503 20.771991387009621 39.305642604827881 13.038874939084051 12.236957564949988 42.426343873143196 20.303403124213219 8.1906874328851682
leaf_count=64 153 184 35 52 77 51 50 75 23 67 53 41 33 32 43 37 35 102 72 127 55 30 102 79 32
internal_value=0.00412394 0.0022017 0.00452779 0.00620772 0.00439556 0.00620368 0.00447615 0.0079483 0.00613136 -0.00074707 0.00207227 0.00352889 -0.000919467 0.00188188 -0.00362991 0.00883847 0.0064913 0.00561986 0.00118001 -0.000626611 -0.00737966 0.00732842 0.0109414 -0.00453686 -0.00211276
internal_weight=574.563 298.918 213.728 275.645 208.169 173.2 138.108 82.9795 60.3377 55.1282 154.601 100.414 32.0109 21.111 85.19 36.7521 25.9005 68.4034 42.192 54.1871 24.5886 48.1904 59.1262 34.9693 60.6014
internal_count=1704 933 619 771 618 487 410 220 170 190 482 302 106 65 314 95 72 196 139 180 98 132 137 131 216
is_linear=0
shrinkage=0.00891649


Tree=49
num_leaves=26
num_cat=0
split_feature=12 12 12 12 12 12 12 19 19 12 12 20 19 19 8 7 7 7 8 20 7 7 19 19 7
split_gain=28.4827 50.2252 41.7807 34.6019 41.7615 25.2404 31.0986 10.6458 10.6365 9.09083 8.59818 9.43406 8.51442 17.0317 10.0804 8.47903 8.43485 6.4648 6.40471 6.25736 5.34659 4.92428 4.34411 4.07988 4.05038
threshold=-0.16341684234799367 -0.25586931583086425 -0.75163971702825794 0.36333471803336193 0.4100240155228117 0.86508898182794158 0.9670102492271061 0.41672746587514192 -0.62078405201401421 1.3799726145899287 1.5448062732710468 0.60075011733418315 1.0000000180025095e-35 -0.11406942191867205 0.16975519543351952 -0.63642347557585099 -0.22338568229600331 0.26232668622685645 -0.31401824302568432 0.90820345910560196 0.59599777951650978 1.3284128428678206 0.051970441697899057 0.94625821851108094 -0.18066128762185074
decision_type=2 2 2 2 2 2 2 2 2 2 2 2 2 2 2 2 2 2 2 2 2 2 2 2 2
left_child=1 2 12 -2 8 -6 16 19 -5 -8 -11 -12 13 15 18 -1 -7 -17 -14 21 -18 -3 -4 -16 -15
right_child=3 7 22 4 5 6 9 -9 -10 10 11 -13 14 24 23 17 20 -19 -20 -21 -22 -23 -24 -25 -26
leaf_value=-0.0029153688600895905 0.011703334445897259 0.0018404646351288362 0.0084919698954198271 0.0018605734454795319 0.012891941786662709 -0.0070101649269659807 0.012687874516783442 -0.0071801060006391046 -0.0082707494383279234 0.0018853541161204619 0.012039170891351323 0.0026026815604003623 0.0045294232775314894 -0.0039904897418580939 0.0021909066065484389 0.01003466842060512 0.0042841285057855175 0.0018756642595432462 0.012577210597559504 -0.0086952660755398713 -0.0020286568042715675 -0.0063529810085674043 0.013332997668251216 -0.0053071720367683477 -0.012207640484439865
leaf_weight=14.99391297996044 67.383541002869606 34.406155928969383 30.087877333164215 12.848999530076979 35.031664371490479 12.911124482750891 22.606828883290291 37.187524825334549 22.079781949520111 23.59285306930542 24.044723525643349 12.693502023816107 56.698463127017021 11.552523300051691 12.330594927072527 12.766487523913385 21.439351126551628 18.928893774747849 8.9223795384168607 6.7131964117288581 20.763537362217903 6.8001600950956336 28.96401010453701 10.447089627385138 7.963375821709632
leaf_count=51 153 113 74 42 77 51 50 148 89 75 57 38 169 42 38 32 67 59 20 27 72 26 63 38 33
internal_value=0.00409007 0.00218315 0.00448893 0.00615804 0.00435973 0.0061526 0.00443808 -0.0036012 -0.00450197 0.00788158 0.00607746 0.00876325 0.0020537 -0.000359326 0.00386054 0.00255069 -0.000740728 0.00516368 0.00563419 -0.000831911 0.00116914 0.000466709 0.0108576 -0.00121351 -0.00732264
internal_weight=574.159 298.763 213.656 275.396 208.012 173.084 138.052 85.107 34.9288 82.9379 60.3311 36.7382 154.604 66.2052 88.3985 46.6893 55.114 31.6954 65.6208 47.9195 42.2029 41.2063 59.0519 22.7777 19.5159
internal_count=1704 933 619 771 618 487 410 314 131 220 170 95 482 217 265 142 190 91 189 166 139 139 137 76 75
is_linear=0
shrinkage=0.00891649


Tree=50
num_leaves=22
num_cat=0
split_feature=15 15 15 15 15 15 15 15 15 15 15 19 11 5 15 9 14 19 11 15 1
split_gain=24.4695 30.4024 15.9275 19.3647 22.9145 23.9795 45.2158 33.0357 23.6546 44.3428 39.3166 14.7126 12.7553 12.1487 8.30084 5.51527 5.47565 4.18439 4.13869 3.8298 3.73707
threshold=-1.3110423308008141 -1.3515456663877463 1.4584443261530822 0.94960537590948946 0.89826929368498365 0.3832932350656017 0.27715364387660096 -0.19212583751224344 -0.21923732335509546 -0.75197308362565063 -0.82563418106787567 -0.62078405201401421 0.60230980010977542 -0.37160518346699978 -1.7252142122696066 0.1087621013487652 -0.85850685605986043 1.4668195962894974 1.0000000180025095e-35 -0.28431673707750738 0.090414026473754086
decision_type=2 2 2 2 2 2 2 2 2 2 2 2 2 2 2 2 2 2 2 2 2
left_child=1 14 3 4 5 6 7 8 9 10 -2 -12 13 -4 -1 -6 -8 -13 -3 -11 -10
right_child=2 18 12 -5 15 -7 16 -9 20 19 11 17 -14 -15 -16 -17 -18 -19 -20 -21 -22
leaf_value=0.00093274054481324025 0.010181473858902182 -0.0053477055666052258 0.0044151932414520341 0.011880562186370713 -0.0043027262404375655 0.011695742930025468 0.0022978339316967579 0.011963246799674072 -0.0019253700292895452 0.013648074858866455 0.0051967311645829944 -0.0066335249019152448 0.0054981302362718271 -0.007431340208002046 0.0096024800633468192 0.0022873367299850334 -0.0039583786780147765 4.2854873223027104e-06 -0.012389833870678459 0.0081213384416322764 0.0021229028609181873
leaf_weight=23.839828997850418 33.299878910183907 15.896946534514429 9.955346420407297 32.242394506931305 24.235917523503304 42.70767106115818 14.496839329600332 60.18989634513855 31.46574667096138 47.499160975217819 15.667118474841116 29.624662145972252 20.05713152885437 21.007682532072067 13.626611933112143 16.965425208210945 45.135158330202103 9.8472660183906537 11.303638085722922 12.52453291416168 42.135787382721901
leaf_count=76 79 60 29 73 89 97 47 136 112 103 47 114 58 80 33 56 165 34 48 31 137
internal_value=0.00405668 -0.00109798 0.00471292 0.00523932 0.00473437 0.00541114 0.00462382 0.00611354 0.00452557 0.00657213 0.00256239 -0.0020512 2.16377e-06 -0.00358806 0.00408389 -0.00156354 -0.00241471 -0.00495769 -0.00825724 0.012477 0.000395541
internal_weight=573.725 64.667 509.058 458.037 425.795 384.594 341.886 282.254 222.064 148.463 88.4389 55.139 51.0202 30.963 37.4664 41.2013 59.632 39.4719 27.2006 60.0237 73.6015
internal_count=1704 217 1487 1320 1247 1102 1005 793 657 408 274 195 167 109 109 145 212 148 108 134 249
is_linear=0
shrinkage=0.00891649


Tree=51
num_leaves=25
num_cat=0
split_feature=10 10 10 10 10 10 10 10 10 19 14 6 8 6 19 14 3 14 19 19 5 5 5 19
split_gain=23.3137 41.5049 25.2043 24.5415 36.6405 28.9889 24.2247 22.4447 17.0851 9.26218 11.9541 8.7421 6.19626 5.57065 5.24611 5.03907 5.00385 4.42891 4.37417 11.6937 4.37328 9.87516 4.05015 3.66938
threshold=-0.12240666763837048 -0.711323193070312 -0.75812582529097694 1.0000000180025095e-35 0.61313439587818919 0.64568759447949264 1.2707422009807037 1.3302294371720149 -1.2037039549006023 -0.62078405201401421 0.39745373756711899 0.44963950637280087 0.59867835856972296 1.0774227345971312 0.41672746587514192 -0.2178449368241113 0.6773193244421789 -0.26292280895628384 -0.10016762488090768 0.99396398928560536 0.24807900892555659 1.4478302674070178 -0.57645348367913052 -0.10016762488090768
decision_type=2 2 2 2 2 2 2 2 2 2 2 2 2 2 2 2 2 2 2 2 2 2 2 2
left_child=1 2 8 14 12 20 17 -8 18 10 -4 22 -5 -13 -2 -16 -10 -7 -1 -20 -6 -22 -9 -11
right_child=3 -3 9 4 5 6 7 11 16 23 -12 13 -14 -15 15 -17 -18 -19 19 -21 21 -23 -24 -25
leaf_value=0.0059091911568815332 -0.0001589674098632936 0.011419043617007612 0.010457676880087403 0.010923045730859775 -0.0010593313956770141 0.0069426228200766072 -0.0050115264903252878 0.013063736157721561 0.012937957936373815 -0.0060066066105249677 -0.0025109447670036773 -0.0037339183103992394 0.0037040483879235749 0.0053281119204515752 -0.0002718830991393797 -0.0078453670381849212 0.0067460567932906045 0.014213671809149305 -0.0023135962655880982 0.007926117173593485 -0.0099911124770150211 0.00093052936604938203 0.0059052858758629678 -0.00082770820332521249
leaf_weight=34.694451421499252 54.833374530076981 77.718354716897011 12.199737235903742 51.855349197983742 26.895685017108917 10.599929288029672 25.488252773880959 10.536070406436922 28.185120046138763 14.848747834563254 10.090256273746489 9.8419202566146868 11.34094090759754 11.366196319460867 11.443432435393335 17.498349726200104 16.265473946928978 17.39989909529686 23.41809193789959 13.960255011916159 18.153473928570751 10.034124702215193 15.145408064126967 39.436711058020592
leaf_count=97 186 178 32 120 95 27 97 24 62 56 35 36 31 32 40 70 42 37 81 37 75 33 43 138
internal_value=0.00402396 0.0059238 0.00371012 0.00232204 0.00389302 0.00156699 0.00441521 0.0016953 0.00631754 -0.000256654 0.00455153 0.00534494 0.00960836 0.0011316 -0.00177505 -0.00484154 0.0106572 0.0114318 0.00363967 0.00151871 -0.00362015 -0.00607785 0.00883691 -0.00224838
internal_weight=573.25 270.817 193.099 302.432 218.657 155.461 100.378 72.3778 116.523 76.5755 22.29 46.8896 63.1963 21.2081 83.7752 28.9418 44.4506 27.9998 72.0728 37.3783 55.0833 28.1876 25.6815 54.2855
internal_count=1704 758 580 946 650 499 296 232 319 261 67 135 151 68 296 110 104 64 215 118 203 108 67 194
is_linear=0
shrinkage=0.00891649


Tree=52
num_leaves=28
num_cat=0
split_feature=15 15 18 17 7 7 7 7 7 7 3 18 3 15 15 15 15 15 19 18 3 15 15 7 15 16 19
split_gain=23.9982 29.6305 20.2633 19.4532 19.0531 19.0706 18.3288 18.5847 17.1481 32.8974 19.6474 15.3581 15.2467 8.15798 15.8608 10.1361 22.7129 8.09872 7.57426 6.53353 6.51577 6.05363 8.84943 5.20567 4.92235 3.96965 3.76131
threshold=-1.3110423308008141 -1.3515456663877463 -1.350800561649079 -0.58242668060359326 0.26232668622685645 -0.072699635382232258 0.33393461276562275 0.81026997024807967 0.85775410211960046 1.3284128428678206 -1.073424636876221 0.74941311281837553 -0.93636470120199378 0.27715364387660096 0.44939155095078925 -0.75197308362565063 -0.82563418106787567 -1.7252142122696066 -0.81675241479715543 -1.3862511729811038 -1.0000000180025095e-35 -0.28431673707750738 -0.12175840054968894 -0.53655301128110655 1.4584443261530822 1.023427836088219 -0.50718787363230378
decision_type=2 2 2 2 2 2 2 2 2 2 2 2 2 2 2 2 2 2 2 2 2 2 2 2 2 2 2
left_child=1 17 3 -2 5 13 11 -8 -9 -10 -11 -6 -12 15 -15 16 -4 -1 -14 -5 -21 -17 -23 -18 -16 -3 -20
right_child=2 25 4 19 6 -7 7 8 9 10 12 -13 18 14 24 21 23 -19 26 20 -22 22 -24 -25 -26 -27 -28
leaf_value=0.00088521106594479748 -0.012431800932932981 -0.0053898317186851065 0.0104936157938318 0.0051509336324926588 -0.0044562998039802525 0.012002011599435727 0.01022760844511608 -0.0015197170668464009 0.013650662339401352 0.0099339668178504027 -0.010965183776313871 0.0080066660825796072 0.0058709649542242094 -0.0035654371617174466 0.0077687310731021798 0.012601627629243948 -0.0056056819956853184 0.0094521816558376277 -0.0072225071162015011 -0.0076785600445323466 0.0030198745122428216 0.0045617613501447163 0.011672858492702736 0.0026944615823890558 0.0012300505116184502 -0.012315927804449114 0.00050214687076603835
leaf_weight=23.836980015039444 9.0972335636615735 16.074285745620731 20.441339239478111 21.59267026185989 35.511409536004066 47.540075406432152 36.976677194237709 43.133165553212166 26.432840719819069 17.801253333687782 9.5071662217378599 9.8733451962470991 17.417994558811184 19.436110571026802 33.512559935450554 24.301605820655823 14.437861889600754 13.610524922609327 7.0823945999145499 8.5407043546438217 9.1634136140346563 35.909077882766724 22.496576756238937 9.9590628147125244 12.406864196062086 11.058787748217581 15.657559335231786
leaf_count=76 38 61 48 62 131 107 87 150 57 45 38 28 50 71 91 54 55 33 27 34 30 110 51 32 40 47 51
internal_value=0.00399117 -0.00111699 0.00464166 -0.000829362 0.00521931 0.00695302 0.00331882 0.00463335 0.00311991 0.00525415 0.00195612 -0.00171281 -0.000920883 0.00570626 0.00314347 0.00701793 0.00360801 0.00399698 0.00146631 0.00186622 -0.00210998 0.00886862 0.00731146 -0.0021763 0.00599099 -0.00819649 -0.00189433
internal_weight=572.81 64.5806 508.229 48.394 459.835 240.441 219.394 174.009 137.032 93.8992 67.4664 45.3848 49.6651 192.901 65.3555 127.546 44.8383 37.4475 40.1579 39.2968 17.7041 82.7073 58.4057 24.3969 45.9194 27.1331 22.74
internal_count=1704 217 1487 164 1323 659 664 505 418 268 211 159 166 552 202 350 135 109 128 126 64 215 161 87 131 108 78
is_linear=0
shrinkage=0.00891649


Tree=53
num_leaves=22
num_cat=0
split_feature=12 12 12 12 12 12 12 10 19 14 19 14 14 14 19 14 12 12 4 14 19
split_gain=27.3043 47.4454 39.5632 32.7057 39.9647 23.9639 29.5246 11.7025 10.3982 17.6569 10.3619 9.32664 11.2939 15.1128 10.3537 7.26172 5.72255 6.76943 4.75159 4.16855 4.09419
threshold=-0.16341684234799367 -0.25586931583086425 -0.75163971702825794 0.36333471803336193 0.4100240155228117 0.86508898182794158 0.9670102492271061 -0.12240666763837048 0.41672746587514192 -0.74964006613840006 -0.62078405201401421 2.0825664633865908 -0.12597556700880727 0.33208606290449399 0.29317102425148506 -0.48063655517014242 1.3799726145899287 2.113951843513719 0.27542147144202717 0.99732184854809336 -0.41046615744162845
decision_type=2 2 2 2 2 2 2 2 2 2 2 2 2 2 2 2 2 2 2 2 2
left_child=1 2 11 -2 10 -6 -7 -8 -3 -10 -5 12 14 -14 15 -1 -9 -18 20 -15 -4
right_child=3 8 18 4 5 6 7 16 9 -11 -12 -13 13 19 -16 -17 17 -19 -20 -21 -22
leaf_value=0.0013112628043849832 0.011395349056786252 -0.00080288979999807396 0.0085597195845997388 0.0018315912439917969 0.012585933488598733 -0.00072172419793469953 0.012670307690747219 0.010418437833321333 0.0013595714859766107 -0.011525619912017856 -0.0081749309160835202 -0.006269025993081212 0.013938839421291432 0.0015874129011890054 0.002623711215421402 -0.0080043357622435005 0.0017146792228277222 0.0096285289176561394 0.0061977166657602081 0.0068973709315178289 0.01415946874749246
leaf_weight=10.936537787318231 67.010874271392822 47.856472656130791 16.70892034471035 12.853348687291144 34.803890481591225 55.05103000998497 25.684997022151947 13.706070229411123 12.692062467336653 24.341526672244072 21.984024405479431 10.004650145769117 12.555918470025061 39.139195322990417 48.863539531826973 16.210410997271538 31.768500089645386 11.550355792045591 14.724330246448515 16.627920523285866 27.307435408234596
leaf_count=34 153 166 41 42 77 190 59 32 44 104 89 37 27 126 152 61 100 29 38 45 58
internal_value=0.00395859 0.00208948 0.00433371 0.0059874 0.00423817 0.00599499 0.00432551 0.00768699 -0.00353956 -0.00708599 -0.00444155 0.00196497 0.00254069 0.0051677 0.000177506 -0.00422069 0.00544049 0.00384397 0.0105505 0.00318223 0.0120297
internal_weight=572.382 297.969 213.079 274.413 207.402 172.565 137.761 82.7099 84.8901 37.0336 34.8374 154.338 144.334 68.323 76.0105 27.1469 57.0249 43.3189 58.7407 55.7671 44.0164
internal_count=1704 933 619 771 618 487 410 220 314 148 131 482 445 198 247 95 161 129 137 171 99
is_linear=0
shrinkage=0.00891649


Tree=54
num_leaves=29
num_cat=0
split_feature=20 14 14 14 14 20 14 20 18 14 1 14 18 5 5 20 20 5 20 5 1 1 5 5 5 5 14 20
split_gain=25.1387 22.527 19.5681 44.5637 31.8608 26.7596 24.7674 15.004 11.3096 16.5137 10.7899 9.34638 8.33825 7.63545 7.33834 6.53012 6.52703 6.4998 6.39283 8.67074 5.66589 5.84304 6.87299 5.74497 4.55707 9.59178 4.1257 4.11411
threshold=1.201385268480285 2.0825664633865908 -0.12597556700880727 -0.2178449368241113 0.39745373756711899 -0.68779826277202838 -0.71048848236996087 -0.81476698483225796 0.12752380531045562 -0.74964006613840006 0.25291398073957427 1.5714736760872448 0.59086702851871586 1.4478302674070178 0.83131712737464758 0.60075011733418315 0.64317010994199264 0.22304283558313198 -1.0000000180025095e-35 0.72996962104074059 -0.99864411408838072 -0.582339171982447 -0.6752649892528354 -0.45207168851665686 -1.0574861452883755 -0.64522410462576685 2.2154200442956653 -0.076762462275573332
decision_type=2 2 2 2 2 2 2 2 2 2 2 2 2 2 2 2 2 2 2 2 2 2 2 2 2 2 2 2
left_child=1 2 3 6 -4 7 8 -6 9 20 13 15 -5 17 -12 18 -17 24 19 27 23 -22 -23 -1 -2 -26 -3 -7
right_child=10 26 4 12 5 11 -8 -9 -10 -11 14 -13 -14 -15 -16 16 -18 -19 -20 -21 21 22 -24 -25 25 -27 -28 -29
leaf_value=0.0035435223551047138 -0.0085939987613814911 -0.0098711897030070647 0.012366289328082673 -0.0047651586875989069 0.0043034300678276528 0.011379066991206476 0.010742629208401253 -0.0060383301183250387 0.0073607892379161976 -0.0062465211150954736 0.0098483066188245101 0.013882813967352048 0.0014053505796900463 0.0052852332459806329 -0.0012319825371464126 0.00028428456675993449 0.010167061678793766 -0.010150176428729509 0.012700576525046848 -0.0020732769403793215 0.0110577827089131 -0.0043678842230038565 0.0056445106976124818 -0.0035469333206149022 0.0068398739584600975 -0.0048545295129021251 -0.0012783543360061203 0.0051381689543529927
leaf_weight=25.862445965409279 7.2634417861700049 8.1877868920564669 62.442823976278305 46.845079675316811 21.423326388001442 15.695087209343901 54.117426007986069 22.797849595546722 46.541518539190292 15.822472631931303 9.9092825651168841 14.459134817123411 27.381974622607231 6.8979293853044501 8.6418849527835828 21.655504196882251 6.8246996104717246 12.234202310442923 15.849779933691023 8.0950339287519437 11.745555326342581 6.4171621501445726 30.268891066312793 13.708484783768652 8.5619845390319842 15.067880973219873 9.3800026923418027 17.820193678140647
leaf_count=77 27 33 139 176 63 36 126 86 127 61 26 31 90 21 29 74 16 50 35 28 27 23 88 49 25 55 31 55
internal_value=0.00392657 0.00461649 0.00497549 0.00343244 0.00705145 0.00475437 0.00557894 -0.00100777 0.00371815 0.00207865 -0.00112704 0.00729494 -0.00247495 -0.00328728 0.00463667 0.00617982 0.00269241 -0.0046842 0.0079065 0.00607182 0.00358413 0.00562703 0.00387764 0.00108458 -0.00250785 -0.000601859 -0.0052292 0.00806039
internal_weight=571.919 503.342 485.774 278.711 207.063 144.621 204.484 44.2212 150.367 103.825 68.5766 100.399 74.2271 50.0254 18.5512 85.9403 28.4802 43.1275 57.4601 41.6103 88.0025 48.4316 36.6861 39.5709 30.8933 23.6299 17.5678 33.5153
internal_count=1704 1471 1407 844 563 424 578 149 452 325 233 275 266 178 55 244 90 157 154 119 264 138 111 126 107 80 64 91
is_linear=0
shrinkage=0.00891649


Tree=55
num_leaves=23
num_cat=0
split_feature=20 14 10 10 10 10 10 10 10 10 10 18 4 10 10 18 20 18 14 14 18 14
split_gain=24.7164 22.1457 19.7842 27.8202 27.5696 24.3814 21.7756 21.5272 17.4811 15.9716 16.9014 10.0374 7.08067 6.61073 13.5864 6.0602 5.13398 5.12493 4.22365 10.8987 4.08732 3.95288
threshold=1.201385268480285 2.0825664633865908 -0.12240666763837048 1.0000000180025095e-35 -0.711323193070312 0.61313439587818919 0.84348206207709919 1.2707422009807037 1.3302294371720149 -0.75812582529097694 -1.2037039549006023 -0.81332422014538863 -0.37050680656935803 1.6767917852821765 2.0165826887306255 -0.22728648642215685 1.3391539421468661 -1.4896303543108809 -0.082385217056286694 0.56108514405464538 -1.2487832700292099 -0.2178449368241113
decision_type=2 2 2 2 2 2 2 2 2 2 2 2 2 2 2 2 2 2 2 2 2 2
left_child=1 2 4 15 9 -5 18 -8 -9 10 20 17 -3 -10 -15 21 -13 -2 -7 -20 -1 -4
right_child=11 12 3 5 -6 6 7 8 13 -11 -12 16 -14 14 -16 -17 -18 -19 19 -21 -22 -23
leaf_value=-0.0014486442241096887 0.0017304891453851995 -0.00066980306132031976 -0.0018958549946477858 0.0097266276167342208 0.01155443131775297 -0.0038537193586947027 0.013323935075480567 -0.0043046288472403504 0.013923409759662971 0.0012285466835113704 0.011608847105295018 -0.0011802515923415937 -0.012125591006822938 -0.0017045114983612339 0.0098364671414469841 0.00029599648040168439 0.0054051000585696573 -0.0067794126106680581 0.0082749218273874704 -0.0059570515466578454 0.005045420934155484 -0.0091012897302160355
leaf_weight=8.7208761721849424 7.0762629359960583 10.552606284618379 12.861804798245432 58.92414179444313 68.589085921645164 31.383280381560326 21.190388664603233 18.265978679060936 7.0467489659786215 61.282359927892685 38.756625339388847 19.160342693328857 6.9936469942331305 14.858180388808249 17.224200531840324 43.668959096074104 18.004404291510582 24.305165976285934 9.0105388015508669 7.7512829750776282 54.635866761207581 11.239900395274161
leaf_count=29 23 35 46 140 156 115 46 69 15 203 88 66 29 52 43 147 51 93 26 29 157 46
internal_value=0.00389444 0.00457891 0.00493491 0.00321215 0.00681618 0.00499538 0.00279321 0.00568054 0.00285098 0.00482524 0.00698111 -0.00111754 -0.00518912 0.0061995 0.00448951 -0.00166789 0.00199715 -0.00482828 -0.00191676 0.00165711 0.00414776 -0.00525088
internal_weight=571.503 502.956 485.41 253.425 231.985 185.655 126.731 78.5855 57.3951 163.396 102.113 68.5462 17.5463 39.1291 32.0824 67.7707 37.1647 31.3814 48.1451 16.7618 63.3567 24.1017
internal_count=1704 1471 1407 774 633 535 395 225 179 477 274 233 64 110 95 239 117 116 170 55 186 92
is_linear=0
shrinkage=0.00891649


Tree=56
num_leaves=24
num_cat=0
split_feature=10 10 10 10 10 10 10 10 10 19 10 10 10 11 11 19 7 3 13 10 11 19 10
split_gain=21.9328 38.8277 23.368 22.6523 34.0112 27.2896 22.7826 21.2303 16.0269 8.9064 8.28878 11.2482 10.5605 5.69681 7.91099 5.08079 4.87214 4.83772 4.54103 4.46189 4.15374 3.67612 3.66749
threshold=-0.12240666763837048 -0.711323193070312 -0.75812582529097694 1.0000000180025095e-35 0.61313439587818919 0.64568759447949264 1.2707422009807037 1.3302294371720149 -1.2037039549006023 -0.62078405201401421 1.6767917852821765 2.0165826887306255 2.627553828393399 0.60230980010977542 1.0000000180025095e-35 0.41672746587514192 0.59599777951650978 0.6773193244421789 0.27459078977036039 0.10614381541853013 1.0000000180025095e-35 0.23200385127671799 -0.42794676941206106
decision_type=2 2 2 2 2 2 2 2 2 2 2 2 2 2 2 2 2 2 2 2 2 2 2
left_child=1 2 8 15 16 20 -7 -8 13 -4 -9 -12 -13 14 -1 18 19 -10 -2 -5 -6 -21 -3
right_child=3 22 9 4 5 6 7 10 17 -11 11 12 -14 -15 -16 -17 -18 -19 -20 21 -22 -23 -24
leaf_value=0.0043220112763650356 -0.0019284063293837398 0.013964448825014547 0.0044617058896474424 0.0030554176721241852 -0.0003812199227549918 0.011082710132444799 -0.0049226705818531599 0.013162842211176128 0.012561672200942604 -0.0022060865485404426 -0.0015128072369650896 0.014489821561835568 0.0016325038101385246 0.0080872044682797628 -0.0029709574718891026 -0.0047540955290929377 0.013603746365586847 0.0064547990602156959 0.0035139206161670174 0.0070891679481821642 -0.0054467021693318848 0.012909348073259863 0.0097489736468546612
leaf_weight=38.966277360916138 36.809538200497627 23.826417177915573 22.306460067629814 11.561238765716551 20.382692337036133 27.8045264929533 25.397534281015396 8.2732809633016569 27.96120011806488 54.201300248503685 18.611374780535698 9.9716757386922854 9.8770497441291791 16.337846890091896 16.680266171693802 28.838235825300217 15.323116004467009 16.184087604284286 17.963703200221062 21.771467462182045 34.552908360958099 14.142005845904349 53.311016097664833
leaf_count=114 130 51 67 32 71 64 97 18 62 194 65 21 31 43 58 110 33 42 56 55 132 31 127
internal_value=0.00386279 0.00570908 0.00356929 0.00220888 0.00372302 0.0014797 0.00425088 0.001612 0.00608608 -0.000249963 0.00516728 0.00343285 0.00807132 0.0034953 0.00212973 -0.00172975 0.00924895 0.0103083 -0.000139591 0.0078433 -0.00355834 0.00938638 0.0110481
internal_weight=571.055 269.775 192.637 301.28 217.669 154.871 99.9354 72.1309 116.13 76.5078 46.7334 38.4601 19.8487 71.9844 55.6465 83.6115 62.7978 44.1453 54.7732 47.4747 54.9356 35.9135 77.1374
internal_count=1704 758 580 946 650 499 296 232 319 261 135 117 52 215 172 296 151 104 186 118 203 86 178
is_linear=0
shrinkage=0.00891649


Tree=57
num_leaves=27
num_cat=0
split_feature=12 12 12 12 12 12 12 19 19 12 19 19 8 12 19 15 19 8 12 12 12 15 15 19 19 0
split_gain=26.2552 44.9236 37.5781 31.0609 38.3904 22.7709 28.1448 10.1647 10.1399 8.16602 8.05613 16.0499 9.79882 7.88361 7.5006 7.48697 6.08896 5.72168 5.68294 6.87441 4.30884 3.96354 5.10066 3.88922 3.81438 3.7264
threshold=-0.16341684234799367 -0.25586931583086425 -0.75163971702825794 0.36333471803336193 0.4100240155228117 0.86508898182794158 0.9670102492271061 0.41672746587514192 -0.62078405201401421 1.3799726145899287 1.0000000180025095e-35 -0.11406942191867205 0.16975519543351952 1.5448062732710468 -0.58328810155603161 -0.21923732335509546 -0.62078405201401421 -0.31401824302568432 1.9080135596403245 2.113951843513719 -0.52032889768607571 1.0820271139716409 0.89826929368498365 0.94625821851108094 0.051970441697899057 -0.029711750967318058
decision_type=2 2 2 2 2 2 2 2 2 2 2 2 2 2 2 2 2 2 2 2 2 2 2 2 2 2
left_child=1 2 10 -2 8 -6 15 21 -5 -8 11 14 17 -11 16 -7 -1 -12 -15 -20 -4 22 -3 -14 -22 -13
right_child=3 7 20 4 5 6 9 -9 -10 13 12 25 23 18 -16 -17 -18 -19 19 -21 24 -23 -24 -25 -26 -27
leaf_value=0.0034929413867680844 0.011113937008493736 -0.0002273421917718876 0.014129266147313951 0.0018051106538890674 0.012297341532169843 -0.006031520908101602 0.012098215309119534 -0.0070017410641320084 -0.0080992102882760202 0.0017881347732459408 0.0043457561831948127 -0.011965557373212433 0.0019514710340281817 0.013791665495850799 0.0087771232122489523 0.001296350554442149 -0.0039228903234676859 0.011979695176659616 0.0010575601180217204 0.010231808855067111 0.0062488418980774334 0.0053872993186550736 -0.0079387887767577211 -0.0053831556385745029 0.011633033212453261 -0.0040567775651003156
leaf_weight=20.739751666784283 66.601974993944168 32.48200686275959 16.449227467179298 12.856971338391302 34.550603583455086 15.104557231068609 22.329293608665466 36.886316403746605 21.90519343316555 23.577125713229179 56.565138563513756 7.8962722718715694 12.292551621794702 10.722959116101263 10.876930326223372 39.894706800580025 14.94859652221203 8.854633763432501 11.608141273260118 14.230786114931105 22.512650042772293 6.889472007751464 8.4367552995681745 10.396483942866324 19.421553835272789 11.518214628100393
leaf_count=61 153 112 35 42 77 58 50 148 89 75 169 33 38 23 27 132 54 20 37 35 58 21 33 38 44 42
internal_value=0.00383182 0.00199699 0.00418431 0.00582552 0.00412026 0.00584561 0.0042198 -0.00348628 -0.00439548 0.00750858 0.00187761 -0.000473588 0.0036381 0.00580135 0.00235235 -0.000708301 0.000384198 0.00538894 0.00838249 0.00612541 0.0102654 -0.000781245 -0.00183022 -0.00137623 0.00875458 -0.00725338
internal_weight=570.549 297.167 212.472 273.382 206.78 172.018 137.468 84.6946 34.7622 82.4683 154.089 65.9798 88.1088 60.139 46.5653 54.9993 35.6883 65.4198 36.5619 25.8389 58.3834 47.8082 40.9188 22.689 41.9342 19.4145
internal_count=1704 933 619 771 618 487 410 314 131 220 482 217 265 170 142 190 115 189 95 72 137 166 145 76 102 75
is_linear=0
shrinkage=0.00891649


Tree=58
num_leaves=29
num_cat=0
split_feature=14 14 1 1 1 1 17 7 17 7 1 1 7 16 1 1 11 1 1 14 14 9 17 9 17 14 9 1
split_gain=18.6806 21.0334 13.7459 25.9412 38.6967 33.6065 18.1435 15.0793 10.9614 8.95177 8.87111 19.0895 8.94733 8.63311 7.86258 10.2788 7.6073 6.67048 16.1806 6.16164 5.62389 5.27421 5.14029 8.33936 4.45382 3.94519 3.88057 3.82328
threshold=2.0825664633865908 1.5714736760872448 -0.99864411408838072 -0.49505222168737434 -0.43669153170535879 0.066963389452968439 1.0499957711299379 -1.2707324284822474 1.3159192653948819 -1.6012364518178577 0.11745730266184302 0.58555612609639918 0.26232668622685645 -0.63032710748954546 1.2563160401023203 1.7638748049172239 1.0000000180025095e-35 1.2141852551304908 0.69142868120653433 -0.082385217056286694 -0.44510262534261685 0.65870543293323369 -0.065983918558071605 0.65870543293323369 0.18924749102189628 2.2154200442956653 -0.16609141017368154 0.30031160624504921
decision_type=2 2 2 2 2 2 2 2 2 2 2 2 2 2 2 2 2 2 2 2 2 2 2 2 2 2 2 2
left_child=1 2 7 -4 21 -6 10 9 16 22 12 27 -7 -8 17 -16 19 18 20 -9 -13 -5 23 -1 -18 -2 -15 -12
right_child=25 -3 3 4 5 6 13 8 -10 -11 11 14 -14 26 15 -17 24 -19 -20 -21 -22 -23 -24 -25 -26 -27 -28 -29
leaf_value=0.0041483825895620701 -0.0086905788830578205 0.013517509133672386 0.010708424136487791 -0.0051498897990195341 0.011666114007409628 0.0045606684273554795 -0.005316779961284772 -0.0028538986940159013 0.0075510382060937084 0.0097598757050228729 0.0075949430262011201 0.0066017106783599778 -0.0024028044089150608 -0.0018521970816937996 0.013083583448419289 0.0036540246515395936 -0.010754477969341609 -0.00087824605565658379 0.010486406012133262 0.0056106000420387964 -0.00097115934568568155 0.00040685600505059138 0.006015293607767612 -0.0082224162271770321 -0.0024242020998733577 -0.0007978470749599165 0.0055660117583399412 0.014053127899421375
leaf_weight=9.4409121721983009 9.7683047056198138 18.038885772228241 47.681028783321381 35.237074419856071 49.784294933080673 37.740819349884987 22.665725335478783 26.176179125905037 8.485020309686659 17.944605961441994 10.736569613218306 10.37466801702976 23.650923386216164 9.376095190644266 15.998973801732062 21.032775834202766 12.707319080829622 26.557616010308266 22.298143461346626 9.0226863920688611 29.240968555212021 21.733658105134964 13.029067546129225 7.6384305059909812 8.3774324357509595 10.099810451269148 13.127830550074576 22.03995980322361
leaf_count=28 39 39 111 134 113 113 83 94 25 43 27 30 84 33 35 63 52 90 52 27 100 75 37 29 30 33 38 47
internal_value=0.00380137 0.00410824 0.00378687 0.00453013 0.00373536 0.00495927 0.00369581 0.00102477 -0.00177909 0.00479877 0.00475313 0.00586933 0.0018777 -0.00143483 0.00428697 0.00772663 -0.00320787 0.00284008 0.00443918 -0.00067467 0.00102748 -0.00301101 0.00184072 -0.00135811 -0.00742788 -0.00463764 0.00244081 0.0119093
internal_weight=570.006 550.138 532.099 419.277 371.596 314.625 264.841 112.822 64.7686 48.053 219.671 158.28 61.3917 45.1697 125.503 37.0317 56.2836 88.4714 61.9138 35.1989 39.6156 56.9707 30.1084 17.0793 21.0848 19.8681 22.5039 32.7765
internal_count=1704 1632 1593 1228 1117 908 795 365 228 137 641 444 197 154 370 98 203 272 182 121 130 209 94 57 82 72 71 74
is_linear=0
shrinkage=0.00891649


Tree=59
num_leaves=22
num_cat=0
split_feature=14 14 4 4 4 4 4 4 4 4 17 4 4 14 17 7 7 7 1 14 7
split_gain=18.3657 20.7256 18.9387 36.4535 34.0063 28.243 10.7976 20.4877 21.3627 9.65602 9.39457 8.45158 6.63446 6.29078 6.19699 5.37271 7.25814 16.1248 5.34454 3.89024 3.73485
threshold=2.0825664633865908 1.5714736760872448 0.30120022902775129 -0.27823505003708709 -0.37050680656935803 -0.90831413390035376 0.33092829400776075 0.90173745429034469 0.96188211481581443 -0.95105499352929657 0.3664914023171259 1.3982979034079988 -1.3579635665681256 -0.74964006613840006 -0.84664795243112834 0.23575909709680229 -0.63642347557585099 -0.7662879553177111 0.090414026473754086 2.2154200442956653 -1.3573647595434821
decision_type=2 2 2 2 2 2 2 2 2 2 2 2 2 2 2 2 2 2 2 2 2
left_child=1 2 3 4 5 9 13 10 -9 12 -8 -10 -1 -4 -6 16 17 20 -15 -2 -13
right_child=19 -3 6 -5 14 -7 7 8 11 -11 -12 15 -14 18 -16 -17 -18 -19 -20 -21 -22
leaf_value=0.0033623249223924344 -0.0086328398550896256 0.013424963877967275 0.0030213573477549834 0.010810663078525039 -0.0083855151134014875 0.010771007548753453 0.011986230038113433 -0.0049289920442458519 0.0095843978082584529 0.00047476256265385341 0.0023240709394579079 0.0096707444014146708 0.0090095590430914405 -0.0073389821086610081 -0.00060432518293245592 -0.0027635664765253273 0.0080166732074268658 -0.0095334505827207577 -0.00091683991443128126 -0.00079051047619314299 0.001863439103869174
leaf_weight=45.274918988347054 9.7463980764150637 18.002165496349335 17.190049320459366 69.436730712652206 9.117238983511923 57.346038565039635 24.013684123754501 33.048376560211182 15.082152068614958 56.027019798755646 11.727150842547415 8.2599677294492704 25.882689580321312 16.291323706507683 64.571286112070084 13.445053070783613 17.846955433487899 8.2837860733270592 27.496831804513931 10.099028795957564 11.347991377115251
leaf_count=136 39 39 56 161 36 133 54 126 36 188 33 21 63 65 223 47 49 34 96 33 36
internal_value=0.00377069 0.00407504 0.0037561 0.00508377 0.00354165 0.00558461 0.00162337 0.00296073 0.00101454 0.00324377 0.00879074 0.00366387 0.0054182 -0.00151187 -0.00156948 0.00214818 0.00359993 0.000766607 -0.00330998 -0.00460168 0.00514373
internal_weight=569.537 549.691 531.689 327.656 258.219 184.531 204.033 143.055 107.314 127.185 35.7408 74.2659 71.1576 60.9782 73.6885 59.1838 45.7387 27.8917 43.7882 19.8454 19.608
internal_count=1704 1632 1593 940 779 520 653 436 349 387 87 223 199 217 259 187 140 91 161 72 57
is_linear=0
shrinkage=0.00891649


Tree=60
num_leaves=27
num_cat=0
split_feature=12 12 12 12 12 12 12 7 12 12 0 7 17 7 3 0 12 12 5 7 5 17 7 5 7 7
split_gain=25.5731 43.0843 36.1527 29.8393 37.0883 21.904 26.9847 8.03727 7.86933 7.58474 7.42971 7.97609 10.2317 7.14069 6.44337 6.36933 5.48889 6.69085 5.38788 5.33862 5.20589 8.18904 5.11432 4.64274 4.43784 4.11713
threshold=-0.16341684234799367 -0.25586931583086425 -0.75163971702825794 0.36333471803336193 0.4100240155228117 0.86508898182794158 0.9670102492271061 -0.22338568229600331 1.3799726145899287 1.5448062732710468 0.47851830149465735 0.26232668622685645 -0.80289551634459577 -1.0778114763681901 -0.31316241485653201 0.60680248619027533 1.9080135596403245 2.113951843513719 0.24807900892555659 0.59599777951650978 0.24807900892555659 1.0499957711299379 -0.53655301128110655 -0.64522410462576685 0.26232668622685645 -0.22338568229600331
decision_type=2 2 2 2 2 2 2 2 2 2 2 2 2 2 2 2 2 2 2 2 2 2 2 2 2 2
left_child=1 2 10 -2 18 -6 7 -7 -8 -10 11 12 13 -1 -14 -12 -11 -18 -5 -9 21 -3 -17 -4 -20 -22
right_child=3 20 23 4 5 6 8 19 9 16 15 -13 14 -15 -16 22 17 -19 24 -21 25 -23 -24 -25 -26 -27
leaf_value=-0.0083135787628383397 0.010909269511295939 0.00032900953776710028 0.0067432253446977281 -0.0092686931761720645 0.012087348664109827 -0.00683046608983122 0.011889729877866297 0.0042934228913973698 0.0017596938655763464 0.013565535960042596 -0.0071164392579871451 -0.00071655372445062371 -0.00046933628122128096 0.0036183937318203692 0.0069035214808549523 -0.0035741668960543485 0.0010164348188943185 0.010071506794928086 0.0034604443001256678 -0.0020200109385285635 0.00048727506261945992 -0.0086087210404413913 0.0051650109580110432 0.011976255113809266 -0.00468474584575741 -0.0073893139000425082
leaf_weight=7.6331369429826736 66.275162786245346 38.408002778887749 21.196855381131172 11.66968561708927 34.345540806651115 12.809410512447355 22.209970489144325 21.412008211016655 23.571411907672882 10.665069028735159 11.889998838305472 35.376135006546974 10.911298707127569 7.8810026496648771 59.334100633859634 9.8990488797426206 11.605258703231813 14.207401379942892 7.9418648332357433 20.719394877552986 6.1650807708501807 10.120424911379812 10.971174418926241 36.903141841292381 15.070488363504408 29.855106234550476
leaf_count=29 153 132 54 48 77 51 50 67 75 23 46 118 37 24 163 34 37 35 26 72 22 41 31 83 57 119
internal_value=0.00374032 0.00192811 0.004073 0.00571166 0.00403943 0.00573793 0.00414432 -0.000682214 0.00737013 0.00569517 0.00181199 0.00282873 0.00429752 -0.00219946 0.00574514 -0.00194106 0.00823148 0.00601536 -0.00433994 0.00117957 -0.00344596 -0.00154545 0.00099183 0.0100552 -0.00186543 -0.00601623
internal_weight=569.047 296.545 211.996 272.503 206.228 171.545 137.2 54.9408 82.2591 60.0491 153.896 121.136 85.7595 15.5141 70.2454 32.7602 36.4777 25.8127 34.682 42.1314 84.5486 48.5284 20.8702 58.1 23.0124 36.0202
internal_count=1704 933 619 771 618 487 410 190 220 170 482 371 253 53 200 111 95 72 131 139 314 173 65 137 83 141
is_linear=0
shrinkage=0.00891649


Tree=61
num_leaves=25
num_cat=0
split_feature=12 12 12 12 12 12 12 20 20 12 12 20 18 3 18 18 18 18 18 18 18 12 18 18
split_gain=25.1723 42.3469 35.6167 29.4042 36.467 21.6141 26.5367 10.0551 7.97207 7.77639 7.46525 9.04042 5.67779 6.73971 5.63228 5.52239 4.76351 4.53438 8.16222 6.60922 10.2577 4.31675 3.86713 8.34629
threshold=-0.16341684234799367 -0.25586931583086425 -0.75163971702825794 0.36333471803336193 0.4100240155228117 0.86508898182794158 0.9670102492271061 1.235551448572932 1.201385268480285 1.3799726145899287 1.5448062732710468 0.60075011733418315 0.032647793235434618 -0.93636470120199378 -0.39519642662065185 -0.17645412582847944 0.62783507533969918 -0.39519642662065185 -0.76030384892640201 -0.93136272700745104 -1.350800561649079 -0.52032889768607571 1.5333880352425693 0.74941311281837553
decision_type=2 2 2 2 2 2 2 2 2 2 2 2 2 2 2 2 2 2 2 2 2 2 2 2
left_child=1 2 8 -2 -5 -6 14 -3 12 -8 -11 -12 13 -1 -7 17 -14 18 19 20 -15 -4 23 -16
right_child=3 7 21 4 5 6 9 -9 -10 10 11 -13 16 15 22 -17 -18 -19 -20 -21 -22 -23 -24 -25
leaf_value=-0.0040170603520190964 0.010832832395599096 -0.0022999391167285417 0.013865562218464075 -0.0043066669658451762 0.012008191972735725 -0.0081923456059026824 0.011809568522217338 -0.011771037431764971 -0.0046844628866689973 0.0017433662528175973 0.011389572878909709 0.0021202451552323567 -0.0021371959127561807 0.0020343354770876237 -0.0010281511813458393 0.011245632281169154 0.0038728324709761635 -0.00073785267091553591 0.012110594393731775 -0.0018083554493434591 0.011731932379963901 0.0084670627002769311 -0.0052867776443237483 0.0079145260169378936
leaf_weight=8.0234894305467588 66.148432061076164 74.519222870469093 16.321487694978714 34.639225289225578 34.264540374279022 6.7635839581489554 22.161914274096489 9.9470617324113828 13.530131757259367 23.577797964215279 23.823172599077225 12.627303734421728 30.961764484643936 25.97396770119666 29.007738664746284 8.3050634264945966 15.589078858494757 14.687962546944624 9.7984967082738859 14.245866090059286 12.759318798780436 41.676189422607422 7.7980529963970175 11.356653496623037
leaf_count=29 153 271 35 131 77 28 50 43 49 75 57 38 107 82 101 19 46 50 22 49 29 102 29 32
internal_value=0.00371052 0.00191218 0.00403896 0.00566779 0.00400752 0.00569236 0.00410995 -0.00341858 0.00179594 0.00731076 0.0056465 0.00816447 0.00242472 0.00368719 -0.000676435 0.00441987 -0.000110523 0.00367759 0.00471837 0.00333585 0.00523817 0.00998316 0.000377392 0.00149098
internal_weight=568.508 296.339 211.873 272.168 206.02 171.381 137.116 84.4663 153.875 82.1902 60.0283 36.4505 140.345 93.7942 54.926 85.7707 46.5508 77.4656 62.7776 52.9792 38.7333 57.9977 48.1624 40.3644
internal_count=1704 933 619 771 618 487 410 314 482 220 170 95 433 280 190 251 153 232 182 160 111 137 162 133
is_linear=0
shrinkage=0.00891649


Tree=62
num_leaves=25
num_cat=0
split_feature=12 12 12 12 12 12 12 1 20 14 14 14 12 20 20 20 12 20 5 5 14 1 14 1
split_gain=24.7686 41.632 35.0815 28.981 35.8554 21.3326 26.089 12.0326 9.9325 8.56169 10.6672 13.96 7.68994 7.66766 11.0481 9.54273 7.34081 8.89283 5.32401 4.60412 4.47084 4.18021 5.54309 3.66865
threshold=-0.16341684234799367 -0.25586931583086425 -0.75163971702825794 0.36333471803336193 0.4100240155228117 0.86508898182794158 0.9670102492271061 0.090414026473754086 1.235551448572932 2.0825664633865908 -0.12597556700880727 0.33208606290449399 1.3799726145899287 1.0259412525418734 -0.68779826277202838 -0.73597760321341188 1.5448062732710468 0.60075011733418315 0.24807900892555659 -0.64522410462576685 0.99732184854809336 -1.132469923070428 -0.2178449368241113 1.2141852551304908
decision_type=2 2 2 2 2 2 2 2 2 2 2 2 2 2 2 2 2 2 2 2 2 2 2 2
left_child=1 2 9 -2 18 -6 7 -7 -3 10 21 -12 -8 14 15 -13 -14 -18 -5 -4 -16 -1 -23 -9
right_child=3 8 19 4 5 6 12 23 -10 -11 11 13 16 -15 20 -17 17 -19 -20 -21 -22 22 -24 -25
leaf_value=-0.0035798412243091891 0.010757397600316142 -0.0022807681224745057 0.006610454951315999 -0.0091839874914063559 0.011929967308378834 -0.0067243123644358509 0.011730558679386244 0.0042634499253679618 -0.011709405912630966 -0.0061322804331031483 0.013373884088315559 0.0046247507340485107 0.0017271892788697533 -0.0053814814624032429 0.004535729586340004 -0.0092932632411088009 0.011294901491239424 0.00210065593136457 -0.0018132403517337233 0.011829704078114423 0.011220525066729721 0.0033478266975169833 -0.0023982496449876092 -0.0015213727367471613
leaf_weight=18.881451830267906 66.019086703658104 74.475399270653725 21.142099738121033 11.624184638261793 34.181894764304161 17.605651810765266 22.112797170877457 23.947578012943268 9.9109450280666334 9.945909306406973 12.41780139505863 8.0081019103527051 23.584092691540718 7.3197519183158866 20.032776340842247 7.2628477960824958 23.809038251638412 12.628199085593222 22.975138455629349 36.752167537808418 12.982494607567785 36.111969694495201 20.842385441064835 13.353007659316061
leaf_count=65 153 271 54 48 77 70 50 74 43 37 27 23 75 27 61 29 57 38 83 83 31 107 75 46
internal_value=0.0036812 0.00189674 0.00400626 0.00562406 0.00397559 0.00564686 0.0040755 -0.000670916 -0.00339143 0.00178071 0.00233265 0.00489245 0.00725057 0.00298776 0.00427189 -0.00194096 0.00559675 0.00809458 -0.00427346 0.00991197 0.00716627 3.45166e-05 0.00123662 0.00217502
internal_weight=567.927 296.086 211.7 271.841 205.822 171.222 137.04 54.9062 84.3863 153.805 143.86 68.0238 82.1341 55.606 48.2862 15.2709 60.0213 36.4372 34.5993 57.8943 33.0153 75.8358 56.9544 37.3006
internal_count=1704 933 619 771 618 487 410 190 314 482 445 198 220 171 144 52 170 95 131 137 92 247 182 120
is_linear=0
shrinkage=0.00891649


Tree=63
num_leaves=27
num_cat=0
split_feature=19 19 19 19 19 19 19 19 19 8 19 19 0 19 8 0 0 16 16 8 19 8 16 5 2 0
split_gain=13.0738 25.2702 26.1672 24.2966 24.8466 20.6207 25.1904 28.1116 26.8614 10.7314 9.5713 17.8364 14.0368 9.15273 8.77835 8.57355 7.30406 7.25844 6.66285 5.84869 5.20836 5.11112 5.90074 4.61591 4.04736 3.80259
threshold=-0.10016762488090768 -0.58328810155603161 -0.62078405201401421 -0.067027913357409291 0.41672746587514192 0.46769949836128455 0.94625821851108094 0.99396398928560536 1.4668195962894974 0.16975519543351952 -1.0263069583178368 -1.1444575533109163 0.72119602668318306 -1.5433231576542048 0.93789864554196156 -0.029711750967318058 0.53971022302968286 -0.78995141072977171 0.060305713681996005 -0.28768839947359809 1.5271793787288084 1.3902893406708843 0.040768353255235798 -0.57645348367913052 -0.15794333259695384 0.53971022302968286
decision_type=2 2 2 2 2 2 2 2 2 2 2 2 2 2 2 2 2 2 2 2 2 2 2 2 2 2
left_child=1 2 10 15 24 25 -7 -8 -9 -10 11 13 18 -1 -3 -2 -17 -4 19 -13 -11 22 -19 -16 -5 -6
right_child=3 14 17 4 5 6 7 8 9 20 -12 12 -14 -15 23 16 -18 21 -20 -21 -22 -23 -24 -25 -26 -27
leaf_value=0.0049110243079024344 -0.0076851101006060766 0.011018769676383485 0.0063953116362125617 0.0049817756592040836 -0.0012436213917332069 0.011338879652050644 -0.0049418096552370019 0.012424989133237961 0.0037298949205412228 -0.0095882202458792316 0.0093050251794525116 -0.0036191301530365751 -0.0078405594595066241 0.012610552806643272 -0.00038915349583102543 0.0041462289348857002 -0.0037092434877406496 -0.0043193400566660638 0.0074009877268890623 0.0056842581961739211 0.00066033905648765951 -0.0094703413111045277 0.0023539154665706374 0.0086276100994345881 0.011217785418925836 -0.0067445994520921124
leaf_weight=34.219927862286568 19.270000323653221 59.374231845140457 7.5758180022239676 10.899555534124373 29.636182621121407 28.413894355297089 32.964899688959122 25.142070561647415 42.630730718374252 8.4616447091102582 37.40936267375946 14.132702082395552 12.558994457125662 18.911965981125832 9.3252363353967684 16.012950167059898 22.207902163267136 26.142825290560722 15.627407953143118 8.3757974654436129 6.9981572479009619 7.6743176430463782 17.313849598169327 8.2127358466386777 32.928115591406822 14.916415497660635
leaf_count=99 76 137 23 29 105 65 126 56 130 35 90 50 48 42 28 51 83 96 45 25 23 31 56 20 76 59
internal_value=0.00365217 0.00503863 0.00336801 0.00233008 0.00361025 0.00220887 0.00384137 0.00200226 0.00475796 0.00143239 0.00544522 0.00405212 0.000271991 0.00765242 0.00937699 -0.00284961 -0.000415924 -0.00162386 0.00295178 -0.000122521 -0.00489112 -0.00284086 -0.00165594 0.00387009 0.00964523 -0.00308007
internal_weight=567.338 276.855 199.943 290.483 232.992 189.164 144.611 116.198 83.2326 58.0905 141.236 103.827 50.6949 53.1319 76.9122 57.4909 38.2209 58.7068 38.1359 22.5085 15.4598 51.131 43.4567 17.538 43.8277 44.5526
internal_count=1704 790 605 914 704 599 435 370 244 188 399 309 168 141 185 210 134 206 120 75 58 183 152 48 105 164
is_linear=0
shrinkage=0.00891649


Tree=64
num_leaves=31
num_cat=0
split_feature=20 10 10 10 10 10 10 17 20 19 1 17 19 17 10 20 20 10 20 10 19 2 19 2 1 1 1 10 19 1
split_gain=22.5701 19.1287 28.6388 27.9957 23.2913 16.5744 17.4537 13.2289 18.1739 10.5624 10.4687 9.50483 9.1583 8.55582 7.903 9.32761 7.69063 7.66784 6.78742 5.97367 5.69058 5.07626 4.97078 4.9375 4.16806 15.4251 10.1759 4.15913 3.91814 3.67682
threshold=1.201385268480285 -0.12240666763837048 -0.711323193070312 1.0000000180025095e-35 0.58490581739697145 -0.75812582529097694 -1.2037039549006023 0.43524523045310554 0.079749929054923632 -0.11406942191867205 -0.3861070146578352 -0.80289551634459577 -0.62078405201401421 -0.65943451441263512 0.92878898747221195 -0.73597760321341188 -0.58474069933569128 1.4159678761975305 0.10865941238919373 0.10614381541853013 -0.10016762488090768 -0.60443976706746649 0.41672746587514192 -0.22437968925238022 -0.3861070146578352 -0.582339171982447 -1.1787487881334533 1.2091590414417193 0.94625821851108094 1.7638748049172239
decision_type=2 2 2 2 2 2 2 2 2 2 2 2 2 2 2 2 2 2 2 2 2 2 2 2 2 2 2 2 2 2
left_child=1 2 5 13 19 6 24 11 17 10 -2 16 -7 -3 15 -13 -6 28 -18 -5 -14 -12 -15 -11 25 26 -1 -16 -9 -26
right_child=9 3 -4 4 7 12 -8 8 -10 23 21 14 20 22 27 -17 18 -19 -20 -21 -22 -23 -24 -25 29 -27 -28 -29 -30 -31
leaf_value=-0.0022875800431478798 -0.0044098075387176954 -0.006568242890559242 0.010925666275729329 0.0049811232679702697 -0.0052493488379265624 0.0057382148535536177 0.011071093812663892 -0.0051525002219086789 0.0062443842045667676 0.0012041849165276674 0.0021685256321681253 0.011387486346414758 -0.0068161269639970589 0.0024528074287435541 0.013986831617352227 -0.00013800950466666479 0.0071471188888454305 0.0014216281061224438 -0.0025226155337267999 0.01216355659489826 0.00028135443667579057 0.010301635231305431 -0.0033726747656639545 -0.0075451819761928936 0.0066025932599460564 -0.010010309771706383 0.010937236106969814 0.0073506763883513975 -0.012918824984400917 9.8026455807348475e-05
leaf_weight=7.9927285760641142 14.199522927403448 23.447003334760666 69.154028683900833 12.852051004767416 10.786378711462019 19.179225519299507 38.651608064770699 13.924905925989156 17.102384924888611 6.5316021293401745 17.139779537916183 7.6307403445243862 11.951161444187163 27.418440878391266 11.715305700898169 18.896956965327263 15.907555714249613 9.677784249186514 8.703389957547186 31.254347756505013 34.006134524941444 9.2093965113163012 19.924429506063461 21.030062541365623 33.871109828352928 7.346526473760604 10.248985677957535 20.449417307972908 8.0932538658380491 8.4766909182071668
leaf_count=27 51 91 160 34 40 56 89 52 50 22 53 20 46 88 25 61 45 31 30 70 117 23 74 84 94 29 25 56 34 27
internal_value=0.00362327 0.00428079 0.00608723 0.00259234 0.00439873 0.00413676 0.00629858 0.00265116 -0.00110576 -0.00118078 0.0016948 0.00460155 0.000595079 -0.00217468 0.00680073 0.00320909 0.000960648 -0.0051018 0.00369322 0.01005 -0.00156314 0.00501792 -4.48932e-06 -0.0054342 0.00358056 0.000737987 0.00509956 0.0097676 -0.00801099 0.00528785
internal_weight=566.773 498.663 240.878 257.784 186.994 171.724 106.588 142.888 48.7983 68.1104 40.5487 94.0897 65.1365 70.7899 58.6924 26.5277 35.3973 31.6959 24.6109 44.1064 45.9573 26.3492 47.3429 27.5617 67.936 25.5882 18.2417 32.1647 22.0182 42.3478
internal_count=1704 1471 670 801 548 510 291 444 167 233 127 277 219 253 162 81 115 117 75 104 163 76 162 106 202 81 52 81 86 121
is_linear=0
shrinkage=0.00891649


Tree=65
num_leaves=29
num_cat=0
split_feature=14 14 4 4 4 4 8 8 17 17 17 7 8 19 4 19 7 17 4 3 4 7 14 3 3 4 19 8
split_gain=17.4698 19.6618 17.8125 33.7179 31.3649 25.9321 11.2264 9.83266 9.57819 13.2583 10.5147 10.0934 9.43969 8.78046 8.56558 8.83721 8.4668 7.97554 7.24954 9.59588 6.05979 6.02978 4.17066 3.87619 4.28555 3.8726 3.74328 3.67542
threshold=2.0825664633865908 1.5714736760872448 0.30120022902775129 -0.27823505003708709 -0.37050680656935803 -0.90831413390035376 2.0576785681910779 1.3902893406708843 0.43524523045310554 -0.80289551634459577 -0.25235954397065247 -0.53655301128110655 -0.12875523430795846 -1.1068184745307392 -0.95105499352929657 -0.62078405201401421 0.23575909709680229 -0.14969425321441207 0.58946069538234502 -0.4739748824901675 -1.3579635665681256 -0.24513143481782534 0.39745373756711899 -0.17947587075258256 0.90318620276937878 0.99827463602368016 -0.10016762488090768 1.4204912200394535
decision_type=2 2 2 2 2 2 2 2 2 2 2 2 2 2 2 2 2 2 2 2 2 2 2 2 2 2 2 2
left_child=1 2 3 4 5 14 7 8 9 11 -11 -4 -6 -2 20 -16 -13 22 26 25 -1 -21 -12 -5 -25 -20 -10 -9
right_child=13 -3 6 23 12 -7 -8 27 18 10 17 16 -14 -15 15 -17 -18 -19 19 21 -22 -23 -24 24 -26 -27 -28 -29
leaf_value=0.0032100032746926323 0.00097977915700762528 0.0130446502458772 -0.0088293460618109436 0.012993332159220324 -0.0048755541384078302 0.010363934403806809 0.011060838521536566 -0.007890861525044781 0.00073669980563151642 0.012582720181596825 0.0033540358248814882 0.0077856929225842888 0.001502703176749775 -0.010788330664654105 0.0062350761223886617 -0.0016640358950143624 -0.0023351253820207791 0.008842352207128144 -0.0061317204537103733 0.011323231046884144 0.0086239968327943527 0.0012465649110877013 -0.0038963995008325044 0.0068665884224792346 0.013262996800529709 0.00067896047545265418 -0.0066283017624085049 -0.00093154177504354034
leaf_weight=45.185195982456207 10.314429178833963 17.820153504610062 8.9475070238113386 27.778529345989227 34.982221975922585 56.692682087421417 9.1202247291803342 11.547158390283586 7.5557788461446789 14.879322603344916 21.79435870051384 11.342658534646036 38.519337490200996 9.448264613747595 15.332416936755179 40.599968418478966 14.952201873064039 17.298364236950878 10.354887843132021 9.4963914006948489 25.66597855091095 8.9932907670736295 8.6204288601875287 29.528202816843987 11.410306230187414 17.53645633161068 18.222540810704231 12.354027807712553
leaf_count=136 33 39 36 61 130 133 23 46 25 33 71 32 129 39 44 144 52 42 40 24 63 28 32 75 25 58 71 40
internal_value=0.00359403 0.00389196 0.00358111 0.00487297 0.0033895 0.0053594 0.00150796 0.00105116 0.0018041 0.0036205 0.00608131 -0.000732857 -0.00152308 -0.00458843 0.00311914 0.000510161 0.00202018 0.00404456 -0.000653928 0.00144168 0.00517307 0.00640106 0.00129315 0.0104129 0.00867095 -0.00183765 -0.00443466 -0.00427788
internal_weight=566.293 546.531 528.71 325.695 256.978 183.476 203.016 193.895 169.994 97.8348 62.5925 35.2424 73.5016 19.7627 126.784 55.9324 26.2949 47.7132 72.1593 46.381 70.8512 18.4897 30.4148 68.717 40.9385 27.8913 25.7783 23.9012
internal_count=1704 1632 1593 940 779 520 653 630 544 298 178 120 259 72 387 188 84 145 246 150 199 52 103 161 100 98 96 86
is_linear=0
shrinkage=0.00891649


Tree=66
num_leaves=21
num_cat=0
split_feature=12 12 12 12 12 12 12 1 1 1 1 1 12 12 1 12 12 12 1 0
split_gain=23.9554 39.453 33.386 27.5204 34.4334 20.3982 24.9133 11.6946 7.98347 9.07507 12.134 10.5436 7.36234 7.00214 6.68651 5.3159 6.49531 4.30465 4.0361 3.82112
threshold=-0.16341684234799367 -0.25586931583086425 -0.75163971702825794 0.36333471803336193 0.4100240155228117 0.86508898182794158 0.9670102492271061 0.090414026473754086 -1.3954613522900934 -0.49505222168737434 -0.3861070146578352 0.066963389452968439 1.3799726145899287 1.5448062732710468 -0.99864411408838072 1.9080135596403245 2.113951843513719 -0.52032889768607571 -1.0742195334137243 0.37767050005724506
decision_type=2 2 2 2 2 2 2 2 2 2 2 2 2 2 2 2 2 2 2 2
left_child=1 2 8 -2 -5 -6 7 -7 -1 14 -11 -12 -8 -14 18 -15 -17 -4 -10 -19
right_child=3 -3 17 4 5 6 12 -9 9 10 11 -13 13 15 -16 16 -18 19 -20 -21
leaf_value=-0.0030549089553808589 0.010503803001789333 -0.0033443160511222227 0.013551177910152956 -0.0042188527433104518 0.011688071542192023 -0.0066405226783015879 0.011493981899067588 0.0021438796380584329 0.008161589524723711 -0.0055302393768845741 0.01001469055357956 0.00090574431308896805 0.0016946525699322893 0.013202780431810111 0.0102547486517966 0.00082607449678519511 0.0097523436393551557 0.010040458655925085 0.0010156309385679527 0.0043097032617893695
leaf_weight=23.531808018684387 65.538591310381889 84.203653648495674 16.144818231463432 34.515377625823021 33.900684505701065 17.540040954947472 21.950110644102097 37.304979994893074 8.8357845544815081 18.435541585087776 12.21831054985523 53.404247060418129 23.567306011915207 10.552865445613859 16.545298278331757 11.618173018097879 14.154322206974028 27.553112626075745 20.495542868971825 13.775849193334578
leaf_count=81 153 314 35 131 77 70 50 120 22 70 29 172 75 23 39 37 35 65 69 37
internal_value=0.00356529 0.00180812 0.00386644 0.00548077 0.00387386 0.00551559 0.00398049 -0.00065798 0.00169692 0.00256075 0.000820377 0.00261264 0.007091 0.00547402 0.00574383 0.00791902 0.00574324 0.00965251 0.0031966 0.00813366
internal_weight=565.786 295.144 210.94 270.642 205.104 170.588 136.688 54.845 153.467 129.935 84.0581 65.6226 81.8428 59.8927 45.8766 36.3254 25.7725 57.4738 29.3313 41.329
internal_count=1704 933 619 771 618 487 410 190 482 401 271 201 220 170 130 95 72 137 91 102
is_linear=0
shrinkage=0.00891649


Tree=67
num_leaves=22
num_cat=0
split_feature=14 14 17 17 17 17 19 17 17 17 17 17 17 19 11 11 11 19 19 17 19
split_gain=17.0786 19.2874 10.5057 20.8348 23.5189 49.82 12.6248 9.64591 23.415 15.0106 9.4159 9.1677 10.6562 8.63522 6.37783 7.87946 5.84067 4.92478 4.53634 4.45547 4.40092
threshold=2.0825664633865908 1.5714736760872448 0.43524523045310554 -0.14969425321441207 -0.23197720343105005 -0.80289551634459577 -1.1444575533109163 0.56015910041079564 1.0499957711299379 1.1224288821384423 1.581235456342313 1.7472287412152914 2.3183819962881675 -1.1068184745307392 0.91389100843672211 -0.56806480754761346 0.70930189827172974 0.94625821851108094 -0.10016762488090768 -1.304895984897724 0.10332414970989372
decision_type=2 2 2 2 2 2 2 2 2 2 2 2 2 2 2 2 2 2 2 2 2
left_child=1 2 3 4 5 6 -1 -4 -9 -10 -11 -12 -13 -2 15 -6 17 -8 -16 -18 -5
right_child=13 -3 7 20 14 -7 16 8 9 10 11 12 -14 -15 18 -17 19 -19 -20 -21 -22
leaf_value=0.0080386322042016352 0.00095859870817483058 0.012915794341031442 -0.0010827126813591225 0.0066138519418668532 0.0027278150571903212 0.011801499583763222 0.00076820267875677252 0.01035156095701394 -0.0034853090619000101 0.01043718318410428 -0.0027687143572953004 0.01151040988395712 -9.3449783728292001e-05 -0.010722359367702104 0.0069851774120809028 -0.0050356877878237902 0.00036612141387687641 -0.004912713251381956 -0.0016065080076748325 0.006880780386069066 0.011266636106686573
leaf_weight=24.334196701645851 10.311722114682199 17.749864280223846 61.406452804803848 31.599211394786835 14.394873693585394 59.08137920498848 80.555184677243233 28.084249392151833 35.156431898474693 13.25707024335861 18.717601493000984 11.83799768984318 12.799820467829703 9.4173194617032987 10.92154009640217 35.72709558904171 13.973062351346014 14.067717924714087 8.4247107505798322 20.212190449237823 33.128927201032639
leaf_count=64 33 39 215 81 47 134 262 66 131 31 67 27 42 39 31 134 45 53 30 57 76
internal_value=0.0035375 0.00383243 0.00352454 0.00443459 0.00338607 0.00485903 0.00217711 0.00178457 0.00325478 0.00107638 0.00391159 0.00190635 0.00546087 -0.00456044 -0.00110783 -0.00279248 0.00106151 -7.74228e-05 0.00320603 0.00420975 0.00898993
internal_weight=565.159 545.43 527.68 346.42 281.692 212.224 153.142 181.26 119.853 91.7689 56.6125 43.3554 24.6378 19.729 69.4682 50.122 128.808 94.6229 19.3463 34.1853 64.7281
internal_count=1704 1632 1593 1014 857 615 481 579 364 298 167 136 69 72 242 181 417 315 61 102 157
is_linear=0
shrinkage=0.00891649


Tree=68
num_leaves=27
num_cat=0
split_feature=15 15 4 4 4 4 18 4 4 4 4 3 19 17 15 3 17 17 15 3 4 3 3 18 4 4
split_gain=21.7086 25.9146 17.704 27.8439 38.038 22.8602 13.2989 12.461 12.2885 27.1816 18.998 10.2534 10.0307 7.81476 6.76543 6.57003 4.76329 7.80875 4.69579 13.2589 4.63316 4.39687 4.46036 3.98432 3.8929 6.29988
threshold=-1.3110423308008141 -1.3515456663877463 0.30120022902775129 -0.27823505003708709 -0.37050680656935803 -0.90831413390035376 -1.3096535182309412 -0.95105499352929657 0.5115571427253357 0.90173745429034469 0.96188211481581443 1.1373381307931814 -0.62078405201401421 -0.84664795243112834 -1.7252142122696066 0.59936891968852335 0.055210772688716582 -0.84664795243112834 0.89826929368498365 0.034212100179751577 1.3982979034079988 1.0000000180025095e-35 0.90318620276937878 0.59086702851871586 1.5828500772343703 2.1407980062000385
decision_type=2 2 2 2 2 2 2 2 2 2 2 2 2 2 2 2 2 2 2 2 2 2 2 2 2 2
left_child=1 14 3 4 5 6 -2 15 11 -10 23 16 -9 -6 -1 -8 17 -4 -15 -20 -12 -5 -23 -11 -22 -26
right_child=2 -3 8 21 13 -7 7 12 9 10 20 -13 -14 18 -16 -17 -18 -19 19 -21 24 22 -24 -25 25 -27
leaf_value=0.00058866983130332435 -0.0049305913543858408 -0.0080196515960326235 -0.0058509130939445831 0.012510666145366044 -0.009709114233292725 0.010640119606937575 0.010267417879223209 0.0073511956336487581 0.011273578164845737 -0.0070066705384941299 0.0087963247941021117 -0.01170976840971371 -0.0013816224029513143 0.00088738184229035597 0.0084691192564648136 0.0042912707711731893 -0.0032302111010564286 0.0043547273432526842 -0.01421378178009702 0.0025441287682369485 0.00025657947110805735 0.0057517224463197918 0.01277530294304054 -0.00054961394018234421 0.010133423410580931 0.0012466154000966617
leaf_weight=23.638269796967506 11.959877029061316 26.893954858183861 7.455340474843978 36.836668476462364 8.1214176118373853 60.405852720141411 33.020325258374214 15.337745904922484 27.907323107123375 18.58688518404961 13.159986764192579 6.5208933204412451 31.626950204372406 46.376973584294319 13.404370740056036 26.076339527964592 22.293717250227928 26.206364095211029 6.5458314120769492 8.2444942742586118 23.504349544644356 22.29210938513279 10.374670982360838 12.690589517354963 11.443439826369287 13.725414037704466
leaf_count=76 43 108 28 82 33 141 81 43 64 75 32 27 112 156 33 75 81 82 28 27 81 58 23 44 27 44
internal_value=0.0035092 -0.00137227 0.00413389 0.00540905 0.00400971 0.00618512 0.00390322 0.00490563 0.00192942 0.00358481 0.00127344 -0.00127552 0.0014822 -0.00158621 0.00343867 0.00762653 -4.68813e-05 0.00206251 -0.000503085 -0.00484794 0.00413162 0.0103895 0.00801178 -0.00436994 0.00286488 0.00528815
internal_weight=564.65 63.9366 500.714 317.219 247.716 178.427 118.021 106.061 183.494 121.018 93.1107 62.4763 46.9647 69.2887 37.0426 59.0967 55.9554 33.6617 61.1673 14.7903 61.8332 69.5034 32.6668 31.2775 48.6732 25.1689
internal_count=1704 217 1487 902 739 495 354 311 585 367 303 218 155 244 109 156 191 110 211 55 184 163 81 119 152 71
is_linear=0
shrinkage=0.00891649


Tree=69
num_leaves=20
num_cat=0
split_feature=20 20 20 20 20 20 20 20 17 17 19 19 19 4 17 20 8 8 8
split_gain=21.6957 16.2959 37.0671 31.5967 18.1294 35.9527 42.0785 13.325 12.5711 10.0725 10.0127 8.16679 7.75804 6.94431 6.82027 6.47721 5.1583 4.1771 6.31772
threshold=1.201385268480285 1.0000000180025095e-35 0.60075011733418315 0.64317010994199264 -0.076762462275573332 -0.64753450234660914 -0.73597760321341188 -1.2331699816879782 1.0499957711299379 -0.84664795243112834 -0.11406942191867205 -1.3454354073708654 -0.10016762488090768 0.27542147144202717 -0.23197720343105005 -0.42897523810759108 0.89412966609154843 -0.96214569679360451 0.16975519543351952
decision_type=2 2 2 2 2 2 2 2 2 2 2 2 2 2 2 2 2 2 2
left_child=1 4 -3 -4 5 6 7 8 11 -8 13 -1 -11 -2 -6 -7 -12 -13 -19
right_child=10 2 3 -5 14 15 9 -9 -10 12 16 17 -14 -15 -16 -17 -18 18 -20
leaf_value=0.01177269387805901 0.0048739569882919193 0.011273135283566636 -0.0013579077420181854 0.0094922864662499197 0.0025109296285229098 0.014602262358262164 -0.010760191218237281 0.010525218518833708 -0.0043420505312545526 0.0024912614334516407 -0.0081559403679563325 0.00097702701386708467 -0.0035408042959448908 -0.0025112744483844623 -0.0029520395922149039 0.0082116291435941208 -5.2412417154524451e-05 0.0087193611641433778 -0.00021872001082552011
leaf_weight=12.551775366067885 22.413758739829063 70.964529618620872 57.050231739878654 33.757810771465302 29.538073420524597 17.052104622125626 10.228377997875212 33.336016416549683 12.411369413137434 26.098056003451347 18.142308577895168 23.066530346870419 47.371441066265106 18.050322264432907 46.425108179450035 47.011470809578896 9.3047136664390546 20.611998111009605 8.6758583486080152
leaf_count=30 65 163 202 81 96 36 42 78 44 83 74 73 175 62 169 116 32 54 29
internal_value=0.00348156 0.00412846 0.00645115 0.00268242 0.00300398 0.00412886 0.00221983 0.0058238 0.0037953 -0.00254377 -0.00123481 0.00536266 -0.00139462 0.00156591 -0.000817908 0.00991208 -0.00538646 0.00381521 0.00603805
internal_weight=564.062 496.151 161.773 90.808 334.378 258.415 194.351 110.654 77.3175 83.6979 67.9111 64.9062 73.4695 40.4641 75.9632 64.0636 27.447 52.3544 29.2879
internal_count=1704 1471 446 283 1025 760 608 308 230 300 233 186 258 127 265 152 106 156 83
is_linear=0
shrinkage=0.00891649


Tree=70
num_leaves=19
num_cat=0
split_feature=10 10 10 10 10 10 10 10 10 19 10 10 10 8 3 19 13 19
split_gain=19.0877 32.1586 18.3717 17.922 27.6572 23.5409 26.7067 18.521 13.4745 7.83603 7.26899 9.80559 9.66143 6.24476 4.6843 4.66115 4.21044 3.67904
threshold=-0.12240666763837048 -0.711323193070312 -0.75812582529097694 1.0000000180025095e-35 0.61313439587818919 0.84348206207709919 1.2707422009807037 1.3302294371720149 -1.2037039549006023 -0.62078405201401421 1.6767917852821765 2.0165826887306255 2.627553828393399 0.59867835856972296 0.6773193244421789 0.41672746587514192 0.27459078977036039 -0.10016762488090768
decision_type=2 2 2 2 2 2 2 2 2 2 2 2 2 2 2 2 2 2
left_child=1 2 8 15 13 -6 -7 -8 -1 -4 -9 -12 -13 -5 -10 16 -2 -11
right_child=3 -3 9 4 5 6 7 10 14 17 11 12 -14 -15 -16 -17 -18 -19
leaf_value=0.0031244360135244853 -0.0018106933787748411 0.010123269816812407 0.0042672392069457114 0.0096525496113743798 -0.0031313525769071839 0.012563361807571729 -0.0047440642540982937 0.01232072620387722 0.011675769161210927 -0.005769944687196665 -0.001513453320876536 0.013719039764859244 0.0013220810642702067 0.002313956912403253 0.0056060799260747298 -0.0045203597395120677 0.0034392396640404378 -0.00056251569463043887
leaf_weight=71.550337806344032 36.646089971065521 75.158935010433197 22.333316504955292 50.31352311372757 59.64573447406292 22.04417459666729 25.18066930770874 8.0677448809146863 27.231653481721878 14.720556423068045 18.510973483324051 9.7364434748888034 9.7969684153795225 11.058795049786566 15.909129545092581 28.559200674295425 17.90789957344532 39.09299261868
leaf_count=215 130 178 67 120 218 49 97 18 62 56 65 21 31 31 42 110 56 138
internal_value=0.00345421 0.00518934 0.00324427 0.00190196 0.00326374 0.00123595 0.0040281 0.00138052 0.005495 -0.000144684 0.00472868 0.00310481 0.00748221 0.00831206 0.00942388 -0.00160719 -8.3397e-05 -0.00199139
internal_weight=563.465 265.997 190.838 297.468 214.355 152.983 93.337 71.2928 114.691 76.1469 46.1121 38.0444 19.5334 61.3723 43.1408 83.1132 54.554 53.8135
internal_count=1704 758 580 946 650 499 281 232 319 261 135 117 52 151 104 296 186 194
is_linear=0
shrinkage=0.00891649


Tree=71
num_leaves=24
num_cat=0
split_feature=10 10 10 10 10 10 10 10 10 16 19 10 10 10 17 18 16 18 17 11 19 3 10
split_gain=18.76 31.7254 18.0612 17.6299 27.2209 23.1563 26.3285 18.2166 13.3006 9.76133 7.69572 7.17224 9.64804 9.54096 7.07256 7.27018 6.89812 5.82508 5.42883 4.78288 4.64003 4.63375 3.65916
threshold=-0.12240666763837048 -0.711323193070312 -0.75812582529097694 1.0000000180025095e-35 0.61313439587818919 0.84348206207709919 1.2707422009807037 1.3302294371720149 -1.2037039549006023 -0.48674037826729089 -0.62078405201401421 1.6767917852821765 2.0165826887306255 2.627553828393399 -0.65943451441263512 -0.22728648642215685 -0.78995141072977171 0.16121847762564442 1.0499957711299379 0.82683172820652351 1.0000000180025095e-35 0.6773193244421789 -0.42794676941206106
decision_type=2 2 2 2 2 2 2 2 2 2 2 2 2 2 2 2 2 2 2 2 2 2 2
left_child=1 2 8 14 19 18 -7 -8 9 16 -4 -9 -13 -14 -2 -16 -1 -11 -6 20 -5 -10 -3
right_child=3 22 10 4 5 6 7 11 21 17 -12 12 13 -15 15 -17 -18 -19 -20 -21 -22 -23 -24
leaf_value=0.0025884995337860368 -0.0052352312988882023 0.013011662753531252 0.0042267405073841387 0.004833658444993701 -0.0018830806274910425 0.01248684477695986 -0.004708293265972034 0.012245172543093725 0.011602111490126363 0.00298807395414413 -0.0019747005927382585 -0.0015006725991395448 0.013637909493749345 0.0013095350539135998 -0.0036499761486003452 0.0029217230353196086 -0.0066037152191346571 0.0094882361774547598 -0.0089608419293804135 0.013513523479956409 0.010335935806259794 0.0055606118471214641 0.008741330747813086
leaf_weight=15.343693673610687 27.991684019565582 23.114066630601883 22.347148165106773 29.736720874905586 49.330270141363144 21.9824538230896 25.147142246365547 8.0458222329616529 27.160672545433044 27.173182487487793 53.78658327460289 18.505200698971748 9.7075695991516131 9.7981042563915235 22.319205105304718 32.760019570589066 10.904094994068146 18.143169462680817 10.27322670817375 11.062527567148207 20.466828927397728 15.895605877041815 51.881253957748413
leaf_count=45 107 51 67 79 176 49 97 18 62 82 194 65 21 31 84 105 41 47 42 24 48 42 127
internal_value=0.00342703 0.00514792 0.00321676 0.00188718 0.0032392 0.00122652 0.00399878 0.00136991 0.00544938 0.00309595 -0.000143403 0.00469232 0.00307975 0.00742618 -0.00159369 0.000249779 -0.0012108 0.00559209 -0.00310571 0.00825223 0.00708762 0.00935824 0.0100551
internal_weight=562.876 265.749 190.754 297.127 214.056 152.79 93.1863 71.2038 114.62 71.5641 76.1337 46.0567 38.0109 19.5057 83.0709 55.0792 26.2478 45.3164 59.6035 61.2661 50.2035 43.0563 74.9953
internal_count=1704 758 580 946 650 499 281 232 319 215 261 135 117 52 296 189 86 129 218 151 127 104 178
is_linear=0
shrinkage=0.00891649


Tree=72
num_leaves=26
num_cat=0
split_feature=12 12 12 12 12 12 12 1 19 11 19 1 1 1 1 19 12 12 20 1 19 15 11 15 15
split_gain=22.7632 36.5182 30.974 25.4777 32.5749 18.9447 23.1446 11.3165 9.746 10.9571 9.70089 7.70238 8.67354 11.3906 9.8134 8.17353 6.88891 6.52631 8.51521 6.10065 4.34702 4.19174 4.03327 4.02076 3.86859
threshold=-0.16341684234799367 -0.25586931583086425 -0.75163971702825794 0.36333471803336193 0.4100240155228117 0.86508898182794158 0.9670102492271061 0.090414026473754086 0.41672746587514192 1.0000000180025095e-35 -0.62078405201401421 -1.3954613522900934 -0.49505222168737434 -0.3861070146578352 0.066963389452968439 0.99396398928560536 1.3799726145899287 1.5448062732710468 0.60075011733418315 -0.99864411408838072 0.051970441697899057 -0.21923732335509546 0.54720492187447356 -1.0424075908150199 -0.21923732335509546
decision_type=2 2 2 2 2 2 2 2 2 2 2 2 2 2 2 2 2 2 2 2 2 2 2 2 2
left_child=1 2 11 -2 10 -6 7 24 9 -3 -5 15 19 21 -15 -1 -8 -18 -19 23 -4 -14 -12 -13 -7
right_child=3 8 20 4 5 6 16 -9 -10 -11 22 12 13 14 -16 -17 17 18 -20 -21 -22 -23 -24 -25 -26
leaf_value=-0.0079877046903892215 0.010141220735456162 0.0035987336573373658 0.0068832441227650648 0.0019125177084879444 0.011328986452369147 -0.011159535234882853 0.011156243561207854 0.0021366083578890599 -0.0067459402025554028 -0.0049292708502294879 -0.011704621246851647 -0.0022601620138909396 -0.011183749726944666 0.0096453755701331814 0.00082638562723364698 0.0024605729653442653 0.0016554494122332862 0.010827917559727084 0.0017945823456928258 0.0098877799489964502 0.011817202901233748 -0.0023396628034172175 -0.0040232736593612808 0.0051050562700631014 -0.0027720425109771145
leaf_weight=12.54097728431225 64.754014849662781 23.980629205703735 29.074082180857658 12.810086309909819 33.42553023993969 7.8349448442459133 21.686849683523178 37.274179458618164 36.43841852247715 23.518328920006752 10.669002011418344 7.8281833380460766 6.4561539143323925 12.12495097517967 53.29555980861187 10.927824586629866 23.535505369305611 23.549915879964828 12.545039013028143 16.406693741679192 27.726358324289322 11.911416307091711 10.928104713559149 21.400163814425468 9.6121268272399885
leaf_count=48 153 76 74 42 77 34 50 120 148 90 47 27 27 29 172 33 75 57 38 39 63 43 42 64 36
internal_value=0.0034003 0.00168404 0.00367219 0.00527555 0.00372824 0.00533269 0.00385526 -0.00061664 -0.00327896 -0.000625304 -0.00415302 0.00158464 0.00243533 0.000732275 0.00247111 -0.00308998 0.00686678 0.0053034 0.00767506 0.00555652 0.00928431 -0.0054318 -0.0078119 0.00312268 -0.0065209
internal_weight=562.255 293.63 209.692 268.625 203.871 169.464 136.039 54.7213 83.9374 47.499 34.4072 152.892 129.423 83.7881 65.4205 23.4688 81.3173 59.6305 36.095 45.635 56.8004 18.3676 21.5971 29.2283 17.4471
internal_count=1704 933 619 771 618 487 410 190 314 166 131 482 401 271 201 81 220 170 95 130 137 70 89 91 70
is_linear=0
shrinkage=0.00891649


Tree=73
num_leaves=24
num_cat=0
split_feature=18 18 18 18 18 17 0 17 18 18 18 16 3 6 18 18 18 0 0 11 3 16 16
split_gain=16.802 25.1404 22.1896 20.9637 31.3322 18.7982 14.4224 15.9056 12.6333 12.4055 10.1507 9.91455 10.6048 9.55571 9.51443 8.7439 6.80648 6.70429 9.48173 6.37808 5.2689 5.12909 4.66084
threshold=-0.85130849938950137 -0.45712092954705802 -0.37146705388329321 0.032647793235434618 0.12752380531045562 0.43524523045310554 0.47851830149465735 -0.80289551634459577 -1.2036991901146625 -0.93136272700745104 -1.350800561649079 0.47250001188244639 0.62658351522519928 1.4278468718921109 0.59086702851871586 -1.4896303543108809 -0.39519642662065185 1.1416189770833913 1.1855327931484181 1.0000000180025095e-35 1.1373381307931814 -0.78995141072977171 0.39111648522588432
decision_type=2 2 2 2 2 2 2 2 2 2 2 2 2 2 2 2 2 2 2 2 2 2 2
left_child=6 -2 16 -4 -5 14 7 8 -1 10 13 12 21 -9 -6 -8 -3 20 -19 -17 -16 -7 -18
right_child=1 2 3 4 5 11 15 9 -10 -11 -12 -13 -14 -15 17 19 22 18 -20 -21 -22 -23 -24
leaf_value=-0.012475087608934864 0.010928176942886914 0.0052382144221412011 0.0099376167784718094 -0.0022309298443629788 0.010393807201638745 0.0025546787221717372 0.0040398589920092398 -0.00093258165635155181 0.0012835241853642414 -0.0017300241385540171 0.011680968323916205 0.0086617630060359229 0.0054252121362960799 0.0083739439546572734 0.0070072107590885176 -0.0029287960555455512 -0.00070347173599658789 -0.0055514033017615653 0.0051889466974701084 -0.01159959424028867 -8.8445939742171118e-06 -0.0057593040506234991 -0.0063699986106518494
leaf_weight=8.8414350152015686 40.067733928561211 9.4850276261568052 46.721808418631554 59.656503930687904 38.228504180908203 7.3761622011661485 7.4941973984241477 17.587168455123901 12.600714057683945 19.439899235963821 19.329830422997475 9.7006442844867689 13.563285022974013 16.989092603325844 96.03629732131958 15.349413901567461 28.988455891609192 9.7147446870803851 18.820313081145287 11.841383993625639 9.0304374247789365 25.724487558007244 18.993619605898857
leaf_count=37 93 25 111 212 90 23 23 60 42 70 44 26 39 47 263 55 103 36 54 50 30 96 75
internal_value=0.0033741 0.00421817 0.00353033 0.00440912 0.00350959 0.00501281 0.000557394 0.00235431 -0.0043617 0.00432945 0.00653059 0.000551343 -0.00115595 0.00364498 0.00647836 -0.00434777 -0.00157563 0.00535524 0.00152949 -0.0067077 0.00639444 -0.00387563 -0.00295
internal_weight=561.581 432.108 392.04 334.573 287.851 228.195 129.473 94.7881 21.4421 73.346 53.9061 56.3646 46.6639 34.5763 171.83 34.685 57.4671 133.602 28.5351 27.1908 105.067 33.1006 47.9821
internal_count=1704 1276 1183 980 869 657 428 300 79 221 151 184 158 107 473 128 203 383 90 105 293 119 178
is_linear=0
shrinkage=0.00891649


Tree=74
num_leaves=21
num_cat=0
split_feature=20 20 20 20 20 20 20 20 17 17 19 19 19 4 3 17 20 8 8 8
split_gain=20.5642 15.4934 35.0515 29.4769 16.6994 33.9166 39.8944 12.6047 12.1338 9.88431 9.55354 7.86335 7.44902 6.72906 8.9161 6.61589 6.47592 5.03052 4.00155 6.05729
threshold=1.201385268480285 1.0000000180025095e-35 0.60075011733418315 0.64317010994199264 -0.076762462275573332 -0.64753450234660914 -0.73597760321341188 -1.2331699816879782 1.0499957711299379 -0.84664795243112834 -0.11406942191867205 -1.3454354073708654 -0.10016762488090768 0.27542147144202717 0.034212100179751577 -0.23197720343105005 -0.42897523810759108 0.89412966609154843 -0.96214569679360451 0.16975519543351952
decision_type=2 2 2 2 2 2 2 2 2 2 2 2 2 2 2 2 2 2 2 2
left_child=1 4 -3 -4 5 6 7 8 11 -8 13 -1 -11 14 -2 -6 -7 -12 -13 -20
right_child=10 2 3 -5 15 16 9 -9 -10 12 17 18 -14 -15 -16 -17 -18 -19 19 -21
leaf_value=0.011511650885888238 0.011148845509019716 0.010975499035244965 -0.0013115562738527774 0.0092024678139178209 0.0024902410126982199 0.014332585756906008 -0.010687521312071622 0.010234831592102258 -0.0043413824491561311 0.0024155007063411753 -0.0080646979408019667 0.00090613093476031744 -0.0034969745046736053 -0.002535177402805476 -7.8982241497885624e-05 -0.0028942607326438489 0.0079079315224682423 -5.1759198315747732e-05 0.008499866041441137 -0.00027026973448785472
leaf_weight=12.492343768477438 9.6403521746397036 70.180576637387276 56.92485699057579 33.453335031867027 29.515158548951149 16.855653673410416 10.184414044022558 33.000171944499016 12.379907980561255 26.110356718301773 18.035804301500324 23.015348777174946 47.247751802206039 17.995493814349174 12.723693653941153 46.304699182510376 46.566011682152748 9.2758289724588376 20.515661954879768 8.6410525888204557
leaf_count=30 24 163 202 81 96 36 42 78 44 83 74 73 175 62 41 169 116 32 54 29
internal_value=0.0033472 0.00397934 0.00625374 0.0025867 0.0028814 0.00396545 0.00211184 0.00563443 0.0036625 -0.0025271 -0.0012521 0.00520609 -0.00138912 0.0014852 0.00474451 -0.000788559 0.00961516 -0.00531933 0.00368571 0.00586768
internal_weight=561.058 493.387 160.559 90.3782 332.829 257.009 193.587 110.044 77.0443 83.5425 67.6712 64.6644 73.3581 40.3595 22.364 75.8199 63.4217 27.3116 52.1721 29.1567
internal_count=1704 1471 446 283 1025 760 608 308 230 300 233 186 258 127 65 265 152 106 156 83
is_linear=0
shrinkage=0.00891649


Tree=75
num_leaves=32
num_cat=0
split_feature=18 18 18 18 18 17 0 17 5 18 18 6 18 4 4 3 18 18 18 0 0 4 5 3 5 4 5 5 5 5 5
split_gain=16.2905 24.5629 21.5651 20.4614 30.497 18.3155 14.0569 15.591 16.5662 12.0789 9.89507 9.37281 9.29675 9.2867 11.2194 8.66527 8.7617 8.60996 6.54853 6.54115 9.27165 6.40826 5.68098 5.14987 5.09414 4.97034 4.87846 8.13532 5.78678 4.91466 3.80494
threshold=-0.85130849938950137 -0.45712092954705802 -0.37146705388329321 0.032647793235434618 0.12752380531045562 0.43524523045310554 0.47851830149465735 -0.80289551634459577 0.084244107409095867 -0.93136272700745104 -1.350800561649079 1.4278468718921109 0.59086702851871586 0.90173745429034469 -0.60141570808851907 0.62658351522519928 1.5333880352425693 -1.4896303543108809 -0.39519642662065185 1.1416189770833913 1.1855327931484181 -1.0699022977356123 -0.6752649892528354 1.1373381307931814 -0.37160518346699978 -0.37050680656935803 1.492809584372788 1.3476939853167895 0.34571714101319795 0.24807900892555659 -0.37160518346699978
decision_type=2 2 2 2 2 2 2 2 2 2 2 2 2 2 2 2 2 2 2 2 2 2 2 2 2 2 2 2 2 2 2
left_child=6 -2 18 -4 13 12 7 8 -1 10 11 -9 -6 14 21 16 25 -8 -3 23 -21 -5 -19 24 -14 -7 27 28 29 -26 -22
right_child=1 2 3 4 5 15 17 9 -10 -11 -12 -13 19 -15 -16 -17 -18 22 -20 20 30 -23 -24 -25 26 -27 -28 -29 -30 -31 -32
leaf_value=-0.011557731031495594 0.010801184302718831 0.005128926479150045 0.0098150049342381959 -0.0017079659953883157 0.010267527345634285 0.0050723748002663915 0.0040262997098476127 -0.00093153725212620476 0.0040280100835044901 -0.001703618223920572 0.011551514073874378 0.008287578723845614 0.012370586261695824 -0.0093825796429432527 0.0020691654631434971 0.0060656406138197101 -0.010446951137840681 -0.0018278817234744036 -0.0029123346829915682 -0.0055117484391458702 0.008731899003760573 -0.014211637361181821 -0.010074087120873371 -2.7329816155034769e-05 0.0061721691019365477 -0.0021738539859942085 0.010434238125850585 -0.0024343819591203593 0.0094632647084115853 -0.0012207878646237271 0.00075186443488601488
leaf_weight=11.546277880668642 39.89187216758728 9.4540360271930677 46.528446033596992 6.6994341313838959 38.038734436035156 11.150781109929079 7.4886137545108786 17.569646149873734 9.863813713192938 19.420962825417519 19.249172925949097 16.98968231678009 11.726383358240126 11.442498743534086 35.388936251401901 15.890224069356917 7.2266312986612311 11.249137461185457 47.915004700422287 9.7012744694948214 10.322723582386972 6.0697780549526197 15.877759411931036 9.0276729166507703 21.859685868024826 22.02980296313763 16.6867545992136 9.5836801677942258 25.779579892754555 10.275446921586989 8.4808842539787275
leaf_count=48 93 25 111 23 90 33 23 60 31 70 44 47 28 47 116 45 29 39 178 36 27 26 66 30 60 77 41 33 66 35 27
internal_value=0.00332114 0.00415333 0.00347352 0.00434082 0.00345235 0.00493727 0.000545431 0.00232056 -0.00433356 0.00427771 0.00645235 0.00360588 0.00638581 -0.00221331 -0.000507949 0.000531248 -0.00166254 -0.00430227 -0.00156425 0.00527656 0.00149562 -0.00761391 -0.00664814 0.00630373 0.00691021 0.000257861 0.00614079 0.00506896 0.00632452 0.00380287 0.00511542
internal_weight=560.425 431.17 391.278 333.909 287.381 227.78 129.255 94.6396 21.4101 73.2295 53.8085 34.5593 171.483 59.6006 48.1581 56.2974 40.4072 34.6155 57.369 133.444 28.5049 12.7692 27.1269 104.939 95.9115 33.1806 84.1851 67.4984 57.9147 32.1351 18.8036
internal_count=1704 1276 1183 980 869 657 428 300 79 221 151 107 473 212 165 184 139 128 203 383 90 49 105 293 263 110 235 194 161 95 54
is_linear=0
shrinkage=0.00891649


Tree=76
num_leaves=29
num_cat=0
split_feature=20 14 10 10 10 10 8 10 10 19 19 10 10 10 19 5 19 8 5 10 10 8 19 7 7 7 19 5
split_gain=19.9003 19.068 16.2628 20.6915 20.5542 18.7295 13.5193 10.855 13.368 9.38239 9.30428 7.49993 9.87984 8.44258 7.83138 7.23281 7.56855 7.03333 5.96399 5.63792 5.06269 5.06089 4.96888 4.57051 10.5112 4.57129 4.5288 3.82155
threshold=1.201385268480285 2.0825664633865908 -0.12240666763837048 -0.711323193070312 1.0000000180025095e-35 0.58490581739697145 -0.31401824302568432 -0.75812582529097694 -1.2037039549006023 -0.62078405201401421 -0.11406942191867205 0.84348206207709919 1.2091590414417193 1.3302294371720149 0.41672746587514192 1.4478302674070178 -0.50718787363230378 0.76309655126766296 -0.64522410462576685 -0.12240666763837048 0.10614381541853013 -1.0674950204502536 0.41672746587514192 1.3284128428678206 -0.18066128762185074 -1.0253776561601884 -0.10016762488090768 1.4478302674070178
decision_type=2 2 2 2 2 2 2 2 2 2 2 2 2 2 2 2 2 2 2 2 2 2 2 2 2 2 2 2
left_child=1 2 3 7 22 20 21 8 23 -9 15 14 -13 -14 17 16 -2 -8 -12 -3 -6 -7 -4 24 25 -1 -11 -20
right_child=10 19 4 -5 5 6 11 9 -10 26 18 12 13 -15 -16 -17 -18 -19 27 -21 -22 -23 -24 -25 -26 -27 -28 -29
leaf_value=0.0046395288376251944 -0.0029534439614654819 -0.0013853444372544719 0.00033140804968472958 0.010192282845028662 0.0046558034438331257 0.0055551720972927309 0.0072544110667489368 0.0068578073038737669 0.010287596699330256 -0.0058799824716791712 0.0016989846511538766 0.012106727456935822 -0.0023237161872104906 0.0065548074311513986 -0.0048982006433869107 0.0094079472224762005 0.0064540713990382014 -0.0025346218157532192 -0.010088647072991997 -0.01181373294333546 0.011401272159284229 -0.0028620730299262678 -0.0046581903610237244 -0.0024493542583657346 0.0090848079810299884 -0.0021014744123000638 0.00072939761929341463 -0.001450406824635605
leaf_weight=15.263929039239882 23.758611708879471 10.934141412377359 42.130419105291367 65.680443987250328 12.356184050440786 6.5306329131126395 17.329038262367252 17.106998026371002 37.23261059820652 10.727675721049307 7.0160165727138546 17.246663942933083 11.47077429294586 30.75834958255291 11.010305494070051 7.2885968685150138 9.2760531902313215 8.4626877754926664 14.710799142718317 6.4028988331556311 30.016287907958031 35.792983964085579 25.123750388622284 8.4424542337656003 22.831790760159492 16.265944421291355 33.163316309452057 5.509372502565383
leaf_count=44 84 37 142 156 33 19 47 48 88 41 23 39 42 85 41 19 24 29 63 27 69 131 97 28 59 55 114 20
internal_value=0.00329502 0.00391774 0.00425331 0.00597962 0.00267595 0.00423861 0.00265305 0.00425955 0.00606425 0.00129544 -0.00123297 0.00449636 0.00645304 0.00413461 0.00133884 0.00146807 -0.000287204 0.00400829 -0.00525385 -0.00519912 0.00941481 -0.001534 -0.00152451 0.00355729 0.00449936 0.00117064 -0.000884514 -0.00771731
internal_weight=559.84 492.28 474.943 226.715 248.228 180.974 138.601 161.035 100.037 60.998 67.5594 96.2778 59.4758 42.2291 36.802 40.3233 33.0347 25.7917 27.2362 17.337 42.3725 42.3236 67.2542 62.8041 54.3617 31.5299 43.891 20.2202
internal_count=1704 1471 1407 633 774 535 433 477 274 203 233 283 166 127 117 127 108 76 106 64 102 150 239 186 158 99 155 83
is_linear=0
shrinkage=0.00891649


Tree=77
num_leaves=26
num_cat=0
split_feature=12 12 12 12 12 12 12 19 5 19 4 4 4 19 19 8 19 18 18 19 4 8 19 18 18
split_gain=21.8747 34.3003 29.2507 24.0541 31.0072 17.9901 21.8754 9.44756 12.7039 9.44012 9.35771 9.31506 8.48543 7.56001 14.0917 9.21317 6.21368 5.04554 4.96146 4.83401 4.78292 4.49822 4.06183 3.86044 7.68661
threshold=-0.16341684234799367 -0.25586931583086425 -0.75163971702825794 0.36333471803336193 0.4100240155228117 0.86508898182794158 0.9670102492271061 0.41672746587514192 0.24807900892555659 -0.62078405201401421 -0.37050680656935803 -0.27823505003708709 0.90173745429034469 1.0000000180025095e-35 -0.11406942191867205 0.16975519543351952 -0.58328810155603161 -0.39519642662065185 0.66681830414260224 -0.62078405201401421 0.27542147144202717 -0.31401824302568432 -0.41046615744162845 1.5333880352425693 0.74941311281837553
decision_type=2 2 2 2 2 2 2 2 2 2 2 2 2 2 2 2 2 2 2 2 2 2 2 2 2
left_child=1 2 13 -2 9 -6 17 8 -3 -5 -8 -12 -13 14 16 21 19 -7 -14 -1 22 -15 -4 24 -19
right_child=3 7 20 4 5 6 10 -9 -10 -11 11 12 18 15 -16 -17 -18 23 -20 -21 -22 -23 -24 -25 -26
leaf_value=0.0028512031602387737 0.009869409802086556 0.0033108855532087214 0.0070159942471730513 0.0018873489597578113 0.011063487331964885 -0.0078008182093975498 0.01312126080765222 -0.006654824404729213 -0.0059898221161764301 -0.0077146041054295062 -0.0039279812197798225 0.0095094829211749606 -0.0002927934794739361 0.0039924833530293998 -0.0071845484553730073 -0.0016884781235003831 0.0077598950256992294 -0.00092499324997822392 0.0075702535755123928 -0.0037775667172564604 0.0045572057064216867 0.010846720581706076 0.012707980975481131 -0.0052789811449098752 0.0076626211149969752
leaf_weight=20.599915102124211 64.085939213633537 27.412607565522194 16.106359571218491 12.810023248195646 33.032016694545746 6.6225626021623603 14.532137304544447 36.272146388888359 20.018864199519157 21.48632250726223 7.5264070630073538 32.378093004226685 16.388527676463131 56.017091929912567 19.208782553672791 22.379120215773582 10.704571694135664 28.87451396882534 10.060770466923712 14.862898215651514 14.16140168905258 8.6211341917514783 25.946075215935707 7.7856793105602256 11.360638082027434
leaf_count=61 153 88 41 42 77 28 33 148 78 89 26 81 53 169 75 76 27 101 27 54 38 20 58 29 32
internal_value=0.00326913 0.00158368 0.00351718 0.00511397 0.00360981 0.00518076 0.00374296 -0.00323129 -0.000618885 -0.00409045 0.00668195 0.00526494 0.00645586 0.00149046 -0.000796038 0.00320852 0.00186084 -0.00060424 0.00272029 7.02188e-05 0.00900461 0.00491555 0.0105238 0.000386909 0.00150191
internal_weight=559.255 292.311 208.607 266.944 202.858 168.561 135.529 83.7036 47.4315 34.2963 80.8859 66.3538 58.8274 152.394 65.3762 87.0173 46.1674 54.6434 26.4493 35.4628 56.2138 64.6382 42.0524 48.0208 40.2352
internal_count=1704 933 619 771 618 487 410 314 166 131 220 187 161 482 217 265 142 190 80 115 137 189 99 162 133
is_linear=0
shrinkage=0.00891649


Tree=78
num_leaves=23
num_cat=0
split_feature=20 0 0 0 0 0 0 0 20 20 20 2 2 5 20 0 0 0 20 5 5 0
split_gain=19.4479 16.9413 34.2031 20.0635 17.3821 28.6853 22.3926 13.6517 10.4591 15.0677 11.9158 8.31534 8.1512 8.0351 7.84384 6.74398 6.02921 5.78123 10.2617 5.094 4.17043 3.71297
threshold=1.201385268480285 -0.57152078311884813 -0.029711750967318058 0.071636984136287163 -0.66661605942235636 -1.1159823000930063 -1.2069715627391957 0.53971022302968286 0.64317010994199264 0.60075011733418315 1.0000000180025095e-35 -0.21012047235562936 -0.60443976706746649 1.4478302674070178 -0.73597760321341188 -1.3297742192022928 1.1416189770833913 0.60680248619027533 -0.68779826277202838 0.24807900892555659 -0.64522410462576685 -0.97234573033267269
decision_type=2 2 2 2 2 2 2 2 2 2 2 2 2 2 2 2 2 2 2 2 2 2
left_child=1 4 -3 -4 5 6 15 -5 9 10 17 12 13 -2 -6 -1 -11 -9 -19 -16 -13 -7
right_child=11 2 3 7 14 21 -8 8 -10 16 -12 20 -14 -15 19 -17 -18 18 -20 -21 -22 -23
leaf_value=0.0032228305263538779 -0.0027616036509527245 0.01040661519696417 -0.00045301423598581575 0.0095236590554467447 0.0058175358249289511 0.014446800179399618 -0.0038939868218869681 -0.0010691200269153762 0.010170795082774109 0.00039805338550266722 0.010857828129887859 0.00054086842401586041 0.010158279891472787 0.0078610876824682357 -0.0065290765256614328 0.011233151429070361 -0.0079546898855717245 -0.0036616535541097337 0.0078991342639036476 -0.00099407529613262198 -0.0070774988896093877 0.0083212532352102565
leaf_weight=33.929001063108444 25.669880196452141 74.411010444164276 71.526549234986305 42.752835527062416 8.3963281512260419 10.819634854793547 41.541173413395882 20.833245754241943 16.450909972190857 16.575577273964885 18.401078820228577 7.6835430562496212 6.7716858386993399 7.0440081954002371 22.873335763812065 10.864909008145331 11.399533137679098 7.9475272297859219 23.580047830939293 30.99623304605484 20.272928163409233 27.844523519277573
leaf_count=102 90 176 249 103 25 23 153 73 39 57 43 26 16 19 89 25 45 28 64 108 82 69
internal_value=0.00324389 0.00386036 0.00516031 0.00345702 0.00175079 0.00366559 0.00081042 0.0052292 0.00363251 0.00253283 0.00471919 -0.00123605 0.00138007 -0.000444576 -0.00209074 0.00517075 -0.00298199 0.00255384 0.00494983 -0.003347 -0.00495287 0.0100311
internal_weight=558.585 491.143 303.878 229.467 187.265 124.999 86.3351 157.941 115.188 98.737 70.7619 67.442 39.4856 32.7139 62.2659 44.7939 27.9751 52.3608 31.5276 53.8696 27.9565 38.6642
internal_count=1704 1471 877 701 594 372 280 452 349 310 208 233 125 109 222 127 102 165 92 197 108 92
is_linear=0
shrinkage=0.00891649


Tree=79
num_leaves=22
num_cat=0
split_feature=14 14 1 1 1 1 0 0 19 7 14 6 0 19 0 6 0 1 6 14 0
split_gain=15.9598 17.5785 11.0309 20.09 29.2804 27.0471 12.3188 22.3603 12.6883 11.7251 11.2839 10.1544 10.7489 8.1537 7.83346 10.0076 6.50061 6.46679 4.97076 4.56764 6.01916
threshold=2.0825664633865908 1.5714736760872448 -0.99864411408838072 -0.49505222168737434 -0.43669153170535879 0.066963389452968439 -0.57152078311884813 -0.029711750967318058 0.23200385127671799 -1.2707324284822474 -0.2178449368241113 0.44963950637280087 -0.66661605942235636 -1.1068184745307392 -0.49398282121403592 1.4278468718921109 -1.1159823000930063 0.11745730266184302 -1.3033130840615594 -0.082385217056286694 -0.93863535820608368
decision_type=2 2 2 2 2 2 2 2 2 2 2 2 2 2 2 2 2 2 2 2 2
left_child=1 2 9 -4 -5 -6 10 -8 18 14 17 12 16 -2 15 -1 -12 -7 -9 20 -11
right_child=13 -3 3 4 5 6 7 8 -10 19 11 -13 -14 -15 -16 -17 -18 -19 -20 -21 -22
leaf_value=-0.0080002818717935381 0.00072795741864455522 0.012282599622768614 0.0094354685973388527 -0.0027160714898655071 0.01041684816680313 -0.0020085801346478617 0.010476532641822883 -0.0023583182795098362 -0.0045252842104921767 0.0031438903921148691 0.0010780882446151481 -0.0075821655449169459 -0.0040263175123312301 -0.01065897838011548 0.0067491573300931165 0.0056678679111823354 0.010306012189072325 0.0064492909091682354 0.0045471516098127881 0.0022671396213917636 -0.0047499546013255014
leaf_weight=7.9082878679037121 10.280310779809954 17.337306380271912 45.888657867908478 56.23162630200386 47.811658129096031 9.108629181981085 39.732161030173302 8.8665620982646924 16.190722554922104 9.387914836406706 16.542307883501056 16.35855820775032 22.090488448739052 9.3255294561386091 30.623455747961998 8.7172141522169095 9.3038469105958921 30.596572682261467 91.243750840425491 16.28947040438652 38.079283758997917
leaf_count=29 33 39 111 209 113 32 94 30 61 30 54 64 81 39 83 25 22 85 272 53 145
internal_value=0.00321894 0.00350689 0.00321259 0.00388757 0.00318645 0.00426677 0.00313337 0.00471633 0.00274446 0.000719616 0.00075619 -0.00154846 0.000509597 -0.00463295 0.00407673 -0.000799736 0.00440479 0.00448175 0.0039265 -0.00177143 -0.00317243
internal_weight=557.914 538.308 520.971 409.966 364.077 307.845 260.034 156.033 116.301 111.006 104 64.2952 47.9366 19.6058 47.249 16.6255 25.8462 39.7052 100.11 63.7567 47.4672
internal_count=1704 1632 1593 1228 1117 908 795 457 363 365 338 221 157 72 137 54 76 117 302 228 175
is_linear=0
shrinkage=0.00891649


Tree=80
num_leaves=18
num_cat=0
split_feature=20 20 20 20 20 20 20 20 17 17 18 18 2 20 17 11 18
split_gain=19.04 14.5673 32.9006 27.2431 15.213 31.6076 37.2353 11.8998 11.6282 9.68456 8.95526 8.5233 6.74321 6.50805 6.37044 4.65535 5.81626
threshold=1.201385268480285 1.0000000180025095e-35 0.60075011733418315 0.64317010994199264 -0.076762462275573332 -0.64753450234660914 -0.73597760321341188 -1.2331699816879782 1.0499957711299379 -0.84664795243112834 -1.0728713636417879 -0.81332422014538863 -0.21012047235562936 -0.42897523810759108 -0.23197720343105005 -0.84573562676972014 -1.3862511729811038
decision_type=2 2 2 2 2 2 2 2 2 2 2 2 2 2 2 2 2
left_child=1 4 -3 -4 5 6 7 8 10 -8 -1 15 -13 -7 -6 -2 -17
right_child=11 2 3 -5 14 13 9 -9 -10 -11 -12 12 -14 -15 -16 16 -18
leaf_value=-0.0032746607153426401 0.0016357018481938626 0.010637301331148166 -0.0012733055469252338 0.0088746892122708483 0.0024508103776065306 0.014039122715227633 -0.010591898537850813 0.0099121103855661901 -0.0043509237240813205 -0.0013668014209426785 0.0063268765450959618 0.0042643696498550245 -0.0038735994378808259 0.0075530818424923377 -0.0028367778676068808 0.00064108526970567414 -0.0092057370370281066
leaf_weight=8.7202970534563047 6.8820125013589886 69.191561594605446 56.802063331007957 33.075702846050262 29.497570261359215 16.602690547704697 10.13443975150585 32.586105495691299 12.345669254660605 73.199071511626244 55.665968745946884 24.932718589901924 11.697993487119673 45.999258637428284 46.171602010726929 6.2985084205865887 17.548050135374069
leaf_count=30 22 163 202 81 96 36 42 78 44 258 156 73 44 116 169 21 73
internal_value=0.00319351 0.0038045 0.00602147 0.00246743 0.00273808 0.00377826 0.00198999 0.00540847 0.00349421 -0.00249328 0.00500967 -0.00124161 0.00164424 0.00927327 -0.000766229 -0.00470172 -0.00657277
internal_weight=557.351 489.992 159.069 89.8778 330.923 255.254 192.652 109.318 76.7319 83.3335 64.3863 67.3593 36.6307 62.6019 75.6692 30.7286 23.8466
internal_count=1704 1471 446 283 1025 760 608 308 230 300 186 233 117 152 265 116 94
is_linear=0
shrinkage=0.00891649


Tree=81
num_leaves=23
num_cat=0
split_feature=1 1 1 1 17 11 17 2 16 1 1 1 2 1 1 1 1 1 1 1 11 16
split_gain=12.5004 29.2757 20.896 31.4383 17.7185 12.5715 10.8178 10.1302 10.0724 7.76315 16.6928 9.45709 8.84953 8.67621 7.14286 6.79567 13.2968 5.23106 5.16939 4.06869 3.90519 3.79117
threshold=-0.43669153170535879 0.066963389452968439 -0.49505222168737434 -0.99864411408838072 1.0499957711299379 1.0000000180025095e-35 0.18924749102189628 -0.65732459763305562 0.47250001188244639 0.11745730266184302 0.58555612609639918 1.2563160401023203 -0.7858721155335685 1.7638748049172239 -1.0742195334137243 1.1860468542839475 0.69142868120653433 -1.3954613522900934 1.7638748049172239 0.25291398073957427 -1.0128316777278863 0.39111648522588432
decision_type=2 2 2 2 2 2 2 2 2 2 2 2 2 2 2 2 2 2 2 2 2 2
left_child=2 -2 3 5 9 7 -7 20 18 12 -11 15 -3 -13 17 16 -12 -9 19 -6 -1 -4
right_child=1 4 21 -5 8 6 -8 14 -10 10 11 13 -14 -15 -16 -17 -18 -19 -20 -21 -22 -23
leaf_value=-0.0085836177985505122 0.010531642991476034 0.0075127650885954316 -0.0013719694008092591 0.0093653212958328021 -0.0062168815299379534 -0.0090185438691630978 0.0011940872022107873 0.0038259447650197619 0.0078474613240799972 0.010603299698859762 0.00077130434894080084 0.011711206403947252 -0.00034328640763734558 0.0038409228374893262 2.6169384160522132e-05 -0.0015034310439513633 0.0091498642960658755 0.010223479501938817 -0.010036028605146081 0.00021914824774247802 0.00043909707518863657 -0.0061147366725090007
leaf_weight=7.5451561510562897 49.97244980931282 14.634524449706076 37.419906094670296 46.149307608604431 11.533652439713476 16.652873679995537 15.909129828214644 28.411496952176091 7.2624693661928168 35.128876730799675 42.901807829737663 18.713082522153854 48.678943127393723 26.942446455359459 23.463783264160156 28.367411941289902 22.949741750955582 15.624773800373079 7.4787374734878531 22.975368574261665 7.2369646131992322 20.751933023333549
leaf_count=29 118 41 136 112 44 67 54 86 20 83 142 43 165 80 82 97 56 37 30 77 23 82
internal_value=0.00316875 0.00424532 0.00151016 0.00316371 0.00315055 0.000667857 -0.00400683 0.00252012 -0.00170445 0.00415599 0.00512422 0.00374395 0.00148175 0.00706656 0.00398566 0.002128 0.0036958 0.00609979 -0.00339203 -0.00193702 -0.00410362 -0.00306071
internal_weight=556.705 337.54 219.165 160.993 287.567 114.844 32.562 82.2822 49.2502 238.317 175.003 139.874 63.3135 45.6555 67.5001 94.219 65.8515 44.0363 41.9878 34.509 14.7821 58.1718
internal_count=1704 996 708 490 878 378 121 257 171 707 501 418 206 123 205 295 198 123 151 121 52 218
is_linear=0
shrinkage=0.00891649


Tree=82
num_leaves=21
num_cat=0
split_feature=15 15 4 4 4 4 4 4 4 3 4 3 15 3 20 15 3 3 15 4
split_gain=19.9223 23.0432 15.2052 23.6834 32.5933 18.9676 10.4227 23.2377 16.3705 9.96793 9.54057 7.76595 6.52515 10.3372 6.09025 5.89646 4.41296 4.54606 4.14336 4.89206
threshold=-1.3110423308008141 -1.3515456663877463 0.30120022902775129 -0.27823505003708709 -0.37050680656935803 -0.90831413390035376 0.5115571427253357 0.90173745429034469 0.96188211481581443 1.1373381307931814 -0.95105499352929657 0.59936891968852335 0.89826929368498365 0.59936891968852335 1.235551448572932 -1.7252142122696066 1.0000000180025095e-35 0.90318620276937878 -0.75197308362565063 1.3982979034079988
decision_type=2 2 2 2 2 2 2 2 2 2 2 2 2 2 2 2 2 2 2 2
left_child=1 15 3 4 5 10 9 -8 -9 14 11 -2 -6 -14 -4 -1 -5 -18 -10 -20
right_child=2 -3 6 16 12 -7 7 8 18 -11 -12 -13 13 -15 -16 -17 17 -19 19 -21
leaf_value=0.00034551118663198608 0.0087544749476435191 -0.0078491064241716681 0.0010833093205524457 0.011769069176153352 0.00014598006524158257 0.0098267999647737806 0.010469831597921066 -0.0041609252492537628 -0.00085337473987351375 -0.011600407931214602 0.00079196206628617143 0.0025609523914125226 -0.010310675261079471 0.0037334067817761164 -0.0076130211269696329 0.0077544867195659568 0.0048886834343463094 0.01206276548812301 0.01052837116947461 0.0035240249562124648
leaf_weight=23.43214724957943 34.871353670954704 26.652377620339394 48.378677412867546 35.689034208655357 49.874017000198364 58.526063814759254 27.048188358545303 30.976068586111069 12.014346271753309 6.4625947773456565 52.460356459021568 29.64930833876133 13.239473789930345 5.8384481519460669 7.1783729940652838 13.172270178794859 21.727493941783909 10.131037518382071 9.7611562609672529 39.038942724466324
leaf_count=76 89 108 163 82 171 141 64 119 40 27 176 89 54 19 28 33 58 23 23 121
internal_value=0.00314388 -0.0015562 0.00374845 0.00494083 0.00364936 0.00568829 0.00169133 0.00323534 0.00109678 -0.00126562 0.00361599 0.00590616 -0.00153466 -0.00595535 -5.03488e-05 0.00301085 0.00960796 0.00720004 0.00377846 0.00493577
internal_weight=556.122 63.2568 492.865 312.007 244.459 175.507 180.858 118.839 91.7905 62.0196 116.981 64.5207 68.9519 19.0779 55.5571 36.6044 67.5476 31.8585 60.8144 48.8001
internal_count=1704 217 1487 902 739 495 585 367 303 218 354 178 244 73 191 109 163 81 184 144
is_linear=0
shrinkage=0.00891649


Tree=83
num_leaves=26
num_cat=0
split_feature=14 14 17 17 17 17 7 7 19 7 7 14 14 16 19 7 19 14 19 19 14 17 19 5 19
split_gain=15.5212 16.9954 8.35911 16.5407 19.2425 43.0189 18.5182 8.62806 7.99283 7.67735 8.82953 11.4252 8.29451 6.49672 11.2698 6.30693 5.52081 5.27566 4.87561 4.76309 4.74199 4.57721 4.48801 4.29127 3.98447
threshold=2.0825664633865908 1.5714736760872448 0.43524523045310554 -0.14969425321441207 -0.23197720343105005 -0.80289551634459577 -0.63642347557585099 0.81026997024807967 -1.1068184745307392 0.38154294345887074 0.26232668622685645 -0.051067916767347711 -0.2178449368241113 -0.78995141072977171 -0.62078405201401421 0.23575909709680229 0.94625821851108094 -0.65196737645954717 -0.50718787363230378 -0.62078405201401421 -0.38023872485816718 0.90075430550427493 0.10332414970989372 0.24807900892555659 -1.2060100717685149
decision_type=2 2 2 2 2 2 2 2 2 2 2 2 2 2 2 2 2 2 2 2 2 2 2 2 2
left_child=1 2 3 4 5 6 16 9 -2 10 11 12 17 -6 -15 24 18 -4 19 -1 -12 -13 -5 -9 -8
right_child=8 -3 7 22 13 -7 15 23 -10 -11 20 21 -14 14 -16 -17 -18 -19 -20 -21 -22 -23 -24 -25 -26
leaf_value=-0.0012929227084043484 0.00067374128163587429 0.012073260810059447 0.0014253094925910309 0.0056274060428424724 0.0062367260616499011 0.010931237865362172 0.012310863080244386 0.0015064169620056639 -0.010616044417535157 0.010313673155755189 0.0031459339465027521 0.0036459688520610019 -0.0038323644125109473 0.0045727320769794995 -0.0042757256485780855 0.0021665014706351146 -0.0097912193071801878 0.0078281627573924106 0.0014678972455008548 -0.011083327436307647 -0.0056038630286783563 0.010426757463229215 0.010397178862922359 -0.0046087582769908948 0.0052539628647768899
leaf_weight=9.841589882969858 10.264895707368852 17.179524809122086 43.978685438632965 30.629046529531479 8.2853169590234739 57.1236432492733 7.7264427840709677 14.708572164177893 9.2877279967069608 9.2876702994108182 6.8100143820047405 13.651848033070562 19.235314533114433 15.007727935910223 45.872629582881927 67.780490517616272 7.8047511577606192 13.118944078683851 18.983981311321259 6.3828027397394171 16.233641430735588 18.442117124795914 32.108957827091217 23.156438186764717 32.616056099534035
leaf_count=33 33 39 144 81 25 134 18 48 39 22 22 42 73 45 172 213 32 33 62 27 62 47 76 86 96
internal_value=0.00311928 0.00340409 0.00311479 0.00393498 0.00299956 0.00435189 0.0018617 0.00155209 -0.0046343 0.00256731 0.00201328 0.00307785 0.00120198 -0.00106677 -0.00208233 0.00382704 -0.00307365 0.00290387 -0.00158002 -0.00514471 -0.00297163 0.00752792 0.00806392 -0.00221377 0.00661499
internal_weight=555.519 535.966 518.787 340.163 277.425 208.26 151.136 178.623 19.5526 140.758 131.471 108.427 76.3329 69.1657 60.8804 108.123 43.0131 57.0976 35.2084 16.2244 23.0437 32.094 62.738 37.865 40.3425
internal_count=1704 1632 1593 1014 857 615 481 579 72 445 423 339 250 242 217 327 154 177 122 60 84 89 157 134 114
is_linear=0
shrinkage=0.00891649


Tree=84
num_leaves=27
num_cat=0
split_feature=12 12 12 12 12 12 12 20 19 14 19 14 14 14 19 15 20 20 20 12 12 20 19 12 11 19
split_gain=20.738 31.5451 26.9421 22.2147 29.1541 16.6851 20.2985 9.34615 10.1361 16.6928 9.16785 7.53655 9.47661 12.7172 11.5059 6.97524 6.26879 10.5886 8.27841 6.12975 5.82393 8.06467 4.77508 4.37812 4.00028 3.89026
threshold=-0.16341684234799367 -0.25586931583086425 -0.75163971702825794 0.36333471803336193 0.4100240155228117 0.86508898182794158 0.9670102492271061 1.235551448572932 0.41672746587514192 -0.74964006613840006 -0.62078405201401421 2.0825664633865908 -0.082385217056286694 0.33208606290449399 0.29317102425148506 -0.21923732335509546 -0.68779826277202838 0.52676175813451565 -0.73597760321341188 1.3799726145899287 1.5448062732710468 0.60075011733418315 -0.10016762488090768 -0.52032889768607571 0.54720492187447356 0.051970441697899057
decision_type=2 2 2 2 2 2 2 2 2 2 2 2 2 2 2 2 2 2 2 2 2 2 2 2 2 2
left_child=1 2 11 -2 10 -6 15 8 -3 -10 -5 12 14 -14 22 -7 18 -18 -15 -8 -21 -22 -1 -4 -12 -25
right_child=3 7 23 4 5 6 19 -9 9 -11 24 -13 13 16 -16 -17 17 -19 -20 20 21 -23 -24 25 -26 -27
leaf_value=-0.0018579732041271611 0.0095098721767902968 0.00082075730315849351 0.012649931172910196 0.0018618445295877444 0.010709133257078222 -0.0057722972727089032 0.010560659876671132 -0.011347434571770464 0.0024219045657018542 -0.010727371356652891 -0.011517515346516462 -0.0060952338812212629 0.012904582725559031 0.0039063642980892745 0.0023188462209774276 0.0013503496944187604 0.0085320246179185818 -0.00066788770255149976 -0.0091284442747064445 0.0015351128583730401 0.010334505885770891 0.0014969972366883264 -0.0094691472480624792 0.0044987499178946481 -0.0038266497060024992 0.010068618464302249
leaf_weight=16.102511003613476 63.111530721187592 41.345017969608307 15.443745210766791 12.810640692710875 32.448985815048218 14.848002657294272 21.13099279999733 9.6657964140176755 12.040932223200796 20.379700914025307 10.526820480823519 9.8318784087896329 11.282729819416998 7.8973738253116608 48.766114041209221 39.675760611891747 22.104737222194672 17.628052234649658 7.1979316174983961 23.471248775720596 23.224738076329231 12.435925230383871 10.851192712783812 21.542083159089088 10.838646367192267 18.368380844593048
leaf_count=53 153 140 35 42 77 58 50 43 42 89 47 37 25 23 153 132 59 60 29 75 57 38 43 58 42 44
internal_value=0.00309463 0.00144946 0.00331373 0.00490025 0.00345402 0.00498615 0.00360447 -0.00317269 -0.00209671 -0.00581753 -0.00402287 0.00137144 0.00189389 0.00435682 -0.000253823 -0.000582898 0.00258665 0.00443736 -0.00226561 0.00645123 0.00497953 0.00724015 -0.00491546 0.00862844 -0.00761038 0.00707476
internal_weight=554.971 290.448 207.017 264.523 201.412 167.236 134.787 83.4314 73.7657 32.4206 34.1761 151.663 141.831 66.1108 75.7198 54.5238 54.8281 39.7328 15.0953 80.2629 59.1319 35.6607 26.9537 55.3542 21.3655 39.9105
internal_count=1704 933 619 771 618 487 410 314 271 131 131 482 445 196 249 190 171 119 52 220 170 95 96 137 89 102
is_linear=0
shrinkage=0.00891649


Tree=85
num_leaves=21
num_cat=0
split_feature=12 12 12 12 12 12 12 1 4 4 4 14 14 14 4 7 15 15 15 4
split_gain=20.4174 31.0184 26.5623 21.9191 28.6719 16.4925 19.9676 10.453 9.12379 8.7971 8.03779 7.41075 9.31894 12.5529 4.77615 4.04444 5.42207 3.81418 3.70381 3.66975
threshold=-0.16341684234799367 -0.25586931583086425 -0.75163971702825794 0.36333471803336193 0.4100240155228117 0.86508898182794158 0.9670102492271061 0.090414026473754086 -0.37050680656935803 -0.27823505003708709 0.90173745429034469 2.0825664633865908 -0.082385217056286694 0.33208606290449399 0.27542147144202717 1.3284128428678206 -0.49477532295535526 -0.21923732335509546 0.99414482781563451 -0.37050680656935803
decision_type=2 2 2 2 2 2 2 2 2 2 2 2 2 2 2 2 2 2 2 2
left_child=1 2 11 -2 19 -6 7 17 -8 -10 -11 12 18 -14 -4 16 -3 -7 -1 -5
right_child=3 15 14 4 5 6 8 -9 9 10 -12 -13 13 -15 -16 -17 -18 -19 -20 -21
leaf_value=0.00037932736655700675 0.0094499123526289967 -0.005995724341118191 0.010106057047253798 0.00073376999731808153 0.010647928918681269 -0.010939541327646293 0.012798513300254192 0.0020590830562445036 -0.003939911915877654 0.009159572492221147 0.0025243759151760792 -0.0060487658342484926 0.012828600220976791 0.0025644710572325442 0.0040972674890388493 -0.0084344713942927502 -0.00078423564744094004 -0.0025619635686453743 -0.0062647755519435961 -0.0057873297484499469
leaf_weight=68.549686685204506 62.946872904896736 23.027150437235832 41.270311608910561 9.1918293237686139 32.344765514135361 7.7192613035440472 14.360911235213278 37.261192977428436 7.5133260041475287 31.99054066836834 26.312352612614632 9.820286497473715 11.249065592885016 54.80774262547493 13.951319620013235 9.9919854551553708 50.317238703370094 9.5317063182592374 7.163753241300582 24.934419348835945
leaf_count=223 153 92 99 31 77 34 33 120 26 81 80 37 25 171 38 41 181 36 26 100
internal_value=0.00307106 0.00143804 0.0032875 0.00486432 0.00342758 0.00494775 0.00357493 -0.000577854 0.00640063 0.00499776 0.00616405 0.00135985 0.00187785 0.00432162 0.00857231 -0.00314806 -0.0024264 -0.0062936 -0.000251576 -0.003993
internal_weight=554.256 290.149 206.812 264.107 201.16 167.034 134.689 54.5122 80.1771 65.8162 58.3029 151.591 141.77 66.0568 55.2216 83.3364 73.3444 17.251 75.7134 34.1262
internal_count=1704 933 619 771 618 487 410 190 220 187 161 482 445 196 137 314 273 70 249 131
is_linear=0
shrinkage=0.00891649


Tree=86
num_leaves=18
num_cat=0
split_feature=20 20 20 20 20 20 20 20 17 17 1 8 5 18 5 20 17
split_gain=18.0969 13.7573 31.0271 25.2714 13.9535 29.4752 34.8748 11.1883 11.1496 9.52329 9.17771 11.7383 11.6421 8.55693 6.77869 6.56918 6.1999
threshold=1.201385268480285 1.0000000180025095e-35 0.60075011733418315 0.64317010994199264 -0.076762462275573332 -0.64753450234660914 -0.73597760321341188 -1.2331699816879782 1.0499957711299379 -0.84664795243112834 0.25291398073957427 2.3622387864900229 1.4478302674070178 -1.0728713636417879 0.83131712737464758 -0.42897523810759108 -0.23197720343105005
decision_type=2 2 2 2 2 2 2 2 2 2 2 2 2 2 2 2 2
left_child=1 4 -3 -4 5 6 7 8 13 -8 11 12 -2 -1 -12 -7 -6
right_child=10 2 3 -5 16 15 9 -9 -10 -11 14 -13 -14 -15 -16 -17 -18
leaf_value=-0.0032570693987502225 -0.0072014444457033774 0.010335196171510092 -0.0012363137883560356 0.0085776755902176125 0.0024248028386565108 0.013783697478971953 -0.01050699983179804 0.0096100534369484292 -0.0043369839645720429 -0.001338995954288563 0.0091445264654217012 0.007069227612397728 0.005405495063423151 0.0061362236140386417 -0.0015998039241677936 0.0072196760320385371 -0.0027954072771938132
leaf_weight=8.7110297679901105 34.885901659727097 68.201035708189011 56.684501186013222 32.686963796615601 29.471345439553261 16.345748364925385 10.087071120738981 32.155132040381432 12.31369313597679 73.041537180542946 9.7028288096189517 7.1796795129775992 6.7811976224184027 55.360634535551071 8.516892343759535 45.415557354688644 46.059764951467514
leaf_count=30 137 163 202 81 96 36 42 78 44 258 26 20 21 156 29 116 169
internal_value=0.00304731 0.00364582 0.0058117 0.00235908 0.00260759 0.00360943 0.00188356 0.00520818 0.00335345 -0.00245619 -0.00128527 -0.00330508 -0.00512231 0.00484257 0.00407474 0.00895733 -0.000749475
internal_weight=553.601 486.534 157.573 89.3715 328.962 253.43 191.669 108.54 76.3854 83.1286 67.0665 48.8468 41.6671 64.0717 18.2197 61.7613 75.5311
internal_count=1704 1471 446 283 1025 760 608 308 230 300 233 178 158 186 55 152 265
is_linear=0
shrinkage=0.00891649


Tree=87
num_leaves=25
num_cat=0
split_feature=10 10 10 10 10 7 10 7 10 10 18 10 10 18 14 2 18 14 14 0 0 14 14 10
split_gain=16.3124 26.2208 14.1256 13.678 21.672 16.0244 10.9826 9.57898 8.37637 8.56102 8.2892 7.91739 7.69187 6.27027 5.70425 5.56899 15.1904 5.06315 5.06221 4.62381 4.09987 3.883 3.76897 3.72354
threshold=-0.12240666763837048 -0.711323193070312 -0.75812582529097694 1.0000000180025095e-35 0.58490581739697145 0.26232668622685645 -1.2037039549006023 -0.045938442206544743 0.84348206207709919 1.2091590414417193 0.66681830414260224 2.0165826887306255 0.10614381541853013 -0.22728648642215685 0.74789809618986758 1.5829798167235862 -1.2487832700292099 -0.2178449368241113 1.5290495435235714 1.0317790057364504 -0.66661605942235636 0.33208606290449399 -0.38023872485816718 -0.42794676941206106
decision_type=2 2 2 2 2 2 2 2 2 2 2 2 2 2 2 2 2 2 2 2 2 2 2 2
left_child=1 2 6 13 12 7 15 8 19 -10 -7 -11 -5 17 -12 16 -1 -2 20 21 -4 -6 -8 -3
right_child=3 23 18 4 5 10 22 -9 9 11 14 -13 -14 -15 -16 -17 -18 -19 -20 -21 -22 -23 -24 -25
leaf_value=-0.010475858109962211 -0.00088353777194918816 0.012240120357614627 -0.0037188067584086417 0.0027541142022916871 -0.00080337600050177154 -0.0056883331577408233 0.0052752201893995244 0.011794699083088552 0.010948471616422702 0.00027822260210425313 0.0058336535223491044 0.0078077537702347906 0.010757925331500447 0.00040374006956197904 -0.0038215921668628351 0.0095739897384616076 0.0033870852352671727 -0.008069841410488306 -0.0069815364678459425 -0.0056486622992291185 0.0017512985149040346 0.0061172058975036891 0.010729663508664599 0.0078546659885608619
leaf_weight=6.8712653368711463 14.728654235601427 22.249355807900429 13.348215773701666 13.579682886600493 23.631564289331436 31.419513657689095 16.832931041717529 9.1542201936244947 12.727893486618994 33.009411931037903 11.149743214249613 16.4980328977108 30.921798765659332 51.507348716259003 8.2623807489871961 8.199378624558447 55.759192392230034 16.301024481654167 7.4283898323774329 10.772516965866087 55.00025899708271 8.6199801564216596 24.853115022182465 50.113105431199074
leaf_count=27 53 51 49 38 82 121 45 21 30 113 32 44 73 175 30 21 167 68 29 41 183 25 59 127
internal_value=0.00302381 0.00464522 0.00289244 0.00157715 0.00278625 0.00129918 0.0048935 0.00314795 0.00238738 0.00447457 -0.00285675 0.00280038 0.00829642 -0.00149274 0.00168517 0.00275826 0.00184777 -0.00465357 -7.76629e-05 -0.000627046 0.000674021 0.0010443 0.00851805 0.00920133
internal_weight=552.939 260.655 188.293 292.284 209.747 165.245 112.516 114.414 105.259 62.2353 50.8316 49.5074 44.5015 82.537 19.4121 70.8298 62.6305 31.0297 75.7769 43.0241 68.3485 32.2515 41.686 72.3625
internal_count=1704 758 580 946 650 539 319 356 335 187 183 157 111 296 62 215 194 121 261 148 232 107 104 178
is_linear=0
shrinkage=0.00891649


Tree=88
num_leaves=25
num_cat=0
split_feature=12 12 12 12 12 12 12 19 19 11 19 19 17 8 15 17 12 12 12 12 19 11 8 17
split_gain=19.9265 29.8178 25.6414 21.1427 27.7893 16.0198 19.3063 9.04576 9.00092 10.2288 7.17308 13.0912 9.73106 9.02918 6.76848 6.28309 5.92147 5.62175 4.5472 6.00803 4.38932 3.96624 3.94949 3.77621
threshold=-0.16341684234799367 -0.25586931583086425 -0.75163971702825794 0.36333471803336193 0.4100240155228117 0.86508898182794158 0.9670102492271061 -0.62078405201401421 0.41672746587514192 1.0000000180025095e-35 1.0000000180025095e-35 -0.11406942191867205 0.25443729092955053 0.16975519543351952 -0.21923732335509546 -0.23197720343105005 1.3799726145899287 1.5448062732710468 1.9080135596403245 2.113951843513719 0.051970441697899057 0.54720492187447356 -0.31401824302568432 1.0499957711299379
decision_type=2 2 2 2 2 2 2 2 2 2 2 2 2 2 2 2 2 2 2 2 2 2 2 2
left_child=1 2 10 -2 7 -6 14 -5 9 -3 11 12 15 22 -7 -1 -8 -18 -19 -20 -4 -9 -12 -11
right_child=3 8 20 4 5 6 16 21 -10 23 13 -13 -14 -15 -16 -17 17 18 19 -21 -22 -23 -24 -25
leaf_value=0.00076164514581401205 0.0092978863334641677 0.0035147516924156274 0.0059714280648031758 0.0018982758918751573 0.010507950236788289 -0.0056949351800233781 0.010360890842562798 -0.011429502031899642 -0.0064751890078568013 -0.0025842978817116977 0.0038236896710786795 -0.0071052900613479989 0.006433928774615 -0.001876210298235747 0.0013315907516864066 -0.0088933347717732227 0.0014723729963407898 0.01210790417402015 0.00036198437929730167 0.0089938727063431992 0.011015527571390129 -0.0037527708280786034 0.010299733417954027 -0.010603989021586479
leaf_weight=19.37860015034676 62.496988981962204 23.937246054410934 28.178666323423386 12.795136272907255 32.089642256498337 14.788490295410154 20.920490518212318 10.457221835851671 35.935199126601219 17.050399318337444 55.717630505561829 19.067002072930336 19.339888364076614 22.208143651485443 39.675424933433533 7.1504536718130103 23.469478383660316 10.067129492759703 11.577893465757372 13.870206311345099 26.652289852499962 10.805060118436812 8.4598755985498411 6.2761328965425482
leaf_count=61 153 76 74 42 77 58 50 47 148 63 169 75 54 76 132 27 75 23 37 35 63 42 20 27
internal_value=0.00300002 0.00138511 0.00320233 0.00477585 0.00336464 0.00486471 0.00351309 -0.00394727 -0.00311406 -0.000563456 0.00131037 -0.000924149 0.00164398 0.0029904 -0.000570033 -0.00183618 0.00629842 0.004854 0.00708231 0.00508069 0.00841681 -0.00752286 0.00468613 -0.00474579
internal_weight=552.365 289.352 206.153 263.013 200.516 166.459 134.369 34.0574 83.199 47.2638 151.322 64.9359 45.8689 86.3856 54.4639 26.5291 79.9052 58.9847 35.5152 25.4481 54.831 21.2623 64.1775 23.3265
internal_count=1704 933 619 771 618 487 410 131 314 166 482 217 142 265 190 88 220 170 95 72 137 89 189 90
is_linear=0
shrinkage=0.00891649


Tree=89
num_leaves=26
num_cat=0
split_feature=20 0 0 0 0 0 0 16 0 19 20 20 20 16 19 19 20 5 2 0 5 20 0 16 5
split_gain=17.5476 15.2571 30.3588 17.1645 15.173 25.6492 20.5059 16.1967 12.0186 10.0077 9.38923 13.4926 10.6413 8.66052 8.26325 7.55027 7.49113 6.94459 7.46407 5.89029 5.60043 5.19932 3.73131 3.71166 3.70172
threshold=1.201385268480285 -0.57152078311884813 -0.029711750967318058 0.071636984136287163 -0.66661605942235636 -1.1159823000930063 -1.2069715627391957 -0.66310387344136701 0.53971022302968286 0.36203409701194172 0.64317010994199264 0.60075011733418315 1.0000000180025095e-35 1.023427836088219 -0.11406942191867205 0.41672746587514192 -0.73597760321341188 1.4478302674070178 -0.65732459763305562 1.1416189770833913 -0.64522410462576685 -0.68779826277202838 -0.97234573033267269 -0.11234626423293777 1.4478302674070178
decision_type=2 2 2 2 2 2 2 2 2 2 2 2 2 2 2 2 2 2 2 2 2 2 2 2 2
left_child=1 4 -3 9 5 6 7 -1 -5 -4 11 12 15 -8 17 21 -6 18 -2 -13 -16 -10 -7 -11 -22
right_child=14 2 3 8 16 22 13 -9 10 23 -12 19 -14 -15 20 -17 -18 -19 -20 -21 24 -23 -24 -25 -26
leaf_value=-0.0031326156993645138 -0.0040697674113046242 0.0098328704079044572 0.0019915054202656888 0.0089502022305794505 0.0056901324823555137 0.013952351625774188 -0.0055400489304661907 0.0084551970075870137 -0.0006838077168583519 -0.0018947810483308193 0.009637311013660551 0.0004450777164243131 0.010304158452364848 0.0058073815418165382 0.0016519607145264745 -0.0037632029436882688 -0.0032663649034542796 0.0090475785262811286 0.0045006111236283184 -0.0078310647722769355 -0.0098762289050209288 0.006305963490063962 0.007737746581390129 -0.00884986203837901 -0.0013314457251734928
leaf_weight=13.620397627353666 19.06285959482193 72.420127213001251 46.841702029109001 41.760331526398659 8.4018263369798643 10.552114486694334 35.279344782233238 30.727132365107536 11.759417399764056 13.408753767609598 16.080686748027802 16.51954181492329 17.92400324344635 6.0935737341642371 6.9631732553243664 12.024971410632132 53.60711769759655 7.2585317194461814 13.693372324109076 11.332475826144217 14.479915410280229 28.164309173822407 27.187655121088028 11.020307555794714 5.4663439542055121
leaf_count=47 68 176 153 103 25 23 134 80 40 50 39 57 43 19 23 45 197 19 40 45 63 80 69 46 20
internal_value=0.00297719 0.00356805 0.00481337 0.0032088 0.00155855 0.00336366 0.000669948 0.00487013 0.00486699 -0.000407566 0.00336587 0.00232404 0.00441233 -0.00383452 -0.00129328 0.00237167 -0.00203302 0.00125834 -0.000472306 -0.00289982 -0.00510872 0.00422964 0.00947177 -0.00502324 -0.00751717
internal_weight=551.65 484.726 299.257 226.837 185.469 123.46 85.7204 44.3475 155.566 71.2708 113.805 97.7247 69.8727 41.3729 66.9242 51.9487 62.0089 40.0148 32.7562 27.852 26.9094 39.9237 37.7398 24.4291 19.9463
internal_count=1704 1471 877 701 594 372 280 127 452 249 349 310 208 153 233 165 222 127 108 102 106 120 92 96 83
is_linear=0
shrinkage=0.00891649


Tree=90
num_leaves=20
num_cat=0
split_feature=14 14 19 17 17 17 17 19 17 17 17 17 14 14 5 19 5 14 5
split_gain=14.6285 16.1422 7.75415 7.61921 14.9128 17.4891 40.4411 10.4578 6.84018 18.3185 11.1037 7.5784 7.61142 8.418 5.72716 4.49032 4.4405 4.247 3.93089
threshold=2.0825664633865908 1.5714736760872448 -1.1068184745307392 0.43524523045310554 -0.14969425321441207 -0.23197720343105005 -0.80289551634459577 -1.1444575533109163 0.56015910041079564 1.0499957711299379 1.1224288821384423 1.581235456342313 -0.051067916767347711 -0.2178449368241113 1.4478302674070178 0.10332414970989372 0.27695072570629659 -0.88054598467358358 -0.37160518346699978
decision_type=2 2 2 2 2 2 2 2 2 2 2 2 2 2 2 2 2 2 2
left_child=1 3 -2 4 5 6 7 -1 -5 -10 -11 -12 13 17 18 -6 -9 -13 -7
right_child=2 -3 -4 8 15 14 -8 16 9 10 11 12 -14 -15 -16 -17 -18 -19 -20
leaf_value=0.0071368466652644534 0.00063455749815995578 0.011751344462422587 -0.010520631794102443 -0.00096426951137049859 0.0052371362804969797 0.00091224813267754652 0.010590192345728378 -0.00053926497537897964 0.0091547961209543453 -0.0031545237266016862 0.0092545991563416207 -0.0030692794653851231 0.006018830431020865 -0.0092708233357051851 0.0040567859929825445 0.010044221585261116 0.0029315558380324691 0.0056540482781410528 -0.004057590835825681
leaf_weight=23.761246621608734 10.228976726531984 16.902596279978752 9.2045657336711866 60.824954450130463 30.174760177731514 19.176419988274574 56.164015308022499 80.86162756383419 26.841561913490295 34.676269948482513 12.719046443700789 7.7405101656913784 17.111124128103256 7.7768605798482922 13.813252836465834 31.598877489566803 45.623243138194084 9.745429724454878 35.989409670233727
leaf_count=64 33 39 39 215 81 65 134 276 66 131 31 27 49 32 43 76 141 28 134
internal_value=0.00295458 0.00323256 -0.00459541 0.00295057 0.00373767 0.00284909 0.00414714 0.0017352 0.00145414 0.00271681 0.000785675 0.00326803 0.00146058 -0.00163563 -0.00102971 0.00769157 0.000712937 0.00175509 -0.00232156
internal_weight=550.935 531.501 19.4335 514.599 337.163 275.389 206.41 150.246 177.436 116.611 89.7692 55.093 42.3739 25.2628 68.9791 61.7736 126.485 17.4859 55.1658
internal_count=1704 1632 72 1593 1014 857 615 481 579 364 298 167 136 87 242 157 417 55 199
is_linear=0
shrinkage=0.00891649


Tree=91
num_leaves=22
num_cat=0
split_feature=20 10 10 10 10 6 17 20 10 10 17 8 17 20 10 20 20 10 10 20 20
split_gain=17.216 15.4736 20.4422 19.3716 16.9644 11.5095 10.9544 16.7816 10.7456 13.2111 8.34664 7.72198 7.62812 6.71788 6.64843 9.64064 6.43751 6.08343 5.72767 4.50543 5.20128
threshold=1.201385268480285 -0.12240666763837048 -0.711323193070312 1.0000000180025095e-35 0.58490581739697145 -0.070805002637463241 0.43524523045310554 0.079749929054923632 -0.75812582529097694 -1.2037039549006023 -0.65943451441263512 -0.31401824302568432 -0.80289551634459577 -0.58474069933569128 0.92878898747221195 -0.73597760321341188 0.10865941238919373 0.10614381541853013 0.92878898747221195 2.6065486980323729 1.4062649071961646
decision_type=2 2 2 2 2 2 2 2 2 2 2 2 2 2 2 2 2 2 2 2 2
left_child=1 2 8 10 17 19 12 11 9 -1 -3 18 13 -6 15 -14 -15 -5 -8 20 -2
right_child=5 3 -4 4 6 -7 7 -9 -10 -11 -12 -13 14 16 -16 -17 -18 -19 -20 -21 -22
leaf_value=0.0029609952820802438 -0.00039386231182472314 -0.0063569114310460919 0.0094158176396913675 0.0032714493906843842 -0.0053008055801176419 -0.0061627467447952396 -0.014185348545915997 0.0057626763327222859 0.0006818896323903897 0.0096196361541842079 0.00015689714173013582 -0.0009556544786058751 0.010871604810307864 0.0065277281544484722 0.0086548395354269243 -0.00095492629293546867 -0.0029980889133326923 0.010702991123043046 -0.0030679525441577758 -0.0043136649036491573 0.0065191643090315781
leaf_weight=66.91334655880928 17.665288984775543 23.185557425022125 64.915354490280151 12.253584757447241 10.624993339180945 24.44179068505764 9.2841247916221636 16.541422575712204 64.71796615421772 36.452557221055031 46.870512053370476 15.791157796978949 7.5388675779104259 15.604359924793245 30.651265755295753 18.287653118371964 8.4921858459711057 29.433178260922432 5.948291912674903 8.2889956980943662 16.441817373037338
leaf_count=202 61 91 160 34 40 96 41 50 219 89 162 54 20 45 81 61 30 70 22 31 45
internal_value=0.00293149 0.0035178 0.00517156 0.00197908 0.00352273 -0.00130083 0.00202471 -0.00143468 0.00353048 0.00531144 -0.00199308 -0.0053004 0.00383106 0.00054947 0.00585138 0.00252814 0.00313647 0.00849941 -0.00981484 0.00149105 0.00292948
internal_weight=550.344 483.506 232.999 250.507 180.451 66.8379 138.764 47.565 168.084 103.366 70.0561 31.0236 91.1993 34.7215 56.4778 25.8265 24.0965 41.6868 15.2324 42.3961 34.1071
internal_count=1704 1471 670 801 548 233 444 167 510 291 253 117 277 115 162 81 75 104 63 137 106
is_linear=0
shrinkage=0.00891649


Tree=92
num_leaves=21
num_cat=0
split_feature=10 10 10 10 10 7 10 19 7 8 10 19 2 2 10 10 10 8 19 10
split_gain=15.5369 24.7326 13.0254 12.5433 20.4017 15.3375 10.3683 9.85804 9.24643 8.28637 7.59143 6.55198 6.05502 5.39012 4.61763 10.0224 8.41729 5.59346 3.79903 3.71887
threshold=-0.12240666763837048 -0.711323193070312 -0.75812582529097694 1.0000000180025095e-35 0.58490581739697145 0.26232668622685645 -1.2037039549006023 -0.11406942191867205 -0.045938442206544743 2.0576785681910779 0.10614381541853013 -0.62078405201401421 1.3971545152166953 1.5829798167235862 0.84348206207709919 1.2091590414417193 1.3302294371720149 1.3902893406708843 -0.10016762488090768 -0.42794676941206106
decision_type=2 2 2 2 2 2 2 2 2 2 2 2 2 2 2 2 2 2 2 2
left_child=1 2 6 12 10 8 13 -7 9 14 -5 -4 -2 -1 17 -16 -17 -6 -13 -3
right_child=3 19 11 4 5 7 -8 -9 -10 -11 -12 18 -14 -15 15 16 -18 -19 -20 -21
leaf_value=0.0017567293452811596 -0.00066959682716502642 0.012012031539376009 0.0039710127240301174 0.0025146605442733011 0.00069714864322401406 0.00105935363959998 0.0082721611281647896 -0.0067743296265601865 0.011576742522814931 0.010084927946543989 0.010502472927498414 -0.0056086298878749484 -0.0088499846426158945 0.0093677417183344464 0.010451125285725862 -0.0050665234184000775 0.0036624952079368318 -0.0080009063347559542 -0.00029720501091151706 0.0076009066633756575
leaf_weight=62.480146065354347 74.563700377941132 21.940746337175369 22.354136481881142 13.478053614497183 33.948241382837296 25.214857548475266 41.222304120659828 25.410347953438759 9.0452589839696866 9.6057927012443525 30.518952041864395 14.616823077201841 7.7796073704957953 8.1777595579624158 11.641776040196417 12.071072235703467 30.582519933581352 6.8905440568923941 38.71157968044281 49.536896601319313
leaf_count=194 263 51 67 38 114 82 104 101 21 25 73 56 33 21 28 48 93 27 138 127
internal_value=0.0029083 0.00449597 0.00279549 0.00149307 0.00265634 0.00121342 0.00472502 -0.00285987 0.00302806 0.00228135 0.00803663 -5.57538e-05 -0.00144846 0.00265342 0.00148218 0.00318221 0.00118456 -0.000774175 -0.00175781 0.00895338
internal_weight=549.791 259.04 187.563 290.751 208.407 164.41 111.88 50.6252 113.785 104.74 43.997 75.6825 82.3433 70.6579 95.1342 54.2954 42.6536 40.8388 53.3284 71.4776
internal_count=1704 758 580 946 650 539 319 183 356 335 111 261 296 215 310 169 141 141 194 178
is_linear=0
shrinkage=0.00891649


Tree=93
num_leaves=19
num_cat=0
split_feature=12 12 12 12 12 12 12 1 4 4 4 6 1 4 4 4 4 4
split_gain=19.2571 27.926 24.3337 20.071 26.5818 15.2652 18.3652 10.1349 8.90835 8.32465 7.65556 7.4798 14.8216 8.12665 5.365 10.2182 5.46916 4.74013
threshold=-0.16341684234799367 -0.25586931583086425 -0.75163971702825794 0.36333471803336193 0.4100240155228117 0.86508898182794158 0.9670102492271061 0.090414026473754086 -0.37050680656935803 -0.27823505003708709 0.90173745429034469 1.6637455641009946 -1.3954613522900934 0.68377206132548041 -0.22262862871031358 0.27542147144202717 -0.95105499352929657 0.27542147144202717
decision_type=2 2 2 2 2 2 2 2 2 2 2 2 2 2 2 2 2 2
left_child=1 2 11 -2 -5 -6 7 -7 -8 -10 -11 12 -1 14 16 -16 -14 -4
right_child=3 -3 17 4 5 6 8 -9 9 10 -12 -13 13 -15 15 -17 -18 -19
leaf_value=-0.007510892340841427 0.0090722787314776576 -0.0030637364101071553 0.0097205932337783713 -0.0038968398614734013 0.010285659638851098 -0.0062071863645562974 0.012507322357011937 0.0020319200084794719 -0.0039452922388606487 0.0088504230568348698 0.0023450324529192147 0.0064722139591213059 0.0040563369533884721 -0.0052205301620045549 0.012131522426979497 0.0011237744083735029 -0.00076888028615591927 0.0036863101213443282
leaf_weight=16.016607671976089 61.788392260670662 82.960632994771004 40.454508170485497 33.961111500859261 31.666746616363525 17.167648673057556 14.185545578598974 37.235657975077629 7.5011073797941199 31.564805597066879 26.16429415345192 18.662430182099342 31.205064326524734 12.254182785749434 11.466527983546259 15.534623816609381 45.687659740447998 13.741750314831732
leaf_count=60 153 314 99 131 77 70 33 120 26 81 80 53 90 46 26 52 155 38
internal_value=0.00288545 0.00129499 0.00306011 0.00463797 0.00326246 0.00473577 0.00341848 -0.000561996 0.00614751 0.00475687 0.00590127 0.00121964 0.000471144 0.00157967 0.00239112 0.00579856 0.00118999 0.0081752
internal_weight=549.219 287.984 205.023 261.235 199.447 165.486 133.819 54.4033 79.4158 65.2302 57.7291 150.827 132.165 116.148 103.894 27.0012 76.8927 54.1963
internal_count=1704 933 619 771 618 487 410 190 220 187 161 482 429 369 323 78 245 137
is_linear=0
shrinkage=0.00891649


Tree=94
num_leaves=20
num_cat=0
split_feature=14 14 19 17 17 17 17 3 19 3 3 3 14 14 6 17 19 17 17
split_gain=14.2636 15.6339 7.5605 7.21126 14.191 16.7302 39.044 15.362 10.0838 8.89144 12.6165 8.31124 7.43352 7.08144 6.34641 6.35261 4.45748 4.43302 10.4562
threshold=2.0825664633865908 1.5714736760872448 -1.1068184745307392 0.43524523045310554 -0.14969425321441207 -0.23197720343105005 -0.80289551634459577 1.1373381307931814 -1.1444575533109163 -0.4739748824901675 -0.50044154892440484 -0.93636470120199378 0.50923210423488474 -0.2178449368241113 1.0774227345971312 1.7472287412152914 0.10332414970989372 -1.304895984897724 -0.84664795243112834
decision_type=2 2 2 2 2 2 2 2 2 2 2 2 2 2 2 2 2 2 2
left_child=1 3 -2 4 5 6 8 -7 -1 10 11 12 13 -5 15 -11 -6 -10 -19
right_child=2 -3 -4 9 16 7 -8 -9 17 14 -12 -13 -14 -15 -16 -17 -18 18 -20
leaf_value=0.0069870380622282088 0.00056018400893136674 0.011566709217922078 -0.010470053903231453 0.0013078072595480894 0.0050502421344154795 0.00056378847507172357 0.010405252340332497 -0.01194437942688507 -0.001686515966732755 0.00054664925854131972 -0.0069889835225186514 0.0090428518594931565 0.0077642756719871935 -0.0082188313895860954 0.0061314673225368382 0.0077180063549406311 0.0098596120300761553 0.0064717285797242811 -0.00027551305866391511
leaf_weight=23.656036794185638 10.218476518988611 16.727964490652084 9.1635543853044492 13.99114726483822 29.943334192037582 60.166682928800583 55.609541028738022 8.7621500790119153 42.159586295485497 71.488729432225227 20.677719101309776 8.9419808983802778 6.4776698350906363 10.796332880854608 33.262044921517372 11.180032119154928 31.309714406728745 26.445164129137993 57.559200674295425
leaf_count=64 33 39 39 47 81 205 134 37 146 237 83 22 19 44 97 30 76 69 202
internal_value=0.00286329 0.00313863 -0.00460233 0.00286134 0.00362913 0.00276234 0.00403688 -0.00103079 0.00166969 0.00140321 -0.00134992 0.00154505 -0.000602881 -0.00282943 0.00285046 0.00152728 0.00750419 0.000665382 0.00184812
internal_weight=548.537 529.155 19.382 512.427 335.611 274.358 205.43 68.9288 149.82 176.816 60.8848 40.2071 31.2651 24.7875 115.931 82.6688 61.253 126.164 84.0044
internal_count=1704 1632 72 1593 1014 857 615 242 481 579 215 132 110 91 364 267 157 417 271
is_linear=0
shrinkage=0.00891649


Tree=95
num_leaves=24
num_cat=0
split_feature=15 10 15 10 10 10 10 10 10 15 10 2 10 10 15 19 10 19 19 19 15 11 20
split_gain=18.5374 21.6521 20.8794 18.9141 11.9812 15.4683 14.505 17.2413 13.6608 11.9767 11.7016 10.4546 8.09082 7.81545 7.80755 7.56819 6.46215 5.73461 4.28484 4.2676 4.17188 4.04899 3.8014
threshold=-1.3110423308008141 -0.12240666763837048 -1.3515456663877463 -0.711323193070312 1.0000000180025095e-35 0.58490581739697145 0.84348206207709919 1.2707422009807037 1.3302294371720149 0.32844233530283834 -0.75812582529097694 -0.8448400755883736 -1.2037039549006023 0.10614381541853013 -0.69696026530213595 -0.62078405201401421 0.61313439587818919 0.94625821851108094 -0.10016762488090768 -0.10016762488090768 -1.7252142122696066 1.0000000180025095e-35 -0.076762462275573332
decision_type=2 2 2 2 2 2 2 2 2 2 2 2 2 2 2 2 2 2 2 2 2 2 2
left_child=2 3 11 10 9 13 14 -8 22 17 12 -1 -2 -6 -7 -12 -16 -3 -11 -17 -13 -4 -9
right_child=1 4 21 -5 5 6 7 8 -10 18 15 20 -14 -15 16 19 -18 -19 -20 -21 -22 -23 -24
leaf_value=-0.0046500326238305186 0.0037655411716634602 0.0036338797689288672 -0.0048147941867669637 0.0094354698352502112 0.0019312412088524473 -0.0084121387460727032 0.01122885253837968 -0.0090487115175488173 0.0049177120997002605 -0.0021432700293297757 0.0056186584660596174 0.0030527038893926927 0.0091754854389885423 0.010213985344337402 0.0055097841996614586 -0.0051657055693539091 -0.0018251859796737067 -0.0054103693465269529 -0.0083721148140859514 0.00070107528230139375 0.010486267458694902 -0.011882901566931442 -0.0012562120193549077
leaf_weight=10.679446175694464 58.442604690790176 31.703655287623405 15.524745717644693 66.625375524163246 12.944480106234549 10.893383428454397 19.8437659740448 7.4946025162935284 37.342956781387329 18.141098916530609 18.786925792694092 16.183753445744514 35.070791333913803 28.939987331628799 12.032261803746222 13.91237063705921 43.258382633328438 6.5380112379789344 16.857012137770653 32.366182312369347 9.3011433929204959 10.926227688789366 14.166825383901594
leaf_count=37 173 102 60 165 37 44 47 31 110 64 54 50 87 70 32 53 156 26 70 113 22 48 53
internal_value=0.00284077 0.0034298 -0.00171483 0.00545341 0.00167748 0.00287411 0.00149584 0.00407537 0.00166187 -0.00137389 0.00377884 0.00266405 0.00579576 0.00763601 -0.00157589 0.000875623 -0.000220532 0.00205854 -0.00513851 -0.00105937 0.00576803 -0.00772241 -0.00394295
internal_weight=547.976 485.361 62.6153 225.204 260.156 186.917 145.032 78.8482 59.0044 73.2398 158.579 36.1643 93.5134 41.8845 66.184 65.0655 55.2906 38.2417 34.9981 46.2786 25.4849 26.451 21.6614
internal_count=1704 1487 217 645 842 580 473 241 194 262 480 109 260 107 232 220 188 128 134 166 72 108 84
is_linear=0
shrinkage=0.00891649


Tree=96
num_leaves=17
num_cat=0
split_feature=20 20 20 20 20 20 20 16 6 16 20 17 16 5 20 20
split_gain=16.5848 12.6187 28.5237 22.1221 12.2722 22.5625 33.9622 12.7043 11.1636 9.62631 6.22347 6.05106 5.75686 4.56064 4.35528 4.9285
threshold=1.201385268480285 1.0000000180025095e-35 0.60075011733418315 0.64317010994199264 -0.73597760321341188 -0.68779826277202838 -0.076762462275573332 -0.66310387344136701 -0.070805002637463241 -0.78995141072977171 -1.2331699816879782 0.3664914023171259 -1.2592300068197149 0.27695072570629659 2.6065486980323729 1.4062649071961646
decision_type=2 2 2 2 2 2 2 2 2 2 2 2 2 2 2 2
left_child=1 4 -3 -4 7 -6 -7 9 14 12 11 -9 -1 -10 15 -2
right_child=8 2 3 -5 5 6 -8 10 13 -11 -12 -13 -14 -15 -16 -17
leaf_value=-0.0010377151829016162 -0.00040936929220281119 0.0098931905942026051 -0.0011742082990639179 0.0080780576526318214 -0.0026165529162412013 0.008096736826638801 -0.00071282728176174433 0.0070443870328346318 -0.0085680330372973935 -0.0072140934217688642 0.010411611822359198 0.00032601549628824908 0.0080216259060263487 -7.65914916648867e-05 -0.0043017002830975275 0.0063297546748103924
leaf_weight=11.107030332088472 17.626000002026558 66.570841431617737 56.485986962914467 31.97709159553051 78.963491067290306 64.226121559739113 75.288748934864998 34.976207137107849 17.469771713018421 9.6679489761590975 25.631224244832993 15.120493441820143 10.662931874394415 6.8797127157449713 8.2630207985639554 16.380786374211311
leaf_count=37 61 163 202 81 289 163 265 96 72 37 62 49 27 24 31 45
internal_value=0.00281896 0.00339678 0.00549007 0.00217579 0.00239942 0.00118626 0.00334026 0.00486854 -0.0013412 0.000118136 0.00684597 0.00501833 0.00337786 -0.00613919 0.00141173 0.00282812
internal_weight=547.297 480.678 155.034 88.4631 325.644 218.478 139.515 107.166 66.6193 31.4379 75.7279 50.0967 21.77 24.3495 42.2698 34.0068
internal_count=1704 1471 446 283 1025 717 428 308 233 101 207 145 64 96 137 106
is_linear=0
shrinkage=0.00891649


Tree=97
num_leaves=16
num_cat=0
split_feature=12 12 12 12 12 12 12 10 20 20 10 12 10 17 20
split_gain=18.7217 25.7574 23.2516 19.9253 25.6591 14.6568 17.565 9.6806 9.27915 6.3433 5.868 4.44068 4.41605 5.71303 4.11785
threshold=-0.11954982027963164 -0.25586931583086425 -0.75163971702825794 0.36333471803336193 0.4100240155228117 0.86508898182794158 0.9670102492271061 -0.12240666763837048 1.235551448572932 1.201385268480285 -0.12240666763837048 -0.52032889768607571 1.2707422009807037 1.7472287412152914 -0.36825310915426385
decision_type=2 2 2 2 2 2 2 2 2 2 2 2 2 2 2
left_child=1 2 9 -2 10 -6 -7 -8 -3 12 -5 -4 13 -1 -9
right_child=3 8 11 4 5 6 7 14 -10 -11 -12 -13 -14 -15 -16
leaf_value=0.0015839920915459338 0.0090642421980805295 -0.0018487522339599701 0.012106774877790506 0.00040190960423897558 0.010111722089176968 -0.00054239255311191266 0.010723292562733445 0.0073483921433864629 -0.01112685810483015 -0.0046788640321184394 -0.0070505767633767275 0.0063968338580039918 -0.0043238003095554265 0.0084385682604670997 0.0022072377907952634
leaf_weight=118.06061136722565 59.447257965803146 75.010145157575607 14.88156898319721 14.39210896193981 31.316263362765312 54.325178906321526 24.112366542220116 18.630401000380516 9.5013973861932737 13.287549450993536 19.495841935276985 38.783130288124084 8.7483204752206785 10.31936965882778 36.272185921669006
leaf_count=373 148 276 35 50 77 190 59 50 43 49 81 102 33 27 111
internal_value=0.0027975 0.00123695 0.00295008 0.00454233 0.00318654 0.00463944 0.00335025 0.0060288 -0.00289671 0.00115322 -0.003853 0.00797948 0.00172237 0.00214118 0.00396383
internal_weight=546.584 288.592 204.081 257.992 198.544 164.656 133.34 79.015 84.5115 150.416 33.888 53.6647 137.128 128.38 54.9026
internal_count=1704 938 619 766 618 487 410 220 319 482 131 137 433 400 161
is_linear=0
shrinkage=0.00891649


Tree=98
num_leaves=21
num_cat=0
split_feature=18 18 18 18 18 18 9 6 6 9 1 11 18 18 1 1 5 18 11 5
split_gain=12.8435 20.2906 17.1466 16.1361 24.7947 13.8476 11.4621 9.4346 9.64214 8.24384 7.53315 4.56392 4.26269 13.0733 4.89566 7.22523 4.13861 4.12016 3.88582 3.82808
threshold=-0.85130849938950137 -0.45712092954705802 -0.37146705388329321 0.032647793235434618 0.12752380531045562 0.59086702851871586 -0.37522827912585616 1.120858905221324 1.0362319343820454 1.1993336343447674 -1.3954613522900934 -1.5159607596470388 0.62783507533969918 1.0731972064897308 1.7638748049172239 1.8560189088233547 0.88972925765399158 -0.39519642662065185 1.0000000180025095e-35 -0.78511209349116673
decision_type=2 2 2 2 2 2 2 2 2 2 2 2 2 2 2 2 2 2 2 2
left_child=7 -2 17 -4 6 -6 -5 8 10 -8 19 -9 -7 -14 -15 -16 -12 -3 -13 -1
right_child=1 2 3 4 5 12 9 11 -10 -11 16 18 13 14 15 -17 -18 -19 -20 -21
leaf_value=-0.0093802666907478564 0.0097272512210456324 0.0038304817946547788 0.0086865836043078966 -0.0065817272285367935 0.0088394841834813446 0.00096037622919617081 0.0037270451700115361 -0.0025194461123308307 -0.0082716824806846629 -0.0068583774457289491 0.00058165869685694225 0.0077832135964304907 0.0086908101985668333 0.0036574546969399793 -0.0053262316764009143 0.0035283417696120169 0.0074130103101463628 -0.0026774054387583898 0.0006769732034266324 -0.0013385449587926793
leaf_weight=8.4391269087791461 37.970977947115898 9.0148904323577863 44.297478854656219 26.396948546171188 42.493534564971924 49.491143047809601 25.193367704749107 6.3648052960634223 13.035839632153509 7.3900910913944236 51.629253804683685 20.547027170658115 34.866592675447464 65.760122060775757 13.944714248180391 14.952445238828657 7.9676863998174658 47.410430908203125 8.4944565147161466 10.296874210238455
leaf_count=33 93 25 111 103 107 166 80 22 54 29 174 58 88 201 51 44 23 178 28 36
internal_value=0.00277578 0.00352771 0.00290826 0.00369618 0.00290596 0.00427318 -0.00222009 0.000289585 -0.00122351 0.00129278 -4.26943e-05 0.00418439 0.00318678 0.00403627 0.00231723 -0.000726579 0.00150414 -0.00161751 0.00569064 -0.00494666
internal_weight=545.958 419.183 381.212 324.786 280.489 221.509 58.9804 126.775 91.3688 32.5835 78.3329 35.4063 179.015 129.524 94.6573 28.8972 59.5969 56.4253 29.0415 18.736
internal_count=1704 1276 1183 980 869 657 212 428 320 109 266 108 550 384 296 95 197 203 86 69
is_linear=0
shrinkage=0.00891649


Tree=99
num_leaves=28
num_cat=0
split_feature=20 14 0 0 0 16 8 19 20 16 8 19 8 16 20 19 0 0 0 0 16 14 19 8 19 14 16
split_gain=15.985 16.2659 18.01 22.2572 15.8781 12.6434 14.864 10.3921 9.25324 8.16689 13.2708 11.4707 8.03651 9.77621 7.69404 7.59525 7.47799 8.09353 8.07801 15.3765 6.24541 5.41931 5.0918 4.6552 4.63353 4.3879 3.90343
threshold=1.201385268480285 2.0825664633865908 -0.57152078311884813 -0.029711750967318058 0.071636984136287163 -0.59942270650849927 -0.48719878859893656 0.36203409701194172 -0.73597760321341188 -0.78995141072977171 -0.96214569679360451 0.41672746587514192 -1.0252662983412042 -0.16090320591406571 -0.076762462275573332 -0.11406942191867205 0.53971022302968286 0.60680248619027533 1.1416189770833913 1.1855327931484181 0.47250001188244639 -0.2178449368241113 -0.62078405201401421 0.89412966609154843 -1.1068184745307392 -0.74964006613840006 -0.11234626423293777
decision_type=2 2 2 2 2 2 2 2 2 2 2 2 2 2 2 2 2 2 2 2 2 2 2 2 2 2 2
left_child=1 2 5 -4 7 9 12 -5 -8 10 11 -1 13 -7 -11 -2 -6 22 -19 -20 25 -10 -18 -17 -3 -15 -9
right_child=15 24 3 4 16 6 8 26 21 14 -12 -13 -14 20 -16 23 17 18 19 -21 -22 -23 -24 -25 -26 -27 -28
leaf_value=-0.01062269395686582 0.0011160429403935372 -0.00085557184414900814 0.0094204780523212458 0.0025915000162955006 0.0085624454682056341 0.012772978070319558 0.0060585010451702833 -0.0014046544365540559 -0.00022253138484135463 -0.0083435801712387694 0.0067722686445512124 0.0025517549115175236 0.010143734742844928 0.004335522655910788 0.0010446853452781731 -0.0076932610025742462 0.006128868899732653 0.0094223672125967519 -0.0034453886106906991 0.0075926066022345981 0.00671521862309922 -0.0084016779093732258 -0.0016490334663838886 7.9189577660795625e-05 -0.010087340495144153 -0.0024877313597278447 -0.0086479334481157338
leaf_weight=9.8105557560920733 39.780620619654655 9.0102865993976611 69.500446781516075 45.106705099344254 40.09183557331562 7.9239235818386069 9.080143526196478 12.910478547215464 12.700940430164335 19.602282807230949 17.705091387033463 10.815659031271933 21.005952209234238 11.406634852290148 10.443315997719766 17.567315191030506 8.9332778900861722 28.276442602276802 16.309051007032394 25.235985681414604 15.962133646011351 12.778248980641367 24.657340317964554 9.1056206077337247 8.049496576189993 20.892076149582866 10.725301787257193
leaf_count=38 127 30 173 146 101 18 26 48 44 76 50 35 51 35 36 74 26 70 60 68 46 51 89 32 34 75 45
internal_value=0.00275395 0.00332255 0.00363866 0.00504624 0.00361212 0.00143663 0.00328177 9.06458e-05 -0.0015562 -0.00157823 0.00113406 -0.00368817 0.00545684 0.00369942 -0.00505275 -0.0013351 0.00529789 0.00402997 0.00575596 0.00325733 0.00218743 -0.00432022 0.000438384 -0.00501132 -0.00516637 -5.79227e-05 -0.00468099
internal_weight=545.387 478.934 461.874 281.747 212.246 180.127 111.75 68.7425 34.5593 68.3769 38.3313 20.6262 77.1907 56.1848 30.0456 66.4536 143.504 103.412 69.8215 41.545 48.2608 25.4792 33.5906 26.6729 17.0598 32.2987 23.6358
internal_count=1704 1471 1407 826 653 581 346 239 121 235 123 73 225 174 112 233 414 313 198 128 156 95 115 106 64 110 93
is_linear=0
shrinkage=0.00891649


Tree=100
num_leaves=28
num_cat=0
split_feature=15 15 15 15 15 15 15 15 6 6 2 17 2 2 2 2 6 5 5 6 6 6 2 5 15 8 15
split_gain=17.9305 20.0304 11.7732 11.6009 10.8843 18.9941 17.4198 19.9907 10.8506 11.2142 10.215 10.1907 9.55107 7.8827 8.47116 8.1924 7.32517 6.14723 6.13332 5.85903 6.41998 7.6974 5.3645 4.37044 4.00073 3.97752 3.78472
threshold=-1.3110423308008141 -1.3515456663877463 1.4584443261530822 1.0207389641107205 0.27715364387660096 -0.027395422730445634 0.3832932350656017 0.89826929368498365 -0.070805002637463241 1.0774227345971312 -0.8448400755883736 -0.23197720343105005 1.3173811983011874 -0.15794333259695384 0.26396461064611004 0.40398198965654897 -0.44857027978535463 0.88972925765399158 -0.37160518346699978 -0.44857027978535463 -0.61716177942211659 -1.1272267459751897 0.84499382037348036 0.41331859411350574 -1.7252142122696066 -0.31401824302568432 -0.63045517839847576
decision_type=2 2 2 2 2 2 2 2 2 2 2 2 2 2 2 2 2 2 2 2 2 2 2 2 2 2 2
left_child=1 10 3 4 5 8 16 -8 19 12 -1 25 13 -10 -15 26 -6 18 -4 20 21 -2 -17 -20 -12 -9 -16
right_child=2 -3 17 -5 6 -7 7 11 9 -11 24 -13 -14 14 15 22 -18 -19 23 -21 -22 -23 -24 -25 -26 -27 -28
leaf_value=-0.0046939981998383304 0.0040202752768280564 -0.0076514173637504349 0.0031777133712271488 0.010690413716212255 -0.0066972101808956061 0.010359390620730416 0.0088466607644502749 0.00020871548115891615 -0.003124674749462463 0.00673563990144385 0.0029651775496166376 -0.0039106094229923866 -0.0096214092199301011 0.009272837900701339 -0.0085049549800951807 0.0093437306773026009 -2.0173103084946562e-05 0.0040876595373304349 -0.0078540400568793915 0.0099291921403547208 0.0013766195979947726 0.011003453354008907 0.0014078412992230807 -0.0002138225341189759 0.010271584549609192 0.0069898820481037556 -0.00045379628944034438
leaf_weight=10.650162935256956 35.714340493083 26.348057150840759 9.611832916736601 18.320503771305084 19.426495879888535 38.207475915551186 38.517532259225845 12.039642959833147 24.865517243742943 27.689018666744232 16.13671463727951 23.68452450633049 6.9317175000905982 12.58890926837921 6.9322496950626382 10.09458611905575 39.038941204547882 14.282237425446509 16.334568440914158 20.516396343708038 30.695739090442657 19.13767771422863 19.656439796090126 9.1932307779788953 9.2103875130414981 15.602466896176336 13.273867756128311
leaf_count=37 108 108 29 44 74 93 97 41 91 78 50 87 29 31 29 25 138 43 64 50 101 46 66 31 22 46 46
internal_value=0.00273297 -0.00175677 0.00331458 0.00378532 0.00347804 0.00455598 0.00154168 0.00400306 0.00358108 0.001767 0.00254298 0.000366976 0.000300566 0.00109883 0.00278681 0.00114182 -0.00223888 -0.00079556 -0.00280707 0.00566512 0.00463843 0.0064612 0.00410591 -0.00509323 0.00562239 0.00402595 -0.00321546
internal_weight=544.701 62.3453 482.356 432.934 414.614 266.304 148.31 89.8442 228.096 122.032 35.9973 51.3266 94.3433 87.4116 62.5461 49.9571 58.4654 49.4219 35.1396 106.064 85.5478 54.852 29.751 25.5278 25.3471 27.6421 20.2061
internal_count=1704 217 1487 1320 1276 793 483 271 700 395 109 174 317 288 197 166 212 167 124 305 255 154 91 95 72 87 75
is_linear=0
shrinkage=0.00891649


Tree=101
num_leaves=14
num_cat=0
split_feature=20 20 20 20 20 20 20 20 17 8 20 11 8
split_gain=15.6387 11.9759 27.2246 20.7163 11.6345 21.29 31.8408 9.74064 10.3519 6.94689 6.2779 8.89666 5.2034
threshold=1.201385268480285 1.0000000180025095e-35 0.60075011733418315 0.64317010994199264 -0.73597760321341188 -0.68779826277202838 -0.076762462275573332 -1.2331699816879782 1.0499957711299379 2.3622387864900229 2.6065486980323729 1.4069703634806479 -0.96214569679360451
decision_type=2 2 2 2 2 2 2 2 2 2 2 2 2
left_child=1 4 -3 -4 7 -6 -7 8 12 10 11 -2 -1
right_child=9 2 3 -5 5 6 -8 -9 -10 -11 -12 -13 -14
leaf_value=0.0014667271146674809 -0.0026744958837942928 0.0096645651662319292 -0.0011467900648828126 0.0078412097910404675 -0.0025750878522574775 0.0078648180817719095 -0.00069480342878404432 0.0089103969493455702 -0.0044388361639620157 0.0068446448427153727 -0.0098026699394694449 0.008095044793099292 0.0066319417944336687
leaf_weight=26.853372260928154 44.736215472221375 65.658393263816833 56.405240640044212 31.61733190715313 78.820118367671967 63.475852876901627 75.190814092755318 31.020821124315262 12.24432450532913 7.1408180445432654 7.6332650929689398 6.8564416319131842 36.366739943623543
leaf_count=84 162 163 202 81 289 163 265 78 44 20 32 19 102
internal_value=0.00271207 0.00327557 0.00532501 0.00208705 0.00230262 0.00111941 0.00322107 0.00471512 0.00298768 -0.0013348 -0.00234408 -0.00122707 0.00443715
internal_weight=544.02 477.653 153.681 88.0226 323.972 217.487 138.667 106.485 75.4644 66.3667 59.2259 51.5927 63.2201
internal_count=1704 1471 446 283 1025 717 428 308 230 233 213 181 186
is_linear=0
shrinkage=0.00891649


Tree=102
num_leaves=15
num_cat=0
split_feature=4 4 4 4 0 4 1 11 1 11 11 0 0 11
split_gain=11.9972 25.7873 23.6803 18.1078 8.36522 7.64899 6.72549 14.8644 14.3329 7.43996 6.13247 4.61357 9.55106 4.23235
threshold=0.30120022902775129 -0.27823505003708709 -0.37050680656935803 -0.90831413390035376 -0.31618832383846546 -0.95105499352929657 -0.43669153170535879 -0.56806480754761346 0.090414026473754086 -1.0128316777278863 0.60230980010977542 2.0030072642113752 1.0317790057364504 1.0000000180025095e-35
decision_type=2 2 2 2 2 2 2 2 2 2 2 2 2 2
left_child=1 2 3 5 -4 10 7 9 -8 -2 13 12 -9 -1
right_child=6 -3 4 -5 -6 -7 8 11 -10 -11 -12 -13 -14 -15
leaf_value=0.0043879840127053014 0.0017081684182100811 0.0086010219630363819 -0.0057235099119789298 0.0082840848898149706 0.00042786937947381678 -6.963161455772689e-06 0.0089297559126341949 -0.0020387503442106567 0.00085552885283377434 0.011460952847253474 0.0092484230830947832 0.0039404049341552772 -0.010623031569845317 -0.00086176044871243032
leaf_weight=44.623669266700745 24.311558842658997 68.389077350497246 26.644723653793335 58.441640272736549 50.573044762015343 60.307709574699402 21.806973800063133 44.182167664170265 84.720255792140961 8.1191436201333982 15.279773220419882 6.2079335153102866 13.272406145930288 16.465254813432693
leaf_count=128 80 173 102 150 176 207 55 162 284 19 39 19 56 54
internal_value=0.00269128 0.00371286 0.00248352 0.00413636 -0.00168873 0.00236073 0.000972846 -0.000735141 0.00251361 0.00415846 0.00423089 -0.00323771 -0.00403106 0.00296791
internal_weight=543.345 340.725 272.336 195.118 77.2178 136.676 202.62 96.0932 106.527 32.4307 76.3687 63.6625 57.4546 61.0889
internal_count=1704 1029 856 578 278 428 675 336 339 99 221 237 218 182
is_linear=0
shrinkage=0.00891649


Tree=103
num_leaves=22
num_cat=0
split_feature=10 10 10 10 10 10 10 10 11 11 10 10 19 16 10 10 10 10 19 10 19
split_gain=14.1582 21.8137 10.9816 10.4397 17.946 12.4097 20.4346 13.807 10.3643 8.16543 7.56276 6.42052 6.09688 5.91124 5.83397 5.77671 7.59095 8.26185 3.84067 3.7943 3.73109
threshold=-0.12240666763837048 -0.711323193070312 -0.75812582529097694 1.0000000180025095e-35 0.58490581739697145 0.84348206207709919 1.2707422009807037 1.3302294371720149 0.60230980010977542 0.48807697887348661 0.10614381541853013 0.61313439587818919 -0.62078405201401421 -0.63032710748954546 -0.85890559657626497 1.6767917852821765 2.0165826887306255 2.627553828393399 0.41672746587514192 -0.42794676941206106 -0.10016762488090768
decision_type=2 2 2 2 2 2 2 2 2 2 2 2 2 2 2 2 2 2 2 2 2
left_child=1 2 8 18 10 11 -7 -8 9 14 -5 -6 -4 -10 -1 -9 -17 -18 -2 -3 -14
right_child=3 19 12 4 5 6 7 15 13 -11 -12 -13 20 -15 -16 16 17 -19 -20 -21 -22
leaf_value=0.002822372289920781 4.857696874474626e-06 0.011589302664891303 0.003871746864508226 0.0019482900020228958 0.0036064564942518799 0.011064889933774255 -0.0043764045706862461 0.010940678338158904 0.0047106753506988581 -0.0050509447131832043 0.010009123249202868 -0.0030037667812877001 -0.0054856181242708569 0.012717947715949456 0.010505926542819767 -0.001592165097443143 0.012457173333776723 0.00072736079535451297 -0.0040511851086317855 0.0070702587529189427 -0.00020991948031254444
leaf_weight=63.387164905667305 54.055686205625534 21.290871873497963 22.340869396924973 13.220323041081427 14.353873655200003 20.363179132342339 24.702956542372704 7.5198204368352881 13.652601897716524 9.1835158765315992 29.647566676139832 58.6488988250494 14.543281361460684 15.437838450074194 8.7558863312005979 18.29711189866066 9.1011985838413256 9.5678876936435682 27.942185878753662 48.220063835382462 38.574365988373756
leaf_count=189 186 51 67 38 40 49 97 18 39 34 73 218 56 36 21 65 21 31 110 127 138
internal_value=0.00267 0.00419736 0.002604 0.00131216 0.00238504 0.00103181 0.00325333 0.000946024 0.0043928 0.00275989 0.0075051 -0.00169204 -1.2285e-05 0.00894548 0.00376543 0.0039057 0.00246141 0.00643474 -0.00137309 0.00845328 -0.00165924
internal_weight=542.807 255.386 185.876 287.421 205.423 162.555 89.5522 69.189 110.417 81.3266 42.8679 73.0028 75.4585 29.0904 72.1431 44.486 36.9662 18.6691 81.9979 69.5109 53.1176
internal_count=1704 758 580 946 650 539 281 232 319 244 111 258 261 75 210 135 117 52 296 178 194
is_linear=0
shrinkage=0.00891649


Tree=104
num_leaves=21
num_cat=0
split_feature=20 10 10 10 10 6 10 10 10 10 10 10 6 10 20 20 3 11 11 1
split_gain=15.2164 13.8811 17.5448 16.2037 14.564 10.655 9.49545 15.0264 13.4281 8.74078 11.7191 5.9448 5.76454 4.39705 4.15708 4.57843 4.1089 3.85762 6.44042 3.80846
threshold=1.201385268480285 -0.12240666763837048 -0.711323193070312 1.0000000180025095e-35 0.58490581739697145 -0.070805002637463241 0.84348206207709919 1.2707422009807037 1.3302294371720149 -0.75812582529097694 -1.2037039549006023 0.10614381541853013 0.44963950637280087 0.61313439587818919 2.6065486980323729 1.4062649071961646 0.84387234070226413 0.60230980010977542 1.0000000180025095e-35 1.7638748049172239
decision_type=2 2 2 2 2 2 2 2 2 2 2 2 2 2 2 2 2 2 2 2
left_child=1 2 9 -3 11 14 13 -8 -9 10 17 -5 -10 -6 15 -2 -7 18 -1 -11
right_child=5 3 -4 4 6 16 7 8 12 19 -12 -13 -14 -15 -16 -17 -18 -19 -20 -21
leaf_value=0.0036263948979492447 -0.00038729981478640341 -0.0018946630991266754 0.0088050568783039421 0.0026518381102804884 0.003631891176513166 -0.0039664339171407263 0.010758762180808097 -0.0044361177755021372 0.0082598852983199987 0.0014796685822474477 0.0090406232986307358 0.010094828104267158 0.0012541715199210469 -0.0020663505388780097 -0.0042475307930765127 0.0061229977679083019 -0.012428373341352991 0.0068121195560670511 -0.0031377599743107995 -0.0052515317804476287
leaf_weight=36.603063702583313 17.570580169558525 69.716127440333366 62.639797642827034 11.98265655338764 13.625613093376158 18.224866017699245 18.876245155930519 19.09911385178566 18.349833503365517 57.220872536301613 35.298231586813927 28.387203931808472 18.672746673226357 48.199050411581993 8.2223745882511121 16.280466571450233 5.946564018726348 14.029484912753103 15.821082606911657 7.3386453837156287
leaf_count=108 61 253 160 34 38 71 46 75 49 192 89 70 61 175 31 45 25 38 56 27
internal_value=0.0026497 0.00320706 0.00478834 0.00174022 0.00317182 -0.00134531 0.00178354 0.00391241 0.00160165 0.00327361 0.00489921 0.00786689 0.00472302 -0.000797663 0.00134828 0.00273513 -0.00605183 0.0026957 0.00157802 0.000707443
internal_weight=542.105 475.86 228.951 246.909 177.192 66.2449 136.823 74.9979 56.1217 166.311 101.752 40.3699 37.0226 61.8247 42.0734 33.851 24.1714 66.4536 52.4241 64.5595
internal_count=1704 1471 670 801 548 233 444 231 185 510 291 104 110 213 137 106 96 202 164 219
is_linear=0
shrinkage=0.00891649


Tree=105
num_leaves=22
num_cat=0
split_feature=15 10 15 10 10 10 10 10 10 15 10 10 15 10 19 20 15 19 19 19 20
split_gain=17.4007 19.9668 19.2105 16.8358 10.1762 13.5686 13.5341 15.8404 12.3741 11.7022 10.0962 7.70161 7.52236 7.34495 7.12884 5.98393 6.1862 5.54553 4.16624 4.16431 3.7806
threshold=-1.3110423308008141 -0.12240666763837048 -1.3515456663877463 -0.711323193070312 1.0000000180025095e-35 0.58490581739697145 0.84348206207709919 1.2707422009807037 1.3302294371720149 0.32844233530283834 -0.75812582529097694 0.10614381541853013 -0.69696026530213595 -1.2037039549006023 -0.62078405201401421 1.201385268480285 -1.7252142122696066 0.94625821851108094 -0.10016762488090768 -0.10016762488090768 -0.076762462275573332
decision_type=2 2 2 2 2 2 2 2 2 2 2 2 2 2 2 2 2 2 2 2 2
left_child=2 3 15 10 9 11 12 -8 20 17 13 -6 -7 -2 -12 16 -1 -3 -16 -11 -9
right_child=1 4 -4 -5 5 6 7 8 -10 19 14 -13 -14 -15 18 -17 -18 -19 -20 -21 -22
leaf_value=0.001353084501288704 0.0035488660434682363 0.0036438115186114292 -0.0075838764023832819 0.0089821323535383291 0.0014490090998936684 -0.0083700010707418778 0.010818507830868473 -0.0089133151237886371 0.0046630733071617823 -0.0020781325491606444 0.0054943252739250506 0.0097532752148315749 -0.00030098761861317372 0.0087489798318486599 -0.0050553481161737185 -0.0044093782841707124 0.01010644252492756 -0.005275956545912874 0.00075120059384849028 -0.0082347420571596518 -0.0011167287497436183
leaf_weight=18.579619154334068 58.084966316819191 31.641850560903549 26.255563005805016 64.824802115559578 12.731466472148893 10.819459691643713 19.299553662538528 7.4416724890470531 36.926928281784058 18.088501870632172 18.792356461286545 28.14671528339386 54.859635919332504 34.231789663434029 13.853725269436834 7.7138055413961402 9.5417540669441241 6.4941563904285422 32.302814170718193 16.735184669494629 14.083245962858198
leaf_count=60 173 102 108 165 37 44 47 31 110 64 54 70 188 87 53 26 23 26 113 70 53
internal_value=0.00262928 0.00320457 -0.00180227 0.00516266 0.00151363 0.00262831 0.0013368 0.0038504 0.00154203 -0.00129982 0.00358673 0.00714915 -0.00163746 0.0054785 0.000893403 0.00241923 0.00433518 0.00209612 -0.000988635 -0.005032 -0.00380454
internal_weight=541.45 479.359 62.0907 222.09 257.268 184.309 143.43 77.7514 58.4518 72.9597 157.266 40.8782 65.6791 92.3168 64.9489 35.8352 28.1214 38.136 46.1565 34.8237 21.5249
internal_count=1704 1487 217 645 842 580 473 241 194 262 480 107 232 260 220 109 83 128 166 134 84
is_linear=0
shrinkage=0.00891649


Tree=106
num_leaves=24
num_cat=0
split_feature=10 10 10 11 10 10 17 11 11 10 11 8 10 10 17 18 18 18 10 18 18 10 18
split_gain=13.4537 21.073 10.4699 10.1142 9.89044 17.2045 12.0165 12.7978 13.3592 8.02131 7.87086 7.50581 7.32871 7.25385 6.82602 6.81464 6.26879 5.88933 5.68114 8.06743 3.88495 3.79243 5.0138
threshold=-0.12240666763837048 -0.711323193070312 -0.75812582529097694 0.60230980010977542 1.0000000180025095e-35 0.58490581739697145 0.43524523045310554 1.0000000180025095e-35 0.024226339932913801 0.64568759447949264 0.48807697887348661 -0.31401824302568432 0.10614381541853013 2.0165826887306255 -0.65943451441263512 0.30813665079806823 -0.22728648642215685 -0.41577340490258857 -0.85890559657626497 0.16121847762564442 0.66681830414260224 -0.42794676941206106 0.48052285286034757
decision_type=2 2 2 2 2 2 2 2 2 2 2 2 2 2 2 2 2 2 2 2 2 2 2
left_child=1 2 3 10 14 12 7 13 -9 15 18 17 -6 -7 -2 -10 -16 -8 19 -1 -21 -3 -23
right_child=4 21 -4 -5 5 6 11 8 9 -11 -12 -13 -14 -15 16 -17 -18 -19 -20 20 -22 22 -24
leaf_value=0.00021416114257829968 -0.0049360671604535425 0.011457679703568573 -1.6558798539959119e-05 0.0087999849686941339 0.0018969658082584801 0.0041346043113682403 -0.0015451914958313859 -0.0082584108746050541 -0.0078362280671116381 0.0063823707616389117 -0.004998859147666266 0.00019300041286536725 0.0098496943513369795 0.012263780480403302 -0.0031764453693662203 0.0036386966571011277 0.0029762808142785938 -0.010874129507320252 0.010347912754244933 0.01024424270995535 0.0031744644105460955 0.0046485791633199399 0.010574850090519065
leaf_weight=38.880619302392006 27.567256659269333 21.076362058520317 75.432042688131332 28.924195855855942 13.197276055812834 46.770568162202835 10.114443629980089 13.020426899194716 8.26643815636635 17.922865137457848 9.1701235324144346 36.375009775161743 29.347311228513718 10.516338482499121 21.835898146033287 7.775871828198432 32.464626148343086 11.217901617288588 8.6785350739955884 12.32242287695408 12.078375726938246 29.609064355492592 18.224343061447144
leaf_count=123 107 51 261 75 38 142 37 54 33 52 34 125 73 25 84 23 105 48 21 31 35 82 45
internal_value=0.00260904 0.00410092 0.00253694 0.00428797 0.00128311 0.00233073 0.00100548 0.00281022 -0.000625316 0.00229689 0.00267485 -0.00225217 0.00736493 0.00563589 -0.00133157 -0.00223479 0.000493143 -0.00643811 0.00366385 0.00273535 0.00673318 0.0083059 0.00691867
internal_weight=540.788 254.396 185.486 110.054 286.392 204.524 161.98 104.273 46.9856 33.9652 81.1301 57.7074 42.5446 57.2869 81.8678 16.0423 54.3005 21.3323 71.96 63.2814 24.4008 68.9098 47.8334
internal_count=1704 758 580 319 946 650 539 329 162 108 244 210 111 167 296 56 189 85 210 189 66 178 127
is_linear=0
shrinkage=0.00891649


Tree=107
num_leaves=24
num_cat=0
split_feature=15 15 15 15 15 15 15 15 6 6 17 6 6 6 6 6 15 15 15 17 17 14 14
split_gain=17.0707 18.8214 11.2832 10.9678 10.3027 18.0153 16.1046 18.5857 10.286 10.8857 9.96791 7.4669 7.30341 5.49202 6.00109 7.30099 5.04499 15.9417 6.38879 4.91155 4.79186 3.90847 7.20756
threshold=-1.3110423308008141 -1.3515456663877463 1.4584443261530822 1.0207389641107205 0.27715364387660096 -0.027395422730445634 0.3832932350656017 0.89826929368498365 -0.070805002637463241 1.0774227345971312 -0.23197720343105005 -0.68271273030203827 -0.44857027978535463 -0.44857027978535463 -0.61716177942211659 -1.1272267459751897 -0.75197308362565063 -0.21923732335509546 -0.88814659321740297 -0.94085975832242286 -0.065983918558071605 -0.2178449368241113 0.56108514405464538
decision_type=2 2 2 2 2 2 2 2 2 2 2 2 2 2 2 2 2 2 2 2 2 2 2
left_child=1 11 3 4 5 8 12 -8 13 16 -9 -1 -6 14 15 -2 18 -18 -10 -4 -21 -19 -23
right_child=2 -3 19 -5 6 -7 7 10 9 -11 -12 -13 -14 -15 -16 -17 17 21 -20 20 -22 22 -24
leaf_value=-0.0037349458373898844 0.0038786961327125077 -0.0075352215578719291 -0.0055654661628353388 0.010400711549761785 -0.006659372287819201 0.01008645808735651 0.0085437831962244231 0.0039428069837765074 0.0048458111604926775 0.0065724316800567784 -0.0039252690895410008 0.005056804067493325 8.1147735282582979e-06 0.0096352845191335461 0.0013218210392137717 0.010729064065824434 0.0092880174780076239 0.0020478401583370444 -0.0047013508262433142 0.0023512049495969865 -0.0058446402013117033 -0.0064677954939041321 0.003422534436172239
leaf_weight=10.795822396874426 35.537600308656693 26.193579599261284 12.922550499439238 17.985715121030807 19.367236271500587 37.516009733080864 37.833446279168129 27.527817815542221 6.9150323569774619 27.487726777791977 23.558684587478638 24.979271858930588 38.92727042734623 20.180209442973137 30.624107971787453 18.765155971050262 16.078448697924614 19.148862987756729 25.433477863669395 29.45026150345802 6.796204254031184 17.660737037658695 8.5084601491689664
leaf_count=37 108 108 48 44 74 93 97 87 19 78 87 72 138 50 101 46 40 62 99 94 25 69 28
internal_value=0.00258868 -0.00180475 0.00315926 0.003623 0.00332434 0.00437854 0.001434 0.00381829 0.00342968 0.00165875 0.0003172 0.00237628 -0.002201 0.00546915 0.00447511 0.00625071 0.00020989 0.00170892 -0.00263014 -0.000873963 0.000790126 -0.000984675 -0.00322536
internal_weight=540.194 61.9687 478.225 429.056 411.07 263.856 147.214 88.9199 226.34 121.233 51.0865 35.7751 58.2945 105.107 84.9269 54.3028 93.745 61.3965 32.3485 49.169 36.2465 45.3181 26.1692
internal_count=1704 217 1487 1320 1276 793 483 271 700 395 174 109 212 305 255 154 317 199 118 167 119 159 97
is_linear=0
shrinkage=0.00891649


Tree=108
num_leaves=27
num_cat=0
split_feature=15 15 18 17 7 7 3 3 3 3 7 3 16 3 7 3 3 3 5 5 3 3 15 5 3 16
split_gain=16.7906 18.5288 12.2628 16.942 13.0149 10.4302 9.51412 10.8831 19.769 8.01492 7.88449 7.38517 8.92416 7.06791 6.40297 6.11264 15.5278 7.68172 5.04503 7.17839 4.65228 6.7586 4.62294 4.45513 4.21091 3.84053
threshold=-1.3110423308008141 -1.3515456663877463 -1.350800561649079 -0.58242668060359326 0.26232668622685645 -0.072699635382232258 -1.073424636876221 -1.0091682742455681 -0.50044154892440484 -1.5662790729461455 1.3284128428678206 -0.41093679612946615 0.39111648522588432 1.0000000180025095e-35 1.580671608515303 -0.50044154892440484 -0.4739748824901675 1.0000000180025095e-35 -0.031692763165508175 -0.37160518346699978 0.087758426487853827 0.59936891968852335 -1.7252142122696066 -0.37160518346699978 -1.3193313887831979 1.023427836088219
decision_type=2 2 2 2 2 2 2 2 2 2 2 2 2 2 2 2 2 2 2 2 2 2 2 2 2 2
left_child=1 22 3 -2 5 15 9 10 -9 14 -8 12 -10 -13 -6 24 -17 -18 19 -19 -15 -22 -1 -5 -4 -3
right_child=2 25 4 23 6 -7 7 8 11 -11 -12 13 -14 20 -16 16 17 18 -20 -21 21 -23 -24 -25 -26 -27
leaf_value=1.1677703509880739e-05 -0.012239983508609902 -0.0046865420143596126 0.0019851963753095623 0.0044198862305534848 -0.0011840790028545005 0.0090771511844727898 -0.00052381888134155009 0.010100349412024178 -0.0062065515986766615 0.011792528424475984 -0.010820748598868696 0.0085497809869134449 0.0038845006007772838 -0.0017760723141594277 0.0090788674887997169 -0.0049399764529987908 0.0094753911653683281 0.004023641100283212 0.0064135452893941333 -0.0018950486327961378 0.0085759117259903636 0.001036096582199268 0.0066551486448982759 -0.001650593841996312 0.0087870850056487992 -0.011635047300065426
leaf_weight=23.094582810997963 8.7409326881170255 15.565854430198671 9.2467788904905301 18.92622584104538 12.075422435998918 42.335126861929893 16.249623060226444 20.83658903837204 21.454252243041996 13.020064786076544 9.0791812688112241 11.333708941936491 10.058307781815527 28.929276809096336 7.6972735524177542 15.933061093091963 19.402423962950706 50.590104669332504 30.869401156902313 23.709629580378532 11.726198390126227 45.193711385130882 12.671314105391501 19.038461431860924 31.194311007857323 10.566641539335249
leaf_count=76 38 61 30 57 41 107 57 52 83 31 37 29 32 104 20 62 49 151 90 85 30 148 33 69 85 47
internal_value=0.0025688 -0.00179089 0.00313506 -0.00119087 0.00360553 0.00509977 0.00199824 0.00117004 0.00208521 0.00639093 -0.00421028 0.000780872 -0.00295614 0.00199588 0.00283945 0.00416708 0.00328551 0.00434473 0.00339293 0.00213122 0.00112207 0.00259927 0.00235556 0.00136456 0.00721641 -0.00748576
internal_weight=539.538 61.8984 477.64 46.7056 430.934 223.281 207.654 174.861 149.532 32.7928 25.3288 128.695 31.5126 97.1829 19.7727 180.946 140.505 124.572 105.169 74.2997 85.8492 56.9199 35.7659 37.9647 40.4411 26.1325
internal_count=1704 217 1487 164 1323 659 664 572 478 92 94 426 115 311 61 552 437 375 326 236 282 178 109 126 115 108
is_linear=0
shrinkage=0.00891649


Tree=109
num_leaves=20
num_cat=0
split_feature=12 12 12 12 12 12 12 1 10 20 1 1 1 1 14 0 10 4 20
split_gain=17.5165 22.4289 20.5455 17.5826 23.4169 13.0234 15.625 9.63818 9.26096 8.96856 6.93401 6.91063 8.59911 6.81614 5.9725 7.66437 5.68394 4.74987 3.98153
threshold=-0.11954982027963164 -0.25586931583086425 -0.75163971702825794 0.36333471803336193 0.4100240155228117 0.86508898182794158 0.9670102492271061 0.090414026473754086 -0.12240666763837048 1.235551448572932 -1.3954613522900934 -0.49505222168737434 -0.3861070146578352 0.066963389452968439 -0.12597556700880727 -0.93863535820608368 -0.12240666763837048 0.27542147144202717 -0.36825310915426385
decision_type=2 2 2 2 2 2 2 2 2 2 2 2 2 2 2 2 2 2 2
left_child=1 2 10 -2 16 -6 7 -7 -8 -3 -1 14 -13 -14 15 -12 -5 -4 -10
right_child=3 9 17 4 5 6 8 -9 18 -11 11 12 13 -15 -16 -17 -18 -19 -20
leaf_value=-0.0035012061007067253 0.0085719270750710137 -0.0018011475201029062 0.0090419380584122657 0.00042998367995286847 0.0096408956442860898 -0.0060348975547038601 0.010374872224126938 0.0020311715027633397 0.0070578847659093797 -0.010976577789142331 0.0069211038420843871 -0.005136502320286224 0.007971373049027914 0.00043132275834535167 0.008606663707881209 -0.0026231294185145911 -0.0069217781278250231 0.0028990063531221019 0.0019662017426648501
leaf_weight=23.12957201898098 57.729049533605576 74.648061081767082 38.802750781178474 14.356939807534216 30.274518847465515 16.997675552964211 23.597668871283531 37.120789498090744 18.333638191223145 9.3818561285734159 12.569241657853128 18.101486727595329 11.440132722258566 52.374848738312721 17.754090949892998 13.756838381290434 19.346660450100899 13.311215803027151 35.85990472137928
leaf_count=81 148 276 99 50 77 70 59 120 50 43 35 70 29 172 47 48 81 38 111
internal_value=0.00254903 0.001033 0.00264761 0.00425345 0.00297899 0.00438316 0.00317262 -0.000496847 0.00572759 -0.00283068 0.000964117 0.00178688 0.000255425 0.00179159 0.00462739 0.001942 -0.00375903 0.00745786 0.00370065
internal_weight=538.887 285.27 201.24 253.617 195.888 162.184 131.91 54.1185 77.7912 84.0299 149.126 125.997 81.9165 63.815 44.0802 26.3261 33.7036 52.114 54.1935
internal_count=1704 938 619 766 618 487 410 190 220 319 482 401 271 201 130 83 131 137 161
is_linear=0
shrinkage=0.00891649


Tree=110
num_leaves=22
num_cat=0
split_feature=15 15 15 15 15 15 15 15 16 1 1 1 1 16 16 5 20 15 7 5 5
split_gain=16.44 18.118 10.9786 10.6666 10.0167 17.5649 15.4909 17.9931 7.57594 7.79882 7.5327 11.2244 9.13088 7.12169 6.94107 5.94727 5.86783 5.9681 5.80706 5.80118 4.26576
threshold=-1.3110423308008141 -1.3515456663877463 1.4584443261530822 1.0207389641107205 0.27715364387660096 -0.027395422730445634 0.3832932350656017 0.89826929368498365 -0.71641438029220172 0.18764770253356453 -0.3861070146578352 -0.49505222168737434 -0.99864411408838072 0.39111648522588432 0.54198509506618742 0.88972925765399158 1.201385268480285 -1.7252142122696066 0.26232668622685645 -0.37160518346699978 0.41331859411350574
decision_type=2 2 2 2 2 2 2 2 2 2 2 2 2 2 2 2 2 2 2 2 2
left_child=1 16 3 4 5 8 -6 -8 9 -2 11 12 13 -10 -15 19 17 -1 -9 -4 -21
right_child=2 -3 15 -5 6 -7 7 18 10 -11 -12 -13 -14 14 -16 -17 -18 -19 -20 20 -22
leaf_value=0.0012928551402290654 0.0026585131490402059 -0.0074299933380081416 0.0029667118730154988 0.010264217140288988 -0.0021765277379984359 0.0099604292124976929 0.0084099881263097059 0.0037921077101928978 0.0058795607081448074 -0.0052066440651575693 0.0057232076916557857 -0.0041499733505789387 0.0089869673351732227 -0.0089065071832437753 0.0015715245792947896 0.0039279202364839328 -0.0044539083145652804 0.0099199648073805633 -0.0022735155981096697 -0.0078414500524210933 -0.00026591593671491698
leaf_weight=18.552739560604095 30.434444084763527 26.056085646152496 9.53832960128784 17.826291888952255 58.217187792062759 37.186260029673576 37.520435661077499 21.532279506325722 16.522019430994987 14.685357317328451 104.88015666604042 17.667878016829491 18.885067284107208 7.2149268239736584 15.292733579874037 14.184888586401938 7.6986771225929251 9.4506817460060137 29.464633241295815 16.231512635946277 9.1243463754653913
leaf_count=60 98 108 29 44 212 93 97 69 47 54 305 68 48 30 50 43 26 23 105 64 31
internal_value=0.00252974 -0.00178896 0.00309086 0.00354967 0.00325528 0.00429718 0.00138861 0.00373461 0.00336087 9.64089e-05 0.00417695 0.00203104 0.00392365 0.00146604 -0.0017818 -0.000890735 0.00231347 0.00421625 0.000293204 -0.00287618 -0.00510635
internal_weight=538.167 61.7582 476.409 427.33 409.503 262.769 146.735 88.5173 225.583 45.1198 180.463 75.5826 57.9147 39.0297 22.5077 49.0791 35.7021 28.0034 50.9969 34.8942 25.3559
internal_count=1704 217 1487 1320 1276 793 483 271 700 152 548 243 175 127 80 167 109 83 174 124 95
is_linear=0
shrinkage=0.00891649


Tree=111
num_leaves=23
num_cat=0
split_feature=12 12 12 12 12 12 12 1 19 19 14 6 1 14 14 14 12 12 19 1 12 12
split_gain=17.1688 21.8368 20.0792 17.2039 22.886 12.7756 15.2178 9.4491 8.577 7.98977 16.2255 7.38457 14.2393 8.95485 10.174 7.14465 4.83195 4.59073 4.57231 6.97653 3.89058 5.58101
threshold=-0.11954982027963164 -0.25586931583086425 -0.75163971702825794 0.36333471803336193 0.4100240155228117 0.86508898182794158 0.9670102492271061 0.090414026473754086 -0.62078405201401421 0.41672746587514192 -0.2178449368241113 1.6637455641009946 -1.3954613522900934 -0.082385217056286694 0.33208606290449399 2.0825664633865908 1.3799726145899287 1.5448062732710468 0.051970441697899057 0.58555612609639918 1.9080135596403245 2.113951843513719
decision_type=2 2 2 2 2 2 2 2 2 2 2 2 2 2 2 2 2 2 2 2 2 2
left_child=1 2 11 -2 8 -6 7 -7 -5 -3 -11 12 -1 -14 -15 -16 -8 -18 19 -4 -19 -22
right_child=3 9 18 4 5 6 16 -9 -10 10 -12 -13 13 14 15 -17 17 20 -20 -21 21 -23
leaf_value=-0.0076744201950730328 0.008485189592513296 -0.00043764329467270939 0.0016422804474011173 0.0019659649253249254 0.0095567596817941452 -0.0059822612349264845 0.0094491995880588587 0.0020114677484731969 -0.007249423577667129 0.00078016564688361892 -0.011253410390298377 0.0061739846446156382 -0.001604464205134446 0.011745082035256472 0.0033348044222670818 -0.0053229577143792924 0.0013053349693347895 0.011226591454418029 0.010112008910488097 0.011232404515303454 4.849281005521748e-05 0.008412122197126233
leaf_weight=15.854947492480276 57.417934611439705 48.114430069923401 18.012475863099102 12.743137732148169 30.081281572580338 16.951689347624779 19.786840409040451 37.1277224868536 20.907227098941803 15.609830945730208 20.205313742160797 18.537803888320923 48.671385571360588 9.7759354412555677 47.299548834562302 8.7872451245784742 23.33085273206234 9.5016694813966733 25.065384462475777 8.7783672362565976 11.488265067338945 13.515386700630186
leaf_count=60 148 170 53 42 77 70 50 120 89 57 92 53 166 23 147 33 75 23 63 21 37 35
internal_value=0.00251006 0.00100809 0.00260367 0.00420045 0.00293982 0.00433022 0.00313264 -0.000488886 -0.00372591 -0.00280592 -0.00599169 0.000940495 0.00018969 0.00128577 0.00342734 0.00196687 0.0056579 0.00435716 0.00737306 0.00482117 0.00641433 0.00457238
internal_weight=537.565 284.713 200.783 252.852 195.434 161.784 131.702 54.0794 33.6504 83.9296 35.8151 148.927 130.389 114.534 65.8627 56.0868 77.623 57.8362 51.8562 26.7908 34.5053 25.0037
internal_count=1704 938 619 766 618 487 410 190 131 319 149 482 429 369 203 180 220 170 137 74 95 72
is_linear=0
shrinkage=0.00891649


Tree=112
num_leaves=23
num_cat=0
split_feature=15 15 18 15 15 15 15 15 15 15 2 15 3 3 11 11 2 2 11 15 0 11
split_gain=16.1056 17.7184 11.7426 10.5645 19.0751 14.2972 12.46 15.5646 11.0399 14.0994 9.77278 8.59816 5.85805 10.1456 6.57737 10.1813 5.39189 5.70792 4.47208 4.44361 4.10734 4.03861
threshold=-1.3110423308008141 -1.3515456663877463 -1.350800561649079 0.27715364387660096 0.3832932350656017 0.89826929368498365 -0.75197308362565063 -0.82563418106787567 -0.28431673707750738 -0.027395422730445634 -0.8448400755883736 0.63623372235809772 0.087758426487853827 -1.073424636876221 0.60230980010977542 1.6606416572908933 -0.60443976706746649 0.59221268704438612 -0.56806480754761346 -0.12175840054968894 -0.93863535820608368 1.0000000180025095e-35
decision_type=2 2 2 2 2 2 2 2 2 2 2 2 2 2 2 2 2 2 2 2 2 2
left_child=1 10 11 6 16 -6 7 -4 -8 20 -1 18 13 -7 -15 -16 -5 -18 -2 -20 -10 -3
right_child=2 21 3 4 5 12 8 -9 9 -11 -12 -13 -14 14 15 -17 17 -19 19 -21 -22 -23
leaf_value=-0.0048198904073794057 0.0043281928210490732 -0.0044538573043963236 0.0069631308638755784 -0.007415488290309971 0.0085016686011612098 0.0066171099102864178 0.010434798662731139 -0.001382623967206455 -0.001762895453774091 0.0096516842875916543 0.0053083320359377578 -0.0097034680544905768 0.0048671144396147106 -0.003831129932986288 0.0064990791798127147 -0.0058516529165928846 0.0015973393426085836 -0.0060484255392660507 -0.0045938021050342826 0.0034207185859718029 0.0037515957055735349 -0.011578703494251642
leaf_weight=10.583155542612074 14.814399823546408 15.288313433527948 28.426474764943123 14.324894875288008 35.449488684535027 16.603550657629967 37.278581455349922 46.493613764643669 12.267216116189955 35.098685696721077 25.042439565062523 7.7005954533815375 37.351960450410843 32.982731327414513 15.506969898939134 7.7668433785438529 23.131205275654793 11.423668473958967 15.93231877684593 8.129092141985895 74.525688171386719 10.691685378551481
leaf_count=37 45 60 75 55 92 47 92 167 43 89 72 32 112 121 45 29 78 46 60 27 232 48
internal_value=0.00249125 -0.00178866 0.00304735 0.00350951 0.00197335 0.00358917 0.00478569 0.00178916 0.00619707 0.00489788 0.00227173 -0.0011912 0.00200552 0.000531325 -0.00127231 0.00233281 -0.00283447 -0.000937522 0.000494649 -0.00185873 0.0029676 -0.00737616
internal_weight=536.814 61.6056 475.208 428.632 194.541 145.662 234.09 74.9201 159.17 121.892 35.6256 46.5764 110.212 72.8601 56.2565 23.2738 48.8798 34.5549 38.8758 24.0614 86.7929 25.98
internal_count=1704 217 1487 1323 625 446 698 242 456 364 109 164 354 242 195 74 179 124 132 87 275 108
is_linear=0
shrinkage=0.00891649


Tree=113
num_leaves=24
num_cat=0
split_feature=20 14 0 0 0 0 0 0 19 14 4 19 0 0 0 0 4 4 4 0 19 2 0
split_gain=14.207 15.2882 16.1915 19.3694 13.1451 10.1334 20.9849 15.9317 9.91238 8.91933 7.76629 6.96346 6.36055 6.67724 7.07522 13.8117 5.92759 5.85806 5.85696 5.56571 4.80078 4.44215 3.84184
threshold=1.201385268480285 2.0825664633865908 -0.57152078311884813 -0.029711750967318058 0.071636984136287163 -0.66661605942235636 -1.1159823000930063 -1.2069715627391957 0.36203409701194172 -0.48063655517014242 -0.37050680656935803 -0.11406942191867205 0.53971022302968286 0.60680248619027533 1.1416189770833913 1.1855327931484181 -0.37050680656935803 0.27542147144202717 0.84549879735001221 -1.3297742192022928 -0.62078405201401421 -0.22437968925238022 -0.97234573033267269
decision_type=2 2 2 2 2 2 2 2 2 2 2 2 2 2 2 2 2 2 2 2 2 2 2
left_child=1 2 5 -4 8 6 7 19 18 -7 -11 17 -6 20 -15 -16 -3 -2 -5 -1 -14 -13 -8
right_child=11 16 3 4 12 9 22 -9 -10 10 -12 21 13 14 15 -17 -18 -19 -20 -21 -22 -23 -24
leaf_value=0.0022598533651078659 0.0040383075491280968 -0.0010797857828519358 0.0088464360101772142 0.0043962884397445159 0.0079691101832620685 0.0022642393378712908 0.013124104904302401 -0.0037864478424731313 -0.0045438531597456616 0.00035550475315377592 -0.0081243549383694068 0.0014474616315200343 0.0059906706499567646 0.008832930056168125 -0.0033619612294564058 0.0071636863748080265 -0.011782727253626136 -0.0028345133959691341 -0.0030523001358404348 0.0097935801458382786 -0.0015682870569611637 -0.0069997215879831851 0.0066366657222671184
leaf_weight=31.960852384567261 21.813445165753365 10.279136687517168 66.944835796952248 34.131639018654823 38.762459501624107 25.407507881522179 9.9465562701225263 39.582276880741119 23.455862641334534 14.296641692519186 20.752332478761673 6.3272840380668667 8.9302743524312955 27.268691092729568 16.231405034661293 24.636988550424576 6.6374118626117697 17.604983314871788 10.856679439544676 10.095469474792479 24.515225544571877 20.062839388847351 25.696963459253311
leaf_count=99 65 35 173 106 101 84 23 148 93 49 84 22 26 70 60 68 29 62 40 25 89 84 69
internal_value=0.0024719 0.00301477 0.00332555 0.00467803 0.00333972 0.00122701 0.00275345 0.000263799 0.000137759 -0.00173249 -0.00464734 -0.00139995 0.00490015 0.00372674 0.00532454 0.00298039 -0.00524951 0.000956611 0.00257976 0.00407422 0.000467368 -0.00493958 0.00844497
internal_weight=536.198 470.389 453.473 275.734 208.789 177.739 117.282 81.6386 68.4442 60.4565 35.049 65.8086 140.345 101.583 68.1371 40.8684 16.9165 39.4184 44.9883 42.0563 33.4455 26.3901 35.6435
internal_count=1704 1471 1407 826 653 581 364 272 239 217 133 233 414 313 198 128 64 127 146 124 115 106 92
is_linear=0
shrinkage=0.00891649


Tree=114
num_leaves=21
num_cat=0
split_feature=1 1 7 17 17 17 3 3 3 3 3 7 6 3 17 17 17 17 1 6
split_gain=9.6123 22.2366 14.6658 14.5915 12.775 14.4853 11.2448 10.221 9.47599 11.4202 8.79408 9.11411 8.14216 6.87787 6.66411 6.48837 5.64136 5.39556 4.53008 4.19984
threshold=-0.43669153170535879 0.066963389452968439 0.26232668622685645 1.0499957711299379 -0.80289551634459577 -0.25235954397065247 -0.17947587075258256 -0.50044154892440484 -1.0091682742455681 -1.073424636876221 0.90318620276937878 -0.63642347557585099 1.6637455641009946 -1.5662790729461455 -0.10098143455636692 0.43524523045310554 -0.84664795243112834 -1.304895984897724 1.3007434354190381 0.42162822166365443
decision_type=2 2 2 2 2 2 2 2 2 2 2 2 2 2 2 2 2 2 2 2
left_child=2 -2 4 7 10 -6 -5 8 9 13 11 16 14 -3 -7 -16 17 -1 19 -9
right_child=1 3 -4 6 5 12 -8 18 -10 -11 -12 -13 -14 -15 15 -17 -18 -19 -20 -21
leaf_value=-0.007009985262407527 0.0091343244710932782 0.004086272849183302 -0.0089706291538878841 -0.0079665651476813395 0.0095005530374362539 -0.0033494056841085235 0.0010918014069549774 0.0022889386706688715 0.010429919015091655 -0.00038462526942964449 0.0037279102704398897 0.0030234797504768971 0.0069313234552600446 0.012301722344556919 0.0059743895780931741 0.00034522845634722937 -0.011702685798010698 0.0028723894685566127 0.0056858140896095619 -0.0014133153328704071
leaf_weight=13.113135263323782 46.209608539938927 19.87167301774025 10.956482604146002 16.380482956767082 22.259304538369179 24.337599694728851 31.488461211323738 89.466065272688866 25.12054742872715 26.807753428816795 14.788184776902197 10.063306480646135 19.762905120849609 13.423669204115866 22.702520117163658 56.299193888902664 11.156517907977102 6.3275803327560451 21.744051977992058 33.159587472677231
leaf_count=51 118 60 47 66 56 92 105 282 63 92 47 33 56 32 61 197 50 18 63 115
internal_value=0.0024534 0.00341964 0.000975951 0.00246567 0.00152381 0.00291262 -0.00200005 0.00339879 0.00584562 0.00392563 -0.00210817 -0.00425372 0.00171594 0.00739758 0.000711053 0.00196662 -0.00667438 -0.00378072 0.00195298 0.00128535
internal_weight=535.439 323.672 211.767 277.462 200.81 145.362 47.8689 229.593 85.2236 60.1031 55.4487 40.6605 123.102 33.2953 103.339 79.0017 30.5972 19.4407 144.37 122.626
internal_count=1704 996 708 878 661 462 171 707 247 184 199 152 406 92 350 258 119 69 460 397
is_linear=0
shrinkage=0.00891649


Tree=115
num_leaves=24
num_cat=0
split_feature=20 14 14 10 4 10 4 6 10 10 10 6 20 4 20 6 14 14 5 14 20 20 4
split_gain=13.8874 15.039 12.0182 11.1597 11.9072 10.2386 10.7242 10.0701 7.80645 12.1285 8.52068 7.12065 6.02527 5.82626 5.09699 4.96457 4.61513 11.3006 4.42056 4.05186 3.8816 4.18274 3.69811
threshold=1.201385268480285 2.0825664633865908 1.5714736760872448 -0.12240666763837048 -0.90831413390035376 1.0000000180025095e-35 0.30120022902775129 -0.070805002637463241 0.84348206207709919 1.2091590414417193 1.3302294371720149 -1.2580667520440907 -0.64753450234660914 -0.37050680656935803 -0.81476698483225796 0.44963950637280087 -0.12597556700880727 0.74789809618986758 0.4721681109252891 -0.48063655517014242 2.6065486980323729 1.4062649071961646 -0.95105499352929657
decision_type=2 2 2 2 2 2 2 2 2 2 2 2 2 2 2 2 2 2 2 2 2 2 2
left_child=1 2 3 4 11 -5 -7 20 16 -10 -11 -1 14 -3 -6 -12 19 -18 -9 -8 21 -2 -13
right_child=7 13 -4 5 12 6 8 18 9 10 15 22 -14 -15 -16 -17 17 -19 -20 -21 -22 -23 -24
leaf_value=-0.0054856245984009318 -0.00041078196316017562 -0.0011008241225711618 0.011146904727116488 -0.0012831683582982948 0.0059258550928254911 0.0073096840175649247 -0.00046568044109124599 -0.0081805938449735511 0.010516479233964609 -0.0031033486109532634 0.0077040344294997658 0.0046787655895574598 0.0081925055090170222 -0.01172453739422882 -0.0027298495493571504 0.0010790447145146175 0.0071780736466630427 -0.0058045019708034802 0.000591927742816874 -0.0065811395659729028 -0.0041989382021335349 0.0058357808670984213 0.0013027558250447554
leaf_weight=7.8588872551918021 17.482172012329102 10.276333510875704 14.729969277977942 66.300987094640732 15.473117083311083 33.983539253473282 25.53663857281208 18.102907508611683 15.958103179931639 18.818287253379822 17.217251807451248 58.207967817783356 69.877502515912056 6.6131661087274543 7.9874339103698722 18.476779013872147 14.683282524347307 8.0652090907096845 5.8630875796079627 12.807514786720274 8.1526236087083799 16.11376690864563 46.292422458529472
leaf_count=28 61 35 36 239 43 90 88 75 40 72 47 168 189 29 28 61 42 31 21 50 31 45 155
internal_value=0.00243414 0.00297185 0.00328066 0.00301352 0.00452496 0.00167153 0.00285627 -0.00139635 0.00170276 0.00372137 0.00172305 0.00256991 0.00687775 -0.0052312 0.00297836 0.00427303 -0.000624198 0.002535 -0.0059919 -0.00251342 0.00123176 0.00257666 0.00318395
internal_weight=534.879 469.164 452.275 437.545 205.697 231.848 165.547 65.7146 131.563 70.4704 54.5123 112.359 93.3381 16.8895 23.4606 35.694 61.0926 22.7485 23.966 38.3442 41.7486 33.5959 104.5
internal_count=1704 1471 1407 1371 611 760 521 233 431 220 180 351 260 64 71 108 211 73 96 138 137 106 323
is_linear=0
shrinkage=0.00891649


Tree=116
num_leaves=23
num_cat=0
split_feature=15 15 18 7 7 3 3 3 19 15 7 3 19 7 3 3 3 19 3 3 15 3
split_gain=15.575 17.1237 11.3373 12.366 9.72428 8.99247 10.1226 18.5489 9.37407 8.40879 7.79606 7.65632 6.75965 6.21323 5.93446 14.5077 7.12375 5.49363 5.01711 5.73298 4.29557 4.1146
threshold=-1.3110423308008141 -1.3515456663877463 -1.350800561649079 0.26232668622685645 -0.072699635382232258 -1.073424636876221 -1.0091682742455681 -0.50044154892440484 -0.36536972607941942 0.63623372235809772 1.3284128428678206 -1.5662790729461455 -0.58328810155603161 1.580671608515303 -0.50044154892440484 -0.4739748824901675 1.0000000180025095e-35 0.99396398928560536 0.13800461201406128 0.6773193244421789 -1.7252142122696066 -1.3193313887831979
decision_type=2 2 2 2 2 2 2 2 2 2 2 2 2 2 2 2 2 2 2 2 2 2
left_child=1 20 9 4 14 11 10 -8 12 17 -7 13 -9 -5 21 -16 -17 -2 -10 -20 -1 -4
right_child=2 -3 3 5 -6 6 7 8 18 -11 -12 -13 -14 -15 15 16 -18 -19 19 -21 -22 -23
leaf_value=-6.1267013397342339e-05 -0.0026562294001767511 -0.0073061764174683769 0.001815277020133425 -0.0012808608360725744 0.0087689869272499603 -0.00048810721134204049 0.0097944699449582055 0.0018264269344138949 -0.0044730154245921482 -0.0096429071243531849 -0.010748941826925186 0.011504031435290444 0.010565502346561029 0.008858301224366703 -0.004852608772042165 0.0091500783898613401 0.0032295408571392163 0.0040322783983177592 0.0049149963541400129 -0.0038554300789710454 0.0063720913773800229 0.0085701026801067465
leaf_weight=23.000380709767342 20.656845510005951 25.872520923614502 9.1686654239892942 12.034095466136934 41.490760058164597 16.208511486649517 20.347908586263657 65.645361393690109 31.056295216083527 7.6684579849243155 9.0318070054054242 12.720392629504202 7.6596507281064978 7.6415865570306769 15.865996122360228 18.953551650047302 104.30452477931976 18.128477334976196 12.978147342801096 10.526248604059218 12.515544399619101 30.821936637163162
leaf_count=76 76 108 30 41 107 57 52 210 119 32 37 31 19 20 62 49 326 56 40 38 33 85
internal_value=0.00241507 -0.00180089 0.00296359 0.00341937 0.00488594 0.00184706 0.00103999 0.00192861 0.000670415 -0.00120619 -0.00415601 0.00614501 0.0027503 0.00268401 0.00398436 0.0031119 0.00414413 0.0004617 -0.00212163 0.000961524 0.00219573 0.0070061
internal_weight=534.298 61.3884 472.909 426.455 220.605 205.85 173.454 148.214 127.866 46.4538 25.2403 32.3961 73.305 19.6757 179.115 139.124 123.258 38.7853 54.5607 23.5044 35.5159 39.9906
internal_count=1704 217 1487 1323 659 664 572 478 426 164 94 92 229 61 552 437 375 132 197 78 109 115
is_linear=0
shrinkage=0.00891649


Tree=117
num_leaves=18
num_cat=0
split_feature=12 12 12 12 12 12 12 10 20 6 15 15 15 10 4 15 15
split_gain=16.5099 20.4613 18.8563 16.2242 21.8843 12.1355 14.3475 9.02 8.72921 7.21008 11.1691 6.31188 5.97427 5.55761 4.77922 4.33433 3.76766
threshold=-0.11954982027963164 -0.25586931583086425 -0.75163971702825794 0.36333471803336193 0.4100240155228117 0.86508898182794158 0.9670102492271061 -0.12240666763837048 1.235551448572932 1.6637455641009946 -1.3110423308008141 -0.21923732335509546 1.4584443261530822 -0.12240666763837048 0.27542147144202717 -0.5518891333354462 -1.3515456663877463
decision_type=2 2 2 2 2 2 2 2 2 2 2 2 2 2 2 2 2
left_child=1 2 9 -2 13 -6 11 -8 -3 10 16 -7 -12 -5 -4 -11 -1
right_child=3 8 14 4 5 6 7 -9 -10 15 12 -13 -14 -15 -16 -17 -18
leaf_value=-0.0024644075855424609 0.0082583305573187687 -0.0017607254778644246 0.0087425339231335664 0.00045655903836440274 0.0093479999066971419 -0.0054776768266263549 0.010129951235606269 0.003501462358710778 -0.010857962197886126 0.010311211958957803 0.0019450442925898902 0.0013588448433757973 -0.0058018686935642312 -0.0068272615103878451 0.0025275272120148791 0.0017667967569846086 -0.0097596511503617832
leaf_weight=13.293678134679794 56.562837675213814 74.399008676409721 37.998782008886337 14.324061781167982 29.572316437959671 14.517449885606764 23.261357307434082 53.706330835819244 9.2814409136772138 9.3035504817962664 98.544181525707245 39.456443071365356 8.374430835247038 19.229112729430199 13.095372736454008 9.2061163485050184 9.5868909657001495
leaf_count=44 148 276 99 50 77 58 59 161 43 24 313 132 31 81 38 29 41
internal_value=0.0023962 0.000920308 0.00247232 0.00406236 0.0028376 0.00420545 0.00304017 0.00550733 -0.00277498 0.000863563 0.000119049 -0.000474877 0.00132862 -0.00368698 0.00713477 0.00603773 -0.00550718
internal_weight=533.713 283.083 199.403 250.63 194.067 160.514 130.942 76.9677 83.6804 148.309 129.799 53.9739 106.919 33.5532 51.0942 18.5097 22.8806
internal_count=1704 938 619 766 618 487 410 220 319 482 429 190 344 131 137 53 85
is_linear=0
shrinkage=0.00891649


Tree=118
num_leaves=16
num_cat=0
split_feature=20 10 10 10 10 10 10 10 10 10 19 10 7 7 2
split_gain=13.4839 12.2977 15.1594 13.5627 12.5576 8.57759 13.6202 10.7973 7.15559 10.3687 6.64086 5.91848 5.45363 5.52178 4.34515
threshold=1.201385268480285 -0.12240666763837048 -0.711323193070312 1.0000000180025095e-35 0.58490581739697145 0.84348206207709919 1.2091590414417193 1.3302294371720149 -0.75812582529097694 -1.2037039549006023 -0.11406942191867205 0.10614381541853013 -0.46638798281828853 0.26232668622685645 -0.22437968925238022
decision_type=2 2 2 2 2 2 2 2 2 2 2 2 2 2 2
left_child=1 2 8 -3 11 -6 -7 -8 9 -1 12 -5 -2 -14 -12
right_child=10 3 -4 4 5 6 7 -9 -10 -11 14 -13 13 -15 -16
leaf_value=0.0024386540889437189 -0.0048027301666603329 -0.0018093266546029606 0.0082352693035373584 0.0020338857077401859 -0.00090451528269606886 0.010554584025223459 -0.0037192624532173912 0.004387008899914775 0.00069391157754386361 0.0084883582503108759 0.0014569057594160135 0.0095680596780340372 0.008164874353596278 7.4873898919447911e-05 -0.0069144204796256614
leaf_weight=65.838664010167122 9.7577737867832166 69.339425086975098 60.211829513311386 11.683573871850966 61.127025693655014 17.030493646860123 20.077368289232254 36.40885517001152 64.452651277184486 34.034299984574318 6.3119016885757473 27.318001970648766 9.9761227667331713 19.551385283470154 19.942824885249138
leaf_count=202 35 253 160 34 213 43 78 110 219 89 22 70 28 64 84
internal_value=0.00237775 0.00290872 0.00441289 0.00151817 0.0028483 0.0015579 0.00360648 0.00150241 0.00301043 0.00450278 -0.0014015 0.00729276 0.00090247 0.00281507 -0.004868
internal_weight=533.062 467.522 224.537 242.985 173.645 134.644 73.5167 56.4862 164.326 99.873 65.54 39.0016 39.2853 29.5275 26.2547
internal_count=1704 1471 670 801 548 444 231 188 510 291 233 104 127 92 106
is_linear=0
shrinkage=0.00891649


Tree=119
num_leaves=21
num_cat=0
split_feature=12 12 12 12 12 12 12 10 19 19 6 10 6 6 6 6 12 10 19 6
split_gain=16.2442 19.932 18.4366 15.8972 21.4124 11.9244 14.0015 8.88184 8.33994 7.70666 7.09354 6.51567 5.50873 10.1854 10.3491 8.28096 4.61269 4.20104 4.00573 3.66533
threshold=-0.11954982027963164 -0.25586931583086425 -0.75163971702825794 0.36333471803336193 0.4100240155228117 0.86508898182794158 0.9670102492271061 -0.12240666763837048 -0.62078405201401421 0.41672746587514192 1.6637455641009946 1.2707422009807037 -0.81755049706502636 -0.085394133185826573 0.032597578398032456 0.42162822166365443 -0.52032889768607571 -0.37525942933062156 0.051970441697899057 0.52513864210130279
decision_type=2 2 2 2 2 2 2 2 2 2 2 2 2 2 2 2 2 2 2 2
left_child=1 2 10 -2 8 -6 -7 -8 -5 -3 11 12 -1 -14 -15 -16 -4 -12 -18 -17
right_child=3 9 16 4 5 6 7 -9 -10 -11 17 -13 13 14 15 19 18 -19 -20 -21
leaf_value=-0.0039949986918999363 0.0081807987883004557 -0.00042788434343937716 0.01140168378422027 0.001952895648845585 0.0092737183823053092 -0.00046827545525548623 0.010043461702069465 0.0034551363237683083 -0.0071480679477046649 -0.005895401470421292 0.010282674714279877 -0.0083443684553588266 0.0059293441480776452 -0.005691273127600897 0.0087624917155831681 -0.003832234908128348 0.0027171510890653624 0.0018674545226188429 0.0085956920938849574 0.0016488748196028641
leaf_weight=17.769579872488976 56.261343777179718 47.996956914663315 13.954313427209852 12.732481583952902 29.385369390249252 53.944009155035019 23.165242582559586 53.638399586081505 20.768164783716202 35.58944097161293 9.0727412551641482 6.6823442429304114 28.03590439260006 20.720393180847168 10.39400804042816 13.586972817778586 20.083881288766861 9.4333608299493772 16.785757377743721 32.473051711916924
leaf_count=62 148 170 35 42 77 190 59 161 89 149 23 28 81 79 26 51 58 30 44 102
internal_value=0.0023592 0.000894373 0.00242827 0.00401478 0.00280251 0.00415761 0.00300393 0.00544489 -0.00365611 -0.00275433 0.000839323 0.000100187 0.000566569 0.00134308 -0.0003236 0.00164587 0.00705321 0.00597221 0.00540722 2.7124e-05
internal_weight=532.474 282.579 198.992 249.895 193.634 160.133 130.748 76.8036 33.5006 83.5864 148.168 129.662 122.98 105.21 77.1744 56.454 50.824 18.5061 36.8696 46.06
internal_count=1704 938 619 766 618 487 410 220 131 319 482 429 401 339 258 179 137 53 102 153
is_linear=0
shrinkage=0.00891649


Tree=120
num_leaves=25
num_cat=0
split_feature=12 12 12 12 12 12 12 1 10 19 19 14 11 1 19 1 1 1 14 19 12 19 11 11
split_gain=15.9924 19.5997 18.182 15.7028 21.0577 11.8032 13.7704 9.09234 8.77056 8.21855 7.59417 15.9553 10.5018 6.65491 6.57264 6.45697 8.02913 6.18457 5.65939 6.66371 4.57761 3.96158 3.73752 4.03303
threshold=-0.11954982027963164 -0.25586931583086425 -0.75163971702825794 0.36333471803336193 0.4100240155228117 0.86508898182794158 0.9670102492271061 0.090414026473754086 -0.12240666763837048 -0.62078405201401421 0.41672746587514192 -0.2178449368241113 1.0000000180025095e-35 -1.3954613522900934 0.99396398928560536 -0.49505222168737434 -0.3861070146578352 0.066963389452968439 -0.12597556700880727 1.0770591552119675 -0.52032889768607571 0.051970441697899057 -0.48294564434938708 0.41363044311085401
decision_type=2 2 2 2 2 2 2 2 2 2 2 2 2 2 2 2 2 2 2 2 2 2 2 2
left_child=1 2 13 22 9 -6 7 -7 -8 -5 12 -12 -3 14 -1 18 -17 -18 19 -15 -4 -22 -2 -24
right_child=3 10 20 4 5 6 8 -9 -10 -11 11 -13 -14 15 -16 16 17 -19 -20 -21 21 -23 23 -25
leaf_value=-0.0079800632728140239 0.012111304403228844 0.0035961672330086653 0.011353540953496524 0.0019349765653675951 0.009227057057645956 -0.0058752407350217651 0.0099777175910009536 0.0019848053581016886 0.0034251190286771669 -0.0071026914679118962 0.00086141853960262319 -0.011115540205327581 -0.0047149724148710876 -0.0023057380253326126 0.0014717861880674133 -0.0050592030938307313 0.0075952277314571305 0.00035932236197433904 0.0083150331757721359 0.0066475240192891416 0.0026953217447577399 0.0085480381601699268 0.0047033111029553586 0.010414304104712302
leaf_weight=12.313489958643915 14.004391953349112 24.783094123005867 13.889113277196882 12.737784445285795 29.272284865379333 16.840927392244339 23.110596984624863 37.097219929099083 53.625557765364647 20.715065956115723 15.550077795982359 19.967022255063057 23.209172770380974 14.218515709042551 10.729735657572745 18.025842666625977 11.239450633525847 52.146624267101288 17.478146255016327 11.929394319653509 20.065288171172142 16.729418098926544 26.674337729811668 15.406492337584494
leaf_count=48 34 79 35 42 77 70 59 120 161 89 57 92 91 49 33 70 29 172 47 34 58 44 75 39
internal_value=0.00234137 0.000887364 0.00240941 0.00398563 0.00278096 0.00412542 0.00297883 -0.000464213 0.00540117 -0.00362884 -0.00273236 -0.00585485 -0.000424075 0.000832276 -0.00354942 0.00164285 0.000159918 0.00165094 0.0044047 0.00178842 0.00700993 0.00537007 0.00813344 0.0068082
internal_weight=531.759 282.274 198.765 249.485 193.399 159.947 130.674 53.9381 76.7362 33.4529 83.5094 35.5171 47.9923 148.081 23.0432 125.038 81.4119 63.3861 43.6261 26.1479 50.6838 36.7947 56.0852 42.0808
internal_count=1704 938 619 766 618 487 410 190 220 131 319 149 170 482 81 401 271 201 130 83 137 102 148 114
is_linear=0
shrinkage=0.00891649


Tree=121
num_leaves=24
num_cat=0
split_feature=14 14 18 0 0 16 0 0 0 18 0 0 3 16 16 3 16 16 16 14 3 3 3
split_gain=12.3337 13.3041 10.09 7.00363 14.273 12.9127 11.7564 12.0854 23.6866 7.67257 8.30297 7.56235 6.78609 6.00068 6.38125 4.96378 4.8226 4.95793 5.23527 4.6018 4.4745 3.90477 3.76888
threshold=2.0825664633865908 1.5714736760872448 -1.350800561649079 -1.1159823000930063 -1.2069715627391957 -0.59942270650849927 -0.66661605942235636 -0.57152078311884813 -0.029711750967318058 -0.85130849938950137 0.071636984136287163 0.53971022302968286 1.244808603265257 -0.59942270650849927 0.39111648522588432 0.71668584024115878 1.6027400489972978 1.161829235269457 1.023427836088219 -0.74964006613840006 -0.93636470120199378 0.087758426487853827 1.1373381307931814
decision_type=2 2 2 2 2 2 2 2 2 2 2 2 2 2 2 2 2 2 2 2 2 2 2
left_child=1 2 12 4 5 -4 -5 22 21 -10 13 -12 15 -11 -15 20 17 18 -13 -6 -1 -9 -8
right_child=-2 -3 3 6 19 -7 7 8 9 10 11 16 -14 14 -16 -17 -18 -19 -20 -21 -22 -23 -24
leaf_value=-0.0057051320484548173 -0.0046811113145042499 0.010627090237837509 -0.004072821224056381 0.0085270660095450521 0.0016849550333975765 0.0090634386342768221 -0.0020235885795889521 0.010391719617541142 -0.0021321203445155775 0.0032551270851904303 0.0077961718006890656 0.0036479784712829992 0.0051337064274436881 -0.0083608254560320096 8.5701361663461872e-05 -0.0098172627269944197 -0.0020254137129207127 0.010300491285700399 -0.0033844924679724332 -0.0058615743533840135 0.00056289318427099437 0.0057938430191508145 0.0043422512677179148
leaf_weight=13.222260668873782 19.027066648006439 15.646253958344458 8.5569654107093829 30.548734188079834 8.4042077958583814 18.09128275513649 47.047682136297226 35.188537925481796 28.241149082779884 23.648560404777527 31.230939731001854 86.208658337593079 10.846291065216063 10.341091319918634 21.539604023098946 6.419103428721427 13.855783566832541 7.7556581497192374 9.0748157501220685 24.840263053774834 27.468179553747181 25.242593005299568 8.5510328859090787
leaf_count=53 72 39 30 80 28 47 169 90 102 77 83 269 32 41 76 26 49 19 33 97 94 70 28
internal_value=0.00232393 0.00258609 0.0023305 0.00279272 -3.18438e-05 0.00480237 0.00324104 0.00277487 0.00349932 0.00220346 0.00280687 0.00390874 -0.00115716 -0.000124123 -0.00264978 -0.00262726 0.00286668 0.00352975 0.00297031 -0.00392513 -0.00147803 0.00846321 -0.00102552
internal_weight=530.997 511.97 496.323 438.368 59.8927 26.6482 378.475 347.926 292.327 231.896 203.655 148.126 57.9558 55.5293 31.8807 47.1095 116.895 103.039 95.2835 33.2445 40.6904 60.4311 55.5987
internal_count=1704 1632 1593 1388 202 77 1186 1106 909 749 647 453 205 194 117 173 370 321 302 125 147 160 197
is_linear=0
shrinkage=0.00891649


Tree=122
num_leaves=19
num_cat=0
split_feature=20 20 20 20 20 20 20 16 9 18 20 17 18 5 18 18 18 20
split_gain=13.0865 10.0388 23.2126 16.5067 9.54198 17.2172 24.4804 11.5005 12.1182 6.67028 5.00409 5.50349 4.23166 4.85955 4.05529 4.03436 5.06812 3.70008
threshold=1.201385268480285 1.0000000180025095e-35 0.60075011733418315 0.72687325814641668 -0.73597760321341188 -0.68779826277202838 -0.076762462275573332 -0.66310387344136701 0.65870543293323369 -0.81332422014538863 -1.2331699816879782 0.3664914023171259 -1.4896303543108809 -0.6752649892528354 -0.93136272700745104 1.5333880352425693 0.34298236187823022 -0.42897523810759108
decision_type=2 2 2 2 2 2 2 2 2 2 2 2 2 2 2 2 2 2
left_child=1 4 -3 -4 7 -6 17 8 -1 12 11 -9 -2 -14 -8 16 -16 -7
right_child=9 2 3 -5 5 6 14 10 -10 -11 -12 -13 13 -15 15 -17 -18 -19
leaf_value=0.0030304999720925539 0.0015940218785197358 0.0088929587079192088 -0.00075656216290145601 0.0077821753037733699 -0.0024658419764953892 0.010308544175015722 -0.0068190440365471497 0.0064168228673574454 -0.0093756206453679825 0.0011586603590925176 0.0094198137244387494 -2.553487060300042e-05 -5.7922009800385254e-05 -0.0089690825586553058 -0.0011581350141694462 -0.0065752316702709767 0.004173665976450156 0.0055313347152553616
leaf_weight=22.082273170351986 6.6675106734037426 62.149219945073128 60.938096523284912 25.268506571650505 78.296352922916412 18.571909293532372 7.369234323501586 34.015208810567856 8.4860764741897565 35.687910854816437 23.883382216095924 14.906040117144583 6.667125463485724 16.345936492085453 38.871847540140152 6.3930587619543067 22.011733174324036 41.757909938693047
leaf_count=68 23 163 216 67 289 47 29 96 33 117 62 49 23 70 144 24 68 116
internal_value=0.00230598 0.00283113 0.00474468 0.00175282 0.00193381 0.000855321 0.00278345 0.00415487 -0.00040967 -0.00142143 0.00608132 0.00444803 -0.00454144 -0.00635924 -0.000621465 5.75814e-05 0.000767789 0.00700128
internal_weight=530.369 465.001 148.356 86.2066 316.645 213.272 134.976 103.373 30.5683 65.3685 72.8046 48.9212 29.6806 23.0131 74.6459 67.2766 60.8836 60.3298
internal_count=1704 1471 446 283 1025 717 428 308 101 233 207 145 116 93 265 236 212 163
is_linear=0
shrinkage=0.00891649


Tree=123
num_leaves=20
num_cat=0
split_feature=15 15 18 15 15 15 15 15 15 15 2 15 6 6 16 3 3 16 16
split_gain=14.8457 16.1796 10.5574 10.0616 17.168 13.0406 11.7718 13.615 10.2811 12.7241 9.36778 8.19778 7.73399 7.46803 6.65164 8.57305 13.9268 4.44537 3.79556
threshold=-1.3110423308008141 -1.3515456663877463 -1.350800561649079 0.27715364387660096 0.3832932350656017 0.89826929368498365 -0.75197308362565063 -0.82563418106787567 -0.28431673707750738 -0.027395422730445634 -0.8448400755883736 0.63623372235809772 1.306250243150578 1.0362319343820454 -0.78995141072977171 -1.073424636876221 0.26303599717484066 0.060305713681996005 0.39111648522588432
decision_type=2 2 2 2 2 2 2 2 2 2 2 2 2 2 2 2 2 2 2
left_child=1 10 11 6 18 -6 7 -4 -8 -10 -1 12 13 -2 -7 -16 17 -17 -5
right_child=2 -3 3 4 5 14 8 -9 9 -11 -12 -13 -14 -15 15 16 -18 -19 -20
leaf_value=-0.0049038683515803616 0.00037182235081268734 -0.0072079237261110426 0.0065175978791371467 -0.0013905447117026888 0.0080859304329837529 0.0051258257960757935 0.010066935281249557 -0.001354936626640391 0.0028304178601493901 0.009259114604160408 0.0050534567815939679 -0.0095622561659944646 0.0061471222523311157 -0.01059838960935652 0.0081008495457629125 -0.0063602780377147892 0.0040525039803228982 -1.9155322722855125e-05 -0.0071504026852625682
leaf_weight=10.51117007434368 19.675007939338688 25.713937163352966 27.725429072976112 36.731502532958984 34.411988437175751 33.115932762622833 36.241022408008575 46.297897160053253 86.096161127090454 34.017363056540489 24.755760416388512 7.6218592673540106 12.572424173355101 6.3545303195714942 9.6862080097198469 25.882919415831566 27.360414654016495 12.974899247288702 11.936694622039793
leaf_count=37 67 108 75 132 92 99 92 167 275 89 72 32 37 28 27 100 84 44 47
internal_value=0.00228842 -0.00184081 0.00282689 0.00326967 0.00176218 0.00331342 0.00452621 0.00159869 0.00591307 0.00465653 0.00205843 -0.00120568 0.00044399 -0.00230948 0.00180346 0.000346559 -0.000797266 -0.00422362 -0.00280259
internal_weight=529.683 60.9809 468.702 422.478 192.101 143.432 230.378 74.0233 156.355 120.114 35.2669 46.2238 38.602 26.0295 109.02 75.9044 66.2182 38.8578 48.6682
internal_count=1704 217 1487 1323 625 446 698 242 456 364 109 164 132 95 354 255 228 144 179
is_linear=0
shrinkage=0.00891649


Tree=124
num_leaves=20
num_cat=0
split_feature=4 4 4 4 3 4 11 11 1 1 16 16 16 1 3 3 7 19 3
split_gain=9.72602 20.9971 16.6681 14.0375 7.76245 7.61326 6.55486 6.16632 14.4894 13.5046 5.70686 8.01297 6.92173 4.81745 4.67826 6.63582 4.36563 4.33484 4.20714
threshold=0.30120022902775129 -0.18844027138807404 -0.37050680656935803 -0.90831413390035376 1.0914445842187954 0.58946069538234502 0.60230980010977542 -0.56806480754761346 -0.43669153170535879 0.090414026473754086 0.77033889296536318 -0.16090320591406571 1.6027400489972978 0.63671578055447808 -0.17947587075258256 -0.50044154892440484 0.23575909709680229 -1.1444575533109163 -1.0091682742455681
decision_type=2 2 2 2 2 2 2 2 2 2 2 2 2 2 2 2 2 2 2
left_child=1 2 3 6 7 -6 17 14 10 -10 11 -9 -12 -8 15 -2 -11 -1 -4
right_child=4 -3 18 -5 5 -7 13 8 9 16 12 -13 -14 -15 -16 -17 -18 -19 -20
leaf_value=0.0065221598753621522 0.0050823228911765208 0.0079459326785372517 -0.0054083941408147179 0.00737355587281378 -0.011790755670916296 0.0008030792308182399 0.010138487651058596 -0.00072254214460509532 0.0099815903283482412 0.0049844702006769876 0.0057919915568573491 -0.0088044629746689869 -0.0051323536199830407 0.0026329501946334879 0.0074695989567562142 -0.0054508087773736348 -0.00024574145234088996 0.00046066809278363864 -0.00025725052697122489
leaf_weight=10.167043656110762 13.104270026087763 60.520747557282448 15.428259134292601 55.061469852924347 7.4301275312900525 7.407436415553093 11.978849932551386 18.093729853630066 16.070903241634369 16.334605351090431 10.251776963472368 20.876901775598526 8.0305577963590604 15.286200717091559 19.195871353149414 7.1636415719985953 54.054508090019226 97.241285130381584 65.34857203066349
leaf_count=28 39 161 59 150 32 24 32 66 41 51 31 89 32 47 55 27 188 321 231
internal_value=0.0022708 0.00320569 0.00214331 0.00358644 0.000707299 -0.00545164 0.0020359 0.00120945 0.000351649 0.00265336 -0.00312054 -0.00505091 0.00095505 0.00592424 0.00432378 0.00134973 0.000971888 0.00104236 -0.00124295
internal_weight=529.047 331.032 270.512 189.735 198.014 14.8376 134.673 183.177 143.713 86.46 57.253 38.9706 18.2823 27.2651 39.4638 20.2679 70.3891 107.408 80.7768
internal_count=1704 1029 868 578 675 56 428 619 498 280 218 155 63 79 121 66 239 349 290
is_linear=0
shrinkage=0.00891649


Tree=125
num_leaves=22
num_cat=0
split_feature=12 12 12 12 12 12 12 1 19 19 6 1 12 12 6 6 6 6 12 19 0
split_gain=15.4541 18.5562 17.2242 14.8913 20.1964 11.3192 13.1408 8.83649 8.05206 7.39847 6.96974 13.6287 4.59072 4.39135 4.37496 10.066 9.36212 9.12856 4.25347 3.94611 3.84576
threshold=-0.11954982027963164 -0.25586931583086425 -0.75163971702825794 0.36333471803336193 0.4100240155228117 0.86508898182794158 0.9670102492271061 0.090414026473754086 -0.62078405201401421 0.41672746587514192 1.6637455641009946 -1.3954613522900934 -0.52032889768607571 1.3799726145899287 -0.070805002637463241 0.032597578398032456 0.42162822166365443 -0.81755049706502636 1.5448062732710468 0.051970441697899057 -0.46871441316689472
decision_type=2 2 2 2 2 2 2 2 2 2 2 2 2 2 2 2 2 2 2 2 2
left_child=1 2 10 -2 8 -6 7 -7 -5 -3 11 20 -4 -8 17 -16 -17 -13 -15 -14 -1
right_child=3 9 12 4 5 6 13 -9 -10 -11 -12 14 19 18 15 16 -18 -19 -20 -21 -22
leaf_value=-0.012886808016642218 0.0079464653984137358 -0.00042559531169736043 0.011205893504138576 0.0019224643996062797 0.0090621643480308239 -0.0058053104531887575 0.0089728884903521912 0.0019542658890236101 -0.0070316113583948668 -0.0057942304722083749 0.005869633687488553 -0.0022098591385878502 0.0024915177875801872 0.0011145228085215155 -0.0057358558471516264 0.0098019260544734629 4.3874590396460101e-06 0.0062937415665789411 0.0060533136427809242 0.0083665406038988532 -0.0040122054923636919
leaf_weight=6.5616098642349234 55.3282800167799 47.917016759514809 13.669250413775442 12.733845621347426 28.848472103476524 16.773104324936867 19.090146586298943 37.091920718550682 20.622931316494942 35.369388461112976 18.453144863247871 15.153236299753187 19.87846077978611 23.282886251807213 19.180954769253731 9.3177398741245252 41.165857285261154 28.519856318831444 33.895443737506866 16.498246729373932 9.1537506729364377
leaf_count=27 148 170 35 42 77 70 50 120 89 149 53 51 58 75 75 23 138 82 95 44 33
internal_value=0.00225293 0.000820792 0.00230813 0.00387603 0.00270332 0.00402575 0.00290532 -0.000457068 -0.00358147 -0.00270416 0.000775097 4.01559e-05 0.00681929 0.0052822 0.00111898 -0.000262427 0.00181751 0.00332736 0.0040461 0.00517029 -0.007688
internal_weight=528.506 280.839 197.552 247.667 192.339 158.982 130.134 53.865 33.3568 83.2864 147.506 129.053 50.046 76.2685 113.338 69.6646 50.4836 43.6731 57.1783 36.3767 15.7154
internal_count=1704 938 619 766 618 487 410 190 131 319 482 429 137 220 369 236 161 133 170 102 60
is_linear=0
shrinkage=0.00891649


Tree=126
num_leaves=19
num_cat=0
split_feature=18 18 18 18 18 17 17 7 18 16 8 11 7 7 18 18 7 5
split_gain=9.59066 16.394 13.3935 12.3717 19.5776 12.5911 9.34359 20.9566 11.302 8.17661 6.75545 9.25633 5.93147 5.92788 5.13221 4.29317 4.0373 5.2347
threshold=-0.85130849938950137 -0.45712092954705802 -0.37146705388329321 0.032647793235434618 0.12752380531045562 0.43524523045310554 -0.80289551634459577 -0.53655301128110655 -0.93136272700745104 0.47250001188244639 -0.51927036924021663 -0.026629324925614612 -0.7662879553177111 0.33393461276562275 0.59086702851871586 -1.350800561649079 0.26232668622685645 0.83131712737464758
decision_type=2 2 2 2 2 2 2 2 2 2 2 2 2 2 2 2 2 2
left_child=6 -2 16 -4 -5 14 7 -1 10 13 15 -12 -10 -7 -6 -8 17 -3
right_child=1 2 3 4 5 9 8 -9 12 -11 11 -13 -14 -15 -16 -17 -18 -19
leaf_value=-0.0097398460062943816 0.008674318336714051 -0.0019064869533729654 0.0075851889650678309 -0.0022087708260522193 0.0079898512282513649 0.0025144705001123209 0.004397037566640059 0.0052898779089570885 0.0031659497581584721 0.0075001354722196521 0.003961231246279502 -0.0052079488972870775 -0.0063337763280831025 -0.0041479676815187978 0.0040533171662925464 0.011901997434450058 -0.0058499434669773732 0.0058665876539775296
leaf_weight=19.633549466729168 35.472204327583313 33.094544842839241 41.454619020223618 58.194281920790672 33.194204971194267 16.703261449933052 19.047606185078624 11.550907522439955 7.1128651052713421 9.1249310672283155 27.067112013697624 12.660085216164587 17.98823107779026 28.254597902297974 126.25662614405155 8.6852181702852231 13.790591672062872 8.4748199135065061
leaf_count=82 93 121 111 212 90 54 59 37 24 26 82 49 74 104 383 21 56 26
internal_value=0.00223607 0.00290112 0.00234353 0.00305798 0.00236532 0.00361416 6.4555e-05 -0.00414315 0.00148471 -9.16723e-05 0.0033853 0.00103186 -0.00359654 -0.0016614 0.0048749 0.00675277 -0.00168935 -0.000308918
internal_weight=527.76 404.015 368.542 313.183 271.728 213.534 123.746 31.1845 92.5611 54.0828 67.46 39.7272 25.1011 44.9579 159.451 27.7328 55.36 41.5694
internal_count=1704 1276 1183 980 869 657 428 119 309 184 211 131 98 158 473 80 203 147
is_linear=0
shrinkage=0.00891649


Tree=127
num_leaves=26
num_cat=0
split_feature=20 14 14 8 8 8 16 8 19 20 14 16 16 8 19 16 16 16 16 19 14 20 14 14 18
split_gain=12.5135 14.1168 11.2679 8.89041 15.8039 20.1428 14.6834 12.2896 10.7371 9.29997 8.73254 8.71924 7.50967 6.55583 9.02647 6.51023 5.47753 4.92192 4.55226 4.36256 4.26542 4.24445 4.34549 7.33788 3.80208
threshold=1.201385268480285 2.0825664633865908 1.5714736760872448 -0.39481329756543027 -0.48719878859893656 -1.0252662983412042 -1.3882986422441832 0.16975519543351952 0.41672746587514192 1.0000000180025095e-35 0.88844315844919575 -0.78995141072977171 -0.23527885658244854 2.3622387864900229 -0.11406942191867205 -0.66310387344136701 -0.16090320591406571 0.47250001188244639 0.39111648522588432 -1.1068184745307392 -1.1289899557561451 -0.73597760321341188 -0.48063655517014242 0.88844315844919575 -0.93136272700745104
decision_type=2 2 2 2 2 2 2 2 2 2 2 2 2 2 2 2 2 2 2 2 2 2 2 2 2
left_child=1 2 3 4 5 6 -1 -5 11 12 15 -9 -10 14 24 -8 -17 -18 -11 -3 -13 -6 -23 -24 -2
right_child=13 19 -4 7 21 -7 10 8 9 18 -12 20 -14 -15 -16 16 17 -19 -20 -21 -22 22 23 -25 -26
leaf_value=-0.012052435688170675 -0.0056408888309515204 -0.0010295050482689763 0.010781309542569667 0.0074198445467188699 0.0028204818346236385 0.0082837084605309266 -0.00090869160214042974 0.0099434037693958404 0.0029449965046234737 0.007154485028174699 -0.0068000159658698003 -0.0012123699492700771 -0.0070173701407140847 0.0065644567860076242 -0.0066421057139743845 0.010489074064515495 0.0011977821338691175 0.0074617015697461941 -0.00073965508575603452 -0.010067094718382959 0.0039688611558732706 0.00031409866493725469 -0.0078936525132855678 0.00068899485298602639 0.0018988952974153912
leaf_weight=6.324801340699195 6.3501318991184226 8.8858599662780779 14.257032319903372 60.666811272501945 10.641860559582708 41.596301689743996 26.937884837388992 17.834681585431099 8.3347295075655001 12.527067273855211 8.2997167855501157 14.580367937684057 20.048292800784111 7.0455848574638358 23.709726676344872 9.5615901648998243 32.104448229074478 14.257384553551672 10.369561016559599 7.8859725147485724 83.981010958552361 17.478045985102654 23.944452732801437 11.550665676593779 28.027522936463356
leaf_count=26 24 30 36 165 34 111 94 48 28 36 32 50 82 20 100 24 108 41 37 34 257 61 97 40 89
internal_value=0.00221855 0.00273433 0.00303711 0.0027787 0.0014188 0.00310114 0.000886309 0.003985 0.0027404 -0.000649312 0.00179607 0.004236 -0.0040581 -0.00143229 -0.00242441 0.00267112 0.00440402 0.00313745 0.00354903 -0.00523988 0.0031977 -0.00225541 -0.00329369 -0.00508321 0.000479639
internal_weight=527.202 462.069 445.297 431.04 202.697 139.082 97.4858 228.343 167.676 51.2797 91.161 116.396 28.383 65.133 58.0874 82.8613 55.9234 46.3618 22.8966 16.7718 98.5614 63.615 52.9732 35.4951 34.3777
internal_count=1704 1471 1407 1371 668 436 325 703 538 183 299 355 110 233 213 267 173 149 73 64 307 232 198 137 113
is_linear=0
shrinkage=0.00891649


Tree=128
num_leaves=22
num_cat=0
split_feature=15 15 15 4 4 4 0 4 15 15 4 0 3 5 5 3 5 15 3 4 15
split_gain=14.3216 15.5684 10.1327 12.1796 12.0305 11.117 9.25532 9.09723 7.17315 7.76506 6.82352 8.02536 7.5446 5.67207 5.46154 5.20771 4.01231 3.93499 3.78226 6.42427 3.77764
threshold=-1.3110423308008141 -1.3515456663877463 1.4584443261530822 0.30120022902775129 -0.16179110723847789 -0.37050680656935803 -0.49398282121403592 -0.90831413390035376 -0.75197308362565063 -0.21923732335509546 -0.95105499352929657 -0.66661605942235636 0.59936891968852335 0.88972925765399158 -0.37160518346699978 -0.52339217751624967 0.41331859411350574 -1.7252142122696066 -1.5662790729461455 0.99827463602368016 -0.82563418106787567
decision_type=2 2 2 2 2 2 2 2 2 2 2 2 2 2 2 2 2 2 2 2 2
left_child=1 17 3 4 5 7 -7 10 15 -10 12 -12 -2 14 -4 -5 -16 -1 -11 -20 -17
right_child=2 -3 13 8 -6 6 -8 -9 9 18 11 -13 -14 -15 16 20 -18 -19 19 -21 -22
leaf_value=-0.00019142343805321038 0.0085796138779343639 -0.0071392120663585912 0.0026513991120503322 0.0026026129472613859 0.0087813851242108595 -0.0037978861521919542 0.0028739773169430636 0.0081528864784005638 0.0081400121238311331 -0.0034007208491577687 -0.0072677325702853318 0.0025604114688601793 0.0020514906100612519 0.0036203210842654268 -0.00789896685891355 0.00011354700268099601 -0.00050289600105014149 0.0060109533442713817 0.00040760366793817643 0.0054938221881612207 -0.0075737808779206967
leaf_weight=22.809103175997734 29.453392848372459 25.60134083032608 9.3941816836595518 10.469005241990088 40.838961541652679 24.083929613232613 51.466860860586166 47.611338421702385 15.032296523451803 11.731110051274298 7.858753412961959 36.040617048740387 26.67983403801918 14.000789895653723 16.080420643091205 7.4536221176385871 8.9908205419778806 12.294043377041815 65.981731504201889 27.983640164136887 14.734264791011812
leaf_count=76 78 108 29 35 108 89 167 129 40 43 31 117 82 43 64 23 31 33 230 86 62
internal_value=0.00220139 -0.00186302 0.00273222 0.00318042 0.00434119 0.00352655 0.000745516 0.00494875 0.001182 0.00218337 0.00342149 0.00078821 0.00547545 -0.00111504 -0.00306528 -0.00251247 -0.00523803 0.0019708 0.00133017 0.0019259 -0.00496224
internal_weight=526.59 60.7045 465.886 417.419 264.034 223.195 75.5508 147.644 153.386 120.729 100.033 43.8994 56.1332 48.4662 34.4654 32.6569 25.0712 35.1031 105.696 93.9654 22.1879
internal_count=1704 217 1487 1320 801 693 256 437 519 399 308 148 160 167 124 120 95 109 359 316 85
is_linear=0
shrinkage=0.00891649


Tree=129
num_leaves=17
num_cat=0
split_feature=18 18 18 18 18 0 18 18 19 19 16 16 19 19 19 7
split_gain=9.27231 15.9911 13.0453 12.0136 18.9526 10.5988 9.93077 7.42641 6.19683 6.41388 5.44966 11.9267 4.98477 9.43394 9.1021 3.91091
threshold=-0.85130849938950137 -0.45712092954705802 -0.37146705388329321 0.032647793235434618 0.12752380531045562 0.47851830149465735 0.59086702851871586 -1.4896303543108809 -1.1444575533109163 -1.5433231576542048 -1.0262513428951647 -0.63032710748954546 0.99396398928560536 1.4668195962894974 0.94625821851108094 0.26232668622685645
decision_type=2 2 2 2 2 2 2 2 2 2 2 2 2 2 2 2
left_child=5 -2 15 -4 -5 12 -6 -7 9 -8 -10 -12 14 -14 -1 -3
right_child=1 2 3 4 6 7 8 -9 10 -11 11 -13 13 -15 -16 -17
leaf_value=0.0014999711757631676 0.0085651320844095588 -0.0003349796838180122 0.0074746097471953812 -0.0021893407179397932 0.0075964888009362359 0.0036946273313674814 0.0035933646758203987 -0.0064839837359729089 0.0059423684954831944 0.011984579190717572 -0.0042439110818814707 0.0025521795684543703 0.012229359736722061 0.001745052917448624 -0.0083810021429597242 -0.005795339432091217
leaf_weight=40.846160918474197 35.193653419613838 41.518689319491386 41.152771070599556 58.109301313757896 39.097134247422218 7.0795202404260626 25.343979686498642 25.925298854708672 21.011410176753998 9.9106991589069349 26.242178708314896 91.277530446648598 8.4350912570953351 32.297609075903893 8.8413844704627973 13.75194078683853
leaf_count=136 93 147 111 212 107 23 75 105 62 24 97 292 20 107 37 56
internal_value=0.00218413 0.00283941 0.00228908 0.00299587 0.00231373 4.64061e-05 0.00354512 -0.00426545 0.00263126 0.00596004 0.00178002 0.0010303 0.00162287 0.0039312 -0.000263287 -0.00169359
internal_weight=526.034 402.609 367.416 312.145 270.992 123.425 212.883 33.0048 173.786 35.2547 138.531 117.52 90.4202 40.7327 49.6875 55.2706
internal_count=1704 1276 1183 980 869 428 657 128 550 99 451 389 300 127 173 203
is_linear=0
shrinkage=0.00891649


Tree=130
num_leaves=21
num_cat=0
split_feature=12 12 12 12 12 12 12 1 1 1 1 1 5 17 5 12 17 12 11 11
split_gain=14.9301 17.5338 16.4095 14.261 19.4075 10.9147 12.5928 8.52498 6.27655 6.09831 7.42193 5.59865 5.21145 7.40484 4.8498 4.26334 4.20323 4.07434 3.77289 4.07913
threshold=-0.11954982027963164 -0.25586931583086425 -0.75163971702825794 0.36333471803336193 0.4100240155228117 0.86508898182794158 0.9670102492271061 0.090414026473754086 -1.3954613522900934 -0.49505222168737434 -0.3861070146578352 0.066963389452968439 0.084244107409095867 1.0499957711299379 -0.64522410462576685 1.3799726145899287 1.0000000180025095e-35 1.5448062732710468 -0.48294564434938708 0.41363044311085401
decision_type=2 2 2 2 2 2 2 2 2 2 2 2 2 2 2 2 2 2 2 2
left_child=1 2 8 18 -5 -6 7 -7 16 -10 -11 -12 13 -3 -4 -8 -1 -17 -2 -20
right_child=3 12 14 4 5 6 15 -9 9 10 11 -13 -14 -15 -16 17 -18 -19 19 -21
leaf_value=-0.0066695013562165627 0.011836506872325141 0.00094371367073311921 0.0030536138128944065 -0.0035454066380525471 0.0089075939334767977 -0.0057333534997397705 0.00882376096748776 0.0018988905917034843 0.0042051206029474616 -0.0049680520010914903 0.0072180501021865528 0.00027651614763373372 -0.0053112695251936936 -0.007721012626125308 0.0088090164896401438 0.0010764793849075513 0.0010401633425291127 0.0059167497101231771 0.0042968469024829937 0.010114959732367135
leaf_weight=13.744968786835672 13.598389461636541 38.81018590927124 18.525727897882462 33.274671643972397 28.446774557232857 16.700461253523827 18.862534046173096 37.112546741962433 43.163635492324829 17.943785905838013 11.022816911339758 51.878247082233429 34.644926756620407 9.6190644204616529 30.913823455572128 23.256488874554634 9.1664099842309934 33.731924831867218 26.070150300860405 14.976534485816954
leaf_count=52 34 136 54 131 77 70 50 120 130 70 29 172 142 41 83 75 29 95 75 39
internal_value=0.00216708 0.000756495 0.00220847 0.00376833 0.00262115 0.00392271 0.00282514 -0.000464794 0.000713709 0.00150511 6.06036e-05 0.00150149 -0.00267256 -0.00078706 0.00664316 0.00516144 -0.00355252 0.00394534 0.00777971 0.00643395
internal_weight=525.464 279.434 196.359 246.03 191.385 158.111 129.664 53.813 146.92 124.008 80.8448 62.9011 83.0742 48.4293 49.4396 75.8509 22.9114 56.9884 54.6451 41.0467
internal_count=1704 938 619 766 618 487 410 190 482 401 271 201 319 177 137 220 81 170 148 114
is_linear=0
shrinkage=0.00891649


Tree=131
num_leaves=20
num_cat=0
split_feature=20 14 0 0 0 0 0 0 14 5 8 18 0 0 0 0 0 14 0
split_gain=12.0547 13.7902 14.2941 16.5486 10.4109 8.11254 17.9961 13.8522 8.55913 6.54581 9.0475 6.78681 5.33535 5.37897 6.19028 12.4079 4.94141 4.82312 3.94227
threshold=1.201385268480285 2.0825664633865908 -0.57152078311884813 -0.029711750967318058 0.071636984136287163 -0.66661605942235636 -1.1159823000930063 -1.2069715627391957 -0.48063655517014242 1.4478302674070178 2.3622387864900229 -0.17645412582847944 0.53971022302968286 0.60680248619027533 1.1416189770833913 1.1855327931484181 -1.3297742192022928 -0.74964006613840006 -0.97234573033267269
decision_type=2 2 2 2 2 2 2 2 2 2 2 2 2 2 2 2 2 2 2
left_child=1 2 5 -4 17 6 7 16 -7 10 11 -2 -6 -14 -15 -16 -1 -5 -8
right_child=9 -3 3 4 12 8 18 -9 -10 -11 -12 -13 13 14 15 -17 -18 -19 -20
leaf_value=0.0019668606306822872 -0.0067014169316380323 -0.0052316668484743197 0.0082122259217814794 -0.0045258537633068559 0.0073146327635746538 0.002250537568227181 0.012638686650334637 -0.0037099885329948228 -0.0045390500765141442 0.0043256545788356617 0.0064538574542037461 0.00056618600295624993 0.00043368014441487566 0.0081998402468074268 -0.0033604907881786923 0.0066824630646404263 0.0091922690710135747 0.0013552494684461068 0.0059116538226399252
leaf_weight=31.522672906517982 30.385767534375187 16.732282280921936 63.764047712087631 13.711075305938719 37.115105167031288 25.2788475304842 9.4705472588539106 39.303791627287865 34.827005371451378 12.423001348972319 7.0315722674131385 15.09292669594288 33.279418528079987 26.031734347343445 16.185364633798599 23.936761915683746 9.6786236763000471 54.385273098945618 24.576970756053925
leaf_count=99 124 64 173 52 101 84 23 148 133 39 20 50 115 70 60 68 25 187 69
internal_value=0.00215081 0.0026587 0.00295911 0.00425077 0.00301471 0.000973689 0.00236379 6.75507e-05 -0.00167398 -0.00143757 -0.00282021 -0.00427768 0.00443313 0.00335525 0.00482268 0.00262784 0.00367005 0.000167922 0.00778161
internal_weight=524.733 459.8 443.067 268.409 204.645 174.658 114.553 80.5051 60.1059 64.9333 52.5103 45.4787 136.548 99.4333 66.1539 40.1221 41.2013 68.0963 34.0475
internal_count=1704 1471 1407 826 653 581 364 272 217 233 194 174 414 313 198 128 124 239 92
is_linear=0
shrinkage=0.00891649


Tree=132
num_leaves=21
num_cat=0
split_feature=12 12 12 12 12 12 12 4 19 19 5 4 4 19 19 17 15 17 4 19
split_gain=14.5911 17.0399 15.9855 13.9186 18.9496 10.6984 12.2757 8.09733 7.8614 7.16738 12.3725 6.96638 6.63886 6.16566 10.5742 9.11258 5.96806 5.70931 4.89919 4.33353
threshold=-0.11954982027963164 -0.25586931583086425 -0.75163971702825794 0.36333471803336193 0.4100240155228117 0.86508898182794158 0.9670102492271061 -0.37050680656935803 -0.62078405201401421 0.41672746587514192 0.084244107409095867 -0.27823505003708709 0.90173745429034469 1.0000000180025095e-35 -0.11406942191867205 0.25443729092955053 -0.21923732335509546 -0.23197720343105005 0.27542147144202717 -0.41046615744162845
decision_type=2 2 2 2 2 2 2 2 2 2 2 2 2 2 2 2 2 2 2 2
left_child=1 2 13 -2 8 -6 16 -8 -5 10 -3 -9 -13 14 15 17 -7 -1 19 -4
right_child=3 9 18 4 5 6 7 11 -10 -11 -12 12 -14 -15 -16 -17 -18 -19 -20 -21
leaf_value=6.5376532869071451e-05 0.0076978068490278365 0.0033897497253009105 0.0044267918745209515 0.0019243052949237511 0.0088312352156084337 -0.0053495529535515091 0.01139100376752728 -0.0041965142218362431 -0.0069348290320940678 -0.0056965344101247784 -0.0057842915449503925 0.00771903072011813 0.0015186962794284528 0.0022867451680410674 -0.0070102530777928322 0.0056679430069847044 0.0013220601318852632 -0.0092286160895984765 0.0018270017512144233 0.010697532284361117
leaf_weight=18.823701485991482 54.30476638674736 28.066861674189568 14.348323315382002 12.727440878748892 28.246304452419281 14.375696942210196 13.246845424175261 7.4630462229251853 20.497411280870438 35.151562064886093 19.726140663027763 29.556133836507797 25.379408612847328 83.489283978939056 18.64397157728672 18.714974731206894 39.399300932884216 7.0308668613433829 12.670025572180746 22.149444207549095
leaf_count=61 148 91 41 42 77 58 33 26 89 149 79 81 80 265 75 54 132 27 38 58
internal_value=0.00213465 0.000739059 0.0021727 0.00372074 0.00258755 0.00387618 0.00279081 0.005102 -0.00351005 -0.00264353 -0.000400054 0.00375941 0.00485417 0.000698491 -0.00139798 0.000947991 -0.000457184 -0.00245692 0.00656395 0.00822802
internal_weight=524.012 278.815 195.871 245.196 190.892 157.667 129.42 75.6454 33.2249 82.9446 47.793 62.3986 54.9355 146.703 63.2135 44.5695 53.775 25.8546 49.1678 36.4978
internal_count=1704 938 619 766 618 487 410 220 131 319 170 187 161 482 217 142 190 88 137 99
is_linear=0
shrinkage=0.00891649


Tree=133
num_leaves=21
num_cat=0
split_feature=15 15 15 4 4 4 11 7 7 0 4 4 11 15 15 16 11 16 0 15
split_gain=13.8396 14.9157 9.81139 11.7495 11.4955 10.6272 9.75001 9.58421 9.63616 9.03426 8.5872 6.40767 5.5171 4.82212 4.54029 4.09163 3.99775 5.00705 3.76325 3.74169
threshold=-1.3110423308008141 -1.3515456663877463 1.4584443261530822 0.30120022902775129 -0.16179110723847789 -0.37050680656935803 0.60230980010977542 0.26232668622685645 -0.53655301128110655 -0.49398282121403592 -0.90831413390035376 -0.95105499352929657 -0.87407561850668902 -0.75197308362565063 0.27715364387660096 -0.16090320591406571 1.0000000180025095e-35 1.023427836088219 -0.49398282121403592 -1.7252142122696066
decision_type=2 2 2 2 2 2 2 2 2 2 2 2 2 2 2 2 2 2 2 2
left_child=1 19 3 4 5 10 12 8 13 15 11 -2 -4 -5 -15 -7 17 -3 -8 -1
right_child=2 16 6 7 -6 9 18 -9 -10 -11 -12 -13 -14 14 -16 -17 -18 -19 -20 -21
leaf_value=-0.00023212517930373656 0.0053504220473455603 7.2487558783723976e-05 0.0027601395578534392 -0.0039827947287562502 0.0086053367195778521 -0.0085750380490296155 -0.00083859749669400641 -0.0020593158704596938 0.0057563120601907486 0.00281921361731499 0.0079737393846036585 0.00079938607327061171 -0.0064268690383891772 0.0040619839663213397 -0.0020012308909714812 -0.00099593961672632923 -0.011299553259861822 -0.010251239724216292 0.0071216910501131717 0.0058363270293144264
leaf_weight=22.732022181153297 55.757594153285027 8.9296952337026614 6.4756377041339901 15.410676047205923 40.253907725214958 8.8362113088369387 7.7747252881526974 50.335843354463577 45.157134681940079 51.2737787514925 46.912192717194557 43.833767518401146 22.893030807375908 26.376776456832886 15.312871396541594 15.159110948443411 10.435653671622275 6.1156188994646064 11.135572716593741 12.189681902527807
leaf_count=76 160 33 20 58 108 35 26 185 136 167 129 148 89 83 57 54 48 27 32 33
internal_value=0.00211852 -0.00188668 0.00264236 0.00308546 0.00423079 0.0034346 -0.00115023 0.00111843 0.00268403 0.000712228 0.00483238 0.00335038 -0.00436629 0.000252647 0.00182268 -0.00378475 -0.00706263 -0.00413755 0.00380163 0.00187613
internal_weight=523.302 60.4027 462.899 414.62 262.027 221.773 48.279 152.593 102.257 75.2691 146.504 99.5914 29.3687 57.1003 41.6896 23.9953 25.481 15.0453 18.9103 34.9217
internal_count=1704 217 1487 1320 801 693 167 519 334 256 437 308 109 198 140 89 108 60 58 109
is_linear=0
shrinkage=0.00891649


Tree=134
num_leaves=21
num_cat=0
split_feature=10 10 6 4 4 10 10 10 19 1 5 10 10 10 10 6 6 6 6 10
split_gain=10.8664 15.7508 8.48256 7.34442 24.6943 7.84455 16.8528 10.6632 7.16195 6.53467 7.50384 6.03776 4.8861 6.22747 7.40012 4.32349 11.7118 4.24561 5.55391 4.03524
threshold=-0.12240666763837048 -0.711323193070312 -1.5151905494409441 -0.16179110723847789 0.27542147144202717 0.84348206207709919 1.2707422009807037 1.3302294371720149 -1.1444575533109163 1.7638748049172239 -0.30687618230569341 0.61313439587818919 1.6767917852821765 2.0165826887306255 2.627553828393399 0.032597578398032456 -0.085394133185826573 -0.76405830219010085 -0.44857027978535463 -0.42794676941206106
decision_type=2 2 2 2 2 2 2 2 2 2 2 2 2 2 2 2 2 2 2 2
left_child=1 2 -1 -2 -5 11 -7 -8 -4 10 15 -6 -9 -14 -15 16 -10 -12 -19 -3
right_child=3 19 8 4 5 6 7 12 9 -11 17 -13 13 14 -16 -17 -18 18 -20 -21
leaf_value=-0.0046594407073243596 -0.001766611509533696 0.010650742317740618 0.0090641101511641058 0.010814770410943104 0.0013477565046811685 0.010117307908930732 -0.0040941104145480901 0.010004774426263074 0.0013885981670533403 -0.0055991090336012569 0.0080400526175443705 -0.0028812339265517363 -0.0017101526002528955 0.011638405310873184 0.00026425196444484236 0.0024728002417434593 -0.010512160518745758 -0.0011614696777379307 0.0050998028773867662 0.0057892459130119214
leaf_weight=13.331758916378019 63.392787143588066 19.464900150895119 12.688282504677771 21.020971447229385 49.77161318063736 18.786931246519089 24.298517256975174 6.990988925099372 23.510953605175018 7.9911300092935553 20.248052299022675 57.69728410243988 18.105695992708206 8.4736975133419055 9.3397165685892087 40.709242284297943 8.8836857676506025 15.713632792234419 37.850883856415749 44.515934273600578
leaf_count=48 229 51 33 54 164 49 97 18 76 30 56 218 65 21 31 130 37 55 115 127
internal_value=0.00210172 0.00347068 0.002126 0.000894437 0.00168211 0.000684696 0.00268945 0.000605332 0.00267004 0.00214166 0.00256898 -0.000919116 0.00327072 0.00194721 0.00566545 0.000544568 -0.00187807 0.00457204 0.00325723 0.00726826
internal_weight=522.787 244.908 180.928 277.878 214.485 193.464 85.9955 67.2086 167.596 154.908 146.916 107.469 42.9101 35.9191 17.8134 73.1039 32.3946 73.8126 53.5645 63.9808
internal_count=1704 758 580 946 717 663 281 232 532 499 469 382 135 117 52 243 113 226 170 178
is_linear=0
shrinkage=0.00891649


Tree=135
num_leaves=16
num_cat=0
split_feature=12 12 12 12 12 12 12 10 6 15 15 15 10 12 15
split_gain=14.3185 16.4472 15.4866 13.4788 18.4755 10.4042 11.8976 8.47276 6.83255 10.2657 5.81964 5.51133 5.42887 4.67747 4.21733
threshold=-0.11954982027963164 -0.25586931583086425 -0.75163971702825794 0.36333471803336193 0.4100240155228117 0.86508898182794158 0.9670102492271061 -0.12240666763837048 1.6637455641009946 -1.3110423308008141 -0.21923732335509546 1.4584443261530822 -0.12240666763837048 -0.52032889768607571 -0.5518891333354462
decision_type=2 2 2 2 2 2 2 2 2 2 2 2 2 2 2
left_child=1 2 8 -2 12 -6 10 -8 9 -1 -7 -11 -5 -4 -10
right_child=3 -3 13 4 5 6 7 -9 14 11 -12 -13 -14 -15 -16
leaf_value=-0.0054937413271707557 0.0075922667371262475 -0.0026233753526347671 0.010952849244128758 0.00062990454096084831 0.0087335124665266443 -0.0052863946785280964 0.0095994595710726174 0.0030861528035144772 0.0099457950623820773 0.0016985699043470101 0.0013102043107704733 -0.0057811140373939416 -0.0066092908595357241 0.004775014460976678 0.0014868092457674652
leaf_weight=22.604917138814926 53.871646225452423 82.810002490878105 13.263551488518713 14.204324036836622 27.984574928879738 14.325589865446089 22.503108024597168 52.86772346496582 9.240024611353876 97.18317599594593 39.397212103009224 8.2908483445644361 18.95432984828949 35.525430500507355 9.1324545145034772
leaf_count=85 148 319 35 50 77 58 59 161 24 313 132 31 81 102 29
internal_value=0.00208553 0.000701762 0.00211332 0.00366086 0.00254576 0.00382149 0.00275274 0.00503398 0.000664306 -6.41824e-05 -0.000444572 0.0011012 -0.00347995 0.00645546 0.00571861
internal_weight=522.159 278.05 195.24 244.109 190.237 157.078 129.094 75.3708 146.451 128.079 53.7228 105.474 33.1587 48.789 18.3725
internal_count=1704 938 619 766 618 487 410 220 482 429 190 344 131 137 53
is_linear=0
shrinkage=0.00891649


Tree=136
num_leaves=24
num_cat=0
split_feature=20 14 14 20 20 20 16 16 16 1 5 14 5 20 20 20 5 5 20 16 14 19 16
split_gain=11.7164 13.3581 10.7551 7.85973 18.2554 12.8221 9.55258 7.34186 9.20819 7.33572 7.59777 7.22058 6.4265 6.20856 5.59607 8.11208 4.94373 12.1641 4.90929 4.81469 4.52063 4.25816 3.69743
threshold=1.201385268480285 2.0825664633865908 1.5714736760872448 -0.64753450234660914 -0.73597760321341188 -0.42897523810759108 -0.59942270650849927 0.39111648522588432 0.47250001188244639 0.25291398073957427 1.4478302674070178 -0.2178449368241113 0.83131712737464758 1.0000000180025095e-35 0.60075011733418315 0.90820345910560196 -0.64522410462576685 -1.0574861452883755 -1.2331699816879782 1.023427836088219 -0.44510262534261685 -1.1068184745307392 -1.0262513428951647
decision_type=2 2 2 2 2 2 2 2 2 2 2 2 2 2 2 2 2 2 2 2 2 2 2
left_child=1 2 3 4 6 -5 20 13 -9 10 16 -6 -11 -7 -15 -16 17 -2 -8 -10 22 -3 -1
right_child=9 21 -4 5 11 7 18 8 19 12 -12 -13 -14 14 15 -17 -18 -19 -20 -21 -22 -23 -24
leaf_value=0.00011713710523742832 -0.0092257129910615389 -0.0010443744674420215 0.010529661971525975 0.012190927953657529 0.00099769799220396859 0.0023101658583978609 0.0039568114377004568 -0.0037631417176620793 0.007415366945418742 0.0084183896234069789 0.0053829279877910868 -0.004508437430958686 -0.0022121862600970725 0.0082478716660832341 0.0018407911751832826 0.010754565057622519 -0.0071779579343331946 0.0065893451401916707 0.0091451648073114702 0.0013589346457197338 0.0029107928208778108 -0.010002676956466991 -0.0085243254861012488
leaf_weight=8.5583728551864606 7.0053396821022025 8.8514528572559374 13.909701585769652 12.955685794353483 33.379244536161423 72.889175191521645 43.549258440732956 23.321321576833725 13.854622587561606 9.3742106705904025 6.6420082151889792 43.09917351603508 8.2749181836843473 40.807040572166443 37.636276587843895 10.129707410931585 25.296845734119415 8.1250263303518278 21.611185237765312 40.525520011782646 17.034820005297661 7.8167417347431174 6.8840269744396201
leaf_count=28 27 30 36 33 114 236 132 89 38 26 21 166 29 112 124 26 105 25 58 136 53 34 26
internal_value=0.00206946 0.00257253 0.00286957 0.00261733 0.0011596 0.00362339 0.00371183 0.00315496 0.000902908 -0.0014734 -0.00331573 -0.00209739 0.00339098 0.00423806 0.00582426 0.00375274 -0.00477089 -0.000753126 0.00568019 0.00290789 -0.000216422 -0.00520777 -0.00370594
internal_weight=521.532 456.813 440.145 426.235 174.116 252.119 97.6377 239.164 77.7015 64.7183 47.0692 76.4784 17.6491 161.462 88.573 47.766 40.4272 15.1304 65.1604 54.3801 32.4772 16.6682 15.4424
internal_count=1704 1471 1407 1371 577 794 297 761 263 233 178 280 55 498 262 150 157 52 190 174 107 64 54
is_linear=0
shrinkage=0.00891649


Tree=137
num_leaves=20
num_cat=0
split_feature=12 12 12 12 12 12 12 10 1 19 19 1 19 1 1 1 4 19 19
split_gain=14.0281 16.0371 15.1222 13.2013 18.0654 10.2335 11.638 8.34547 8.29036 7.73869 7.05012 6.21253 6.03108 5.80348 7.09696 5.29751 4.87241 4.71554 4.35528
threshold=-0.11954982027963164 -0.25586931583086425 -0.75163971702825794 0.36333471803336193 0.4100240155228117 0.86508898182794158 0.9670102492271061 -0.12240666763837048 0.090414026473754086 -0.62078405201401421 0.41672746587514192 -1.3954613522900934 0.99396398928560536 -0.49505222168737434 -0.3861070146578352 0.066963389452968439 0.27542147144202717 1.5271793787288084 -0.41046615744162845
decision_type=2 2 2 2 2 2 2 2 2 2 2 2 2 2 2 2 2 2 2
left_child=1 2 11 -2 9 -6 8 -8 -7 -5 -3 12 -1 17 -15 -16 18 -13 -4
right_child=3 10 16 4 5 6 7 -9 -10 -11 -12 13 -14 14 15 -17 -18 -19 -20
leaf_value=-0.0078682327419296264 0.0075191084751992793 -0.00037560033980692275 0.0042296264531340765 0.0019407777126391225 0.0086655893941644992 -0.0056564323204851838 0.0095192297561256089 0.0030443747184769575 0.0018839104082238236 -0.0068607003779482065 -0.0056365513882936516 0.0024989202317009275 0.0012214715647161569 -0.0048989751842594756 0.0070333479052256511 0.00024995618307801533 0.0016403453274974073 0.0095367059654117015 0.010556864688828778
leaf_weight=12.197897508740427 53.560943678021431 47.698167309165001 14.190119817852972 12.71204401552677 27.800312370061874 16.615962982177734 22.412021353840828 52.789475739002228 37.090997472405434 20.395068421959877 35.018157601356506 33.346132934093475 10.65507824718952 17.882801160216331 10.900953099131582 51.72988098859787 12.553222760558127 9.5966617316007596 21.790478765964508
leaf_count=48 148 170 41 42 77 70 59 161 120 89 149 105 33 70 29 172 38 25 58
internal_value=0.00205346 0.000683027 0.00207875 0.00361552 0.00251226 0.00377566 0.00271719 0.00497724 -0.000444196 -0.00345038 -0.00260181 0.000648473 -0.00360049 0.0014383 2.66895e-05 0.00143928 0.00638304 0.00407945 0.00805721
internal_weight=520.936 277.56 194.843 243.377 189.816 156.709 128.908 75.2015 53.707 33.1071 82.7163 146.309 22.853 123.456 80.5136 62.6308 48.5338 42.9428 35.9806
internal_count=1704 938 619 766 618 487 410 220 190 131 319 482 81 401 271 201 137 130 99
is_linear=0
shrinkage=0.00891649


Tree=138
num_leaves=23
num_cat=0
split_feature=15 15 15 15 15 15 15 15 17 6 6 18 6 6 15 15 5 5 6 6 6 5
split_gain=13.2255 14.3744 9.4898 9.18803 7.83713 14.2533 12.038 13.0185 9.59815 8.53493 9.49205 13.0952 7.42418 6.77167 5.65751 7.72684 5.38679 5.20651 4.3666 4.7597 5.89073 3.80027
threshold=-1.3110423308008141 -1.3515456663877463 1.4584443261530822 1.0820271139716409 0.27715364387660096 -0.027395422730445634 0.3832932350656017 0.89826929368498365 -0.23197720343105005 -0.070805002637463241 1.1467942814390319 -1.350800561649079 -0.44857027978535463 -0.68271273030203827 -0.75197308362565063 -0.21923732335509546 0.88972925765399158 -0.37160518346699978 -0.44857027978535463 -0.61716177942211659 -1.1272267459751897 0.41331859411350574
decision_type=2 2 2 2 2 2 2 2 2 2 2 2 2 2 2 2 2 2 2 2 2 2
left_child=1 13 3 4 5 9 12 -8 -9 18 11 -11 -6 -1 -13 -16 17 -4 19 20 -2 -19
right_child=2 -3 16 -5 6 -7 7 8 -10 10 -12 14 -14 -15 15 -17 -18 21 -20 -21 -22 -23
leaf_value=-0.0040701462384043407 0.0033840180158475333 -0.0069822194841043135 0.0025082194010702919 0.010082827980012496 -0.0065877916446174965 0.0090130027831221496 0.007388093450801993 0.0037635933079658078 -0.0038550265107250578 -0.0092192451339591121 0.0060872217661323618 -0.0020217965879343576 0.00017391118008645745 0.0044137485078182643 0.0084374651276944799 0.00079576920026604809 0.0034455665966324329 -0.0078224004970684716 0.0086157235348088539 0.0010474952473436719 0.009744331674405398 -0.00059335390630076482
leaf_weight=10.544383481144903 34.691828474402428 25.344897910952568 9.325188681483267 13.8338366150856 19.163597002625465 34.358897268772125 34.83189994096756 29.368771240115166 23.452665880322456 10.836301937699316 24.880598217248917 29.08263532817363 38.414216086268425 24.215955838561058 14.227225586771956 38.734642833471312 13.907960236072539 15.957417234778406 18.783408105373383 30.158439978957176 17.183790042996407 8.9135521799325925
leaf_count=37 108 108 29 36 74 93 97 94 88 45 73 107 138 72 38 132 43 64 50 101 46 31
internal_value=0.00203805 -0.00188672 0.00255195 0.00298965 0.00274098 0.00368871 0.00108944 0.00316715 0.000381282 0.00284911 0.0012178 -9.04677e-05 -0.00207143 0.00181493 0.0011213 0.00285593 -0.00118421 -0.00309288 0.00475148 0.00386272 0.00549632 -0.00522334
internal_weight=520.212 60.1052 460.107 412.003 398.169 252.938 145.231 87.6533 52.8214 218.579 117.761 92.8808 57.5778 34.7603 82.0445 52.9619 48.1041 34.1962 100.817 82.0341 51.8756 24.871
internal_count=1704 217 1487 1320 1284 793 491 279 182 700 395 322 212 109 277 170 167 124 305 255 154 95
is_linear=0
shrinkage=0.00891649


Tree=139
num_leaves=22
num_cat=0
split_feature=14 14 18 17 6 17 6 16 16 17 6 17 18 17 17 18 18 18 18 17 17
split_gain=11.0217 12.0053 8.52901 17.8872 11.1085 9.17864 7.57956 6.27651 11.632 8.48644 5.48878 5.18934 5.46855 5.06619 7.59768 4.63585 4.69103 6.9401 8.29824 3.93333 7.46238
threshold=2.0825664633865908 1.5714736760872448 -1.350800561649079 -0.58242668060359326 1.785180433739298 1.0499957711299379 -1.5151905494409441 1.6027400489972978 2.3362919590111364 -0.39443305730128758 -1.2011159934858415 0.61810558921759939 0.12752380531045562 1.7472287412152914 2.3183819962881675 0.064410241317530689 -0.25938767864529572 -0.41577340490258857 -0.62513802350445447 1.6998191866108876 1.1857568762551802
decision_type=2 2 2 2 2 2 2 2 2 2 2 2 2 2 2 2 2 2 2 2 2
left_child=1 2 3 -1 -5 6 -4 10 9 -9 -8 12 15 19 -15 16 17 18 -12 20 -7
right_child=-2 -3 5 4 -6 13 7 8 -10 -11 11 -13 -14 14 -16 -17 -18 -19 -20 -21 -22
leaf_value=-0.01051764321759838 -0.004639722127308208 0.010101440546001482 -0.0023245292014110524 -0.0011108873278757852 0.0090785057718877193 -0.0026904215651140863 0.009576865001084605 0.00093617096121267494 0.0092932397281791906 -0.010423000059939107 0.0026829089027811449 0.0078381825238528786 0.0045638445658400398 0.0090498773921513249 -0.0018453787769422271 -0.00085894506037812997 0.006482512119843937 -0.00086445466928390538 0.012698761429205306 -0.0063298591245548692 0.0062932328203547617
leaf_weight=12.571430712938307 18.791822478175163 14.912329331040381 19.45585860311985 33.511912643909454 11.158649146556852 30.574115380644798 12.050774678587912 11.753641560673717 6.7698170542716971 9.0781354904174805 50.261169686913483 20.139235258102417 123.61762122809887 9.5592702925205248 10.318340495228766 33.828571617603302 22.892492011189461 39.431892886757858 7.3547436594963065 12.06756244599819 9.46243968605995
leaf_count=54 72 39 68 121 30 117 32 41 18 38 163 55 374 25 36 122 64 142 18 49 26
internal_value=0.00202249 0.00227426 0.00203201 -0.00119241 0.00143631 0.00246372 0.00304992 0.00336248 -0.000689803 -0.00399622 0.00372581 0.00348608 0.00316768 -0.000433845 0.00336899 0.00204364 0.00286467 0.00200712 0.0039757 -0.0018988 -0.000554677
internal_weight=519.562 500.77 485.858 57.242 44.6706 428.616 356.634 337.178 27.6016 20.8318 309.577 297.526 277.386 71.9817 19.8776 153.769 119.94 97.0478 57.6159 52.1041 40.0366
internal_count=1704 1632 1593 205 151 1388 1135 1067 97 79 970 938 883 253 61 509 387 323 181 192 143
is_linear=0
shrinkage=0.00891649


Tree=140
num_leaves=19
num_cat=0
split_feature=15 10 15 10 7 7 10 10 10 19 10 11 7 19 11 11 19 10
split_gain=12.9424 15.9077 14.0723 11.8267 7.25493 7.7006 6.78702 6.64116 12.1662 9.89742 6.36597 5.8092 5.20879 4.82696 3.97721 3.91766 3.73788 3.71274
threshold=-1.3110423308008141 -0.12240666763837048 -1.3515456663877463 -0.711323193070312 0.26232668622685645 -0.045938442206544743 0.84348206207709919 0.61313439587818919 0.039524749555498492 -0.10016762488090768 -0.75812582529097694 0.60230980010977542 0.26232668622685645 0.36203409701194172 1.0000000180025095e-35 0.48807697887348661 0.52912356832460583 1.1564717013602797
decision_type=2 2 2 2 2 2 2 2 2 2 2 2 2 2 2 2 2 2
left_child=2 3 -1 10 5 6 13 8 -6 -9 11 15 -12 -3 -4 -2 -15 -8
right_child=1 4 14 -5 7 -7 17 9 -10 -11 12 -13 -14 16 -16 -17 -18 -19
leaf_value=0.001783371279827489 0.0039004648752575814 0.0019249469783450292 -0.0040060090424953575 0.0077072884846562202 -0.0015998228826625477 0.0088347678941902586 0.0098251515455085332 0.00065452127195684705 0.0073295281158502921 -0.0078417196873795097 0.004043303221630116 0.008072854834057926 -0.0011342907846690464 -0.0069185811066820348 -0.011181593881306474 -0.0028775435076108351 -0.00059153516663318969 0.0031872617168238648
leaf_weight=34.711540639400482 54.260357350111008 49.390850305557251 14.940078511834146 58.772859543561935 39.283327922224998 12.648524850606917 7.818194478750228 21.990476459264755 17.290483042597771 21.182001858949661 25.032357096672058 26.162692055106163 39.527842983603477 10.090063512325285 10.327002719044684 7.4800461232662192 26.824645325541496 41.293939635157585
leaf_count=109 161 161 60 165 142 34 21 74 48 90 82 72 138 42 48 27 96 134
internal_value=0.00200658 0.00251558 -0.00188001 0.00431286 0.000982928 0.00223392 0.00161211 -0.000873242 0.00112863 -0.00350393 0.00300284 0.00456179 0.000875941 0.000105407 -0.00693101 0.00306958 -0.00232643 0.00425218
internal_weight=519.027 459.049 59.9786 211.236 247.813 148.066 135.418 99.7463 56.5738 43.1725 152.463 87.9031 64.5602 86.3056 25.2671 61.7404 36.9147 49.1121
internal_count=1704 1487 217 645 842 488 454 354 190 164 480 260 220 299 108 188 138 155
is_linear=0
shrinkage=0.00891649


Tree=141
num_leaves=23
num_cat=0
split_feature=12 20 12 12 12 12 12 12 1 4 19 19 4 1 4 4 19 19 19 19 11 11
split_gain=13.6211 18.2136 12.7212 17.4662 11.3771 14.5035 9.9022 11.1444 8.08194 7.76426 7.59827 7.47926 6.7574 6.72459 6.37696 5.16172 4.10727 5.68571 5.24891 10.8959 3.83598 4.1051
threshold=-0.11954982027963164 1.201385268480285 0.36333471803336193 0.4100240155228117 -0.25586931583086425 -0.75163971702825794 0.86508898182794158 0.9670102492271061 0.090414026473754086 -0.37050680656935803 -0.62078405201401421 0.41672746587514192 -0.27823505003708709 0.30031160624504921 0.90173745429034469 0.27542147144202717 0.99396398928560536 0.94625821851108094 1.0000000180025095e-35 -0.11406942191867205 -0.48294564434938708 0.65401848165925258
decision_type=2 2 2 2 2 2 2 2 2 2 2 2 2 2 2 2 2 2 2 2 2 2
left_child=1 4 20 10 5 16 -5 8 -8 -9 -4 -6 -11 -3 -14 -7 17 18 19 -1 -2 -22
right_child=2 13 3 6 11 15 7 9 -10 12 -12 -13 14 -15 -16 -17 -18 -19 -20 -21 21 -23
leaf_value=0.0018964235214162185 0.011550862990947788 -0.0089886999302009763 0.0019223245775619386 0.0085425236080229998 0.00087588835588098897 0.0087815033948495623 -0.0055926459490178342 0.011099621149816863 0.0018624597395671481 -0.0042732039657463524 -0.0068051890944438535 -0.004853203001628832 0.0074859561798539271 0.0017979287419573086 0.001379338983615686 0.0018885989483892916 0.0036341299674893233 -0.005398622054532079 0.0039949377681022802 -0.0068745849993095253 0.0042449362781834445 0.010612775389453703
leaf_weight=38.116594180464745 13.1388733536005 19.800337955355648 12.711773887276648 27.464260742068291 41.983122259378433 33.038152724504471 16.552128210663795 13.011609464883803 37.082636967301369 7.4619232863187781 20.319183930754662 31.516199260950089 29.135615170001984 5.7555276602506629 25.23200361430645 11.502793863415716 36.914276883006096 12.58315998315811 29.534744217991829 15.728649511933325 28.900117561221123 10.96774400770664
leaf_count=120 34 83 42 77 144 91 70 33 120 26 89 132 81 20 80 35 112 49 89 63 85 29
internal_value=0.00199095 0.000638559 0.00353528 0.00245234 0.00136873 0.00259074 0.00369903 0.00265982 -0.000433615 0.00487896 -0.00341613 -0.00157498 0.00356291 -0.00650212 0.00465171 0.00698446 0.00111504 0.000140579 0.000983481 -0.000666057 0.00738955 0.00601533
internal_weight=518.451 276.474 241.978 188.971 250.918 177.418 155.94 128.476 53.6348 74.8412 33.031 73.4993 61.8295 25.5559 54.3676 44.5409 132.877 95.9631 83.38 53.8452 53.0067 39.8679
internal_count=1704 938 766 618 835 559 487 410 190 220 131 276 187 103 161 126 433 321 272 183 148 114
is_linear=0
shrinkage=0.00891649


Tree=142
num_leaves=14
num_cat=0
split_feature=15 15 15 11 15 5 3 3 3 3 3 3 11
split_gain=12.6203 13.781 9.29372 9.28152 8.93677 8.13561 7.80549 19.1619 17.8301 8.25056 5.15134 10.1602 3.94896
threshold=-1.3110423308008141 -1.3515456663877463 1.4584443261530822 0.60230980010977542 1.0820271139716409 -0.37160518346699978 -0.50044154892440484 -1.0091682742455681 -0.4739748824901675 1.0000000180025095e-35 -1.1534414849232126 -1.5662790729461455 1.0000000180025095e-35
decision_type=2 2 2 2 2 2 2 2 2 2 2 2 2
left_child=1 -1 4 5 6 -4 7 10 -8 -10 11 -2 -3
right_child=2 12 3 -5 -6 -7 8 -9 9 -11 -12 -13 -14
leaf_value=0.0017592384647924998 0.00086390864470462577 -0.003959891127176051 0.0024180539699792344 0.0036240468637543893 0.0099529503374649018 -0.0075872652171677804 -0.0032222595192671929 0.0099647437402138293 0.0070819937828434524 0.0022053931001255488 -0.00034249049692484576 0.010040438607016908 -0.011124263609237803
leaf_weight=34.667992994189262 25.525416001677513 14.906150892376901 9.2990429848432559 18.794969215989113 13.667809233069418 19.885963290929794 45.490362301468849 36.384283766150475 31.670458167791367 206.30066701769829 35.741084277629852 15.106108590960501 10.273315683007239
leaf_count=109 85 60 29 58 36 80 173 97 90 671 128 40 48
internal_value=0.00197608 -0.00186586 0.00247945 -0.00122216 0.00291422 -0.00436993 0.00266922 0.00465263 0.00187902 0.00285643 0.00211814 0.00428094 -0.0068754
internal_weight=517.714 59.8475 457.866 47.98 409.886 29.185 396.218 112.757 283.461 237.971 76.3726 40.6315 25.1795
internal_count=1704 217 1487 167 1320 109 1284 350 934 761 253 125 108
is_linear=0
shrinkage=0.00891649


Tree=143
num_leaves=19
num_cat=0
split_feature=20 14 14 10 10 10 14 14 14 20 7 11 10 20 10 10 7 7
split_gain=11.0309 12.7472 10.2983 9.11178 7.9987 6.97452 7.51332 14.2509 8.2646 6.83812 6.28907 8.31295 6.17057 5.03823 4.98428 4.81354 4.00914 6.28044
threshold=1.201385268480285 2.0825664633865908 1.5714736760872448 -0.12240666763837048 -0.711323193070312 1.0000000180025095e-35 0.88844315844919575 -0.12597556700880727 -0.2178449368241113 -0.076762462275573332 1.6946167216369545 0.60230980010977542 2.0165826887306255 0.079749929054923632 0.52818311358505732 -0.12240666763837048 -0.46638798281828853 -0.98479021180104809
decision_type=2 2 2 2 2 2 2 2 2 2 2 2 2 2 2 2 2 2
left_child=1 2 3 4 10 -5 7 8 12 -8 11 13 14 -1 -7 -3 17 -2
right_child=16 15 -4 5 -6 6 9 -9 -10 -11 -12 -13 -14 -15 -16 -17 -18 -19
leaf_value=0.0011598412729380975 -0.00080424649245849293 -0.0016021325113345355 0.010323916522340573 -0.001169964685263547 0.0069590608311604586 0.0058082696872624627 -0.010425700912987801 0.0071326823007579424 -0.0036962153845583202 0.0012976656598198346 -0.004245296857050578 0.0073218245528056279 0.0094357757990000055 0.0059998388987186789 0.00018068312527890775 -0.011492620841259628 -2.4251757333990295e-05 -0.01107983971682432
leaf_weight=85.555373504757881 11.812911927700045 10.570179387927057 13.606455788016317 65.707324132323265 50.319619312882423 16.283154770731926 6.5489656031131736 44.0727718770504 22.376290708780289 9.3404523283243162 9.0968550592660886 31.600929513573647 8.6690089553594571 21.186057984828949 51.868826314806938 6.0196194499731055 44.872368797659874 7.6712351739406577
leaf_count=280 42 37 36 239 145 47 28 127 87 32 32 91 23 63 177 27 158 33
internal_value=0.00196056 0.00245152 0.0027436 0.00249732 0.00389303 0.00126883 0.00227694 0.00292301 0.00104891 -0.00349438 0.00284486 0.00331668 0.00243545 0.00212656 0.00153414 -0.00516612 -0.00148608 -0.00485145
internal_weight=517.178 452.822 436.232 422.626 197.759 224.867 159.159 143.27 99.1973 15.8894 147.439 138.342 76.821 106.741 68.152 16.5898 64.3565 19.4841
internal_count=1704 1471 1407 1371 611 760 521 461 334 60 466 434 247 343 224 64 233 75
is_linear=0
shrinkage=0.00891649


Tree=144
num_leaves=22
num_cat=0
split_feature=20 0 0 0 19 0 0 0 0 20 20 20 20 18 19 11 11 18 20 0 11
split_gain=10.8485 10.0728 18.7922 8.30514 8.2163 8.00558 16.0341 13.3453 6.92777 6.7014 5.78093 8.92754 6.8092 5.74378 5.69737 5.05687 4.96845 4.09557 4.01598 4.002 3.96713
threshold=1.201385268480285 -0.57152078311884813 -0.029711750967318058 0.071636984136287163 0.36203409701194172 -0.66661605942235636 -1.1159823000930063 -1.2069715627391957 0.53971022302968286 -0.73597760321341188 0.64317010994199264 0.60075011733418315 0.10865941238919373 -0.81332422014538863 0.41672746587514192 1.0000000180025095e-35 -1.1759879818297165 -1.4896303543108809 -0.68779826277202838 -0.97234573033267269 -0.56806480754761346
decision_type=2 2 2 2 2 2 2 2 2 2 2 2 2 2 2 2 2 2 2 2 2
left_child=1 5 -3 4 -4 6 7 16 -5 -7 11 12 14 17 18 -11 -1 -2 -10 -8 -18
right_child=13 2 3 8 -6 9 19 -9 10 15 -12 -13 -14 -15 -16 -17 20 -19 -20 -21 -22
leaf_value=-0.0031146103624594989 0.001694507982705053 0.0077833734786577321 0.0018968516214075911 0.0068008799172865238 -0.0045296450964287544 0.0054734376465181249 0.012362255238694131 -0.0035959587792645754 -0.00094941808822385416 -0.0067090368678369332 0.0075858227774711524 -0.0027496287276552898 0.0093584294405040184 0.00093394163374796088 -0.0034782376892141822 -0.00095916854529794551 0.010386989450333228 -0.0062026979581285765 0.0051959834339023623 0.0054718952430160761 0.0033063224610213903
leaf_weight=7.0874474197626105 6.5448171198368099 62.637103632092476 46.43499319255352 36.662230730056763 23.728479355573654 8.3596596270799619 9.1453993022441846 40.502481147646904 11.448568224906913 18.865532398223877 14.14457070827484 27.413264825940132 11.84904572367668 35.200873985886574 11.79576739668846 33.682035341858864 8.0749239027500135 22.592292875051498 30.054728433489807 23.850597947835922 26.60337507724762
leaf_count=24 23 176 153 103 96 25 23 153 40 76 39 102 32 117 46 121 21 93 90 69 82
internal_value=0.001945 0.00243232 0.00349492 0.00223502 -0.000272954 0.000766166 0.00214633 4.19595e-05 0.00346371 -0.00184349 0.00231427 0.00150018 0.00329392 -0.00147332 0.001936 -0.00302786 0.00356919 -0.00439831 0.00348564 0.00738148 0.00496561
internal_weight=516.678 452.34 276.169 213.532 70.1635 176.171 115.264 82.2682 143.368 60.9072 106.706 92.5614 65.1481 64.338 53.2991 52.5476 41.7657 29.1371 41.5033 32.996 34.6783
internal_count=1704 1471 877 701 249 594 372 280 452 222 349 310 208 233 176 197 127 116 130 92 103
is_linear=0
shrinkage=0.00891649


Tree=145
num_leaves=18
num_cat=0
split_feature=12 12 12 12 12 6 12 12 5 1 17 1 1 5 17 12 12
split_gain=13.2308 14.6619 13.9872 12.2324 16.9179 11.8779 9.55413 10.7178 8.44259 7.89623 6.44645 6.41026 5.44665 4.96671 7.07395 3.89046 3.74974
threshold=-0.11954982027963164 -0.25586931583086425 -1.1589136206159036 0.36333471803336193 0.4100240155228117 1.6637455641009946 0.86508898182794158 0.9670102492271061 0.88972925765399158 0.090414026473754086 1.7472287412152914 -1.3954613522900934 -1.1787487881334533 0.084244107409095867 1.0499957711299379 1.3799726145899287 1.5448062732710468
decision_type=2 2 2 2 2 2 2 2 2 2 2 2 2 2 2 2 2
left_child=1 2 5 -2 -5 8 -6 9 10 -8 11 -1 -4 14 -3 -9 -17
right_child=3 13 12 4 6 -7 7 15 -10 -11 -12 -13 -14 -15 -16 16 -18
leaf_value=-0.009983976638868821 0.007260422053897945 0.00098901536963293471 -0.0026839524574686887 -0.003384077358570832 0.0084194016204275184 0.0063459459665230087 -0.0055346658531965224 0.0083725948163962081 0.0073537243192464772 0.0018431946387556504 0.0045617454719992538 -0.0024496202214545856 0.005008288633746175 -0.0051396656992850421 -0.0075257724524106966 0.00089007353730137496 0.0055542958813566481
leaf_weight=10.549158826470373 52.436094224452972 38.581280127167702 7.7330044955015174 32.962584391236305 27.118230804800987 16.828283131122589 16.493814557790756 18.130010887980461 7.0450225174427024 37.069678291678429 8.3310987651348096 55.140972286462784 87.433182373642921 34.292995482683182 9.4992963522672635 23.204778552055359 33.1180649548769
leaf_count=42 148 136 27 131 77 48 70 50 20 120 25 193 264 142 41 75 95
internal_value=0.00193038 0.000595774 0.00193886 0.00345777 0.00239592 -0.000422327 0.00362766 0.00260885 -0.00184007 -0.000424255 -0.00273032 -0.00366886 0.00437111 -0.00254923 -0.000703117 0.00479324 0.00363658
internal_weight=515.968 275.434 193.061 240.533 188.097 97.8945 155.135 128.016 81.0663 53.5635 74.0212 65.6901 95.1662 82.3736 48.0806 74.4529 56.3228
internal_count=1704 938 619 766 618 328 487 410 280 190 260 235 291 319 177 220 170
is_linear=0
shrinkage=0.00891649


Tree=146
num_leaves=23
num_cat=0
split_feature=10 10 11 11 11 17 3 3 0 0 0 17 1 3 17 17 17 17 17 17 10 17
split_gain=9.88228 13.8848 7.11277 6.30199 5.81663 7.11798 8.79746 7.95053 5.01828 11.3908 7.10417 6.5057 4.67378 4.30644 4.245 4.16039 7.22907 6.44243 7.4074 4.11909 4.11211 3.99121
threshold=-0.12240666763837048 -0.711323193070312 0.60230980010977542 1.0021564145927278 -0.56806480754761346 0.43524523045310554 0.57183047856110047 -0.34140637673522434 1.1416189770833913 0.60680248619027533 1.3449939395440593 -0.65943451441263512 1.3007434354190381 -0.17947587075258256 -0.39443305730128758 0.3664914023171259 -0.80289551634459577 -0.25235954397065247 -0.14969425321441207 0.56015910041079564 -0.42794676941206106 1.6998191866108876
decision_type=2 2 2 2 2 2 2 2 2 2 2 2 2 2 2 2 2 2 2 2 2 2
left_child=1 2 -1 -4 5 6 13 -7 9 15 11 -10 -5 -2 -8 16 -6 -18 -19 -17 -3 -21
right_child=4 20 3 12 8 7 14 -9 10 -11 -12 -13 -14 -15 -16 19 17 18 -20 21 -22 -23
leaf_value=0.00092864676560818881 0.0051160955112942805 0.010347150745969211 0.012183692363939362 0.0050889890000078543 -0.0015615133633566827 -0.0084038632454771969 -0.0054578776103651758 0.0022707307361684694 -0.013689861852645263 0.0098200902929272329 0.00080629547816388257 -0.0027516881995229654 -0.0024965740921203384 0.012042628371124341 0.0044239089660812417 -0.0047053968335402851 0.0088548808906008716 -0.00065167412263132055 0.0076874308363148215 0.0025828203646035613 0.0053542695698410832 -0.0032718654635824351
leaf_weight=133.15489967167377 16.904744729399681 18.765465587377548 7.8533893525600424 30.192689895629883 41.870825082063675 7.302030652761462 6.9644353091716766 20.938227906823158 6.9369417428970364 9.9260615259408933 18.831142589449883 10.982288286089895 7.9275908768177024 12.155189588665964 6.4563033729791623 23.218438714742661 12.763390988111494 30.194955602288243 11.511918693780901 21.310781046748161 43.13009886443615 16.055487290024757
leaf_count=441 52 51 20 92 153 29 26 69 31 26 65 42 27 31 20 91 35 109 32 73 127 62
internal_value=0.00191552 0.00323244 0.00197434 0.00499098 0.000757706 0.00295708 0.00526113 -0.000489588 -6.65462e-06 0.000648615 -0.00298259 -0.00698885 0.00349755 0.00801424 -0.0006389 6.22222e-05 0.0012131 0.00335281 0.00165929 -0.00176468 0.00686839 5.53993e-05
internal_weight=515.347 241.024 179.129 45.9737 274.323 70.7209 42.4807 28.2403 203.602 166.852 36.7504 17.9192 38.1203 29.0599 13.4207 156.926 96.3411 54.4703 41.7069 60.5847 61.8956 37.3663
internal_count=1704 758 580 139 946 227 129 98 719 581 138 73 119 83 46 555 329 176 141 226 178 135
is_linear=0
shrinkage=0.00891649


Tree=147
num_leaves=16
num_cat=0
split_feature=14 14 10 10 11 7 0 0 0 0 0 0 18 0 0
split_gain=10.4327 11.4122 8.92392 10.0192 6.64025 7.3388 5.86355 7.87489 12.3301 9.13186 6.60886 6.511 6.24742 5.73284 5.73472
threshold=2.0825664633865908 1.5714736760872448 -0.12240666763837048 -0.711323193070312 0.60230980010977542 1.3284128428678206 -0.57152078311884813 1.1416189770833913 0.60680248619027533 1.7821037294476121 -0.66661605942235636 -0.029711750967318058 -0.85130849938950137 -1.1765583195794338 -1.2069715627391957
decision_type=2 2 2 2 2 2 2 2 2 2 2 2 2 2 2
left_child=1 2 3 4 -1 -6 10 8 11 12 13 -8 -9 14 -4
right_child=-2 -3 6 -5 5 -7 7 9 -10 -11 -12 -13 -14 -15 -16
leaf_value=0.0010511798713718008 -0.0045991720399050041 0.0098704324002938503 0.0034579145639375857 0.0065087540404422245 0.0076016172006589059 -0.00015896404933949315 0.005592056199399691 -0.010978173415950043 0.010205069269069557 0.0054331730093512857 -0.0043031756906663828 0.00068258231026544782 -0.0018161942016353787 0.0070791815876652285 -0.0040163028531787518
leaf_weight=120.92248520255089 18.690382063388824 14.560498550534247 14.323577046394343 55.424746230244637 29.759802013635635 13.99419544637203 27.485244244337082 7.2423487156629553 15.352607399225233 11.358681410551069 32.783341392874718 95.974457621574402 29.1237713098526 9.4452365487813932 18.416189149022106
leaf_count=399 72 39 45 161 86 46 80 34 40 34 128 337 104 26 73
internal_value=0.0019003 0.00214686 0.00191134 0.00323391 0.00212995 0.00509921 0.000797279 0.00164323 0.00271758 -0.00147134 -0.00130501 0.00178023 -0.00365534 0.00101698 -0.00073247
internal_weight=514.858 496.167 481.607 220.101 164.676 43.754 261.505 186.537 138.812 47.7248 74.9683 123.46 36.3661 42.185 32.7398
internal_count=1704 1632 1593 692 531 132 901 629 457 172 272 417 138 144 118
is_linear=0
shrinkage=0.00891649


Tree=148
num_leaves=16
num_cat=0
split_feature=15 15 15 4 4 4 7 7 0 4 4 3 15 15 0
split_gain=12.1525 13.2623 8.97408 10.464 10.351 9.44334 8.83689 9.10925 8.72823 7.38493 5.67332 7.10888 4.71357 4.14626 4.01639
threshold=-1.3110423308008141 -1.3515456663877463 1.4584443261530822 0.30120022902775129 -0.16179110723847789 -0.37050680656935803 0.26232668622685645 -0.53655301128110655 -0.49398282121403592 -0.90831413390035376 -0.95105499352929657 0.59936891968852335 -0.75197308362565063 0.27715364387660096 -1.1765583195794338
decision_type=2 2 2 2 2 2 2 2 2 2 2 2 2 2 2
left_child=1 -1 3 4 5 9 7 12 -7 10 11 -2 -5 -14 -4
right_child=2 -3 14 6 -6 8 -8 -9 -10 -11 -12 -13 13 -15 -16
leaf_value=0.0016716307881187546 0.0080973624534159596 -0.0068170336907409671 -0.0063141389904388459 -0.0041360234885638092 0.0081476563592570665 -0.0038669625362396376 -0.0021270744670771314 0.0054784457333834817 0.0026579598930926564 0.0074783518367338327 0.00072690817165444268 0.0016874620184171285 0.003811217483996523 -0.0020169686345051967 3.3130162357414903e-05
leaf_weight=34.517073258757591 28.567408442497253 25.072435915470123 9.7945268005132657 15.19024336338043 38.665393799543381 23.758340701460838 49.691420540213585 44.306216597557068 50.705211877822876 44.92278490960598 43.798626601696014 26.251451447606087 25.915312096476555 15.187803998589514 37.989769533276558
leaf_count=109 78 108 38 58 108 89 185 136 167 129 148 82 83 57 129
internal_value=0.00188534 -0.00189233 0.00238155 0.0028109 0.00390486 0.00315021 0.000942253 0.00245979 0.000574228 0.0044856 0.00311995 0.0050266 8.20647e-05 0.00164552 -0.00126276
internal_weight=514.334 59.5895 454.745 406.96 256.669 218.004 150.291 100.6 74.4636 143.54 98.6175 54.8189 56.2934 41.1031 47.7843
internal_count=1704 217 1487 1320 801 693 519 334 256 437 308 160 198 140 167
is_linear=0
shrinkage=0.00891649


Tree=149
num_leaves=17
num_cat=0
split_feature=12 12 12 12 12 6 12 12 10 19 19 0 19 4 10 10
split_gain=12.9582 14.056 13.5946 11.7699 16.4538 11.7582 9.22932 10.3681 7.95976 7.48028 6.63775 5.20507 4.63884 7.47861 4.0088 3.8812
threshold=-0.11954982027963164 -0.25586931583086425 -1.1589136206159036 0.36333471803336193 0.4100240155228117 1.6637455641009946 0.86508898182794158 0.9670102492271061 -0.12240666763837048 -0.62078405201401421 0.41672746587514192 0.47851830149465735 0.051970441697899057 0.27542147144202717 -0.42794676941206106 -0.12240666763837048
decision_type=2 2 2 2 2 2 2 2 2 2 2 2 2 2 2 2
left_child=1 2 5 -2 9 11 -6 -8 -9 -5 -3 -1 13 -4 -13 -7
right_child=3 10 12 4 6 15 7 8 -10 -11 -12 14 -14 -15 -16 -17
leaf_value=-0.00055895497522102607 0.0071383515758971392 -0.0003725034184641237 0.0041848206118231335 0.0019387251062720659 0.0083054848516895853 0.010412394868381566 -0.00041753632507458621 0.009212315907179058 0.0028292453035369471 -0.0067324133049425422 -0.0054944678279712847 -0.0025338729912117411 0.0063922745875254492 -0.0041680356716383114 -0.010532478135259152 0.0019293105185454796
leaf_weight=60.414496228098869 51.908788174390793 47.551634579896927 40.170516639947891 12.697302013635634 26.798390880227089 8.6790051460266131 53.498487576842308 21.923169255256653 52.189803197979927 20.215008050203323 34.694169670343399 12.234357014298441 43.960322871804237 10.559548467397688 8.2255855947732908 8.1263565272092801
leaf_count=204 148 170 122 42 77 22 190 59 161 89 149 42 130 39 34 26
internal_value=0.00187031 0.000548426 0.00186678 0.00338685 0.00234553 -0.000461926 0.00356471 0.00256533 0.00472083 -0.00335721 -0.00253237 -0.00187474 0.00427236 0.00243617 -0.00574535 0.00627611
internal_weight=513.847 274.616 192.37 239.231 187.322 97.6798 154.41 127.611 74.113 32.9123 82.2458 80.8744 94.6904 50.7301 20.4599 16.8054
internal_count=1704 938 619 766 618 328 487 410 220 131 319 280 291 161 76 48
is_linear=0
shrinkage=0.00891649


Tree=150
num_leaves=19
num_cat=0
split_feature=18 18 18 18 18 19 19 7 7 19 7 7 7 11 7 18 11 11
split_gain=7.73622 14.0523 10.9874 9.95108 16.1374 9.16901 9.41011 8.26974 5.20572 6.19894 6.80351 5.27671 6.87599 4.9943 4.75295 4.32739 3.71088 4.05416
threshold=-0.85130849938950137 -0.45712092954705802 -0.37146705388329321 0.032647793235434618 0.12752380531045562 0.99396398928560536 1.4668195962894974 0.26232668622685645 2.246706054559954 -0.62078405201401421 0.85775410211960046 1.3284128428678206 0.85775410211960046 -1.2346556925695402 -0.072699635382232258 0.74941311281837553 -0.78085874802368671 -0.48294564434938708
decision_type=2 2 2 2 2 2 2 2 2 2 2 2 2 2 2 2 2 2
left_child=5 -2 -3 -4 -5 13 -7 14 9 10 -9 12 -11 -1 15 -6 -15 -18
right_child=1 2 3 4 7 6 -8 8 -10 11 -12 -13 -14 16 -16 -17 17 -19
leaf_value=-0.0082762532583574716 0.0079706357595722074 -0.0017272484627689265 0.0067970173541712538 -0.0021800957184325469 0.0063650536706118472 0.011043975374517534 0.0010142599610587289 0.0013021970898103104 -0.0051950697403946051 0.00066826492294832216 0.0073948550732079107 -0.0034701240855841797 0.0089966101691742132 0.0029676958987030354 0.0097308497714160662 0.000788704412807844 -0.0064876861846375712 -0.00083192610478141052
leaf_weight=8.6665019392967206 33.507359132170677 54.550085932016373 39.125611066818237 57.522867769002914 29.832565188407898 9.2222488671541196 34.991066843271255 27.296170219779015 7.4651129692792884 49.224404022097588 30.926307410001755 18.310111701488495 9.1749062091112119 13.645979151129721 17.573822990059853 17.409806326031685 13.124049723148344 41.693049252033234
leaf_count=34 93 203 111 212 89 23 120 87 27 168 87 68 26 44 48 57 55 152
internal_value=0.00185578 0.00246475 0.00194814 0.00260947 0.00198863 -0.000108343 0.00311826 0.00314803 0.00194582 0.00234655 0.00453705 0.00068138 0.0019882 -0.00196489 0.00578577 0.00431417 -0.00115793 -0.00219274
internal_weight=513.262 391.919 358.412 303.862 264.736 121.343 44.2133 207.213 142.397 134.932 58.2225 76.7094 58.3993 77.1296 64.8162 47.2424 68.4631 54.8171
internal_count=1704 1276 1183 980 869 428 143 657 463 436 174 262 194 285 194 146 251 207
is_linear=0
shrinkage=0.00891649


Tree=151
num_leaves=17
num_cat=0
split_feature=15 10 15 10 18 7 10 7 10 10 10 20 10 7 7 7
split_gain=11.8638 14.5744 12.9153 10.6341 7.49016 7.4338 8.37313 6.6754 7.32304 6.22519 11.1986 5.12051 4.92285 4.21158 4.02493 7.95259
threshold=-1.3110423308008141 -0.12240666763837048 -1.3515456663877463 -0.711323193070312 -1.3096535182309412 0.26232668622685645 -0.82597778724087512 0.26232668622685645 0.84348206207709919 0.61313439587818919 0.10614381541853013 1.201385268480285 1.1564717013602797 1.0000000180025095e-35 -0.63642347557585099 -0.7662879553177111
decision_type=2 2 2 2 2 2 2 2 2 2 2 2 2 2 2 2
left_child=2 3 11 4 -2 -6 -7 8 13 10 -9 -1 -10 -3 15 -14
right_child=1 7 -4 -5 5 6 -8 9 12 -11 -12 -13 14 -15 -16 -17
leaf_value=0.0034520685429102571 -0.0029841213138063782 -8.3220499914606367e-06 -0.0067649931642613124 0.0073483120187032109 0.00590924688544818 0.0046733521196264168 -0.0011673432927692422 -0.0011819416866425353 0.010212836964238994 -0.0034835148646160949 0.0081501233313603528 -0.00474423917808902 0.0053775325332290963 0.0066593241005160749 0.0065106390849218555 -0.0048897589395095363
leaf_weight=26.892604231834412 15.560363829135893 85.540288671851158 24.990350469946861 56.917500823736191 58.134856447577477 38.008840158581734 39.568243429064751 42.773521766066551 10.277771487832068 42.85362146794796 13.202881217002867 7.5565961152315131 13.769249886274336 8.0475329458713514 18.330819696187977 10.293047919869421
leaf_count=83 56 299 108 165 172 114 138 153 28 164 37 26 41 23 55 42
internal_value=0.00184123 0.00233246 -0.00189583 0.00406668 0.00283037 0.00350137 0.00169467 0.000858669 0.0020672 -0.000928953 0.00102119 0.00162322 0.0047227 0.000570694 0.00338271 0.000982992
internal_weight=512.718 453.279 59.4396 208.19 151.272 135.712 77.5771 245.089 146.259 98.83 55.9764 34.4492 52.6709 93.5878 42.3931 24.0623
internal_count=1704 1487 217 645 480 424 252 842 488 354 190 109 166 322 138 83
is_linear=0
shrinkage=0.00891649


Tree=152
num_leaves=19
num_cat=0
split_feature=15 15 18 17 6 18 18 19 11 15 15 15 15 17 17 11 11 11
split_gain=11.7377 25.2683 9.42514 11.1525 7.0565 10.9007 11.4157 9.83622 7.72009 6.95089 13.6508 10.2765 10.1195 7.25477 5.00646 4.85013 4.22559 4.45894
threshold=-0.75197308362565063 -0.28431673707750738 -1.350800561649079 -0.58242668060359326 1.6637455641009946 -0.37146705388329321 0.032647793235434618 -1.1444575533109163 0.65401848165925258 0.27715364387660096 0.3832932350656017 0.89826929368498365 -0.027395422730445634 0.3664914023171259 1.581235456342313 0.80428828244851447 0.18971951301599491 -0.56806480754761346
decision_type=2 2 2 2 2 2 2 2 2 2 2 2 2 2 2 2 2 2
left_child=4 -2 3 -3 5 8 -7 -8 -1 12 -11 -12 14 -13 -4 16 17 -9
right_child=1 2 9 -5 -6 6 7 15 -10 10 11 13 -14 -15 -16 -17 -18 -19
leaf_value=-0.0052609010982524003 0.0095044749259581354 -0.012024849861269629 0.0032632240362058364 0.00018111246686817881 0.0061861385053923173 0.0095588641482110756 0.0073024809137516829 0.0017744426756899708 0.0045449737369002092 -0.0027820319973984077 0.0071470783888863531 0.0024719085627962936 0.0083865357415819769 -0.0035795824810640267 -0.0033748765907494335 -0.0085578816707765955 0.0046039536473063778 -0.0047449016480075696
leaf_weight=48.005932152271271 38.210822373628616 7.6058388054370871 74.22811484336853 24.744854211807251 11.725271567702292 11.033396810293196 11.14848719537258 13.53326693177222 7.1498264372348777 48.230378195643425 31.851232603192329 87.066606879234314 31.371127784252167 18.983934819698334 10.043986067175863 7.2187886685132971 9.0639033615589124 20.952014237642299
leaf_count=189 103 34 238 87 34 29 31 45 24 179 92 283 89 71 37 28 29 82
internal_value=0.00182681 0.00265384 0.00186812 -0.00268782 -0.000372997 -0.000981475 0.00127465 -0.000205775 -0.0039687 0.00235835 0.00129101 0.00271802 0.00407449 0.00138435 0.00246578 -0.0018734 -0.000752365 -0.00217348
internal_weight=512.168 372.337 334.126 32.3507 139.831 128.106 72.9499 61.9165 55.1558 301.775 186.132 137.902 115.643 106.051 84.2721 50.768 43.5492 34.4853
internal_count=1704 1213 1110 121 491 457 244 215 213 989 625 446 364 354 275 184 156 127
is_linear=0
shrinkage=0.00891649


Tree=153
num_leaves=23
num_cat=0
split_feature=20 0 0 16 0 0 19 0 16 16 0 0 5 5 16 0 16 20 20 20 20 19
split_gain=10.1904 9.44861 17.6104 11.7119 11.1704 7.49028 7.91747 6.46194 6.31713 9.59175 6.66694 6.2015 6.15399 6.27906 5.88238 11.406 8.78487 8.10439 5.38611 8.32898 6.44758 5.46035
threshold=1.201385268480285 -0.57152078311884813 -0.029711750967318058 -0.59942270650849927 -0.66661605942235636 0.071636984136287163 0.36203409701194172 0.53971022302968286 0.47250001188244639 -0.23527885658244854 -1.1765583195794338 -1.3043497826361732 1.4478302674070178 0.83131712737464758 -0.78995141072977171 -1.1159823000930063 -1.3882986422441832 -0.076762462275573332 0.64317010994199264 0.60075011733418315 0.10865941238919373 0.41672746587514192
decision_type=2 2 2 2 2 2 2 2 2 2 2 2 2 2 2 2 2 2 2 2 2 2
left_child=1 3 -3 14 8 6 -4 -7 9 -5 11 -11 13 -2 15 16 -1 -16 19 20 21 -9
right_child=12 2 5 4 -6 7 -8 18 -10 10 -12 -13 -14 -15 17 -17 -18 -19 -20 -21 -22 -23
leaf_value=-0.014085236314858541 -0.0016741828899681764 0.0075310481123910793 0.0018551702832117734 0.009563566341092844 -0.0016266197005933116 0.0065436977865737829 -0.0044626467710456525 0.0033411000293593254 0.0084728021963950718 0.0037202265547821361 0.0067639056841467433 -0.0047900330568656155 0.0041059783231288081 -0.010883440665283741 -0.0085607384725729426 0.0046531521910045653 -0.00064793879830649277 0.0010563822145596299 0.0073215380465892974 -0.0027169167470917901 0.0091159799431199673 -0.0035033570041886316
leaf_weight=5.7571497857570675 45.083039343357086 61.215067610144615 46.407614335417747 12.272050365805624 35.13241682946682 35.952164486050606 23.630293324589729 41.178471118211746 21.848753809928894 10.652072697877882 10.026602670550348 18.012092858552933 12.29508502781391 6.5957709103822699 19.584046065807343 20.005008414387703 11.00510400533676 10.521414011716844 13.840161293745039 27.340060189366341 11.560361891984938 11.703336939215658
leaf_count=25 165 176 153 33 128 103 96 130 62 32 29 70 39 29 78 62 38 37 39 102 32 46
internal_value=0.00181255 0.00228832 0.00332515 0.00066977 0.00248436 0.00210655 -0.000273057 0.00328503 0.00447631 0.0027579 0.000576542 -0.00160577 -0.0015089 -0.00286297 -0.00225744 0.00011969 -0.00526137 -0.00517504 0.00217304 0.00138835 0.00313551 0.00181788
internal_weight=511.618 447.644 272.828 174.817 107.944 211.612 70.0379 141.575 72.8116 50.9628 38.6908 28.6642 63.9739 51.6788 66.8727 36.7673 16.7623 30.1055 105.622 91.7822 64.4422 52.8818
internal_count=1704 1471 877 594 354 701 249 452 226 164 131 102 233 194 240 125 63 115 349 310 208 176
is_linear=0
shrinkage=0.00891649


Tree=154
num_leaves=11
num_cat=0
split_feature=4 4 4 4 0 17 17 17 4 4
split_gain=7.45927 16.2246 12.2569 10.0631 8.50449 5.37585 9.87136 9.54619 4.05909 3.7326
threshold=0.30120022902775129 -0.18844027138807404 -0.37050680656935803 -0.90831413390035376 -0.31618832383846546 0.43524523045310554 -0.80289551634459577 -0.25235954397065247 -0.95105499352929657 -0.74190192572602298
decision_type=2 2 2 2 2 2 2 2 2 2
left_child=1 2 3 8 -4 6 -2 -8 -1 -5
right_child=5 -3 4 9 -6 -7 7 -9 -10 -11
leaf_value=0.0030982753145415171 -0.0016259606373453682 0.0069802387610641168 -0.0052408482860547998 0.011045274599435237 0.00087989049125104628 -0.001432614359932262 0.0094126414015470103 0.0018349104811672865 -3.4481180943466249e-05 0.0051118092230282531
leaf_weight=72.25989718735218 45.351414129137993 56.119694530963898 27.231864988803864 10.523335143923758 52.480413541197777 75.839588567614555 17.313351899385452 53.845653638243675 59.756867215037346 40.21069361269474
leaf_count=221 165 161 106 29 184 281 47 182 207 121
internal_value=0.00179888 0.00263585 0.00170511 0.00297685 -0.00120725 0.000411973 0.00161357 0.00368437 0.00167968 0.00634665
internal_weight=510.933 318.583 262.463 182.751 79.7123 192.35 116.51 71.159 132.017 50.734
internal_count=1704 1029 868 578 290 675 394 229 428 150
is_linear=0
shrinkage=0.00891649


Tree=155
num_leaves=16
num_cat=0
split_feature=12 20 12 12 12 12 12 12 19 12 19 19 19 19 6
split_gain=12.5425 17.0137 11.0936 15.714 9.62152 12.9192 8.79026 9.85706 6.98148 4.28179 3.85532 5.14504 4.9757 10.2798 3.70638
threshold=-0.11954982027963164 1.201385268480285 0.36333471803336193 0.4100240155228117 -0.25586931583086425 -0.75163971702825794 0.86508898182794158 0.9670102492271061 0.41672746587514192 -0.52032889768607571 0.99396398928560536 0.94625821851108094 1.0000000180025095e-35 -0.11406942191867205 -0.070805002637463241
decision_type=2 2 2 2 2 2 2 2 2 2 2 2 2 2 2
left_child=1 4 -2 -4 5 10 -5 -8 -6 -7 11 12 13 -1 -3
right_child=2 14 3 6 8 9 7 -9 -10 -11 -12 -13 -14 -15 -16
leaf_value=0.0016958417077276304 0.0069581842841525262 -0.0032547174651447533 -0.0033072176808178451 0.008142642203344392 0.00084926450615102882 0.011099253206699002 -0.0004085490894232954 0.0046106324527184104 -0.0047038336312911905 0.0048337747758805403 0.0033969346218679702 -0.0052854410436648722 0.0037546607929965729 -0.0068490316920473398 -0.010065206068675496
leaf_weight=37.79310505092144 51.105171591043472 13.400299876928331 32.805142715573311 26.333752647042274 41.86957423388958 11.860478878021238 53.432829082012177 73.603386595845222 31.22207772731781 31.158675372600555 36.558106333017349 12.517472773790358 29.196241304278374 15.649906501173971 11.954857051372526
leaf_count=120 148 50 131 77 144 33 190 220 132 93 112 49 89 63 53
internal_value=0.00178453 0.000481629 0.00328368 0.00227333 0.00119323 0.00232955 0.00347056 0.00249821 -0.00151745 0.00656249 0.000944133 4.68106e-07 0.00080336 -0.000806658 -0.00644571
internal_weight=510.461 273.181 237.28 186.175 247.826 174.734 153.37 127.036 73.0917 43.0192 131.715 95.1567 82.6393 53.443 25.3552
internal_count=1704 938 766 618 835 559 487 410 276 126 433 321 272 183 103
is_linear=0
shrinkage=0.00891649


Tree=156
num_leaves=19
num_cat=0
split_feature=12 12 12 12 12 12 12 1 19 19 19 1 19 19 19 1 1 12
split_gain=12.3444 13.0124 12.9913 10.9611 15.4529 8.70406 9.69199 7.67457 7.65756 6.35137 5.94232 5.29898 8.09633 6.18929 4.64695 4.1535 7.56174 3.65778
threshold=-0.11954982027963164 -0.25586931583086425 -1.1589136206159036 0.36333471803336193 0.4100240155228117 0.86508898182794158 0.9670102492271061 0.090414026473754086 1.0000000180025095e-35 0.41672746587514192 -0.11406942191867205 -0.68190097276580586 0.051970441697899057 -0.89795755287915402 -0.58328810155603161 -0.49505222168737434 -1.3954613522900934 1.3799726145899287
decision_type=2 2 2 2 2 2 2 2 2 2 2 2 2 2 2 2 2 2
left_child=1 2 8 -2 -5 -6 7 -7 10 -3 14 -4 13 -13 -1 16 -10 -8
right_child=3 9 11 4 5 6 17 -9 15 -11 -12 12 -14 -15 -16 -17 -18 -19
leaf_value=-0.0038328012331162171 0.0069187549474614548 -0.00037780378699527371 0.0009280977381743654 -0.003281381663329194 0.0081035265160335161 -0.0054595234512571714 0.0080958990604343087 0.001828969082573769 -0.0019721365695154584 -0.0053986100609966104 -0.0089956071550140251 0.009058509166325359 0.0093637311690428805 0.00091506295068524322 0.0044630270535011935 -0.0014922365647809007 0.0063150536109256574 0.0034545374337883465
leaf_weight=17.265451326966286 50.938965946435928 47.474422931671143 28.607304081320763 32.770402863621712 26.225851982831955 16.405828565359116 17.663700699806213 37.021910861134529 13.59020948410034 34.485650882124901 11.585744008421896 9.7105087935924512 26.047190219163895 29.378620177507401 7.5271679461002376 23.704305544495583 23.521249398589134 55.886849820613861
leaf_count=61 148 170 93 131 77 70 50 120 46 149 48 26 74 98 21 83 69 170
internal_value=0.0017709 0.00047783 0.00175286 0.00325949 0.0022555 0.0034434 0.00247705 -0.000404996 -0.000526331 -0.00248978 -0.00375707 0.00411926 0.00552504 0.00296168 -0.00130362 0.00140119 0.00326306 0.00457285
internal_weight=509.811 272.898 190.938 236.914 185.975 153.204 126.978 53.4277 97.1941 81.9601 36.3784 93.7436 65.1363 39.0891 24.7926 60.8158 37.1115 73.5506
internal_count=1704 938 619 766 618 487 410 190 328 319 130 291 198 124 82 198 115 220
is_linear=0
shrinkage=0.00891649


Tree=157
num_leaves=19
num_cat=0
split_feature=12 12 12 6 14 12 12 12 12 1 6 14 11 11 1 11 11 11
split_gain=12.1558 12.7924 12.7751 11.484 14.7061 10.8271 15.1997 8.61554 9.53334 7.55087 7.42651 5.89364 5.58214 7.2177 5.24148 4.31164 3.94478 4.19737
threshold=-0.11954982027963164 -0.25586931583086425 -1.1589136206159036 1.6637455641009946 -0.38023872485816718 0.36333471803336193 0.4100240155228117 0.86508898182794158 0.9670102492271061 0.090414026473754086 0.52513864210130279 2.0825664633865908 -0.56806480754761346 0.60230980010977542 -1.1787487881334533 1.0000000180025095e-35 -0.48294564434938708 0.65401848165925258
decision_type=2 2 2 2 2 2 2 2 2 2 2 2 2 2 2 2 2 2
left_child=1 2 3 4 10 16 -7 -8 9 -9 -1 12 -6 -14 -4 -3 -2 -18
right_child=5 15 14 -5 11 6 7 8 -10 -11 -12 -13 13 -15 -16 -17 17 -19
leaf_value=-0.013589648579869447 0.01120394039082653 -0.00045674775962914807 -0.002858224114464914 0.0061491376295079265 0.0044080082603753434 -0.0032557337931663063 0.008064884525267579 -0.0054220381647901343 0.0045370084226962109 0.0018121352205975457 -0.0025288376735090028 -0.0074171100289667441 -0.0037439056331916103 0.0064211808422845714 0.0047187335841836929 -0.0045457062069993847 0.0036417553047578578 0.010226953257502747
leaf_weight=10.77377560734749 12.523020699620245 41.544413566589355 7.6583095639944068 16.738322034478188 23.973402470350266 32.735820591449738 26.118281438946724 16.372919633984566 73.472067952156067 37.033675163984299 8.522699907422064 6.9221374392509452 23.12660509347916 7.0802588760852805 85.99823534488678 40.341616556048393 27.799732327461243 10.450561508536337
leaf_count=43 34 152 27 48 72 131 77 70 220 120 29 28 87 21 264 167 85 29
internal_value=0.00175729 0.000473937 0.00173856 -0.000522029 -0.00192345 0.00323606 0.00223833 0.00341741 0.00245693 -0.000401575 -0.00867732 0.000211194 0.00120578 -0.00132828 0.00408648 -0.00246986 0.00687955 0.00546018
internal_weight=509.186 272.68 190.794 97.1372 80.3989 236.506 185.733 152.997 126.879 53.4066 19.2965 61.1024 54.1803 30.2069 93.6565 81.886 50.7733 38.2503
internal_count=1704 938 619 328 280 766 618 487 410 190 72 208 180 108 291 319 148 114
is_linear=0
shrinkage=0.00891649


Tree=158
num_leaves=15
num_cat=0
split_feature=18 18 18 17 17 5 18 17 11 17 11 18 18 18
split_gain=7.09634 13.3685 10.1787 9.57468 8.05793 15.155 7.84963 4.86083 5.13298 6.78153 5.09985 4.05322 13.2484 3.68288
threshold=-0.85130849938950137 -0.45712092954705802 -0.37146705388329321 0.43524523045310554 -0.80289551634459577 -0.22745688155004998 0.064410241317530689 -0.25235954397065247 -0.56806480754761346 1.0000000180025095e-35 -1.5159607596470388 0.032647793235434618 0.12752380531045562 0.59086702851871586
decision_type=2 2 2 2 2 2 2 2 2 2 2 2 2 2
left_child=4 -2 -3 11 5 -1 -5 -6 10 -10 -9 -4 -13 -14
right_child=1 2 3 6 7 -7 -8 8 9 -11 -12 12 13 -15
leaf_value=-0.0095832094498739268 0.0077554017002903564 -0.0017182335677121483 0.0067512126278739841 0.0061272350779199769 0.0083676242801382431 0.0029964074431008984 -0.0012081336152588178 -0.0025381925087545501 -0.0065194783052166302 0.00077496165662852804 0.0057693715699964222 -0.001822175331078351 0.0069451556404486227 0.0034743428286880327
leaf_weight=17.270344361662868 32.863681793212891 54.279574751853943 26.219905123114586 13.589924424886702 6.7708353102207175 13.296280801296232 72.509443148970604 7.7401142716407803 13.31640702486038 40.270487025380135 21.921902045607567 36.095229834318161 30.29840512573719 122.16882748901844
leaf_count=75 93 203 76 39 18 44 260 27 54 145 65 132 90 383
internal_value=0.00174363 0.00233063 0.0018268 0.00246782 -0.000142544 -0.00408829 -3.88808e-05 0.00119582 0.000604662 -0.00103754 0.00357107 0.00347461 0.00301683 0.00416608
internal_weight=508.611 388.025 355.161 300.882 120.586 30.5666 86.0994 90.0197 83.2489 53.5869 29.662 214.782 188.562 152.467
internal_count=1704 1276 1183 980 428 119 299 309 291 199 92 681 605 473
is_linear=0
shrinkage=0.00891649


Tree=159
num_leaves=18
num_cat=0
split_feature=10 10 10 18 10 10 10 0 0 0 10 18 0 0 0 0 0
split_gain=8.92143 12.1761 5.15739 6.17365 5.09469 4.81985 6.79568 4.92467 11.6115 4.292 4.17831 5.23105 3.9575 6.43415 6.05842 5.31084 5.2913
threshold=-0.12240666763837048 -0.711323193070312 -0.75812582529097694 -1.3096535182309412 -0.85890559657626497 2.0165826887306255 2.627553828393399 1.1416189770833913 0.60680248619027533 1.3449939395440593 -0.42794676941206106 0.48052285286034757 -0.57152078311884813 -0.097374750026278017 -0.66661605942235636 -1.1159823000930063 -1.2069715627391957
decision_type=2 2 2 2 2 2 2 2 2 2 2 2 2 2 2 2 2
left_child=1 2 3 -1 -5 7 -7 8 12 -9 -3 -12 14 -14 15 16 -2
right_child=5 10 -4 4 -6 6 -8 9 -10 -11 11 -13 13 -15 -16 -17 -18
leaf_value=-0.0030650385279480611 0.0033043395146295802 0.010046489194544934 3.2352107653365671e-05 0.0031149425002370838 0.0096399537296379175 0.011124336212857818 3.7136595521880823e-05 -0.0048588159173534057 0.0086518390836114959 0.00050802447437336962 0.0024832858789750286 0.0089840353257449081 0.0060832141531075466 0.00043740016388058457 -0.0041580985294863123 0.0067713813286586081 -0.0039060781816148697
leaf_weight=11.209266781806944 14.179066583514208 18.038200363516808 74.538596600294113 81.161425307393074 10.582462102174757 7.9852592498064068 9.1404173076152784 24.546633690595627 14.128864496946333 22.435886532068253 26.18587039411068 15.557061955332754 18.956752464175224 99.20826056599617 32.504077568650246 9.4730686098337156 18.291719838976864
leaf_count=39 45 51 261 251 29 21 31 97 39 78 82 45 56 351 128 27 73
internal_value=0.00172978 0.00299174 0.00181932 0.00311052 0.00387508 0.000623511 0.00517485 0.000313389 0.000905813 -0.00228584 0.00646748 0.00491993 0.000333057 0.00134715 -0.00127399 0.000954249 -0.00074392
internal_weight=508.123 237.273 177.492 102.953 91.7439 270.85 17.1257 253.724 206.742 46.9825 59.7811 41.7429 192.613 118.165 74.4479 41.9439 32.4708
internal_count=1704 758 580 319 280 946 52 894 719 175 178 127 680 407 273 145 118
is_linear=0
shrinkage=0.00891649


Tree=160
num_leaves=16
num_cat=0
split_feature=15 15 15 15 7 19 7 15 6 6 6 15 15 6 15
split_gain=11.2663 12.2005 8.58795 8.3286 7.61499 8.83556 8.29026 7.8972 7.69179 6.41165 5.05145 5.85065 7.29209 4.00461 3.83577
threshold=-1.3110423308008141 -1.3515456663877463 1.4584443261530822 1.1264836319808158 0.26232668622685645 -0.10016762488090768 -0.045938442206544743 0.89826929368498365 -0.070805002637463241 -0.68271273030203827 1.0774227345971312 -0.75197308362565063 -0.438396069948428 -0.44857027978535463 -0.12175840054968894
decision_type=2 2 2 2 2 2 2 2 2 2 2 2 2 2 2
left_child=1 9 3 4 6 -6 8 -7 13 -1 11 -10 -13 -2 -14
right_child=2 -3 -4 -5 5 7 -8 -9 10 -11 -12 12 14 -15 -16
leaf_value=-0.0042623728825620212 0.0038991193434644291 -0.0066828387764050661 -0.0013785870285771204 0.0099625058546407071 0.0025612919359989388 -6.9015872604175985e-05 0.0079791440853025086 -0.0078020965984941428 -0.0037686552913770103 0.0040538806480581958 0.0042663550411827346 0.0094254005731701975 -0.0021270843268631984 0.0087381149201175949 0.0022846293467236448
leaf_weight=10.409329220652578 46.57423110306263 24.839002475142479 47.436678364872932 11.729594483971594 99.477778717875481 48.775749459862709 27.992526277899742 13.191999733448027 20.158417761325836 23.776405215263367 39.336979985237122 8.262577608227728 24.771812111139297 19.100665241479874 41.754764765501022
leaf_count=37 148 108 167 32 318 179 80 55 78 72 123 22 91 53 141
internal_value=0.00171625 -0.00193762 0.00219821 0.00262264 0.00239918 0.000916884 0.00344829 -0.00172075 0.00281145 0.00149727 0.0015871 0.000471978 0.00162008 0.00530887 0.000638866
internal_weight=507.589 59.0247 448.564 401.127 389.398 161.446 227.952 61.9677 199.959 34.1857 134.285 94.9476 74.7892 65.6749 66.5266
internal_count=1704 217 1487 1320 1288 552 736 234 656 109 455 332 254 201 232
is_linear=0
shrinkage=0.00891649


Tree=161
num_leaves=17
num_cat=0
split_feature=12 12 12 12 12 0 12 12 19 11 19 19 19 19 11 11
split_gain=11.8573 12.2544 12.4381 10.4734 14.7425 8.85482 8.36019 9.17127 6.19492 9.48226 4.87401 4.5178 5.9525 4.06526 3.94154 4.19929
threshold=-0.11954982027963164 -0.25586931583086425 -1.1589136206159036 0.36333471803336193 0.4100240155228117 0.47851830149465735 0.86508898182794158 0.9670102492271061 0.41672746587514192 1.0000000180025095e-35 1.0000000180025095e-35 0.051970441697899057 -0.89795755287915402 -0.11406942191867205 -0.48294564434938708 0.65401848165925258
decision_type=2 2 2 2 2 2 2 2 2 2 2 2 2 2 2 2
left_child=1 2 5 14 -5 10 -6 -8 9 -3 13 12 -4 -1 -2 -16
right_child=3 8 11 4 6 -7 7 -9 -10 -11 -12 -13 -14 -15 15 -17
leaf_value=-1.6885409087875356e-05 0.011122158043567846 0.0034701833681271953 0.0076547335707052837 -0.0032276441811781944 0.0079588045360653968 -0.0057693691601474976 -0.00039607418437233023 0.0044530938945583857 -0.0053300226427560847 -0.0044758995267237794 0.0022954459190902585 0.0061112241886989377 0.0004621445553710148 -0.0079149838624917954 0.0035237965131665978 0.010143789797494611
leaf_weight=15.408897623419763 12.36536383628845 24.540300711989403 11.805323481559752 32.684168636798859 25.820986554026604 20.306622371077538 53.354096576571465 73.188331812620163 34.335741966962814 22.873234540224075 53.646346315741539 43.168692097067833 38.228940114378929 7.5222042948007575 27.583389267325401 10.33494135737419
leaf_count=50 34 79 33 131 77 76 190 220 149 91 171 130 128 31 85 29
internal_value=0.00170239 0.000433561 0.0016745 0.00316716 0.00218633 -0.000557703 0.00335121 0.00240723 -0.00244921 -0.000363799 0.000823876 0.00399818 0.00217575 -0.00259455 0.00677023 0.00534746
internal_weight=507.168 271.836 190.087 235.331 185.048 96.8841 152.363 126.542 81.7493 47.4135 76.5774 93.203 50.0343 22.9311 50.2837 37.9183
internal_count=1704 938 619 766 618 328 487 410 319 170 252 291 161 81 148 114
is_linear=0
shrinkage=0.00891649


Tree=162
num_leaves=19
num_cat=0
split_feature=15 15 20 15 15 14 20 20 19 20 20 20 1 1 20 20 20 14
split_gain=11.042 24.0227 10.1974 6.7912 9.13763 5.36095 5.09509 8.36709 5.2141 4.72724 4.67876 10.2687 4.95842 6.18286 4.43211 14.2904 4.00539 3.8929
threshold=-0.75197308362565063 -0.28431673707750738 -0.73597760321341188 1.4584443261530822 1.0820271139716409 2.0825664633865908 1.201385268480285 0.079749929054923632 -0.11406942191867205 0.60075011733418315 0.60075011733418315 1.0000000180025095e-35 -0.95175071864147454 1.7638748049172239 -0.14561156655686405 -0.68779826277202838 0.64317010994199264 -0.74964006613840006
decision_type=2 2 2 2 2 2 2 2 2 2 2 2 2 2 2 2 2 2
left_child=2 -2 -1 4 5 10 7 14 -8 -9 11 12 -3 -14 15 -4 -11 -5
right_child=1 3 6 17 -6 -7 8 9 -10 16 -12 -13 13 -15 -16 -17 -18 -19
leaf_value=0.004468099846608356 0.0092649142371604848 -0.0014446119398977806 -0.0045710208041507437 -0.0060552577640928121 0.0094935101063860789 -0.0047438719439092019 -0.0022157422811850476 0.0075090917362025007 -0.011189307296586685 -0.0020455858659000877 0.00016851603822318865 0.0078978844242634291 0.0033283563377486179 -0.0030445834130968926 -0.0059157850191014806 0.007667783232487034 0.0062131538310466819 -3.7810114615112164e-06
leaf_weight=26.787527620792389 37.276442408561707 27.21122881770134 24.380032956600189 10.782368674874304 13.029572650790213 9.0926931351423246 14.001644119620325 11.298010677099226 7.96842436492443 15.219572708010675 70.182538732886314 27.373259752988815 123.17989459633827 13.171809181571005 21.782249584794044 10.766127139329909 6.4916473627090445 36.617975950241089
leaf_count=81 103 96 96 40 36 36 49 32 38 59 246 81 401 47 88 30 18 127
internal_value=0.0016891 0.00249718 -0.000452133 0.00173194 0.00225452 0.00190229 -0.00163682 -0.000696161 -0.00547202 0.00286296 0.00213693 0.00286031 0.0020138 0.00270672 -0.00276419 -0.000808188 0.000442323 -0.00138263
internal_weight=506.613 367.918 138.695 330.641 283.241 270.211 111.908 89.9376 21.9701 33.0092 261.119 190.936 163.563 136.352 56.9284 35.1462 21.7112 47.4003
internal_count=1704 1213 491 1110 943 907 410 323 87 109 871 625 544 448 214 126 77 167
is_linear=0
shrinkage=0.00891649


Tree=163
num_leaves=9
num_cat=0
split_feature=14 14 10 10 19 6 10 10
split_gain=9.85201 10.6717 8.00968 8.40551 6.27134 6.19506 3.86081 6.95704
threshold=2.0825664633865908 1.5714736760872448 -0.12240666763837048 -0.711323193070312 -1.1068184745307392 -1.5151905494409441 2.0165826887306255 2.627553828393399
decision_type=2 2 2 2 2 2 2 2
left_child=1 2 3 5 -2 -1 -4 -8
right_child=4 -3 6 -5 -6 -7 7 -9
leaf_value=-0.0047309714550465764 8.2089150875307317e-05 0.0095342294858770417 0.00034410878249557141 0.0060306772661717113 -0.010198769772640774 0.0023990107055932913 0.011009606111662103 -0.00048841795125270247
leaf_weight=10.11082938313484 9.8827141076326388 14.008568733930586 241.2751350402832 53.187423437833786 8.6402665078639966 152.63787823915482 7.5467013865709331 8.7585789710283262
leaf_count=37 33 39 851 161 39 494 20 30
internal_value=0.00167595 0.00191868 0.00169139 0.00295752 -0.00466826 0.00195143 0.000629049 0.00480242
internal_weight=506.048 487.525 473.517 215.936 18.523 162.749 257.58 16.3053
internal_count=1704 1632 1593 692 72 531 901 50
is_linear=0
shrinkage=0.00891649


Tree=164
num_leaves=17
num_cat=0
split_feature=15 15 15 4 4 4 7 7 6 7 4 6 6 6 4 17
split_gain=10.9118 11.8244 8.31375 9.4854 9.36733 8.38585 8.10011 8.57676 9.39635 6.54623 6.36751 6.26808 4.98761 4.96072 4.87872 4.3046
threshold=-1.3110423308008141 -1.3515456663877463 1.4584443261530822 0.30120022902775129 -0.16179110723847789 -0.37050680656935803 0.26232668622685645 -0.53655301128110655 1.0774227345971312 -0.7662879553177111 -0.90831413390035376 -0.68271273030203827 -0.070805002637463241 0.62899954059594709 -0.95105499352929657 -0.94085975832242286
decision_type=2 2 2 2 2 2 2 2 2 2 2 2 2 2 2 2
left_child=1 11 3 4 5 10 7 8 9 12 14 -1 -5 -8 -2 -4
right_child=2 -3 15 6 -6 -7 13 -9 -10 -11 -12 -13 -14 -15 -16 -17
leaf_value=-0.0042582191414467724 0.0046998767299956503 -0.0066220012901145198 -0.0058417589241079506 0.0063281827813165973 0.0077338572542903572 0.000457021412130537 -0.0011034129968209377 0.0051920007560505941 0.005353453432901013 -0.0067107019905565252 0.0070229481656545328 0.0039776588592124237 -0.0025037277399328197 -0.0094700283242055098 0.00069456332393371431 0.0002091686672572848
leaf_weight=10.381034195423124 53.855494469404221 24.739502787590027 12.51983495056629 7.7913640141487148 37.167618811130524 73.694425672292709 42.826956212520599 43.494014725089073 17.199724808335304 16.735561013221741 43.021979555487633 23.700406044721603 13.746884763240812 6.3047780841588965 43.726716443896294 34.866924270987511
leaf_count=37 160 108 48 23 108 256 157 136 53 70 129 72 52 28 148 119
internal_value=0.00166194 -0.00194001 0.00213714 0.0025561 0.00361026 0.00289299 0.000765736 0.00223315 -8.19003e-05 -0.00254327 0.00416874 0.0014455 0.000679106 -0.00218706 0.002908 -0.00138345
internal_weight=505.773 58.8209 446.952 399.566 251.466 214.299 148.099 98.9675 55.4735 38.2738 140.604 34.0814 21.5382 49.1317 97.5822 47.3868
internal_count=1704 217 1487 1320 801 693 519 334 198 145 437 109 75 185 308 167
is_linear=0
shrinkage=0.00891649


Tree=165
num_leaves=21
num_cat=0
split_feature=15 15 0 10 20 4 4 20 20 20 18 18 20 20 0 4 4 20 4 4
split_gain=10.7454 23.6263 13.6634 12.8351 9.99717 6.33408 8.22157 6.41751 6.609 5.88374 5.8822 9.95409 5.39675 5.32668 4.30504 4.0357 4.09449 3.9061 3.74002 4.49263
threshold=-0.75197308362565063 -0.28431673707750738 -1.1159823000930063 -0.15052144032695439 -0.73597760321341188 -0.16179110723847789 0.27542147144202717 0.77312185473820882 0.079749929054923632 0.60075011733418315 -0.37146705388329321 -0.032211340055722931 0.079749929054923632 1.201385268480285 -1.2069715627391957 0.5115571427253357 0.84549879735001221 -0.14561156655686405 0.99827463602368016 1.3982979034079988
decision_type=2 2 2 2 2 2 2 2 2 2 2 2 2 2 2 2 2 2 2 2
left_child=4 -2 14 9 -1 7 -7 8 -5 -4 13 -12 17 -6 -3 -8 -17 -13 -18 -20
right_child=1 2 3 5 10 6 15 -9 -10 -11 11 12 -14 -15 -16 16 18 -19 19 -21
leaf_value=0.0044084213684874776 0.0091871709804413112 0.0003176059211020225 0.0059482621556532743 -0.0018646094093356788 -0.0019112099245551016 0.0093003050067241681 -0.0012345952538259058 0.0049009219947582549 -0.011478795200921496 0.0016410870477746387 0.010096243198957994 -0.0010024931082106888 0.0024286310503007619 -0.0079808014138693494 -0.0048709699635160206 0.0070008942627700806 -0.0015992330808945352 -0.007684829334274881 0.0096121615227501289 0.0016246668889558454
leaf_weight=26.741291344165802 36.983785584568977 22.675005689263344 84.347311735153198 24.841818735003471 38.012949630618095 10.469644114375113 37.976499676704407 7.7491655945777884 7.1867961734533301 35.889072224497795 7.1121199876070014 18.51212614774704 20.618675917387009 16.347211748361588 28.254821389913559 12.296597465872763 21.174118980765343 10.958343148231508 6.6698395311832419 30.460815712809563
leaf_count=81 103 75 257 89 143 30 136 25 31 118 19 66 68 69 110 36 81 45 18 104
internal_value=0.00164875 0.00244685 0.00168922 0.00246412 -0.000466594 0.000800304 0.00182847 -0.00227125 -0.00403882 0.00466057 -0.00164207 0.000346443 -0.00104561 -0.00373997 -0.0025475 0.00110042 0.00235959 -0.00349097 0.00137302 0.00307371
internal_weight=505.278 366.975 329.992 279.062 138.303 158.825 119.048 39.7778 32.0286 120.236 111.561 57.2013 50.0891 54.3602 50.9298 108.578 70.6014 29.4705 58.3048 37.1307
internal_count=1704 1213 1110 925 491 550 405 145 120 375 410 198 179 212 185 375 239 111 203 122
is_linear=0
shrinkage=0.00891649


Tree=166
num_leaves=14
num_cat=0
split_feature=20 10 10 10 10 10 5 5 18 20 20 10 10
split_gain=9.33641 8.91691 9.25171 7.87193 13.8279 6.65118 5.96149 6.10649 8.58206 3.87723 6.04257 3.70856 4.75886
threshold=1.201385268480285 -0.12240666763837048 -0.711323193070312 0.10614381541853013 0.52818311358505732 2.0165826887306255 1.4478302674070178 0.83131712737464758 -0.17645412582847944 1.0000000180025095e-35 0.60075011733418315 -0.75812582529097694 -1.2037039549006023
decision_type=2 2 2 2 2 2 2 2 2 2 2 2 2
left_child=1 2 9 -3 -5 -6 7 8 -2 11 -11 12 -1
right_child=6 3 -4 4 5 -7 -8 -9 -10 10 -12 -13 -14
leaf_value=0.0013987788149366486 -0.0043290319184445996 -0.0013960635807850701 0.0066612543182411671 0.0084000759150942503 0.0002074122632016547 0.006574993733297143 0.0039856682521133271 -0.01082760107674377 0.0040628609272704182 0.0099066426876354748 0.0023549395170497311 -0.00035986254926732923 0.0064683645115004504
leaf_weight=51.945077687501907 30.825507655739781 78.898444786667824 52.503303408622742 23.071483731269836 114.21537673473358 14.524940773844717 12.228933960199354 6.5537082105875006 13.881046563386919 12.367040976881979 25.488695994019508 47.854175835847855 20.363171249628067
leaf_count=166 122 287 160 67 404 43 39 29 43 34 82 168 60
internal_value=0.00163594 0.00209603 0.00342272 0.000884768 0.00207128 0.000932138 -0.00155409 -0.00289351 -0.00171512 0.00234487 0.00482755 0.00155857 0.00283058
internal_weight=504.721 441.232 210.521 230.71 151.812 128.74 63.4892 51.2603 44.7066 158.018 37.8557 120.162 72.3082
internal_count=1704 1471 670 801 514 447 233 194 165 510 116 394 226
is_linear=0
shrinkage=0.00891649


Tree=167
num_leaves=19
num_cat=0
split_feature=15 10 15 10 6 7 10 10 10 17 17 7 10 10 11 7 7 7
split_gain=10.557 13.1156 11.5674 9.20467 6.0898 6.02606 6.93096 5.79796 10.0121 5.80829 5.78566 5.29456 4.66061 4.42671 3.98949 3.71595 7.25707 3.70656
threshold=-1.3110423308008141 -0.12240666763837048 -1.3515456663877463 -0.711323193070312 -0.68271273030203827 0.26232668622685645 0.84348206207709919 0.61313439587818919 0.10614381541853013 0.43524523045310554 -0.75227213031539608 1.6946167216369545 1.1564717013602797 -0.75812582529097694 1.0000000180025095e-35 -0.63642347557585099 -0.7662879553177111 1.0000000180025095e-35
decision_type=2 2 2 2 2 2 2 2 2 2 2 2 2 2 2 2 2 2
left_child=2 3 4 11 -1 6 17 8 -7 10 -9 13 -8 -2 -4 16 -14 -3
right_child=1 5 14 -5 -6 7 12 9 -10 -11 -12 -13 15 -15 -16 -17 -18 -19
leaf_value=-0.0041985750003879652 0.0044520152883003733 -0.00015844377651705113 -0.003609539786321538 0.0068895247122360255 0.0039245588966588703 -0.0011879954473138098 0.0099159237987029043 -0.0057626042384333574 0.0077667263718324926 -0.0076003990336175444 0.002700122308802469 -0.0031181662017131053 0.0050869140434661436 0.0012147302076452621 -0.010889048972400719 0.0061987346183605321 -0.0047798343074332778 0.0062070273081778196
leaf_weight=10.370751574635504 80.206688493490219 84.491228029131889 14.620716720819475 54.479337275028229 23.65287272632122 42.515145480632782 9.8837811052799207 10.902226224541666 12.719790980219839 16.575815469026566 15.02541624009609 11.577589213848112 13.530584573745726 57.761422976851463 10.029157534241675 17.940477088093761 10.214265257120131 7.7484577894210807
leaf_count=37 243 299 60 165 72 153 28 42 37 71 51 40 41 197 48 55 42 23
internal_value=0.00162295 0.00209122 -0.00192436 0.00375519 0.00142519 0.000685041 0.00184511 -0.0010209 0.00087631 -0.00349355 -0.000864835 0.00261178 0.00445892 0.00309725 -0.00656538 0.00315573 0.000839619 0.000381717
internal_weight=504.246 445.572 58.6735 204.025 34.0236 241.547 143.809 97.7384 55.2349 42.5035 25.9276 149.546 51.5691 137.968 24.6499 41.6853 23.7448 92.2397
internal_count=1704 1487 217 645 109 842 488 354 190 164 93 480 166 440 108 138 83 322
is_linear=0
shrinkage=0.00891649


Tree=168
num_leaves=23
num_cat=0
split_feature=15 15 20 18 7 14 20 3 14 14 14 14 20 14 20 7 3 18 18 20 20 18
split_gain=10.4166 23.1923 9.76835 8.63677 8.3703 7.67833 7.51194 6.76846 5.90866 8.76684 7.42918 6.31915 5.59601 5.09261 4.91689 4.71851 4.40231 4.37941 9.81843 6.85483 6.45804 4.26052
threshold=-0.75197308362565063 -0.28431673707750738 -0.73597760321341188 -1.350800561649079 0.23575909709680229 0.13357523634848881 -0.31007711929212517 -1.1534414849232126 0.39745373756711899 -0.12597556700880727 0.50923210423488474 -0.2178449368241113 0.079749929054923632 2.0825664633865908 0.60075011733418315 -0.072699635382232258 -0.17947587075258256 -0.37146705388329321 -0.032211340055722931 0.079749929054923632 -0.14561156655686405 -1.3862511729811038
decision_type=2 2 2 2 2 2 2 2 2 2 2 2 2 2 2 2 2 2 2 2 2 2
left_child=2 -2 16 12 5 15 -7 -4 9 11 -10 -6 -3 -12 -8 -5 -1 21 -19 20 -20 -9
right_child=1 3 7 4 8 6 14 17 10 -11 13 -13 -14 -15 -16 -17 -18 18 19 -21 -22 -23
leaf_value=-0.0011902660805858194 0.0091061278985269025 -0.0065410349163541786 0.0055282109024191624 0.0014381596585006737 0.0031380531597712301 0.0018236573418641329 0.012607296327780459 0.0014227829741128382 -0.0067179117669185677 0.0093988657200067671 0.0013933729142884981 -0.0019670464964829481 0.00085206334034964692 -0.0063690442036964962 0.0052040614126454181 0.0073867646811072562 0.0066745006189156773 0.0097881344457684486 -0.0014961380602947791 0.0022106893644204179 -0.010535054447827524 -0.0053623966456965476
leaf_weight=7.7727149277925518 36.667602181434631 15.640424475073813 9.3755008578300458 76.226216718554497 50.817547768354416 15.52364933490753 16.779482588171962 8.7016474306583387 14.925835281610487 11.712902590632437 48.264461949467659 30.721870929002762 16.490147992968559 7.6059196889400473 12.227567359805105 12.131422296166418 18.915093019604683 6.3156283050775519 16.945040494203568 18.496688991785049 9.7984934598207492 41.652052909135818
leaf_count=26 103 60 30 258 160 52 45 29 59 34 163 112 61 31 39 36 55 17 61 62 42 169
internal_value=0.00161022 0.00239764 -0.000474691 0.00164789 0.00212301 0.00378553 0.0068006 -0.00163831 0.000775233 0.00224785 -0.00116317 0.001212 -0.00272725 0.000321108 0.00947793 0.00226398 0.00434821 -0.00230704 -0.000480162 -0.00193102 -0.00481251 -0.00417492
internal_weight=503.708 365.735 137.973 329.067 296.937 132.888 44.5307 111.285 164.049 93.2523 70.7962 81.5394 32.1306 55.8704 29.007 88.3576 26.6878 101.91 51.5559 45.2402 26.7435 50.3537
internal_count=1704 1213 491 1110 989 430 136 410 559 306 253 272 121 194 84 294 81 380 182 165 103 198
is_linear=0
shrinkage=0.00891649


Tree=169
num_leaves=18
num_cat=0
split_feature=12 12 12 6 10 0 10 18 10 0 10 0 0 10 18 18 10
split_gain=11.5776 11.3441 11.9268 11.3593 10.4888 7.13634 5.79633 5.51966 5.70402 5.44951 5.10915 4.80275 4.78276 4.73193 5.56282 3.90757 3.65798
threshold=-0.11954982027963164 -0.25586931583086425 -1.1589136206159036 1.6637455641009946 -0.12240666763837048 -0.57152078311884813 -0.711323193070312 -0.85130849938950137 2.0165826887306255 -1.0747825590554674 1.8529631522793542 0.47851830149465735 1.1416189770833913 0.84348206207709919 1.3761001434667841 -0.30987783852506229 1.2707422009807037
decision_type=2 2 2 2 2 2 2 2 2 2 2 2 2 2 2 2 2
left_child=1 2 3 11 6 -6 9 12 10 -2 13 -1 -7 14 15 -9 -15
right_child=4 -3 -4 -5 5 7 -8 8 -10 -11 -12 -13 -14 16 -16 -17 -18
leaf_value=-0.00077479307912605485 -0.0025085969443313541 -0.0024345256782384614 0.0038323577986784196 0.0060015949429846407 -0.0030041146447522407 0.001326347168151343 0.0086925973369812171 -0.0013300924039970489 0.0093445176223543557 0.005035011194905503 -0.0042633370252990336 -0.0057919215806769347 -0.0083846499494162011 0.010760903137613204 -0.0039584528472861947 0.0043406053282938842 0.0038371001996523649
leaf_weight=59.485512688755989 8.8407295197248441 81.527121290564537 92.204520046710968 16.654361411929131 22.387181892991066 10.473904252052309 29.909503445029259 12.428074553608885 10.550683811306952 47.120645955204964 7.9161065369844428 20.189300253987312 6.2832315862178794 9.2614619582891482 10.859721869230269 40.126547202467926 16.982090577483177
leaf_count=204 31 319 291 48 84 37 90 45 29 145 29 76 28 26 40 126 56
internal_value=0.00159755 0.000340617 0.00154181 -0.00064753 0.00305265 0.0016084 0.00552786 0.00243853 0.0031772 0.00383479 0.00250259 -0.00204985 -0.00228774 0.00310865 0.0017897 0.00298761 0.00628307
internal_weight=503.201 270.061 188.534 96.3292 233.14 147.269 85.8709 124.882 108.125 55.9614 97.574 79.6748 16.7571 89.6579 63.4143 52.5546 26.2436
internal_count=1704 938 619 328 766 500 266 416 351 176 322 280 65 293 211 171 82
is_linear=0
shrinkage=0.00891649


Tree=170
num_leaves=12
num_cat=0
split_feature=10 10 1 1 10 10 17 17 10 17 17
split_gain=8.00597 10.9884 5.38134 4.44912 4.39864 6.61664 5.33808 13.8422 4.23413 3.68394 9.18442
threshold=-0.12240666763837048 -0.711323193070312 1.7638748049172239 -1.1787487881334533 2.0165826887306255 2.627553828393399 -0.75227213031539608 -0.25235954397065247 -0.42794676941206106 0.3664914023171259 1.0000000180025095e-35
decision_type=2 2 2 2 2 2 2 2 2 2 2
left_child=1 2 3 -1 6 -6 -2 -8 -3 10 -9
right_child=4 8 -4 -5 5 -7 7 9 -10 -11 -12
leaf_value=-0.0024045811270714482 -0.0018530998296291826 0.0098115807784304974 -0.0032283660292350452 0.0026492067110251301 0.010905052751712817 -0.00013924153424252979 0.0076756509255723072 0.00023871024221087269 0.004571337306993755 -0.00097402687041031318 0.0090745669132451991
leaf_weight=15.061987116932867 69.924961909651756 17.458117514848709 15.916369408369063 145.3073510825634 7.7574495673179653 9.0744971483945829 21.804694101214409 53.053607672452927 40.619856178760529 95.647070243954659 11.155063778162001
leaf_count=54 259 51 56 470 21 31 63 188 127 353 31
internal_value=0.00158462 0.0027884 0.00167997 0.00217045 0.000532808 0.00491916 0.000236489 0.0010424 0.00614754 0.000133177 0.00178315
internal_weight=502.781 234.364 176.286 160.369 268.417 16.8319 251.585 181.66 58.078 159.856 64.2087
internal_count=1704 758 580 524 946 52 894 635 178 572 219
is_linear=0
shrinkage=0.00891649


Tree=171
num_leaves=11
num_cat=0
split_feature=10 10 6 10 10 17 17 10 18 18
split_gain=7.87095 10.8584 8.1898 4.33216 6.54929 5.24608 13.6538 4.20489 5.25338 4.17005
threshold=-0.12240666763837048 -0.711323193070312 -1.5151905494409441 2.0165826887306255 2.627553828393399 -0.75227213031539608 -0.25235954397065247 -0.42794676941206106 0.48052285286034757 -1.3096535182309412
decision_type=2 2 2 2 2 2 2 2 2 2
left_child=1 2 -1 5 -5 -2 -7 -3 -9 -4
right_child=3 7 9 4 -6 6 -8 8 -10 -11
leaf_value=-0.005094857020308396 -0.0018369885459226416 0.0097734440576370089 -0.0014843958937571426 0.010864806052874439 -0.00013841708708739643 0.0076350896861957238 0.00013207295110796992 0.0020753593723875649 0.0086935456215265165 0.00275353838850076
leaf_weight=12.976589590311049 69.910353720188141 17.37059660255909 20.93258672952652 7.7173504084348705 9.0744662880897504 21.726192116737366 159.80011221766472 25.523998945951462 15.007932201027868 142.35520096123219
leaf_count=48 259 51 74 21 31 63 572 82 45 458
internal_value=0.00157173 0.00276586 0.00166513 0.000528487 0.00488702 0.00023457 0.00103396 0.00611127 0.00454042 0.00220673
internal_weight=502.395 234.167 176.264 268.228 16.7918 251.437 181.526 57.9025 40.5319 163.288
internal_count=1704 758 580 946 52 894 635 178 127 532
is_linear=0
shrinkage=0.00891649


Tree=172
num_leaves=13
num_cat=0
split_feature=19 17 17 17 17 11 17 17 7 7 17 17
split_gain=6.1367 7.46346 6.51482 6.42653 17.2993 7.21827 7.07187 10.0968 5.45963 6.14741 4.06292 3.90286
threshold=-1.1444575533109163 -1.304895984897724 0.43524523045310554 -0.23197720343105005 -0.80289551634459577 -1.1759879818297165 -0.14969425321441207 0.3664914023171259 -0.57718794342502533 0.26232668622685645 0.12596382561446581 -0.58242668060359326
decision_type=2 2 2 2 2 2 2 2 2 2 2 2
left_child=2 8 -1 4 5 -3 -5 10 -2 -10 -8 -6
right_child=1 3 -4 6 11 -7 7 -9 9 -11 -12 -13
leaf_value=0.0061898864037755706 -0.0069145774775072498 -0.0078380454468573758 -0.0024558039396670429 -0.0016856948615606659 0.011638824264302019 0.0016316926531568154 0.0038199825366764016 0.0007060169534872739 0.0055160336215117588 -0.00303975481201892 0.0099551996050020412 0.0059646965623458663
leaf_weight=38.250708699226379 13.670382305979727 6.7919824272394171 8.1847064048051816 66.183703243732452 13.738370239734648 76.588699653744698 29.510170474648476 176.26744616031647 9.9553333222866076 19.294710725545883 11.930907443165777 31.700997740030289
leaf_count=112 55 26 29 242 37 262 92 617 31 71 33 97
internal_value=0.00155876 0.00124357 0.00464129 0.00161169 0.00326273 0.000852509 0.000861656 0.00163739 -0.00228495 -0.000120178 0.00558885 0.00768031
internal_weight=502.068 455.633 46.4354 412.712 128.82 83.3807 283.892 217.709 42.9204 29.25 41.4411 45.4394
internal_count=1704 1563 141 1406 422 288 984 742 157 102 125 134
is_linear=0
shrinkage=0.00891649


Tree=173
num_leaves=21
num_cat=0
split_feature=12 20 10 14 14 20 20 10 14 10 10 10 10 10 10 10 10 10 14 14
split_gain=11.3095 15.7785 10.1021 8.73851 11.2603 10.9643 12.3201 6.58738 6.04205 5.85051 6.67305 5.66537 4.84308 6.75882 4.62228 4.06096 8.22033 4.02394 4.65492 3.73818
threshold=-0.11954982027963164 1.201385268480285 -0.12240666763837048 2.0825664633865908 1.0000000180025095e-35 -0.68779826277202838 -0.73597760321341188 2.0165826887306255 -0.2178449368241113 1.8529631522793542 0.79944396223583125 -0.711323193070312 1.2707422009807037 1.3302294371720149 0.61313439587818919 -0.12240666763837048 0.92878898747221195 0.61313439587818919 -0.44510262534261685 -0.93488616157772231
decision_type=2 2 2 2 2 2 2 2 2 2 2 2 2 2 2 2 2 2 2 2
left_child=1 3 11 4 8 6 -6 9 17 10 14 -2 -12 -14 -4 -10 -17 18 -1 -19
right_child=2 -3 7 -5 5 -7 -8 -9 15 -11 12 -13 13 -15 -16 16 -18 19 -20 -21
leaf_value=0.0012425055413544017 0.0037568294823496278 -0.0064009985235020002 0.0015637002029472075 -0.0060576040106544429 0.004342998627304433 0.0059056930786741879 -0.006503240016169573 0.00765055732937689 -0.00029343493960554248 -0.005670398990149296 0.0094947522532660353 0.0085824364681919806 -0.0011834281995953399 0.0094741085292944401 -0.0028055713403497733 -0.0088391284528618937 0.0026325818250638663 0.00033340731397103296 0.0079465154561259646 -0.0077261730851514035
leaf_weight=56.900861978530884 55.881825134158134 25.098688617348671 64.863316193223 13.014986127614973 18.783557742834091 63.062901362776756 14.622892111539839 12.72465407848358 25.082570016384125 9.5380392968654615 11.801302433013914 29.495959728956223 13.867780148983003 6.8968024700880042 27.124695315957069 16.570348411798481 6.8666175305843344 13.416419923305513 9.424082860350607 6.6662175208330146
leaf_count=187 176 103 219 52 58 193 59 37 88 37 34 90 52 19 102 73 24 48 26 27
internal_value=0.00154599 0.000303101 0.00298773 0.000994365 0.00139499 0.00371896 -0.000390039 0.00156935 -0.000265414 0.000985311 0.00150105 0.00542513 0.00495936 0.00237971 0.000272702 -0.00278058 -0.00544418 0.00114402 0.00220425 -0.00232831
internal_weight=501.705 269.51 232.194 244.411 231.396 96.4694 33.4064 146.817 134.927 134.092 124.554 85.3778 32.5659 20.7646 91.988 48.5195 23.437 86.4076 66.3249 20.0826
internal_count=1704 938 766 835 783 310 117 500 473 463 426 266 105 71 321 185 97 288 213 75
is_linear=0
shrinkage=0.00891649


Tree=174
num_leaves=7
num_cat=0
split_feature=14 14 10 10 1 1
split_gain=9.28424 10.1948 6.91121 7.44488 5.96267 4.29297
threshold=2.0825664633865908 1.5714736760872448 -0.12240666763837048 -0.711323193070312 1.7638748049172239 -1.1787487881334533
decision_type=2 2 2 2 2 2
left_child=1 2 3 4 5 -1
right_child=-2 -3 -4 -5 -6 -7
leaf_value=-0.0023751021204526557 -0.0046480053231163689 0.0093167951407150847 0.00055987832632600136 0.0056795173596478829 -0.004035339088931192 0.0027764748693091265
leaf_weight=13.958396524190901 18.382956340909004 13.633102804422377 255.58771303296089 51.578436762094498 12.622463434934614 135.39540605247021
leaf_count=50 72 39 901 161 45 436
internal_value=0.0015339 0.00177096 0.00154969 0.00273324 0.0017933 0.00229047
internal_weight=501.158 482.776 469.142 213.555 161.976 149.354
internal_count=1704 1632 1593 692 531 486
is_linear=0
shrinkage=0.00891649


Tree=175
num_leaves=14
num_cat=0
split_feature=12 12 12 6 12 12 12 12 4 4 4 0 4
split_gain=11.1343 10.8094 11.5792 11.2592 9.56666 13.8831 7.61114 8.4134 7.36643 6.09615 5.93532 4.70815 4.27953
threshold=-0.11954982027963164 -0.25586931583086425 -1.1589136206159036 1.6637455641009946 0.36333471803336193 0.4100240155228117 0.86508898182794158 0.9670102492271061 -0.37050680656935803 -0.27823505003708709 0.90173745429034469 0.47851830149465735 0.90173745429034469
decision_type=2 2 2 2 2 2 2 2 2 2 2 2 2
left_child=1 2 3 11 -2 -6 -7 -8 -9 -10 -11 -1 -4
right_child=4 -3 12 -5 5 6 7 8 9 10 -12 -13 -14
leaf_value=-0.00082963552474456649 0.0064547902023785785 -0.0024225997978559342 0.0044952419553951862 0.0059310302900937618 -0.0032352986665481935 0.0076480110704287251 -0.00041489120489799058 0.010481657528408846 -0.0044890273493725045 0.0068447481097695228 0.00085055320130320022 -0.0058049055677108609 -0.0010674151753081683
leaf_weight=59.32420340180397 48.812525898218155 81.413760334253311 79.195129245519638 16.619636133313179 32.633838087320328 24.900119379162788 53.238658219575882 12.31079553067684 7.4438688457012168 27.756054744124413 24.664168104529381 20.12545570731163 12.480972319841383
leaf_count=204 148 319 247 48 131 77 190 33 26 81 80 76 44
internal_value=0.00152095 0.000287108 0.00146329 -0.000695147 0.00295301 0.00201695 0.00316073 0.00226615 0.00424615 0.00295543 0.00402475 -0.00209364 0.00372841
internal_weight=500.919 269.159 187.745 96.0693 231.76 182.948 150.314 125.414 72.1749 59.8641 52.4202 79.4497 91.6761
internal_count=1704 938 619 328 766 618 487 410 220 187 161 280 291
is_linear=0
shrinkage=0.00891649


Tree=176
num_leaves=13
num_cat=0
split_feature=12 12 12 12 12 0 12 12 19 19 19 19
split_gain=10.9648 10.6241 11.3845 9.44788 13.6557 8.26634 7.53268 8.28012 6.03499 4.75238 4.44112 5.90492
threshold=-0.11954982027963164 -0.25586931583086425 -1.1589136206159036 0.36333471803336193 0.4100240155228117 0.47851830149465735 0.86508898182794158 0.9670102492271061 0.41672746587514192 0.10332414970989372 0.051970441697899057 -0.89795755287915402
decision_type=2 2 2 2 2 2 2 2 2 2 2 2
left_child=1 2 5 -2 -5 9 -6 -8 -3 -1 11 -4
right_child=3 8 10 4 6 -7 7 -9 -10 -11 -12 -13
leaf_value=-0.0024875580383249421 0.0064181263479456477 -0.00034084048139414115 0.0073835947281643433 -0.0032101279692120115 0.0076110015705605364 -0.0057490057612568967 -0.00041127734070175407 0.0042141526840977928 -0.0052550482675963097 0.002227198910237788 0.0058136106716334896 0.00015802305130277412
leaf_weight=25.286536276340485 48.655164286494255 47.216935783624649 11.607931137084959 32.599692419171333 24.797399744391441 20.11617423593998 53.233528882265091 72.075382933020592 34.138654142618179 50.656471356749535 42.372241839766502 37.617217496037483
leaf_count=89 148 170 33 131 77 76 190 220 149 163 130 128
internal_value=0.00150905 0.000284679 0.00145092 0.00293177 0.00200163 -0.000688996 0.00313694 0.00224782 -0.00240274 0.000650777 0.00369828 0.0018778
internal_weight=500.373 269.012 187.657 231.361 182.706 96.0592 150.106 125.309 81.3556 75.943 91.5974 49.2251
internal_count=1704 938 619 766 618 328 487 410 319 252 291 161
is_linear=0
shrinkage=0.00891649


Tree=177
num_leaves=15
num_cat=0
split_feature=12 20 12 12 4 4 12 12 4 4 4 19 19 19
split_gain=10.7936 15.3647 9.33321 13.4285 7.91202 14.4026 7.45781 8.14137 7.29234 5.99788 5.86266 5.40985 5.57116 4.80613
threshold=-0.11954982027963164 1.201385268480285 0.36333471803336193 0.4100240155228117 0.27542147144202717 -0.18844027138807404 0.86508898182794158 0.9670102492271061 -0.37050680656935803 -0.27823505003708709 0.90173745429034469 0.99396398928560536 0.94625821851108094 1.4668195962894974
decision_type=2 2 2 2 2 2 2 2 2 2 2 2 2 2
left_child=1 4 -2 -4 5 11 -5 -8 -9 -10 -11 12 -1 -13
right_child=2 -3 3 6 -6 -7 7 8 9 10 -12 13 -14 -15
leaf_value=0.00079489925861581752 0.0063816468566999024 -0.0063420682936942661 -0.0031848370628678115 0.0075746609712529804 -0.0014895479245882015 0.0090322418631939416 -0.00040769639172123746 0.010398339055041258 -0.0044875114215494616 0.0067675530696120461 0.0008053077060897147 0.0095639357000704139 -0.0057577261072609513 0.0021048586225839183
leaf_weight=106.17481455206871 48.498475089669228 25.032739862799644 32.565706074237823 24.695102781057358 72.877484530210495 20.282702773809433 53.228440582752228 12.253481313586233 7.4436474442481986 27.668653383851051 24.657842993736267 9.4374382197856885 11.218148484826086 23.830446437001228
leaf_count=358 148 103 131 77 271 57 190 33 26 81 80 26 45 78
internal_value=0.00149713 0.000282297 0.00291008 0.00198589 0.000965212 0.00201408 0.00311233 0.00222878 0.00417962 0.002896 0.00395847 0.00106434 0.00016335 0.00422773
internal_weight=499.865 268.854 231.011 182.513 243.821 170.944 149.947 125.252 72.0236 59.7701 52.3265 150.661 117.393 33.2679
internal_count=1704 938 766 618 835 564 487 410 220 187 161 507 403 104
is_linear=0
shrinkage=0.00891649


Tree=178
num_leaves=20
num_cat=0
split_feature=15 10 15 10 10 10 10 1 17 15 10 10 10 15 20 17 17 17 17
split_gain=9.91142 12.0065 11.0706 8.27664 5.47696 10.8006 7.49584 5.38435 5.50062 4.71235 6.48293 5.95518 7.53751 5.78921 4.56287 4.15142 4.40156 6.79812 5.07617
threshold=-1.3110423308008141 -0.12240666763837048 -1.3515456663877463 -0.711323193070312 0.84348206207709919 1.2707422009807037 1.3302294371720149 1.7638748049172239 -0.23197720343105005 0.89826929368498365 0.10614381541853013 0.52818311358505732 0.10614381541853013 -0.69696026530213595 1.201385268480285 -1.0151591079927744 -0.39443305730128758 -0.14969425321441207 1.0499957711299379
decision_type=2 2 2 2 2 2 2 2 2 2 2 2 2 2 2 2 2 2 2
left_child=2 3 14 7 9 -6 -7 15 -9 11 -11 12 -3 -13 -1 -2 -17 -18 -19
right_child=1 4 -4 -5 5 6 -8 8 -10 10 -12 13 -14 -15 -16 16 17 18 -20
leaf_value=0.0030821879591601295 -0.0010737865172695418 0.00053969716302897834 -0.0065098726575770899 0.0065758405026028676 0.0090387322630005734 -0.0033965705357726014 0.0033585279202257095 0.0025692996884300592 -0.0080945296990131768 -0.0066768903194805666 0.00034344984402709649 -0.0077035485815453789 0.0069792093795058305 -0.00024206918164000117 -0.0047077006309986739 0.0061832326612366543 -0.0018915066453274562 0.005837513803930822 0.00031947569907066881
leaf_weight=26.311936035752296 16.8011284917593 63.4951082020998 24.533458769321442 52.787250980734825 16.146050661802292 20.914734736084938 34.001497432589531 7.6847342103719711 7.2683908790349943 19.16913129389286 22.455824822187424 10.729909658432005 18.510630548000336 34.074413776397705 7.4735295027494422 36.74733367562294 20.86462564766407 39.540508180856705 19.766429558396339
leaf_count=83 58 222 108 165 47 84 110 24 28 77 80 45 56 121 26 110 73 120 67
internal_value=0.00148556 0.00194255 -0.00196127 0.00354621 0.000592879 0.0026655 0.000783374 0.00246892 -0.0025632 -0.00028201 -0.00288024 0.000570039 0.00199835 -0.00203548 0.0013293 0.00303575 0.00363158 0.00245863 0.00399524
internal_weight=499.277 440.958 58.3189 201.46 239.497 71.0623 54.9162 148.673 14.9531 168.435 41.625 126.81 82.0057 44.8043 33.7855 133.72 116.919 80.1716 59.3069
internal_count=1704 1487 217 645 842 241 194 480 52 601 157 444 278 166 109 428 370 260 187
is_linear=0
shrinkage=0.00891649


Tree=179
num_leaves=19
num_cat=0
split_feature=14 14 20 0 0 0 0 0 0 0 20 0 0 0 0 18 0 18
split_gain=8.99546 9.972 9.17909 9.79523 11.1168 5.19595 5.85272 4.43956 13.132 9.15054 6.18202 4.42998 4.31665 6.08372 6.45683 4.23095 4.03678 3.93871
threshold=2.0825664633865908 1.5714736760872448 1.201385268480285 -0.57152078311884813 -0.029711750967318058 0.16974607446426765 0.53971022302968286 -0.66661605942235636 -1.1159823000930063 -1.2069715627391957 -0.73597760321341188 -1.3297742192022928 1.2785011543774354 1.1416189770833913 0.60680248619027533 0.62783507533969918 -0.97234573033267269 -0.81332422014538863
decision_type=2 2 2 2 2 2 2 2 2 2 2 2 2 2 2 2 2 2
left_child=1 2 3 7 -5 -6 -7 8 9 11 -9 -1 13 14 -8 -2 -10 -4
right_child=15 -3 17 4 5 6 12 10 16 -11 -12 -13 -14 -15 -16 -17 -18 -19
leaf_value=0.00090249910101651088 -0.010975439161048189 0.0092202421404071928 -0.0042968877612323602 0.0066820991576866219 0.00025784182918899831 0.0071992241159510341 0.00035105444718428418 0.0053839757960953485 0.011822811962851057 -0.0035843165845304264 -0.0028156141551517657 0.0080571707817023025 0.006151856366105434 -0.0031015765947974656 0.0067075012680534261 -0.0017941241972198689 0.0044453128427504674 0.00028299544347060862
leaf_weight=29.531806394457817 5.6570439189672497 13.457660764455794 26.849505051970482 53.775467172265053 74.454260528087616 23.866105780005455 32.875816330313683 8.3229744434356672 8.028893858194353 38.689023032784462 51.089607805013657 8.7597416788339597 17.802291750907898 18.567102700471878 20.476995080709457 12.665980502963064 20.893731877207756 32.982457309961319
leaf_count=96 26 39 109 165 262 71 115 25 22 148 192 25 54 69 62 46 65 113
internal_value=0.00147388 0.00170798 0.00148952 0.0019688 0.00311203 0.0020893 0.00328773 0.000296022 0.00138931 -0.000529337 -0.0016511 0.00254713 0.00224318 0.001267 0.00279433 -0.0046209 0.00649488 -0.00176429
internal_weight=498.746 480.423 466.966 407.134 241.818 188.043 113.588 165.316 105.903 76.9806 59.4126 38.2915 89.7222 71.9199 53.3528 18.323 28.9226 59.832
internal_count=1704 1632 1593 1371 798 633 371 573 356 269 217 121 300 246 177 72 87 222
is_linear=0
shrinkage=0.00891649


Tree=180
num_leaves=12
num_cat=0
split_feature=15 15 15 4 4 7 7 4 4 15 4
split_gain=9.71162 10.8201 7.81561 8.47756 8.67865 7.5306 8.14919 7.27012 5.54163 4.51928 4.39004
threshold=-1.3110423308008141 -1.3515456663877463 1.4584443261530822 0.30120022902775129 -0.16179110723847789 0.26232668622685645 -0.53655301128110655 -0.37050680656935803 -0.90831413390035376 -0.75197308362565063 -0.95105499352929657
decision_type=2 2 2 2 2 2 2 2 2 2 2
left_child=1 -1 3 4 7 6 9 8 10 -5 -2
right_child=2 -3 -4 5 -6 -7 -8 -9 -10 -11 -12
leaf_value=0.0013010426283935617 0.0044019257934281289 -0.0064582813858457362 -0.0015119166603052079 -0.0044125415139382763 0.0073818320156013167 -0.0022378981929656898 0.0049626184855155724 0.00037076775387737387 0.0065849606575689688 0.0013268515179213488 0.00058890066924707676
leaf_weight=33.736869320273399 53.015231445431709 24.456613048911095 46.96217654645443 14.761639311909674 35.842523232102394 48.569694310426712 42.763459429144859 73.066685929894447 41.165873691439629 40.016151875257492 43.727703914046288
leaf_count=109 160 108 167 58 108 185 136 256 129 140 148
internal_value=0.00146277 -0.00195273 0.00191573 0.0023268 0.00333435 0.00062433 0.00205106 0.00264459 0.00384823 -0.000217061 0.0026813
internal_weight=498.085 58.1935 439.891 392.929 246.818 146.111 97.5413 210.975 137.909 54.7778 96.7429
internal_count=1704 217 1487 1320 801 519 334 693 437 198 308
is_linear=0
shrinkage=0.00891649


Tree=181
num_leaves=17
num_cat=0
split_feature=12 12 12 6 12 12 12 18 19 18 19 4 6 6 6 6
split_gain=10.5676 10.067 11.0225 11.0602 8.95136 13.0325 7.20244 7.98648 5.89227 5.66693 4.33514 6.80593 3.86287 12.4674 8.93031 5.4251
threshold=-0.11954982027963164 -0.25586931583086425 -1.1589136206159036 1.6637455641009946 0.36333471803336193 0.4100240155228117 0.86508898182794158 0.12752380531045562 0.41672746587514192 1.5333880352425693 0.051970441697899057 0.27542147144202717 0.032597578398032456 -0.070805002637463241 -0.76405830219010085 0.42162822166365443
decision_type=2 2 2 2 2 2 2 2 2 2 2 2 2 2 2 2
left_child=1 2 3 12 -2 -6 -7 -8 -3 -9 11 -4 13 14 -1 -14
right_child=4 8 10 -5 5 6 7 9 -10 -11 -12 -13 15 -15 -16 -17
leaf_value=-0.006601038810699106 0.0062731791588945037 -0.00033366779326908795 0.0035132315951359452 0.005853374589086224 -0.0031490306172061648 0.0074773046746060253 -0.00066309717784810947 0.005478554677093979 -0.0051967405736211376 0.00012008678023920343 0.0057053181812677317 -0.004569057048423213 0.0067908013017847074 -0.011962719923583403 0.0033151906019327341 -0.0016887321180541523
leaf_weight=12.481198474764822 47.997932314872742 47.147587180137634 38.670149117708206 16.579455822706223 32.504342272877693 24.403607800602913 47.7063869535923 55.423775464296341 33.999187797307968 21.726721599698067 42.050660669803619 10.29433962702751 7.1875817179679862 11.224644854664801 16.506493732333187 31.757429346442223
leaf_count=47 148 170 122 48 131 77 172 166 149 72 130 39 20 50 50 113
internal_value=0.00145099 0.000247395 0.00138631 -0.000721216 0.00285344 0.00194871 0.00306222 0.00219568 -0.0023711 0.00396611 0.00360636 0.00180402 -0.00211053 -0.00404607 -0.000964585 -0.000110988
internal_weight=497.661 267.899 186.752 95.7368 229.763 181.765 149.26 124.857 81.1468 77.1505 91.0151 48.9645 79.1573 40.2123 28.9877 38.945
internal_count=1704 938 619 328 766 618 487 410 319 238 291 161 280 147 97 133
is_linear=0
shrinkage=0.00891649


Tree=182
num_leaves=17
num_cat=0
split_feature=12 12 12 12 12 12 12 19 17 19 14 14 14 19 11 11
split_gain=10.3984 9.89724 10.8372 8.84371 12.8138 7.132 7.84117 6.89111 8.26947 5.80584 16.2195 4.77923 4.31212 4.13686 4.05546 4.36985
threshold=-0.11954982027963164 -0.25586931583086425 -1.1589136206159036 0.36333471803336193 0.4100240155228117 0.86508898182794158 0.9670102492271061 1.0000000180025095e-35 0.56015910041079564 0.41672746587514192 -0.74964006613840006 -1.0000000180025095e-35 1.0000000180025095e-35 -0.067027913357409291 -0.48294564434938708 0.65401848165925258
decision_type=2 2 2 2 2 2 2 2 2 2 2 2 2 2 2 2
left_child=1 2 7 14 -5 -6 -7 8 11 -3 -11 -1 -4 -14 -2 -16
right_child=3 9 12 4 5 6 -8 -9 -10 10 -12 -13 13 -15 15 -17
leaf_value=-0.011397711201509226 0.010782546200248088 -0.00033066641025330379 0.0014920786402002819 -0.0031243380770088762 0.0074410982906343692 -0.00040960195581113499 0.0040985894811176263 0.001130274495357127 0.0024555284749019713 0.0031547245017511643 -0.0096825333689795762 -0.0034426782031641372 0.003468278942513526 0.0088913814547624745 0.0028684409305568983 0.0097913062829589562
leaf_weight=10.052545860409737 11.673700168728827 47.143927544355392 42.183542221784592 32.470779895782471 24.302983775734901 53.177801132202148 71.64635893702507 59.793982326984406 11.263572826981543 11.891886949539183 22.038881108164787 14.551732033491135 31.561903357505798 17.183964103460312 26.364478141069412 9.805991664528845
leaf_count=41 34 170 139 131 77 190 220 198 36 44 105 53 101 51 85 29
internal_value=0.00143966 0.000245382 0.00137514 0.00283198 0.0019331 0.00303766 0.00217664 -0.000715322 -0.00379982 -0.00235209 -0.00516084 -0.00669589 0.00357757 0.00538378 0.00623728 0.00476537
internal_weight=497.108 267.666 186.591 229.442 181.598 149.127 124.824 95.6618 35.8679 81.0747 33.9308 24.6043 90.9294 48.7459 47.8442 36.1705
internal_count=1704 938 619 766 618 487 410 328 130 319 149 94 291 152 148 114
is_linear=0
shrinkage=0.00891649


Tree=183
num_leaves=11
num_cat=0
split_feature=20 10 10 10 10 1 10 19 20 20
split_gain=8.26246 7.74676 7.74499 6.87195 12.8523 6.09195 6.02915 4.09167 3.67204 5.70478
threshold=1.201385268480285 -0.12240666763837048 -0.711323193070312 0.10614381541853013 0.52818311358505732 0.25291398073957427 2.0165826887306255 -0.11406942191867205 1.0000000180025095e-35 0.60075011733418315
decision_type=2 2 2 2 2 2 2 2 2 2
left_child=1 2 8 -3 -5 7 -6 -2 -1 -10
right_child=5 3 -4 4 6 -7 -8 -9 9 -11
leaf_value=0.0013723206159169008 -0.00084172306117160365 -0.0014026776855360253 0.0061685197511359693 0.0080792909014825911 6.681952866321108e-05 0.0029085531953422987 0.0062070134538418711 -0.0061850902482064639 0.009622205104748616 0.0021928100918664735
leaf_weight=119.02083230018616 24.773598730564117 78.389774635434151 49.978098258376122 22.230801030993462 112.63470622897148 17.15307343006134 14.137837275862692 20.93272091448307 11.935041353106497 25.397749617695808
leaf_count=394 87 287 160 67 404 55 43 91 34 82
internal_value=0.00142839 0.00186634 0.00311707 0.000730763 0.00185432 -0.00158626 0.000757699 -0.00329008 0.00213985 0.00457405
internal_weight=496.584 433.725 206.332 227.393 149.003 62.8594 126.773 45.7063 156.354 37.3328
internal_count=1704 1471 670 801 514 233 447 178 510 116
is_linear=0
shrinkage=0.00891649


Tree=184
num_leaves=13
num_cat=0
split_feature=20 20 20 20 20 20 20 20 20 18 19 18
split_gain=8.12251 6.22175 15.7073 9.59301 5.75837 10.4066 16.9501 5.40013 4.93366 4.75515 5.78052 3.85468
threshold=1.201385268480285 1.0000000180025095e-35 0.60075011733418315 0.77312185473820882 -0.73597760321341188 -0.64753450234660914 -0.42897523810759108 -1.2331699816879782 -0.076762462275573332 -0.81332422014538863 -1.1444575533109163 -1.4896303543108809
decision_type=2 2 2 2 2 2 2 2 2 2 2 2
left_child=1 4 -3 -4 7 -6 -7 -1 -8 11 -11 -2
right_child=9 2 3 -5 5 6 8 -9 -10 10 -12 -13
leaf_value=0.0016547740118704774 0.0017555088301237562 0.0072130283168297003 -0.00081100457403162675 0.0061504629928621334 -0.002205321055814672 0.011637381835812697 0.0034682071981392052 0.0064257728319023497 -0.00053480224557153795 0.0081765577988272362 -0.0010891520782433737 -0.0060330300563522284
leaf_weight=70.275925934314728 6.3135883808136013 53.053119376301765 60.556005164980888 21.021098792552948 80.470506206154823 12.596501022577284 36.44469740986824 25.617748275399208 73.337982967495918 6.4032462686300269 28.028807669878006 22.074076041579247
leaf_count=230 23 163 219 64 300 36 116 78 265 17 100 93
internal_value=0.00141683 0.00185127 0.0034423 0.000987947 0.00113348 0.000281499 0.00191822 0.00293198 0.000794697 -0.00157306 0.000638647 -0.00427155
internal_weight=496.193 433.374 134.63 81.5771 298.743 202.85 122.379 95.8937 109.783 62.8197 34.4321 28.3877
internal_count=1704 1471 446 283 1025 717 417 308 381 233 117 116
is_linear=0
shrinkage=0.00891649


Tree=185
num_leaves=18
num_cat=0
split_feature=20 0 0 6 0 0 0 20 0 10 10 10 10 0 0 10 10
split_gain=7.98795 8.03945 14.2081 7.83773 5.47454 12.2051 10.2097 6.36986 5.20262 5.56 10.2969 4.62521 4.78712 4.50881 4.2062 4.01728 3.73651
threshold=1.201385268480285 -0.57152078311884813 -0.029711750967318058 -0.070805002637463241 -0.66661605942235636 -1.1159823000930063 -1.2069715627391957 -0.73597760321341188 0.071636984136287163 0.84348206207709919 -0.12240666763837048 1.1564717013602797 2.0165826887306255 1.2318404151756621 -0.97234573033267269 -1.2037039549006023 -0.37525942933062156
decision_type=2 2 2 2 2 2 2 2 2 2 2 2 2 2 2 2 2
left_child=1 4 -3 -2 5 6 -1 -6 15 10 -10 -11 -13 -12 -7 -4 -17
right_child=3 2 8 -5 7 14 -8 -9 9 11 13 12 -14 -15 -16 16 -18
leaf_value=0.0028580389289339981 0.00080733536687235515 0.0067621076771350102 -0.0062921426559039142 -0.0057160486125491959 0.0053244401620955936 0.011720727951198062 -0.0034875200755777563 -0.0029874623221879137 0.004437303094547841 0.011538295304471627 -0.00016962758386424248 0.001338938167076667 0.009764391790936593 -0.0080918049011872613 0.0043047462870092834 0.0041064989814537361 -0.00081894148750633229
leaf_weight=40.223824292421341 39.944640755653381 56.722128883004189 7.6070049107074729 22.831431478261948 8.3241810053586942 8.2336398363113421 39.9947449862957 52.009982243180275 53.088011875748634 8.4978027641773206 43.153581991791725 17.092288196086887 7.5884901583194724 6.3910474479198447 21.896822795271873 16.516785442829132 45.483851060271263
leaf_count=127 137 176 28 96 25 23 153 197 169 24 152 60 21 26 69 53 168
internal_value=0.00140597 0.00183717 0.00281755 -0.00155997 0.000330949 0.00151066 -0.000301036 -0.00182454 0.00172646 0.00274113 0.00171461 0.005907 0.00396144 -0.00120084 0.00633387 -0.000250792 0.000492646
internal_weight=495.6 432.824 262.141 62.7761 170.683 110.349 80.2186 60.3342 205.419 135.811 102.633 33.1786 24.6808 49.5446 30.1305 69.6076 62.0006
internal_count=1704 1471 877 233 594 372 280 222 701 452 347 105 81 178 92 249 221
is_linear=0
shrinkage=0.00891649


Tree=186
num_leaves=13
num_cat=0
split_feature=12 20 12 12 12 18 12 12 19 18 12 19
split_gain=10.1935 14.3883 8.48567 12.4331 6.89155 7.71514 6.53976 10.4599 6.12791 5.56464 4.48125 3.68124
threshold=-0.11954982027963164 1.201385268480285 0.36333471803336193 0.4100240155228117 0.86508898182794158 0.12752380531045562 -0.25586931583086425 -0.75163971702825794 0.41672746587514192 1.5333880352425693 -0.52032889768607571 0.051970441697899057
decision_type=2 2 2 2 2 2 2 2 2 2 2 2
left_child=1 6 -2 -4 -5 -6 7 -1 -8 -7 -9 -12
right_child=2 -3 3 4 5 9 8 10 -10 -11 11 -13
leaf_value=0.0005989979807781863 0.006132873121827748 -0.0062213324319319715 -0.0030880288906167527 0.0073464024161748222 -0.00066781570306170737 0.0053907577645608802 0.00084844100574233631 0.010647228543556144 -0.0043902836371669174 7.3616223335582444e-05 0.0009531164358640013 0.0072525362006140388
leaf_weight=129.53594191372395 47.354714050889015 24.859096020460129 32.407697886228561 24.019528418779373 47.593641340732574 55.211534917354584 41.617666631937027 10.904271706938742 30.613130375742912 21.676793456077576 15.238066643476488 14.014754310250281
leaf_count=433 148 103 131 77 172 166 144 33 132 72 50 43
internal_value=0.00139505 0.00021123 0.00277772 0.00189778 0.00298913 0.00214473 0.000874963 0.00183159 -0.00136711 0.00388836 0.00579793 0.00398672
internal_weight=495.047 266.783 228.264 180.909 148.501 124.482 241.924 169.693 72.2308 76.8883 40.1571 29.2528
internal_count=1704 938 766 618 487 410 835 559 276 238 126 93
is_linear=0
shrinkage=0.00891649


Tree=187
num_leaves=13
num_cat=0
split_feature=20 10 10 0 0 0 0 0 0 0 0 19
split_gain=7.72653 7.29761 10.1609 4.75625 6.07793 5.60361 9.34411 8.47167 5.5509 5.002 4.61295 3.86614
threshold=2.6065486980323729 -0.12240666763837048 -0.711323193070312 -0.57152078311884813 -0.66661605942235636 1.1416189770833913 0.60680248619027533 1.7821037294476121 -1.1765583195794338 -0.029711750967318058 -1.2069715627391957 -1.1444575533109163
decision_type=2 2 2 2 2 2 2 2 2 2 2 2
left_child=1 2 11 4 8 6 9 -7 10 -5 -3 -1
right_child=-2 3 -4 5 -6 7 -8 -9 -10 -11 -12 -13
leaf_value=0.0056622758914119655 -0.0062893485857197689 0.0029267711598259848 0.0060841974769301034 0.0047989582391941166 -0.0042325845073298823 -0.0034566473695456295 0.0086613208992275467 0.0055906557170616747 0.0066884278379613664 0.00042647751449523448 -0.0038390164396720898 0.0012050684575283276
leaf_weight=17.030791267752647 10.003636240959166 13.914523467421526 54.063530504703522 26.33020892739296 32.882572710514069 35.730147421360016 15.558127120137213 10.462556064128874 9.8149086683988553 96.656590655446053 18.311323329806331 153.76871800422668
leaf_count=49 41 45 173 83 131 137 45 32 29 348 74 517
internal_value=0.00138409 0.00154452 0.00272012 0.000525744 -0.00136588 0.00129396 0.00219094 -0.00138667 0.000868911 0.00136685 -0.000903509 0.00165344
internal_weight=494.528 484.524 224.863 259.661 74.9233 184.738 138.545 46.1927 42.0408 122.987 32.2258 170.8
internal_count=1704 1663 739 924 279 645 476 169 148 431 119 566
is_linear=0
shrinkage=0.00891649


Tree=188
num_leaves=12
num_cat=0
split_feature=15 10 15 10 7 10 10 10 7 10 10
split_gain=9.29421 11.194 10.3231 7.46135 5.32707 6.26868 5.4025 8.70788 5.0594 4.3564 3.72283
threshold=-1.3110423308008141 -0.12240666763837048 -1.3515456663877463 -0.711323193070312 0.26232668622685645 0.84348206207709919 0.61313439587818919 0.10614381541853013 1.6946167216369545 1.1110963834555641 -0.75812582529097694
decision_type=2 2 2 2 2 2 2 2 2 2 2
left_child=2 3 -1 8 5 -3 7 -6 10 -7 -2
right_child=1 4 -4 -5 6 9 -8 -9 -10 -11 -12
leaf_value=0.0012115411745440962 0.0041031425023079892 0.00021590233748352709 -0.0063892895131537619 0.0063036368794100696 -0.0011609694864836858 0.010298534457529887 -0.0035038011472523171 0.0073421760107919825 -0.0032604460379792107 0.0030325878738172675 0.0011195601024776842
leaf_weight=33.519058287143707 78.427386432886124 90.775894924998283 24.326937019824982 51.308009713888168 42.171538636088371 7.5739490836858741 41.970572739839554 12.163313701748846 11.496611416339872 42.604626134037971 57.743631601333618
leaf_count=109 243 322 108 165 153 22 164 37 40 144 197
internal_value=0.00137305 0.00181849 -0.00197779 0.00337764 0.000510214 0.00161376 -0.00110391 0.000744378 0.0023594 0.00413871 0.00283858
internal_weight=494.082 436.236 57.846 198.976 237.26 140.954 96.3054 54.3349 147.668 50.1786 136.171
internal_count=1704 1487 217 645 842 488 354 190 480 166 440
is_linear=0
shrinkage=0.00891649


Tree=189
num_leaves=14
num_cat=0
split_feature=12 12 12 6 12 12 12 12 0 11 11 6 6
split_gain=10.0418 9.1526 10.4087 10.8695 8.2454 12.1528 6.72841 7.45496 4.26882 4.07895 4.37947 3.68867 5.22286
threshold=-0.11954982027963164 -0.25586931583086425 -1.1589136206159036 1.6637455641009946 0.36333471803336193 0.4100240155228117 0.86508898182794158 0.9670102492271061 0.47851830149465735 -0.48294564434938708 0.65401848165925258 0.26897769650938325 0.52513864210130279
decision_type=2 2 2 2 2 2 2 2 2 2 2 2 2
left_child=1 2 3 8 9 -6 -7 -8 -1 -2 -11 -4 -13
right_child=4 -3 11 -5 5 6 7 -9 -10 10 -12 12 -14
leaf_value=-0.00094526021312400527 0.010667553953289352 -0.0023147294164208988 0.0048810140580251354 0.0057527125682377373 -0.0030616983722534922 0.0072767093793130351 -0.00040207605006596994 0.0040018831190666839 -0.0057037813176303498 0.0026645964785879921 0.0096605666329318066 -0.0050073964239125838 0.0030700303367086337
leaf_weight=58.811904817819595 11.425978630781172 80.803442299365997 55.285794377326965 16.53473462164402 32.362596496939659 23.818878203630447 53.100158616900444 71.159628048539162 19.953899145126343 25.98852701485157 9.6042983233928663 8.1031042188405973 26.702351331710815
leaf_count=204 34 319 175 48 131 77 190 220 76 85 29 31 85
internal_value=0.00136201 0.000186152 0.00127729 -0.000772433 0.00273718 0.00187021 0.00295138 0.00211857 -0.00215437 0.00605778 0.00457268 0.00344868 0.00117734
internal_weight=493.655 266.195 185.392 95.3005 227.46 180.441 148.079 124.26 78.7658 47.0188 35.5928 90.0912 34.8055
internal_count=1704 938 619 328 766 618 487 410 280 148 114 291 116
is_linear=0
shrinkage=0.00891649


Tree=190
num_leaves=12
num_cat=0
split_feature=18 18 18 18 4 4 3 4 4 3 3
split_gain=5.79642 7.09519 10.5935 5.66802 5.59705 9.33387 6.51525 5.52 9.41642 8.16591 4.09218
threshold=0.12752380531045562 0.064410241317530689 -0.22728648642215685 0.59086702851871586 0.90173745429034469 -0.37050680656935803 -0.31316241485653201 0.27542147144202717 -0.16179110723847789 1.1373381307931814 -1.073424636876221
decision_type=2 2 2 2 2 2 2 2 2 2 2
left_child=1 2 7 -2 5 -3 -7 8 -1 -9 -5
right_child=3 4 -4 10 -6 6 -8 9 -10 -11 -12
leaf_value=0.00091580676506246024 0.005865728305339735 -0.0074331044994047071 0.0061413086262866725 0.0056417182092505323 -0.008239496141988361 -0.0032895296815664229 0.0051337374884646517 -0.00032762692435514334 0.0090302007545049433 -0.0098514543934450968 0.001329391226332777
leaf_weight=105.5223845243454 33.50420917570591 12.359811201691622 30.051612377166748 19.721485078334808 10.344062000513075 12.045068040490149 17.82777068018914 86.603028193116188 12.54628351330757 7.6263912916183463 145.02572347223759
leaf_count=366 107 48 91 59 45 48 58 322 37 32 491
internal_value=0.0013512 0.000558118 0.00120226 0.00252988 -0.0024046 -0.000968522 0.0017173 0.00050051 0.00178415 -0.00110631 0.00184937
internal_weight=493.178 294.926 242.35 198.251 52.5767 42.2326 29.8728 212.298 118.069 94.2294 164.747
internal_count=1704 1047 848 657 199 154 106 757 403 354 550
is_linear=0
shrinkage=0.00891649


Tree=191
num_leaves=12
num_cat=0
split_feature=18 18 18 18 4 4 4 4 4 0 4
split_gain=5.69732 6.97578 10.4456 5.60307 5.51976 9.18298 5.42491 9.30725 4.63204 4.15256 3.87229
threshold=0.12752380531045562 0.064410241317530689 -0.22728648642215685 0.59086702851871586 0.90173745429034469 -0.37050680656935803 0.27542147144202717 -0.16179110723847789 0.96188211481581443 -1.0747825590554674 2.1407980062000385
decision_type=2 2 2 2 2 2 2 2 2 2 2
left_child=1 2 6 -2 5 -3 7 -1 -8 -5 -10
right_child=3 4 -4 9 -6 -7 8 -9 10 -11 -12
leaf_value=0.00090762653635353811 0.0058316470559288706 -0.007379707492185081 0.006104935501379887 -0.0017712333610753698 -0.0081894126037502651 0.001701532509104358 -0.0026188900939755348 0.0089899380349310661 0.0031374315175703633 0.0023856002590249424 -0.0037119806779423075
leaf_weight=105.52301423251629 33.400420099496841 12.339087530970568 29.96219140291214 21.787916302680969 10.315182209014891 29.878681108355526 59.162151321768761 12.489064276218413 26.580832004547119 142.93726761639118 8.4717151224613172
leaf_count=366 107 48 91 78 45 106 230 37 90 472 34
internal_value=0.00134006 0.000553494 0.00119236 0.00250898 -0.00238544 -0.000960426 0.000496212 0.00176918 -0.0010967 0.00183316 0.00145991
internal_weight=492.848 294.722 242.189 198.126 52.533 42.2178 212.227 118.012 94.2147 164.725 35.0525
internal_count=1704 1047 848 657 199 154 757 403 354 550 124
is_linear=0
shrinkage=0.00891649


Tree=192
num_leaves=8
num_cat=0
split_feature=20 3 3 3 3 3 3
split_gain=7.5296 5.37828 19.0229 16.0707 9.48541 8.35869 9.18546
threshold=2.6065486980323729 -0.50044154892440484 -0.4739748824901675 -1.0091682742455681 1.0000000180025095e-35 -1.073424636876221 -1.5662790729461455
decision_type=2 2 2 2 2 2 2
left_child=1 3 -3 5 -4 6 -1
right_child=-2 2 4 -5 -6 -7 -8
leaf_value=0.00069773356422421528 -0.0062561102869969449 -0.0039072286125215409 0.0062602056835709156 0.0077972152477044036 0.0012192200071212004 -0.001546867386877023 0.0085224646226320783
leaf_weight=31.916225910186768 9.9767605066299421 55.007896214723587 33.407798379659653 39.159611448645592 255.12851935625076 49.105686992406845 18.808796644210815
leaf_count=109 41 214 106 119 876 183 56
internal_value=0.00132903 0.00148785 0.000888523 0.00296734 0.00180459 0.00106932 0.00360192
internal_weight=492.511 482.535 343.544 138.99 288.536 99.8307 50.725
internal_count=1704 1663 1196 467 982 348 165
is_linear=0
shrinkage=0.00891649


Tree=193
num_leaves=19
num_cat=0
split_feature=12 12 12 6 4 0 0 0 11 4 0 11 11 11 0 4 12 11
split_gain=9.74033 8.8212 10.146 10.7376 8.13316 8.02273 7.36022 6.89028 5.16058 7.15342 4.73224 6.2836 9.26491 4.42532 4.18823 4.0221 3.97806 3.94761
threshold=-0.11954982027963164 -0.25586931583086425 -1.1589136206159036 1.6637455641009946 -0.37050680656935803 -0.57152078311884813 1.1416189770833913 1.1855327931484181 0.41363044311085401 -0.18844027138807404 0.60680248619027533 0.024226339932913801 -0.78085874802368671 1.0000000180025095e-35 0.47851830149465735 0.90173745429034469 0.9670102492271061 -1.0000000180025095e-35
decision_type=2 2 2 2 2 2 2 2 2 2 2 2 2 2 2 2 2 2
left_child=1 2 3 14 16 8 10 -8 -6 -10 11 12 -7 -14 -1 -4 -2 -9
right_child=4 -3 15 -5 5 6 7 17 9 -11 -12 -13 13 -15 -16 -17 -18 -19
leaf_value=-0.00096706121392078524 0.0043891808043147428 -0.0022963933518711939 0.0041364962957484075 0.0056964538480759209 -0.0087367680177317629 0.0077889599895175693 -0.0050745608374521698 0.0050826992167468466 -0.0067380926174707267 0.0036942072978735602 0.0089329827365807728 0.0056612699733033277 0.00059316390423481394 -0.0065177531651073768 -0.0056837432040590247 -0.0013004171792182443 0.010170191751566632 -0.0015200170413655948
leaf_weight=58.717553868889809 43.517367258667946 80.706015229225159 77.44390781223774 16.522472575306892 7.6749306917190578 10.93991276621818 15.931216984987257 16.276486590504646 8.2897585630416923 13.401408776640887 13.060800626873968 41.358081102371216 21.510813012719161 10.022723600268362 19.929003968834877 12.298218116164206 11.956812188029287 12.511899396777155
leaf_count=204 142 319 247 48 34 34 63 51 32 44 39 131 75 42 76 44 33 46
internal_value=0.00131838 0.000159757 0.00123289 -0.000790895 0.00267647 0.00171357 0.00259255 -0.000388184 -0.00251071 -0.000302507 0.00397288 0.00319405 0.000784918 -0.00166129 -0.00216587 0.00338217 0.00563965 0.00219508
internal_weight=492.069 265.617 184.911 95.169 226.452 170.978 141.612 44.7196 29.3661 21.6912 96.8923 83.8315 42.4734 31.5335 78.6466 89.7421 55.4742 28.7884
internal_count=1704 938 619 328 766 591 481 160 110 76 321 282 151 117 280 291 175 97
is_linear=0
shrinkage=0.00891649


Tree=194
num_leaves=8
num_cat=0
split_feature=10 10 1 10 1 10 10
split_gain=6.58141 8.67191 5.08319 4.43461 4.04999 3.74206 6.24522
threshold=-0.12240666763837048 -0.711323193070312 1.7638748049172239 -0.42794676941206106 -1.1787487881334533 2.0165826887306255 2.627553828393399
decision_type=2 2 2 2 2 2 2
left_child=1 2 4 -3 -1 -2 -7
right_child=5 3 -4 -5 -6 6 -8
leaf_value=-0.0024516969165158404 7.2428769034585164e-05 0.0093928440370360158 -0.0033464412807468441 0.0038548070592750584 0.0023850608507121167 0.010509704013358876 -0.00043577876607505523
leaf_weight=14.984390094876288 246.92580412328243 16.300503209233284 15.796834915876387 38.308796212077141 143.08312544226646 7.3129340559244183 8.9186209440231305
leaf_count=54 894 51 56 127 470 21 31
internal_value=0.00130781 0.00241464 0.00144071 0.00550993 0.00192253 0.000346079 0.00446792
internal_weight=491.631 228.474 173.864 54.6093 158.068 263.157 16.2316
internal_count=1704 758 580 178 524 946 52
is_linear=0
shrinkage=0.00891649


Tree=195
num_leaves=18
num_cat=0
split_feature=12 12 12 6 14 12 12 6 12 12 19 14 14 14 19 11 11
split_gain=9.58814 8.63265 9.95964 10.5706 14.7046 7.95856 11.7213 7.13681 6.49791 7.10687 5.5475 16.1373 5.16336 4.24276 4.11579 4.07655 4.38974
threshold=-0.11954982027963164 -0.25586931583086425 -1.1589136206159036 1.6637455641009946 -0.38023872485816718 0.36333471803336193 0.4100240155228117 0.52513864210130279 0.86508898182794158 0.9670102492271061 0.41672746587514192 -0.74964006613840006 2.0825664633865908 1.0000000180025095e-35 -0.067027913357409291 -0.48294564434938708 0.65401848165925258
decision_type=2 2 2 2 2 2 2 2 2 2 2 2 2 2 2 2 2
left_child=1 2 3 4 7 15 -7 -1 -8 -10 -3 -12 -6 -4 -15 -2 -17
right_child=5 10 13 -5 12 6 8 -9 9 -11 11 -13 -14 14 -16 16 -18
leaf_value=-0.013788924237741621 0.010580261381401874 -0.0003071126173882814 0.0012616737456224976 0.0056424083982323167 0.00095494294331172709 -0.0030501214297479619 0.0071488915416524001 -0.002866414478805803 -0.00041354701928691961 0.0038925139989646096 0.0032584929621199085 -0.009585937641682158 -0.0072187601482321812 0.0032315222917440618 0.0086926859862417154 0.0025242962298628888 0.0095730980736829299
leaf_weight=10.651742935180666 11.23815895617008 47.005959466099739 41.660108372569084 16.515678972005844 52.8206837028265 32.321576803922653 23.452391609549522 8.381545737385748 53.07319563627243 70.734200045466423 11.845942929387091 21.811076983809471 6.7583369165658942 31.133436873555183 16.802976787090302 25.73273703455925 9.4710714817047101
leaf_count=43 34 170 139 48 180 131 77 29 190 220 44 105 28 101 51 85 29
internal_value=0.00129673 0.000147015 0.00120934 -0.000795573 -0.00216014 0.00264576 0.0017945 -0.00895049 0.00286115 0.00204528 -0.00228322 -0.00504271 1.09547e-05 0.00334115 0.0051496 0.00593079 0.00444111
internal_weight=491.411 265.387 184.725 95.128 78.6123 226.023 179.581 19.0333 147.26 123.807 80.663 33.657 59.579 89.5965 47.9364 46.442 35.2038
internal_count=1704 938 619 328 280 766 618 72 487 410 319 149 208 291 152 148 114
is_linear=0
shrinkage=0.00891649


Tree=196
num_leaves=15
num_cat=0
split_feature=15 15 15 15 15 15 6 3 15 15 15 11 15 15
split_gain=8.94295 9.96443 7.52249 10.47 6.45931 9.42675 5.7432 5.22213 4.77607 18.0764 8.22871 4.03612 3.65548 10.3343
threshold=-1.3110423308008141 -1.3515456663877463 0.27715364387660096 -0.027395422730445634 0.3832932350656017 0.89826929368498365 -0.68271273030203827 0.13800461201406128 -0.75197308362565063 -0.28431673707750738 -0.82563418106787567 1.0000000180025095e-35 1.4584443261530822 1.0207389641107205
decision_type=2 2 2 2 2 2 2 2 2 2 2 2 2 2
left_child=1 6 3 8 -4 -6 -1 -5 10 -10 -2 -3 13 -7
right_child=2 11 4 7 5 12 -8 -9 9 -11 -12 -13 -14 -15
leaf_value=-0.0043740275346440547 0.0044727598190541663 -0.0033516674298738019 -0.002092635987650162 0.011002463357602162 0.0058474760775256334 -0.00032692847991753289 0.0035904706895993552 0.00351476322572092 0.0086331111202933367 0.0011139401035251851 -0.0016855129122481615 -0.010735218931057715 -0.0016416037809593076 0.0081756744175483734
leaf_weight=10.18430934846401 25.499679952859879 14.389144837856295 56.837615966796875 16.817761272192005 30.376557976007462 48.437797144055367 23.164057359099388 13.028208136558531 34.590620070695877 94.315613389015198 52.236554026603699 9.8513108491897565 46.569523766636848 14.608253642916678
leaf_count=37 79 60 212 50 97 174 72 43 103 323 195 48 167 44
internal_value=0.00128654 -0.00200734 0.0017254 0.00279698 0.000437304 0.00146589 0.00113545 0.00771882 0.00208355 0.00313519 0.000337223 -0.00634775 0.000247958 0.00164552
internal_weight=490.907 57.5888 433.318 236.488 196.83 139.992 33.3484 29.846 206.642 128.906 77.7362 24.2405 109.616 63.0461
internal_count=1704 217 1487 793 694 482 109 93 700 426 274 108 385 218
is_linear=0
shrinkage=0.00891649


Tree=197
num_leaves=13
num_cat=0
split_feature=12 12 12 4 4 15 4 12 15 15 4 12
split_gain=9.41856 8.37372 9.75113 7.94876 6.41366 9.61035 5.57863 5.2144 5.32879 4.10104 3.94974 3.93631
threshold=-0.11954982027963164 -0.25586931583086425 -1.1589136206159036 -0.37050680656935803 -0.27823505003708709 0.89826929368498365 0.30120022902775129 2.113951843513719 -0.69696026530213595 -0.056327505073451259 0.90173745429034469 0.9670102492271061
decision_type=2 2 2 2 2 2 2 2 2 2 2 2
left_child=1 2 -1 11 5 -5 9 8 -8 -6 -4 -2
right_child=3 -3 10 4 6 -7 7 -9 -10 -11 -12 -13
leaf_value=-0.0008003171916881759 0.0043084779452033052 -0.0022585359414003052 0.0040467895668679175 0.0012250757313047699 0.010091796901173592 -0.0090566134428146511 -0.0026766915215458991 0.0078655419414015593 0.0021608523771401177 0.0032759303961679056 -0.0013471016952785948 0.010079517385161246
leaf_weight=95.017581179738045 43.241734743118286 80.546616941690445 77.09317272901535 24.471117287874222 11.565790846943857 10.018800035119055 23.75911770761013 9.4130244106054288 73.59085439145565 17.440345108509064 12.275297194719313 11.869354322552679
leaf_count=328 142 319 247 85 34 41 92 26 253 60 44 33
internal_value=0.00127668 0.000136552 0.00118394 0.00261602 0.00166293 -0.0017582 0.0025345 0.00159159 0.000976333 0.00599318 0.00329672 0.00555589
internal_weight=490.303 264.933 184.386 225.37 170.259 34.4899 135.769 106.763 97.35 29.0061 89.3685 55.1111
internal_count=1704 938 619 766 591 126 465 371 345 94 291 175
is_linear=0
shrinkage=0.00891649


Tree=198
num_leaves=15
num_cat=0
split_feature=20 1 5 5 20 20 20 20 20 20 20 5 5 20
split_gain=7.33235 5.76044 7.18714 6.72941 5.66674 14.5439 8.66249 5.23665 9.48383 16.3213 4.95445 4.76971 10.8187 3.95874
threshold=1.201385268480285 0.28177327299797766 1.4478302674070178 0.83131712737464758 1.0000000180025095e-35 0.60075011733418315 0.77312185473820882 -0.73597760321341188 -0.64753450234660914 -0.42897523810759108 -1.2331699816879782 -0.64522410462576685 -1.0574861452883755 -0.076762462275573332
decision_type=2 2 2 2 2 2 2 2 2 2 2 2 2 2
left_child=4 2 11 -3 7 -6 -7 10 -9 -10 -1 12 -2 -11
right_child=1 3 -4 -5 5 6 -8 8 9 13 -12 -13 -14 -15
leaf_value=0.0015039610471259208 -0.008676337491391576 0.0084828284876802464 0.0053352685775492747 -0.0027976628668862861 0.0069203288341200429 -0.00083735993338942822 0.0058512411887652977 -0.0021917856408492503 0.011479296700393668 0.003099395100638011 0.0061270300549938735 -0.0070183595576966693 0.006488769960291854 -0.00052083161690551476
leaf_weight=69.65164116024971 6.8298367708921432 8.3524020016193408 6.5181900262832633 7.9998459070920935 51.373924568295479 60.333191633224487 20.432940930128098 80.230060771107674 12.151929289102553 35.473553165793419 24.901312068104744 24.814444407820702 7.7886411994695646 73.0885089635849
leaf_count=230 27 24 21 29 163 219 64 300 36 116 78 107 25 265
internal_value=0.00126624 -0.00158532 -0.00320598 0.00292287 0.00168271 0.00321717 0.000859504 0.000995751 0.000180699 0.00175906 0.00272418 -0.00464239 -0.000616294 0.00066259
internal_weight=489.94 62.3034 45.9511 16.3522 427.637 132.14 80.7661 295.497 200.944 120.714 94.553 39.4329 14.6185 108.562
internal_count=1704 233 180 53 1471 446 283 1025 717 417 308 159 52 381
is_linear=0
shrinkage=0.00891649


Tree=199
num_leaves=17
num_cat=0
split_feature=12 10 12 12 0 0 1 1 1 10 0 10 10 10 0 14
split_gain=9.23258 8.78353 8.13819 9.54217 7.43706 6.27813 5.10548 4.89395 6.81446 4.8767 5.34921 4.80378 6.46651 6.03325 8.42299 4.23647
threshold=-0.11954982027963164 -0.12240666763837048 -0.25586931583086425 -1.1589136206159036 0.47851830149465735 -0.57152078311884813 -0.68190097276580586 -0.49505222168737434 -1.3954613522900934 -0.711323193070312 -1.0747825590554674 2.0165826887306255 1.8529631522793542 0.79944396223583125 1.1416189770833913 -0.93488616157772231
decision_type=2 2 2 2 2 2 2 2 2 2 2 2 2 2 2 2
left_child=2 9 3 4 7 -3 -5 8 -1 10 -2 12 13 14 -7 -4
right_child=1 5 15 6 -6 11 -8 -9 -10 -11 -12 -13 -14 -15 -16 -17
leaf_value=-0.0018326071357246385 -0.0029860340512376216 -0.0031094153344181537 0.0015707762123891729 5.9914557430852321e-05 -0.0056315516888894345 0.0025978948477707181 0.004675885325749589 -0.0017311995609725966 0.0059608996884749424 0.0079959663309458768 0.0045828496709692766 0.0074571570856880936 -0.0055655568291199812 0.0055436128456882632 -0.0042704794846879692 -0.0033292371635111066
leaf_weight=14.699802234768866 8.6187424361705762 21.987327992916107 17.824422121047974 27.417118355631828 19.869506061077118 51.9007897824049 61.737506955862045 38.522411897778511 21.845940038561821 27.184548571705818 45.915801227092743 11.598668396472929 9.2900462299585325 29.033556282520294 19.299275428056717 62.626759275794029
leaf_count=50 31 84 67 93 76 175 198 136 66 90 145 35 36 95 75 252
internal_value=0.00125648 0.00258442 0.00012712 0.00116065 -0.000802256 0.00125245 0.00325397 0.000475462 0.00280987 0.00491511 0.00337728 0.00204745 0.00146864 0.00212843 0.000731136 -0.00223529
internal_weight=489.372 224.829 264.543 184.092 94.9377 143.11 89.1546 75.0682 36.5457 81.7191 54.5345 121.122 109.524 100.234 71.2001 80.4512
internal_count=1704 766 938 619 328 500 291 252 116 266 176 416 381 345 250 319
is_linear=0
shrinkage=0.00891649


Tree=200
num_leaves=5
num_cat=0
split_feature=19 6 6 19
split_gain=5.42336 8.11085 5.59256 4.47525
threshold=-1.1444575533109163 -1.5151905494409441 -1.2819146655487015 -1.5433231576542048
decision_type=2 2 2 2
left_child=3 -2 -3 -1
right_child=1 2 -4 -5
leaf_value=0.0022831486902770591 -0.0052397464206709815 0.010000712965552265 0.0010641420157121427 0.0083078066872053664
leaf_weight=30.703188955783844 16.034954756498337 5.4788108319044104 422.5262688845396 14.220376327633856
leaf_count=99 63 16 1484 42
internal_value=0.00124631 0.000947141 0.00118063 0.00419321
internal_weight=488.964 444.04 428.005 44.9236
internal_count=1704 1563 1500 141
is_linear=0
shrinkage=0.00891649


Tree=201
num_leaves=15
num_cat=0
split_feature=20 0 0 16 0 16 16 16 16 0 16 0 0 16
split_gain=7.189 5.57565 16.116 11.8693 8.7279 6.16324 6.14152 8.07423 4.80039 9.77001 8.59665 4.68673 5.37969 3.80981
threshold=2.6065486980323729 -0.57152078311884813 -0.029711750967318058 -0.59942270650849927 -0.66661605942235636 -0.78995141072977171 0.47250001188244639 -0.23527885658244854 -0.78995141072977171 -1.1159823000930063 -1.3882986422441832 -1.1765583195794338 -1.3043497826361732 1.5462701857323611
decision_type=2 2 2 2 2 2 2 2 2 2 2 2 2 2
left_child=1 3 -3 8 6 -4 7 -5 9 10 -1 12 -9 -7
right_child=-2 2 5 4 -6 13 -8 11 -10 -11 -12 -13 -14 -15
leaf_value=-0.014545920906070995 -0.0061896631313863738 0.0064688548477885733 0.0045795667361507118 0.0086887145363757183 -0.001575958173633499 0.0010271209371174525 0.0078907013096428079 0.0032957304011874797 -0.0054439931402801654 0.0035969228212306046 -0.0010817058264059763 0.0056226644940097111 -0.0046769430014002239 -0.0025863785795624552
leaf_weight=5.6004217863082912 9.9398333728313428 55.153918981552124 35.681929707527161 11.135054081678389 36.017728239297867 190.48188425600529 20.559564262628555 10.553504660725592 30.471223101019859 19.533207312226295 10.775011643767355 9.046735495328905 17.721299842000008 26.188864648342133
leaf_count=25 41 177 114 33 133 669 62 32 118 64 38 29 70 99
internal_value=0.00123548 0.00139155 0.00210967 0.000102605 0.00196636 0.0011551 0.00382297 0.00209174 -0.00284398 -0.000639532 -0.00568754 0.000100207 -0.00168131 0.000588499
internal_weight=488.86 478.92 307.507 171.414 105.034 252.353 69.0162 48.4566 66.3799 35.9086 16.3754 37.3215 28.2748 216.671
internal_count=1704 1663 1059 604 359 882 226 164 245 127 63 131 102 768
is_linear=0
shrinkage=0.00891649


Tree=202
num_leaves=9
num_cat=0
split_feature=18 18 18 6 6 18 19 19
split_gain=5.40033 6.44685 9.74693 7.74248 8.70046 5.13015 4.28157 5.44643
threshold=0.12752380531045562 0.064410241317530689 -0.22728648642215685 1.0774227345971312 1.0362319343820454 0.59086702851871586 -1.1444575533109163 -1.5433231576542048
decision_type=2 2 2 2 2 2 2 2
left_child=1 2 3 4 -1 -2 7 -7
right_child=5 -3 -4 -5 -6 6 -8 -9
leaf_value=0.00016992556694767386 0.0055916362276400714 -0.0023698575493448144 0.0058748480978292709 0.0033897430468629343 -0.0064017952583838742 0.002460249772798771 0.0010040616308141668 0.010703768600485939
leaf_weight=140.86197751760483 32.617293447256088 52.405533462762833 29.34239873290062 51.880552917718887 17.870239928364754 24.084109097719193 130.92224456369877 8.4511453658342344
leaf_count=510 107 199 91 170 77 75 451 24
internal_value=0.00122556 0.000457224 0.00107602 0.000404866 -0.000571214 0.00237005 0.00172512 0.0046121
internal_weight=488.435 292.361 239.955 210.613 158.732 196.075 163.457 32.5353
internal_count=1704 1047 848 757 587 657 550 99
is_linear=0
shrinkage=0.00891649


Tree=203
num_leaves=16
num_cat=0
split_feature=20 6 0 0 16 0 16 16 16 20 20 16 10 16 0
split_gain=7.09031 7.44737 7.19085 12.683 10.6191 8.51129 6.15837 6.0405 7.9589 5.75495 5.53453 7.93523 4.73933 4.52955 3.88312
threshold=1.201385268480285 -0.070805002637463241 -0.57152078311884813 -0.029711750967318058 -0.59942270650849927 -0.66661605942235636 -0.78995141072977171 0.47250001188244639 -0.23527885658244854 -0.5617127033485948 -0.31007711929212517 -0.78995141072977171 2.0165826887306255 -1.3882986422441832 -1.3043497826361732
decision_type=2 2 2 2 2 2 2 2 2 2 2 2 2 2 2
left_child=2 -2 4 -4 10 7 -5 8 -6 14 11 13 -8 -1 -10
right_child=1 -3 3 6 5 -7 12 -9 9 -11 -12 -13 -14 -15 -16
leaf_value=-0.0073627500603365295 0.00072843609359397714 -0.0056598109711405633 0.0063778860876748918 0.0053019783832738577 0.0086363763380139218 -0.0016145089830157822 0.00053308379671787847 0.0078231820275111424 0.0026963719117506666 0.0065362063491441642 0.0012255108298230462 -0.0086698630331767251 0.006836786141496457 0.0010811671593960123 -0.0041332978697361271
leaf_weight=6.6357697397470501 39.556778222322464 22.626329198479652 54.482052326202393 29.358004510402679 11.069561079144476 34.724900960922241 163.52086122334003 20.505319118499756 9.849669471383093 8.3309604972600955 20.20635823905468 19.28550511598587 9.8693077117204648 19.023973271250725 19.070955529808998
leaf_count=27 137 96 176 92 33 128 579 62 30 27 71 78 30 64 74
internal_value=0.00121547 -0.001591 0.0016262 0.00256422 0.000195378 0.00196826 0.00153755 0.00378383 0.00206431 8.82231e-05 -0.00262018 -0.00436428 0.000896661 -0.00112332 -0.00178685
internal_weight=488.116 62.1831 425.933 257.23 168.703 103.551 202.748 68.8265 48.3211 37.2516 65.1516 44.9452 173.39 25.6597 28.9206
internal_count=1704 233 1471 877 594 354 701 226 164 131 240 169 609 91 104
is_linear=0
shrinkage=0.00891649


Tree=204
num_leaves=11
num_cat=0
split_feature=3 3 3 3 3 3 6 6 6 6
split_gain=4.6807 16.5762 16.5451 8.75335 7.98174 9.49231 7.55414 7.25274 3.74115 6.01774
threshold=-0.50044154892440484 -0.4739748824901675 -1.0091682742455681 1.0000000180025095e-35 -1.073424636876221 -1.5662790729461455 1.0774227345971312 0.44963950637280087 1.0362319343820454 0.58959964473803872
decision_type=2 2 2 2 2 2 2 2 2 2
left_child=2 7 4 -3 5 -1 8 -2 9 -5
right_child=1 3 -4 6 -6 -7 -8 -9 -10 -11
leaf_value=0.0003480470480848694 -0.0019419310422570865 0.0058294984106788302 0.007577389941442819 0.00012121639564090704 -0.0018206146063573304 0.0082975824286132469 0.0040204517045810068 -0.009329385671893094 -0.0033001884685954787 0.005896252990273119
leaf_weight=33.582684800028801 42.183516144752502 32.832414999604225 38.159245550632477 170.42148154973984 50.201934933662415 18.300466910004616 51.046959519386292 13.939809888601301 21.577740713953972 15.467522978782652
leaf_count=117 156 107 119 600 189 56 165 63 84 48
internal_value=0.0012057 0.00065019 0.0025801 0.00150496 0.000708522 0.00315575 0.00095381 -0.00377833 0.000196952 0.00060516
internal_weight=487.714 347.469 140.244 291.346 102.085 51.8832 258.514 56.1233 207.467 185.889
internal_count=1704 1223 481 1004 362 173 897 219 732 648
is_linear=0
shrinkage=0.00891649


Tree=205
num_leaves=13
num_cat=0
split_feature=12 12 12 12 12 0 12 12 19 19 19 19
split_gain=8.97415 7.68264 9.3061 7.37573 11.0761 7.22879 6.09245 6.61977 5.46296 4.52206 4.17621 5.77176
threshold=-0.11954982027963164 -0.25586931583086425 -1.1589136206159036 0.36333471803336193 0.4100240155228117 0.47851830149465735 0.86508898182794158 0.9670102492271061 0.41672746587514192 0.10332414970989372 0.051970441697899057 -0.89795755287915402
decision_type=2 2 2 2 2 2 2 2 2 2 2 2
left_child=1 2 5 -2 -5 9 -6 -8 -3 -1 11 -4
right_child=3 8 10 4 6 -7 7 -9 -10 -11 -12 -13
leaf_value=-0.0026717467991717076 0.0057113579770728881 -0.00025240538260246586 0.0069003371608168385 -0.0030202882073236963 0.0069471242043924204 -0.0056151081286465966 -0.0004201586461474641 0.0037461886881444591 -0.0049627025636177343 0.0019616441979964424 0.0052589736401146975 -0.00033505260517043879
leaf_weight=24.928601205348969 45.439742133021355 46.868474498391151 11.284064799547194 32.249214097857475 22.864357948303223 19.838517218828201 53.004609063267708 70.027007609605789 33.457565993070602 49.890075236558914 40.772106930613518 36.588512912392616
leaf_count=89 148 170 33 131 77 76 190 220 149 163 130 128
internal_value=0.00119622 8.14735e-05 0.00108881 0.00250969 0.00169134 -0.000851147 0.00273611 0.0019499 -0.00221472 0.000411468 0.00316344 0.00137845
internal_weight=487.213 263.628 183.302 223.585 178.145 94.6572 145.896 123.032 80.326 74.8187 88.6447 47.8726
internal_count=1704 938 619 766 618 328 487 410 319 252 291 161
is_linear=0
shrinkage=0.00891649


Tree=206
num_leaves=15
num_cat=0
split_feature=15 15 15 15 20 18 20 20 15 15 15 15 15 20
split_gain=8.55237 9.54662 7.23584 9.89336 8.56235 6.56813 6.40991 5.15178 4.68655 4.53643 11.297 7.40294 4.36592 3.94292
threshold=-1.3110423308008141 -1.3515456663877463 0.27715364387660096 -0.027395422730445634 -0.64753450234660914 -1.1293932431758431 0.60075011733418315 -0.87647562524158074 0.3832932350656017 -0.75197308362565063 -0.28431673707750738 -0.82563418106787567 1.4584443261530822 1.201385268480285
decision_type=2 2 2 2 2 2 2 2 2 2 2 2 2 2
left_child=1 13 3 5 7 -2 8 -4 -6 11 -11 -7 -10 -1
right_child=2 -3 4 -5 6 9 -8 -9 12 10 -12 -13 -14 -15
leaf_value=0.0027007756952379543 -0.0020397840794596158 -0.0062984070300860966 0.00043698549973682281 0.0075211153042607374 -0.00075405768855270935 0.0048799373253843176 -0.00055288704716447573 -0.0044382257629584339 0.0061515010169224359 0.0086130214125981815 0.0020562391476274412 -0.001288639211312486 0.00042181262395121381 -0.0045892380512070887
leaf_weight=25.73538438975811 27.655957728624344 24.136398032307625 31.815405890345573 29.14874966442585 15.82303239405155 23.264208182692528 55.027646437287331 36.978992104530334 41.652118369936943 27.973099246621132 80.99953006207943 45.111875012516975 14.025753706693648 7.39422383904457
leaf_count=83 101 108 109 93 58 73 201 144 134 86 273 167 48 26
internal_value=0.00118671 -0.00204296 0.00161844 0.00267525 0.000350906 0.00198371 0.00172655 -0.00217674 0.0034861 0.00261371 0.00374309 0.000813057 0.00470376 0.00104531
internal_weight=486.742 57.266 429.476 234.153 195.323 205.005 126.529 68.7944 71.5009 177.349 108.973 68.3761 55.6779 33.1296
internal_count=1704 217 1487 793 694 700 441 253 240 599 359 240 182 109
is_linear=0
shrinkage=0.00891649


Tree=207
num_leaves=15
num_cat=0
split_feature=14 14 19 10 0 0 0 0 0 0 0 0 0 0
split_gain=8.32177 9.15228 5.75623 5.64266 6.27083 4.24817 4.12979 4.03998 6.13775 9.82594 7.18412 4.64746 3.79524 3.93925
threshold=2.0825664633865908 1.5714736760872448 -1.1068184745307392 -0.12240666763837048 -1.1159823000930063 0.47851830149465735 -1.2069715627391957 -0.57152078311884813 1.1416189770833913 0.60680248619027533 1.7821037294476121 -0.66661605942235636 -1.1765583195794338 -1.2069715627391957
decision_type=2 2 2 2 2 2 2 2 2 2 2 2 2 2
left_child=1 3 -2 4 6 -6 -1 11 9 -9 -10 12 13 -5
right_child=2 -3 -4 7 5 -7 -8 8 10 -11 -12 -13 -14 -15
leaf_value=0.0017895848155583863 -9.7946531681169808e-05 0.0088146958748516763 -0.010106776415084168 0.0026806204507688696 0.0040583284698796846 0.00093981093684078422 -0.0036840229187602592 0.0011748549453583692 -0.0037153079417162433 0.0091441263031787848 0.004566401959756077 -0.0040018509564461995 0.0057630785260429354 -0.0036191123454417272
leaf_weight=23.761517226696014 9.6895283758640307 12.703648328781126 8.3933171331882459 13.747950524091719 112.36825624108315 50.258895263075829 19.95509946346283 117.24712343513966 35.297481268644333 13.550192579627035 10.671025365591047 32.124273762106895 8.5185721665620786 17.95570577681065
leaf_count=76 33 39 39 45 370 172 74 417 138 40 34 128 26 73
internal_value=0.00117734 0.00140685 -0.00472249 0.00119825 0.00228828 0.00309442 -0.000698624 0.000294454 0.00102074 0.00200606 -0.00177324 -0.0014774 0.000531078 -0.000874495
internal_weight=486.243 468.16 18.0828 455.456 206.344 162.627 43.7166 249.112 176.766 130.797 45.9685 72.3465 40.2222 31.7037
internal_count=1704 1632 72 1593 692 542 150 901 629 457 172 272 144 118
is_linear=0
shrinkage=0.00891649


Tree=208
num_leaves=6
num_cat=0
split_feature=20 10 10 4 4
split_gain=6.91368 6.51367 8.58243 4.22529 18.0729
threshold=2.6065486980323729 -0.12240666763837048 -0.711323193070312 -0.16179110723847789 0.27542147144202717
decision_type=2 2 2 2 2
left_child=1 2 -1 -3 -5
right_child=-2 3 -4 4 -6
leaf_value=0.0014718789860884817 -0.0061243442636397501 -0.0016884315688083633 0.0056244483827798189 0.0095236452361994583 0.00013343738847748258
leaf_weight=168.77780267596245 9.9104002267122251 61.110901638865471 51.548338785767555 17.757031694054604 176.74728372693062
leaf_count=566 41 226 173 54 644
internal_value=0.00116783 0.00132162 0.00244482 0.000352742 0.000995218
internal_weight=485.852 475.941 220.326 255.615 194.504
internal_count=1704 1663 739 924 698
is_linear=0
shrinkage=0.00891649


Tree=209
num_leaves=15
num_cat=0
split_feature=14 14 19 18 19 10 10 10 10 10 10 10 10 10
split_gain=8.1832 9.01937 5.67523 5.58012 7.44581 6.2762 5.28942 8.53554 7.2261 4.65215 4.13033 3.94781 3.71487 3.65783
threshold=2.0825664633865908 1.5714736760872448 -1.1068184745307392 -1.350800561649079 1.0353537640986745 -0.12240666763837048 0.84348206207709919 1.2707422009807037 0.61313439587818919 0.10614381541853013 0.58490581739697145 1.3302294371720149 1.8529631522793542 2.0165826887306255
decision_type=2 2 2 2 2 2 2 2 2 2 2 2 2 2
left_child=1 3 -2 4 -1 -5 8 -8 9 -7 -11 -9 -13 -14
right_child=2 -3 -4 5 -6 6 7 11 -10 10 -12 12 13 -15
leaf_value=-0.0044363571505919583 -0.00010866890347999141 0.0087649311038022273 -0.010057637306071758 0.0027737146314998876 0.002113048251735378 -0.00028312331621429431 0.0088532144862285885 -0.0021258398097116138 -0.003401227472366155 0.0063320026937513218 -0.00070488174716339558 0.008314789757870221 -0.0019132534051961255 0.0045347635861220691
leaf_weight=30.318452969193459 9.6848454922437686 12.618693768978117 8.3633957803249341 181.09108290076256 24.964663803577423 76.175891354680061 13.624649316072462 20.035388633608818 44.823412626981735 19.014105051755905 9.8429095298051852 7.4872016161680213 13.798631399869921 13.722305014729498
leaf_count=121 33 39 39 604 84 276 42 79 174 62 34 22 51 44
internal_value=0.00115812 0.00138582 -0.00469804 0.00117916 -0.00146946 0.00154656 0.000528837 0.00257508 -0.000408995 0.00086687 0.00390705 0.00101307 0.00281377 0.00130157
internal_weight=485.566 467.517 18.0482 454.899 55.2831 399.616 218.524 68.6682 149.856 105.033 28.857 55.0435 35.0081 27.5209
internal_count=1704 1632 72 1593 205 1388 784 238 546 372 96 196 117 95
is_linear=0
shrinkage=0.00891649


Tree=210
num_leaves=12
num_cat=0
split_feature=20 4 4 4 4 1 1 18 18 18 18
split_gain=6.76372 4.65263 16.0921 5.31759 6.50719 5.05651 5.09115 4.71248 5.60132 4.95233 10.1642
threshold=2.6065486980323729 0.27542147144202717 -0.16179110723847789 -0.37050680656935803 -0.90831413390035376 1.7638748049172239 -1.1787487881334533 0.2726998657575147 1.5333880352425693 0.032647793235434618 -0.17645412582847944
decision_type=2 2 2 2 2 2 2 2 2 2 2
left_child=1 2 3 4 5 6 -1 9 -9 10 -3
right_child=-2 7 -4 -5 -6 -7 -8 8 -10 -11 -12
leaf_value=-0.0037557848718524573 -0.0060722909584185808 -0.00089176742440769596 0.00853162046046777 -0.00044488737371250521 0.0052041499775041635 -0.0042493606633978798 0.0024282773854945382 0.0034677690009124089 -0.0030269685914849549 -0.0043585852687894324 0.0082793035477180723
leaf_weight=11.563050925731657 9.8872596174478513 89.231267735362053 27.110620275139809 87.851089015603065 43.899113446474075 11.921920299530028 103.30198070406914 52.090344160795212 12.997380942106245 24.708470240235329 10.571727395057676
leaf_count=42 41 336 85 319 148 43 337 174 48 99 32
internal_value=0.00114884 0.001301 0.00201962 0.00133397 0.00225073 0.00122577 0.00179923 0.000217623 0.00215917 -0.000797422 8.39195e-05
internal_weight=485.134 475.247 285.648 258.537 170.686 126.787 114.865 189.599 65.0877 124.511 99.803
internal_count=1704 1663 974 889 570 422 379 689 222 467 368
is_linear=0
shrinkage=0.00891649


Tree=211
num_leaves=13
num_cat=0
split_feature=12 14 14 6 12 12 12 12 14 6 14 6
split_gain=8.7715 7.50802 9.43833 7.15525 7.03803 10.7448 5.83386 6.3224 5.56944 7.04501 6.95884 3.73226
threshold=-0.11954982027963164 2.0825664633865908 1.5714736760872448 -1.3033130840615594 0.36333471803336193 0.4100240155228117 0.86508898182794158 0.9670102492271061 -0.082385217056286694 1.120858905221324 0.33208606290449399 -0.91502961379656667
decision_type=2 2 2 2 2 2 2 2 2 2 2 2
left_child=1 2 3 -1 -2 -6 -7 -8 9 -5 -10 -3
right_child=4 11 -4 8 5 6 7 -9 10 -11 -12 -13
leaf_value=-0.0086021810324533859 0.0055915020660536737 -0.0019139263849630534 0.0096422659213089932 -0.0020972274193765449 -0.0029988973245677775 0.0068321434253840047 -0.00040575702123228381 0.0036720704304683033 0.0074041319462483969 0.0024386468500355615 0.00092383090758978734 -0.011190112992683342
leaf_weight=7.1506042033433905 44.892954453825951 7.0031342357397079 8.2694990634918195 97.774091973900795 32.199174717068672 22.528159558773041 52.932628646492958 69.658952102065086 15.484792143106459 37.475494682788849 82.81322106719017 6.5725767463445646
leaf_count=30 148 26 24 367 131 77 190 220 47 124 290 30
internal_value=0.00113948 3.57241e-05 0.000387982 6.56554e-05 0.00244263 0.00164373 0.00267712 0.00191 0.000335207 -0.000836705 0.00194939 -0.00637499
internal_weight=484.755 262.543 248.968 240.698 222.212 177.319 145.12 122.592 233.548 135.25 98.298 13.5757
internal_count=1704 938 882 858 766 618 487 410 828 491 337 56
is_linear=0
shrinkage=0.00891649


Tree=212
num_leaves=14
num_cat=0
split_feature=15 15 15 15 0 0 3 15 15 15 20 20 20
split_gain=8.30074 9.25525 7.05117 9.58942 8.51493 9.33673 5.34271 4.52969 16.8678 7.162 3.90982 7.79125 3.85709
threshold=-1.3110423308008141 -1.3515456663877463 0.27715364387660096 -0.027395422730445634 -0.57152078311884813 -0.097374750026278017 0.13800461201406128 -0.75197308362565063 -0.28431673707750738 -0.82563418106787567 0.60075011733418315 -0.14561156655686405 1.201385268480285
decision_type=2 2 2 2 2 2 2 2 2 2 2 2 2
left_child=1 12 3 7 -4 -6 -5 9 -9 -2 11 -7 -1
right_child=2 -3 4 6 5 10 -8 8 -10 -11 -12 -13 -14
leaf_value=0.0026316754155250978 0.0041390952717335417 -0.0062528738215356598 -0.0020043085572084163 0.010809506509726565 0.0078163731230361314 -0.0015756053339834059 0.0030982781807446023 0.0083738071764312746 0.0010154505721391197 -0.0016615459467367094 -0.001003115325632821 0.0054763943725666172 -0.0045897795253245794
leaf_weight=25.632102876901627 24.830634579062462 24.059174358844757 76.715355724096298 16.13182665407658 17.343023866415024 21.247995778918266 12.613332092761992 33.471257627010345 93.657696783542633 52.032716393470764 49.804410323500633 29.374808773398399 7.3736180067062369
leaf_count=83 79 108 283 50 56 77 43 103 323 195 184 94 26
internal_value=0.00113044 -0.00205668 0.00155723 0.00260413 0.000303788 0.00180851 0.00741085 0.00192427 0.00295634 0.000214808 0.000765416 0.00250704 0.000990192
internal_weight=484.288 57.0649 427.223 232.737 194.486 117.77 28.7452 203.992 127.129 76.8634 100.427 50.6228 33.0057
internal_count=1704 217 1487 793 694 411 93 700 426 274 355 171 109
is_linear=0
shrinkage=0.00891649


Tree=213
num_leaves=18
num_cat=0
split_feature=12 10 5 4 4 14 14 14 14 5 5 5 14 14 14 10 14
split_gain=8.59327 8.29231 9.74227 7.83419 13.4879 5.77729 5.7363 7.29442 6.14748 4.80666 4.89861 4.80954 4.72967 7.12265 5.56564 4.57292 4.02543
threshold=-0.11954982027963164 -0.12240666763837048 -0.57645348367913052 0.27542147144202717 -0.16179110723847789 2.0825664633865908 -0.082385217056286694 0.21166816741730973 0.44384856266901007 -0.30687618230569341 0.22304283558313198 0.27695072570629659 0.74789809618986758 1.0000000180025095e-35 -0.93488616157772231 -0.711323193070312 -0.2178449368241113
decision_type=2 2 2 2 2 2 2 2 2 2 2 2 2 2 2 2 2
left_child=3 15 -3 4 5 6 16 -8 -9 -4 -11 -12 13 14 -5 -2 -1
right_child=1 2 9 12 -6 -7 7 8 -10 10 11 -13 -14 -15 -16 -17 -18
leaf_value=0.00072615685099662391 0.0032179614132078708 0.005288428554301455 -0.0035657805261751084 0.00094624673708966825 0.0089317263981049094 -0.0055906995583016343 0.010170556865700085 -0.002527483537582159 0.0034837941636509545 0.0059913902230237272 -0.0035296391128187428 0.0015051874058130792 -0.0065845298617187679 0.0042663799353925957 -0.0051197712163517772 0.0077519011675809086 -0.0033022210473266631
leaf_weight=51.435414254665375 53.997594252228737 33.665056496858597 25.483930543065071 19.299338772892948 15.607936561107634 12.020031005144117 8.7770332098007184 19.645446047186852 42.081269592046738 12.343884989619253 21.716643571853638 48.20320551097393 16.082475766539574 14.493995785713194 31.051015317440037 26.224184438586235 31.659469217061996
leaf_count=171 176 111 100 70 47 48 25 73 137 39 85 165 69 48 127 90 123
internal_value=0.00112154 0.00241339 0.00111417 2.85728e-05 0.00105833 0.000311416 0.0007776 0.00264645 0.00156592 -0.000192053 0.000851819 -5.71988e-05 -0.00227494 -0.00120219 -0.00278555 0.00470169 -0.000805638
internal_weight=483.788 221.634 141.413 262.153 181.227 165.619 153.599 70.5037 61.7267 107.748 82.2637 69.9198 80.9268 64.8443 50.3504 80.2218 83.0949
internal_count=1704 766 500 938 624 577 529 235 210 389 289 250 314 245 197 266 294
is_linear=0
shrinkage=0.00891649


Tree=214
num_leaves=12
num_cat=0
split_feature=19 0 0 0 0 0 0 5 5 19 0
split_gain=5.09831 6.82609 5.73281 10.3366 4.74368 9.96294 6.12923 4.3963 5.15316 5.94764 4.06522
threshold=-1.1444575533109163 1.1416189770833913 -0.57152078311884813 -0.097374750026278017 -0.66661605942235636 -1.1765583195794338 -1.2069715627391957 -0.64522410462576685 -0.11247469119528981 -1.5433231576542048 0.60680248619027533
decision_type=2 2 2 2 2 2 2 2 2 2 2
left_child=7 2 4 -4 5 6 -2 -1 -9 -10 -5
right_child=1 -3 3 10 -6 -7 -8 8 9 -11 -12
leaf_value=0.008733158473757309 0.0019904477098553943 -0.0018154426290022192 0.0065069821434650538 0.00083466346526151099 -0.0019969586901741878 0.0057883055961499945 -0.0032200083603598282 -0.0046232172822589755 0.0012927706092296066 0.010419432814476959 0.004900276589369334
leaf_weight=11.39984944462776 36.594793081283569 66.048413708806038 37.09405255317688 156.24722599983215 59.092038929462433 27.041877463459969 34.818649038672447 6.559325471520423 18.22102552652359 8.0292447060346621 22.187238410115242
leaf_count=32 119 248 122 558 221 87 136 24 61 24 72
internal_value=0.00111264 0.000821604 0.00128946 0.00223415 -1.1838e-06 0.00119425 -0.000545079 0.00399337 0.00234036 0.00409761 0.00134345
internal_weight=483.334 439.124 373.076 215.529 157.547 98.4553 71.4134 44.2094 32.8096 26.2503 178.434
internal_count=1704 1563 1315 752 563 342 255 141 109 85 630
is_linear=0
shrinkage=0.00891649


Tree=215
num_leaves=5
num_cat=0
split_feature=20 10 10 18
split_gain=6.59232 6.14362 8.06616 3.742
threshold=2.6065486980323729 -0.12240666763837048 -0.711323193070312 -1.3096535182309412
decision_type=2 2 2 2
left_child=1 2 3 -1
right_child=-2 -3 -4 -5
leaf_value=-0.0021557528404993189 -0.0060368050103998174 0.00031102080801109538 0.0054623491356169049 0.001901870387307531
leaf_weight=20.330927491188049 9.8554034829139692 254.19152627885342 50.6878272742033 147.86209857463837
leaf_count=73 41 924 173 493
internal_value=0.0011037 0.00125437 0.00234904 0.00140896
internal_weight=482.928 473.072 218.881 168.193
internal_count=1704 1663 739 566
is_linear=0
shrinkage=0.00891649


Tree=216
num_leaves=4
num_cat=0
split_feature=20 10 10
split_gain=6.48367 6.04297 7.96898
threshold=2.6065486980323729 -0.12240666763837048 -0.711323193070312
decision_type=2 2 2
left_child=1 2 -1
right_child=-2 -3 -4
leaf_value=0.0013965126101723238 -0.0059901539892058524 0.00030824179941891746 0.0054301126062909029
leaf_weight=168.17559640109539 9.8411277681589109 254.19334048032761 50.534869149327278
leaf_count=566 41 924 173
internal_value=0.00109426 0.00124364 0.00232992
internal_weight=482.745 472.904 218.71
internal_count=1704 1663 739
is_linear=0
shrinkage=0.00891649


Tree=217
num_leaves=10
num_cat=0
split_feature=12 20 12 12 12 12 20 20 16
split_gain=8.44479 12.7314 6.74674 10.456 5.6115 6.08425 4.7975 8.75632 11.314
threshold=-0.11954982027963164 1.201385268480285 0.36333471803336193 0.4100240155228117 0.86508898182794158 0.9670102492271061 -0.64753450234660914 -0.73597760321341188 -0.48674037826729089
decision_type=2 2 2 2 2 2 2 2 2
left_child=1 6 -2 -4 -5 -6 7 8 -1
right_child=2 -3 3 4 5 -7 -8 -9 -10
leaf_value=-0.003932907303463659 0.0054717985322658581 -0.0060923884473749476 -0.0029934574845176102 0.0067189816340318025 -0.00041061113850973099 0.0035944782501892429 0.0018213558631802211 -0.0034983549778361575 0.0041998225901845173
leaf_weight=20.011000037193298 44.357355445623398 24.509130701422691 32.176403537392616 22.200612396001816 52.889688223600388 69.345618635416031 126.23467586934566 49.622738569974899 41.230345442891121
leaf_count=73 148 103 131 77 190 220 439 194 129
internal_value=0.00108488 5.36379e-07 0.0023677 0.00158642 0.00260995 0.00186019 0.000633002 -0.000717717 0.00153098
internal_weight=482.578 261.608 220.97 176.612 144.436 122.235 237.099 110.864 61.2413
internal_count=1704 938 766 618 487 410 835 396 202
is_linear=0
shrinkage=0.00891649


Tree=218
num_leaves=7
num_cat=0
split_feature=20 19 16 16 16 19
split_gain=6.32506 5.04624 4.19242 10.5181 5.50387 3.74598
threshold=2.6065486980323729 -1.1444575533109163 1.6027400489972978 2.3362919590111364 1.3144913299598155 -1.5433231576542048
decision_type=2 2 2 2 2 2
left_child=1 5 4 -4 -3 -1
right_child=-2 2 3 -5 -6 -7
leaf_value=0.002331326338736383 -0.0059284716484714877 0.0010367818500191894 -0.0048554187536581977 0.006662749853388176 0.0082848913659137602 0.0079752735461311192
leaf_weight=28.84528324007988 9.8204220682382566 387.57175846397877 25.787611126899719 8.12738488614559 8.3245595097541791 13.668861910700796
leaf_count=93 41 1374 105 25 24 42
internal_value=0.00107616 0.00122373 0.000933404 -0.00206461 0.00119132 0.00414847
internal_weight=482.146 472.325 429.811 33.915 395.896 42.5141
internal_count=1704 1663 1528 130 1398 135
is_linear=0
shrinkage=0.00891649


Tree=219
num_leaves=5
num_cat=0
split_feature=14 14 0 0
split_gain=7.75912 8.68449 4.51402 12.6444
threshold=2.0825664633865908 1.5714736760872448 -0.57152078311884813 -0.029711750967318058
decision_type=2 2 2 2
left_child=1 2 -1 -4
right_child=-2 -3 3 -5
leaf_value=-9.3715508759360859e-05 -0.0046548358441897315 0.008611410368130375 0.005851214050048072 0.00090756714563696675
leaf_weight=163.57047246396542 17.926102042198181 12.341134145855902 49.529394254088402 238.62390381097794
leaf_count=583 72 39 166 844
internal_value=0.00106693 0.00128956 0.00108755 0.00175886
internal_weight=481.991 464.065 451.724 288.153
internal_count=1704 1632 1593 1010
is_linear=0
shrinkage=0.00891649


Tree=220
num_leaves=10
num_cat=0
split_feature=15 15 15 15 15 15 15 15 15
split_gain=8.04797 8.93725 6.93381 9.2753 5.35032 8.13155 4.41255 16.3728 6.76694
threshold=-1.3110423308008141 -1.3515456663877463 0.27715364387660096 -0.027395422730445634 0.3832932350656017 0.89826929368498365 -0.75197308362565063 -0.28431673707750738 -0.82563418106787567
decision_type=2 2 2 2 2 2 2 2 2
left_child=1 -1 3 6 -4 -6 8 -8 -2
right_child=2 -3 4 -5 5 -7 7 -9 -10
leaf_value=0.00091520293239801757 0.0040047448215546301 -0.0062145035972153212 -0.0020675243777327134 0.0072880578952135584 0.0053668195470451966 6.1794475174276918e-05 0.008261208222881785 0.00097014026695546216 -0.0016552137399641212
leaf_weight=32.872897699475288 24.565763920545578 23.987098693847656 56.584150567650795 28.3099125623703 28.98137703537941 108.07759249210358 32.986874908208847 93.421755999326706 51.968008324503899
leaf_count=109 79 108 212 93 97 385 103 323 195
internal_value=0.00105796 -0.00208562 0.0014797 0.00252174 0.000234635 0.00118648 0.00185433 0.00287629 0.000163939
internal_weight=481.755 56.86 424.895 231.252 193.643 137.059 202.942 126.409 76.5338
internal_count=1704 217 1487 793 694 482 700 426 274
is_linear=0
shrinkage=0.00891649


Tree=221
num_leaves=17
num_cat=0
split_feature=12 4 4 4 14 14 14 14 4 4 12 14 14 14 12 14
split_gain=8.2468 7.54045 13.1917 7.2002 5.5761 5.54599 7.21766 6.00375 5.51958 4.64602 4.98144 4.63647 6.95281 5.50651 3.97203 3.85003
threshold=-0.11954982027963164 0.27542147144202717 -0.16179110723847789 -0.37050680656935803 2.0825664633865908 -0.082385217056286694 0.21166816741730973 0.44384856266901007 -0.27823505003708709 0.30120022902775129 2.113951843513719 0.74789809618986758 1.0000000180025095e-35 -0.93488616157772231 0.9670102492271061 -0.2178449368241113
decision_type=2 2 2 2 2 2 2 2 2 2 2 2 2 2 2 2
left_child=1 2 4 14 5 15 -7 -8 -5 -10 -11 12 13 -3 -2 -1
right_child=3 11 -4 8 -6 6 7 -9 9 10 -12 -13 -14 -15 -16 -17
leaf_value=0.00065689639853772693 0.0038939196014748348 0.00092526576786153834 0.0088339491909315247 -0.0017643839484794996 -0.0055540035136850737 0.010096213147142685 -0.0025662501023274008 0.0033849749745659698 0.0054847453867759464 0.0007717328453476517 0.0075709805537785063 -0.0065608300543411853 0.0041898101630993322 -0.0051138802475008309 0.0097829338726754065 -0.0032868486375227501
leaf_weight=51.259222254157066 41.843420013785362 19.278680667281147 15.392575457692145 34.369611337780952 11.979776844382284 8.6589777767658216 19.588414251804352 41.88768795132637 27.528686970472336 95.702821671962738 9.2228160798549634 16.01918226480484 14.44926071166992 30.961044222116474 11.498932734131811 31.616499200463295
leaf_count=171 142 70 47 126 48 25 73 137 94 345 26 69 48 127 33 123
internal_value=0.00104966 -2.10525e-05 0.000990837 0.00232016 0.000254159 0.000713166 0.00255675 0.00148414 0.00140794 0.00223357 0.00137725 -0.00228477 -0.00122194 -0.0027875 0.00516812 -0.000844534
internal_weight=481.258 261.091 180.383 220.166 164.991 153.011 70.1351 61.4761 166.824 132.454 104.926 80.7082 64.689 50.2397 53.3424 82.8757
internal_count=1704 938 624 766 577 529 235 210 591 465 371 314 245 197 175 294
is_linear=0
shrinkage=0.00891649


Tree=222
num_leaves=7
num_cat=0
split_feature=18 18 18 4 4 18
split_gain=4.92932 5.52992 8.53317 5.29001 9.25178 4.3737
threshold=0.12752380531045562 0.064410241317530689 -0.22728648642215685 0.90173745429034469 -0.37050680656935803 0.59086702851871586
decision_type=2 2 2 2 2 2
left_child=1 2 -1 4 -3 -2
right_child=5 3 -4 -5 -6 -7
leaf_value=0.00025767568510731291 0.0051868906398043289 -0.0073695824889155907 0.0054650863728285919 -0.0080382987107153383 0.0017632693301802076 0.0015523364345976865
leaf_weight=207.7500082552433 31.323096379637718 12.309007003903384 28.257478818297386 10.191296145319937 29.66387960314751 161.33754231035709
leaf_count=757 107 48 91 45 106 550
internal_value=0.00104128 0.000302603 0.000883384 -0.00231905 -0.000922782 0.002145
internal_weight=480.832 288.172 236.007 52.1642 41.9729 192.661
internal_count=1704 1047 848 199 154 657
is_linear=0
shrinkage=0.00891649


Tree=223
num_leaves=12
num_cat=0
split_feature=20 6 0 0 0 0 0 20 0 0 0
split_gain=6.22432 7.13476 6.35321 11.1377 3.98248 9.72178 8.14179 6.22938 4.45359 3.77301 4.02327
threshold=1.201385268480285 -0.070805002637463241 -0.57152078311884813 -0.029711750967318058 -0.66661605942235636 -1.1159823000930063 -1.2069715627391957 -0.73597760321341188 -0.97234573033267269 0.071636984136287163 0.53971022302968286
decision_type=2 2 2 2 2 2 2 2 2 2 2
left_child=2 -2 4 -4 5 6 -1 -6 -7 -5 -11
right_child=1 -3 3 9 7 8 -8 -9 -10 10 -12
leaf_value=0.0023718563645357131 0.00067409628256410612 -0.0056077632316959255 0.0059766767447136295 -0.0003193918567929476 0.005322302047891414 0.011371628281458965 -0.0033469672550911936 -0.0029219942511230744 0.0034442886979800746 0.0050161250098168624 0.0013650007454267879
leaf_weight=39.160489186644554 39.156571760773659 22.42629474401474 52.185470387339592 69.392610386013985 8.2773792296648008 7.5927840769290951 39.589538350701332 51.601288661360741 20.461635768413544 31.532516047358513 99.240493342280388
leaf_count=127 137 96 176 249 25 23 153 197 69 103 349
internal_value=0.00103247 -0.00160868 0.00142161 0.00231367 7.04644e-05 0.00110174 -0.000498697 -0.0017668 0.00559414 0.00135683 0.00224758
internal_weight=480.617 61.5829 419.034 252.351 166.683 106.804 78.75 59.8787 28.0544 200.166 130.773
internal_count=1704 233 1471 877 594 372 280 222 92 701 452
is_linear=0
shrinkage=0.00891649


Tree=224
num_leaves=9
num_cat=0
split_feature=15 15 15 15 3 3 3 3
split_gain=7.8314 8.72084 6.83779 7.11831 5.7686 12.8758 10.7685 4.11083
threshold=-1.3110423308008141 -1.3515456663877463 1.4584443261530822 1.1264836319808158 -0.50044154892440484 -1.0091682742455681 -0.4739748824901675 1.0000000180025095e-35
decision_type=2 2 2 2 2 2 2 2
left_child=1 -1 3 4 5 -2 -6 -8
right_child=2 -3 -4 -5 6 -7 7 -9
leaf_value=0.00088552986093920483 0.0013653127744211117 -0.0061663518403900549 -0.0017939227902579 0.0090667670521430641 -0.0030484343889042795 0.0082555191668215976 0.0050536933251256995 0.001296516603847568
leaf_weight=32.813562646508217 71.892424210906029 23.91028043627739 46.031063437461853 10.344861343502997 44.633185133337975 30.609730571508408 26.139815405011177 193.77328062057495
leaf_count=109 253 108 167 32 173 99 90 673
internal_value=0.00102431 -0.00208018 0.00144127 0.00183723 0.00163118 0.00342583 0.000934614 0.00174497
internal_weight=480.148 56.7238 423.424 377.393 367.048 102.502 264.546 219.913
internal_count=1704 217 1487 1320 1288 352 936 763
is_linear=0
shrinkage=0.00891649


Tree=225
num_leaves=9
num_cat=0
split_feature=4 4 1 4 4 1 1 1
split_gain=4.66432 15.5724 5.63128 6.23986 4.61594 5.83515 4.37471 3.82671
threshold=0.27542147144202717 -0.16179110723847789 -1.1787487881334533 -0.37050680656935803 -0.90831413390035376 1.7638748049172239 -0.43669153170535879 1.0000000180025095e-35
decision_type=2 2 2 2 2 2 2 2
left_child=1 2 -1 4 5 -4 -2 -8
right_child=6 -3 3 -5 -6 -7 7 -9
leaf_value=-0.0034941721000047768 -0.0014797071162650293 0.0081671781570724911 0.0022503481048727347 -0.00052767611247329807 0.0050423213115720691 -0.0042894791473412214 0.0054730069698847514 0.00051363615327424718
leaf_weight=19.661190360784531 90.725147739052773 26.93588362634182 103.98443146049976 83.165974125266075 41.326167151331902 11.879837468266485 14.214567288756369 87.876082435250282
leaf_count=72 349 87 342 305 144 43 47 315
internal_value=0.00101601 0.00173645 0.00106758 0.00144302 0.0024877 0.00157431 -5.50157e-05 0.00120833
internal_weight=479.769 286.953 260.018 240.356 157.19 115.864 192.816 102.091
internal_count=1704 993 906 834 529 385 711 362
is_linear=0
shrinkage=0.00891649


Tree=226
num_leaves=8
num_cat=0
split_feature=14 14 19 18 1 18 18
split_gain=7.45972 8.44461 5.5403 5.00263 5.03849 4.5329 7.25057
threshold=2.0825664633865908 1.5714736760872448 -1.1068184745307392 0.12752380531045562 1.7638748049172239 0.064410241317530689 -0.22728648642215685
decision_type=2 2 2 2 2 2 2
left_child=1 3 -2 5 -5 6 -1
right_child=2 -3 -4 4 -6 -7 -8
leaf_value=0.0002503747578048545 -7.1068059157242274e-05 0.0085045094763407016 -0.0099546870795027952 0.0028758583093349672 -0.0014700889364666131 -0.0021174401944105787 0.0051518231318233151
leaf_weight=203.03094992041588 9.620722562074663 12.149123460054396 8.2430602312087995 144.34654992818832 24.587524369359016 50.455505415797234 27.024088725447655
leaf_count=741 33 39 39 486 86 192 88
internal_value=0.00100762 0.00122669 -0.00461277 0.00102802 0.00223962 0.000297434 0.000828357
internal_weight=479.458 461.594 17.8638 449.445 168.934 280.511 230.055
internal_count=1704 1632 72 1593 572 1021 829
is_linear=0
shrinkage=0.00891649


Tree=227
num_leaves=6
num_cat=0
split_feature=14 14 19 18 4
split_gain=7.33625 8.34674 5.46998 4.93801 4.49569
threshold=2.0825664633865908 1.5714736760872448 -1.1068184745307392 -1.350800561649079 -0.37050680656935803
decision_type=2 2 2 2 2
left_child=1 3 -2 -1 -5
right_child=2 -3 -4 4 -6
leaf_value=-0.001479762613196729 -7.0115803295129947e-05 0.0084695337383262487 -0.0098998677930012911 0.0026766677839037295 0.00067512206102016169
leaf_weight=54.914127036929131 9.6206677854061144 12.09147487580776 8.2152480334043485 136.44322176277637 257.92417956888676
leaf_count=205 33 39 39 457 931
internal_value=0.000999167 0.00121636 -0.00457848 0.00101922 0.00136816
internal_weight=479.209 461.373 17.8359 449.282 394.367
internal_count=1704 1632 72 1593 1388
is_linear=0
shrinkage=0.00891649


Tree=228
num_leaves=9
num_cat=0
split_feature=12 20 12 12 12 12 20 20
split_gain=7.95504 12.308 6.31417 10.005 5.33756 5.70492 4.57941 8.2141
threshold=-0.11954982027963164 1.201385268480285 0.36333471803336193 0.4100240155228117 0.86508898182794158 0.9670102492271061 -0.64753450234660914 -0.73597760321341188
decision_type=2 2 2 2 2 2 2 2
left_child=1 6 -2 -4 -5 -6 7 -1
right_child=2 -3 3 4 5 -7 -8 -9
leaf_value=0.0014252515565515266 0.0052784638881894115 -0.0060686202749732762 -0.0029919090356157162 0.0065518197766066249 -0.00042850698098795704 0.0034574334225953946 0.0017262263015461001 -0.0034560487331694563
leaf_weight=60.852979138493538 43.499181464314461 24.393477842211723 32.146135255694389 21.720985844731331 52.847452193498611 68.785419061779976 125.3041385859251 49.499710574746132
leaf_count=202 148 103 131 77 190 220 439 194
internal_value=0.000990597 -6.27296e-05 0.00224213 0.00148788 0.00249561 0.00176775 0.000559988 -0.000761878
internal_weight=479.049 260.05 218.999 175.5 143.354 121.633 235.657 110.353
internal_count=1704 938 766 618 487 410 835 396
is_linear=0
shrinkage=0.00891649


Tree=229
num_leaves=9
num_cat=0
split_feature=12 20 4 4 4 6 4 4
split_gain=7.828 12.1069 6.96769 6.09221 11.6293 5.99164 3.75871 4.39215
threshold=-0.11954982027963164 1.201385268480285 -0.60141570808851907 0.27542147144202717 -0.18844027138807404 -1.3033130840615594 -0.27823505003708709 0.30120022902775129
decision_type=2 2 2 2 2 2 2 2
left_child=1 3 -2 4 5 -1 -4 -8
right_child=2 -3 6 -5 -6 -7 7 -9
leaf_value=-0.0063649933612751541 0.0053037802620238975 -0.0060235021868648882 -0.000941743845030034 -0.0016245392435786019 0.0081701417996511393 0.0011175638586800255 0.0053287375968550932 0.0013075581405676113
leaf_weight=8.8609474599361402 46.011361822485924 24.358096092939377 41.111208975315094 70.947052806615829 18.26360359787941 137.51543784141541 27.084576219320297 104.4915072619915
leaf_count=35 150 103 151 271 57 472 94 371
internal_value=0.0009826 -6.22129e-05 0.00222523 0.000555159 0.00149669 0.000659378 0.00140328 0.002138
internal_weight=478.644 259.945 218.699 235.587 164.64 146.376 172.687 131.576
internal_count=1704 938 766 835 564 507 616 465
is_linear=0
shrinkage=0.00891649


Tree=230
num_leaves=11
num_cat=0
split_feature=15 15 15 15 15 15 16 15 15 15
split_gain=7.55458 8.54482 6.77482 8.86782 4.96982 7.69389 4.4425 4.1804 12.3172 4.30805
threshold=-1.3110423308008141 -1.3515456663877463 0.27715364387660096 -0.027395422730445634 0.3832932350656017 0.89826929368498365 -0.71641438029220172 -0.75197308362565063 -0.28431673707750738 -0.82563418106787567
decision_type=2 2 2 2 2 2 2 2 2 2
left_child=1 -1 3 6 -4 -6 -2 9 -9 -8
right_child=2 -3 4 -5 5 -7 7 8 -10 -11
leaf_value=0.00086080095645042212 -0.00078421622659224997 -0.0061288794248368587 -0.0020675035183535056 0.0071311840555121344 0.0051831991553091886 -1.3556034699626944e-05 0.003873097022033541 0.008488415948404774 0.0015382026295338821 -0.0010225406776611728
leaf_weight=32.727374255657196 42.465487763285637 23.844872027635574 56.490208327770233 27.747211188077927 28.456185638904572 107.50703367590904 21.59404730796814 28.780610352754593 67.513354554772377 41.227090060710907
leaf_count=109 152 108 212 93 97 385 71 92 232 153
internal_value=0.000974432 -0.00207862 0.00138498 0.0024199 0.000151104 0.00107429 0.00176892 0.00245227 0.00361924 0.000662621
internal_weight=478.353 56.5722 421.781 229.328 192.453 135.963 201.581 159.115 96.294 62.8211
internal_count=1704 217 1487 793 694 482 700 548 324 224
is_linear=0
shrinkage=0.00891649


Tree=231
num_leaves=4
num_cat=0
split_feature=20 10 10
split_gain=6.01315 5.64544 7.1521
threshold=2.6065486980323729 -0.12240666763837048 -0.711323193070312
decision_type=2 2 2
left_child=1 2 -1
right_child=-2 -3 -4
leaf_value=0.0012886510627228333 -0.0058850536290313673 0.00020459353004070014 0.0051560919404622261
leaf_weight=166.94686928391457 9.7687198966741544 252.07499335706234 49.091695949435234
leaf_count=566 41 924 173
internal_value=0.000966727 0.00111153 0.00216887
internal_weight=477.882 468.114 216.039
internal_count=1704 1663 739
is_linear=0
shrinkage=0.00891649


Tree=232
num_leaves=14
num_cat=0
split_feature=15 15 20 18 3 15 15 15 15 15 15 3 3
split_gain=7.4236 18.6547 8.17023 6.55245 6.35876 5.84133 8.55068 6.0843 6.03477 5.31427 7.16097 4.0959 4.03796
threshold=-0.75197308362565063 -0.28431673707750738 -0.73597760321341188 -1.350800561649079 -1.1534414849232126 0.27715364387660096 0.3832932350656017 -0.027395422730445634 0.89826929368498365 0.63623372235809772 -0.12175840054968894 -0.17947587075258256 2.182700131809499
decision_type=2 2 2 2 2 2 2 2 2 2 2 2 2
left_child=2 -2 11 9 -4 7 -7 -5 -8 10 -3 -1 -6
right_child=1 3 4 5 12 6 8 -9 -10 -11 -12 -13 -14
leaf_value=-0.0017354389990544628 0.0080865523390600807 -0.0058975124915932398 0.0052090657074600243 0.0018455727271973698 -0.003063736441457895 -0.0028133567011176313 0.005363102205207141 0.0067895728916041757 0.00060980166608416025 -0.0094534135271110969 0.0037426964536988881 0.0059875374338130708 0.0040428283779802166
leaf_weight=7.5438602119684246 32.235027268528938 11.523110255599027 8.9328798800706846 80.805601269006729 91.399354547262192 47.482475370168686 26.759875133633614 26.059328600764275 100.38189579546452 7.3146312087774268 12.633006677031515 18.023317605257034 6.6282372623682013
leaf_count=26 103 46 30 275 360 179 92 89 354 32 43 55 20
internal_value=0.000958427 0.00164712 -0.000833175 0.000981608 -0.00191711 0.00141308 0.000407765 0.0030539 0.00161296 -0.00286321 -0.000857943 0.00367408 -0.00257504
internal_weight=477.723 345.195 132.528 312.96 106.96 281.489 174.624 106.865 127.142 31.4707 24.1561 25.5672 98.0276
internal_count=1704 1213 491 1110 410 989 625 364 446 121 89 81 380
is_linear=0
shrinkage=0.00891649


Tree=233
num_leaves=14
num_cat=0
split_feature=12 14 14 12 12 19 19 14 14 19 12 12 19
split_gain=7.65819 6.76006 8.73536 6.04293 9.754 5.33857 9.01825 6.4069 7.64995 6.36385 5.16487 5.51291 4.44934
threshold=-0.11954982027963164 2.0825664633865908 1.5714736760872448 0.36333471803336193 0.4100240155228117 0.99396398928560536 0.85653878023699848 -0.051067916767347711 -0.2178449368241113 0.46769949836128455 0.86508898182794158 0.9670102492271061 -1.1068184745307392
decision_type=2 2 2 2 2 2 2 2 2 2 2 2 2
left_child=1 2 5 -2 -5 6 9 8 -7 -1 -6 -12 -3
right_child=3 12 -4 4 10 7 -8 -9 -10 -11 11 -13 -14
leaf_value=-0.0004514991018628676 0.0051709645898758445 -0.00069771970458410587 0.0093557948291433188 -0.0029787280814355241 0.0064606229450318749 0.0025582996456439437 -0.0061110528756615949 0.0078045126880132744 -0.006650274015785179 0.007971826912032064 -0.00042878064919582196 0.0033947049046058279 -0.010918790349151894
leaf_weight=151.70055931806564 43.029313310980797 6.1203647404909134 7.9154457300901404 32.115432217717171 21.462346717715263 35.179536432027817 22.148265659809113 12.92156285047531 8.7903219759464246 7.2756904959678641 52.813543528318405 68.549551993608475 7.2695278078317624
leaf_count=545 148 21 24 131 77 117 94 41 38 23 190 220 35
internal_value=0.000950788 -8.36086e-05 0.000251057 0.00218219 0.00144538 -5.43749e-05 -0.000803274 0.00232329 0.00070429 -6.03063e-05 0.00244336 0.00172951 -0.00621021
internal_weight=477.291 259.321 245.931 217.97 174.941 238.016 181.125 56.8914 43.9699 158.976 142.825 121.363 13.3899
internal_count=1704 938 882 766 618 858 662 196 155 568 487 410 56
is_linear=0
shrinkage=0.00891649


Tree=234
num_leaves=9
num_cat=0
split_feature=18 18 18 4 4 4 1 1
split_gain=4.54411 5.06627 9.74742 7.04358 10.4092 5.84471 4.13766 6.13431
threshold=0.12752380531045562 0.032647793235434618 -0.22728648642215685 0.90173745429034469 -0.60141570808851907 -1.0699022977356123 0.63671578055447808 0.25291398073957427
decision_type=2 2 2 2 2 2 2 2
left_child=1 2 -1 4 5 -3 7 -2
right_child=6 3 -4 -5 -6 -7 -8 -9
leaf_value=0.00019433374278544715 0.0024102406893103437 -0.0018752004004657786 0.0062100016256091866 -0.0086633988807454706 0.0019891545898566803 -0.013939890143459815 0.00097752212537961856 0.0089269942992770083
leaf_weight=206.29621976613998 58.618017807602882 6.6535191535949707 23.707825660705566 10.600517913699148 32.796202629804611 5.8785287290811521 118.14033910632133 14.111778885126112
leaf_count=757 201 23 78 47 116 26 410 46
internal_value=0.000943313 0.000231627 0.000816999 -0.00217043 -0.000643014 -0.00750259 0.00200829 0.00368061
internal_weight=476.803 285.933 230.004 55.9288 45.3283 12.532 190.87 72.7298
internal_count=1704 1047 835 212 165 49 657 247
is_linear=0
shrinkage=0.00891649


Tree=235
num_leaves=3
num_cat=0
split_feature=20 19
split_gain=5.86933 4.70687
threshold=2.6065486980323729 -1.1444575533109163
decision_type=2 2
left_child=1 -1
right_child=-2 -3
leaf_value=0.0039270284898929439 -0.0058413858693184065 0.00079733023242309906
leaf_weight=41.825962841510773 9.747345030307768 425.00668324530125
leaf_count=135 41 1528
internal_value=0.000935359 0.00107866
internal_weight=476.58 466.833
internal_count=1704 1663
is_linear=0
shrinkage=0.00891649


Tree=236
num_leaves=13
num_cat=0
split_feature=15 15 15 15 6 15 15 15 15 15 15 15
split_gain=7.29929 8.30857 6.56999 6.99731 5.42479 5.36549 8.57786 5.69844 6.42993 4.14842 15.3829 6.03488
threshold=-1.3110423308008141 -1.3515456663877463 1.4584443261530822 1.1264836319808158 -0.68271273030203827 0.27715364387660096 -0.027395422730445634 0.3832932350656017 0.89826929368498365 -0.75197308362565063 -0.28431673707750738 -0.82563418106787567
decision_type=2 2 2 2 2 2 2 2 2 2 2 2
left_child=1 4 3 5 -1 6 9 -7 -9 11 -11 -2
right_child=2 -3 -4 -5 -6 7 -8 8 -10 10 -12 -13
leaf_value=-0.0045820169778263238 0.0037437871104058509 -0.0060797563669670231 -0.0018430442918690433 0.0089545023002788274 0.0032363114109799874 -0.0020474305919660051 0.0070213151373798013 0.0050680423910573003 -0.00021812969156028033 0.0080295324666968537 0.00087738799348072031 -0.0016409713623839659
leaf_weight=9.9927887916564924 24.070446997880936 23.761142149567604 45.900045320391655 10.164198160171507 22.670250207185745 56.43096125125885 27.365516394376755 28.134032517671585 51.25608779489994 31.989399880170822 92.96802419424057 51.813935413956642
leaf_count=37 79 108 167 32 72 212 93 97 186 103 323 195
internal_value=0.000927135 -0.00207753 0.00133175 0.00172254 0.000822383 0.00151833 0.00235307 0.000114684 0.00165287 0.00171441 0.00271194 6.9316e-05
internal_weight=476.517 56.4242 420.093 374.193 32.663 364.028 228.207 135.821 79.3901 200.842 124.957 75.8844
internal_count=1704 217 1487 1320 109 1288 793 495 283 700 426 274
is_linear=0
shrinkage=0.00891649


Tree=237
num_leaves=6
num_cat=0
split_feature=12 4 4 4 6
split_gain=7.46968 6.9823 12.3813 6.81553 6.68743
threshold=-0.11954982027963164 0.27542147144202717 -0.16179110723847789 -0.60141570808851907 -1.3033130840615594
decision_type=2 2 2 2 2
left_child=1 2 4 -2 -1
right_child=3 -3 -4 -5 -6
leaf_value=-0.0066927340240673415 0.0051985783377964737 -0.0022864526251164452 0.0086085216750455169 0.0013242104895734622 0.00063836937916349082
leaf_weight=10.384128615260122 45.582734599709511 80.187878295779228 14.899283245205877 171.61292453110218 153.30469009280205
leaf_count=42 150 314 47 616 535
internal_value=0.000919958 -0.000102296 0.000877448 0.00213869 0.000168926
internal_weight=475.972 258.776 178.588 217.196 163.689
internal_count=1704 938 624 766 577
is_linear=0
shrinkage=0.00891649


Tree=238
num_leaves=10
num_cat=0
split_feature=14 14 20 19 20 20 20 20 20
split_gain=7.00149 8.02321 6.32139 5.29521 4.30779 10.5746 8.45026 4.35558 3.80171
threshold=2.0825664633865908 1.5714736760872448 1.201385268480285 -1.1068184745307392 -0.64753450234660914 -0.42897523810759108 -0.73597760321341188 -1.2331699816879782 0.90820345910560196
decision_type=2 2 2 2 2 2 2 2 2
left_child=1 2 4 -2 6 -6 7 -1 -7
right_child=3 -3 -4 -5 5 8 -8 -9 -10
leaf_value=0.00092262771814565837 -0.00011925487270964494 0.0083193430711996329 -0.001802576077223833 -0.0098258796159821846 0.010990485811077092 0.0014336886066828359 -0.0019616077426881035 0.0054126733838762951 0.0065461351426745395
leaf_weight=64.794868990778923 9.5880903005599993 11.814297169446943 58.162696108222008 8.1306004524230939 10.057997822761534 203.13574129343033 74.804759308695793 23.207031846046448 12.090166509151457
leaf_count=219 33 39 222 39 33 722 280 78 39
internal_value=0.000912125 0.00112514 0.000932745 -0.00455525 0.00134371 0.00214216 0.000238144 0.00210926 0.00172404
internal_weight=475.786 458.068 446.253 17.7187 388.091 225.284 162.807 88.0019 215.226
internal_count=1704 1632 1593 72 1371 794 577 297 761
is_linear=0
shrinkage=0.00891649


Tree=239
num_leaves=14
num_cat=0
split_feature=12 12 12 19 12 12 19 12 12 19 19 19 19
split_gain=7.33014 6.05089 8.34504 6.13413 5.8201 9.49149 5.1851 5.0271 5.33007 5.01961 4.19128 4.03053 5.8173
threshold=-0.11954982027963164 -0.25586931583086425 -1.1589136206159036 1.0000000180025095e-35 0.36333471803336193 0.4100240155228117 0.41672746587514192 0.86508898182794158 0.9670102492271061 -0.11406942191867205 -0.58328810155603161 0.051970441697899057 -0.89795755287915402
decision_type=2 2 2 2 2 2 2 2 2 2 2 2 2
left_child=1 2 3 9 -2 -6 -3 -7 -9 10 -1 12 -4
right_child=4 6 11 -5 5 7 -8 8 -10 -11 -12 -13 -14
leaf_value=-0.0041159125562383186 0.0050641145276391648 -0.00023458696690797462 0.0066479282991140599 0.00072380004129135199 -0.0029738424463169226 0.0063683430335527268 -0.0048454695774819345 -0.00044429968906857802 0.0033185897981183737 -0.0088832249980575397 0.0039461996433205653 0.0048976258437533268 -0.00072078009722711099
leaf_weight=16.635841459035873 42.562972038984299 46.520930022001266 10.975205361843107 57.970355316996574 32.09390264749527 21.203648403286934 33.092160314321518 52.810686528682709 68.274980634450912 11.198676034808157 7.1475562751293209 39.412262707948685 35.545180380344391
leaf_count=61 148 170 33 198 131 77 149 190 220 48 21 130 128
internal_value=0.000904694 -0.000108487 0.000799949 -0.00104776 0.0021127 0.00139067 -0.0021519 0.00237824 0.00167609 -0.00399064 -0.00168095 0.00280161 0.00102542
internal_weight=475.444 258.498 178.885 92.9524 216.946 174.383 79.6131 142.289 121.086 34.9821 23.7834 85.9326 46.5204
internal_count=1704 938 619 328 766 618 319 487 410 130 82 291 161
is_linear=0
shrinkage=0.00891649


Tree=240
num_leaves=10
num_cat=0
split_feature=15 10 15 10 10 10 10 15 10
split_gain=7.11617 8.91594 8.125 4.90962 4.67397 8.8694 5.69394 4.16502 3.92458
threshold=-1.3110423308008141 -0.12240666763837048 -1.3515456663877463 -0.711323193070312 0.84348206207709919 1.2707422009807037 1.3302294371720149 0.78129695585840919 -0.37525942933062156
decision_type=2 2 2 2 2 2 2 2 2
left_child=2 3 -1 -2 7 -6 -7 -3 -5
right_child=1 4 -4 8 5 6 -8 -9 -10
leaf_value=0.00079712873502234402 0.001916959759973244 0.00013530794990269379 -0.006037137739560018 0.0074620276714972142 0.0082413796007308315 -0.0032454384138723277 0.0027284146238507989 -0.0031255677708103414 0.0021726282065468094
leaf_weight=32.595332399010658 143.59685762226582 120.15775388479233 23.690376505255699 26.842205762863159 14.441729605197905 20.611765488982201 32.283640682697296 41.776234060525894 18.99205470085144
leaf_count=109 480 439 108 96 47 84 110 162 69
internal_value=0.000897509 0.00129784 -0.00207272 0.00272867 0.000114891 0.00208653 0.000397849 -0.000705227 0.00526677
internal_weight=474.988 418.702 56.2857 189.431 229.271 67.3371 52.8954 161.934 45.8343
internal_count=1704 1487 217 645 842 241 194 601 165
is_linear=0
shrinkage=0.00891649


Tree=241
num_leaves=7
num_cat=0
split_feature=19 6 5 5 19 6
split_gain=4.50985 7.85592 4.47393 4.93682 5.75027 4.43383
threshold=-1.1444575533109163 -1.5151905494409441 -0.64522410462576685 -0.11247469119528981 -1.5433231576542048 -1.2580667520440907
decision_type=2 2 2 2 2 2
left_child=2 -2 -1 -4 -5 -3
right_child=1 5 3 4 -6 -7
leaf_value=0.0084620717712793458 -0.0055618598187038874 0.0083750282215878189 -0.0049158975243019038 0.00095049480464903303 0.010120835698929969 0.00073667994210740377
leaf_weight=11.157998368144034 15.57776392996311 5.9618926346302024 6.4563621133565929 17.891589328646663 7.5883869826793662 410.02692067623138
leaf_count=32 63 19 24 61 24 1481
internal_value=0.000890141 0.000615036 0.00363513 0.00194141 0.00369737 0.000848114
internal_weight=474.661 431.567 43.0943 31.9363 25.48 415.989
internal_count=1704 1563 141 109 85 1500
is_linear=0
shrinkage=0.00891649


Tree=242
num_leaves=9
num_cat=0
split_feature=15 15 15 15 3 3 3 3
split_gain=6.99302 7.98559 6.41865 6.87246 5.52592 12.1286 9.77332 3.66968
threshold=-1.3110423308008141 -1.3515456663877463 1.4584443261530822 1.1264836319808158 -0.50044154892440484 -1.0091682742455681 -0.4739748824901675 1.0000000180025095e-35
decision_type=2 2 2 2 2 2 2 2
left_child=1 -1 3 4 5 -2 -6 -8
right_child=2 -3 -4 -5 6 -7 7 -9
leaf_value=0.00078019108090837121 0.0012464830639711346 -0.0060002129495247006 -0.0018611245359751588 0.0088768023764783065 -0.0030168725216381444 0.0080222896984068447 0.0047414555639851896 0.0011386849058652674
leaf_weight=32.582863852381706 71.308971226215363 23.635688334703445 45.816247671842575 10.046022057533262 44.492174446582794 29.585870355367661 25.316697865724564 191.77865380048752
leaf_count=109 253 108 167 32 173 99 90 673
internal_value=0.000882407 -0.0020638 0.00127937 0.00166696 0.00146487 0.00323632 0.000780409 0.0015606
internal_weight=474.563 56.2186 418.345 372.528 362.482 100.895 261.588 217.095
internal_count=1704 217 1487 1320 1288 352 936 763
is_linear=0
shrinkage=0.00891649


Tree=243
num_leaves=6
num_cat=0
split_feature=15 15 10 19 10
split_gain=6.91365 17.9305 5.62506 5.34983 4.77371
threshold=-0.75197308362565063 -0.28431673707750738 -0.15052144032695439 -1.1444575533109163 1.3764535566134577
decision_type=2 2 2 2 2
left_child=3 -2 -3 -1 -4
right_child=1 2 4 -5 -6
leaf_value=0.0044956242875343133 0.0079271270671125854 0.0022207495579414337 -0.00080788638494864442 -0.0014583411385628924 0.0033782254969480399
leaf_weight=13.148566618561743 31.563618391752243 139.52901002764702 146.1151954382658 118.61884000897408 25.221789196133614
leaf_count=41 103 479 546 450 85
internal_value=0.000875243 0.00154311 0.000892678 -0.000858153 -0.000188274
internal_weight=474.197 342.43 310.866 131.767 171.337
internal_count=1704 1213 1110 491 631
is_linear=0
shrinkage=0.00891649


Tree=244
num_leaves=12
num_cat=0
split_feature=15 15 15 15 3 6 15 15 15 15 15
split_gain=6.80407 7.85937 6.35798 8.31758 5.66354 5.33067 4.51267 7.03681 3.94798 14.8177 5.72964
threshold=-1.3110423308008141 -1.3515456663877463 0.27715364387660096 -0.027395422730445634 0.13800461201406128 -0.68271273030203827 0.3832932350656017 0.89826929368498365 -0.75197308362565063 -0.28431673707750738 -0.82563418106787567
decision_type=2 2 2 2 2 2 2 2 2 2 2
left_child=1 5 3 8 -5 -1 -4 -8 10 -10 -2
right_child=2 -3 6 4 -6 -7 7 -9 9 -11 -12
leaf_value=-0.0045862680306865064 0.0036338522235207574 -0.0059534113303183946 -0.0020526980108323298 0.010529949485767361 0.0023387706780973357 0.0031742268801182674 0.0049335606808963688 -8.7836273550170936e-05 0.0078939606490622989 0.00082629729926092521 -0.0016295818858126808
leaf_weight=9.9653054624795896 23.863822221755981 23.565981298685074 56.382895931601524 15.0716859549284 11.881734699010847 22.617271065711975 27.763422191143036 106.91845400631428 31.426055654883385 92.791810005903244 51.736732140183449
leaf_count=37 79 108 212 50 43 72 97 385 103 323 195
internal_value=0.000867869 -0.00204014 0.00125967 0.00226894 0.00690365 0.000778948 6.1109e-05 0.000947424 0.00164129 0.00261796 3.40621e-05
internal_weight=473.985 56.1486 417.837 226.772 26.9534 32.5826 191.065 134.682 199.818 124.218 75.6006
internal_count=1704 217 1487 793 93 109 694 482 700 426 274
is_linear=0
shrinkage=0.00891649


Tree=245
num_leaves=6
num_cat=0
split_feature=14 14 4 4 4
split_gain=6.80988 7.8282 4.23604 7.74473 4.06807
threshold=2.0825664633865908 1.5714736760872448 0.30120022902775129 -0.16179110723847789 0.27542147144202717
decision_type=2 2 2 2 2
left_child=1 2 3 -1 -5
right_child=-2 -3 -4 4 -6
leaf_value=0.0010150948798341728 -0.0045421599503457722 0.0082291405430172122 -0.00019321304021307912 0.0075939498412042972 0.0007797316029358244
leaf_weight=235.21302406489849 17.645467057824135 11.648505061864851 175.6167729049921 23.660794302821159 9.7185589224100095
leaf_count=825 72 39 653 80 35
internal_value=0.000861029 0.0010717 0.000882095 0.00158594 0.00559476
internal_weight=473.503 455.858 444.209 268.592 33.3794
internal_count=1704 1632 1593 940 115
is_linear=0
shrinkage=0.00891649


Tree=246
num_leaves=5
num_cat=0
split_feature=19 6 6 3
split_gain=4.37175 7.70256 4.33286 4.23363
threshold=-1.1444575533109163 -1.5151905494409441 -1.2580667520440907 0.59936891968852335
decision_type=2 2 2 2
left_child=3 -2 -3 -1
right_child=1 2 -4 -5
leaf_value=0.0051409716911742223 -0.0055450688053122017 0.0082929106842494597 0.00070400225367325277 -0.0013456495865952255
leaf_weight=32.581872224807739 15.532097443938254 5.8941813558340064 408.99953942000866 10.303860440850256
leaf_count=105 63 19 1481 36
internal_value=0.000853707 0.000582754 0.000813822 0.00356312
internal_weight=473.312 430.426 414.894 42.8857
internal_count=1704 1563 1500 141
is_linear=0
shrinkage=0.00891649


Tree=247
num_leaves=15
num_cat=0
split_feature=15 10 6 15 18 18 18 18 10 10 10 18 18 18
split_gain=6.67301 8.56679 7.77743 8.22084 5.67319 4.83518 6.74836 4.64788 4.54465 8.70965 5.47261 4.26611 4.00532 4.54328
threshold=-1.3110423308008141 -0.12240666763837048 1.6637455641009946 -1.3515456663877463 -1.350800561649079 -0.41577340490258857 0.12752380531045562 -0.5075488711152043 0.84348206207709919 1.2707422009807037 1.3302294371720149 0.064410241317530689 0.69605054088547791 1.1849136415766106
decision_type=2 2 2 2 2 2 2 2 2 2 2 2 2 2
left_child=2 4 3 7 -2 -6 11 -1 -3 -10 -11 -7 -8 -14
right_child=1 8 -4 -5 5 6 12 -9 9 10 -12 -13 13 -15
leaf_value=-0.0039584891021769283 -0.0021490214786956561 -0.00073537906241998724 0.0072448937803390456 -0.0074135463182630305 0.0060530014712627967 0.0014509946517383221 0.0057357532757050817 0.0031859468638152952 0.008162661628943595 -0.0032196625416921081 0.0026430584912088698 -0.0043059498248381308 -0.0011499034163012698 0.0045138876661156733
leaf_weight=13.226909130811693 17.578168779611588 161.53844450414181 6.1916669607162467 21.156653568148617 35.675283059477806 32.011607497930527 43.616063207387924 15.490613818168635 14.277795583009718 20.58441349864006 32.180135160684586 14.792770490050314 20.380720019340515 24.528146356344223
leaf_count=48 63 601 18 101 116 113 147 50 47 84 110 55 73 78
internal_value=0.000846241 0.00123459 -0.00203567 -0.00321135 0.00264073 0.00313746 0.00236627 -0.000109237 7.37495e-05 0.00202279 0.000353169 -0.000363019 0.00381198 0.00194259
internal_weight=473.229 417.164 56.0658 49.8742 188.583 171.005 135.329 28.7175 228.581 67.0423 52.7645 46.8044 88.5249 44.9089
internal_count=1704 1487 217 199 645 582 466 98 842 241 194 168 298 151
is_linear=0
shrinkage=0.00891649


Tree=248
num_leaves=6
num_cat=0
split_feature=15 15 10 19 10
split_gain=6.59637 17.4243 5.40201 5.19382 4.63151
threshold=-0.75197308362565063 -0.28431673707750738 -0.15052144032695439 -1.1444575533109163 1.3764535566134577
decision_type=2 2 2 2 2
left_child=3 -2 -3 -1 -4
right_child=1 2 4 -5 -6
leaf_value=0.0044265874184604183 0.0078283538499151189 0.0021574348630008155 -0.00081649314657776929 -0.0014477062767983568 0.003310270121652113
leaf_weight=13.113038495182989 31.171662151813507 139.17916363477707 145.89648877084255 118.33713147044182 25.175785601139069
leaf_count=41 103 479 546 450 85
internal_value=0.000839346 0.0014928 0.000854031 -0.000855712 -0.0002058
internal_weight=472.873 341.423 310.251 131.45 171.072
internal_count=1704 1213 1110 491 631
is_linear=0
shrinkage=0.00891649


Tree=249
num_leaves=11
num_cat=0
split_feature=12 14 14 12 12 12 12 14 14 14
split_gain=7.13248 6.38362 8.30795 5.49294 9.15002 4.79194 5.03563 4.44191 6.91873 5.51002
threshold=-0.11954982027963164 2.0825664633865908 1.5714736760872448 0.36333471803336193 0.4100240155228117 0.86508898182794158 0.9670102492271061 -0.082385217056286694 0.33208606290449399 -0.2178449368241113
decision_type=2 2 2 2 2 2 2 2 2 2
left_child=1 2 7 -2 -5 -6 -7 9 -9 -1
right_child=3 -3 -4 4 5 6 -8 8 -10 -11
leaf_value=0.00013529498357796264 0.0049204195908052811 -0.0061503259993959591 0.0091697021149006828 -0.0029584341362832826 0.0062363892779477301 -0.00044018525383508566 0.0032238100571855364 0.0069167615922066253 0.0003161058082791011 -0.0036023053415282142
leaf_weight=88.539852887392044 41.928656667470932 13.265336498618124 7.6891141682863227 32.042804047465324 20.833480998873711 52.741936445236206 67.829338476061821 14.643756628036497 84.91812801361084 48.231510877609253
leaf_count=310 148 56 24 131 77 190 220 47 305 196
internal_value=0.000832273 -0.000168811 0.0001574 0.00202894 0.00132829 0.00230285 0.0016197 -0.000138345 0.00129197 -0.0011814
internal_weight=472.664 257.288 244.022 215.376 173.448 141.405 120.571 236.333 99.5619 136.771
internal_count=1704 938 882 766 618 487 410 858 352 506
is_linear=0
shrinkage=0.00891649


Tree=250
num_leaves=5
num_cat=0
split_feature=10 10 10 18
split_gain=4.72997 5.51226 4.84433 5.51572
threshold=-0.12240666763837048 -0.711323193070312 -0.42794676941206106 0.48052285286034757
decision_type=2 2 2 2
left_child=1 -1 -3 -4
right_child=-2 2 3 -5
leaf_value=0.0010259003700506929 3.1838257146424132e-07 0.0087407263212278905 -3.8347978042769918e-05 0.0073462624137857801
leaf_weight=169.04756414890289 254.26939779520035 14.433724507689474 22.141230151057243 12.325026482343672
leaf_count=580 946 51 82 45
internal_value=0.00082567 0.00178912 0.0044218 0.00260844
internal_weight=472.217 217.948 48.9 34.4663
internal_count=1704 758 178 127
is_linear=0
shrinkage=0.00891649


Tree=251
num_leaves=6
num_cat=0
split_feature=14 14 18 18 18
split_gain=6.6027 7.61291 4.3734 3.88903 8.13212
threshold=2.0825664633865908 1.5714736760872448 0.12752380531045562 0.032647793235434618 -0.22728648642215685
decision_type=2 2 2 2 2
left_child=1 2 3 4 -1
right_child=-2 -3 -4 -5 -6
leaf_value=0.00010653261611194117 -0.0045103614790608692 0.0081354513490897538 0.0019827677979060575 -0.0019873370721797891 0.0057718962096074992
leaf_weight=200.51360338926315 17.589128613471985 11.48574912548065 166.20604588091373 54.079633861780167 22.208793923258781
leaf_count=741 72 39 572 205 75
internal_value=0.000818561 0.0010263 0.000840094 0.000153068 0.000674023
internal_weight=472.083 454.494 443.008 276.802 222.722
internal_count=1704 1632 1593 1021 816
is_linear=0
shrinkage=0.00891649


Tree=252
num_leaves=4
num_cat=0
split_feature=10 6 6
split_gain=4.6497 6.54695 4.45105
threshold=-0.12240666763837048 -1.5151905494409441 -1.2011159934858415
decision_type=2 2 2
left_child=1 -1 -3
right_child=-2 2 -4
leaf_value=-0.0037292596051373573 -6.4496931726685924e-06 0.0080100078652344149 0.0019004142934157327
leaf_weight=15.753101259469984 254.17454782128334 9.7981695681810361 192.15068966150284
leaf_count=60 946 32 666
internal_value=0.000811638 0.00176758 0.00220025
internal_weight=471.877 217.702 201.949
internal_count=1704 758 698
is_linear=0
shrinkage=0.00891649


Tree=253
num_leaves=8
num_cat=0
split_feature=12 4 4 4 19 19 19
split_gain=6.99626 6.49257 11.9132 6.41479 4.35103 4.72085 4.67076
threshold=-0.11954982027963164 0.27542147144202717 -0.16179110723847789 -0.60141570808851907 0.99396398928560536 0.94625821851108094 1.4668195962894974
decision_type=2 2 2 2 2 2 2
left_child=1 2 4 -2 5 -1 -6
right_child=3 -3 -4 -5 6 -7 -8
leaf_value=-0.00011946404356060589 0.0049864218069098527 -0.0022984995244472563 0.0084408521407120848 0.001199691631131365 0.0086354695010751742 -0.0059820863290266299 0.00099000349304967459
leaf_weight=118.30940835177898 44.849619224667549 79.744943857192993 14.547892510890959 169.98576489090919 8.4231202602386457 11.842161417007445 24.093520402908325
leaf_count=419 150 314 47 616 26 49 83
internal_value=0.000804537 -0.000187235 0.000761827 0.00199156 7.02335e-05 -0.000657354 0.00297963
internal_weight=471.796 256.961 177.216 214.835 162.668 130.152 32.5166
internal_count=1704 938 624 766 577 468 109
is_linear=0
shrinkage=0.00891649


Tree=254
num_leaves=5
num_cat=0
split_feature=14 14 19 18
split_gain=6.46638 7.50677 5.15133 4.31746
threshold=2.0825664633865908 1.5714736760872448 -1.1068184745307392 -1.350800561649079
decision_type=2 2 2 2
left_child=1 3 -2 -1
right_child=2 -3 -4 -5
leaf_value=-0.0015264432698321804 -9.7570788701617256e-05 0.0080882001865798265 -0.0097136283473257257 0.0011490702867666444
leaf_weight=54.453337281942368 9.5384254306554812 11.405619144439695 8.0340898185968381 388.12968239933252
leaf_count=205 33 39 39 1388
internal_value=0.000797787 0.00100351 -0.00447832 0.000819054
internal_weight=471.561 453.989 17.5725 442.583
internal_count=1704 1632 72 1593
is_linear=0
shrinkage=0.00891649


Tree=255
num_leaves=4
num_cat=0
split_feature=20 10 10
split_gain=5.62146 4.84118 6.2074
threshold=2.6065486980323729 -0.12240666763837048 -0.711323193070312
decision_type=2 2 2
left_child=1 2 -1
right_child=-2 -3 -4
leaf_value=0.0011068375062238856 -0.0058592713825424223 8.9223408488490425e-05 0.0047717936569316192
leaf_weight=165.29143531620502 9.6994499415159208 249.33241558074951 47.112086184322834
leaf_count=566 41 924 173
internal_value=0.000790887 0.000932334 0.00192114
internal_weight=471.435 461.736 212.404
internal_count=1704 1663 739
is_linear=0
shrinkage=0.00891649


Tree=256
num_leaves=11
num_cat=0
split_feature=15 15 15 15 3 15 15 15 15 15
split_gain=6.41043 7.48994 6.24276 8.08977 5.73739 4.23088 6.79539 3.79184 14.2452 5.37352
threshold=-1.3110423308008141 -1.3515456663877463 0.27715364387660096 -0.027395422730445634 0.13800461201406128 0.3832932350656017 0.89826929368498365 -0.75197308362565063 -0.28431673707750738 -0.82563418106787567
decision_type=2 2 2 2 2 2 2 2 2 2
left_child=1 -1 3 7 -5 -4 -7 9 -9 -2
right_child=2 -3 5 4 -6 6 -8 8 -10 -11
leaf_value=0.00071074998371875695 0.0034863601447779587 -0.005877281531867882 -0.0020697814306269808 0.010464832432625842 0.0021537057991806458 0.0047896109541575894 -0.00017602879752598704 0.0077491651695529035 0.00076602332533444114 -0.0016324433389323426
leaf_weight=32.459992706775665 23.586331188678741 23.432915285229683 56.339380994439125 14.809907659888269 11.704033955931662 27.353985115885735 106.5403294339776 30.807317197322845 92.586117163300514 51.666800245642662
leaf_count=109 79 108 212 50 43 97 385 103 323 195
internal_value=0.000784081 -0.00204476 0.00116573 0.00217012 0.00678129 -2.17815e-05 0.000838545 0.00155218 0.00251314 -2.10454e-05
internal_weight=471.287 55.8929 415.394 225.161 26.5139 190.234 133.894 198.647 123.393 75.2531
internal_count=1704 217 1487 793 93 694 482 700 426 274
is_linear=0
shrinkage=0.00891649


Tree=257
num_leaves=6
num_cat=0
split_feature=12 20 4 4 4
split_gain=6.83178 11.4072 6.28654 5.2749 10.6289
threshold=-0.11954982027963164 1.201385268480285 -0.60141570808851907 0.27542147144202717 -0.18844027138807404
decision_type=2 2 2 2 2
left_child=1 3 -2 4 -1
right_child=2 -3 -4 -5 -6
leaf_value=0.00049365940144618112 0.0049229537805887645 -0.0060144843343444016 0.001168176698156533 -0.0016349594735006398 0.0078275850037389117
leaf_weight=144.644575715065 44.685345567762852 24.137029975652695 169.68773858249187 70.240227773785591 17.428150340914726
leaf_count=507 150 103 616 271 57
internal_value=0.000777891 -0.000203083 0.0019522 0.000401701 0.00128657
internal_weight=470.823 256.45 214.373 232.313 162.073
internal_count=1704 938 766 835 564
is_linear=0
shrinkage=0.00891649


Tree=258
num_leaves=12
num_cat=0
split_feature=15 15 15 15 15 15 15 15 15 15 15
split_gain=6.26672 7.38867 6.20967 6.7481 5.02363 7.97996 5.02247 5.82907 3.72104 14.0555 5.2769
threshold=-1.3110423308008141 -1.3515456663877463 1.4584443261530822 1.1264836319808158 0.27715364387660096 -0.027395422730445634 0.3832932350656017 0.89826929368498365 -0.75197308362565063 -0.28431673707750738 -0.82563418106787567
decision_type=2 2 2 2 2 2 2 2 2 2 2
left_child=1 -1 3 4 5 8 -6 -8 10 -10 -2
right_child=2 -3 -4 -5 6 -7 7 -9 9 -11 -12
leaf_value=0.00070824293553218231 0.0034566959499973881 -0.0058402092116666372 -0.0019428094568029854 0.0087444843049692914 -0.0020569916490422065 0.0067405589866411314 0.0047502180549707238 -0.00034133147946851551 0.0077068841863527542 0.00075571349214594746 -0.0016205340612636019
leaf_weight=32.449277564883232 23.529561519622803 23.375315502285957 45.702452257275581 9.8516124784946424 56.307418182492256 26.378200724720955 27.241720274090767 50.944623991847038 30.634654298424721 92.566437304019928 51.636394396424294
leaf_count=109 79 108 167 32 212 93 97 186 103 323 195
internal_value=0.000771302 -0.00202731 0.00114897 0.00153314 0.00133301 0.00214829 -2.76962e-05 0.00143035 0.00153504 0.00248785 -2.41926e-05
internal_weight=470.618 55.8246 414.793 369.091 359.239 224.745 134.494 78.1863 198.367 123.201 75.166
internal_count=1704 217 1487 1320 1288 793 495 283 700 426 274
is_linear=0
shrinkage=0.00891649


end of trees

feature_importances:
Column_10=556
Column_12=538
Column_19=419
Column_15=383
Column_20=350
Column_0=292
Column_18=283
Column_14=256
Column_4=223
Column_17=207
Column_1=204
Column_3=164
Column_7=156
Column_6=136
Column_11=133
Column_5=130
Column_16=130
Column_2=73
Column_8=64
Column_9=12
Column_13=8

parameters:
[boosting: gbdt]
[objective: binary]
[metric: binary_logloss]
[tree_learner: serial]
[device_type: cpu]
[data_sample_strategy: bagging]
[data: ]
[valid: ]
[num_iterations: 302]
[learning_rate: 0.00891649]
[num_leaves: 60]
[num_threads: 12]
[seed: 42]
[deterministic: 0]
[force_col_wise: 0]
[force_row_wise: 0]
[histogram_pool_size: -1]
[max_depth: 15]
[min_data_in_leaf: 23]
[min_sum_hessian_in_leaf: 0.001]
[bagging_fraction: 0.864613]
[pos_bagging_fraction: 1]
[neg_bagging_fraction: 1]
[bagging_freq: 0]
[bagging_seed: 400]
[bagging_by_query: 0]
[feature_fraction: 0.34987]
[feature_fraction_bynode: 1]
[feature_fraction_seed: 30056]
[extra_trees: 0]
[extra_seed: 12879]
[early_stopping_round: 0]
[early_stopping_min_delta: 0]
[first_metric_only: 0]
[max_delta_step: 0]
[lambda_l1: 0.021048]
[lambda_l2: 0.000113004]
[linear_lambda: 0]
[min_gain_to_split: 3.64844]
[drop_rate: 0.1]
[max_drop: 50]
[skip_drop: 0.5]
[xgboost_dart_mode: 0]
[uniform_drop: 0]
[drop_seed: 17869]
[top_rate: 0.2]
[other_rate: 0.1]
[min_data_per_group: 100]
[max_cat_threshold: 32]
[cat_l2: 10]
[cat_smooth: 10]
[max_cat_to_onehot: 4]
[top_k: 20]
[monotone_constraints: ]
[monotone_constraints_method: basic]
[monotone_penalty: 0]
[feature_contri: ]
[forcedsplits_filename: ]
[refit_decay_rate: 0.9]
[cegb_tradeoff: 1]
[cegb_penalty_split: 0]
[cegb_penalty_feature_lazy: ]
[cegb_penalty_feature_coupled: ]
[path_smooth: 0.353736]
[interaction_constraints: ]
[verbosity: -1]
[saved_feature_importance_type: 0]
[use_quantized_grad: 0]
[num_grad_quant_bins: 4]
[quant_train_renew_leaf: 0]
[stochastic_rounding: 1]
[linear_tree: 0]
[max_bin: 255]
[max_bin_by_feature: ]
[min_data_in_bin: 3]
[bin_construct_sample_cnt: 200000]
[data_random_seed: 175]
[is_enable_sparse: 1]
[enable_bundle: 1]
[use_missing: 1]
[zero_as_missing: 0]
[feature_pre_filter: 1]
[pre_partition: 0]
[two_round: 0]
[header: 0]
[label_column: ]
[weight_column: ]
[group_column: ]
[ignore_column: ]
[categorical_feature: ]
[forcedbins_filename: ]
[precise_float_parser: 0]
[parser_config_file: ]
[objective_seed: 16083]
[num_class: 1]
[is_unbalance: 0]
[scale_pos_weight: 1.99855]
[sigmoid: 1]
[boost_from_average: 1]
[reg_sqrt: 0]
[alpha: 0.9]
[fair_c: 1]
[poisson_max_delta_step: 0.7]
[tweedie_variance_power: 1.5]
[lambdarank_truncation_level: 30]
[lambdarank_norm: 1]
[label_gain: ]
[lambdarank_position_bias_regularization: 0]
[eval_at: ]
[multi_error_top_k: 1]
[auc_mu_weights: ]
[num_machines: 1]
[local_listen_port: 12400]
[time_out: 120]
[machine_list_filename: ]
[machines: ]
[gpu_platform_id: -1]
[gpu_device_id: -1]
[gpu_use_dp: 0]
[num_gpu: 1]

end of parameters

pandas_categorical:null
