tree
version=v4
num_class=1
num_tree_per_iteration=1
label_index=0
max_feature_idx=20
objective=binary sigmoid:1
feature_names=Column_0 Column_1 Column_2 Column_3 Column_4 Column_5 Column_6 Column_7 Column_8 Column_9 Column_10 Column_11 Column_12 Column_13 Column_14 Column_15 Column_16 Column_17 Column_18 Column_19 Column_20
feature_infos=[-2.3214143086618799:4.6071191085075158] [-2.5901037958972641:4.3508089102363963] [-2.721742416790943:5.3243799200602915] [-2.6283386310697461:4.2959787445336959] [-2.846161017588436:4.7650652229564159] [-2.0928751572064432:3.5679098811720631] [-2.9384563717288801:4.8103730928688755] [-2.1731153203847722:4.7560814555143027] [-2.4541110929052756:4.4004864496600051] [-2.301787207201818:5.0690240967593247] [-3.2552167008611321:4.1222237162634112] [-2.0928751572064432:3.5679098811720631] [-1.3139743067170553:5.1188724345399184] [-3.8582320282007809:1.8739345479364187] [-1.2839088340902955:4.6987289187701133] [-2.9750239956615245:3.4436028771074541] [-2.4528539312717723:3.9684738208450749] [-2.2888267042512007:4.7726296443207339] [-3.173114153273795:3.5891584463378581] [-2.3214143086618799:4.6071191085075158] [-1.9907926337973894:4.8244684337391774]
tree_sizes=4905 4374 3726 4906 4068 4268 3751 4048 5208 3127 3759 4282 3016 3005 3124 2814 3544 3129 3439 3527 2907 3145 3143 3165 2805 3748 3010 3230 4274 3626 3026 3655 3128 2900 3312 2166 2931 3901 1841 1750 1955 3756 2272 3346 2376 2946 2792 3146 3661 2607 2839 3229 2490 2799 4293 2585 2712 2707 2416 1953 3275 2915 2411 1988 2720 2075 1751 2801 1219 2610 3131 1960 1966 2821 901 1435 1540 1547 3165 1881 2165 1218 1966 1317 2077 2508 1535 1972 2624 4135 3674 2588 1731 1863 1960 1209 1312 2180 2196 2306 1008 1327 2628 2397 2081 3812 2190 2098 3892 1853 3264 2948 888 2398 2175 1644 2517 2528 1554 2177 2204 3049 3393 2630 1738 1872 1972 1631 2178 2329 2262 1983 1215 2311 889 2198 2626 1983 2077 1959 1324 687 993 1103 1891 895 1660 1658 1212 1536 2096 1555 2298 1874 1868 1957 2742 1666 2947 1540 2201 1319 2854 1419 2334 2505 1089 1857 690 2727 2205 1431 1635 1434 1430 905 2644 372 479 1982 1987 2741 581 2503 901 1989 1656 2056 2619 588 1223 794 3274 795 1453 476 2621 2627 2516 1998 3270 2526 2200 2629 2390 3044 3180 3167 370 1101 1423 1529 1322 2525 473 1757 3063 1216 2746 1426 1319 1770 372 998 786 1226 999 373 1666 789 2188 3050 793 370 2098 476 1884 2525 689 2103 371 2201 2856 2087 583 1543 1784 371 2615 1981 2093 904 1770 1103 2537 473 1447 478 577 1314 787 1998 2425 2513 683 1228 2218 789 2852 374 1673 1874 2748 476 1122 2266 371 473 2416 3478 2737 785 371 474 582 2847 2097 1519 1438 575 1016 1322 479 577 1451 2947 2411 3068 1561 581 691 2203 577 2197 1881 2323 682 1553 372 1670 1673 796 475 2531 373 2433 373 2506 1885 2427 2425 1232 1650 580 472 2325 784 1876 1558 3290 1986 1555 2635 476 683 371 685 2320 2412 1877 2189 2435 1000 1559 2315 2108 1112 2624 2950 3192 1786 1113 1769 1209 795 1657 471 372 1344 1976 475 1110 2222 2106 477 2957 2649 372 1449 790 1874 2755 371 2102 2525 899 474

Tree=0
num_leaves=45
num_cat=0
split_feature=20 20 20 20 20 20 20 19 19 20 20 19 20 20 17 2 2 2 1 9 19 19 17 17 2 9 17 17 1 9 9 2 17 9 1 2 19 9 9 9 1 1 19 19
split_gain=42.1659 80.5232 60.0326 87.1428 35.1142 50.3146 41.7446 19.4103 26.7506 21.0096 19.7408 16.0561 14.1399 34.3089 12.3106 10.1917 13.7456 10.1367 9.89426 9.32922 9.12062 8.31392 7.80171 7.13805 5.65007 5.5836 4.70622 9.225 4.53305 4.26529 6.54711 4.9865 3.54738 3.49981 3.4587 3.1964 3.09661 3.2321 2.46014 4.22846 2.26977 2.38225 2.2289 2.09247
threshold=0.092415619838413912 -0.39092250917199894 0.11629392630626693 0.53948608890160543 -0.48573192854616987 -0.93037642772780915 -0.97505831060294212 -0.89334271502080653 -1.3152420951152932 1.1110241472199189 0.6808686253697529 -1.3576383436265611 -1.4829235062602291 -1.4478157508755001 -0.49788046436624273 -0.43797190448600692 -0.41179469819859527 -1.5592339359583953 0.28493330158659624 0.1190157201694441 -0.26761751293013808 -1.8062125896886265 -0.13036439411240175 -1.0255217855991907 1.2131490242167586 0.88002250405821625 -1.0957520158912357 -0.13036439411240175 -1.2783545853904756 -0.34916715764121181 0.1190157201694441 0.67870383561641567 -0.96658852314749855 -0.21229487713230522 -0.73029317720145592 0.28618367488027746 -0.4069498512925388 1.1190247459948086 -0.34916715764121181 0.57354048463385998 0.62292798672448091 0.11752195757100528 -1.8946910681903189 1.0091012642859416
decision_type=2 2 2 2 2 2 2 2 2 2 2 2 2 2 2 2 2 2 2 2 2 2 2 2 2 2 2 2 2 2 2 2 2 2 2 2 2 2 2 2 2 2 2 2
left_child=1 4 22 -4 5 6 12 8 11 10 14 21 -1 29 32 17 -17 -6 -16 24 36 42 38 -15 26 -22 -18 -28 -8 31 -31 -14 -9 -12 -7 -21 -11 -38 -2 -40 41 -30 -5 -3
right_child=2 43 3 7 15 34 28 9 -10 20 33 -13 13 23 18 16 19 -19 -20 35 25 -23 -24 -25 -26 -27 27 -29 40 30 -32 -33 -34 -35 -36 -37 37 -39 39 -41 -42 -43 -44 -45
leaf_value=-0.040197394585157052 -0.06519082499076774 -0.033027727510066565 -0.036749939430528393 -0.056266967504672166 -0.077967986990432725 -0.046723979756458672 -0.086749330807467467 -0.096343640687734891 -0.038640083729409989 -0.077541130087934645 -0.037486731724344947 -0.078191888335130716 -0.051025617255669918 -0.062371862651807511 -0.072273091986202992 -0.088258919444117748 -0.072953879047141096 -0.04907342650178529 -0.052494507058130475 -0.083614506533525382 -0.073781621629541425 -0.039581450340637279 -0.085588583061183762 -0.03776079979272981 -0.073974034766922797 -0.052920030689954871 -0.042443808536590452 -0.066651367064542305 -0.07055106185593199 -0.088168739933133469 -0.067474024350363829 -0.072810884882162696 -0.075286936258524381 -0.05675259101539732 -0.032003034185269785 -0.069986351739841482 -0.092169611953293817 -0.073503062532575297 -0.084185023380532811 -0.066475528962408104 -0.061520411046874814 -0.082150333962769884 -0.070242119157324909 -0.047534384413995559
leaf_weight=22.217708677053452 8.5096701979637164 44.078021317720413 39.707822799682617 5.8838230669498452 4.7569318413734463 13.600009381771086 5.7317880392074576 4.3208439946174622 16.123176008462906 17.827492922544479 7.7015176713466644 16.881974011659622 5.8691544234752673 5.1930196881294277 18.023533880710605 11.943669855594633 4.9823100864887229 12.909206002950667 13.163921535015104 10.488719880580904 14.001411348581316 6.3052422702312461 34.346722304821014 20.792095988988876 9.0191012620925886 4.6982572674751273 9.5925554931163788 9.9352828860282933 29.384429454803467 6.4519287049770382 13.251933395862578 6.1678758859634399 5.46240386366844 7.5348140001296979 24.471491128206253 9.9499515295028669 13.638666719198229 3.7967442870140067 8.8230603039264661 6.8586792647838584 5.8984917104244223 5.9571662843227378 7.8188668191432962 8.6763738691806775
leaf_count=55 27 101 95 17 17 36 22 18 39 63 18 60 16 16 61 46 17 35 37 39 48 15 129 50 31 13 24 32 98 25 43 21 19 22 55 33 54 13 33 22 18 22 26 23
internal_value=-0.0593107 -0.0547983 -0.0645451 -0.059996 -0.0590882 -0.0543693 -0.0598522 -0.0657927 -0.0570783 -0.0700603 -0.0625478 -0.0656474 -0.0521325 -0.0570775 -0.0690972 -0.0684739 -0.071729 -0.0568664 -0.0636723 -0.0678763 -0.0779027 -0.0552171 -0.0802509 -0.042332 -0.0622107 -0.0680148 -0.0579108 -0.0541232 -0.0730897 -0.0695625 -0.0746307 -0.0616245 -0.0856663 -0.0459066 -0.036694 -0.0771521 -0.0831192 -0.0883315 -0.0724974 -0.0765575 -0.0709447 -0.0727021 -0.0637221 -0.0350645
internal_weight=562.748 301.319 261.429 202.891 248.565 164.987 126.916 163.183 53.0131 110.17 56.207 36.8899 79.9437 57.726 40.9707 83.5777 65.9116 17.6661 31.1875 53.9679 53.9626 20.0079 58.5381 25.9851 33.5292 18.6997 24.5101 19.5278 46.9719 31.7409 19.7039 12.037 9.78325 15.2363 38.0715 20.4387 35.2629 17.4354 24.1914 15.6817 41.2401 35.3416 13.7027 52.7544
internal_count=1704 875 829 618 751 477 386 523 157 366 175 118 226 171 135 274 222 52 98 176 191 58 211 66 104 61 73 56 160 105 68 37 37 40 91 72 130 67 82 55 138 120 43 124
is_linear=0
shrinkage=0.176473


Tree=1
num_leaves=40
num_cat=0
split_feature=13 13 13 13 13 13 13 13 13 13 13 13 0 2 0 15 15 15 0 0 17 7 2 7 17 15 2 7 2 15 0 2 0 2 2 0 17 0 0
split_gain=34.9852 44.7261 37.0309 41.0049 26.1565 49.626 71.8197 32.4293 26.3299 22.2528 15.38 16.0022 13.9198 12.7495 12.6678 12.0597 10.4151 12.9905 7.95314 9.13103 7.11821 14.9835 8.02138 7.56391 6.98587 6.33931 6.16847 7.54528 4.88467 4.80339 3.99204 3.65011 3.61165 5.51217 3.56276 2.99759 2.7863 2.56823 2.19033
threshold=0.67352918547239604 0.18735428736312462 0.73996352983101021 1.2802428881585668 0.12463438508862672 -0.4038481803236359 -0.44498648622977582 -0.93482423694977224 -1.0247145952099328 -1.5175961248599694 1.3186297554838797 1.4542584810274992 0.21358214612304297 -0.43797190448600692 -1.3576383436265611 -1.5634092688864303 0.78620787750880461 0.21665654945931132 0.77682473909133265 0.58929110446304123 0.48615754283384488 1.0316381884685504 1.1336906641472468 -0.11473505533296872 1.0000000180025095e-35 0.21665654945931132 -0.23298537028476382 0.10975706181260961 0.086563618832801587 -0.78883087872956315 -1.0000000180025095e-35 1.2131490242167586 -0.89334271502080653 0.67870383561641567 -0.34883233161861454 0.58929110446304123 0.92504046582021371 -0.34476943295944301 0.58929110446304123
decision_type=2 2 2 2 2 2 2 2 2 2 2 2 2 2 2 2 2 2 2 2 2 2 2 2 2 2 2 2 2 2 2 2 2 2 2 2 2 2 2
left_child=1 4 28 12 5 6 7 8 9 13 29 -12 -4 -1 24 -3 17 20 19 -10 22 30 23 -6 -13 -8 -19 -28 36 -5 -22 32 -30 -34 -20 -27 -2 -25 -9
right_child=2 15 3 10 16 -7 25 38 18 -11 11 14 -14 -15 -16 -17 -18 26 34 -21 21 -23 -24 37 -26 35 27 -29 31 -31 -32 -33 33 -35 -36 -37 -38 -39 -40
leaf_value=0.018665196492855703 -0.01817645745480519 0.0023204772099005727 0.025418193357293849 -0.013954402011117613 -0.018750830953589044 0.026510044638306966 -0.011996513203867736 0.032506471898251101 0.0047835392249110298 0.03164375861322926 0.023197389982312994 -0.0038155985401620799 0.00054967789886298506 0.0036438174094693991 -0.018134957011001533 0.02791620384906485 0.014293060958188485 -0.020070024509870627 0.0030515573481898822 -0.012091764478357506 0.024390973106376671 -0.0095746506919294622 0.015319476593369203 0.007147429515745954 0.016569817224125434 0.0020928090005664941 -0.013178640346779617 0.0081690678637435371 -0.010154836420854914 -0.0016048328323878683 0.0078374726187935076 -0.010709158368658555 -0.0041220406675458168 0.010031911880735801 0.015461175764681551 -0.0079121483427881858 -0.0057625884750245986 -0.0058702383007997114 0.020810565755443079
leaf_weight=28.823766425251961 9.7358811348676699 5.0631883442401877 33.634675621986389 11.150176361203192 6.4151802361011532 49.157748177647591 24.655440509319305 19.127084076404572 16.373624309897423 17.922161862254143 11.51339143514633 6.7202124297618857 6.5162732452154151 26.917912647128105 5.5063936412334469 47.412717998027802 13.897429347038267 8.077744275331499 12.322064012289049 13.782793745398523 9.6851546168327367 5.9590628147125235 4.7417431920766822 7.090953007340433 8.7872855514287931 20.508269831538204 7.8605302423238737 6.8520459085702896 6.3824434429407075 22.463679507374763 6.8799258023500451 10.456885725259779 14.154139608144764 11.539816498756409 10.452365055680273 10.42384324967861 9.401129022240637 6.1733654886484146 13.429376661777495
leaf_count=77 39 16 80 43 26 116 93 41 52 39 28 23 21 86 22 110 40 33 40 52 24 22 13 22 24 68 30 21 24 77 21 39 50 35 29 38 34 22 34
internal_value=0.00954471 0.0120643 0.00351751 0.00909948 0.00998438 0.0124007 0.00908551 0.0144263 0.0107193 0.0167299 0.00145375 0.0090222 0.0214296 0.011564 0.000709171 0.025486 0.0023178 -0.000209574 0.00223294 -0.00303306 0.00449263 0.0106906 -0.00136921 -0.00585788 0.00794855 -0.0061884 -0.00972137 -0.0033362 -0.00609838 -0.00591835 0.0181392 -0.00304177 -0.000339767 0.0023403 0.0090573 -0.00139945 -0.0125238 0.00107417 0.0282499
internal_weight=567.968 400.005 167.962 106.292 347.53 263.896 214.739 159.151 126.595 73.6638 66.1411 32.5273 40.1509 55.7417 21.0139 52.4759 83.6331 69.7357 52.9308 30.1564 46.9454 22.5241 24.4212 19.6795 15.5075 55.5876 22.7903 14.7126 61.6703 33.6139 16.5651 42.5333 32.0764 25.694 22.7744 30.9321 19.137 13.2643 32.5565
internal_count=1704 1165 539 318 1039 765 649 450 375 202 217 97 101 163 69 126 274 234 173 104 150 67 83 70 47 199 84 51 221 120 45 148 109 85 69 106 73 44 75
is_linear=0
shrinkage=0.0156852


Tree=2
num_leaves=34
num_cat=0
split_feature=12 12 12 12 12 12 12 12 12 13 13 3 9 5 5 9 3 5 13 9 9 13 5 3 5 12 5 3 3 9 3 3 3
split_gain=44.6017 60.1735 105.554 57.337 60.0984 37.1227 19.9604 20.8834 22.408 8.24779 9.04559 16.1034 8.04793 9.67709 6.18861 7.81666 7.27923 5.06444 4.73089 4.499 4.3222 3.89787 3.88827 4.9344 3.59428 2.65897 2.50748 2.39941 4.08509 2.27814 2.2138 2.0336 2.50426
threshold=0.28748883168419687 0.20280095128553202 -0.49395905419048175 -0.54697953407266342 -1.1490283004266255 1.0155540191446282 1.1237326620490504 1.7331623732449384 1.8681926915919886 0.24896931508250961 0.56766328695231139 -0.41885127537106792 0.99460176577829251 -1.0084037297334967 -0.43507546212187664 0.57354048463385998 0.072813342042342036 0.69186456867094337 -1.0247145952099328 -0.34916715764121181 1.4713679533524111 -0.44498648622977582 1.2195018326907932 -0.41885127537106792 1.2195018326907932 2.5864779786866507 -0.23144863492725795 1.0403343603006598 1.9301714619220829 0.20239802304550458 -0.79400040430519903 0.35570979058130864 1.4685479954427281
decision_type=2 2 2 2 2 2 2 2 2 2 2 2 2 2 2 2 2 2 2 2 2 2 2 2 2 2 2 2 2 2 2 2 2
left_child=1 2 3 4 9 26 17 -8 18 12 -11 -12 13 -1 16 -16 -5 29 -9 -19 -13 -20 23 -3 -21 -10 -2 -18 -29 -7 -24 -25 -33
right_child=5 22 -4 14 -6 6 7 8 25 10 11 20 -14 -15 15 -17 27 19 21 24 -22 -23 30 31 -26 -27 -28 28 -30 -31 -32 32 -34
leaf_value=0.014736607734626041 0.019371876800813113 0.0014598612712209693 0.030240544416455486 0.01152794189012332 0.028244800408478654 0.0054269444819679191 0.034282074781853404 -0.011254403441292936 0.033772175601248636 0.026010742825250018 -0.018472781500365507 0.0093934139805145565 -0.026946193348204202 -0.01645979127349698 -0.015026927280456204 0.00013590778867767319 -0.013583640667123751 0.0052508106527804667 0.013512852321560588 -0.018010639808730779 -0.0023453542779774865 -0.0055496704472863447 -0.0055189027433540077 -0.012280111012873862 0.00045019831301139438 0.017381412353003726 0.032190292182433466 0.0045024098409212924 -0.014295530371348312 0.016970552834592267 -0.022922484849139748 0.00012828962006215247 -0.014242444139201699
leaf_weight=6.4653292596340188 10.941830828785895 22.157063260674477 70.919628143310547 10.65506301820278 49.447694927453995 20.187850162386898 20.293232589960098 9.136075437068941 8.4491645097732562 6.0622544437646857 9.1196450442075712 51.415309548377991 4.7827939987182608 5.6932753026485452 40.838791146874428 16.425365120172501 8.9835070520639437 14.482877492904665 7.795989602804184 6.8635157197713834 13.366138428449629 5.8826877623796445 4.462432399392128 28.070149555802345 6.8482228219509125 11.076787337660788 47.441048830747604 11.230864107608797 5.181880146265029 8.3679918795824033 7.5093839019536954 13.90217934548855 5.1755888909101477
leaf_count=18 28 74 163 32 116 64 44 33 18 14 35 156 20 22 157 56 34 46 23 27 45 21 16 105 23 30 106 37 20 23 31 47 20
internal_value=0.0101925 0.00665482 0.0103891 0.00443466 0.0116933 0.0179271 0.011842 0.0190331 0.0112395 0.00309019 0.00559301 0.0036551 -0.00845214 -8.21874e-06 -0.00695301 -0.0107269 -0.000874622 0.00375174 -0.00138399 -0.00184546 0.0069655 0.00542691 -0.00757497 -0.00576115 -0.00923744 0.025457 0.030054 -0.00626716 -0.00183727 0.0091689 -0.017114 -0.00912519 -0.00419573
internal_weight=569.632 391.864 310.588 239.668 146.352 177.767 119.384 62.6339 42.3407 96.9047 79.9633 73.9011 16.9414 12.1586 93.3155 57.2642 36.0513 56.7505 22.8148 28.1946 64.7814 13.6787 81.2768 69.305 13.7117 19.526 58.3829 25.3963 16.4127 28.5558 11.9718 47.1479 19.0778
internal_count=1704 1218 925 762 426 486 352 169 125 310 250 236 60 40 336 213 123 183 77 96 201 44 293 246 50 48 134 91 57 87 47 172 67
is_linear=0
shrinkage=0.0186546


Tree=3
num_leaves=45
num_cat=0
split_feature=20 19 19 8 19 19 19 8 8 8 8 8 8 15 8 19 20 3 15 3 9 3 3 15 19 3 15 15 19 8 9 9 19 20 15 9 9 9 3 15 19 15 15 20
split_gain=24.9272 16.7799 15.7338 22.6079 33.7453 27.0842 22.8617 21.3397 18.8153 19.1567 13.3532 19.4227 27.6894 10.0572 9.45171 9.5538 9.0828 8.47103 7.60223 7.26355 7.29261 7.15129 9.6572 7.08025 6.57822 6.49139 6.26396 6.23192 6.19649 9.54549 6.00836 7.90523 5.83449 5.62727 5.69687 7.49747 3.65722 3.44422 3.078 4.58967 2.95922 2.84026 2.82249 2.31198
threshold=1.1110241472199189 -0.89334271502080653 -1.3152420951152932 0.42553355490659567 0.68650326985006238 1.096262787866437 1.1752502371343501 0.048939682998566818 -1.5006197890827797 -1.9444072026060437 1.0000000180025095e-35 -0.46324082726352217 -0.49855942104084622 1.1199777402796842 -0.78214901601283027 -0.89334271502080653 -0.97505831060294212 0.71778927046898822 -1.1202900350009937 -0.85170420315479034 -1.3020693284229601 -0.45310241126949052 -1.614421224236197 0.78620787750880461 -1.2288379138832479 -1.8792175071553363 -0.46383963752578738 -1.1531935327587746 1.5963437751240821 1.5018187030574215 0.78555081557534645 1.3099103317391421 -1.4161588957338955 0.17372689560907117 0.82648706788759574 -0.34916715764121181 -0.41059181364277192 -0.90879232048880942 -0.79400040430519903 0.21665654945931132 -0.118726991825229 0.21665654945931132 -1.0570757071946342 0.53948608890160543
decision_type=2 2 2 2 2 2 2 2 2 2 2 2 2 2 2 2 2 2 2 2 2 2 2 2 2 2 2 2 2 2 2 2 2 2 2 2 2 2 2 2 2 2 2 2
left_child=2 24 8 7 17 -6 16 10 9 -1 11 12 14 26 15 -4 -7 21 27 20 25 22 -5 43 32 -8 -14 -12 -21 -30 36 -32 -2 34 35 -20 37 -3 -24 -40 -38 -10 -34 -23
right_child=1 30 3 4 5 6 19 -9 41 -11 18 -13 13 -15 -16 -17 -18 -19 33 28 -22 23 38 -25 -26 -27 -28 -29 29 -31 31 -33 42 -35 -36 -37 40 -39 39 -41 -42 -43 -44 -45
leaf_value=-0.0042619390935206784 0.0098898731943303508 -0.0099883864929234158 0.01744769960395668 -0.014950247030540475 0.020989267036248004 0.005889672583439207 0.016428530234622565 0.020543783487004565 -0.015366618320431921 0.02258095914389642 0.0052586836605904436 0.020494759751686738 0.002080003894788904 0.013544872795131221 0.020759968782711403 0.0051090012961633059 -0.010240705245712772 0.014067684184520797 0.010644178681069724 0.014822500191944888 0.021119879263993918 -0.013658728840459086 0.0077913739717155187 0.0027281738465592268 0.017939759203560501 -0.0031542293789784638 -0.0098964520288586742 -0.015388761865683004 -0.0085028662679975629 0.0096524989096158399 0.011197288510978851 -0.0086983542474742079 -0.0099131503144551901 0.014414762317052902 0.011781313351049537 -0.0035912998278903223 -0.013091989301378591 0.0034034639731828982 0.0078206699314732984 -0.0056161381734009244 -0.0021051985396578054 -0.0037695757236093901 0.0026185028936013478 -0.0030599519107375353
leaf_weight=10.003006488084795 13.494141638278961 4.9273866266012183 19.409373760223389 5.3877649605274192 29.565122097730637 9.5609957724809664 5.3002945631742477 40.1562340259552 9.9673273414373416 8.7132546305656415 4.2920669615268707 36.561934217810631 16.103731036186218 6.8824539184570304 24.447173267602921 30.725859239697456 17.51956470310688 5.0043499618768683 9.1506046801805443 8.5150927454233187 16.909753918647766 18.906347349286083 16.161913931369778 8.6027204245328885 7.767244264483451 6.0852281451225299 15.492338955402376 5.4249291419982892 9.3508290350437182 10.908758476376532 8.0538762807846052 5.7108971774578086 5.1064514964818946 11.699560761451719 11.409528926014898 22.249454602599151 19.1859090924263 8.9075872153043729 7.0920856148004594 11.247209936380385 6.3785291612148312 7.2598050981760016 7.2206873297691354 5.4179171025753012
leaf_count=35 38 19 46 22 67 29 13 91 41 19 13 83 54 19 55 96 66 13 27 21 39 75 48 27 18 20 59 22 34 30 23 21 20 31 32 79 77 29 21 41 22 26 24 19
internal_value=0.0067756 -2.4744e-07 0.00799502 0.00869929 0.00510521 0.00984802 0.005777 0.011386 -0.000722668 0.00861538 0.00959754 0.0118421 0.00892229 -0.000538572 0.0137598 0.0100841 -0.00451586 -0.0018548 0.00429083 0.0106572 0.0155395 -0.00309849 0.000818233 -0.00775396 0.00749042 0.00647074 -0.00388421 -0.00648295 0.00558303 0.00127398 -0.00478016 0.00289032 0.00391487 0.00627963 0.00383573 0.000725418 -0.0074732 -0.00166983 0.00357555 -0.000299256 -0.0104807 -0.0108234 -0.00283276 -0.0114495
internal_weight=568.237 86.7527 481.485 445.541 191.536 113.716 84.1505 254.005 35.9434 18.7163 213.849 149.623 113.061 38.4785 74.5824 50.1352 27.0806 77.8203 64.2261 57.07 28.2953 72.816 39.889 32.927 33.5885 11.3855 31.5961 9.717 28.7747 20.2596 53.1642 13.7648 25.8213 54.5091 42.8096 31.4001 39.3994 13.835 34.5012 18.3393 25.5644 17.2271 12.3271 24.3243
internal_count=1704 291 1413 1292 585 319 252 707 121 54 616 412 329 132 197 142 95 266 204 157 72 253 132 121 100 33 113 35 85 64 191 44 82 169 138 106 147 48 110 62 99 67 44 94
is_linear=0
shrinkage=0.0137377


Tree=4
num_leaves=37
num_cat=0
split_feature=17 16 16 16 16 6 6 6 6 1 9 6 6 9 9 17 1 9 16 16 1 17 9 17 17 6 6 1 1 6 9 17 16 17 9 1
split_gain=18.7599 15.3328 45.2971 33.1331 55.9159 9.12568 7.8867 15.5461 9.64888 10.3924 9.79517 8.73952 7.57802 6.93376 21.9947 6.10563 5.81424 15.3085 11.2388 12.2542 6.91878 4.92374 7.03527 4.73331 6.93369 4.64876 14.3935 5.8622 4.58241 4.25661 6.48962 5.8418 4.01204 3.61501 2.92882 2.0874
threshold=1.8820887824532846 -0.18473394709489996 -0.70482724793501983 -0.15873613146916291 0.3439896182440651 0.9813679011697809 -0.12330147066940911 0.30024969913377902 -0.28926070127903797 0.11752195757100528 0.66645693193159439 -0.71385796343355146 -0.73906795886846166 -0.32678568911673378 -0.34916715764121181 -0.13036439411240175 -0.7513692586336308 -0.32678568911673378 -1.8381616299874666 -1.3593660283637943 -0.3899351112871326 -1.0957520158912357 -0.34916715764121181 -0.13036439411240175 -0.96658852314749855 0.94460937826905134 0.90478729919658407 0.25864112425576186 1.9793315591261804 -0.73906795886846166 1.1190247459948086 -0.72939701157122128 -1.2983120440966671 0.69351169686856318 0.54888880622776204 -0.21862644478704787
decision_type=2 2 2 2 2 2 2 2 2 2 2 2 2 2 2 2 2 2 2 2 2 2 2 2 2 2 2 2 2 2 2 2 2 2 2 2
left_child=1 2 5 29 -5 16 8 -8 9 -6 23 12 -11 14 15 -9 21 32 33 -20 -21 -1 -23 24 -10 26 -15 -27 -2 -3 31 -31 -18 -19 -25 -34
right_child=28 3 -4 4 6 -7 7 13 10 11 -12 -13 -14 25 -16 -17 17 18 19 20 -22 22 -24 34 -26 27 -28 -29 -30 30 -32 -33 35 -35 -36 -37
leaf_value=-0.00032851268956098317 -0.0043459396621118975 0.0094263485065949337 0.026955783743126297 0.026318858312109766 0.025286236929558649 0.027492436939979565 0.02290280360840213 0.010469257354912921 -0.016920705936987877 0.0051107556641850462 0.0083635599758573216 0.018037859400471947 -0.017963551670670708 0.012258508469876223 -0.015117196212229076 -0.0013564077103716127 -0.013185181218784417 -0.020078863772505746 0.030573816892123112 0.023350938011182522 0.0052702603319490738 0.021886670633855226 0.00087838290485166097 -0.025837969620482466 0.0084899593192348452 0.0073552346558132089 -0.011537091757163682 0.02972965048773641 -0.025256597395284599 0.002153737931634037 0.0088314175602725344 -0.01234051414596748 -0.0054381148578761893 0.0022130181576128973 -0.006475315039875534 0.0070136005002934812
leaf_weight=7.2813036292791358 13.730888709425928 5.1436941027641288 54.029802560806274 50.641393586993217 7.1684168875217464 6.386369287967681 18.298063695430756 46.541256070137024 6.1171712875366211 9.7834309935569816 9.9710496515035612 6.5201837420463518 7.8250487595796612 35.729788973927498 18.665590226650238 20.632294908165932 14.443980455398561 4.5527363866567594 8.6163962185382754 7.5388230681419293 49.623650968074813 19.509385257959366 7.1527573615312603 8.3964532315731066 6.5518006384372693 8.7891832739114744 10.24947217106819 7.1612437069416037 4.0250654369592658 11.63807889819145 7.027800351381301 39.854506716132164 9.8463984578847903 4.0453357696533203 4.4506970643997184 6.8537862598896018
leaf_count=23 47 16 122 115 17 15 43 136 24 30 30 16 32 105 74 70 54 18 18 19 156 48 23 37 20 26 39 16 17 38 22 153 35 13 16 21
internal_value=0.00817646 0.00877847 0.0128051 0.00643663 0.00910316 0.00744701 0.00528225 0.00740188 -1.32834e-05 0.0072645 -0.00645702 0.00128482 -0.00545538 0.00536986 0.00198189 0.00685662 0.00637371 0.00420509 0.00867337 0.0112401 0.00794497 0.0128653 0.0164069 -0.0123485 -0.00407177 0.00998139 0.00684114 0.0182947 -0.00992045 -0.00539964 -0.00682655 -0.00907386 -0.0064115 -0.0101709 -0.0198352 -0.000253995
internal_weight=564.793 547.037 199.881 347.157 283.493 145.851 232.851 166.067 66.7843 31.2971 35.4872 24.1287 17.6085 147.769 85.8391 67.1736 139.465 105.521 74.3769 65.7789 57.1625 33.9434 26.6621 25.5161 12.669 61.9297 45.9793 15.9504 17.756 63.6641 58.5204 51.4926 31.1442 8.59807 12.8472 16.7002
internal_count=1704 1640 565 1075 846 443 731 509 222 95 127 78 62 466 280 206 428 334 224 193 175 94 71 97 44 186 144 42 64 229 213 191 110 31 53 56
is_linear=0
shrinkage=0.0182449


Tree=5
num_leaves=39
num_cat=0
split_feature=13 13 13 13 13 13 13 13 13 13 11 10 15 1 13 13 4 15 10 13 15 1 1 1 15 4 1 1 11 11 10 13 10 13 11 1 1 4
split_gain=18.4216 20.9479 18.0079 20.7626 12.7052 26.8166 35.619 17.2604 14.0456 13.0313 11.0868 10.6641 9.11564 8.20717 10.1044 6.15868 5.9831 5.82328 5.26188 5.10158 4.90849 4.61735 4.61333 8.42626 3.96631 3.85284 3.76534 5.06734 3.72344 3.66744 3.46369 4.12321 5.62801 4.53663 3.10219 2.41236 4.14308 2.21011
threshold=0.67352918547239604 0.18735428736312462 0.73996352983101021 1.2802428881585668 -0.44498648622977582 -0.4038481803236359 0.12463438508862672 -0.93482423694977224 -1.0247145952099328 -1.5175961248599694 0.69186456867094337 1.1278497561598588 -1.5634092688864303 0.25864112425576186 1.3186297554838797 1.408821052338818 -0.11699220767690757 1.1199777402796842 -0.88812436710442799 1.4542584810274992 -0.78883087872956315 -0.37532101958436809 0.11752195757100528 -0.5282432083259051 -0.78883087872956315 -0.82985204614009767 -0.7513692586336308 0.28493330158659624 -1.0084037297334967 0.15654279280375061 -1.1977297203696848 -1.6761004827294919 -1.0000000180025095e-35 -2.6949366935956562 -0.84952538589301829 0.11752195757100528 -0.37532101958436809 1.1982352979154836
decision_type=2 2 2 2 2 2 2 2 2 2 2 2 2 2 2 2 2 2 2 2 2 2 2 2 2 2 2 2 2 2 2 2 2 2 2 2 2 2
left_child=1 4 16 11 7 18 -7 8 9 30 22 -4 -3 15 20 21 -2 25 -6 -16 -15 -5 23 -8 -24 -12 37 35 -18 -30 -1 33 -33 -32 -14 36 -28 -10
right_child=2 12 3 13 5 6 10 -9 26 -11 17 -13 34 14 19 -17 28 -19 -20 -21 -22 -23 24 -25 -26 -27 27 -29 29 -31 31 32 -34 -35 -36 -37 -38 -39
leaf_value=-0.0025973989221673723 -0.015157717001833118 -0.00292422547687394 0.027785466218441822 0.013531957666424493 0.0074637164881866582 0.027565740195958224 -0.00023563319302244496 0.030350854840528831 0.01470562141460933 0.034925508842143967 -0.00011911853794190644 -0.0028915235239483725 0.013196430742899916 -0.021302954764960781 0.028027184176199794 -0.033601824981545049 0.013159665312183096 0.012588101696058424 -0.011221858911179439 0.006877455323751485 0.0027891634854088827 -0.012333443550046373 0.012098004832475596 0.02643200461303101 -0.0044087929499791066 -0.022830109265987907 -0.013067812417107482 0.017046169464555835 -0.011375964974310279 0.0069206209748769176 0.0020032470732514076 0.016594944960878648 -0.006172760837140411 0.025722782949155955 0.032075262877533733 -0.019547323101797628 0.006503333447542111 -0.0021888723141718944
leaf_weight=7.6939796507358542 27.59465791285038 5.1205603182315818 32.36554080247879 4.8726931810379037 9.5992299169301969 48.519190266728401 11.411683678627016 32.13125479221344 13.560167089104654 17.617795616388321 5.7117389887571379 7.4802273362874976 7.1073510795831671 7.1890742480754879 9.7922715246677416 4.4728360474109641 7.6735003292560569 4.0484082996845236 44.752605870366096 17.260602086782455 10.830952867865561 10.860238119959831 12.010737448930739 14.44599875807762 20.926195412874222 13.841278299689293 11.027512803673746 4.9729204028844824 15.898070499300959 8.8256997764110547 5.7923632562160519 12.586132586002352 10.25731545686722 19.645103603601452 39.709539011120796 5.8193964213132849 11.37023212015629 5.7630564719438544
leaf_count=25 108 16 77 15 31 116 39 75 39 39 20 24 19 30 23 19 24 12 168 53 36 41 36 38 72 57 41 14 60 29 18 36 35 49 91 23 37 19
internal_value=0.00960231 0.0123583 0.00297614 0.00882702 0.0102064 0.00598075 0.0117341 0.0151 0.0110504 0.0176334 0.00224156 0.0220407 0.0262244 0.000598251 0.00616671 -0.0115961 -0.00726001 -0.0111519 -0.00784455 0.0150932 -0.00728141 -0.00405435 0.00769121 0.0149787 0.00176272 -0.0164228 0.00170183 -0.00311027 -0.000348288 -0.00481759 0.0117842 0.0140859 0.00651314 0.0205004 0.0294496 -0.00705291 -0.00325371 0.00974053
internal_weight=560.558 395.442 165.116 105.124 343.504 185.267 130.915 158.237 126.106 73.5927 82.396 39.8458 51.9375 65.2787 45.0729 20.2058 59.9919 23.6014 54.3518 27.0529 18.02 15.7329 58.7946 25.8577 32.9369 19.553 52.5133 33.1901 32.3973 24.7238 55.9749 48.2809 22.8434 25.4375 46.8169 28.2171 22.3977 19.3232
internal_count=1704 1165 539 318 1039 589 390 450 375 202 274 101 126 217 142 75 221 89 199 76 66 56 185 77 108 77 173 115 113 89 163 138 71 67 110 101 78 58
is_linear=0
shrinkage=0.0235611


Tree=6
num_leaves=34
num_cat=0
split_feature=13 14 14 14 14 14 13 13 1 14 14 0 14 0 1 13 0 5 14 13 13 13 0 13 1 5 5 1 0 13 13 13 1
split_gain=18.9261 23.6793 34.102 33.3632 27.5357 32.1068 18.2273 20.8585 18.0502 15.2181 37.3371 13.1062 10.3154 9.0006 7.91766 9.60232 6.86786 6.60169 6.58787 5.33397 5.15948 5.13576 4.87651 4.84379 3.91074 3.82726 3.63339 3.92578 2.79983 2.75244 3.62741 2.22978 2.17124
threshold=0.67352918547239604 0.26160392451939263 -0.45773049097128432 -0.52401811727297753 0.3295906199428984 0.96968499839693922 0.73996352983101021 1.2802428881585668 0.11752195757100528 1.1363373556406191 1.7724413147135019 1.722409564761908 1.9430900739760919 0.022575182793238936 0.25864112425576186 1.3186297554838797 1.0091012642859416 0.69186456867094337 -1.1079474925031649 1.408821052338818 0.36759071089839468 0.12463438508862672 -0.16734986289592171 1.4542584810274992 -0.37532101958436809 -0.23144863492725795 -1.0084037297334967 -0.37532101958436809 -0.34476943295944301 -0.75730055989028566 -1.0247145952099328 0.12463438508862672 0.11752195757100528
decision_type=2 2 2 2 2 2 2 2 2 2 2 2 2 2 2 2 2 2 2 2 2 2 2 2 2 2 2 2 2 2 2 2 2
left_child=1 2 3 18 17 20 26 13 31 21 -11 12 -12 -8 19 -16 -14 -3 22 24 -6 29 32 -17 -9 -20 28 -28 -2 30 -7 -5 -1
right_child=6 4 -4 8 5 9 7 14 -10 10 11 -13 16 -15 15 23 -18 -19 25 -21 -22 -23 -24 -25 -26 -27 27 -29 -30 -31 -32 -33 -34
leaf_value=0.0085970828194075043 -0.0047046618980659894 0.00074937728185626605 0.021385766325264149 0.0080436386501096958 0.020566930430630636 0.0030823942669642819 0.017771868024711267 0.0074611170410144294 -0.013788687723810185 0.023926545100521047 -0.0161811545818259 0.013121644171710379 0.012541735596798463 0.00065338447346760498 -0.0043550305255582447 0.017451287631924963 -0.0093384202338485742 -0.008459846672922695 0.0085661458409258904 -0.020225643998292755 0.0057819568648217485 -0.014091207805752713 0.013498817202867901 0.0044003711980717918 -0.0075244807239971088 0.021004615926051459 0.0022378623901218421 -0.0081732771353043385 0.0098519545855046114 0.0042912335540379199 -0.0077072323753876589 -0.00021761100494747799 -0.0030693446929173315
leaf_weight=4.9905863702297237 4.640743300318718 45.165829345583916 58.296668767929077 18.024483680725098 40.096933811903 11.263297870755196 31.201307877898216 4.9796479195356378 17.688795447349548 21.643247053027153 11.950611874461176 9.425977870821951 6.4599176496267301 8.630780562758444 17.902706071734428 9.7866866439580935 4.813964381814003 27.032967537641525 8.5839733779430372 4.3513354510068885 6.7423971444368354 6.1053264439105979 18.110245659947395 17.268482252955437 10.826762109994888 28.067693516612053 9.5827188044786435 40.101914197206497 5.6034877747297269 16.866790056228638 15.664521291851997 11.639820918440821 8.1851847916841489
leaf_count=14 17 153 133 56 92 35 74 15 70 47 48 24 17 27 66 23 17 101 23 19 19 24 49 53 41 64 32 155 17 53 58 40 28
internal_value=0.00627439 0.00803555 0.0121575 0.00737962 0.00479956 0.00840359 0.00201868 0.00574598 -0.00220608 0.0037417 0.00914096 -0.000986502 -0.00698406 0.0141226 0.000516615 0.00397958 0.00315455 -0.00274851 0.0140092 -0.00707092 0.018543 -0.00218663 0.00865943 0.00947221 -0.00267158 0.0183119 -0.00449982 -0.00615584 0.00335332 -0.000307385 -0.00322694 0.00486705 0.00161443
internal_weight=561.696 396.819 173.587 115.291 223.232 151.033 164.877 104.948 47.3531 104.194 54.2937 32.6505 23.2245 39.8321 65.1156 44.9579 11.2739 72.1988 67.9377 20.1577 46.8393 49.8999 31.286 27.0552 15.8064 36.6517 59.9289 49.6846 10.2442 43.7946 26.9278 29.6643 13.1758
internal_count=1704 1165 477 344 688 434 539 318 166 323 153 106 82 101 217 142 34 254 178 75 111 170 91 76 56 87 221 187 34 146 93 96 42
is_linear=0
shrinkage=0.0149052


Tree=7
num_leaves=37
num_cat=0
split_feature=3 9 9 9 9 9 15 9 3 9 9 9 19 3 5 15 5 5 5 19 19 3 15 15 5 15 5 15 5 5 3 15 15 15 19 15
split_gain=9.70861 18.3453 21.7999 18.424 17.6989 19.0075 17.3978 15.1405 14.1448 7.73787 7.71896 7.04842 10.8504 9.3247 6.7924 6.03966 5.47606 9.34569 6.22927 5.06163 5.02821 6.314 4.59259 4.29774 3.97181 3.74996 3.47087 3.42687 3.42508 3.09345 2.80719 2.38166 2.37251 3.45673 2.22714 1.93904
threshold=-0.85170420315479034 -0.32678568911673378 0.1190157201694441 -0.34916715764121181 0.20239802304550458 0.54888880622776204 0.21665654945931132 -0.73618266137264743 -1.2195966474792888 2.5506647963744857 -0.90879232048880942 0.66645693193159439 -0.26761751293013808 0.90306323048800963 0.15654279280375061 -1.1202900350009937 1.7771384120218723 0.29947895875098479 1.9101059405008403 -0.94358100105149412 -0.53776115554725412 0.21359510076442345 0.27190375381444459 1.3744408549801841 -0.43507546212187664 0.21665654945931132 -0.23144863492725795 0.86087258127225585 1.0000000180025095e-35 0.4295042956773511 -1.6891796167818998 -0.78883087872956315 0.67211674409850264 1.1199777402796842 -1.1105544697570819 1.5524030795024919
decision_type=2 2 2 2 2 2 2 2 2 2 2 2 2 2 2 2 2 2 2 2 2 2 2 2 2 2 2 2 2 2 2 2 2 2 2 2
left_child=8 3 -3 7 14 -6 -5 10 16 11 22 12 29 34 20 -14 17 24 -18 -15 -4 -22 -2 31 -1 -12 -9 -24 -10 -7 -26 -16 -8 -34 -13 -35
right_child=1 2 4 6 5 9 32 26 28 -11 25 13 15 19 23 -17 18 -19 -20 -21 21 -23 27 -25 30 -27 -28 -29 -30 -31 -32 -33 33 35 -36 -37
leaf_value=0.013357937166638592 0.016087715374780823 0.022768972976828963 -0.0070595291845753118 -0.021435586827077344 0.026394606874685828 -0.0085497204250720334 0.0080526002729618303 0.002679674165871203 0.012949029730778903 -0.016122344564819042 0.0012290514596141828 0.007337319041200145 -0.0079941337256101523 0.014188122109128445 0.00061221358769785069 0.017299829900799077 -0.018088754891433041 0.018390235304197131 0.0087659386944227355 0.0028834008745374021 0.0021050761668395881 0.023683070545474017 -0.01166891006132721 0.010780289442259002 -0.014782806178876806 -0.012193697388187551 0.022489830905778888 0.010442294138326518 0.031394763926739996 0.0074235308532005721 0.0020480074556902665 -0.013012369666965052 -0.011456546841254552 0.012458557413059132 0.02282572212167535 -0.0033388031545417396
leaf_weight=8.0360136926174182 15.192287743091585 43.930672690272331 10.111801713705061 24.517360910773277 26.496394798159599 25.720692127943042 12.520936995744703 4.7133029401302364 7.5232874155044582 4.8819027692079535 17.06954163312912 5.5980451852083197 4.4374791383743313 27.036882802844048 6.7377159446477881 20.158130913972855 5.6686501353979093 34.773175865411758 7.7499452978372574 44.70034296810627 16.567293167114261 8.2170136421918851 5.6085262894630414 4.0256612896919242 5.4351068586111095 17.484866335988045 22.205522507429123 4.7594308853149414 18.603040799498558 5.7496389448642722 12.516738548874853 26.20113568007946 10.008872315287592 5.663501560688017 28.325955256819725 6.1915953010320663
leaf_count=22 43 107 37 104 62 93 42 14 20 19 58 17 16 77 24 56 22 95 23 142 56 21 20 12 20 65 54 14 41 18 40 101 39 17 72 21
internal_value=0.00783003 0.00652376 0.00937616 0.000469165 0.00709452 0.0103478 -0.00840842 0.00649682 0.0136561 0.00768288 0.000658345 0.00848106 0.00250388 0.011613 -0.00166308 0.0125869 0.00888036 0.0114935 -0.00291808 0.00725399 0.00482451 0.00976209 0.00912049 -0.00777149 0.00200941 -0.00567345 0.0191504 -0.00144446 0.0265662 -0.00550037 -0.0034498 -0.0102615 0.00114097 -0.00294727 0.0204621 0.00448948
internal_weight=555.138 454.833 308.897 145.936 264.966 193.105 58.9023 87.0335 100.306 166.609 60.1147 161.727 56.0659 105.661 71.8606 24.5956 74.1796 60.761 13.4186 71.7372 34.8961 24.7843 25.5602 36.9645 25.9879 34.5544 26.9188 10.368 26.1263 31.4703 17.9518 32.9389 34.3849 21.864 33.924 11.8551
internal_count=1704 1421 930 491 823 572 223 268 283 510 200 491 183 308 251 72 222 177 45 219 114 77 77 137 82 123 68 34 61 111 60 125 119 77 89 38
is_linear=0
shrinkage=0.0207102


Tree=8
num_leaves=48
num_cat=0
split_feature=13 13 13 13 13 13 13 13 6 1 11 6 6 16 6 16 9 1 6 1 6 11 9 1 13 11 6 16 11 6 9 9 9 16 16 1 1 11 11 1 13 16 1 6 1 11 16
split_gain=13.774 17.5275 12.9455 15.0374 10.2535 20.4265 27.8586 13.3667 10.5791 9.1233 8.96025 8.9414 7.39415 7.16005 6.50889 6.36768 6.32175 6.16686 10.2235 8.44159 6.97783 6.15551 6.12727 5.95692 5.11752 4.91394 5.84442 4.82307 4.55054 4.30398 4.2475 4.19808 4.08087 3.90518 7.98543 3.88726 8.32036 3.85899 6.03758 3.52771 3.21825 3.12275 2.71137 2.53993 2.40957 2.31532 2.20261
threshold=0.67352918547239604 0.18735428736312462 0.73996352983101021 1.2802428881585668 -0.44498648622977582 -0.4038481803236359 0.12463438508862672 -0.93482423694977224 -0.73906795886846166 -0.82274266399080298 0.69186456867094337 0.30024969913377902 0.30024969913377902 -0.82693949735444183 -0.6532219674978138 -1.2983120440966671 0.28883552720705685 0.25864112425576186 0.94460937826905134 1.2813846115045573 -0.46313619424571861 -1.0626962918903038 1.1190247459948086 -0.67960022125220854 1.408821052338818 -1.0084037297334967 -1.0000000180025095e-35 -0.60489426457140938 0.15654279280375061 -0.12330147066940911 -0.90879232048880942 1.1190247459948086 -0.34916715764121181 -0.34931685826682274 0.3439896182440651 -1.631598455743736 -1.2783545853904756 1.7771384120218723 1.2195018326907932 -1.7706908759183013 0.9914837082236011 1.1333291917304449 0.81094343010822956 0.90478729919658407 -0.5282432083259051 -0.28929899870178516 0.92428928808803279
decision_type=2 2 2 2 2 2 2 2 2 2 2 2 2 2 2 2 2 2 2 2 2 2 2 2 2 2 2 2 2 2 2 2 2 2 2 2 2 2 2 2 2 2 2 2 2 2 2
left_child=1 4 13 16 7 12 -7 8 15 35 29 14 22 -2 -11 28 27 24 19 -19 -21 -3 -6 -16 46 -15 31 -4 -1 33 -14 -27 -32 -8 -35 39 -37 38 -12 -10 -29 42 -23 -28 -31 -38 -5
right_child=2 21 3 17 5 6 10 -9 9 11 37 -13 30 25 23 -17 -18 18 -20 20 -22 41 -24 -25 -26 26 43 40 -30 44 32 -33 -34 34 -36 36 45 -39 -40 -41 -42 -43 -44 -45 -46 -47 -48
leaf_value=-0.0063459739083540235 -0.026202123917353232 0.0024227850793413874 -0.0060890339043346937 0.0031377487860658948 -0.017162995577509065 0.020218502671433974 -0.0082040484586706694 0.022358291948465153 0.012720621008941578 -0.010055277147172149 -0.013516381046328565 -0.018437612560485619 -0.013003396032932045 0.0098924220254507592 -0.0087302528673737882 0.02371167716125492 0.02486623707728753 -0.012339881799027544 0.021637184226680067 -0.003313585121251746 0.018569880604999492 0.028080932764640996 0.0020621394522468955 0.014069656860786907 -0.025912943547215954 -0.021124237327788009 0.0063139835481724636 0.020507766028125967 0.015033268604043545 0.0021551819097640522 0.016476500854593863 0.0004836129124793389 -0.0019499653259964502 0.015563642770429311 -0.0081250110750975563 0.028318995275867377 -0.0048755990777812957 -0.025182766890453841 0.0080368497424923441 -0.0046611120002843032 0.0027034826380738478 0.0097034069835594348 0.013529044754059569 -0.0051191447028986316 0.015162845496221539 0.010074990739539347 -0.01121456888748572
leaf_weight=5.9311759173870078 4.953618809580802 7.1145531088113776 5.9234831035137203 9.2452312856912631 23.457077667117122 46.736673429608345 11.79605896770954 30.840897455811501 6.7514161765575418 10.051701128482813 11.600313052535062 9.5328457653522474 4.47517201304436 8.6599763035774213 5.2842533588409415 20.886608272790909 16.292993292212486 13.732120633125303 9.4343989193439466 11.625777944922445 9.7586656361818331 26.792835026979446 8.4901205599307996 16.78560262918473 4.2318532168865195 11.313415572047232 12.073044434189802 9.8394385278224963 8.4872848093509656 8.2124092131853121 8.1883140504360235 4.786596715450286 9.2790012210607493 12.095778509974481 8.9199132174253446 9.9198561906814593 4.7199749648571059 3.8151024878025046 7.7650585025548926 10.461933165788651 6.5481001585721961 7.7120942175388327 8.8005606383085233 17.341534286737442 17.678678974509239 15.592189207673069 6.3017797321081153
leaf_count=20 22 21 20 31 96 116 42 75 18 37 47 38 17 27 20 51 38 52 24 40 26 61 28 49 19 50 41 24 23 27 24 17 34 35 32 22 16 17 25 36 19 21 23 64 49 45 25
internal_value=0.00679305 0.00880584 0.0019538 0.00615844 0.00715552 0.00396149 0.00821567 0.0108717 0.00790162 0.00421201 0.00123927 -0.00250075 -0.00616272 -0.00535226 0.00255602 0.0169133 0.0157469 0.000285969 0.00433792 -0.000686694 0.00696406 0.01958 -0.0121084 0.00846674 -0.00866316 -0.00309506 -0.00569717 0.00848955 0.00639738 0.00532309 0.00258812 -0.014931 0.00701192 0.000537359 0.00555953 0.0100486 0.0142257 -0.00894327 -0.00489579 0.00243978 0.0138011 0.0223357 0.0248294 -0.000388602 0.0112012 0.00655143 -0.00295506
internal_weight=550.237 388.175 162.062 102.934 337.755 182.51 128.62 155.246 124.405 89.0998 81.8833 41.6544 53.8897 59.1282 32.1216 35.3051 38.604 64.3298 44.551 35.1166 21.3844 50.42 31.9472 22.0699 19.7789 54.1746 45.5146 22.311 14.4185 58.7028 21.9425 16.1 17.4673 32.8118 21.0157 47.4454 30.232 23.1805 19.3654 17.2133 16.3875 43.3055 35.5934 29.4146 25.8911 20.3122 15.547
internal_count=1704 1165 539 318 1039 589 390 450 375 281 274 144 199 221 106 94 101 217 142 118 66 126 124 69 75 199 172 63 43 185 75 67 58 109 67 137 83 89 72 54 43 105 84 105 76 61 56
is_linear=0
shrinkage=0.0197188


Tree=9
num_leaves=28
num_cat=0
split_feature=18 18 18 18 18 18 17 18 18 18 18 18 3 3 18 3 7 7 15 8 3 17 7 8 15 15 3
split_gain=17.4902 33.2934 21.2946 31.8018 27.1576 26.4407 14.7413 15.3994 15.7614 14.1159 18.6909 13.0751 12.2667 9.37746 8.51262 7.08409 6.40094 8.68971 6.27111 4.36977 4.35759 3.65103 4.78763 3.47955 3.26934 3.70044 2.92612
threshold=-0.68494468518227081 -0.33225559409586775 -0.23316328638550854 0.20668945804000563 0.23964254780184691 0.69657992174808581 1.492602085599003 -0.78133156242930946 -1.2090590263126213 0.72953301150992711 1.0928289921517162 -1.3045902155934683 0.71778927046898822 0.90306323048800963 -1.6262779137260244 0.072813342042342036 0.31149716134452315 -0.67752788206987946 0.21665654945931132 1.6264284892959253 1.4685479954427281 -0.16986507935584202 0.18103424444789548 1.0000000180025095e-35 1.1199777402796842 0.67211674409850264 -0.79400040430519903
decision_type=2 2 2 2 2 2 2 2 2 2 2 2 2 2 2 2 2 2 2 2 2 2 2 2 2 2 2
left_child=6 -2 12 -4 18 -6 7 8 11 24 -11 14 21 -12 16 26 17 -1 23 -9 -14 -3 -23 -5 25 -7 -13
right_child=1 2 3 4 5 9 -8 19 -10 10 13 15 20 -15 -16 -17 -18 -19 -20 -21 -22 22 -24 -25 -26 -27 -28
leaf_value=0.0076991076978954638 0.019294220457513282 -0.00082031575242670195 0.018299619978382413 -0.0030839295360048061 0.017171965201271271 -0.002207582263227658 -0.011884121372882727 -0.0056170128582784641 0.016351709535105858 0.017850513903372184 0.0064594269147194563 -0.0027447361977250315 0.016866036518375278 -0.0056329410769253192 0.017106585081950773 0.0045817397342904761 0.014749216121701816 -0.012048830105830898 0.0015892752767987599 0.0089928886667454567 0.00021202836319765111 -0.011588345789687633 0.0022277141872405321 -0.012602956058582552 0.0054249569551566507 -0.015082738819334442 -0.015699978899748772
leaf_weight=8.6799235492944717 40.086967438459396 22.944579720497131 44.534476011991501 19.147365927696228 47.244693413376808 28.506889000535011 15.757423132658003 40.813922733068466 22.800092577934265 26.694150269031525 62.890990912914276 6.0403475314378765 7.4388572275638563 16.368166357278824 12.573913902044298 8.7290930151939374 5.6246224641799918 8.3826934248209 32.318554118275642 4.019530937075614 5.4148175269365311 22.60894683003426 6.4390819817781439 13.994708403944967 8.2366730570793134 4.856642171740531 10.006228908896448
leaf_count=26 93 77 105 69 113 101 61 150 55 63 193 21 19 58 30 29 15 32 108 11 18 91 21 56 26 20 43
internal_value=0.0053438 0.00686679 0.00548046 0.00708223 0.00511293 0.00781945 0.000980514 0.00263237 0.00631531 0.00474993 0.00754266 0.00234254 -0.00203994 0.00392998 0.00793394 -0.0056175 0.0024551 -0.00209279 -0.00293621 -0.00415982 0.0102159 -0.0051881 -0.00853309 -0.00729529 -0.00236966 -0.00438899 -0.011152
internal_weight=553.154 409.727 369.64 304.793 260.259 194.798 143.428 127.67 82.8369 147.554 105.953 60.0368 64.8463 79.2592 35.2612 24.7757 22.6872 17.0626 65.4606 44.8335 12.8537 51.9926 29.048 33.1421 41.6002 33.3635 16.0466
internal_count=1704 1231 1138 912 807 574 473 412 251 461 314 196 226 251 103 93 73 58 233 161 37 189 112 125 147 121 64
is_linear=0
shrinkage=0.0144999


Tree=10
num_leaves=34
num_cat=0
split_feature=18 18 13 18 18 18 18 17 13 18 3 9 17 3 3 3 9 17 9 17 3 3 3 3 3 17 3 17 17 3 1 1 3
split_gain=15.3645 28.7517 19.4971 18.0657 27.1134 22.2739 22.2911 16.2912 15.5049 11.6945 10.8177 8.43029 8.21433 10.1117 8.58638 7.75407 5.42816 5.4101 5.30469 5.34777 5.1682 4.28045 4.18116 6.00785 4.02103 3.93684 3.90819 3.54263 3.18833 2.81399 2.71593 2.16332 1.97996
threshold=-0.68494468518227081 -0.33225559409586775 0.12463438508862672 -0.23316328638550854 0.20668945804000563 0.23964254780184691 0.69657992174808581 1.492602085599003 0.61490634720966009 0.72953301150992711 0.71778927046898822 -0.32678568911673378 -1.1449201027521148 -0.79400040430519903 -0.6340071270245059 1.0403343603006598 -0.34916715764121181 -1.236399876590961 -1.54530978685933 0.48615754283384488 1.4685479954427281 0.57701097390559453 0.072813342042342036 -0.12299596686365978 1.4685479954427281 -0.13036439411240175 -0.79400040430519903 1.4247021350057252 -0.16986507935584202 -0.98939079200997693 0.11752195757100528 0.51402506636524403 0.27198094487551189
decision_type=2 2 2 2 2 2 2 2 2 2 2 2 2 2 2 2 2 2 2 2 2 2 2 2 2 2 2 2 2 2 2 2 2
left_child=2 -2 7 10 -5 16 -7 12 9 30 28 29 17 -14 25 -11 26 -1 -4 32 -13 22 23 -16 -12 -15 -6 -21 -3 -10 -8 -30 -20
right_child=1 3 18 4 5 6 8 -9 11 15 24 20 13 14 21 -17 -18 -19 19 27 -22 -23 -24 -25 -26 -27 -28 -29 31 -31 -32 -33 -34
leaf_value=0.0071680126069809565 0.019808397333989609 -0.0010619283643826527 0.0053406389358308434 0.018711810604085357 -0.0028724012532889047 0.017454249961315782 0.0041636665409087101 -0.01957910441037022 0.001201309897096307 0.016226164810114171 0.017632972796429926 0.0054499416143447355 0.019011437905450748 0.0036978515152983494 0.0037727250053196477 -0.0018291182706136242 -0.0060478573438507086 -0.013056213329555129 -0.016924050266919049 0.0027609408152812318 -0.0065193150927877162 0.016911550362578485 -0.0029992561638980107 0.02263723410778121 -7.9353490724373013e-05 -0.014179869912513635 0.010968860119394366 -0.0099764805454272843 -0.011775508891341727 -0.012721529028137691 -0.0067997523277103893 -0.0018633870739324177 -0.0052402905054243949
leaf_weight=5.0917312502861023 38.888320088386536 22.842060565948486 6.986101120710372 43.124141827225685 10.195262566208841 45.835051208734512 15.591819629073145 5.5560524761676779 4.6465965360403088 45.292462021112442 7.3343262225389463 39.220019593834877 18.578175008296967 5.0586780458688736 15.315695241093632 6.7763355970382682 45.540893569588661 7.3411558568477613 17.699400722980503 11.638543695211412 11.305090844631193 11.165273830294607 9.9410791099071485 5.4208574295044025 5.4114946573972702 6.4721971005201322 9.3702470660209638 9.5274836272001249 20.519570589065555 14.984326854348181 8.1482791751623136 8.097621411085127 5.738128498196601
leaf_count=15 93 77 22 105 35 113 50 23 15 118 19 124 46 17 49 22 170 28 75 38 41 29 34 12 18 27 28 37 83 61 30 29 21
internal_value=0.00523245 0.00682684 0.000679588 0.00540062 0.00705048 0.0050414 0.00778574 0.00517381 0.0046726 0.00966236 -0.00229836 -0.000767366 0.00698195 0.00905182 0.00535986 0.0138651 -0.00303763 -0.00478773 -0.00711749 -0.0091446 0.00270601 0.00870444 0.00537198 0.00935129 0.0104919 -0.00654761 0.00390804 -0.00313257 -0.00558804 -0.00947087 0.000316912 -0.00908361 -0.0143044
internal_weight=544.654 403.124 141.531 364.236 300.031 256.906 191.8 89.9409 145.965 75.8089 64.2051 70.156 84.3848 71.952 53.3738 52.0688 65.1064 12.4329 51.5897 44.6036 50.5251 41.8429 30.6776 20.7366 12.7458 11.5309 19.5655 21.166 51.4593 19.6309 23.7401 28.6172 23.4375
internal_count=1704 1231 473 1138 912 807 574 280 461 220 226 241 257 214 168 140 233 43 193 171 165 124 95 61 37 44 63 75 189 76 80 112 96
is_linear=0
shrinkage=0.0160487


Tree=11
num_leaves=39
num_cat=0
split_feature=3 14 14 7 7 14 14 14 3 14 7 7 3 14 14 7 9 11 11 9 11 11 11 3 9 19 11 3 11 11 9 11 14 14 11 9 14 3
split_gain=8.37593 19.5625 19.3504 15.0588 13.125 12.0558 31.8027 26.3878 11.6736 10.4538 10.0069 11.3038 7.35879 6.71067 6.80977 6.58054 5.90307 5.1432 6.07229 4.99268 4.63807 7.67277 5.12179 4.11472 3.40977 6.1611 4.56473 3.36406 3.23458 3.02145 2.97242 2.90573 2.89472 8.57621 2.72169 2.64654 2.41091 2.35277
threshold=-0.85170420315479034 1.7724413147135019 1.1363373556406191 -0.31644397347939074 0.10975706181260961 -0.45773049097128432 0.26160392451939263 -0.52401811727297753 -1.2195966474792888 -1.1079474925031649 -0.3374844794894083 -0.5705064378661181 0.072813342042342036 1.9430900739760919 2.505093081842046 0.18103424444789548 1.5683530884899319 0.15654279280375061 -0.23144863492725795 0.1190157201694441 1.7771384120218723 0.29947895875098479 1.9101059405008403 1.4685479954427281 -0.34916715764121181 1.096262787866437 0.69186456867094337 -0.41885127537106792 -0.43507546212187664 -0.4881452953217586 0.20239802304550458 1.0000000180025095e-35 0.26160392451939263 0.3295906199428984 1.0000000180025095e-35 0.1190157201694441 0.6871190346915893 -1.6891796167818998
decision_type=2 2 2 2 2 2 2 2 2 2 2 2 2 2 2 2 2 2 2 2 2 2 2 2 2 2 2 2 2 2 2 2 2 2 2 2 2 2
left_child=8 2 3 10 -5 7 19 9 20 30 11 17 -9 -3 -15 36 -17 18 29 -7 21 28 -22 -14 26 -26 -12 -13 -1 -2 -6 -11 -23 -34 -10 -19 -8 -30
right_child=1 13 -4 4 5 6 15 12 34 31 24 27 23 14 -16 16 -18 35 -20 -21 22 32 -24 -25 25 -27 -28 -29 37 -31 -32 -33 33 -35 -36 -37 -38 -39
leaf_value=0.0073798336608311222 0.0057245458046171751 -0.013232937773192652 0.017207402795113142 0.012046733903765825 0.000161291343226334 0.0068889252373156053 -0.0060067034570184322 0.0050551381869564293 0.0072945990453519832 0.007461463431676499 0.0062026237434861112 0.0048047523775448173 -0.0046805734653557378 0.0080102190020343352 -0.0089312498318375871 0.0071201090354203189 -0.0034327407161888982 -0.0011317377670203943 0.015105665647903469 0.017738126427063839 -0.009649958225434685 0.012758375468147539 0.0047437903271778294 -0.013445534643221397 -0.0085140349288237716 0.0052143186822077607 -0.0060844504531213962 0.015252278269113463 -0.0076488404254106595 -0.0045515904841899315 0.0053517012118818961 0.015824999774344362 -0.0039913910353440033 0.014829052479222352 0.017152860482967911 -0.0098060087653187265 0.0024438555247142187 0.0013890687946211948
leaf_weight=7.9599296897649792 7.7969708740711221 11.585622161626818 15.509595230221747 35.83103583753109 29.671424254775047 9.3155580759048444 15.221343249082567 8.432535842061041 7.4344827383756664 14.979293853044512 8.7170625478029269 9.2536573112010974 33.360546469688416 6.1080419570207578 6.1790175288915634 32.376118406653404 9.632421210408209 30.160964637994766 5.260723963379859 32.45845639705658 5.5069712251424772 21.829154878854752 7.741573303937912 10.267091333866118 27.688767641782761 5.1888030618429175 7.5199252516031256 10.357798978686331 5.4297599047422453 7.4082650393247613 35.299684703350067 13.814342498779295 6.907212555408476 5.9202415496110916 17.926242023706436 5.4876394122838965 6.6368882209062567 12.486040070652958
leaf_count=22 23 47 35 90 104 26 57 28 20 40 28 26 125 16 23 95 34 106 12 73 22 57 23 43 112 16 29 24 20 27 106 32 24 14 41 22 22 40
internal_value=0.00433782 0.00362422 0.00422466 0.00370351 0.00523108 0.00422527 0.00733662 0.00194398 0.00753348 0.00577729 0.000178062 0.00293591 -0.00494312 -0.00691069 -0.000553702 0.00189469 0.00467327 0.000122162 0.00486247 0.0154714 0.00499797 0.00640625 -0.00142602 -0.00694326 -0.00405549 -0.00626394 0.000482687 0.0106721 0.00134217 0.000751411 0.00301261 0.0117742 0.010079 0.0050761 0.0145413 -0.00265023 -0.00342856 -0.00155446
internal_weight=550.661 451.52 427.647 412.137 287.297 251.466 105.641 145.825 99.1416 93.7647 124.841 75.726 52.0602 23.8727 12.2871 63.8668 42.0085 56.1146 20.466 41.774 73.7809 60.5323 13.2485 43.6276 49.1146 32.8776 16.237 19.6115 25.8757 15.2052 64.9711 28.7936 34.6566 12.8275 25.3607 35.6486 21.8582 17.9158
internal_count=1704 1421 1335 1300 875 785 307 478 283 282 425 240 196 86 39 208 129 190 62 99 222 177 45 168 185 128 57 50 82 50 210 72 95 38 61 128 79 60
is_linear=0
shrinkage=0.0121529


Tree=12
num_leaves=27
num_cat=0
split_feature=18 18 18 18 18 18 19 18 18 16 19 7 18 18 18 18 16 9 7 7 16 16 20 19 16 16
split_gain=13.277 25.0879 15.5405 24.0215 19.0852 19.807 11.0328 10.1773 15.7968 13.3478 7.72934 7.6493 5.49846 12.5285 9.93312 8.52844 4.8654 4.44362 4.2705 6.89074 3.06098 5.52262 2.98915 2.46782 2.41292 2.11493
threshold=-0.68494468518227081 -0.33225559409586775 -0.23316328638550854 0.20668945804000563 0.23964254780184691 0.69657992174808581 -0.26761751293013808 0.72953301150992711 1.0928289921517162 0.92428928808803279 -0.94358100105149412 0.18103424444789548 -0.78133156242930946 -1.2090590263126213 -1.3045902155934683 -1.5052799940811641 -0.34931685826682274 -0.34916715764121181 -0.67752788206987946 0.31149716134452315 -0.18473394709489996 0.3439896182440651 -0.71465383850357789 -0.79802577088015336 0.090497003016332275 0.82445048419811995
decision_type=2 2 2 2 2 2 2 2 2 2 2 2 2 2 2 2 2 2 2 2 2 2 2 2 2 2
left_child=6 25 11 -4 17 22 10 -7 24 -10 -1 -3 13 14 15 18 -13 -5 -8 -20 -16 -22 -6 -12 -9 -2
right_child=1 2 3 4 5 7 12 8 9 -11 23 16 -14 -15 20 -17 -18 -19 19 -21 21 -23 -24 -25 -26 -27
leaf_value=0.007430574414284033 0.023131094447930975 -0.0065472144990439234 0.020123501890100776 0.003989733883683279 0.009484348911802172 -0.002622941174875004 0.011031949617335245 0.026228693222110244 0.0080074762706867052 -0.009329810202054761 -0.024109138795291144 -0.0068239354765639235 -0.0025768851982468826 0.018081888587205632 -0.016294820271317401 0.02084061198005531 0.01220162001230176 -0.0062168850701129555 -0.013416499186420948 0.0086032996935142183 0.010219864782608716 -0.013619888758740841 0.021444120930379843 -0.0097889878463716645 0.013510724367400509 0.0095187775327761365
leaf_weight=6.7380088567733791 32.002779901027679 43.878438249230385 42.140096664428711 19.655590415000916 10.85493929684162 41.300943315029144 9.3120941519737261 12.245659798383715 60.100431188941002 18.561637923121452 5.4827689975500133 5.5968286693096188 34.37910920381546 20.22192770242691 8.5108790248632449 9.9231918156146985 14.434208691120146 45.130701497197151 9.6700914353132266 7.7052939981222144 5.4740501791238767 5.698715016245842 34.016203835606575 17.276046082377434 13.327858075499533 5.8829950839281073
leaf_count=21 77 164 105 63 30 147 27 28 182 69 25 20 120 51 34 24 42 170 36 23 17 24 83 71 35 16
internal_value=0.0055983 0.00728749 0.00578294 0.00752801 0.00539218 0.00828392 0.000783308 0.00497591 0.00798446 0.00386306 -0.00894985 -0.00232566 0.00341685 0.0061119 0.00162163 0.00716759 0.00679606 -0.00310194 0.00163426 -0.00368392 -0.00857473 -0.00205126 0.018743 -0.0139197 0.0201676 0.0212187
internal_weight=539.521 399.129 361.244 297.334 255.194 190.408 140.392 145.537 104.236 78.6621 29.4968 63.9095 110.895 76.5162 56.2943 36.6107 20.031 64.7863 26.6875 17.3754 19.6836 11.1728 44.8711 22.7588 25.5735 37.8858
internal_count=1704 1231 1138 912 807 574 473 461 314 251 117 226 356 236 185 110 62 233 86 59 75 41 113 96 63 93
is_linear=0
shrinkage=0.0181875


Tree=13
num_leaves=27
num_cat=0
split_feature=12 12 12 12 12 12 12 12 12 7 16 15 20 15 15 15 7 7 7 20 16 20 7 20 16 16
split_gain=21.8646 20.4315 44.2443 18.3508 26.9083 12.542 8.73794 12.4862 10.9636 8.50229 8.9995 6.77394 5.28791 4.79784 6.86266 4.89649 4.38148 6.85474 3.26972 4.67284 3.02168 3.63729 2.53356 2.24328 2.00591 1.92805
threshold=0.28748883168419687 0.20280095128553202 -0.49395905419048175 -0.54697953407266342 -1.1490283004266255 1.0155540191446282 1.2758347554729597 1.7331623732449384 1.8681926915919886 0.18103424444789548 -1.2983120440966671 -0.78883087872956315 1.4038115819521229 1.1199777402796842 1.5524030795024919 0.67211674409850264 0.5067653910877471 0.67082105395393377 -0.82027280025178828 -0.48573192854616987 1.0935683302893373 0.93224943316091313 -1.1401522402143931 0.33064428945487162 1.9707259821136665 0.55635576966207345
decision_type=2 2 2 2 2 2 2 2 2 2 2 2 2 2 2 2 2 2 2 2 2 2 2 2 2 2
left_child=1 2 3 4 9 25 13 -8 -9 20 -11 -3 -13 15 -15 -7 -12 -18 -5 -20 21 -1 -4 -6 -22 -2
right_child=5 11 22 18 23 6 7 8 -10 10 16 12 -14 14 -16 -17 17 -19 19 -21 24 -23 -24 -25 -26 -27
leaf_value=-0.014631760905613167 0.024192153376568267 -0.023206045468130782 0.0064043747802827386 -0.017943747108890594 0.024876328116790691 0.0020314059446414896 0.030851647584390858 -0.0022916001608455278 0.020377238780448372 -0.013851131833785368 0.025140967123325263 -0.0021710178986706673 -0.022979770123747294 0.023247093412949737 -0.0033617797591186187 -0.016930764496711877 -0.012604011884380605 0.010975321895118136 0.005362298996894329 -0.0075307813204689685 0.01048587511733879 0.004395757272151129 0.023404465546495647 0.013813762224546063 -0.0078580041491049055 0.012575226420945716
leaf_weight=25.363822013139728 40.134687319397926 9.7334228605031949 5.2339593172073355 9.7622586786746961 24.765673995018005 31.359753891825676 15.806484118103979 22.530895128846169 17.989923343062401 8.8073979318141919 6.6474378854036322 62.087570562958717 5.7198827415704718 9.8484009355306643 7.9657500386238089 7.4615124762058249 6.6923791617155066 29.023139834403992 16.644516751170158 63.136422216892242 5.6738283038139325 5.5286718457937232 57.922195419669151 19.777330070734024 4.3623552471399307 11.660770788788794
leaf_count=97 102 42 15 39 62 106 37 77 48 33 16 225 26 27 27 30 25 86 54 243 17 19 148 54 17 32
internal_value=0.00621913 0.00321417 0.005902 0.00132679 0.00638801 0.0128634 0.00865298 0.0147288 0.00797548 -0.000438824 0.00550231 -0.00677251 -0.00417693 0.00249005 0.0116705 -0.00188009 0.00972092 0.00636896 -0.00638611 -0.00481243 -0.00783665 -0.0111828 0.0220675 0.020268 0.0024738 0.0217851
internal_weight=531.64 366.882 289.341 226.185 136.642 164.758 112.963 56.3273 40.5208 92.099 51.1704 77.5409 67.8075 56.6354 17.8142 38.8213 42.363 35.7155 89.5432 79.7809 40.9287 30.8925 63.1562 44.543 10.0362 51.7955
internal_count=1704 1218 925 762 426 486 352 162 125 310 160 293 251 190 54 136 127 111 336 297 150 116 163 116 34 134
is_linear=0
shrinkage=0.0220202


Tree=14
num_leaves=28
num_cat=0
split_feature=12 18 18 12 12 12 18 12 12 12 5 17 17 18 19 19 19 12 18 18 5 3 5 18 18 19 3
split_gain=18.2846 20.5106 13.7909 10.9755 10.4632 10.9982 7.56608 7.44484 11.1594 9.15361 5.54589 5.00687 5.43221 4.97314 4.83093 15.8896 9.86608 8.55289 4.09132 7.19104 3.93659 3.87443 3.42217 2.50867 2.08626 2.05387 2.01809
threshold=0.28748883168419687 -0.68494468518227081 -0.36580584482134909 1.0155540191446282 1.0000000180025095e-35 -0.49395905419048175 2.104823840575945 1.2758347554729597 1.7331623732449384 1.8681926915919886 1.2195018326907932 0.27076962732015947 1.8820887824532846 -0.78133156242930946 -1.3576383436265611 -1.3152420951152932 -0.91128016335257145 -1.1490283004266255 -0.56183485481234208 0.28559117097363423 -0.43507546212187664 0.29417338206432081 -1.0000000180025095e-35 0.40938191049112799 -1.0000000180025095e-35 -1.8062125896886265 -0.79400040430519903
decision_type=2 2 2 2 2 2 2 2 2 2 2 2 2 2 2 2 2 2 2 2 2 2 2 2 2 2 2
left_child=1 4 -3 -2 5 11 10 18 -9 -10 14 -1 13 -13 25 20 -17 -18 -5 24 -16 -8 -22 -12 -20 -4 -6
right_child=3 2 6 7 26 -7 21 8 9 -11 23 12 -14 -15 15 16 17 -19 19 -21 22 -23 -24 -25 -26 -27 -28
leaf_value=-0.019785433008427313 0.024493441995897799 0.029587433984707336 0.011487042622645272 0.010198100771211664 -0.0046598414237279751 0.02325458166228541 -0.031199193139702541 0.035221607039475224 -0.0024966553208877556 0.022548525686490198 -0.019149334127813382 0.01207579108903389 -0.025676396369057532 -0.011852038406834764 -0.034504397066708548 0.025150500910944777 -0.0065355669571619344 0.0085780894181541611 -0.023434280336652239 0.012155660439251733 0.0076021213510119269 -0.00209359785491857 -0.020037177572043659 0.0051678619101602217 -0.0055864504028449898 0.028680414781218206 -0.026361521367246822
leaf_weight=14.526439264416693 50.070246607065201 16.71277742087841 14.125194549560549 26.244751006364822 3.8962183594703701 9.1220141351222974 4.7040489166975004 15.06895689666271 22.491004809737206 17.683702245354652 7.7317639142274839 16.671862930059433 4.4039102643728247 8.5386760234832817 5.7857405394315746 20.358340576291084 31.037520080804825 152.62971463799477 7.9506665617227581 11.404100671410559 5.0232330560684213 7.7946311682462692 6.2050841003656361 4.0632200688123703 10.935898542404177 8.4743916392326337 19.559507116675377
leaf_count=59 134 43 42 84 14 24 20 37 77 48 32 53 19 34 27 53 111 494 33 34 17 26 27 15 39 21 87
internal_value=0.00686952 0.00354092 0.00681562 0.0142482 -0.00855306 -0.00196758 0.00531153 0.00952282 0.0163651 0.00875654 0.00630839 -0.00750265 -0.00112654 0.00383977 0.0071755 0.00593901 0.00800648 0.00600562 0.00270274 -0.00389384 -0.0180749 -0.014187 -0.00799588 -0.010884 -0.0137099 0.0186565 -0.0229755
internal_weight=523.214 361.364 284.646 161.849 76.7186 53.2629 267.933 111.779 55.2437 40.1747 255.434 44.1409 29.6144 25.2105 243.639 221.04 204.026 183.667 56.5354 30.2907 17.0141 12.4987 11.2283 11.795 18.8866 22.5996 23.4557
internal_count=1704 1218 928 486 290 189 885 352 162 125 839 165 106 87 792 729 658 605 190 106 71 46 44 47 72 63 101
is_linear=0
shrinkage=0.0264946


Tree=15
num_leaves=25
num_cat=0
split_feature=17 20 18 18 18 18 18 18 18 18 18 11 11 11 0 18 0 0 15 17 0 0 11 18
split_gain=10.5313 9.86643 7.98195 6.0139 14.4636 9.11515 15.8501 11.7536 10.4906 6.95984 11.5392 5.79003 6.43634 4.01964 3.83015 3.68257 3.57031 3.42038 3.213 3.22383 2.58636 2.33367 3.75195 2.20633
threshold=1.8820887824532846 -1.4829235062602291 2.026934388300194 -0.68494468518227081 -0.36580584482134909 -0.23316328638550854 0.20668945804000563 0.23964254780184691 0.69657992174808581 -0.78133156242930946 -1.2090590263126213 -0.74322438720032691 1.7771384120218723 0.15654279280375061 1.096262787866437 -1.2439019120508599 0.58929110446304123 1.1752502371343501 -0.28695024102108097 -0.16986507935584202 -0.34476943295944301 -0.26761751293013808 -0.43507546212187664 -0.68494468518227081
decision_type=2 2 2 2 2 2 2 2 2 2 2 2 2 2 2 2 2 2 2 2 2 2 2 2
left_child=1 -1 3 9 -5 13 -7 14 -9 10 11 -3 17 16 -8 -14 20 -13 -15 -20 -6 22 -11 -2
right_child=23 2 -4 4 5 6 7 8 -10 21 -12 12 15 18 -16 -17 -18 -19 19 -21 -22 -23 -24 -25
leaf_value=0.015112286862213307 -0.015034284931122674 -0.01111070392775125 -0.0089927825640465486 0.017076079313471024 0.0001201756655037937 0.01538222446255736 -0.0035800480800942747 0.013522538177153634 0.0038368481791903803 0.0031837152670874365 0.014088159944060836 0.0018461630078663988 -0.00027082514597349917 0.0030953241488235815 0.0082011403456940819 -0.01991891333976762 -0.0048827445918079625 0.011565594995755586 -0.0022940501313810555 -0.013363847189590529 0.011772194301112827 -0.0015602738186971088 -0.014960724744647819 -0.0031271712340485798
leaf_weight=20.145220935344696 6.9785915464162853 8.9567731171846372 11.689395010471342 24.118059545755386 8.1602884232997912 36.638791412115097 53.231439203023911 38.737485468387604 115.20042325556278 3.865470975637435 20.61955526471138 28.892105534672737 5.3262085467576981 10.188704848289488 7.4886593073606482 3.8012760579586011 8.5954800248146039 13.447324767708777 15.791055947542189 11.827251046895983 11.713737115263941 32.701280623674393 8.9148675948381406 9.4732506871223432
leaf_count=54 30 34 44 65 27 100 197 107 374 13 56 105 18 36 23 18 31 38 56 50 36 116 42 34
internal_value=0.00382468 0.00424706 0.00376658 0.0041005 0.00521287 0.00427136 0.00567324 0.00396553 0.00633026 0.00108374 0.0039078 0.000297104 0.00242101 -0.00104636 -0.00203247 -0.00932557 0.00347649 0.00508651 -0.00446039 -0.007267 0.00715748 -0.00393044 -0.00956654 -0.00859924
internal_weight=516.503 500.051 479.906 468.216 341.691 317.573 251.297 214.658 153.938 126.525 81.0432 60.4237 51.4669 66.2765 60.7201 9.12748 28.4695 42.3394 37.807 27.6183 19.874 45.4816 12.7803 16.4518
internal_count=1704 1640 1586 1542 1102 1037 801 701 481 440 269 213 179 236 220 36 94 143 142 106 63 171 55 64
is_linear=0
shrinkage=0.016158


Tree=16
num_leaves=32
num_cat=0
split_feature=6 13 13 6 6 6 6 6 13 13 1 1 3 9 6 6 11 9 3 11 13 13 9 9 13 13 9 11 9 9 3
split_gain=8.99588 8.07363 10.9978 11.4962 19.2215 13.3077 14.0767 18.2871 7.97442 8.61194 7.04454 7.0159 7.30766 7.77783 6.04283 5.93578 5.56364 5.0016 4.93753 4.68975 4.68327 5.59452 4.76492 4.23504 3.28162 4.81943 3.15748 2.87304 4.87717 2.37862 1.96246
threshold=-2.329618169777294 0.67352918547239604 0.18735428736312462 -0.73906795886846166 -0.71385796343355146 -0.28926070127903797 -0.12330147066940911 0.30024969913377902 0.73996352983101021 1.2802428881585668 0.11752195757100528 1.1295139710379993 1.0403343603006598 -0.14293185735637898 -1.2591252992415154 1.6923952119014076 -0.43507546212187664 0.28883552720705685 -0.60025800413581465 -0.74322438720032691 -0.61883441331018918 -2.1165327144325219 1.1190247459948086 -0.90879232048880942 -0.44498648622977582 -1.5175961248599694 0.1190157201694441 -1.0084037297334967 -0.34916715764121181 1.1190247459948086 -0.79400040430519903
decision_type=2 2 2 2 2 2 2 2 2 2 2 2 2 2 2 2 2 2 2 2 2 2 2 2 2 2 2 2 2 2 2
left_child=16 2 3 14 10 -6 24 -8 27 17 -5 12 13 23 20 -9 -1 18 -10 -4 21 -2 -22 -11 25 -7 -26 -3 30 -30 -29
right_child=1 8 19 4 5 6 7 15 9 11 -12 -13 -14 -15 -16 -17 -18 -19 -20 -21 22 -23 -24 -25 26 -27 -28 28 29 -31 -32
leaf_value=-0.017623838547934513 -0.0011016240137675143 0.0035849008331410148 0.0032367531965436657 -0.00047923041895551322 0.012421283523694298 -0.0061017675452363336 0.014484349473667954 0.0020149050937393383 0.01276716970825015 0.0034065888268466783 -0.012838294536631326 0.0063644304027432198 -0.017599818778383455 0.0050030847620096824 0.015285727839311435 0.01615378866455925 0.001898182153118687 0.014086054430472832 -0.00028256175250203905 0.013030462254010867 -0.0045490896817563867 0.013630509080562755 0.0082740666519217788 -0.010581520839045273 -0.010531717347628072 0.0049299789020125677 -0.0021279515195836707 -0.0026563853386569634 -0.0082006431701571805 1.6789241080893334e-05 0.0070427935102801232
leaf_weight=4.6858903169631958 5.5771867334842709 9.7726823836565 11.525952130556105 15.103933870792391 27.165557757019997 9.7061886042356509 27.299466922879219 105.97785536944866 6.5547538250684729 4.5444021075963983 15.433275654911993 21.476339071989059 4.0737878680229178 18.785954609513283 17.868861496448517 4.4507497400045386 4.1507158279418928 14.862595289945601 14.332146644592287 34.742734104394913 10.344236969947817 16.669607311487198 7.9163711220026007 12.581322610378265 11.035514205694197 17.628061562776566 22.365546897053719 5.7190831452608109 27.023794576525688 7.5291580110788336 7.09029273688793
leaf_count=21 18 32 34 53 72 35 70 351 17 15 66 65 18 59 45 11 13 38 45 91 38 44 24 54 47 58 83 21 114 28 24
internal_value=0.0034948 0.00372288 0.00478757 0.00389717 0.00269255 0.00400777 0.00281111 0.00510458 0.00122298 0.00348059 -0.00687493 0.000500938 -0.002715 -0.000679552 0.0090756 0.00269927 -0.00898334 0.00848443 0.00414362 0.0106737 0.00610249 0.0100008 0.00113539 -0.00685382 -0.00238738 0.000943499 -0.00507983 -0.00261406 -0.00393719 -0.00644159 0.00278559
internal_weight=523.994 515.157 360.811 314.542 256.166 225.629 198.463 137.728 154.346 97.2113 30.5372 61.4618 39.9855 35.9117 58.3763 110.429 8.83661 35.7495 20.8869 46.2687 40.5074 22.2468 18.2606 17.1257 60.7353 27.3343 33.4011 57.135 47.3623 34.553 12.8094
internal_count=1704 1670 1140 1015 846 727 655 432 530 311 119 211 146 128 169 362 34 100 62 125 124 62 62 69 223 93 130 219 187 142 45
is_linear=0
shrinkage=0.0130226


Tree=17
num_leaves=28
num_cat=0
split_feature=18 18 19 11 18 18 18 18 18 18 19 9 19 19 7 18 11 9 9 11 7 11 19 4 4 11 19
split_gain=7.85647 16.6965 7.21176 9.91008 7.08519 16.3678 10.9055 13.3174 6.77616 11.322 7.45118 5.26034 3.69731 7.42626 3.60747 5.60354 3.72774 3.41363 3.08511 3.69877 2.50979 2.40024 2.36217 2.2015 2.96729 2.06064 3.16476
threshold=-0.68494468518227081 -0.36580584482134909 1.1752502371343501 -0.43507546212187664 -0.23316328638550854 0.20668945804000563 0.23964254780184691 0.69657992174808581 0.72953301150992711 1.0928289921517162 -1.3152420951152932 -1.5822559785204351 1.096262787866437 0.68650326985006238 0.18103424444789548 -0.33225559409586775 -0.43507546212187664 -0.34916715764121181 0.45155355755330312 -0.35926202120585343 -0.8635802801011575 -0.84952538589301829 0.21358214612304297 -0.64887230859242206 0.68622810871403139 1.7771384120218723 -0.26761751293013808
decision_type=2 2 2 2 2 2 2 2 2 2 2 2 2 2 2 2 2 2 2 2 2 2 2 2 2 2 2
left_child=2 -2 11 20 14 -6 17 22 -9 -10 -11 -1 13 18 15 -3 -17 -7 25 -20 -4 -16 -8 -5 -25 26 -13
right_child=1 4 3 23 5 6 7 8 9 10 -12 12 -14 -15 21 16 -18 -19 19 -21 -22 -23 -24 24 -26 -27 -28
leaf_value=0.012152940202258352 0.018474007306658088 0.013803037085522477 0.0018268798476093746 0.00036304602842665231 0.016032606730412791 0.0035393696547460591 0.017235111329338984 -0.002561609512064883 0.016277369203022533 -0.0050075974379253357 0.0063552377640570881 -0.012884275995013168 -0.012219193293503043 0.012042763894110638 -0.0022453845186313072 0.008378611639133577 -0.007279893602211835 -0.0050845896316038842 -0.0052965377105184544 0.0075187541867965295 -0.015005826493474659 0.0091648123898911381 0.0069826087395424242 0.018755526753941706 0.0060433165223688235 -0.016409517127255743 -0.0017616492004100379
leaf_weight=6.30602803826332 26.18723925948143 4.3072721958160392 4.2958008795976639 4.4557196050882366 37.633795991539955 19.576796025037766 29.652199119329453 41.149173870682716 23.185320734977722 25.909924671053886 50.908073723316193 10.542633831500998 11.737735554575918 9.247691258788107 8.584557309746744 4.5221476554870597 38.240483328700066 44.291006341576576 13.85127440094948 12.052439868450163 5.6026228517293912 13.892900332808493 10.734463408589361 13.9859826117754 10.566488474607466 5.3306568115949622 25.714788779616363
leaf_count=19 72 12 13 14 105 63 81 147 63 95 156 49 48 26 29 14 150 170 53 39 22 42 32 37 33 25 95
internal_value=0.00394683 0.00522921 0.000305069 0.00655538 0.00420594 0.00543005 0.00375756 0.0059341 0.00336513 0.00580508 0.00251097 -0.00229583 -0.00342888 -0.00197288 -0.000779242 -0.0035148 -0.00549055 -0.0024246 -0.00401404 0.000706745 -0.00802504 0.00486168 0.0146767 0.0116309 0.0136269 -0.00691683 -0.00520287
internal_weight=512.465 378.775 133.69 38.9066 352.588 283.041 245.407 181.539 141.152 100.003 76.818 94.7832 88.4772 76.7395 69.5474 47.0699 42.7626 63.8678 67.4918 25.9037 9.89842 22.4775 40.3867 29.0082 24.5525 41.5881 36.2574
internal_count=1704 1231 473 119 1159 912 807 574 461 314 251 354 335 287 247 176 164 233 261 92 35 71 113 84 70 169 144
is_linear=0
shrinkage=0.0174657


Tree=18
num_leaves=31
num_cat=0
split_feature=17 16 16 16 16 8 13 16 16 16 9 16 16 16 16 5 5 13 5 8 8 8 5 5 5 8 17 17 5 8
split_gain=9.47834 8.61289 21.7379 10.5363 25.4888 4.35398 6.36851 4.67262 4.5558 4.1647 3.98577 3.95079 5.42858 6.78632 7.40819 4.23892 5.00505 4.20856 4.16973 3.77652 4.39462 3.55846 3.29503 3.2544 2.62906 3.76931 2.6039 3.35572 2.22895 2.00049
threshold=1.8820887824532846 -0.28752228086561837 -0.70482724793501983 -0.15873613146916291 0.3439896182440651 0.42553355490659567 -0.68961517080195278 2.4225990969152975 0.99860973549103316 0.82445048419811995 1.5683530884899319 -1.8381616299874666 -1.3593660283637943 -1.2983120440966671 -0.82693949735444183 0.15654279280375061 0.69186456867094337 -1.0247145952099328 -0.74322438720032691 -0.49855942104084622 -0.78214901601283027 0.048939682998566818 0.86980559659681944 0.35273984335038616 -0.74322438720032691 -0.13513481892041182 -1.1449201027521148 -0.13036439411240175 -0.74322438720032691 0.42553355490659567
decision_type=2 2 2 2 2 2 2 2 2 2 2 2 2 2 2 2 2 2 2 2 2 2 2 2 2 2 2 2 2 2
left_child=1 2 11 24 -5 7 9 10 -8 26 19 17 18 15 28 -14 -17 -1 -13 20 -6 -21 23 -16 -3 -26 -7 -28 -15 -27
right_child=-2 3 -4 4 5 6 8 -9 -10 -11 -12 12 13 14 22 16 -18 -19 -20 21 -22 -23 -24 -25 25 29 27 -29 -30 -31
leaf_value=0.0062783771603604748 -0.0089701081326163182 -0.01020040473823949 0.019164941787773913 0.017075428315051273 0.0058973585724360527 -0.0020748201201373781 -0.012791681940904529 -0.01137582432831228 0.0070687634867898875 -0.0056295476965816799 -0.0058524433018405349 0.0025189438581290149 -0.011665331335802989 0.0061427990159706883 0.0021793941473043817 0.014079061458707257 -0.0074218837278254178 -0.010651189859695716 0.022346338451749135 0.00071706668877454666 0.018825185747223999 0.010973806039039283 -0.0088334573519609494 0.012911888603697975 -0.0095287290196028503 0.0070960774610704059 0.018611199284674283 0.00039821575778062004 0.019331765922090138 -0.0014890650400116666
leaf_weight=7.4209967404603985 16.357257455587387 13.967530310153959 40.040047958493233 41.724432110786438 51.651277333498001 5.5099819302558926 19.446647033095363 5.7758672088384619 3.9089804440736762 10.620778024196623 11.460175797343252 5.3659971207380286 11.663540005683901 6.8741507232189205 42.328459203243256 5.7777613848447782 6.427857294678688 10.147669941186903 9.0514579564332944 71.326039120554924 9.5699292123317701 11.907100826501845 5.8275664597749701 10.770436361432074 13.298392698168753 11.845894336700438 8.1846541762352008 4.9796094745397559 14.069969698786734 26.681133434176445
leaf_count=23 64 53 108 115 168 19 80 23 12 38 41 17 45 20 142 17 25 39 23 251 25 34 22 33 52 40 22 18 37 98
internal_value=0.0041064 0.00455051 0.00772616 0.00280183 0.00443868 0.00192464 -0.00251076 0.00337411 -0.00931569 0.00301043 0.00397842 0.00426067 0.00543266 0.00393791 0.00642266 -0.00430982 0.00296922 -0.00351121 0.0154198 0.00478816 0.00813175 0.00227661 0.0030916 0.00451426 -0.00354459 -0.00162855 0.00797197 0.0120917 0.0153448 0.00123845
internal_weight=513.982 497.624 175.766 321.858 256.065 214.341 52.6507 161.69 23.3556 29.295 155.915 135.726 118.157 103.74 79.8706 23.8692 12.2056 17.5687 14.4175 144.454 61.2212 83.2331 58.9265 53.0989 65.793 51.8254 18.6742 13.1643 20.9441 38.527
internal_count=1704 1640 551 1089 846 731 189 542 92 97 519 443 381 341 254 87 42 62 40 478 193 285 197 175 243 190 59 40 57 138
is_linear=0
shrinkage=0.0178751


Tree=19
num_leaves=32
num_cat=0
split_feature=13 13 13 13 13 13 13 9 9 13 13 13 4 9 3 10 11 4 13 13 4 4 4 11 4 9 9 3 3 11 11
split_gain=7.59932 10.1893 6.90127 11.546 14.7805 7.9814 6.1961 7.17804 12.9589 6.67227 5.5041 8.56142 4.403 7.28496 4.34128 4.21228 3.86804 3.82162 3.13674 4.14451 2.70179 5.33316 2.62698 2.5025 2.49815 2.46616 2.35093 2.29816 2.284 2.09959 2.61107
threshold=0.67352918547239604 0.18735428736312462 -0.44498648622977582 -0.4038481803236359 0.12463438508862672 -0.85158462163420368 0.73996352983101021 -0.32678568911673378 -0.90879232048880942 1.1717459264955667 -1.0247145952099328 -1.5175961248599694 -0.20514162438177752 0.20239802304550458 0.46239967270460652 -0.88812436710442799 -0.14821815412321912 -0.11699220767690757 1.3186297554838797 1.4542584810274992 0.68622810871403139 0.76869193941721459 -0.35982838088149099 0.29947895875098479 0.49326449545061796 0.28883552720705685 1.1190247459948086 -0.85170420315479034 0.90306323048800963 -1.0084037297334967 0.15654279280375061
decision_type=2 2 2 2 2 2 2 2 2 2 2 2 2 2 2 2 2 2 2 2 2 2 2 2 2 2 2 2 2 2 2
left_child=1 2 5 15 27 10 17 8 16 25 11 14 13 -6 -1 -4 -8 26 22 -20 -14 -22 -11 -10 -21 -9 -2 -5 -3 -19 -31
right_child=6 28 3 4 12 -7 7 9 23 18 -12 -13 20 -15 -16 -17 -18 29 19 24 21 -23 -24 -25 -26 -27 -28 -29 -30 30 -32
leaf_value=0.006170898705476967 -0.011529406730636575 0.014440081868907093 0.0049604034765579541 0.020537932998505946 -0.010975825893415451 0.014700553657384655 0.00013733806282121471 0.0059903217641485628 -0.016305276255623148 -0.010149334953692468 0.00075847228904361364 0.018494393963486587 0.008755908645900614 0.002860160142621874 -0.0086578157468291585 -0.0066222454574979038 0.017104199506737833 0.0072471130853043282 0.01478690001790647 -0.0028958939716289813 -0.01100998666611167 0.005585003050154704 0.0019344126339502041 -0.0034133639824000619 0.010704717933808961 0.01749253545581084 -0.001302437953427992 0.010160870185131291 0.0056504754343817505 -0.0059947673047851197 0.0047704117135587256
leaf_weight=47.226321205496788 16.421830177307132 33.122469291090965 9.5185764580965024 7.4520388245582572 17.347255274653435 25.812844544649124 6.8685657531023026 9.067254841327669 11.319525420665743 6.5107789039611843 50.938112050294876 14.577894911170004 17.82668448984623 21.693401649594307 5.0473296642303458 42.987016573548317 6.342905133962633 7.7959956675767925 8.5239092260599136 11.424013391137121 6.6148774325847652 15.195823743939398 12.674974739551542 6.5529842972755423 4.1555055081844339 13.6397697776556 9.2727466672658903 33.594894543290138 11.85557848215103 15.151534587144853 8.6522108912467939
leaf_count=145 73 91 31 19 74 72 22 27 49 26 176 39 54 72 18 168 17 24 22 38 26 48 44 25 12 36 35 97 35 60 29
internal_value=0.00379129 0.00507819 0.00402934 0.00182628 0.00459946 0.00664725 0.00077364 0.0032605 -0.00310786 0.00626471 0.00479674 0.0078294 0.000454211 -0.00337909 0.00462494 -0.00447128 0.00874635 -0.00342838 0.00244358 0.00624687 0.00421812 0.000342042 -0.00239726 -0.0118913 0.00109494 0.0132287 -0.0079745 0.0123888 0.0122464 0.000366038 -0.00204667
internal_weight=515.186 360.811 315.833 172.231 119.725 143.603 154.375 97.0802 31.084 65.9962 117.79 66.8515 78.678 39.0407 52.2737 52.5056 13.2115 57.2943 43.2892 24.1034 39.6374 21.8107 19.1858 17.8725 15.5795 22.707 25.6946 41.0469 44.978 31.5997 23.8037
internal_count=1704 1165 1039 589 390 450 539 318 113 205 378 202 274 146 163 199 39 221 142 72 128 74 70 74 50 63 108 116 126 113 89
is_linear=0
shrinkage=0.0162285


Tree=20
num_leaves=26
num_cat=0
split_feature=17 16 16 16 16 15 15 15 15 10 10 17 17 17 16 16 16 16 9 9 17 0 9 9 9
split_gain=11.2643 9.74548 23.5646 14.6265 30.3281 5.76816 18.7198 11.2109 9.17252 5.92972 10.065 5.42431 6.37619 5.21904 4.64069 6.32006 7.15383 7.6911 5.80377 4.69869 3.88546 2.78728 8.03925 2.4601 2.41835
threshold=1.8820887824532846 -0.18473394709489996 -0.70482724793501983 -0.15873613146916291 0.3439896182440651 -1.1531935327587746 -1.1202900350009937 -1.5634092688864303 -0.84246196395561734 0.20205475821489985 0.66495225718737916 0.86948855328106822 1.492602085599003 -0.13036439411240175 -1.8381616299874666 -1.3593660283637943 -1.2983120440966671 -0.82693949735444183 -0.41059181364277192 -0.070067702211071156 0.37861839386817903 0.075895068724516776 1.1190247459948086 0.88002250405821625 0.1190157201694441
decision_type=2 2 2 2 2 2 2 2 2 2 2 2 2 2 2 2 2 2 2 2 2 2 2 2 2
left_child=1 2 14 21 -5 7 24 11 -8 13 -11 -6 -13 -10 18 19 20 -18 -1 -16 -17 22 -3 -20 -7
right_child=-2 3 -4 4 5 6 8 -9 9 10 -12 12 -14 -15 15 16 17 -19 23 -21 -22 -23 -24 -25 -26
leaf_value=0.010554915718834542 -0.0098544573005720556 -0.015384394309399634 0.020480644494696686 0.019702060861577702 -0.0080115284356925779 -0.022669179331505647 0.020883791393498476 0.021123633990187032 0.0025258725734436326 0.021953536664887519 0.0026664476590467605 0.015756009772602032 -0.0077645900135784977 -0.0069798068034506618 0.0043128487409090444 0.0018030018084945266 0.016858538177967956 0.0037573106269679774 -0.018144174642873861 0.025850673989905551 -0.013331673740233644 -0.0010709518935099679 0.0071481153879003247 -0.0012066456838764235 -0.00902897820651807
leaf_weight=5.9156373590230968 16.593452647328377 19.157945871353153 47.29871729016304 44.239350751042366 11.745738804340364 8.6833214312791842 9.2037937790155393 15.625642761588095 57.824205175042152 11.6975190192461 43.0517488270998 11.619946524500849 5.475214108824729 30.989168733358383 6.235934093594552 14.667259916663172 21.395589426159859 59.344747647643089 6.6441850513219816 8.8411915898323024 9.2550748288631421 35.416640400886536 7.2798907458782187 5.3009196817874908 12.576087102293966
leaf_count=17 64 80 122 115 44 39 23 39 194 29 141 33 21 119 19 49 57 197 27 21 38 126 23 18 49
internal_value=0.0051236 0.00562681 0.00908478 0.00363997 0.00558406 0.00266437 0.00109596 0.0086724 0.00342821 0.00219881 0.0070408 0.00155061 0.00817341 -0.000822404 0.00507378 0.00640922 0.00468506 0.00735779 -0.00376546 0.0175436 -0.0042758 -0.00458199 -0.00913223 -0.0111277 -0.0151723
internal_weight=526.079 509.485 184.899 324.586 262.732 218.492 174.026 44.4665 152.766 143.563 54.7493 28.8409 17.0952 88.8134 137.601 119.74 104.663 80.7403 17.8607 15.0771 23.9223 61.8545 26.4378 11.9451 21.2594
internal_count=1704 1640 565 1075 846 731 594 137 506 483 170 98 54 313 443 381 341 254 62 40 87 229 103 45 88
is_linear=0
shrinkage=0.0189006


Tree=21
num_leaves=28
num_cat=0
split_feature=15 15 15 15 15 17 15 17 17 11 17 11 1 1 17 17 17 1 1 19 15 1 11 17 19 1 17
split_gain=10.5594 24.615 29.3002 14.2438 26.9602 11.1891 10.6691 10.126 13.6493 9.40849 6.76862 7.75473 4.38893 4.46478 3.74542 18.7214 9.986 3.15968 5.84491 3.13922 2.84801 3.02152 2.82784 2.73062 2.72202 2.37577 2.21191
threshold=0.71039813614964453 0.67211674409850264 0.29116651841253111 0.21665654945931132 -0.15246849817367569 1.8820887824532846 1.1199777402796842 0.48615754283384488 0.86948855328106822 -1.5444854656121116 -1.6844531834967795 -0.23144863492725795 0.11752195757100528 -0.58632823630718434 -0.13036439411240175 -0.55817848852962559 -0.10562350493300683 -0.7513692586336308 -0.67960022125220854 1.096262787866437 1.1894433544193743 -0.37532101958436809 -0.35926202120585343 -1.0957520158912357 -1.0000000180025095e-35 0.11752195757100528 -0.62531254299813366
decision_type=2 2 2 2 2 2 2 2 2 2 2 2 2 2 2 2 2 2 2 2 2 2 2 2 2 2 2
left_child=1 2 3 4 5 7 22 14 -9 -10 24 20 13 26 15 -1 -16 -13 -19 -3 21 -12 -2 -22 -8 -20 -5
right_child=6 19 -4 12 -6 -7 10 8 9 -11 11 17 -14 -15 16 -17 -18 18 25 -21 23 -23 -24 -25 -26 -27 -28
leaf_value=-0.0056742782699488728 0.0038634749870646379 -0.013465109910052387 0.012291031425307153 -0.0034984163690299089 0.010770990932010805 -0.012248443287711241 0.00062798456090064543 0.012503145746063055 0.01492632549088794 -0.0016152176640517454 -0.0012408858037597855 0.010394909929365048 -0.011826744490836066 0.002759943012641668 -0.010634943040868513 0.013518067020617884 -0.0016881821763461658 -0.0080926040159029003 0.010024001475626118 -0.0049142058548769033 -0.0054466338069205341 -0.015012239213087057 0.01406810067820272 0.0040248557387313616 -0.011426676667392627 0.00076889667028221529 -0.012114249169791999
leaf_weight=31.023380279541016 8.0210832208395022 31.188779309391975 29.025317490100861 12.583301842212675 33.840137451887131 16.897979527711868 4.9029482901096353 18.065969377756119 5.9668546617031089 74.057949125766754 6.1555498093366623 17.580803602933884 25.38071021437645 10.667156770825384 34.550381854176521 12.19034583866596 64.494333803653717 5.8864750266075161 12.01817272603512 11.91982591152191 8.2106794565916044 4.8238131701946241 15.766411900520323 13.413268417119982 9.4173189103603328 8.4411765933036786 10.019566714763643
leaf_count=104 24 114 79 40 95 62 15 50 15 237 19 48 91 32 123 32 209 20 33 39 27 18 43 40 33 26 36
internal_value=-0.000665909 -0.00165319 -0.000543373 -0.00163457 -0.000404204 -0.00190352 0.00295312 -0.00113779 0.00218768 -0.00024102 0.000814149 0.00242025 -0.00765373 -0.0042805 -0.00343031 -0.00011197 -0.00486776 0.00607566 0.00298352 -0.011216 -0.00252775 -0.00786327 0.0108353 0.000354882 -0.00743916 0.00636006 -0.0075863
internal_weight=536.51 421.872 378.763 349.738 291.087 257.247 114.638 240.349 98.0908 80.0248 90.8502 76.5299 58.6507 33.27 142.258 43.2137 99.0447 43.9266 26.3458 43.1086 32.6033 10.9794 23.7875 21.6239 14.3203 20.4593 22.6029
internal_count=1704 1358 1205 1126 927 832 346 770 302 252 279 231 199 108 468 136 332 127 79 153 104 37 67 67 48 59 76
is_linear=0
shrinkage=0.0134997


Tree=22
num_leaves=28
num_cat=0
split_feature=18 18 13 18 18 18 18 13 18 9 7 13 5 7 7 7 4 13 7 13 5 9 9 7 9 13 13
split_gain=8.94712 18.4472 11.9997 10.3958 18.129 12.0436 14.9138 10.2039 7.37507 6.78612 6.19451 5.71217 5.57483 5.42731 5.38456 6.54872 5.18613 3.85227 4.00574 5.4708 3.42403 3.40749 3.18375 2.71739 2.23331 1.98911 2.70649
threshold=-0.68494468518227081 -0.33225559409586775 0.12463438508862672 -0.23316328638550854 0.20668945804000563 0.23964254780184691 0.69657992174808581 0.61490634720966009 0.72953301150992711 -0.32678568911673378 -1.2780952250306039 -0.31029926857553269 0.29947895875098479 0.18103424444789548 -1.1401522402143931 -0.82027280025178828 -1.1731640169461135 -0.4038481803236359 -0.11473505533296872 -0.75730055989028566 -0.43507546212187664 -0.34916715764121181 -1.54530978685933 -0.3374844794894083 0.38967559665654944 0.67352918547239604 -0.44498648622977582
decision_type=2 2 2 2 2 2 2 2 2 2 2 2 2 2 2 2 2 2 2 2 2 2 2 2 2 2 2
left_child=2 -2 10 13 -5 21 -7 8 -8 12 -1 -10 -9 20 -12 -16 -11 18 23 -20 -3 25 -4 -17 -24 26 -6
right_child=1 3 22 4 5 6 7 9 11 16 14 -13 -14 -15 15 17 -18 -19 19 -21 -22 -23 24 -25 -26 -27 -28
leaf_value=0.011347500193309658 0.01370709412504547 0.0055097326377964041 0.0024423578818660741 0.01300284970521301 0.005910363609922557 0.011889281882221376 -0.00077591629564305222 -0.013749851837332235 0.0015142154523225409 -0.010252753142426395 -0.0098333642171355429 0.012179094665927283 0.0027129875482520935 0.0034879276673431183 0.016931010208144328 -0.00021523045427264008 0.0027404472775090514 0.010087580799929056 0.0097329408715646788 -0.0040564232046567247 -0.0068594654371222563 -0.0051326421707404398 -0.010356362840501981 -0.0088529498235203029 -0.0034598343731216709 0.0080212998461878481 -0.0064402647494737767
leaf_weight=13.063119590282438 33.14386935532093 4.5877341181039801 7.0006073266267768 37.277152493596077 5.5502529144287118 40.011896669864655 24.030953243374825 13.720827400684358 15.226920589804648 6.5991541743278495 7.8489563018083564 33.49164442718029 5.6543539613485327 19.763184383511543 4.9120588302612296 17.186254367232323 43.289269372820854 7.2341062873601976 13.071485117077829 9.7806702256202644 39.124584272503853 45.269507318735123 26.020445182919502 12.661269426345823 16.960533902049065 6.4380199015140525 7.8346882611513147
leaf_count=36 93 14 22 105 16 113 80 56 48 26 30 92 20 62 13 58 139 20 38 36 150 170 109 49 62 19 28
internal_value=0.00243911 0.00356884 -0.000733607 0.00257368 0.00374885 0.00231558 0.00421286 0.00199629 0.00573501 -0.00195172 0.00253109 0.00891494 -0.00900017 -0.00267129 0.000842234 0.00223864 0.000881158 0.000827585 -0.000578948 0.00387922 -0.00547589 -0.00297593 -0.00628925 -0.00400739 -0.0077417 0.00194147 -0.00125849
internal_weight=516.754 381.014 135.74 347.87 284.395 247.117 182.025 142.013 72.7495 69.2636 85.7579 48.7186 19.3752 63.4755 72.6948 64.8458 49.8884 59.9338 52.6997 22.8522 43.7123 65.0925 49.9816 29.8475 42.981 19.823 13.3849
internal_count=1704 1231 473 1138 912 807 574 461 220 241 280 140 76 226 244 214 165 201 181 74 164 233 193 107 171 63 44
is_linear=0
shrinkage=0.0144096


Tree=23
num_leaves=28
num_cat=0
split_feature=20 20 20 0 0 0 0 0 0 15 0 0 0 20 20 0 0 20 20 15 15 20 15 11 0 0 0
split_gain=15.5592 10.645 12.2087 10.4037 8.89054 9.04073 23.7195 13.4945 9.63389 9.59403 8.46156 5.19854 5.01866 5.00704 20.1018 8.81682 10.5269 6.68187 15.7189 6.71528 3.92831 3.88861 3.81431 3.76247 3.28857 2.98658 2.56454
threshold=-1.4829235062602291 1.1110241472199189 0.77308693590771183 -0.94358100105149412 -1.3152420951152932 0.075895068724516776 -0.32211258526418346 -0.34476943295944301 -0.79802577088015336 1.1199777402796842 -0.89334271502080653 -1.3576383436265611 -1.2288379138832479 0.092415619838413912 -0.32048288124978802 0.68650326985006238 1.096262787866437 0.11629392630626693 0.43925460718276638 0.67211674409850264 0.67211674409850264 0.17372689560907117 -0.63282380450336062 -0.43507546212187664 -1.4161588957338955 -0.26761751293013808 1.0091012642859416
decision_type=2 2 2 2 2 2 2 2 2 2 2 2 2 2 2 2 2 2 2 2 2 2 2 2 2 2 2
left_child=-1 2 4 12 11 6 7 8 10 23 -6 20 24 14 15 22 -17 -15 -19 -20 -2 -10 -7 -9 -3 -5 -16
right_child=1 3 -4 25 5 13 -8 9 21 -11 -12 -13 -14 17 26 16 -18 18 19 -21 -22 -23 -24 -25 -26 -27 -28
leaf_value=0.0077507578094596396 0.0017521945606731235 0.0018511195523119484 0.0079911043982143371 -0.0085203594075647666 0.0059718029040160834 -0.0084301837869605808 0.0090456430121403399 -0.0022134821841693075 0.0098272168837960222 0.0039233401160047995 -0.0028670906193665733 -0.0095181759882688871 0.0080331469780904677 -0.0074534115397231482 0.011291437305202484 0.0082494872251515101 -0.0012772564534410491 0.0089833382655989738 -0.0023999088246861515 -0.015582809919614233 -0.008020029999326406 0.0012399986561513034 -0.0030208899238212167 -0.0090721167890715076 -0.0050739210249707394 -0.0033939232099277879 0.003093057439898557
leaf_weight=19.703456461429596 11.195859059691431 12.844184726476673 15.530632689595221 35.437644734978676 14.064374029636381 16.044393748044968 31.85331417620182 12.178526714444159 16.356362119317058 9.6230290681123716 36.275362595915794 16.063842758536339 5.7646912783384314 28.108213841915131 12.479206383228304 13.387147918343542 56.221197113394737 9.9249367117881793 15.327968418598177 4.3563640564680091 5.2624241560697547 7.6663308739662162 61.161207348108292 24.658767983317375 12.565104454755783 18.285490319132805 6.1520377397537223
leaf_count=55 34 38 44 132 41 58 91 39 45 27 118 61 16 100 34 38 179 28 51 18 19 24 201 89 44 61 19
internal_value=-0.000706692 -0.00104618 -0.000401308 -0.00423233 -0.000735759 -0.00030022 0.00155374 -0.000467632 0.00214368 -0.00461433 -0.00033914 -0.00564015 0.000320521 -0.00156961 -0.00068509 -0.00192871 0.000627663 -0.00406229 -0.000738732 -0.00579904 -0.00160999 0.00719457 -0.00421772 -0.00689141 -0.00161869 -0.00684517 0.00878448
internal_weight=528.492 508.789 423.891 84.8971 408.361 375.839 152.676 120.823 74.3624 46.4603 50.3397 32.5221 31.174 223.163 165.445 146.814 69.6083 57.7175 29.6093 19.6843 16.4583 24.0227 77.2056 36.8373 25.4093 53.7231 18.6312
internal_count=1704 1649 1358 291 1314 1200 474 383 228 155 159 114 98 726 529 476 217 197 97 69 53 69 259 128 82 193 53
is_linear=0
shrinkage=0.00991417


Tree=24
num_leaves=25
num_cat=0
split_feature=17 17 17 18 18 0 18 18 18 18 17 9 9 17 4 4 0 4 18 1 17 17 9 18
split_gain=9.29812 6.95479 7.30657 5.50136 17.2519 9.6111 8.39667 19.9823 9.00542 11.6949 5.56379 5.43995 5.63994 5.44012 4.4697 7.73858 3.75196 3.55757 3.59206 3.22834 3.20439 3.1671 2.94578 2.18723
threshold=1.8820887824532846 -1.7262352614522998 -1.236399876590961 -0.68494468518227081 -0.36580584482134909 1.1752502371343501 -0.23316328638550854 0.20668945804000563 0.23964254780184691 0.69657992174808581 -1.0509837578322252 0.45155355755330312 -1.5822559785204351 1.0073417079084959 -0.35982838088149099 -0.20514162438177752 1.096262787866437 -1.674431765922157 -0.78133156242930946 -1.5082202619358571 0.13155985881215598 0.13155985881215598 -1.2293157354472115 -0.68494468518227081
decision_type=2 2 2 2 2 2 2 2 2 2 2 2 2 2 2 2 2 2 2 2 2 2 2 2
left_child=1 22 -3 5 -5 11 14 -8 16 -10 -7 12 -4 -14 21 -16 -9 -13 -19 -17 -12 -6 -1 -2
right_child=23 2 3 4 6 10 7 8 9 -11 20 17 13 -15 15 19 -18 18 -20 -21 -22 -23 -24 -25
leaf_value=-0.010803825359107868 -0.010735559663677183 0.0090115855241319053 0.0065394393371540965 0.011393171400119128 -0.0026906253455709159 -0.0060375492138508352 0.01044999491202247 -0.0032494126919966875 0.0084375506626724762 0.0012377995795738387 0.008968810925352913 -0.0052403154410414904 -0.0060872543374190452 0.0053013295591121477 -0.012201901953517138 0.0067153259844493713 0.0043993323919563421 0.0074211739497627213 -0.0018526246504950304 -0.0025569525029880053 0.0017460056423334849 0.0058839746189417313 -0.0015858888718402379 -0.0026716033920336228
leaf_weight=5.74776063859463 7.1520434767007854 16.488317012786865 4.8790725022554389 23.399798274040222 8.0979033857584017 4.591994270682334 33.629836916923523 52.581763863563538 34.091562137007713 127.75206327438354 18.51171471178532 5.7210990637540844 51.442604169249535 4.9693832099437705 9.2859724014997465 4.4926562160253516 8.334688261151312 12.912302866578106 7.5080143809318516 30.658051893115044 12.73705644905567 12.035723522305487 12.42150431871414 9.695426329970358
leaf_count=22 30 46 14 66 29 16 95 189 98 411 51 21 200 16 38 13 25 37 26 109 40 36 42 34
internal_value=0.00145531 0.00172877 0.00198221 0.00171934 0.0024326 -0.000275513 0.00175242 0.00264482 0.00143334 0.00278801 0.00446402 -0.00224264 -0.0040215 -0.00501913 -0.00177913 -0.00371063 -0.00215487 0.00191745 0.0040576 -0.00124836 0.00613278 0.00245173 -0.00481503 -0.00639767
internal_weight=519.138 502.291 484.122 467.633 344.36 123.273 320.96 256.39 222.76 161.844 35.8408 87.4325 61.2911 56.412 64.5703 44.4367 60.9165 26.1414 20.4203 35.1507 31.2488 20.1336 18.1693 16.8475
internal_count=1704 1640 1576 1530 1109 421 1043 818 723 509 107 314 230 216 225 160 214 84 63 122 91 65 64 64
is_linear=0
shrinkage=0.0110135


Tree=25
num_leaves=34
num_cat=0
split_feature=3 7 3 3 3 3 3 3 3 10 7 7 10 7 19 3 19 19 10 7 5 5 10 3 5 19 5 10 10 19 5 19 19
split_gain=5.94326 10.8607 10.149 8.42082 9.00993 8.17988 7.2866 7.14677 11.3639 6.78488 5.87424 8.26148 5.81965 4.83234 4.38657 6.84439 6.73357 4.38633 4.15019 3.89502 3.73003 7.09278 4.28622 4.62456 3.46002 3.42399 3.20073 3.07015 7.62179 2.99157 2.97198 2.77295 2.33147
threshold=-0.85170420315479034 -0.31644397347939074 0.072813342042342036 0.16302681097039168 1.0403343603006598 -1.2195966474792888 -0.19464534090771646 0.660275890347226 0.57701097390559453 -0.88812436710442799 -0.3374844794894083 -0.5705064378661181 -1.0259460202569401 -0.11473505533296872 -0.32211258526418346 1.0823857397226997 -0.94358100105149412 -1.3152420951152932 1.1278497561598588 0.18103424444789548 1.7771384120218723 0.29947895875098479 1.2689838800596598 -1.6891796167818998 1.9101059405008403 -1.3576383436265611 1.0000000180025095e-35 0.20205475821489985 0.66495225718737916 -0.118726991825229 0.15654279280375061 0.21358214612304297 -0.68132789571010244
decision_type=2 2 2 2 2 2 2 2 2 2 2 2 2 2 2 2 2 2 2 2 2 2 2 2 2 2 2 2 2 2 2 2 2
left_child=5 10 6 12 7 20 13 8 -5 -10 11 27 -4 -3 16 -16 17 25 -12 29 21 22 -1 -24 -22 -6 -7 -2 -29 -14 -18 32 -15
right_child=1 2 3 4 14 26 -8 -9 9 -11 18 -13 19 31 15 -17 30 -19 -20 -21 24 -23 23 -25 -26 -27 -28 28 -30 -31 -32 -33 -34
leaf_value=-0.013089311133484506 -0.0075913752102939151 0.020207528447954433 0.009267079262062659 0.014012778675774048 0.0047182997672049684 0.0053846225312366245 0.02263510100634044 0.018061267493014885 0.013989662125333325 -0.0079932311676931354 -0.011563408747699412 0.011815314745689611 -0.022857272939581494 -0.0027777110499674416 -0.0097620519799310242 0.014390260546382865 -0.0061927249568789625 0.01475527829197828 0.0025163142309640807 -0.0025951135491702896 -0.017214047815235098 0.012135974565884942 -0.0080494318095566675 0.013133888675876013 0.0032487353055406193 -0.0097329218930707947 0.023333225669070784 0.021853437006385014 -0.0033071468945946041 -0.0066686606450167074 -0.020650087266895843 -0.0076542684631884872 0.0097542119974423983
leaf_weight=8.8633793443441409 34.312013983726501 7.896848499774932 8.2389698177576047 28.800207033753395 15.635287582874296 6.4207856506109264 16.000697493553162 23.003768563270569 6.67140969634056 26.666253849864006 41.702279642224312 18.454466134309769 9.9005212783813477 8.4591843038797361 6.3857260197401073 15.176190197467802 25.623376488685608 8.7603207230567914 10.695189282298086 21.059085056185722 5.4994624108076078 32.061048790812492 6.883517086505889 9.0705137699842435 7.1142804622650146 10.980428889393808 14.383182704448698 5.2561419308185569 28.38810732960701 10.207993894815445 7.4509614408016196 7.1748023927211753 19.621048942208294
leaf_count=32 126 23 26 84 48 20 43 66 19 96 162 55 42 29 23 44 90 25 37 73 22 95 24 26 23 43 41 14 96 38 30 26 63
internal_value=0.00238031 0.00135435 0.00364866 0.001644 0.00374997 0.00712722 0.0111374 0.00849471 0.00477383 -0.00335042 -0.00332891 -3.41436e-05 -0.00576211 0.00655084 -0.0007713 0.00711534 -0.00331319 0.00287371 -0.00868499 -0.00890436 0.00366377 0.00589005 -0.00229515 0.00402083 -0.0061221 -0.00134709 0.0181446 -0.00335189 0.00104091 -0.0151771 -0.00984801 0.00310584 0.00599383
internal_weight=512.817 422.521 283.713 224.561 175.154 90.2962 59.1526 85.1416 62.1379 33.3377 138.808 86.4107 49.4066 43.1519 90.0123 21.5619 68.4504 35.376 52.3975 41.1676 69.4922 56.8785 24.8174 15.954 12.6137 26.6157 20.804 67.9563 33.6442 20.1085 33.0743 35.255 28.0802
internal_count=1704 1421 931 747 568 283 184 265 199 115 490 291 179 141 303 67 236 116 199 153 222 177 82 50 45 91 61 236 110 80 120 118 92
is_linear=0
shrinkage=0.0204897


Tree=26
num_leaves=27
num_cat=0
split_feature=20 8 8 8 8 8 8 17 5 10 8 20 13 5 13 13 13 13 10 5 17 17 20 13 13 5
split_gain=10.1774 8.09991 13.5873 11.3965 8.02215 7.13447 7.10451 6.9869 6.96567 5.61861 6.08533 6.80114 4.75224 3.70492 3.42987 7.74382 5.91356 9.06395 6.44975 4.9173 2.41469 3.4461 2.38948 2.32147 2.1449 1.91012
threshold=-1.4829235062602291 0.42553355490659567 0.048939682998566818 0.52170834830775936 0.92709523412078398 1.5018187030574215 1.4569885598847412 1.8820887824532846 -0.18450518327197035 1.1278497561598588 1.0052397912796833 -0.97505831060294212 0.32457798745906669 1.7771384120218723 0.67352918547239604 0.18735428736312462 0.73996352983101021 1.1717459264955667 -0.37730301518230774 -1.4630338856169327 0.37861839386817903 0.92504046582021371 0.17372689560907117 1.0345824141185795 -0.68961517080195278 -0.28929899870178516
decision_type=2 2 2 2 2 2 2 2 2 2 2 2 2 2 2 2 2 2 2 2 2 2 2 2 2 2
left_child=-1 2 7 -3 24 6 9 13 -7 10 11 -6 -4 14 15 19 20 23 -19 -2 -16 -22 -17 -18 -5 -21
right_child=1 3 12 4 5 8 -8 -9 -10 -11 -12 -13 -14 -15 16 22 17 18 -20 25 21 -23 -24 -25 -26 -27
leaf_value=0.015706576590609245 -0.016933370362060361 -0.008413338041599331 0.019459416509951491 0.017704942725101241 0.01420242874667654 -0.0054135901826175333 -0.015008528600275866 -0.012647704308540113 0.014751050626263215 -0.012873841444731113 0.016606092498864283 -0.007685213778378999 0.0016157095469061774 -0.010323540697571911 -0.00080261448022158005 0.019315674938248241 0.0096332596262409236 0.010447700546023292 -0.0041248285046250367 -6.1241415469339656e-05 -0.017289239280994174 -0.0014260246775507025 0.0075386165254184333 0.024017605623252024 0.0054442854174590188 0.0055367179512571234
leaf_weight=19.326063930988312 3.8365645110607138 63.372893214225769 24.266322106122974 11.634479627013208 6.7250987440347663 9.7302397787570971 16.760102435946465 11.087385997176169 17.065638959407806 9.5844459384679777 8.9181008040904981 18.352032959461216 7.4849333465099326 7.3516339957714072 27.141087859869003 15.164451509714128 17.069932833313946 15.005882129073141 42.673122778534889 35.758889436721802 10.110175713896753 10.267159968614576 13.814925596117972 6.0824895799159995 11.355344265699385 65.87275493144989
leaf_count=55 15 238 71 33 19 32 65 44 49 36 26 69 24 30 95 43 53 45 151 118 43 38 43 16 36 217
internal_value=0.00209105 0.00152495 0.00340108 -0.00185942 0.0019442 -0.000794043 -0.00451311 0.00201116 0.00746192 -0.000283392 0.00348839 -0.00154147 0.0153611 0.00264913 0.00304348 0.00521745 0.000748785 0.00395338 -0.000238009 0.00271034 -0.0046785 -0.00963104 0.0140284 0.0140606 0.0120043 0.00358049
internal_weight=505.812 486.486 312.988 173.498 110.125 87.1357 60.3398 281.236 26.7959 43.5797 33.9952 25.0771 31.7513 270.149 262.797 134.448 128.35 80.8314 57.679 105.468 47.5184 20.3773 28.9794 23.1524 22.9898 101.632
internal_count=1704 1649 1046 603 365 296 215 951 81 150 114 88 95 907 877 436 441 265 196 350 176 81 86 69 69 335
is_linear=0
shrinkage=0.0195628


Tree=27
num_leaves=29
num_cat=0
split_feature=14 14 3 14 14 14 14 14 14 3 9 4 14 4 0 9 15 14 14 9 15 4 0 0 9 15 9 9
split_gain=6.47557 19.6715 14.7947 8.59665 18.146 13.4898 33.9434 18.6376 8.56926 7.65489 5.71609 6.54932 5.6508 4.59105 4.29575 4.25673 4.24975 3.88234 4.5737 3.58637 3.5629 3.36653 3.36021 3.22067 3.2174 4.15648 2.8161 2.03267
threshold=1.7724413147135019 1.1363373556406191 -0.79400040430519903 0.96968499839693922 0.46814851029914545 0.26160392451939263 -0.39637255817794798 -0.52401811727297753 -1.1079474925031649 -0.16991514140074873 0.57354048463385998 0.76869193941721459 -0.1351705938880626 -1.2838578857754779 -1.1583864217249602 -0.32678568911673378 -1.1202900350009937 1.9430900739760919 2.505093081842046 0.1190157201694441 -0.28695024102108097 1.5956821153573748 1.0091012642859416 1.2578602451231748 1.5683530884899319 0.21665654945931132 0.050172342590447123 -0.41059181364277192
decision_type=2 2 2 2 2 2 2 2 2 2 2 2 2 2 2 2 2 2 2 2 2 2 2 2 2 2 2 2
left_child=1 3 -2 4 5 6 7 8 16 20 11 19 -8 -11 -10 23 -1 -4 -19 -7 -9 -13 -17 -5 25 -12 27 -14
right_child=2 -3 17 15 -6 10 12 9 14 13 24 21 26 -15 -16 22 -18 18 -20 -21 -22 -23 -24 -25 -26 -27 -28 -29
leaf_value=-0.0054376189252687271 0.013028785815005977 0.017938485117196586 -0.016524350498791179 -0.012548358033011828 0.012748029546719801 -0.0059998367260691151 0.020198193632042533 -0.0075174109858537255 -0.0016790595028192794 -0.016401558006748269 0.0089043296223350384 0.0060242346441107108 0.0090168172324334422 -0.0057701833786120158 0.01137658240453294 -0.0036832784919053532 0.0029197083059960063 0.0056890631284150783 -0.012209499470256244 -0.015527938688315299 0.0020353579757045946 -0.0071488276925153202 0.0073676160058364932 0.00042863619510578334 -0.0076327113325851429 -0.0048257452604660153 0.014433698684151579 -0.00018088193029003728
leaf_weight=16.121516734361649 7.4146321117877987 17.483100637793541 11.43540568649769 15.280666291713716 36.270959347486496 29.096339285373688 18.268105983734131 10.951179146766661 6.4813265055418006 12.765398666262625 15.422079846262937 12.02919587492943 17.761418968439106 34.784019902348518 38.223316013813019 18.298208549618725 78.600265637040138 5.4478953033685666 6.1092034876346588 13.691227257251738 36.337840050458908 5.9593511521816245 8.5652239769697172 5.8779136836528769 5.303591474890708 6.662001058459281 17.781537458300591 7.6932020485401145
leaf_count=59 20 47 47 60 102 107 48 43 21 53 46 38 52 129 110 65 257 16 23 57 122 21 26 19 20 23 48 25
internal_value=0.00211467 0.00254093 -0.00457996 0.00193612 0.00263102 0.00165066 0.00319955 0.000555748 0.00406965 -0.00460179 -0.00352696 -0.00609327 0.0131339 -0.0088412 0.00947314 -0.00408587 0.00146363 -0.010533 -0.00396128 -0.00926982 -0.000269784 0.00151851 -5.23114e-05 -0.00903425 0.0021674 0.00472315 0.00985203 0.00631248
internal_weight=516.116 485.709 30.4071 468.226 420.204 383.933 295.769 234.265 139.426 94.8384 88.1638 60.7761 61.5043 47.5494 44.7046 48.022 94.7218 22.9925 11.5571 42.7876 47.289 17.9885 26.8634 21.1586 27.3877 22.0841 43.2362 25.4546
internal_count=1704 1598 106 1551 1381 1279 967 794 447 347 312 223 173 182 131 170 316 86 39 164 165 59 91 79 89 69 125 77
is_linear=0
shrinkage=0.015149


Tree=28
num_leaves=39
num_cat=0
split_feature=1 1 1 1 1 15 1 7 9 9 5 9 15 15 0 15 15 15 15 15 0 1 0 7 5 5 5 5 9 9 7 7 0 0 1 15 15 7
split_gain=8.69622 24.7235 16.3108 13.1931 10.692 8.37118 7.75114 5.92908 5.26494 5.11288 5.08093 5.40882 5.43653 5.80522 4.77242 4.91263 4.5856 5.7341 12.7401 12.5744 10.4356 5.46136 4.76411 4.32793 4.28239 4.19451 3.96979 4.72321 3.72448 3.62384 3.89686 6.60837 3.35208 2.78464 2.62099 2.33864 2.04369 1.92729
threshold=0.62292798672448091 0.20795163876286785 0.11752195757100528 -0.21862644478704787 0.65622007451945119 -0.63282380450336062 0.96298412293608737 0.18103424444789548 0.28883552720705685 1.1190247459948086 -1.0084037297334967 -0.34916715764121181 -0.9448551457124581 -1.1531935327587746 0.77682473909133265 -1.1531935327587746 -0.28695024102108097 0.71039813614964453 0.67211674409850264 0.35477284107147511 0.58929110446304123 -0.7513692586336308 1.096262787866437 0.5299400897047416 -1.0000000180025095e-35 -0.74322438720032691 -0.94785317284575943 -1.5444854656121116 -0.070067702211071156 0.66645693193159439 1.0848232383219638 1.5644518453545337 -1.0507953084887356 -0.015672471178735492 1.1295139710379993 -0.28695024102108097 0.67211674409850264 1.4845582065284175
decision_type=2 2 2 2 2 2 2 2 2 2 2 2 2 2 2 2 2 2 2 2 2 2 2 2 2 2 2 2 2 2 2 2 2 2 2 2 2 2
left_child=1 2 3 5 9 10 25 35 24 -2 -1 12 13 -12 15 -13 -7 18 19 -18 -19 -22 -20 -9 -8 -6 27 -10 -3 32 -31 37 -28 -5 -26 -4 -37 -32
right_child=4 28 7 33 6 16 8 23 26 -11 11 14 -14 -15 -16 -17 17 20 22 -21 21 -23 -24 -25 34 -27 29 -29 -30 30 31 -33 -34 -35 -36 36 -38 -39
leaf_value=0.0098201507093914082 -0.0094772606662723996 0.0074780908442332473 -0.0036098022562584832 0.0073468575142842498 0.00066738506790928838 0.013487068685339528 0.0025708449384675082 0.011073665482224859 0.0070376469503349165 0.0014914794749864438 0.005372163786186903 -0.00023663472102616547 0.010543232101794416 -0.016344905745889482 0.003572302739603855 -0.016255036879347373 0.0018082184798626649 0.01353813361022221 -0.012265764516239073 0.016854438265392992 0.0060632982785738384 -0.003814792229074646 0.00050604133428128239 -0.0021675294472591313 -0.019296823500603917 0.015094306517877746 0.0067327035582712448 -0.0049401024133336998 0.018481518219619852 0.014923220426960931 0.0026616002353763257 0.013673135028409047 -0.0078918836094865139 0.016123695359063321 -0.003678960254751249 -0.016083986963558772 -0.005927738787013739 -0.0090536389333124301
leaf_weight=5.2299585044383994 30.345460593700409 10.730408057570456 15.505872428417204 15.895750924944876 6.2348948717117336 9.8482930064201337 5.5402536541223535 5.9554643779993084 8.7236011922359449 12.203507363796232 4.606648951768876 5.5233486145734814 7.4439955651760092 4.2340881377458581 4.9061114490032187 13.741682112216951 75.677533462643623 28.523644477128983 15.30492775142193 13.025002568960188 32.368356943130493 17.525858476758003 9.7560700029134733 21.041174098849297 5.0465987622737849 12.427870273590086 5.0198921412229538 24.414939373731613 24.317996829748154 9.7277173250913638 4.8922900110483187 6.9694083184003821 6.7012212276458722 19.092494577169418 4.3208728581666946 9.3108542412519473 9.4357513040304166 5.5434894859790802
leaf_count=15 119 31 57 46 19 26 19 16 26 39 14 19 22 17 16 58 249 78 60 33 97 61 33 72 23 32 15 87 61 26 15 18 25 49 16 39 35 21
internal_value=0.00269908 0.00386202 0.00266093 0.00413047 -0.000280827 0.00293097 0.0021944 -0.00408615 0.000340455 -0.00635095 -0.00263923 -0.00441995 0.00198269 -0.00547097 -0.00866774 -0.0118276 0.00419652 0.00366647 0.0015679 0.00414794 0.00666518 0.00258929 -0.00740818 0.000985572 -0.00726806 0.0104604 0.0019792 -0.00168712 0.0153266 0.00508026 0.00792673 0.00354825 -0.00156749 0.0123694 -0.0128945 -0.00802638 -0.0114017 -0.00372325
internal_weight=527.113 379.001 343.953 282.704 148.112 247.716 105.563 61.2491 86.9003 42.549 45.6858 40.4559 16.2847 8.84074 24.1711 19.265 202.03 192.181 113.764 88.7025 78.4179 49.8942 25.061 26.9966 14.9077 18.6628 71.9926 33.1385 35.0484 38.854 27.1329 17.4052 11.7211 34.9882 9.36747 34.2525 18.7466 10.4358
internal_count=1704 1204 1112 893 500 798 342 219 291 158 161 146 53 31 93 77 637 611 375 282 236 158 93 88 58 51 233 113 92 120 80 54 40 95 39 131 74 36
is_linear=0
shrinkage=0.01451


Tree=29
num_leaves=33
num_cat=0
split_feature=1 1 1 1 1 15 16 5 16 16 5 5 0 5 15 15 0 5 15 15 0 5 16 16 16 0 0 0 0 5 16 16
split_gain=6.29411 20.2359 12.4302 9.5935 7.31198 6.6745 6.49158 4.8151 4.62154 4.07881 3.97004 6.82604 7.32389 6.22442 4.5311 7.63884 5.56461 4.3951 3.80807 6.75403 3.4525 5.12884 3.54979 3.1619 3.13829 3.08797 2.76192 2.6728 2.67209 2.55472 2.77021 2.06455
threshold=0.62292798672448091 0.20795163876286785 0.11752195757100528 -0.21862644478704787 0.65622007451945119 -0.63282380450336062 -1.2983120440966671 -1.0084037297334967 -0.28752228086561837 -1.3593660283637943 -0.28929899870178516 -0.4881452953217586 1.096262787866437 0.085781600008356121 0.74314689909719511 0.67211674409850264 0.58929110446304123 -0.84952538589301829 -1.1531935327587746 -1.1202900350009937 -1.4161588957338955 -1.0084037297334967 0.44566064098591512 -0.18473394709489996 0.3439896182440651 -0.015672471178735492 -0.79802577088015336 1.9703515112429311 -0.94358100105149412 -1.2639753096641599 -0.70482724793501983 -1.0544300160712694
decision_type=2 2 2 2 2 2 2 2 2 2 2 2 2 2 2 2 2 2 2 2 2 2 2 2 2 2 2 2 2 2 2 2
left_child=1 2 3 5 23 7 9 -1 29 -6 11 12 17 -12 15 -15 -16 -7 -9 -20 22 -22 -10 -2 -4 -5 28 -14 -23 -8 -31 -3
right_child=4 31 24 25 6 10 8 18 20 -11 13 -13 27 14 16 -17 -18 -19 19 -21 21 26 -24 -25 -26 -27 -28 -29 -30 30 -32 -33
leaf_value=0.01740571576854957 0.00075392544813046591 0.0088796962863605163 -0.013874176597558076 0.009572193305547998 -0.002217386471076754 0.00784466417646929 0.02927796916286269 0.0045414168843802673 -0.0009448582414592568 -0.030200428064726462 0.026247453164393603 -0.0094053773394853751 -0.020002232799098754 0.0073678227168954679 0.02631664102619637 -0.01357498202099462 0.0059159924876368017 0.031051169130054363 -0.033429848017120151 -0.0050269236829231989 -0.024806766079874195 0.002168185124459902 0.024495650868164073 -0.01572852078200436 -0.0013503262027040296 0.027190821134397209 0.009916910455872438 0.0046484592116506074 -0.016348935437223176 0.0024825540144141423 0.024447300747394391 0.028857218137865358
leaf_weight=5.1200693398714057 12.037646636366842 5.4303407073020926 31.434052467346191 14.601025447249411 9.9447150677442533 20.638546481728554 6.2570585757493999 10.791979551315302 7.8502381742000562 5.692901983857154 13.000850558280943 28.600861921906471 6.8573246002197248 52.545487955212593 15.42376972734928 16.451523542404175 27.631309315562248 8.3258155733346957 8.5158963054418546 20.043802276253707 5.8419073224067679 15.400534570217127 7.5279081910848618 29.770236313343048 28.306297987699509 17.479947000741959 15.247800156474119 5.2510931640863419 8.3904592543840391 13.972953468561176 5.4774335920810673 26.674232423305511
leaf_count=15 41 17 118 46 35 65 17 36 25 24 38 101 26 173 43 62 90 23 37 73 22 53 20 117 101 49 50 16 33 47 16 75
internal_value=0.00333306 0.00524809 0.00320538 0.00569531 -0.0015172 0.00377652 0.00245524 -0.0057163 0.00542649 -0.0133255 0.00595958 0.000710656 0.0077964 0.00886317 0.00667556 0.00227543 0.0135581 0.015154 -0.00903182 -0.0141614 0.00122405 -0.00264109 0.0120642 -0.0110399 -0.00802527 0.0195649 0.0011085 -0.00960017 -0.00467047 0.0149501 0.00939731 0.0257189
internal_weight=506.536 363.124 331.02 271.279 143.412 239.198 101.604 44.4717 85.9663 15.6376 194.727 69.6736 41.0728 125.053 112.052 68.997 43.0551 28.9644 39.3517 28.5597 60.2588 44.8807 15.3781 41.8079 59.7404 32.081 39.0388 12.1084 23.791 25.7074 19.4504 32.1046
internal_count=1704 1204 1112 893 500 798 342 161 283 59 637 231 130 406 368 235 133 88 146 110 203 158 45 158 219 95 136 42 86 80 63 92
is_linear=0
shrinkage=0.0273845


Tree=30
num_leaves=27
num_cat=0
split_feature=18 18 1 5 18 18 18 18 18 18 19 3 18 18 5 9 1 19 9 3 9 19 3 9 1 1
split_gain=6.67109 15.8698 8.51826 6.14992 5.31953 14.9523 8.13537 12.6027 5.55738 10.5871 6.52944 5.1981 5.20394 3.96035 3.22997 3.52182 3.73655 4.99679 4.14224 3.10355 2.82358 2.44562 2.43143 2.22696 2.10269 3.92065
threshold=-0.68494468518227081 -0.36580584482134909 -0.82274266399080298 -0.14821815412321912 -0.23316328638550854 0.20668945804000563 0.23964254780184691 0.69657992174808581 0.72953301150992711 1.0928289921517162 -1.0507953084887356 0.71778927046898822 -0.33225559409586775 -0.78133156242930946 1.7771384120218723 -1.5822559785204351 0.62292798672448091 -0.94358100105149412 0.20239802304550458 1.1992716791815741 -0.34916715764121181 0.21358214612304297 0.57701097390559453 -0.34916715764121181 -0.21862644478704787 0.11752195757100528
decision_type=2 2 2 2 2 2 2 2 2 2 2 2 2 2 2 2 2 2 2 2 2 2 2 2 2 2
left_child=2 -2 3 -1 11 -6 20 21 -9 -10 -11 12 -3 -5 15 -4 18 -18 24 -13 -7 -8 -14 -16 -17 -26
right_child=1 4 14 13 5 6 7 8 9 10 -12 19 22 -15 23 16 17 -19 -20 -21 -22 -23 -24 -25 25 -27
leaf_value=-0.0050427384944066247 0.020093970762341738 0.014933049019430518 0.014224126567239662 0.02114720379547539 0.016767322677285989 0.0022746794231921583 0.018398046208025886 -0.0048704513630614893 0.01704241589490043 -0.0070205058977451011 0.0054221246123959572 0.017035601891542362 -0.0058544834256199167 0.00061026538133156563 -0.023213408518967641 -0.0083081178029530828 0.0064878067403557156 -0.014102736436954652 0.0091868517529413822 -0.0014998371149755598 -0.0071343287080071743 0.0057620000209085594 -0.021532683834089381 -0.0039082879310866313 0.013481500128777777 -0.0048338715322727936
leaf_weight=9.608546122908594 23.771307975053787 4.2244435697793952 4.0584184974431983 13.11357092857361 34.158794775605202 19.785376995801926 27.018030419945717 41.775954321026802 21.171512931585312 29.934514507651329 46.147397741675377 7.4479216933250409 46.214141741394997 5.8483834415674201 5.6696350872516632 22.902144297957417 5.9816704839468029 24.34527051448822 12.928377732634543 7.3321706801652908 44.941080078482628 10.04847566783428 4.165435165166854 4.9768134355545026 6.4580128043890062 16.620669305324554
leaf_count=32 72 13 11 37 105 63 81 147 63 107 144 21 172 19 25 89 19 100 41 24 170 32 17 19 19 62
internal_value=0.00234632 0.00379854 -0.00168601 0.00831313 0.00262959 0.00393854 0.0020694 0.00440454 0.00147267 0.0042146 0.000505844 -0.0025427 -0.00553211 0.0150458 -0.0044797 -0.00316108 -0.00407439 -0.00995841 -0.000954464 0.00819388 -0.00425932 0.0151408 -0.00746513 -0.0150175 -0.00391451 0.000568381
internal_weight=500.648 368.137 132.512 28.5705 344.365 274.981 240.822 176.096 139.029 97.2534 76.0819 69.3841 54.604 18.962 103.941 93.2946 89.2361 30.3269 58.9092 14.7801 64.7265 37.0665 50.3796 10.6464 45.9808 23.0787
internal_count=1704 1231 473 88 1159 912 807 574 461 314 251 247 202 56 385 341 330 119 211 45 233 113 189 44 170 81
is_linear=0
shrinkage=0.0210014


Tree=31
num_leaves=33
num_cat=0
split_feature=17 17 3 8 8 3 1 1 3 10 10 8 8 17 17 3 17 8 8 3 3 1 11 10 17 10 3 3 1 8 11 1
split_gain=7.75885 6.24997 7.80949 9.983 11.5791 7.18655 8.37676 9.58837 6.45522 5.65019 5.73989 5.40787 5.72399 5.11571 12.596 14.7372 5.61133 6.74964 4.77055 4.61744 6.91327 4.52619 7.60315 6.90202 3.94599 3.62447 3.36366 3.19253 2.7784 2.36353 2.24872 2.09572
threshold=1.8820887824532846 -1.7262352614522998 -0.85170420315479034 0.42553355490659567 0.048939682998566818 0.67612219066129453 0.11752195757100528 -0.21862644478704787 -1.2195966474792888 0.63906850748389787 0.35972910352989412 -1.5006197890827797 -1.9444072026060437 -0.13036439411240175 -0.49788046436624273 0.072813342042342036 -0.10562350493300683 -1.4586759600843984 0.52170834830775936 1.9301714619220829 1.0823857397226997 -0.7513692586336308 0.29947895875098479 1.2689838800596598 1.0000000180025095e-35 0.16295063528393111 -1.2764487552916808 -1.6891796167818998 -0.65435959219635331 1.0052397912796833 1.0000000180025095e-35 -0.3899351112871326
decision_type=2 2 2 2 2 2 2 2 2 2 2 2 2 2 2 2 2 2 2 2 2 2 2 2 2 2 2 2 2 2 2 2
left_child=1 28 8 4 11 6 7 9 21 10 -5 12 24 14 15 -13 25 -18 -8 20 -2 22 23 -3 -4 -15 -23 -25 -1 -20 -10 -11
right_child=19 2 3 5 -6 -7 18 -9 30 31 -12 13 -14 16 -16 -17 17 -19 29 -21 -22 26 -24 27 -26 -27 -28 -29 -30 -31 -32 -33
leaf_value=-0.013047097860085793 -0.016696645299935468 -0.014543745990543059 -0.0054853051434009025 -0.0010897646822964869 0.012989910636651175 0.011156171579046569 -0.017144553957238916 0.014292851979192046 0.0058293397124112301 -0.0056464679372914151 0.016064142472369872 0.0079531611481242683 0.017950051254817662 -0.0097728038833620398 0.016224104882957776 -0.0075618832113083555 -0.0098176433264164087 0.0028543418844085722 0.0030285104192983451 -0.020365126630254578 0.0062062580124580321 0.0065639802529161807 0.0128936607669393 -0.0027141792486648202 0.010327457594934588 0.00013842404569554541 -0.0065990608033930833 0.01206803453256074 -0.00092244733113421625 -0.010968587999643672 0.017888726335682142 -0.016564307416275764
leaf_weight=7.7279406189918545 4.393072649836542 5.0695940554142025 6.9006446450948733 42.381687566637993 27.310970962047577 8.5796348154544813 13.241628646850588 8.4285906404256803 6.2783892005682018 23.859273061156276 4.5161132812499991 34.536912187933922 9.9422989487647992 19.662856787443161 17.547402247786522 25.246283128857613 10.585907682776449 105.01831991970539 6.3333269059658033 4.5271207243204108 7.6242502778768539 6.687062308192254 24.179813727736473 5.9148320853710183 6.9246393889188766 16.082549810409546 12.161125659942627 7.2197329103946659 10.279356285929678 4.2673893123865128 14.471906781196592 4.9616194963455191
leaf_count=29 19 19 24 149 80 24 57 23 19 85 12 105 25 76 48 92 42 348 21 21 24 21 68 20 19 55 45 20 35 17 41 21
internal_value=0.00207284 0.00242901 0.00277318 0.00185534 0.00345673 -0.00198488 -0.00310659 -0.00075014 0.00714997 -0.00255857 0.000806351 0.00238775 0.00936781 0.00163186 0.00488536 0.00138906 -4.74678e-05 0.00163246 -0.0111315 -0.00821966 -0.00270293 0.00449121 0.00728641 -0.000372558 0.0025884 -0.00539796 -0.0018313 0.00560735 -0.00643209 -0.00300123 0.0145515 -0.00791191
internal_weight=512.862 496.318 478.311 396.328 279.759 116.569 107.99 84.1473 81.9825 75.7187 46.8978 252.448 23.7676 228.68 77.3306 59.7832 151.35 115.604 23.8423 16.5444 12.0173 61.2322 42.384 18.2042 13.8253 35.7454 18.8482 13.1346 18.0073 10.6007 20.7503 28.8209
internal_count=1704 1640 1576 1323 914 409 385 290 253 267 161 834 68 766 245 197 521 390 95 64 43 193 127 59 43 131 66 40 64 38 60 106
is_linear=0
shrinkage=0.0156613


Tree=32
num_leaves=28
num_cat=0
split_feature=18 18 14 1 14 14 5 14 14 14 1 15 18 14 14 18 15 0 14 18 15 5 0 0 0 14 15
split_gain=5.80573 14.4053 9.7808 7.28951 6.83807 5.36344 5.28502 4.52895 18.3135 9.89916 7.38693 6.77556 4.68077 6.5728 6.99919 6.42673 3.91726 3.89661 3.78817 3.5383 3.44065 2.803 2.9413 6.14592 3.44641 2.77458 2.00896
threshold=-0.68494468518227081 -0.36580584482134909 1.7724413147135019 -0.82274266399080298 1.1363373556406191 1.9430900739760919 -0.14821815412321912 -0.45773049097128432 0.26160392451939263 -0.52401811727297753 0.11752195757100528 0.71039813614964453 0.20668945804000563 0.96968499839693922 0.46814851029914545 -0.16707140436703558 -1.4869977810430386 -0.64446061941756916 -0.63665922088383342 -0.78133156242930946 -0.28695024102108097 1.7771384120218723 -0.26761751293013808 -0.94358100105149412 0.075895068724516776 -0.1351705938880626 -0.28695024102108097
decision_type=2 2 2 2 2 2 2 2 2 2 2 2 2 2 2 2 2 2 2 2 2 2 2 2 2 2 2
left_child=3 -2 4 6 7 -4 -1 9 25 11 26 16 15 14 -14 20 -3 -13 -18 -8 -10 22 23 -5 -24 -9 -11
right_child=1 2 5 21 -6 -7 19 8 12 10 -12 17 13 -15 -16 -17 18 -19 -20 -21 -22 -23 24 -25 -26 -27 -28
leaf_value=-0.0049606027772916604 0.021250674331453927 -0.012700429924446904 -0.027604640687865199 0.0087660329196260524 0.023304129325877176 0.0020675352963771916 0.021936286785971468 0.026979556230326444 0.013203352268242935 -0.0073717405300627436 -0.013500453794695595 0.00059506345582051269 -0.0027702813110940445 -0.014910038376739819 0.018076215107571708 0.023268385265629542 0.0017943405362329382 0.022865805411587635 0.017828786746439059 0.00062528432184903553 -0.0035844631798099794 -0.015319354568386935 0.018127281846849395 -0.016166895271639139 -0.0019985724887224541 0.013701980177433926 0.0047277521690275836
leaf_weight=9.646745830774309 22.977763950824738 7.7861250191926947 7.6834334731101972 6.4774254560470608 8.1468746215105039 4.9302245527505875 12.741718262434008 14.52862900495529 8.5484119951725024 9.2326683998107892 35.227428331971169 5.6931058764457729 42.253984943032265 16.660530835390091 9.7537026405334455 9.048324301838873 69.034079805016518 14.182406455278395 7.9530981928110114 5.8738056868314734 19.795538365840912 10.482298910617827 3.9789203852415076 18.862006306648254 63.660822555422783 26.448800921440125 25.068168208003044
leaf_count=32 72 29 33 20 24 16 37 43 27 35 138 19 144 62 29 27 234 41 24 19 71 44 11 83 227 82 81
internal_value=0.002468 0.00395898 0.00275012 -0.00166113 0.00352533 -0.0164737 0.00852511 0.00296645 0.00592561 0.000453009 -0.00622828 0.00490503 0.000844644 -0.00271654 0.00135431 0.00729887 0.00201186 0.016698 0.00361782 0.015467 0.00171139 -0.00449036 -0.00315057 -0.00969564 -0.000613978 0.0188127 0.00136556
internal_weight=496.677 364.953 341.976 131.724 329.362 12.6137 28.2623 321.215 147.038 174.177 69.5283 104.649 106.06 68.6682 52.0077 37.3923 84.7733 19.8755 76.9872 18.6155 28.344 103.461 92.9792 25.3394 67.6397 40.9774 34.3008
internal_count=1704 1231 1159 473 1110 49 88 1086 485 601 254 347 360 235 173 125 287 60 258 56 98 385 341 103 238 125 116
is_linear=0
shrinkage=0.022991


Tree=33
num_leaves=26
num_cat=0
split_feature=2 2 2 2 2 6 6 7 9 3 9 9 6 2 9 9 5 6 6 5 7 5 2 7 9
split_gain=10.3824 8.3648 24.8404 15.7954 11.1601 5.42331 6.54184 4.23783 8.15668 4.10692 3.79984 6.32389 6.35508 6.12954 3.7662 4.29726 3.46573 3.20759 13.5344 2.30243 2.20644 2.166 2.12038 1.98173 1.91773
threshold=-2.0895454277318604 -0.43797190448600692 -0.41179469819859527 0.086563618832801587 -0.89062248308965575 -0.12330147066940911 0.30024969913377902 1.4845582065284175 0.20239802304550458 0.29417338206432081 -0.90879232048880942 -0.32678568911673378 0.94460937826905134 0.67870383561641567 0.1190157201694441 -0.80220670362787938 -0.4881452953217586 1.6923952119014076 1.4731682945766835 -0.74322438720032691 -0.82027280025178828 -0.43507546212187664 -1.129825164748411 -1.0000000180025095e-35 -0.34916715764121181
decision_type=2 2 2 2 2 2 2 2 2 2 2 2 2 2 2 2 2 2 2 2 2 2 2 2 2
left_child=21 4 -3 9 7 16 -7 8 14 -4 17 13 -13 -12 15 20 -5 18 -8 -11 -2 -1 -9 -22 -18
right_child=1 2 3 5 -6 6 10 22 -10 19 11 12 -14 -15 -16 -17 24 -19 -20 -21 23 -23 -24 -25 -26
leaf_value=-0.026404148040146239 0.0035173914773854722 -0.011028875895633944 0.022094037156340361 0.0025111754111104469 0.016299426210203166 0.01391992827179188 0.008941492616017125 0.0015247183286347143 0.01230576899428816 -0.0032716504114431175 -0.01643335095139686 0.00068953561625109466 0.014289176109837971 -0.0012704967785423227 -0.014512000420405765 0.0080434774758757419 -0.00067908951718648701 0.016928809022115313 -0.021835437702588171 0.012871879187468722 -0.02088148040802755 -0.0077497711224109303 -0.011976513077692631 -0.001959576631240217 -0.011226581122997027
leaf_weight=4.5716657638549805 5.1134117990732184 58.735793471336365 19.215953290462494 19.321240141987801 35.899203032255173 19.425429090857506 34.749675512313843 8.6747717708349228 33.87295164167881 4.9999008923768988 12.776615515351294 53.350179359316826 18.166830629110336 54.324611097574234 6.2604045867919913 17.972035303711891 10.024594187736509 9.0494310408830625 6.1165437549352637 9.5946364849805814 4.3429988026618949 6.4855976998805982 9.1115019768476486 4.2239793092012432 23.035908639431
leaf_count=21 17 236 58 65 110 62 109 30 106 17 53 185 54 193 27 58 34 27 25 31 20 23 37 15 91
internal_value=0.00200292 0.00246121 0.000863927 0.00326238 0.00692004 0.00155525 0.00301681 0.00305305 0.00523078 0.0160688 0.00183941 0.000109443 0.00426132 -0.00431466 -0.0012084 0.00171127 -0.00420481 0.00656547 0.00399455 0.00746329 -0.006579 -0.0166204 -0.00558259 -0.0124517 -0.00810742
internal_weight=489.416 478.359 352.887 294.152 125.471 260.341 207.959 89.5721 71.7858 33.8105 188.534 138.618 71.517 67.1012 37.9128 31.6524 52.3817 49.9157 40.8662 14.5945 13.6804 11.0573 17.7863 8.56698 33.0605
internal_count=1704 1660 1240 1004 420 898 708 310 243 106 646 485 239 246 137 110 190 161 134 48 52 44 67 35 125
is_linear=0
shrinkage=0.0201883


Tree=34
num_leaves=30
num_cat=0
split_feature=17 17 7 15 15 15 13 8 15 15 7 7 7 0 17 17 7 7 13 8 8 13 17 7 8 7 17 17 17
split_gain=6.62379 5.79879 6.15183 5.96043 10.2878 10.7494 6.29705 7.1765 6.01515 7.27 7.06427 6.18688 5.23478 4.04587 2.97008 7.42292 4.52394 3.29207 2.8076 2.50104 3.04563 2.41932 2.27515 2.14189 2.13858 2.10806 1.99493 1.94948 1.90903
threshold=1.8820887824532846 -1.7262352614522998 -0.8935767729440246 0.71039813614964453 0.67211674409850264 0.29116651841253111 0.61490634720966009 0.42553355490659567 0.21665654945931132 -0.12641803323345716 -0.26583658482661171 0.10975706181260961 -0.82027280025178828 1.096262787866437 -0.62531254299813366 -0.90133254375089922 1.0316381884685504 0.5299400897047416 0.12463438508862672 0.39152524441811581 -0.49855942104084622 0.047615600439395535 -0.45762203082914726 -1.1401522402143931 1.4569885598847412 0.31149716134452315 0.60399555032832841 -0.72939701157122128 -0.13036439411240175
decision_type=2 2 2 2 2 2 2 2 2 2 2 2 2 2 2 2 2 2 2 2 2 2 2 2 2 2 2 2 2
left_child=1 2 -1 4 5 8 7 -5 9 10 26 -12 23 27 15 -10 17 -16 -4 20 -8 -7 -11 -9 -15 -14 -3 -6 -29
right_child=-2 3 18 6 13 21 19 12 14 22 11 -13 25 24 16 -17 -18 -19 -20 -21 -22 -23 -24 -25 -26 -27 -28 28 -30
leaf_value=-0.027605682580360287 -0.012475946994242483 -0.0055049829819483658 0.010124641778682724 0.020772960992469208 -0.0046962898679952835 0.024476119174763632 -0.011330103059276097 0.0091027087271958497 -0.017787312204990649 0.0026827665132310718 0.019854620022039658 0.0034588797474116666 -0.0042994928017166889 0.01084861505721756 -0.010483660309703021 0.0099999876432464545 -0.030541173066206719 0.0083302594064128908 -0.012043472197977786 -0.018766880060390574 0.01382593510661817 0.0089929488693607854 0.01844983048693764 0.026204245707612532 -0.0091381138308150069 0.011666333411873869 0.0041462241943276846 -0.02757053220652789 -0.011178816301002982
leaf_weight=6.2458098232746151 15.81991697847843 62.818721652030945 6.3698275387287122 27.070352226495743 8.8188441246747953 13.416019335389139 4.447424739599227 16.331224933266643 6.9957192242145547 6.93455742299557 13.448840811848639 126.41336862742901 22.542825400829319 6.2358702868223173 19.655482098460205 15.839306563138962 4.2049571126699439 6.1838834136724463 4.7955692261457443 4.5063694268465033 4.5311030447483054 11.413685843348501 20.788325220346451 5.3699741065502158 4.2985220700502396 4.862310752272605 13.955312475562094 7.4114130884408977 11.20632389187813
leaf_count=25 64 238 20 83 32 41 17 51 27 24 42 443 82 21 77 50 19 21 19 17 14 37 66 17 16 15 49 32 45
internal_value=0.00213439 0.00265015 -0.0103867 0.00317294 0.00181002 0.00318334 0.00858209 0.0111973 0.00191622 0.00347599 0.00199677 0.00513895 0.00567723 -0.00966098 -0.00523481 0.00115469 -0.0100091 -0.00586039 0.000390877 -0.00594612 0.00142722 0.0178184 0.0146565 0.01409 0.0025753 -0.00119911 -0.00372108 -0.0143264 -0.0185382
internal_weight=482.932 467.112 17.4112 449.701 360.039 322.068 89.6616 76.1767 297.238 244.359 216.636 139.862 49.1063 37.971 52.8793 22.835 30.0443 25.8394 11.1654 13.4849 8.97853 24.8297 27.7229 21.7012 10.5344 27.4051 76.774 27.4366 18.6177
internal_count=1704 1640 64 1576 1280 1134 296 248 1056 862 772 485 165 146 194 77 117 98 39 48 31 78 90 68 37 97 287 109 77
is_linear=0
shrinkage=0.0235683


Tree=35
num_leaves=19
num_cat=0
split_feature=14 14 3 14 14 14 14 15 14 14 15 8 8 14 8 8 14 14
split_gain=4.71152 13.4713 11.0567 5.52792 11.029 4.33641 20.0803 10.3984 7.3226 5.83834 4.73631 4.3851 4.35402 3.94471 3.54395 3.0054 2.33526 3.04683
threshold=1.7724413147135019 1.1363373556406191 -0.79400040430519903 0.96968499839693922 0.53389171656532852 0.26160392451939263 -0.39637255817794798 -1.1202900350009937 -0.52401811727297753 -0.1351705938880626 -0.84246196395561734 -1.5006197890827797 -0.2749291275541404 0.46814851029914545 0.42553355490659567 -0.13513481892041182 1.9430900739760919 2.505093081842046
decision_type=2 2 2 2 2 2 2 2 2 2 2 2 2 2 2 2 2 2
left_child=1 3 -2 4 5 6 7 11 10 -8 -9 -1 -13 14 -7 -11 -4 -18
right_child=2 -3 16 -5 -6 13 9 8 -10 15 -12 12 -14 -15 -16 -17 17 -19
leaf_value=0.0089704752681632246 0.024412126696690593 0.033555845779838528 -0.031624032032836216 -0.0081676585054313404 0.028680567690586627 -6.2867846407828218e-05 0.039300238870247549 0.037567937139233329 -0.0043115991754169641 0.024758698590636449 0.0072072789166134372 -0.027625784864773923 -0.0011866339019468832 0.012105503604946598 -0.013314921969650175 0.0063671055613755412 0.008222162119895229 -0.023991472149616885
leaf_weight=6.1175649762153617 6.6965800970792797 14.367023646831511 10.629592165350916 45.572436019778252 16.969237253069878 48.024713143706322 14.90789447724819 4.9244610965251914 74.785053744912148 17.506472662091255 103.09431512653828 22.040052980184555 9.2630697339773196 14.214596092700956 37.423445776104927 20.604566365480423 5.0349247455596906 5.9789763540029526
leaf_count=19 20 47 47 170 55 168 48 14 278 54 354 94 35 47 144 71 16 23
internal_value=0.00268066 0.00349533 -0.00998401 0.0024433 0.00369812 0.00250197 0.00461463 0.000267174 0.00347439 0.0224014 0.00885914 -0.0151459 -0.0200018 -0.0032803 -0.00593363 0.0151479 -0.0211704 -0.00970649
internal_weight=478.155 449.815 28.3401 435.448 389.875 372.906 273.243 220.225 182.804 53.0189 108.019 37.4207 31.3031 99.6628 85.4482 38.111 21.6435 11.0139
internal_count=1704 1598 106 1551 1381 1326 967 794 646 173 368 148 129 359 312 125 86 39
is_linear=0
shrinkage=0.0324955


Tree=36
num_leaves=26
num_cat=0
split_feature=18 18 19 5 18 18 18 18 18 15 15 19 18 9 9 18 19 18 19 19 19 9 15 15 15
split_gain=4.38798 12.577 5.01289 7.0656 4.36423 4.90523 10.4118 7.42462 7.89531 6.69789 4.65466 5.13943 4.46218 3.05509 2.83916 2.44564 2.38175 2.26746 2.12655 2.47599 2.72619 2.10419 2.01391 1.91104 2.25963
threshold=-0.68494468518227081 -0.36580584482134909 1.1752502371343501 -0.43507546212187664 2.026934388300194 -0.23316328638550854 0.20668945804000563 0.23964254780184691 0.69657992174808581 -0.63282380450336062 0.21665654945931132 0.075895068724516776 0.72953301150992711 -1.5822559785204351 0.45155355755330312 -0.78133156242930946 1.096262787866437 -1.2090590263126213 -0.26761751293013808 1.096262787866437 0.77682473909133265 -1.3020693284229601 -1.1531935327587746 1.1894433544193743 0.21665654945931132
decision_type=2 2 2 2 2 2 2 2 2 2 2 2 2 2 2 2 2 2 2 2 2 2 2 2 2
left_child=2 -2 13 -4 5 22 -7 10 -9 -10 11 -8 -11 -1 18 17 -12 -16 -15 20 -20 -5 -3 24 -24
right_child=1 4 3 21 -6 6 7 8 9 12 16 -13 -14 14 15 -17 -18 -19 19 -21 -22 -23 23 -25 -26
leaf_value=0.0073059470619256817 0.01411244067315519 0.0052587247944579103 -0.0069412790581080078 0.00061175103978318478 -0.0065653417116503581 0.011629940666142854 -0.0019774062591260359 0.010444364784241706 -0.0039493014329017705 -0.0011416098875613582 -0.00057231936685986926 -0.015167495453422504 0.0066284402510217782 -0.011165297038999445 0.00056302642491037479 -0.0051202703288868185 0.009671474285722086 0.012845547593212561 -0.0037544135423599667 -0.010614792771632506 0.0076292854070688807 0.010858692163664871 -0.00099267845148296808 0.0046226198443739212 -0.0077413083047699911
leaf_weight=6.3194106519222251 21.883156940340996 8.7715290784835798 9.9546895623207075 6.7994079142808905 14.256253629922865 32.049059227108955 21.04750919342041 35.007158905267715 34.802370995283127 26.778197750449181 25.154313087463382 11.09893676638603 60.610929742455482 12.944993913173674 13.556971207261087 11.415631964802744 6.6134972572326651 4.501985788345336 28.711957886815071 9.7262911349534971 5.7237174659967414 19.989027068018917 31.917495965957642 7.3617596179246894 20.355508461594582
leaf_count=19 72 27 35 22 52 105 78 113 126 92 89 47 191 61 48 44 19 13 110 41 18 62 116 24 80
internal_value=0.00170487 0.00261518 -0.000806964 0.00412407 0.0018342 0.00222237 0.00324511 0.00199243 0.00385171 0.00190821 -0.00257102 -0.00677993 0.00425581 -0.00277734 -0.00357624 0.000440455 0.00174231 0.0040331 -0.00562928 -0.00384118 -0.00173023 0.00833269 -0.0015549 -0.00261774 -0.00369535
internal_weight=487.352 357.708 129.644 36.7431 335.825 321.568 253.162 221.113 157.199 122.191 63.9143 32.1464 87.3891 92.901 86.5815 29.4746 31.7678 18.059 57.107 44.162 34.4357 26.7884 68.4063 59.6348 52.273
internal_count=1704 1231 473 119 1159 1107 860 755 522 409 233 125 283 354 335 105 108 61 230 169 128 84 247 220 196
is_linear=0
shrinkage=0.0159635


Tree=37
num_leaves=35
num_cat=0
split_feature=13 13 15 15 15 15 7 19 16 16 7 7 18 19 15 15 18 15 13 18 13 19 18 16 19 19 19 15 7 7 18 13 19 19
split_gain=7.76037 10.7083 9.47692 7.97826 9.05789 18.3312 6.00917 10.41 8.19177 5.98441 5.33295 5.4198 5.26735 5.09824 4.87856 5.29326 5.04987 4.60891 4.54863 12.0706 7.12926 7.73781 4.54456 4.42207 4.33514 4.26402 2.84646 2.67319 2.44324 5.04688 2.3536 2.33279 2.22446 2.85926
threshold=0.67352918547239604 0.18735428736312462 -1.2853920775174386 0.71039813614964453 0.67211674409850264 0.29116651841253111 -0.31644397347939074 -0.32211258526418346 -0.60489426457140938 -0.98391955646785845 0.67082105395393377 1.0316381884685504 0.31613012830319914 1.6771854073830279 0.67211674409850264 -1.5634092688864303 2.104823840575945 -0.15246849817367569 0.047615600439395535 0.40938191049112799 -0.37892616555324304 0.21358214612304297 -0.46615073406519675 0.3439896182440651 0.075895068724516776 1.096262787866437 1.6318717119925088 -0.28695024102108097 1.0316381884685504 0.18103424444789548 1.2368139676713283 0.73996352983101021 0.68650326985006238 1.096262787866437
decision_type=2 2 2 2 2 2 2 2 2 2 2 2 2 2 2 2 2 2 2 2 2 2 2 2 2 2 2 2 2 2 2 2 2 2
left_child=1 3 -3 4 5 6 18 28 17 31 14 -12 13 26 15 -11 30 -9 20 27 21 -1 -4 -13 -10 -6 32 -20 29 -8 -17 -2 -5 -34
right_child=9 2 22 12 25 -7 7 8 24 10 11 23 -14 -15 -16 16 -18 -19 19 -21 -22 -23 -24 -25 -26 -27 -28 -29 -30 -31 -32 -33 33 -35
leaf_value=-0.010759102266083738 -0.014606968328950799 -0.0062016307123184157 -0.0018374631344460128 -0.0024457658020448684 -0.010324923839721721 0.0099646460962355531 -0.0070871877634500089 -0.0074533928618223458 0.011568932207058243 -0.0095589826933328605 0.0094268929691174435 0.0026734736351930748 0.0061368258565944996 0.0062643524235675837 -0.0097006927105507679 -0.0014136846265092263 -0.011226807795959286 0.0041709253080618259 -0.0068208649862633716 0.0044272045215004562 0.0071580734749027508 -0.0017035382336310981 0.009124668583828691 -0.004101894912870962 0.0033436246104124909 -0.002008465940735977 -0.0075160147728169022 -0.017568856422768234 -0.0077523076217122381 0.0020193810227715015 0.0049953812721043635 -0.0057577956063351345 0.0092008023319976474 -0.00021977281407697545
leaf_weight=13.239656090736387 4.9879299551248577 6.3005235493183127 4.7105982899665859 21.846803367137909 18.520906329154972 14.989582777023314 11.89606334269047 10.099447846412657 9.5583029240369779 10.213666796684263 5.9353449493646613 20.485834509134293 23.710113316774368 11.571462869644163 12.812022194266317 54.818752855062485 4.7772080898284903 5.2858145684003821 5.8670738786458978 5.4280408769845954 6.7374717742204657 46.340516164898872 26.809316590428352 21.62794440984726 27.713167920708656 11.584674388170241 6.4927542358636847 7.9138910621404657 13.444464832544325 14.440919145941733 6.5174217671155921 12.948569461703299 4.4027800709009197 11.779435291886328
leaf_count=51 22 23 16 76 71 47 44 38 30 40 18 65 71 36 48 190 18 17 23 16 21 160 87 74 91 39 23 34 50 47 19 45 15 39
internal_value=-0.00108837 -0.000186927 0.00509526 -0.00085832 -0.0018914 -0.00102978 -0.00199696 -0.000109199 0.00297986 -0.00305711 -0.00227177 0.00058329 0.0020185 0.00021823 -0.00380276 -0.00272379 -0.00156566 -0.00342368 -0.00401842 -0.00849095 -0.00263945 -0.00383023 0.00746683 -0.00081568 0.00564634 -0.00724544 -0.001439 -0.0135776 -0.00417432 -0.00218237 -0.000676032 -0.00871539 -0.000268518 0.00264919
internal_weight=495.808 340.684 37.8204 302.863 223.06 192.954 177.965 92.4382 52.6567 155.125 137.188 48.0491 79.8033 56.0932 89.1391 76.327 66.1134 15.3853 85.5266 19.209 66.3176 59.5802 31.5199 42.1138 37.2715 30.1056 44.5218 13.781 39.7814 26.337 61.3362 17.9365 38.029 16.1822
internal_count=1704 1165 126 1039 779 669 622 317 176 539 472 157 260 189 315 267 227 55 305 73 232 211 103 139 121 110 153 57 141 91 209 67 130 54
is_linear=0
shrinkage=0.0106558


Tree=38
num_leaves=16
num_cat=0
split_feature=2 2 2 2 2 19 5 5 3 2 2 2 19 19 5
split_gain=8.96426 7.18134 20.4143 13.6797 9.785 5.14951 4.6192 4.30421 4.06399 3.74369 5.80483 3.03606 3.03588 3.41902 2.19339
threshold=-2.0895454277318604 -0.43797190448600692 -0.41179469819859527 0.086563618832801587 -0.89062248308965575 0.68650326985006238 1.9101059405008403 1.7771384120218723 0.29417338206432081 0.32908963756509485 0.61238795899335796 1.7154600002577975 0.37829104928425067 -0.32211258526418346 -0.74322438720032691
decision_type=2 2 2 2 2 2 2 2 2 2 2 2 2 2 2
left_child=-1 4 -3 8 5 12 7 9 -4 -5 -11 -12 13 -2 -10
right_child=1 2 3 6 -6 -7 -8 -9 14 10 11 -13 -14 -15 -16
leaf_value=-0.018428487544501226 -0.0032936476279589516 -0.012121781256619897 0.023478082510123358 -0.0027404706408938784 0.016699600853255888 0.0096034423837967446 0.018577029616564565 -0.017902265925293915 -0.0050146845144076919 0.019891522958054925 0.0032399560303685506 -0.0059130026808379048 -0.011458289577630103 0.0098815396124987218 0.012932399990726954
leaf_weight=10.854914948344229 30.02570141851902 58.358987525105476 17.699640288949016 96.28488589823246 33.659117758274078 31.671105906367302 6.4511647075414649 5.7157115191221228 4.8517691344022742 8.9670635759830457 117.04923678934574 21.431883916258812 12.020177543163298 14.327043518424032 9.0137452185153943
leaf_count=44 112 236 58 349 110 103 20 24 17 30 398 77 46 49 31
internal_value=0.00122 0.00170742 3.29555e-05 0.00252744 0.00643446 0.00239825 0.000765877 0.000246168 0.0164374 0.000730014 0.00299918 0.00179697 -0.00172976 0.0010604 0.00672912
internal_weight=478.382 467.527 345.824 287.465 121.703 88.044 255.9 249.449 31.5652 243.733 147.448 138.481 56.3729 44.3527 13.8655
internal_count=1704 1660 1240 1004 420 310 898 878 106 854 505 475 207 161 48
is_linear=0
shrinkage=0.0227235


Tree=39
num_leaves=15
num_cat=0
split_feature=20 6 6 6 6 6 6 13 13 6 20 15 15 13
split_gain=7.27793 4.25604 4.17872 12.1731 7.86375 7.10401 9.57085 5.97947 6.10844 3.58757 5.67032 2.99998 5.46674 2.10122
threshold=-1.4829235062602291 -2.329618169777294 -0.80825534466026949 -0.71385796343355146 -0.3639400719153027 -0.12330147066940911 0.26504371011954014 -0.61883441331018918 -1.7598473945334006 -1.1749937370022059 0.47956423963928357 0.74314689909719511 0.67211674409850264 -0.75730055989028566
decision_type=2 2 2 2 2 2 2 2 2 2 2 2 2 2
left_child=-1 13 7 -4 -5 -6 -7 8 -3 10 -9 12 -8 -2
right_child=1 2 3 4 5 6 11 9 -10 -11 -12 -13 -14 -15
leaf_value=0.012482897168408861 -0.0016022479425603852 -0.0020131475546841943 -0.0094814570576859866 0.010959779343711415 -0.0042623859290861826 0.013109162821255972 0.00083851800147714903 0.0048258779216757437 0.01717123102597767 0.0094489581134067722 -0.0098568933486313914 0.0057864944090149006 -0.0099591691732742738 -0.019850178520456639
leaf_weight=17.273495629429817 3.9021481871604919 7.8038850277662304 41.510789096355438 25.041269987821579 85.280222147703171 23.241708531975746 150.28347651660442 18.057302430272102 18.872985184192657 11.166755691170691 16.796068668365479 32.5325967669487 17.342493161559105 4.4243254959583265
leaf_count=55 14 28 167 86 326 81 532 60 58 37 66 107 67 20
internal_value=0.000916887 0.000457693 0.000712386 -8.19814e-05 0.00110722 0.00028162 0.00202527 0.00476884 0.0116356 0.00066287 -0.00230711 0.000691225 -0.000320899 -0.0120949
internal_weight=473.53 456.256 447.93 375.233 333.722 308.68 223.4 72.697 26.6769 46.0201 34.8534 200.159 167.626 8.32647
internal_count=1704 1649 1615 1366 1199 1113 787 249 86 163 126 706 599 34
is_linear=0
shrinkage=0.0186089


Tree=40
num_leaves=17
num_cat=0
split_feature=6 6 6 6 6 6 1 1 6 15 15 6 15 5 1 0
split_gain=4.74934 4.84722 15.9795 9.99477 7.77588 14.3249 6.27779 5.93367 5.30457 4.4755 6.59053 6.49004 5.01882 4.35565 3.6909 2.12767
threshold=-2.329618169777294 -0.80825534466026949 -0.71385796343355146 -0.3639400719153027 -0.12330147066940911 0.26504371011954014 1.2466800479738891 0.11752195757100528 -1.2591252992415154 0.74314689909719511 0.67211674409850264 0.90478729919658407 0.35477284107147511 -0.43507546212187664 -1.631598455743736 0.075895068724516776
decision_type=2 2 2 2 2 2 2 2 2 2 2 2 2 2 2 2
left_child=13 8 7 -4 6 -6 -5 -3 -2 10 12 -12 -7 -1 -11 -9
right_child=1 2 3 4 5 9 -8 15 -10 14 11 -13 -14 -15 -16 -17
leaf_value=-0.016329752089536319 0.0022157892829180363 -0.00013466547700622975 0.0094034953713663938 -0.003285427062326375 0.011191548080451008 0.00059601782586485622 0.0082195370916889696 -0.0072106946172532695 0.0096971828842250651 -0.0040320747403462609 0.0020237644284113658 -0.013807147830141718 0.0099152636882079842 0.0016805492196954245 0.0072035355997108206 -0.015628492748784979
leaf_weight=4.3419681638479233 55.284776866436005 15.621591478586195 28.060045748949051 81.927728056907654 28.594622537493706 152.21697176992893 8.6168183386325818 17.864834800362591 23.964036375284195 5.6088000535964957 7.6285986304283169 10.099714756011961 10.2254331856966 4.1362206488847715 31.329299479722977 9.1597137898206693
leaf_count=21 182 56 88 307 91 519 26 72 74 19 27 41 30 13 96 42
internal_value=0.00136499 0.00154321 0.000949971 0.0018597 0.00120935 0.00244105 -0.00212477 -0.0067108 0.0045499 0.00125175 0.000373751 -0.00717174 0.00122872 -0.00809369 0.00543413 -0.0104168
internal_weight=494.681 486.203 406.954 364.308 336.248 245.703 90.5445 42.6461 79.2488 217.109 180.171 17.7283 162.442 8.47819 36.9381 27.0245
internal_count=1704 1670 1414 1244 1156 823 333 170 256 732 617 68 549 34 115 114
is_linear=0
shrinkage=0.0133647


Tree=41
num_leaves=34
num_cat=0
split_feature=20 17 7 1 5 7 20 5 20 1 1 17 17 5 17 17 7 1 1 1 1 20 17 5 17 1 5 17 5 5 1 1 1
split_gain=8.4861 6.27907 5.33408 8.487 6.04914 6.04767 6.67049 5.0414 4.30487 4.63005 4.1144 3.97654 3.96502 7.66505 3.68197 4.90621 3.65077 6.87105 4.52934 6.62411 4.00272 3.54138 3.51316 3.42512 3.27799 3.11982 2.76044 2.74817 2.73241 2.50675 2.57071 6.06702 4.2179
threshold=-1.4829235062602291 1.8820887824532846 0.18103424444789548 0.08808901724064562 -0.28929899870178516 0.5299400897047416 0.80117235383952057 0.15654279280375061 0.47956423963928357 -1.0919876087744338 -0.21862644478704787 0.48615754283384488 0.37861839386817903 0.69186456867094337 -0.72939701157122128 -0.13036439411240175 1.4845582065284175 1.211624968351561 0.62292798672448091 0.20795163876286785 1.7707987777831005 -0.28814710117542219 0.92504046582021371 1.7771384120218723 1.0744268753903163 1.9793315591261804 -0.43507546212187664 -1.7262352614522998 -0.8028706341303381 -0.43507546212187664 0.51402506636524403 0.20795163876286785 0.65622007451945119
decision_type=2 2 2 2 2 2 2 2 2 2 2 2 2 2 2 2 2 2 2 2 2 2 2 2 2 2 2 2 2 2 2 2 2
left_child=-1 2 3 4 8 6 -4 -6 9 14 12 16 27 -14 -2 -16 17 18 19 -7 -18 -5 -13 29 -24 -3 28 -9 -11 -23 31 -31 -32
right_child=1 25 5 21 7 11 -8 10 -10 26 -12 22 13 -15 15 -17 20 -19 -20 -21 -22 23 24 -25 -26 -27 -28 -29 -30 30 32 -33 -34
leaf_value=0.008737949941901281 -0.012413923758417244 -0.0031715540868224841 0.010478970992922934 -0.010079095388638834 0.0083249517657603342 -0.0011311096569056938 -0.0035308954583470639 -0.0039887016327754812 -0.011471709869140638 0.0017222453653051469 0.0088406571342365108 0.01029354179807904 0.0040080448364657314 -0.0098569612953175456 0.0059117617481823093 -0.0068914120590163582 -0.0090918645707140262 0.0099162237566089474 -0.003303552087942481 0.012746039847075164 0.0024425394258526219 0.0055166518886144286 -0.0006090195732214172 -0.010019795385592983 0.0056537522156640697 -0.015076552289134671 -0.0019742275006467717 0.0026421810861829119 0.010879473877993835 -0.0027219330304646162 -0.010236382043540255 0.011188916218632584 0.0018155154014119642
leaf_weight=18.456834301352501 6.1933226287364986 12.312240943312643 22.286140963435177 9.6903862506151182 17.55812893807888 13.257101714611055 5.5172475427389136 8.9283538460731489 4.806074082851409 27.64552515745163 9.5848572701215726 9.56294037401676 9.731716528534891 11.320420965552328 6.0689907819032713 10.00842414796352 10.528048649430277 9.824405223131178 31.439456835389137 6.634300932288169 6.2322899103164664 5.7532991468906394 22.805617272853851 6.5720331221818915 23.039992779493332 3.5809374153614035 23.483569890260696 93.757085710763931 4.7340241223573676 21.697209984064106 10.369096875190737 4.6279736906290045 6.0351078808307639
leaf_count=55 23 46 68 39 56 45 19 32 20 91 30 29 33 48 18 37 41 29 114 19 21 18 79 29 74 17 83 312 15 83 46 14 21
internal_value=0.00102772 0.000714176 0.000971911 3.18334e-05 0.00108564 0.00270526 0.00765659 0.0024955 -0.00147747 -0.000752535 0.00168317 0.00163385 0.00107479 -0.00352176 -0.0052213 -0.00200985 -9.91555e-05 0.00125298 -0.000532254 0.00380119 -0.00486668 -0.00374078 0.00403741 -0.00250054 0.00258108 -0.00642446 0.00107837 0.00203761 0.00328988 -0.00133411 -0.00234225 -1.65018e-05 -0.00590541
internal_weight=494.043 475.586 459.693 298.566 233.82 161.128 27.8034 150.881 82.9399 78.1339 133.322 133.324 123.738 21.0521 22.2707 16.0774 77.9156 61.1553 51.3309 19.8914 16.7603 64.7451 55.4086 55.0547 45.8456 15.8932 55.8631 102.685 32.3795 48.4827 42.7294 26.3252 16.4042
internal_count=1704 1649 1586 1048 798 538 87 511 287 267 455 451 425 81 78 55 269 207 178 64 62 250 182 211 153 63 189 344 106 182 164 97 67
is_linear=0
shrinkage=0.011862


Tree=42
num_leaves=20
num_cat=0
split_feature=20 18 6 6 6 6 6 13 3 6 13 3 6 20 3 20 3 20 1
split_gain=6.51769 5.2264 7.8336 7.11128 9.00008 5.06792 6.72375 7.70834 7.82554 5.61417 6.81092 4.4347 3.60097 3.48781 3.42591 3.66397 3.33955 4.77156 3.148
threshold=-1.4829235062602291 2.026934388300194 1.5107362937016529 1.4731682945766835 0.94460937826905134 0.90478729919658407 -0.12330147066940911 -0.44498648622977582 0.16302681097039168 0.26504371011954014 -0.80375258155564688 -0.41885127537106792 -0.73906795886846166 0.53948608890160543 -0.79400040430519903 -0.48573192854616987 -0.41885127537106792 0.53948608890160543 0.33941252541703931
decision_type=2 2 2 2 2 2 2 2 2 2 2 2 2 2 2 2 2 2 2
left_child=-1 2 3 4 5 6 7 12 -9 -8 -11 14 -2 -4 15 -7 -5 -18 -3
right_child=1 18 13 16 -6 11 9 8 -10 10 -12 -13 -14 -15 -16 -17 17 -19 -20
leaf_value=0.015650275731901041 0.011222873241000296 -0.026777809113801006 0.027236957430551829 -0.020872713620470287 0.018374939480849166 0.0012117060535416593 0.016674552843087376 -0.010901032633262782 0.000310483549667798 -0.01064340697491389 0.0062713295897685022 -0.017129850206495833 0.00082430812202838625 0.0023661563658911207 0.0082087811801562927 -0.025242381627245524 -0.018106601789824088 0.013873983083436419 -0.0022886451751141347
leaf_weight=17.26589572429657 32.875654429197311 5.4339822530746442 8.8105111718177778 11.836031138896944 16.671934813261032 7.1951103955507261 22.961530014872551 59.10064671933651 93.197959840297699 15.848678246140478 85.495201602578163 15.758839607238768 46.632196575403214 5.1697198152542105 11.717032462358477 4.3721802234649658 4.4069874882698041 4.837058886885643 6.2614186704158783
leaf_count=55 108 23 25 48 53 23 81 240 337 60 289 64 171 18 38 18 17 15 21
internal_value=0.00140375 0.000840706 0.00126996 0.000677465 0.00138918 0.000636588 0.00154944 -0.000888865 -0.00407313 0.00607349 0.00356212 -0.00755188 0.00518874 0.0185766 -0.000735906 -0.00972335 -0.0127631 -0.00163369 -0.0145792
internal_weight=475.849 458.583 446.887 432.907 411.827 395.155 356.112 231.806 152.299 124.305 101.344 39.0432 79.5079 13.9802 23.2843 11.5673 21.0801 9.24405 11.6954
internal_count=1704 1649 1605 1562 1482 1429 1286 856 577 430 349 143 279 43 79 41 80 32 44
is_linear=0
shrinkage=0.0242157


Tree=43
num_leaves=30
num_cat=0
split_feature=20 16 16 16 20 20 20 7 20 16 16 20 14 20 20 16 7 16 16 20 16 17 17 7 7 20 7 16 20
split_gain=5.48503 5.98736 4.80037 13.0834 9.40167 5.18332 5.10227 8.32563 4.40349 4.40187 13.8013 4.22562 5.54147 3.66947 12.4375 4.16881 3.78876 3.40087 3.04831 2.88365 3.16849 2.82797 2.7092 2.70312 3.12704 2.5487 2.36385 2.29851 2.00221
threshold=-1.4829235062602291 -1.8381616299874666 -0.28752228086561837 -0.70482724793501983 -0.48573192854616987 -0.28814710117542219 1.1110241472199189 0.18103424444789548 -0.8393140898724698 -0.15873613146916291 0.3439896182440651 0.092415619838413912 0.96968499839693922 -0.32048288124978802 0.054292112591204512 2.4225990969152975 -1.0486383383950939 0.3439896182440651 -1.199166743603983 0.53948608890160543 -2.0134981247016008 -0.16986507935584202 0.37861839386817903 -0.031865326491603653 -0.24063856075105466 1.8474691792856757 -0.11473505533296872 0.92428928808803279 -1.1837231754553972
decision_type=2 2 2 2 2 2 2 2 2 2 2 2 2 2 2 2 2 2 2 2 2 2 2 2 2 2 2 2 2
left_child=17 19 3 4 8 18 7 21 28 11 -11 12 -4 26 -15 16 -16 -1 -6 20 -2 -7 -9 24 -5 -8 -12 -28 -3
right_child=1 2 9 23 5 6 25 22 -10 10 13 -13 -14 14 15 -17 -18 -19 -20 -21 -22 -23 -24 -25 -26 -27 27 -29 -30
leaf_value=0.020840377911971939 0.0068972384770463026 0.011644701806788246 0.0047534706700378499 0.017121405259427024 -0.029012921333250841 0.00699001251591115 -0.015640822098266977 0.024834864772992623 0.026077449543587646 0.015360023949855611 -0.0084075920108795769 -0.012071196967371196 -0.018058450594241892 0.021317029437935849 -0.015236801328778271 -0.022666688754293188 0.00081341722186366176 -0.0017777079555867492 -0.0078437594038478949 -0.025276071714079265 -0.0142433480163742 -0.015216561167325407 0.0071914342276433955 0.025509516732008623 -0.0055204248232826117 0.0042820618393304343 0.006206974988732232 -0.0088814538092221815 -0.00016944630958304062
leaf_weight=11.792525812983515 6.1251241862773904 16.714881896972656 27.608752846717834 10.659224554896353 5.0191852003335962 3.958845540881156 12.741603404283525 7.5759645551443127 7.2616497725248328 32.205037981271744 48.446014672517776 30.701537072658539 6.7414487749338141 14.433647409081457 8.1963065266609174 4.1622154116630545 98.590275190770626 5.0603215843439093 13.661645993590355 5.397817835211753 8.7699804306030273 10.146937578916548 13.956583335995672 15.247615590691565 4.3712648302316692 4.4630810767412177 14.897959873080255 8.0503950566053373 14.835799068212511
leaf_count=38 20 53 92 38 23 14 52 22 21 112 179 127 27 47 34 18 360 17 50 25 34 42 48 48 17 15 50 30 51
internal_value=0.00124918 0.000744622 0.00134118 0.00493413 0.0010984 -0.00399926 -0.000146543 0.00496088 0.0103793 -0.000385645 0.00116523 -0.0057932 -4.49367e-05 -0.00121084 0.00123517 -0.00151195 -0.000523746 0.0142133 -0.0144562 -0.0115939 -0.00564036 -0.00887868 0.0140377 0.0185289 0.0105815 -0.0104658 -0.005474 0.000779295 0.00622223
internal_weight=471.794 454.941 434.648 140.614 110.336 71.5238 52.843 35.6383 38.8123 294.034 228.982 65.0517 34.3502 196.777 125.382 110.949 106.787 16.8528 18.6808 20.2929 14.8951 14.1058 21.5325 30.2781 15.0305 17.2047 71.3944 22.9484 31.5507
internal_count=1704 1649 1570 494 391 266 193 126 125 1076 830 246 119 718 459 412 394 55 73 79 54 56 70 103 55 67 259 80 104
is_linear=0
shrinkage=0.023734


Tree=44
num_leaves=21
num_cat=0
split_feature=17 17 14 14 18 17 17 18 17 15 14 18 15 9 15 15 9 9 18 18
split_gain=4.97637 4.7573 5.19825 12.2012 5.89044 5.44687 4.34237 4.69546 4.13035 3.73291 4.89393 3.22488 3.92273 3.03383 2.87146 5.5636 2.73531 2.40346 2.17971 2.02329
threshold=1.8820887824532846 -1.7262352614522998 1.7724413147135019 1.1363373556406191 -1.2439019120508599 1.0073417079084959 1.4247021350057252 -0.51391632870562021 0.37861839386817903 0.71039813614964453 0.26160392451939263 0.69657992174808581 1.2878787635856408 1.1190247459948086 0.67211674409850264 0.35477284107147511 -0.9407005626236572 -0.90879232048880942 -1.0097966081770409 0.6710294432001479
decision_type=2 2 2 2 2 2 2 2 2 2 2 2 2 2 2 2 2 2 2 2
left_child=1 16 3 5 -4 9 -7 -8 -6 14 18 12 -12 -9 15 17 -1 -3 -11 -20
right_child=-2 2 4 -5 8 6 7 13 -10 10 11 -13 -14 -15 -16 -17 -18 -19 19 -21
leaf_value=-0.019765321859339602 -0.010628072145926456 0.00519846788992842 0.010158967841878351 0.023028250058968001 -0.0060875763587083338 0.02003894828413208 -0.0084886605266301738 0.0017740019323041352 -0.027371716083678072 -0.0022271404117361702 -0.01609487653151925 0.0098261513624745625 0.0019235471678991658 0.021918187010850736 -0.0057192300686667846 0.012244205600113403 -0.0025019955304666375 -0.00095570432218342451 0.016607375888481928 0.0063049619834550973
leaf_weight=6.2106065303087261 15.305412665009497 32.81640051305294 5.9722245633602169 11.931579023599623 13.830004006624224 11.715355381369589 7.8906969428062448 7.1392342001199722 5.5207299292087546 5.5021565556526175 8.5747680664062553 7.7374464869499198 12.875834122300146 5.8696949779987335 34.749711140990257 17.066525846719742 10.879012405872343 207.30591674149036 18.847159191966057 18.226826131343842
leaf_count=25 64 111 18 43 54 37 32 26 25 19 35 24 44 17 136 59 39 770 64 62
internal_value=0.00103002 0.00144441 0.00188657 0.00247348 -0.00735573 0.00180914 0.0100612 0.00396029 -0.0129828 0.00104855 0.00538462 -0.00133498 -0.00558797 0.0115616 -2.92511e-05 0.000754916 -0.00934587 -9.98662e-05 0.00993861 0.0117722
internal_weight=465.967 450.662 433.572 408.249 25.323 396.318 32.615 20.8996 19.3507 363.703 71.7642 29.188 21.4506 13.0089 291.939 257.189 17.0896 240.122 42.5761 37.074
internal_count=1704 1640 1576 1479 97 1436 112 75 79 1324 248 103 79 43 1076 940 64 881 145 126
is_linear=0
shrinkage=0.0213682


Tree=45
num_leaves=26
num_cat=0
split_feature=18 18 16 16 16 16 18 18 19 19 16 19 5 19 15 15 15 18 16 18 18 15 15 18 19
split_gain=5.65984 13.3188 7.17923 7.57413 5.46089 12.5202 5.45004 5.29158 5.09861 5.82038 4.73686 4.63641 4.81245 3.88129 3.84367 6.964 6.19271 3.3289 3.17305 2.71562 2.60776 3.00938 2.18313 2.1601 2.14812
threshold=-0.68494468518227081 -0.36580584482134909 -0.28752228086561837 -0.70482724793501983 -0.15873613146916291 0.3439896182440651 -0.16707140436703558 0.20668945804000563 -0.26761751293013808 -0.94358100105149412 -0.70482724793501983 1.9703515112429311 -0.74322438720032691 1.1752502371343501 -1.1531935327587746 -1.1202900350009937 -1.4173911862984714 0.69657992174808581 -0.28752228086561837 1.2928342202664587 2.026934388300194 0.21665654945931132 0.35477284107147511 1.0928289921517162 -0.89334271502080653
decision_type=2 2 2 2 2 2 2 2 2 2 2 2 2 2 2 2 2 2 2 2 2 2 2 2 2
left_child=8 -2 3 6 24 -6 -3 -8 9 -1 11 12 -10 18 16 -16 17 -7 -12 -9 22 -22 -17 -5 -4
right_child=1 2 4 23 5 14 7 19 10 -11 13 -13 -14 -15 15 20 -18 -19 -20 -21 21 -23 -24 -25 -26
leaf_value=0.0031069431850827499 0.0087783146641534082 -0.0030726984824423656 -0.0084785200764003112 0.0095730036026824023 0.007262149004059892 0.0030812773385078497 0.011385944923333139 0.0010496865071477326 -0.011389586016497141 -0.007198340593908701 0.0076574777119551782 0.0026787872565500271 -0.0022376665064901802 0.0065688522913844262 -0.007130602633609406 -0.00053877120905834546 0.010639747319578842 -0.0043216345541429706 -0.00048159747194270785 0.0068298497700111822 0.00034143866897243041 -0.010907253891501899 0.0030222055534979493 0.0017907809503615872 -0.0022915085348270609
leaf_weight=6.6102308034896877 21.641113340854645 18.712346971035004 5.9112404137849799 17.633877977728847 23.518764421343803 14.838994622230535 5.7684541642665854 51.895263135433197 6.8467865139246014 21.556484401226044 4.5133354216814032 11.747951492667196 24.072516784071922 12.442257747054098 16.001560762524605 82.903554439544678 6.633481800556182 8.9182903468608838 40.995880216360092 8.7716532051563245 4.5056858360767347 3.8938896507024765 20.586996912956238 4.785831853747367 38.452459305524826
leaf_count=21 72 69 25 58 78 48 18 176 28 96 14 37 88 38 65 288 19 33 151 26 15 16 69 16 140
internal_value=0.000712475 0.00135977 0.000858802 0.00296558 -0.000150171 0.000616693 0.00157691 0.00290804 -0.00107082 -0.0047498 -1.23203e-05 -0.00250252 -0.00449565 0.00183091 -0.000402445 -0.00116056 0.00273339 0.000254949 0.00044606 0.0019644 -0.000262331 -0.00532765 0.000187409 0.00800836 -0.00324839
internal_weight=484.159 355.373 333.732 107.567 226.165 181.801 85.1477 66.4354 128.785 28.1667 100.619 42.6673 30.9193 57.9515 158.282 127.892 30.3908 23.7573 45.5092 60.6669 111.89 8.39958 103.491 22.4197 44.3637
internal_count=1704 1231 1159 363 796 631 289 220 473 117 356 153 116 203 553 453 100 81 165 202 388 31 357 74 165
is_linear=0
shrinkage=0.0099569


Tree=46
num_leaves=25
num_cat=0
split_feature=13 6 6 6 13 6 13 6 13 6 6 13 5 6 0 6 6 13 0 0 6 6 0 5
split_gain=4.08658 6.08786 8.22837 6.24581 6.47182 6.0693 4.45734 5.43612 3.72094 7.18825 9.46957 3.53081 3.51125 3.49811 3.40365 2.98843 8.42346 2.96537 2.88105 3.83104 2.58383 2.87902 2.15254 2.11473
threshold=-0.44498648622977582 -0.71385796343355146 -0.43810469869615359 -0.12330147066940911 1.0736657393346645 -0.73906795886846166 -0.85158462163420368 -0.73906795886846166 0.9914837082236011 1.6923952119014076 1.4731682945766835 -2.1165327144325219 0.69186456867094337 -1.5911475394638808 0.58929110446304123 0.94460937826905134 0.90478729919658407 1.3186297554838797 0.74099461143362244 1.096262787866437 1.608952742242733 0.94460937826905134 0.89413445734091945 -1.0084037297334967
decision_type=2 2 2 2 2 2 2 2 2 2 2 2 2 2 2 2 2 2 2 2 2 2 2 2
left_child=6 5 -3 4 12 13 7 11 9 10 15 -1 -4 -2 -8 16 -5 -10 -9 -20 21 -19 -16 -7
right_child=1 2 3 8 -6 23 14 18 17 -11 -12 -13 -14 -15 22 -17 -18 20 19 -21 -22 -23 -24 -25
leaf_value=-0.0015982553569070523 -0.0085818621010733485 0.01410328367150215 -0.0045912153246498799 0.0061965523582053128 0.009277764090713082 -0.00075565436997505865 0.018280115093649945 -0.0043841496840228249 -0.0063907739538076307 0.019282872486364691 -0.01064497454669021 0.012785713720316652 -0.016141881853398897 0.0022088304574819188 -0.0057496365087990175 0.013148583099756968 -0.0059975063486901467 0.00045714588758752475 0.015510761680960258 0.00037181965389472446 -0.0071457929848153792 0.017263973099453558 0.011222235945837373 -0.014208543368609654
leaf_weight=7.8074581027030971 13.736831009387968 15.212364286184309 40.913648545742035 79.902741059660912 8.9053389579057676 4.9846421629190472 10.958103731274607 34.34447905421257 27.268459126353264 8.5584604591131193 16.101920321583748 21.13928709924221 11.36660076677799 35.88842399418354 4.5360957682132703 11.07352042198181 25.26369696855545 8.8104732036590594 6.0810060352087012 35.82612743973732 5.4211290478706351 5.0562673807144156 4.2127107381820679 21.825354591012001
leaf_count=27 54 50 159 279 28 19 40 133 103 26 64 69 53 128 17 38 94 29 21 128 20 14 15 96
internal_value=0.000887278 -0.00017294 0.00117064 0.000336587 -0.00479438 -0.00477525 0.0037585 0.00219325 0.00202464 0.00352962 0.00240057 0.00894604 -0.00730352 -0.000870229 0.0117094 0.00426937 0.00324293 -0.00250966 -0.000437036 0.00281688 0.00300041 0.00717305 0.00270413 -0.0117786
internal_weight=465.195 340.29 263.855 248.642 61.1856 76.4353 124.905 105.198 187.457 140.9 132.342 28.9467 52.2802 49.6253 19.7069 116.24 105.166 46.5563 76.2516 41.9071 19.2879 13.8667 8.74881 26.81
internal_count=1704 1254 957 907 240 297 450 378 667 501 475 96 212 182 72 411 373 166 282 149 63 43 32 115
is_linear=0
shrinkage=0.0186377


Tree=47
num_leaves=28
num_cat=0
split_feature=2 2 2 2 2 18 18 2 3 2 2 3 19 2 18 3 18 18 18 3 18 11 3 3 3 19 2
split_gain=7.96268 5.49076 20.1956 14.9072 11.6923 5.24582 5.58661 5.29786 5.23776 6.50015 7.09176 5.49557 4.65856 4.92221 4.47344 4.08567 3.85826 3.55075 3.94929 3.07815 2.84855 2.56423 2.29809 3.61334 2.33619 2.27623 1.93282
threshold=-2.0895454277318604 -0.43797190448600692 -0.41179469819859527 0.086563618832801587 -0.89062248308965575 2.026934388300194 -0.23316328638550854 0.75353711049798233 0.072813342042342036 1.2131490242167586 1.3182242354250964 0.21359510076442345 0.68650326985006238 -1.0925055118525753 0.40938191049112799 0.21359510076442345 -0.83752659384306583 -0.33225559409586775 -0.68494468518227081 0.29417338206432081 0.77367194566385444 -0.43507546212187664 1.0403343603006598 1.4685479954427281 0.57701097390559453 1.096262787866437 -1.5592339359583953
decision_type=2 2 2 2 2 2 2 2 2 2 2 2 2 2 2 2 2 2 2 2 2 2 2 2 2 2 2
left_child=21 4 22 19 12 6 7 17 9 20 -11 -10 13 14 26 -7 -15 18 -5 -4 -8 -1 24 -24 -3 -14 -2
right_child=1 2 3 5 -6 15 8 -9 11 10 -12 -13 25 16 -16 -17 -18 -19 -20 -21 -22 -23 23 -25 -26 -27 -28
leaf_value=-0.012544809740324842 -0.0022639557735279251 -0.0047434502763774745 0.010718096986193946 -0.0022193558472454176 0.0079887916154673128 -0.011441066679939731 0.0041672975012925521 0.0061127812565371382 -0.0036630444890773063 -0.0042172597233304616 0.0040463202202452222 0.0021614622022167193 0.0089430782885579346 -0.0079329173158389082 0.010817019109264662 -0.00036189544455239174 -0.00072378867521768456 -0.0048664297186956969 0.0054360393174131142 0.0042715960221146208 0.0091429612242400256 -0.0026224722762100568 0.0033016392645649336 -0.0062720616333674685 -0.01125586147233419 0.002612969244489866 0.0048121157882001844
leaf_weight=4.3699076771736145 9.6145278215408325 36.42006541788578 18.758255675435066 22.471064299345016 35.607373163104057 5.2231263816356641 56.821719363331795 8.0151395350694639 25.970744162797928 18.839709922671318 22.602206110954285 43.372510939836502 7.1965554058551779 9.7802418470382673 5.1473559886217108 7.9153167456388474 27.928880199790001 28.089968115091327 9.0354497730731946 15.091096758842466 15.476852178573607 6.5559783875942212 7.8723388314247114 6.7978480011224747 6.7542782425880423 25.625381797552109 5.5639241039752969
leaf_count=21 35 151 58 82 110 22 183 26 96 68 73 142 21 41 14 26 100 106 29 48 45 23 27 28 30 82 17
internal_value=0.00111919 0.0013181 0.000668818 0.00173726 0.00312797 0.000912749 0.00124584 -0.00123645 0.00216428 0.00349744 0.000283883 -3.58816e-05 0.00117114 -0.000563164 0.00337771 -0.00514419 -0.00271607 -0.00229664 5.51836e-05 0.0079948 0.00531854 -0.00713414 -0.00477761 -0.00123612 -0.00594476 0.00417618 0.000450392
internal_weight=492.918 481.992 355.528 297.683 126.464 263.834 250.695 67.6116 183.084 113.74 41.4419 69.3433 90.8569 58.0349 20.3258 13.1384 37.7091 59.5965 31.5065 33.8494 72.2986 10.9259 57.8445 14.6702 43.1743 32.8219 15.1785
internal_count=1704 1660 1240 1004 420 898 850 243 607 369 141 238 310 207 66 48 141 217 111 106 228 44 236 55 181 103 52
is_linear=0
shrinkage=0.0101523


Tree=48
num_leaves=33
num_cat=0
split_feature=13 8 16 16 1 1 1 8 13 8 1 6 16 9 1 1 6 1 8 6 6 9 9 9 1 16 13 13 16 1 16 13
split_gain=5.72578 7.94134 6.76012 7.64112 6.03026 7.04802 6.75298 5.87801 5.869 5.85169 5.37957 5.31255 5.26714 5.13786 4.8305 6.99857 4.72259 4.87363 4.46023 4.19358 4.5556 4.01322 5.24827 3.68225 2.88995 2.84213 2.79079 2.62557 2.42385 2.22252 3.00867 1.97271
threshold=0.67352918547239604 -0.5600762987173703 0.3439896182440651 -0.15873613146916291 0.11752195757100528 0.20795163876286785 0.51402506636524403 0.42553355490659567 -0.44498648622977582 1.5018187030574215 0.62292798672448091 -0.73906795886846166 -0.98391955646785845 0.66645693193159439 -0.73029317720145592 -0.37532101958436809 0.30024969913377902 -0.88479442358363802 1.4569885598847412 -0.46313619424571861 -0.73906795886846166 -0.90879232048880942 -0.32678568911673378 -0.11222137205842496 -0.82274266399080298 0.3439896182440651 0.73996352983101021 1.2802428881585668 -0.18473394709489996 -0.67960022125220854 -0.42632998244054415 0.73996352983101021
decision_type=2 2 2 2 2 2 2 2 2 2 2 2 2 2 2 2 2 2 2 2 2 2 2 2 2 2 2 2 2 2 2 2
left_child=1 10 3 4 7 11 -7 29 16 18 -1 -6 26 21 24 -16 -4 -18 28 20 -8 31 -23 -24 -10 27 -2 -15 -9 30 -3 -14
right_child=12 2 8 -5 5 6 19 9 14 -11 -12 -13 13 25 15 -17 17 -19 -20 -21 -22 22 23 -25 -26 -27 -28 -29 -30 -31 -32 -33
leaf_value=0.012352604550210564 -0.016198802724643649 0.0097272644845001754 0.0074678794188080926 0.01033794212392713 0.001143301493483282 0.015159602312261043 0.00023219066684196458 0.0034476368047219176 -0.0043337739848921166 0.0076558890175230628 0.002663045729612503 -0.012359631459278131 -0.0013296309886918984 0.013500487344034008 0.011695339079352203 -0.0033647188092923051 0.0034381960194080244 -0.0092257895919645224 -0.007362875116546065 0.0094928366859146456 -0.013325087939123416 -0.0069519500847525211 0.010354700005823272 -0.0012434343799548392 -0.014668857005761626 0.00068627647405710682 -0.004104491095412225 0.0026005858136131468 -0.0030194710582753534 0.011741576334325763 -0.0039579525740813006 0.0082769262027542652
leaf_weight=20.922858625650406 4.3810036927461651 5.4471589624881744 18.755927056074142 21.522705465555191 8.0040718615055102 5.1435944437980643 19.09601598978043 34.568332239985466 11.987818464636804 22.399861797690392 20.689534425735474 13.658518865704535 5.8437061458826056 8.025163263082506 5.6784136891365042 37.668192684650421 13.049598783254625 8.2624747157096845 11.909426704049109 5.2841288745403316 4.9790546745061866 31.619384586811066 4.6395129412412635 48.313515305519104 8.659672021865843 17.719546377658844 12.503486081957815 7.9881063401699057 14.112000301480291 18.062698498368263 4.6791141927242297 9.2778726667165738
leaf_count=63 22 16 61 72 27 16 67 120 43 69 69 59 20 24 17 143 42 34 45 18 22 127 14 174 36 59 45 26 53 56 17 28
internal_value=0.0012512 0.00222882 0.00143778 0.00294915 0.00195454 -0.00161925 0.00214605 0.00375895 -0.00130662 0.00192022 0.00766622 -0.00748642 -0.000924612 -1.21551e-05 -0.00381496 -0.00121418 0.00269201 -0.00161918 -0.000273397 -0.00047501 -0.00290819 -0.00154851 -0.0026934 -8.68533e-05 -0.00903412 0.004459 -0.00781101 0.00841961 0.00155143 0.00897423 0.00358609 0.0046587
internal_weight=484.852 334.541 292.929 188.867 167.344 56.1654 34.5028 111.179 104.062 82.9896 41.6124 21.6626 150.311 133.427 63.9941 43.3466 40.068 21.3121 60.5898 29.3592 24.0751 99.694 84.5724 52.953 20.6475 33.7328 16.8845 16.0133 48.6803 28.189 10.1263 15.1216
internal_count=1704 1165 1033 657 585 209 123 376 376 287 132 86 539 472 239 160 137 76 218 107 89 363 315 188 79 109 67 50 173 89 33 48
is_linear=0
shrinkage=0.0134444


Tree=49
num_leaves=23
num_cat=0
split_feature=12 2 12 12 12 12 19 20 11 12 12 12 12 20 11 11 11 19 12 19 19 11
split_gain=9.31903 10.5155 6.61279 19.9761 5.13686 12.7561 9.01145 5.4103 4.80206 4.66912 4.54928 8.403 5.56163 4.2029 4.00709 3.73028 2.95842 2.69746 2.56623 2.17138 2.06273 2.01092
threshold=0.28748883168419687 -1.9604223598007389 0.20280095128553202 -0.49395905419048175 -0.54697953407266342 -1.1490283004266255 -0.68132789571010244 0.77308693590771183 -1.3531156470933376 1.0155540191446282 1.2758347554729597 1.7331623732449384 1.8681926915919886 1.4038115819521229 -0.23144863492725795 -0.43507546212187664 -1.0084037297334967 -1.1583864217249602 -0.20863179707112725 0.58929110446304123 -0.34476943295944301 -1.0000000180025095e-35
decision_type=2 2 2 2 2 2 2 2 2 2 2 2 2 2 2 2 2 2 2 2 2 2
left_child=1 -1 3 4 5 6 7 16 -8 14 -11 -12 -13 -4 -2 20 -3 -7 -5 -17 -6 -10
right_child=9 2 13 18 15 17 8 -9 21 10 11 12 -14 -15 -16 19 -18 -19 -20 -21 -22 -23
leaf_value=-0.031148633084953241 -0.001693639233900861 0.0049826365978641119 -0.0046447707946417737 0.025053797075933925 -0.0073249296929418064 0.0001501077677283907 0.00026488309805969658 0.012150144663742613 -0.021973042761765229 -0.0010259592205596271 0.026695208857443579 -0.0042552883233225305 0.014489239679448842 -0.024690505592441996 0.017672878049399987 -0.0077330529749418822 -0.011323057051737504 0.017014395359625213 0.011858230258936692 -0.02125616696447578 0.0047680057216337793 -0.0043367368422466569
leaf_weight=5.6708572357892981 7.5379710197448722 10.955383330583572 67.634211406111717 12.317170083522795 12.301898226141928 6.7732244879007331 11.600136592984198 21.413105219602585 19.037735834717751 52.514429658651352 11.214881017804144 22.005240902304649 14.658333778381346 5.93566009402275 30.104090303182602 44.551050633192062 13.749983906745911 27.830321505665779 35.208145290613174 7.906931906938552 21.013886705040932 5.1133005023002651
leaf_count=28 28 37 256 41 48 22 42 68 78 190 37 77 48 29 106 177 53 93 121 36 69 20
internal_value=0.00141111 -0.000798988 -0.000190576 0.00168495 -0.00163787 0.00165936 -0.00353927 0.00349172 -0.0124946 0.00665332 0.00388236 0.00919433 0.00339379 -0.00650694 0.0138173 -0.00609097 -0.00414492 0.0137636 0.0156186 -0.0100536 0.000227602 -0.0184646
internal_weight=467.048 329.013 323.342 249.772 202.247 116.473 81.8696 46.1185 35.7512 138.035 100.393 47.8785 36.6636 73.5699 37.6421 85.7738 24.7054 34.6035 47.5253 52.458 33.3158 24.151
internal_count=1704 1218 1190 905 743 413 298 158 140 486 352 162 125 285 134 330 90 115 162 213 117 98
is_linear=0
shrinkage=0.0241303


Tree=50
num_leaves=25
num_cat=0
split_feature=17 13 13 17 19 19 19 19 7 7 17 17 17 13 17 17 17 10 19 17 13 7 19 10
split_gain=5.98284 5.38554 6.42851 5.88237 4.7952 5.71612 6.51649 4.45678 5.30996 6.44948 5.54203 8.29867 7.73048 4.33387 4.23529 3.97027 4.03254 4.94259 3.72552 4.89635 2.93387 2.68415 2.01766 2.01146
threshold=1.8820887824532846 0.67352918547239604 0.18735428736312462 -1.6844531834967795 -1.3576383436265611 -1.3152420951152932 -0.89334271502080653 1.6771854073830279 0.18103424444789548 1.4845582065284175 -0.13036439411240175 -0.046115820387737129 -0.49788046436624273 -0.44498648622977582 0.29391761551665585 -0.72939701157122128 1.0073417079084959 0.82287005803613911 -1.8062125896886265 1.0000000180025095e-35 -2.1165327144325219 0.5067653910877471 -0.53776115554725412 0.35972910352989412
decision_type=2 2 2 2 2 2 2 2 2 2 2 2 2 2 2 2 2 2 2 2 2 2 2 2
left_child=1 2 7 -3 18 -6 -7 8 10 13 12 -12 20 -10 -13 -8 17 -17 19 -5 -1 -15 -23 -2
right_child=23 3 -4 4 5 6 15 -9 9 -11 11 14 -14 21 -16 16 -18 -19 -20 -21 -22 22 -24 -25
leaf_value=-0.0049100712853946994 -0.0053195227878950367 -0.0081250287749429478 0.0046445982459624516 -0.0034508529848055972 -0.004116522140083353 0.0051493143779490266 0.0042695569976109191 0.004742501592323518 0.0070228643890579449 -0.0041426309748952717 -0.0042682972979501427 0.0058932771773397823 0.0069951378124430861 0.0059248226814558836 -0.00021956666874090066 -0.0038793529108640348 0.003340712911716298 0.000808174045414966 0.007258819799456119 0.0043292048403187552 0.00097619008563030953 -0.0019239741503052476 0.002318048536591183 0.0011716443957148005
leaf_weight=4.8116550594568244 12.131667032837866 4.9045264869928351 37.428473517298698 8.1704493165016228 23.027008160948753 13.595938071608542 8.2724748998880369 19.70096755027771 16.679649814963341 6.7652572989463797 33.76264064013958 7.4948671013116828 12.991790771484373 9.0301043689250928 49.433348789811134 36.050633534789085 9.3238146752119047 22.616816118359566 8.071206793189047 10.933413341641424 94.101785123348236 8.969377443194384 25.153876230120662 3.5271440446376792
leaf_count=18 52 21 120 29 93 41 26 60 53 27 136 23 41 28 183 142 32 75 23 31 321 32 85 12
internal_value=0.000853906 0.00101666 0.00158145 -0.000256101 6.44041e-05 -0.000660414 0.000253563 0.00117298 0.00089838 0.00282915 0.000255061 -0.00119812 0.00143278 0.00366585 0.000655327 -0.000663744 -0.00130843 -0.00208412 0.00300768 0.000999619 0.000652026 0.00226645 0.00118382 -0.00385102
internal_weight=486.949 471.29 326.324 144.966 140.062 112.887 89.8597 288.895 269.194 66.5983 202.596 90.6909 111.905 59.833 56.9282 76.2637 67.9913 58.6674 27.1751 19.1039 98.9134 43.1534 34.1233 15.6588
internal_count=1704 1640 1127 513 492 409 316 1007 947 225 722 342 380 198 206 275 249 217 83 60 339 145 117 64
is_linear=0
shrinkage=0.00794293


Tree=51
num_leaves=29
num_cat=0
split_feature=17 17 3 16 8 19 8 17 3 19 8 8 19 3 8 3 3 19 19 19 16 17 16 8 8 16 17 16
split_gain=5.27995 4.90027 4.62798 6.95399 6.6417 7.97276 6.60597 5.78705 5.53406 6.9602 5.30136 4.67656 8.56531 4.36764 4.01623 3.85237 6.02721 3.69509 3.13446 3.85356 3.68813 3.01223 2.76325 2.61462 4.14286 2.54938 2.46375 2.10029
threshold=1.8820887824532846 -1.7262352614522998 -0.85170420315479034 -0.18473394709489996 0.42553355490659567 -0.32211258526418346 -0.49855942104084622 -1.3568859291976805 0.67612219066129453 0.77682473909133265 -0.78214901601283027 -1.5006197890827797 -1.3152420951152932 -0.45310241126949052 -1.9444072026060437 1.9301714619220829 1.0823857397226997 1.096262787866437 0.022575182793238936 0.45210394762950185 0.3439896182440651 0.057899391620876692 1.1333291917304449 1.5018187030574215 1.4569885598847412 0.99860973549103316 -1.1901039001979685 0.82445048419811995
decision_type=2 2 2 2 2 2 2 2 2 2 2 2 2 2 2 2 2 2 2 2 2 2 2 2 2 2 2 2
left_child=1 -1 3 26 5 6 10 -5 9 13 11 14 -13 -6 -4 16 -2 21 -7 20 -20 -11 -8 24 -19 27 -3 -9
right_child=15 2 4 7 8 18 22 25 -10 17 -12 12 -14 -15 -16 -17 -18 23 19 -21 -22 -23 -24 -25 -26 -27 -28 -29
leaf_value=-0.0060323540137463784 -0.014804423532125272 0.002448317505784549 0.0018939362037224163 0.015627943172770022 -0.0010490622963075509 0.010938413271207249 -0.001899602744407105 -0.00012495441241681184 0.0090221886258285717 0.00019702986669545449 0.010032788578352804 -0.0075785216089248571 0.002895866501708901 -0.010070876422106537 0.014180681933442869 -0.017806553474600903 0.0055583416990308736 3.0354559775814451e-05 0.0061846296766834086 0.015322003015042669 -0.001657229056567594 0.014368225010553815 -0.011142214300736905 0.00467625981577532 -0.011409301448064188 0.0067445867000766784 0.01272874692384573 -0.0084013241374357138
leaf_weight=17.245575860142708 4.0305465459823591 6.6309867948293713 13.5600453466177 4.4069467931985846 17.510781139135361 20.183994084596634 61.911753714084625 26.241195783019066 7.8714503943920127 5.9134156256914121 16.635464385151863 22.827577501535416 51.002033933997154 30.781490683555603 8.7876240909099561 4.0605537965893737 7.160908430814743 21.006545186042786 28.897358596324921 5.0531102865934363 20.978415936231613 5.6957816630601883 6.7905206084251395 10.150399461388586 8.736608639359476 7.5059325248002997 21.611446484923363 7.5857640206813803
leaf_count=64 19 22 43 14 68 70 232 94 24 21 55 93 175 132 25 21 24 75 99 18 76 18 28 33 38 24 70 29
internal_value=0.00104923 0.00133348 0.00163407 0.0049038 0.000960836 0.00222071 0.000576772 0.00137848 -0.0020362 -0.00297601 0.00271709 0.00138021 -0.000388772 -0.00686305 0.00703305 -0.00707682 -0.00229083 0.000715786 0.00614656 0.00425906 0.00291129 0.00758854 -0.00292901 -0.00139204 -0.00353667 -0.00041684 0.0104261 -0.00213021
internal_weight=470.774 455.522 438.277 73.9823 364.294 256.628 181.515 45.7398 107.666 99.795 112.813 96.1773 73.8296 48.2923 22.3477 15.252 11.1915 51.5028 75.1129 54.9289 49.8758 11.6092 68.7023 39.8936 29.7432 41.3329 28.2424 33.827
internal_count=1704 1640 1576 253 1323 914 651 161 409 385 391 336 268 200 68 64 43 185 263 193 175 39 260 146 113 147 92 123
is_linear=0
shrinkage=0.0144284


Tree=52
num_leaves=22
num_cat=0
split_feature=2 20 2 2 2 2 13 9 9 9 20 2 2 2 2 13 13 9 20 5 5
split_gain=7.38805 5.70432 5.1345 14.2133 12.8969 9.65202 5.54957 3.41652 3.80455 3.5523 3.35724 3.09453 4.38227 3.57291 4.18624 3.32717 4.18746 2.50605 2.47946 1.95078 3.42541
threshold=-2.0895454277318604 -1.4829235062602291 -0.43797190448600692 -0.41179469819859527 0.086563618832801587 -0.89062248308965575 -0.44498648622977582 0.45155355755330312 -0.21229487713230522 -0.495938437731338 0.092415619838413912 0.32908963756509485 0.61238795899335796 1.7154600002577975 1.3182242354250964 -1.5175961248599694 -0.44498648622977582 0.20239802304550458 0.43925460718276638 -0.43507546212187664 0.35273984335038616
decision_type=2 2 2 2 2 2 2 2 2 2 2 2 2 2 2 2 2 2 2 2 2
left_child=18 19 5 -4 -5 6 7 8 9 -3 17 15 -13 14 -14 -6 -17 -8 -1 -2 -21
right_child=1 2 3 4 11 -7 10 -9 -10 -11 -12 12 13 -15 -16 16 -18 -19 -20 20 -22
leaf_value=-0.0036781626015880316 0.014094720687418695 -0.0018438814189211611 -0.0053751797630130485 0.0088967652737615387 -0.0086533839756083517 0.0089606962938808161 -0.0023454657064012111 0.010249211128160487 -0.0065323528777195446 0.011156665492228955 -0.0030485313567317463 0.010246569730814194 0.0011165484269054626 -0.0037063180785576635 0.0088347570444978086 0.0051371225065198886 -0.0017698966937008094 0.0072067008887195328 -0.016068705397968057 -0.0012762914765559101 0.011369540561766284
leaf_weight=6.9793307781219465 5.3442947715520885 5.4297266900539425 56.23531311750412 31.221379935741425 7.7328156977891913 32.90529191493988 6.4772380292415646 12.218959763646124 5.2071774750947979 6.5153319835662833 41.197657376527786 7.7952833473682395 108.56416031718254 19.894280940294266 11.342856749892233 15.841119170188902 74.243781343102455 9.9482338726520521 3.6990939974784851 6.4987870007753354 5.5994206368923187
leaf_count=26 15 20 233 104 29 107 23 38 20 18 156 26 370 73 35 52 270 31 18 23 17
internal_value=0.00113136 0.00137027 0.00109303 0.000293452 0.00145805 0.00329623 0.00109302 0.0054249 0.00170113 0.00547467 -0.00116042 0.000485894 0.00162212 0.00108561 0.00190046 -0.00122798 -0.000520373 0.00348809 -0.00873883 0.00820144 0.00491933
internal_weight=480.892 470.213 452.771 332.871 276.636 119.9 86.9943 29.3712 17.1522 11.9451 57.6231 245.414 147.597 139.801 119.907 97.8177 90.0849 16.4255 10.6784 17.4425 12.0982
internal_count=1704 1660 1605 1192 959 413 306 96 58 38 210 855 504 478 405 351 322 54 44 55 40
is_linear=0
shrinkage=0.012471


Tree=53
num_leaves=25
num_cat=0
split_feature=18 18 13 19 18 6 9 9 15 9 6 15 19 18 18 18 19 6 13 13 6 6 19 19
split_gain=4.11018 10.5899 8.52573 4.43889 3.62617 6.83248 6.06981 8.77838 9.37538 5.55654 4.63084 3.40848 3.37705 3.09062 3.41882 5.80678 3.08496 2.79023 5.92826 4.45833 4.38863 4.18542 2.32766 2.42867
threshold=-0.68494468518227081 -0.36580584482134909 0.12463438508862672 -0.94358100105149412 2.026934388300194 1.5107362937016529 -0.32678568911673378 -0.41059181364277192 0.21665654945931132 0.1190157201694441 1.4731682945766835 0.17497443013442635 -0.118726991825229 1.356745008277491 1.0928289921517162 0.88887667571632967 -1.2288379138832479 -0.12330147066940911 -0.85158462163420368 -1.0247145952099328 -0.73906795886846166 -1.8189009396839289 1.6771854073830279 0.58929110446304123
decision_type=2 2 2 2 2 2 2 2 2 2 2 2 2 2 2 2 2 2 2 2 2 2 2 2
left_child=2 -2 17 -4 5 6 7 10 -9 11 -3 -8 -5 14 15 -11 -15 20 19 -19 21 -1 23 -22
right_child=1 4 3 12 -6 -7 9 8 -10 13 -12 -13 -14 16 -16 -17 -18 18 -20 -21 22 -23 -24 -25
leaf_value=-0.0055132610353151763 0.018174986429033407 0.0039890952934044863 0.0069598515560400538 -0.019862516759105431 -0.0091216685101461591 0.017629214357542292 0.0061640741151158364 -0.025284033848132364 -0.0022216944842069295 0.0020556191327886241 -0.010917536339169115 0.025221407737542736 -0.0065741783472425168 -0.0015710590449993886 -0.0062458210910398869 0.024484683578668759 0.020074584995815509 0.012034387940521587 0.023615481932525082 -0.016722515160796984 0.0039909529314873238 0.012158201027938671 0.0088039863816031638 -0.011366194766947753
leaf_weight=9.268250524997713 19.858387559652328 66.170091226696968 6.4961763471364966 16.114127859473228 13.81736074388027 12.843904018402098 10.738070711493494 13.910610169172285 21.908948749303818 122.47242504358292 11.411107107996939 8.3664960712194425 24.380920007824898 4.7556043267250052 22.033755168318748 5.177360624074935 8.5488761961460096 4.6811778694391259 7.7801582217216483 4.3555733114480981 6.1817687302827897 19.511547073721886 4.172490492463111 20.937818855047226
leaf_count=34 72 227 21 79 52 40 38 64 80 448 44 29 93 17 79 17 24 16 24 19 24 63 13 87
internal_value=0.00145789 0.00271646 -0.00201147 -0.00940878 0.00172077 0.00222943 0.00151396 -0.00252301 -0.0115184 0.00402824 0.00170317 0.0151456 -0.0121345 0.00265802 0.00170923 0.00311334 0.0126243 0.00255769 0.0103521 -0.0020028 0.000271087 0.00645598 -0.00543891 -0.00783767
internal_weight=465.893 342.013 123.88 46.9912 322.155 308.337 295.493 113.401 35.8196 182.093 77.5812 19.1046 40.495 162.988 149.684 127.65 13.3045 76.8888 16.8169 9.03675 60.0719 28.7798 31.2921 27.1196
internal_count=1704 1231 473 193 1159 1107 1067 415 144 652 271 67 172 585 544 465 41 280 59 35 221 97 124 111
is_linear=0
shrinkage=0.0222931


Tree=54
num_leaves=39
num_cat=0
split_feature=13 8 8 8 8 3 1 3 17 8 8 8 8 8 8 3 8 1 17 17 17 1 8 8 17 5 1 1 3 3 3 1 17 1 3 17 5 1
split_gain=5.20685 7.89526 9.74648 6.99724 6.45063 6.19922 9.93 5.48447 5.17601 5.19228 4.66 4.64151 7.02511 4.84157 4.49676 4.00961 3.54808 6.90849 5.04751 3.19191 4.68078 3.33156 3.12077 4.83793 3.48534 2.95736 3.50647 4.56467 2.77985 4.45688 7.10625 2.43005 2.42316 2.42308 2.24591 2.24555 2.14177 2.04193
threshold=0.67352918547239604 0.42553355490659567 0.52170834830775936 0.048939682998566818 -0.5600762987173703 0.71778927046898822 0.11752195757100528 0.57701097390559453 -1.6844531834967795 -1.5006197890827797 -1.9444072026060437 0.92709523412078398 1.5018187030574215 1.4569885598847412 1.0760615257764219 0.072813342042342036 -0.46324082726352217 -0.73029317720145592 1.492602085599003 0.37861839386817903 0.72525972080648915 0.11752195757100528 0.21678512683008647 -0.46324082726352217 -0.39811434628387765 0.54020372214564905 0.28493330158659624 1.4757718127525361 0.072813342042342036 0.35570979058130864 1.0073642231167244 0.96298412293608737 1.0000000180025095e-35 -0.37532101958436809 -0.41885127537106792 -0.10562350493300683 -1.1216632449553565 -0.7513692586336308
decision_type=2 2 2 2 2 2 2 2 2 2 2 2 2 2 2 2 2 2 2 2 2 2 2 2 2 2 2 2 2 2 2 2 2 2 2 2 2 2
left_child=1 3 5 4 7 6 34 -1 -2 10 32 -4 13 14 15 -13 28 37 33 22 21 -21 23 24 -11 26 -22 31 -6 -30 -31 -28 -10 -19 -3 -5 -26 -18
right_child=8 2 11 35 16 -7 -8 -9 9 19 -12 12 -14 -15 -16 -17 17 18 -20 20 25 -23 -24 -25 36 -27 27 -29 29 30 -32 -33 -34 -35 -36 -37 -38 -39
leaf_value=0.015063528410807228 -0.015043258050435809 0.00022990834959936432 0.0088562481202562014 0.0062089013379330342 0.0034046328357784025 0.0095123439570174526 -0.017938441277975878 0.0037397227843953438 -0.0055865741968895745 -0.0050486171847461212 0.013891107342194186 -0.0042542727113144708 0.0073124525411286372 -0.0085089576459012554 0.010350159631391333 0.008208281671618323 -4.7505245638645485e-05 0.016759022734772561 -0.0086357932194310108 -0.0010600358403247221 -0.010593666052769487 -0.013198332480443196 -0.0083374257020294284 0.0095169393724483468 -0.004722820824314306 0.010850709246183785 -7.1440898415083432e-06 -0.007715634646382195 -0.016289565098120334 0.010295259974682679 -0.010285725443112331 0.012139796475946929 0.0057269810774877028 0.0059965456000619002 -0.0071670377829074726 0.015640692208443815 0.0059005981371637577 -0.0098292109663694425
leaf_weight=16.015074878931046 4.832658350467681 23.674625396728512 21.741421535611153 11.521408990025522 9.5688536614179629 5.3068587630987158 12.302202999591826 24.59355790913105 6.9715414792299297 20.348045065999028 9.1012163907289487 26.255382269620895 27.485425546765327 16.581267699599266 8.2657666504383069 6.6584276109933844 10.322698682546616 4.9328966140747061 4.2054831683635703 7.646345958113673 7.4907724261283901 15.491295531392096 6.8733034431934348 13.324172616004942 4.94629639387131 3.6543563008308402 7.5604644715785998 8.0633418038487417 5.8955676853656795 5.9941520690917951 7.776000052690506 6.4907236099243164 8.7143683880567533 42.540673598647118 14.491188853979112 14.837059333920477 17.204109594225887 8.2635653764009476
leaf_count=49 21 83 71 41 32 16 56 83 25 76 26 100 88 67 27 21 36 15 18 28 31 68 26 42 18 12 29 33 26 18 32 21 26 146 60 48 57 32
internal_value=0.00142189 0.00247797 0.000113389 0.00477897 0.00339976 -0.00495516 -0.00661032 0.00840129 -0.000916514 -0.000361336 0.00580348 0.00277233 0.00115411 -0.00183725 0.000957147 -0.00159027 0.00130784 0.00313438 0.00594829 -0.0016749 -0.00425166 -0.00933633 0.000665864 0.00188049 -0.000644673 -0.000584003 -0.00224408 0.000852568 -0.0030494 -0.00621445 -0.00125854 0.00593263 0.000682835 0.00737221 -0.00267009 0.0117996 0.00343069 -0.00460159
internal_weight=477.943 329.23 162.763 166.467 140.109 55.7749 50.468 40.6086 148.713 143.88 24.7871 106.988 85.2463 57.7608 41.1796 32.9138 99.4999 70.2653 51.6791 119.093 56.3973 23.1376 62.6959 55.8226 42.4985 33.2597 29.6053 22.1145 29.2346 19.6657 13.7702 14.0512 15.6859 47.4736 38.1658 26.3585 22.1504 18.5863
internal_count=1704 1165 589 576 487 215 199 132 539 518 77 374 303 215 148 121 355 247 179 441 222 96 219 193 151 126 114 83 108 76 50 50 51 161 143 89 75 68
is_linear=0
shrinkage=0.015082


Tree=55
num_leaves=23
num_cat=0
split_feature=8 19 19 19 19 8 8 6 19 8 16 1 6 6 16 16 1 1 16 1 8 8
split_gain=3.9816 10.64 10.261 7.01102 5.77193 5.40854 6.1088 4.95297 4.17761 4.15939 6.27733 3.97262 5.85587 2.64055 2.59715 2.80063 2.58322 3.18165 2.41438 2.05216 1.94412 3.24841
threshold=0.42553355490659567 0.77682473909133265 -0.32211258526418346 1.096262787866437 0.022575182793238936 -0.49855942104084622 -0.78214901601283027 -0.28926070127903797 0.21358214612304297 1.5018187030574215 -1.7536441141141046 -0.37532101958436809 -1.4053582169404424 2.2257860785937322 -0.18473394709489996 -0.82693949735444183 -1.5737563597071713 -1.0004890270258269 -1.2983120440966671 -0.67960022125220854 1.4569885598847412 1.0760615257764219
decision_type=2 2 2 2 2 2 2 2 2 2 2 2 2 2 2 2 2 2 2 2 2 2
left_child=2 11 5 -3 -4 6 13 -8 19 10 -5 -2 -13 18 15 -7 -11 -18 -1 -6 21 -12
right_child=1 3 4 9 8 14 7 -9 -10 16 20 12 -14 -15 -16 -17 17 -19 -20 -21 -22 -23
leaf_value=-0.0082412272766029283 -0.0014870759288038637 0.01446859557151362 0.016979716110826153 -0.025160759861745048 -0.0032026903472950792 -0.007070768446976081 -0.0041536679647133801 0.019353806217572839 0.013880803180094204 -0.002995136450918296 -0.0012554382280483994 0.009732211564236341 -0.01334887291101478 -0.013287109907577062 -0.0061548489793462457 0.008259902474430772 0.018511832947673178 0.0018816177938329869 0.0026178224321597313 0.0052866374754216797 -0.0069007694071143407 0.014344159300485104
leaf_weight=8.6216913685202581 35.317205846309662 18.77891418337822 23.919847369194031 3.9651552587747565 17.937384337186813 7.3458801656961468 4.6437718421220806 13.820236518979071 16.817679539322853 7.2655495554208782 23.673596054315571 4.5917024612426749 38.523417711257935 4.3626989573240271 57.925514131784439 12.079510405659674 9.8979070633649862 9.021072238683697 93.463745519518852 32.367395430803299 12.882121741771696 6.4279767870903006
leaf_count=36 130 64 84 19 63 29 17 46 62 25 85 14 168 18 227 40 33 30 328 116 49 21
internal_value=0.00136481 -0.00112218 0.00280847 0.00359194 0.00848515 0.000230425 0.00285901 0.0134625 0.00529928 0.000675196 -0.00296388 -0.00662843 -0.0107449 0.000933788 -0.00400118 0.00239573 0.0070902 0.0109568 0.00164207 0.00225727 -0.000493537 0.00236015
internal_weight=463.65 170.345 293.305 91.9123 91.0423 202.263 124.912 18.464 67.1225 73.1334 46.9488 78.4323 43.1151 106.448 77.3509 19.4254 26.1845 18.919 102.085 50.3048 42.9837 30.1016
internal_count=1704 638 1066 326 325 741 445 63 241 262 174 312 182 382 296 69 88 63 364 179 155 106
is_linear=0
shrinkage=0.0204827


Tree=56
num_leaves=24
num_cat=0
split_feature=20 17 10 13 17 1 1 17 17 17 1 10 10 10 10 10 17 17 1 1 1 1 10
split_gain=5.05693 3.89699 5.07476 4.83157 3.86195 6.53449 5.51233 4.63412 4.00314 4.53338 3.62923 3.41873 6.22701 3.80496 6.31085 7.90905 2.63774 7.24437 2.58298 5.11537 3.19615 3.04273 2.43944
threshold=-1.4829235062602291 1.8820887824532846 1.3799516500938387 -0.18145455878276348 0.48615754283384488 -0.7513692586336308 0.08808901724064562 0.86948855328106822 1.0073417079084959 1.4247021350057252 -0.21862644478704787 -0.37730301518230774 -0.75764695588716335 0.74304984144305986 0.66495225718737916 0.24860271852674715 -0.16986507935584202 -0.72939701157122128 -0.82274266399080298 -0.73029317720145592 -1.631598455743736 -0.37532101958436809 -1.0259460202569401
decision_type=2 2 2 2 2 2 2 2 2 2 2 2 2 2 2 2 2 2 2 2 2 2 2
left_child=-1 2 4 -4 6 -6 10 -7 -9 -10 18 12 22 14 15 -13 17 -5 20 -20 -2 -21 -8
right_child=1 -3 3 16 5 7 11 8 9 -11 -12 13 -14 -15 -16 -17 -18 -19 19 21 -22 -23 -24
leaf_value=0.011481057621087195 -0.0030693101531855714 -0.0087016316002905512 0.004637014003829998 -0.019991157304942456 -0.016570771818435113 0.015176572147841499 0.0022862571025137773 5.0263938954102649e-06 0.017477953610116739 0.0031450671240049002 0.012618659501421249 -0.0073429848636322268 0.016453523163241158 0.0079659330700707128 -0.022581667239555306 0.01368543665869563 -0.016809982897502948 0.0095383446853829785 -0.0051913482032302843 0.010835786578556677 0.0078967978007570896 0.0011626510927664853 -0.0056681083789462683
leaf_weight=16.202354356646538 12.233740970492361 14.702200643718241 10.332112297415732 4.6474583148956299 4.1274949461221686 16.613904029130936 30.083283931016918 41.154779627919197 12.994472548365591 21.09133119136095 12.45018722116947 45.145381085574627 7.449571654200553 6.4212577939033499 7.4549397081136695 6.9639781713485709 12.005421549081802 6.2226770371198654 38.543060436844819 15.462727323174468 42.690507173538208 47.414252609014525 25.92551259696484
leaf_count=55 43 63 34 19 17 58 112 151 42 78 46 183 24 21 34 22 48 19 148 57 151 176 103
internal_value=0.00117854 0.000780767 0.00112282 -0.00602127 0.00173584 0.00508129 0.000648638 0.00619408 0.00407346 0.00887361 0.00293703 -0.00233525 0.000855877 -0.00538022 -0.00691155 -0.00436443 -0.0108495 -0.00360913 0.00210616 0.000272998 0.00543892 0.00364506 -0.00142165
internal_weight=458.333 442.13 427.428 33.2077 394.22 95.982 298.238 91.8545 75.2406 34.0858 168.794 129.444 63.4584 65.9856 59.5643 52.1094 22.8756 10.8701 156.344 101.42 54.9242 62.877 56.0088
internal_count=1704 1649 1586 120 1466 346 1120 329 271 120 621 499 239 260 239 205 86 38 575 381 194 233 215
is_linear=0
shrinkage=0.0192754


Tree=57
num_leaves=24
num_cat=0
split_feature=18 18 13 1 1 3 1 1 18 18 15 15 15 1 18 18 13 13 13 13 1 15 3
split_gain=3.14246 8.52729 6.91443 4.27906 3.01356 3.46844 3.44302 3.53429 2.91444 8.30878 4.62853 6.70617 5.87422 2.80079 4.30709 2.39255 8.65581 5.87913 4.7528 3.5328 2.21455 2.18391 2.07959
threshold=-0.68494468518227081 -0.36580584482134909 0.12463438508862672 1.211624968351561 1.0737541488132745 0.61658690986585618 -0.7513692586336308 -1.631598455743736 -0.23316328638550854 0.20668945804000563 -1.1202900350009937 -1.1531935327587746 -1.5634092688864303 0.08808901724064562 -0.78133156242930946 0.28559117097363423 0.61490634720966009 -0.37892616555324304 0.32457798745906669 -0.68961517080195278 -0.67960022125220854 -0.28695024102108097 -0.79400040430519903
decision_type=2 2 2 2 2 2 2 2 2 2 2 2 2 2 2 2 2 2 2 2 2 2 2
left_child=2 -2 4 13 5 6 7 -1 21 -10 11 12 -11 -4 -15 18 17 -17 19 -12 -8 -3 -9
right_child=1 8 3 -5 -6 -7 20 22 9 10 15 -13 -14 14 -16 16 -18 -19 -20 -21 -22 -23 -24
leaf_value=-0.0047771535491284095 0.016060958610671115 0.0022888017706838046 -0.0045843833008048958 0.0028935081511007651 -0.014469732007684874 0.017346830797395404 -0.010748958187398646 0.019142036692463574 0.013158874304694401 -0.0056102570202237519 0.0028661109524741888 -0.017022089554740199 0.018319935139085905 -0.0080766740986853644 -0.028717432013207752 0.0014477031049394602 -0.0021872087501016743 0.013629270270136161 0.007639914138442663 -0.010385818235660664 0.00074698707147648094 -0.0056450230102843843 0.0029370482632116099
leaf_weight=6.123359456658366 18.299137353897095 25.060903251171112 14.752039954066275 11.437465108931063 3.7704627215862265 6.3359615951776496 8.948148384690283 9.9503426402807236 28.259651646018028 14.227411463856695 13.923104792833326 13.892475560307501 5.8818919807672527 11.696268916130064 7.7560774385929134 30.338891625404358 58.687327295541763 43.783977910876274 17.39686481654644 23.957383498549461 33.544486850500107 39.775903880596161 5.7775219529867146
leaf_count=21 72 92 58 43 16 21 37 34 105 54 47 60 19 50 42 107 216 150 58 96 131 155 20
internal_value=0.00119381 0.00225622 -0.00175139 -0.00820293 0.00224708 0.00329642 0.00171647 0.0084221 0.00141604 0.00245717 0.00105311 -0.00608476 0.00181438 -0.0119087 -0.0170853 0.00236396 0.00390675 0.00870596 -0.00134323 -0.00554765 -0.00182451 -0.00258436 0.0135807
internal_weight=453.577 333.485 120.092 45.6419 74.4503 70.6798 64.3439 21.8512 315.186 250.349 222.089 34.0018 20.1093 34.2044 19.4523 188.088 132.81 74.1229 55.2774 37.8805 42.4926 64.8368 15.7279
internal_count=1704 1231 473 193 280 264 243 75 1159 912 807 133 73 150 92 674 473 257 201 143 168 247 54
is_linear=0
shrinkage=0.0212969


Tree=58
num_leaves=21
num_cat=0
split_feature=13 13 15 15 15 15 7 13 13 15 7 9 15 15 7 9 9 15 13 13
split_gain=4.26628 6.36212 8.15132 5.86318 6.17268 11.3837 5.24705 4.34788 5.0013 6.91899 3.98848 4.00933 4.9391 3.97914 7.14885 4.76493 4.75837 3.58392 2.05298 2.00973
threshold=0.67352918547239604 0.18735428736312462 -1.2853920775174386 0.71039813614964453 0.67211674409850264 0.29116651841253111 -0.31644397347939074 0.047615600439395535 -0.37892616555324304 -0.12641803323345716 1.4845582065284175 1.5683530884899319 -0.28695024102108097 0.62014991772026584 -0.31644397347939074 -0.90879232048880942 -0.32678568911673378 0.21665654945931132 -0.12972751346322436 0.73996352983101021
decision_type=2 2 2 2 2 2 2 2 2 2 2 2 2 2 2 2 2 2 2 2
left_child=1 3 -3 4 5 6 7 8 9 -1 11 12 -8 15 -15 19 -17 -9 -5 -2
right_child=13 2 -4 18 -6 -7 10 17 -10 -11 -12 -13 -14 14 -16 16 -18 -19 -20 -21
leaf_value=-0.0036281665691966806 0.00064069224399475994 -0.0037167968801735717 0.0061841414775534757 0.0020573434318354564 -0.0034668175638720745 0.007639390490927561 0.0046275239543362278 -0.0020798064383276962 0.005894165826344785 0.0022092832013021237 -0.0040307834155231901 -0.0039669044143073881 0.0003503807085979523 -0.010229416886599335 -0.00074440512617976332 -0.0032304556109372189 0.00071766003289343717 -0.0098309033317217735 0.0053671852316950113 0.0072130299912903303
leaf_weight=33.632679134607315 5.2528777867555609 6.4445975273847571 31.735461086034775 61.765163734555244 27.925275713205338 14.323281764984129 38.65525721013546 11.994640320539476 6.9583513736724845 23.401512145996094 7.5675316601991645 6.3923103511333457 36.360369354486465 6.6645319610834148 21.800059840083122 28.375642791390419 78.51285869628191 6.0310771167278281 16.610959261655807 8.1619587540626508
leaf_count=131 18 23 103 209 110 47 129 47 21 80 31 25 132 29 78 115 275 26 51 24
internal_value=0.00075858 0.00128794 0.00446149 0.000861459 0.000139498 0.000695535 8.08058e-05 -0.00143751 -0.000395027 -0.0012343 0.00148052 0.00202914 0.00257872 -0.000415363 -0.00317969 0.000255102 -0.000346517 -0.00496805 0.00280442 0.00479764
internal_weight=478.566 329.798 38.1801 291.618 213.242 185.317 170.994 82.0183 63.9925 57.0342 88.9755 81.4079 75.0156 148.768 28.4646 120.303 106.889 18.0257 78.3761 13.4148
internal_count=1704 1165 126 1039 779 669 622 305 232 211 317 286 261 539 107 432 390 73 260 42
is_linear=0
shrinkage=0.00836325


Tree=59
num_leaves=17
num_cat=0
split_feature=20 18 3 3 3 3 3 3 3 18 3 18 18 18 18 18
split_gain=4.17685 3.54111 2.94034 2.80824 5.16005 3.43715 6.74601 6.40665 4.83473 3.1622 2.91311 2.81936 2.11722 5.47212 2.77638 2.66005
threshold=-1.4829235062602291 2.026934388300194 1.9301714619220829 0.660275890347226 0.90306323048800963 -0.85170420315479034 -1.6891796167818998 -1.7339487907738638 -1.2764487552916808 1.0928289921517162 -1.2195966474792888 -1.2090590263126213 -0.68494468518227081 -0.33225559409586775 -0.23316328638550854 0.20668945804000563
decision_type=2 2 2 2 2 2 2 2 2 2 2 2 2 2 2 2
left_child=-1 2 3 5 -5 6 7 -2 -8 11 -10 -6 -7 -14 -15 -16
right_child=1 -3 -4 4 9 12 8 -9 10 -11 -12 -13 13 14 15 -17
leaf_value=0.011505223720300817 0.006826526795358172 -0.010491072803743059 -0.0079594300430453954 0.015755202910708498 -0.006842959271357316 -0.0036759092626619133 0.023502819942297467 -0.017679797601874547 0.001817598226711843 -0.008877185143060469 0.013072778510789546 0.0059470428831853769 0.014007185805716495 -0.0054249537860686751 0.0088618632869027006 -7.9023937801586948e-05
leaf_weight=15.75301571190357 8.1141243427991867 11.22192223370075 14.566262781620024 14.798281908035277 8.2101034224033338 70.871601447463036 7.1903745085000983 9.3594383299350739 30.690157443284988 8.84502165019512 14.592677339911459 50.7257941365242 11.686269946396349 37.08663484454155 15.90307831764221 121.68274401128292
leaf_count=55 28 44 60 54 33 288 25 37 106 34 57 178 46 150 62 447
internal_value=0.00114619 0.000750943 0.00106768 0.00140375 0.00484989 0.000524329 0.00463015 -0.00646399 0.00837291 0.00231523 0.00560846 0.00409288 -0.000603184 0.000575855 -0.000382857 0.000999664
internal_weight=451.298 435.544 424.323 409.756 82.5792 327.177 69.9468 17.4736 52.4732 67.7809 45.2828 58.9359 257.23 186.359 174.672 137.586
internal_count=1704 1649 1605 1545 299 1246 253 65 188 245 163 211 993 705 659 509
is_linear=0
shrinkage=0.0210377


Tree=60
num_leaves=29
num_cat=0
split_feature=20 16 9 16 16 20 16 16 20 20 20 9 20 20 16 20 9 16 20 9 16 20 20 13 13 13 13 20
split_gain=5.90695 5.92603 6.79295 4.32893 13.7969 9.86753 6.1115 15.6799 5.43019 5.76101 4.75078 4.46864 3.87262 14.4307 4.17575 3.66561 3.58251 3.19677 3.07995 3.65424 2.51731 2.5063 2.13067 2.10396 2.16624 2.30748 2.14244 2.0875
threshold=-1.4829235062602291 -1.8381616299874666 -0.41059181364277192 -0.18473394709489996 -0.70482724793501983 -0.48573192854616987 -0.15873613146916291 0.3439896182440651 -0.39092250917199894 1.1110241472199189 -0.8393140898724698 -0.32678568911673378 -0.32048288124978802 0.092415619838413912 2.4225990969152975 0.11629392630626693 0.88002250405821625 0.3439896182440651 0.092415619838413912 1.1190247459948086 -1.199166743603983 1.8474691792856757 1.706554536522398 -1.0247145952099328 -0.31029926857553269 1.2802428881585668 -0.68961517080195278 -1.1837231754553972
decision_type=2 2 2 2 2 2 2 2 2 2 2 2 2 2 2 2 2 2 2 2 2 2 2 2 2 2 2 2
left_child=17 2 -2 4 5 10 18 -8 20 11 27 -10 23 -14 22 -13 -4 -1 -5 -20 -7 -11 -15 -9 26 -26 -25 -3
right_child=1 3 16 6 -6 8 7 12 9 21 -12 15 13 14 -16 -17 -18 -19 19 -21 -22 -23 -24 24 25 -27 -28 -29
leaf_value=0.0066755615179361115 0.0031527584033589013 0.0036852505292580742 -0.009992396959116176 -0.00027875262076852854 0.0055842516018524847 -0.0087312379914637212 0.0052388096962240633 0.0026299137232912474 -0.0025011948987070619 -0.0049549588621011741 0.0082847816606063784 0.00037343914171184065 0.0068498963927579124 -0.00025896778830956625 -0.0067531307419401868 0.0056643859172063908 -0.002534649106933089 -8.7744555067819011e-05 -0.0048095439720895489 0.0014126176597463696 -0.0026471238314687571 0.001154400565947216 0.0036896168691959033 -0.0014817512072794882 0.0001740622809465041 -0.0039145913829474631 -0.0058307897355759164 -1.7239805426558736e-05
leaf_weight=12.402728229761125 5.7047505080699947 17.199879065155983 5.8496062755584708 32.125389143824577 36.383721724152565 4.8472893238067636 34.349296316504478 5.5768110156059256 9.7350847125053388 12.975870788097383 7.5599658936262122 13.72434748709202 16.872224256396294 101.9749960899353 4.2870090603828421 13.897113621234892 8.7206204086542112 5.1512030661106101 23.696195185184482 5.9829803109168997 13.612906992435455 4.4920064955949774 7.1002281904220572 14.354682505130768 32.897857770323753 8.7583313733339292 10.804482758045197 15.008454501628874
leaf_count=38 18 53 27 111 117 22 112 18 38 52 21 48 51 368 18 42 34 17 101 20 49 15 22 51 112 34 44 51
internal_value=0.000667937 0.00050694 -0.00329965 0.000684811 0.00170244 0.000423135 0.000172722 0.00071004 -0.00117521 1.89745e-06 0.00333234 0.00162615 -7.52625e-05 0.000681113 -0.000278857 0.00311494 -0.00587755 0.0047537 -0.00187024 -0.00354453 -0.00452958 -0.00338722 2.33451e-05 -0.00142891 -0.00179709 -0.000744344 -0.00346564 0.00200132
internal_weight=486.046 468.492 20.275 448.217 149.437 113.053 298.78 236.976 73.2846 54.8244 39.7683 37.3565 202.627 130.234 113.362 27.6215 14.5702 17.5539 61.8046 29.6792 18.4602 17.4679 109.075 72.3922 66.8154 41.6562 25.1592 32.2083
internal_count=1704 1649 79 1570 508 391 1062 830 266 195 125 128 718 459 408 90 61 55 232 121 71 67 390 259 241 146 95 104
is_linear=0
shrinkage=0.00734969


Tree=61
num_leaves=26
num_cat=0
split_feature=17 16 16 16 16 18 3 3 3 3 3 16 3 3 16 18 16 18 18 16 3 3 3 3 3
split_gain=3.77808 3.89291 7.50835 6.04874 11.5916 6.03905 3.73601 5.83733 3.61647 5.19973 2.95498 2.78727 2.786 3.94563 2.67054 2.67404 2.60032 3.46378 6.79138 3.70068 2.42852 3.17437 2.84953 2.22601 2.00389
threshold=1.8820887824532846 0.3439896182440651 -0.15873613146916291 -0.28752228086561837 -0.70482724793501983 -0.16707140436703558 1.9301714619220829 1.0823857397226997 -0.79400040430519903 -1.2764487552916808 -0.60025800413581465 2.4225990969152975 -0.45310241126949052 -0.054497157225502753 0.99860973549103316 0.81568440419116128 0.92428928808803279 0.95577690977094898 -0.13170054094752989 0.44566064098591512 -0.45310241126949052 -1.2195966474792888 0.27198094487551189 0.61658690986585618 0.46239967270460652
decision_type=2 2 2 2 2 2 2 2 2 2 2 2 2 2 2 2 2 2 2 2 2 2 2 2 2
left_child=1 2 3 4 5 8 7 -2 9 -1 -10 14 -4 -14 16 -16 17 18 19 -3 21 -5 -22 -24 -12
right_child=6 11 12 20 -6 -7 -8 -9 10 -11 24 -13 13 -15 15 -17 -18 -19 -20 -21 22 -23 23 -25 -26
leaf_value=-0.011433469842161058 -0.019575298249763957 0.0004127735973436657 0.020782829300274856 -0.0065943471331067829 0.015227849375130545 0.0058141235598123198 -0.023603518199350366 0.0086127382504068064 -0.016187052838257502 0.012603475795324736 -1.2118699629629448e-05 -0.0140273726594498 -0.0075053792543637119 0.012318658779525834 0.0064931517511798631 -0.0044997420765358568 -0.0056404155181667675 0.007491665544052264 -0.008031048552710883 0.014156562596401254 -0.011726442401870572 0.0070733742228684341 0.0069785810211026103 -0.0069876593314917718 -0.0092518641109537759
leaf_weight=4.463784545660018 3.8697831779718381 33.2233861759305 9.8483399301767367 11.159636795520782 28.495076060295105 57.991282358765602 3.8627681583166114 7.0054694265127182 8.1212154477834684 10.664102852344511 25.953805841505527 5.2468305975198737 4.6770955771207854 15.49292683601379 35.529115214943886 11.047843605279921 43.882085278630257 19.785245940089226 35.988639697432518 9.4545730054378492 19.741466671228409 14.928572796285152 7.6443802565336254 9.0694733858108503 13.899876847863196
leaf_count=17 19 131 37 41 108 201 21 24 36 35 99 23 20 58 126 41 174 64 138 34 85 55 27 35 55
internal_value=0.00106673 0.00140961 0.00309901 0.00175141 0.00393154 0.00119175 -0.00862651 -0.00209666 -0.00307689 0.0052514 -0.00575214 -0.00070118 0.012332 0.00759987 -0.000273107 0.0038471 -0.00163547 0.000179937 -0.00171577 0.0036569 -0.00344633 0.00119629 -0.00673091 -0.000581439 -0.00335355
internal_weight=451.047 436.309 242.151 212.133 149.589 121.094 14.738 10.8753 63.1028 15.1279 47.9749 194.158 30.0184 20.17 188.911 46.577 142.334 98.4518 78.6666 42.678 62.5435 26.0882 36.4553 16.7139 39.8537
internal_count=1704 1640 909 794 551 443 64 43 242 52 190 731 115 78 708 167 541 367 303 165 243 96 147 62 154
is_linear=0
shrinkage=0.0200233


Tree=62
num_leaves=21
num_cat=0
split_feature=2 2 2 2 2 17 3 17 17 17 17 5 5 2 2 3 3 3 3 10
split_gain=6.55107 6.79304 17.8826 14.2707 11.1388 4.8014 4.19201 3.99192 3.90711 5.64672 10.7164 4.2794 3.35039 3.3452 4.83575 2.53419 2.43599 2.35108 2.11471 2.04341
threshold=-2.0895454277318604 -0.43797190448600692 -0.41179469819859527 0.086563618832801587 -0.89062248308965575 0.92504046582021371 0.29417338206432081 1.5964013800830805 -1.7262352614522998 -0.13036439411240175 -0.55817848852962559 0.29947895875098479 0.69186456867094337 -1.0253835859003977 -1.5592339359583953 -0.77297471459417921 0.21359510076442345 -0.79400040430519903 0.660275890347226 -0.37730301518230774
decision_type=2 2 2 2 2 2 2 2 2 2 2 2 2 2 2 2 2 2 2 2
left_child=-1 4 5 6 7 -3 -4 13 -5 10 11 16 -11 14 -2 -13 -10 -14 -8 -6
right_child=1 2 3 8 19 -7 18 -9 9 12 -12 15 17 -15 -16 -17 -18 -19 -20 -21
leaf_value=-0.0064835108372440662 -0.00050115145788400429 -0.0064591308972740298 0.0073071422441402887 -0.0052832759712347329 0.0069624591117277848 -0.0017158793675122028 -0.0024459153607719396 -0.0049708392953607197 -0.0024723682146964034 -0.0012109624693247239 0.0059832858575849367 0.0025739851346991312 0.00023277709235375679 -0.0011216537808885275 0.0056618083394519448 -0.0014780124068307339 0.0015699784024270987 -0.005389364080727781 0.0036468713746392704 0.0027904634672784824
leaf_weight=10.938927724957464 17.514680743217472 41.104690864682198 15.796932816505434 11.064958319067953 14.61237655580044 19.284386515617371 4.8410735502839071 9.5138450562953931 51.517000451683998 94.878196120262146 16.959647178649902 29.880206480622292 5.3926548510789898 48.141880586743355 12.408324033021925 12.509544178843496 10.10526120662689 21.563356295228004 7.8400071561336517 15.991344869136809
leaf_count=44 60 167 58 41 50 69 20 37 182 335 61 99 18 172 41 45 32 85 28 60
internal_value=-0.000789091 -0.000642857 -0.00119339 -0.000371404 0.000950843 -0.00498191 0.00473848 -0.000460397 -0.000957793 -0.000743872 0.000438471 -0.000504417 -0.00191315 0.000134022 0.00213137 0.00136983 -0.00179563 -0.00428136 0.00131931 0.00490005
internal_weight=471.859 460.92 342.738 282.349 118.182 60.3891 28.478 87.5787 253.871 242.806 120.972 104.012 121.834 78.0649 29.923 42.3898 61.6223 26.956 12.6811 30.6037
internal_count=1704 1660 1240 1004 420 236 106 310 898 857 419 358 438 273 101 144 214 103 48 110
is_linear=0
shrinkage=0.00773221


Tree=63
num_leaves=17
num_cat=0
split_feature=17 6 6 6 6 6 6 1 1 17 17 17 3 3 17 17
split_gain=4.22109 4.75953 12.0507 10.9047 6.65028 6.60368 12.9305 5.5223 4.93947 3.78855 10.7043 3.95828 3.35289 5.10789 2.71136 2.35238
threshold=1.8820887824532846 -0.73906795886846166 -0.71385796343355146 -0.3639400719153027 -1.2591252992415154 -0.12330147066940911 0.26504371011954014 1.2466800479738891 0.11752195757100528 -0.13036439411240175 -0.55817848852962559 -0.10562350493300683 1.9301714619220829 1.0823857397226997 0.37861839386817903 -0.39811434628387765
decision_type=2 2 2 2 2 2 2 2 2 2 2 2 2 2 2 2
left_child=1 4 8 15 -1 7 -7 -5 -3 10 -8 -11 13 -2 -13 -4
right_child=12 2 3 5 -6 6 9 -9 -10 11 -12 14 -14 -15 -16 -17
leaf_value=-0.00023863735532884234 -0.0082086714294046775 -0.0013233674139091402 -0.00039904032411259091 -0.0032116758555752055 0.0048706764383411958 0.0052540875746112936 -0.0006716336157262452 0.0032338308150538769 -0.0070053329863654134 -0.0039939499755604693 0.0064508854193414721 0.0027071587621770644 -0.009859841758143837 0.001807175993733548 -0.0014298202450616952 0.0057631445221425987
leaf_weight=52.261762246489525 4.1828607767820341 15.318862915039061 4.4533903151750591 81.068041756749153 21.262922957539558 23.864053174853325 98.516169980168343 8.3155202716588956 24.786304324865341 33.414972618222237 13.963027521967886 11.010349079966543 4.2840304523706427 7.4908654391765594 52.344753980636597 19.248651668429375
leaf_count=177 19 54 18 302 75 91 338 26 101 121 48 36 21 24 186 67
internal_value=-0.000679711 -0.000538429 -0.000885455 -0.000410642 0.00127445 -0.000790552 -9.55852e-05 -0.00258639 -0.00489588 -0.000723517 0.000252099 -0.00185071 -0.00452916 -0.00208459 -0.000685862 0.00461387
internal_weight=475.787 459.829 386.304 346.199 73.5247 322.497 233.113 89.3836 40.1052 209.249 112.479 96.7701 15.9578 11.6737 63.3551 23.702
internal_count=1704 1640 1388 1233 252 1148 820 328 155 729 386 343 64 43 222 85
is_linear=0
shrinkage=0.0078169


Tree=64
num_leaves=24
num_cat=0
split_feature=12 12 12 12 12 12 12 12 12 4 20 4 4 5 4 4 4 4 4 4 4 5 4
split_gain=11.609 11.1084 28.2136 8.59447 16.5439 7.8561 6.14841 9.29171 6.96533 4.70088 4.34687 3.88697 3.15374 3.00692 5.21821 3.92747 2.29919 2.2901 2.24332 2.12619 2.89518 1.97635 1.96351
threshold=0.28748883168419687 0.20280095128553202 -0.49395905419048175 -0.54697953407266342 -1.1490283004266255 1.0155540191446282 1.2758347554729597 1.7331623732449384 1.8681926915919886 1.5240224203026449 1.4038115819521229 0.43391215322684923 -0.20514162438177752 -0.43507546212187664 1.5956821153573748 0.68622810871403139 1.0000000180025095e-35 0.68622810871403139 0.55774680416051414 -1.3601604288369398 0.18062957200711802 -0.43507546212187664 -0.82985204614009767
decision_type=2 2 2 2 2 2 2 2 2 2 2 2 2 2 2 2 2 2 2 2 2 2 2
left_child=1 2 3 4 9 -2 12 -8 -9 11 17 19 -7 14 -5 22 -6 -3 -14 -1 -21 -13 -15
right_child=5 10 -4 13 16 6 7 8 -10 -11 -12 21 18 15 -16 -17 -18 -19 -20 20 -22 -23 -24
leaf_value=-0.007091670156612071 0.0052391328018677524 -0.0031574878266758958 0.0056353264061577805 -0.002102660824576877 0.0027006859932358937 -0.0024372409247804352 0.008861224542110949 -0.0014904617058548754 0.0050869546668875004 -0.0059920419479735886 -0.0083668765962529382 0.0033270041325953095 0.0033946237037186318 -0.00573374111627796 0.0053111475075606701 -0.0071580162909320932 0.0066950145427750515 -0.00027409268223401259 -0.00080176920017589054 -2.8076972719454894e-05 -0.0040614022923056506 -0.0010994099373277998 -0.0014711691023072083
leaf_weight=3.3012296557426444 41.389901757240295 45.146680667996407 52.059873014688492 29.048563301563263 17.769563570618629 25.913421347737312 12.170624062418936 22.47260944545269 15.649439960718153 9.9324648827314359 6.6812563240528098 17.37775078415871 13.785122126340868 7.4916715323925009 6.1684129089117041 13.409352153539656 19.648689046502113 25.883053630590439 15.339122191071509 34.455233305692673 14.564736396074293 8.4785920679569227 33.214843153953552
leaf_count=14 134 174 163 106 56 95 37 77 48 38 31 54 44 30 17 56 60 88 51 119 54 31 127
internal_value=0.000598964 -0.000178011 0.000572707 -0.000670303 0.000634337 0.00241511 0.00127533 0.00320762 0.0012604 -0.00119867 -0.00273633 -0.000535773 -0.000511248 -0.00249358 -0.000713918 -0.00362707 0.00488622 -0.00212094 0.00121893 -0.00173993 -0.00127251 0.0018798 -0.00235135
internal_weight=491.352 344.632 266.921 214.861 125.528 146.72 105.33 50.2927 38.122 88.11 77.711 78.1775 55.0377 89.3328 35.217 54.1159 37.4183 71.0297 29.1242 52.3212 49.02 25.8563 40.7065
internal_count=1704 1218 925 762 426 486 352 162 125 310 293 272 190 336 123 213 116 262 95 187 173 85 157
is_linear=0
shrinkage=0.00773755


Tree=65
num_leaves=18
num_cat=0
split_feature=13 18 13 16 16 13 18 13 13 18 13 16 16 18 18 16 13
split_gain=3.20336 5.29319 4.8592 6.83473 4.70178 4.42432 6.85467 3.99498 3.59867 3.40344 3.12342 2.74555 4.91566 2.26403 2.38282 2.09737 2.0646
threshold=-0.44498648622977582 -0.68494468518227081 -0.37892616555324304 -0.18473394709489996 -0.70482724793501983 0.67352918547239604 0.23964254780184691 -0.85158462163420368 0.18735428736312462 0.69657992174808581 0.12463438508862672 0.3439896182440651 1.3036228037165836 -0.36580584482134909 -0.18419244614164096 -0.82693949735444183 -0.4038481803236359
decision_type=2 2 2 2 2 2 2 2 2 2 2 2 2 2 2 2 2
left_child=7 4 3 15 -2 6 8 -1 11 13 16 -4 -13 -7 -15 -3 -6
right_child=1 2 5 -5 10 9 -8 -9 -10 -11 -12 12 -14 14 -16 -17 -18
leaf_value=0.00200498411905305 -0.015824687101791402 -0.0046976818213831512 0.0017570302930141055 -0.014458402525313396 -0.00066686135907495037 0.019683561680256506 0.011961787610269095 0.0141165219363971 0.011657218905302861 -0.0047262389122253766 -0.0065901823201515893 -0.01772859183726827 0.011157066488253877 -0.0054772047335244229 0.0052969669664616106 0.013528951420607555 0.017108270816797368
leaf_weight=103.09413723647594 21.910264946520329 5.6805327236652365 22.402432307600975 25.12425471842289 9.1831947267055494 3.8176576644182196 53.398332819342613 18.502921581268311 10.474571272730826 64.564050763845444 30.842887938022614 13.530375428497793 3.9819502383470526 17.039901793003082 38.109438419342041 8.5053642243146879 5.7988400161266318
leaf_count=378 94 20 85 100 37 14 187 72 39 237 127 56 13 65 134 27 19
internal_value=0.000547951 -0.000687347 0.0008652 -0.00697017 -0.00673781 0.00224046 0.00593563 0.00392701 -0.000531694 -0.000881477 -0.00220424 -0.00390441 -0.0109186 0.00333274 0.00193646 0.00631888 0.00670469
internal_weight=455.961 334.364 266.629 39.3102 67.7352 227.319 103.788 121.597 50.3893 123.531 45.8249 39.9148 17.5123 58.967 55.1493 14.1859 14.982
internal_count=1704 1254 977 147 277 830 380 450 193 450 183 154 69 213 199 47 56
is_linear=0
shrinkage=0.0244138


Tree=66
num_leaves=15
num_cat=0
split_feature=20 6 6 6 6 6 6 13 13 6 20 6 6 6
split_gain=4.41174 3.10562 2.83931 8.86078 5.99228 5.26591 6.39214 4.33263 7.61533 2.7412 4.22272 2.4663 4.92486 3.85115
threshold=-1.4829235062602291 -2.329618169777294 -0.80825534466026949 -0.71385796343355146 -0.3639400719153027 -0.12330147066940911 0.26504371011954014 -0.61883441331018918 -2.1165327144325219 -1.1749937370022059 0.47956423963928357 1.5107362937016529 1.4731682945766835 2.2257860785937322
decision_type=2 2 2 2 2 2 2 2 2 2 2 2 2 2
left_child=-1 -2 7 -4 -5 -6 -7 8 -3 10 -9 12 -8 -13
right_child=1 2 3 4 5 6 11 9 -10 -11 -12 13 -14 -15
leaf_value=0.0078119799510147202 -0.0085367005922607191 -0.0079038545965259693 -0.0066330533328298035 0.0076134041295058815 -0.0030735081626539853 0.008791816335572588 0.00081550650879141928 0.003075307291680479 0.011588347051370712 0.0064532892057366422 -0.0070038149984815142 0.0095846782457516874 -0.006347181004913144 -0.0051183473920557703
leaf_weight=15.875435546040533 7.9205898195505133 4.7556663900613811 40.520550057291985 23.418404310941696 84.503005966544151 20.903595894575119 156.92470972239971 17.856264337897301 20.454727619886398 10.648107826709746 16.503536567091942 12.734450921416284 23.018449395895004 4.7098116725683203
leaf_count=55 34 18 167 86 326 81 558 60 68 37 66 41 88 19
internal_value=0.000401236 0.000123098 0.000295585 -0.000224629 0.000585754 2.35458e-05 0.00122928 0.0029844 0.007757 0.000225751 -0.00181132 0.000396182 -0.000124972 0.00553778
internal_weight=460.747 444.872 436.951 366.733 326.212 302.794 218.291 70.2183 25.2104 45.0079 34.3598 197.387 179.943 17.4443
internal_count=1704 1649 1615 1366 1199 1113 787 249 86 163 126 706 646 60
is_linear=0
shrinkage=0.0146955


Tree=67
num_leaves=25
num_cat=0
split_feature=8 8 8 3 3 3 9 9 3 9 9 3 3 3 3 8 8 8 8 3 3 3 8 9
split_gain=3.63335 5.98908 5.61048 5.21994 6.86531 4.11301 3.72086 3.45408 5.89885 2.82632 2.81379 4.51339 3.12125 2.98267 5.7303 2.67214 4.30247 3.75682 3.35486 2.59197 4.09495 2.45597 2.18174 1.93104
threshold=0.42553355490659567 0.048939682998566818 0.52170834830775936 0.71778927046898822 -0.41885127537106792 -1.2764487552916808 -0.90879232048880942 -0.32678568911673378 1.4685479954427281 -0.41059181364277192 0.66645693193159439 0.072813342042342036 -0.27584681077141787 0.16302681097039168 0.57701097390559453 0.92709523412078398 1.5018187030574215 1.4569885598847412 1.0760615257764219 -0.45310241126949052 -0.054497157225502753 0.072813342042342036 2.4056262791302507 0.78555081557534645
decision_type=2 2 2 2 2 2 2 2 2 2 2 2 2 2 2 2 2 2 2 2 2 2 2 2
left_child=1 6 3 4 5 -2 -1 9 10 -8 11 12 -9 -13 -15 19 17 18 -17 -4 -21 -11 -18 -10
right_child=2 -3 15 -5 -6 -7 7 8 23 21 -12 13 -14 14 -16 16 22 -19 -20 20 -22 -23 -24 -25
leaf_value=0.01045452929338902 -0.022631999340302848 0.013062886852286206 0.017860566139224727 0.013731852495204214 -0.019262613340110857 0.0014072971343411587 0.00074848402828583439 0.0046724578843904347 -0.019734210623710155 -0.0051696545088984729 0.0090893637339651955 -0.0072211299761030167 0.022377833439662837 0.01785384535487216 -0.0025254539929521844 -0.0038803774557284211 0.010217778109954966 -0.013828217268071664 0.012619145515035915 -0.014386937289840409 0.013382862401171062 -0.020061840269400243 -0.0070655145867781627 -0.0042482750436366908
leaf_weight=21.616686791181564 4.0602017790079143 25.883473828434944 9.0015753805637377 5.0925590246915808 25.595419645309448 26.11740206182003 27.240793704986572 21.50366406142712 4.7747412323951712 21.883924841880802 43.924059972167015 29.880160510540009 7.4068415611982337 9.972563832998274 30.778107970952988 34.436138957738876 22.125680297613147 16.692590340971947 8.1788675934076291 4.8789728730916977 5.8899505734443647 8.8432892113924009 4.5631976723670951 33.213640585541725
leaf_count=75 17 101 33 16 115 95 101 77 21 85 148 115 25 35 118 129 77 69 30 20 21 40 16 125
internal_value=0.000525416 0.00217066 -0.0023042 -0.00809445 -0.0102644 -0.00234326 0.00105414 0.000173022 0.00181386 -0.00491792 0.00405478 0.0017801 0.00967513 -0.00152483 0.00270705 0.00106234 -0.0007985 -0.00441055 -0.000539333 0.00887708 0.000694249 -0.0098432 0.00711824 -0.00655387
internal_weight=453.555 286.922 166.633 60.8656 55.773 30.1776 261.038 239.422 181.454 57.968 143.465 99.5413 28.9105 70.6308 40.7507 105.767 85.9965 59.3076 42.615 19.7705 10.7689 30.7272 26.6889 37.9884
internal_count=1704 1066 638 243 227 112 965 890 664 226 518 370 102 268 153 395 321 228 159 74 41 125 93 146
is_linear=0
shrinkage=0.0241534


Tree=68
num_leaves=10
num_cat=0
split_feature=17 17 17 16 16 16 16 16 16
split_gain=3.32677 3.5815 4.11432 3.9843 5.80462 4.09434 10.2819 2.73241 2.26464
threshold=1.8820887824532846 -1.7262352614522998 -1.5304795450091735 0.3439896182440651 -0.15873613146916291 -0.28752228086561837 -0.70482724793501983 2.4225990969152975 0.99860973549103316
decision_type=2 2 2 2 2 2 2 2 2
left_child=1 -1 -3 4 5 6 -4 8 -5
right_child=-2 2 3 7 -6 -7 -8 -9 -10
leaf_value=-0.010190846783815476 -0.010887808834157053 0.023100038745613029 0.00080801907992851659 -0.0027399976057428726 0.013797160916789683 -0.0036987509625397131 0.017768456822105292 -0.018729577292985886 0.0037945234542442934
leaf_weight=16.612166196107864 14.629602879285811 4.5140950828790656 117.14542011171579 133.71986367553473 27.745097234845161 59.765162229537964 26.742754876613617 4.8406305611133567 43.116127401590347
leaf_count=64 64 17 430 507 111 230 106 21 154
internal_value=0.000498061 0.000901299 0.00136154 0.0010792 0.00324858 0.00176354 0.00404041 -0.00168589 -0.0011366
internal_weight=448.831 434.201 417.589 413.075 231.398 203.653 143.888 181.677 176.836
internal_count=1704 1640 1576 1559 877 766 536 682 661
is_linear=0
shrinkage=0.0249868


Tree=69
num_leaves=23
num_cat=0
split_feature=17 3 3 17 17 15 15 15 15 15 3 3 3 0 3 17 3 0 17 17 0 15
split_gain=5.09798 4.0438 5.79135 3.4309 6.9484 4.42341 7.5532 10.2517 4.42328 7.35877 4.0379 6.87402 4.96349 3.62355 3.36616 3.36239 4.82986 6.5369 3.30573 7.22538 3.28906 1.91433
threshold=1.8820887824532846 1.9301714619220829 1.0823857397226997 1.0073417079084959 1.4247021350057252 0.71039813614964453 0.67211674409850264 0.29116651841253111 0.21665654945931132 -0.12641803323345716 -0.27584681077141787 0.072813342042342036 -1.2764487552916808 1.096262787866437 1.0403343603006598 -1.7262352614522998 -0.79400040430519903 0.58929110446304123 -0.90133254375089922 -0.62531254299813366 -0.68132789571010244 1.8880710226122044
decision_type=2 2 2 2 2 2 2 2 2 2 2 2 2 2 2 2 2 2 2 2 2 2
left_child=3 2 -2 5 -5 6 7 8 9 10 12 -12 -1 14 -8 -7 21 20 -10 -20 -18 -17
right_child=1 -3 -4 4 -6 15 13 -9 18 -11 11 -13 -14 -15 -16 16 17 -19 19 -21 -22 -23
leaf_value=0.0048488365746679613 -0.0080773499292702295 -0.0099931333195565786 0.003097387764745693 0.0073064788712125291 0.00027472921571545508 -0.0016620223049542454 -0.0059794491324044741 0.0056322432692099168 -0.0066412566994423147 0.0046246261812705435 0.0073691115243401609 0.00030256719454844577 -0.002308610619982678 0.00062459892658296874 0.0016204652373253336 0.0058643310798154723 -0.001129166007451261 -0.0020738744626418604 0.0031226754709165533 -0.0035589853035313313 0.0048354634082824234 0.00023465914550600592
leaf_weight=6.3024437725543967 4.0389613360166532 4.1793396621942511 7.2890691310167313 14.293544456362723 23.764697507023811 13.911309123039244 23.585499763488773 22.499341145157814 7.8836966156959525 24.781632840633392 9.0416804403066617 107.14111170172691 60.844490110874176 10.856740817427633 4.1275536864995948 26.765440270304683 7.5391045510768881 23.928717568516731 15.903172343969343 28.491380721330643 24.705817952752113 4.6198441088199607
leaf_count=20 19 21 24 44 86 50 98 76 31 83 28 379 235 38 14 87 27 86 50 112 80 16
internal_value=0.000546325 -0.00390483 -0.00116676 0.000702707 0.00300803 0.000489977 2.27236e-05 0.000484324 2.35552e-05 0.000554336 -1.35934e-05 0.000899244 -0.00158527 -0.00330362 -0.00482513 0.00195844 0.00254526 0.0010948 -0.00206591 -0.00115219 0.00343906 0.00505193
internal_weight=476.495 15.5074 11.328 460.987 38.0582 422.929 321.459 282.889 260.39 208.111 183.33 116.183 67.1469 38.5698 27.7131 101.47 87.5589 56.1736 52.2782 44.3946 32.2449 31.3853
internal_count=1704 64 43 1640 130 1510 1164 1014 938 745 662 407 255 150 112 346 296 193 193 162 107 103
is_linear=0
shrinkage=0.00810834


Tree=70
num_leaves=28
num_cat=0
split_feature=4 4 4 3 9 9 13 9 9 9 9 9 9 13 9 4 4 4 9 4 4 13 9 13 4 4 4
split_gain=3.20885 12.1956 6.3489 3.29234 5.36021 5.98425 6.54933 5.69894 5.43788 5.02221 7.38502 5.84876 4.92743 4.79184 4.71845 3.44955 5.42319 3.58919 5.6413 5.22576 3.42709 3.10234 2.83697 2.68545 1.94186 5.27285 2.08649
threshold=-1.7950887299003944 -1.8630455633890992 -1.3601604288369398 -0.85170420315479034 -0.32678568911673378 -1.5822559785204351 0.82064946621374923 -0.90879232048880942 -0.11222137205842496 -1.3020693284229601 -1.3604056144881607 -1.7437099147280517 -0.34916715764121181 0.12463438508862672 -0.73618266137264743 -1.1731640169461135 -0.90198744283486154 -0.72347374258912234 1.3099103317391421 -0.35982838088149099 -1.0000000180025095e-35 -0.49275403946659446 1.7354088412885595 -1.6761004827294919 0.18062957200711802 -0.82985204614009767 0.68622810871403139
decision_type=2 2 2 2 2 2 2 2 2 2 2 2 2 2 2 2 2 2 2 2 2 2 2 2 2 2 2
left_child=1 -1 -2 9 5 -5 12 -8 -6 10 11 -4 14 21 -7 22 -17 18 -18 -19 -9 23 -10 -11 25 -14 -26
right_child=2 -3 3 4 8 6 7 20 15 13 -12 -13 24 -15 -16 16 17 19 -20 -21 -22 -23 -24 -25 26 -27 -28
leaf_value=0.0046605648331602152 0.011253130539695566 -0.013799521233035669 -0.00085233912261400578 0.011724651769844312 0.0089933643906762555 -0.00086778314029591248 0.0027196938925646633 -0.0041436248560177786 -0.0053790358789054891 0.011380040147444431 -0.005708176126274455 0.010989127250110713 0.0048075150430722281 -0.00059552037183900977 0.0065143760165501585 0.008147656107911622 -0.00017513707605226172 0.0078226243116676086 -0.01136646039460867 0.00078981793717449139 -0.016014692734010075 0.014569351306563999 0.0037063415357013745 0.0024119483640319679 0.0014577243276708213 -0.010756854036489896 -0.0045428976065856773
leaf_weight=9.8867729157209396 7.0882252454757682 8.5505758374929428 13.167179331183435 3.5657146424055091 10.961958512663839 41.032221183180809 4.6080720871686962 6.1001132577657726 19.336367383599285 6.5069970637559917 17.751914024353027 9.3064367771148664 3.3978872895240775 11.683270931243895 16.075317561626434 14.053837120532988 30.244202360510826 15.703792393207548 7.0427622497081748 132.14423061907291 9.1218948215246147 7.4276109039783504 5.5723673999309531 14.019105598330496 13.097490355372431 11.874126866459845 18.729099959135056
leaf_count=33 23 40 48 9 38 150 15 25 75 21 65 29 12 45 57 47 108 54 29 474 41 22 19 51 49 55 70
internal_value=0.000607654 -0.00410329 0.000807944 0.000620326 0.000141036 -0.00179704 -0.0022605 -0.0083258 0.00119562 0.00277376 -0.000167796 0.00424978 -0.001052 0.00570716 0.00127013 0.00078342 0.00130315 0.000750704 -0.00248069 0.00157477 -0.0116718 0.00829575 -0.00328229 0.0055766 -0.00384144 -0.00720135 -0.00209797
internal_weight=468.05 18.4373 449.612 442.524 362.661 127.602 124.036 19.8301 235.06 79.8625 40.2255 22.4736 104.206 39.637 57.1075 224.098 199.189 185.135 37.287 147.848 15.222 27.9537 24.9087 20.5261 47.0986 15.272 31.8266
internal_count=1704 73 1631 1608 1327 483 474 81 844 281 142 77 393 139 207 806 712 665 137 528 66 94 94 72 186 67 119
is_linear=0
shrinkage=0.0117878


Tree=71
num_leaves=17
num_cat=0
split_feature=2 2 2 2 2 15 18 18 15 15 15 2 15 18 18 15
split_gain=5.40145 4.52233 11.1249 8.0264 5.96652 3.06381 4.68168 5.06104 3.62478 7.08116 4.96779 7.19411 2.77854 2.66732 2.43788 1.90914
threshold=-2.0895454277318604 -0.43797190448600692 -0.41179469819859527 0.086563618832801587 -0.89062248308965575 -0.63282380450336062 2.026934388300194 0.28559117097363423 -1.1531935327587746 -1.5634092688864303 -1.1202900350009937 0.4827174671863097 -0.28695024102108097 0.40938191049112799 0.72953301150992711 0.67211674409850264
decision_type=2 2 2 2 2 2 2 2 2 2 2 2 2 2 2 2
left_child=-1 4 12 13 -2 8 7 -7 9 -5 -10 -12 -3 -4 -15 -14
right_child=1 2 3 5 -6 6 -8 -9 10 -11 11 -13 15 14 -16 -17
leaf_value=-0.01313044557572798 0.001528258884697606 -0.0023560174255660344 0.015331364361150518 -0.0038690506199665761 0.011755468044985663 -0.00087875789552129306 -0.0121548514533425 0.006006426640413739 -0.015039888633325218 0.018365687592893927 -0.014534047328815221 0.004859611713337977 -0.015871248735380421 -0.0071903700171452025 0.01213322430221493 -0.0063202646249858278
leaf_weight=10.106464654207228 83.605257719755173 20.327255487442017 18.729640185832981 17.765259280800823 29.339732885360718 87.51976965367794 8.2384788393974286 77.257933989167213 15.855701446533201 7.0771185308694831 10.337331235408785 21.162226125597954 18.480275496840477 4.6096707135438901 3.8834035247564316 16.792879953980446
leaf_count=44 310 82 73 65 110 324 33 268 68 22 44 74 85 19 14 69
internal_value=0.00052891 0.000865458 -0.000306365 0.00133684 0.00424728 0.000196566 0.00161682 0.00236233 -0.00318762 0.00283434 -0.00634633 -0.00171388 -0.00826268 0.0113097 0.00196366 -0.0115534
internal_weight=451.088 440.982 328.037 272.437 112.945 245.214 173.016 164.778 72.1976 24.8424 47.3553 31.4996 55.6004 27.2227 8.49307 35.2732
internal_count=1704 1660 1240 1004 420 898 625 592 273 87 186 118 236 106 33 154
is_linear=0
shrinkage=0.0196849


Tree=72
num_leaves=17
num_cat=0
split_feature=12 18 12 12 18 12 12 12 12 18 12 18 18 18 18 18
split_gain=7.40151 8.31802 5.56989 5.66465 5.28906 2.773 4.27442 6.63687 4.00793 2.63482 2.2784 1.97822 2.72633 9.37735 2.64355 5.35985
threshold=0.28748883168419687 -0.68494468518227081 1.0000000180025095e-35 -0.49395905419048175 -0.36580584482134909 1.0155540191446282 1.2758347554729597 1.7331623732449384 1.8681926915919886 2.104823840575945 -0.54697953407266342 1.2368139676713283 1.0928289921517162 0.85246442183584192 0.69657992174808581 0.23964254780184691
decision_type=2 2 2 2 2 2 2 2 2 2 2 2 2 2 2 2
left_child=1 2 3 -1 -3 -2 -7 -8 -9 11 -11 12 13 14 15 -6
right_child=5 4 -4 -5 9 6 7 8 -10 10 -12 -13 -14 -15 -16 -17
leaf_value=-0.0080601184984306507 0.0118832711213708 0.017626036532357347 -0.019856584719317699 0.015377442227812167 -0.00083735923102571405 -0.0015856657495592022 0.026666561556413088 -0.0031161102775734396 0.014018913106947618 -0.018884495424323328 0.0035946997532477613 0.0078492106461446158 -0.0074250314206498243 0.028023583921961651 -0.0061688441118794542 0.013173054226850785
leaf_weight=39.784486144781113 33.951805144548416 10.573418103158472 21.32645370811224 7.1995840668678275 110.78973469138145 51.298539102077484 9.8742916285991651 21.738890424370766 13.809829130768774 7.7984429746866226 4.0101822763681394 20.696339949965477 28.711097434163094 7.0662315189838401 37.997754365205765 20.220158338546753
leaf_count=165 134 43 101 24 421 190 37 77 48 31 15 70 105 26 142 75
internal_value=0.00061899 -0.00148934 -0.00930183 -0.00426904 0.000686463 0.00569824 0.0034505 0.00906727 0.00370672 -0.000125036 -0.0114358 0.000506009 -0.000263926 0.000932187 -0.000328981 0.00139182
internal_weight=446.847 316.174 68.3105 46.9841 247.863 130.673 96.7216 45.423 35.5487 237.29 11.8086 225.481 204.785 176.074 169.008 131.01
internal_count=1704 1218 290 189 928 486 352 162 125 885 46 839 769 664 638 496
is_linear=0
shrinkage=0.0254708


Tree=73
num_leaves=25
num_cat=0
split_feature=20 17 10 13 17 17 17 3 3 17 3 3 17 17 3 3 7 7 17 17 17 17 7 7
split_gain=5.81491 4.59902 5.82748 5.32088 4.58611 4.35807 8.35432 6.9685 6.41514 4.20642 3.70776 4.77286 3.42527 6.47768 4.73402 6.45717 3.58115 3.314 2.93887 5.53878 2.69461 7.76889 2.63654 2.35686
threshold=-1.4829235062602291 1.8820887824532846 1.3799516500938387 -0.18145455878276348 0.48615754283384488 0.37861839386817903 -0.016486232539599445 -0.41885127537106792 1.4685479954427281 0.86948855328106822 1.9301714619220829 1.4685479954427281 1.0073417079084959 1.4247021350057252 1.2338932660595912 0.57701097390559453 0.47926687368259169 1.9266582838227184 -1.7262352614522998 -1.236399876590961 -0.16986507935584202 -0.72939701157122128 -0.3374844794894083 -0.24063856075105466
decision_type=2 2 2 2 2 2 2 2 2 2 2 2 2 2 2 2 2 2 2 2 2 2 2 2
left_child=-1 2 4 -4 5 6 8 -7 18 -6 11 -3 14 -14 15 -11 -15 -10 -2 -20 21 -5 -9 -24
right_child=1 10 3 20 9 7 -8 22 17 12 -12 -13 13 16 -16 -17 -18 -19 19 -21 -22 -23 23 -25
leaf_value=0.0052652844582860335 -0.0032094469341849468 -0.0068625484760604797 0.0019389311324953386 -0.0096446751936925604 0.0059203883036340315 -0.008909123017936749 0.0059234618100635064 0.0049511841821302961 -0.011733619839953449 -0.0028024127903018485 -0.010599349064427589 0.0037201165404571745 0.0078832215276314534 -0.0040567152731572206 -0.0065018973264672287 0.0042820048433685198 0.0028581193906381435 -0.0017777942455054555 0.00745414572368176 0.00040482972093053711 -0.0080170790540537874 0.0040864030057765005 -0.0062021569254570585 -0.00053256511851152712
leaf_weight=16.51043538749218 14.564193993806837 5.3367462754249555 10.346798717975615 4.6005844622850418 18.047875300049782 8.4848486036062223 19.25604173541069 4.6206410676240912 4.0372459441423398 17.222169190645218 4.1319021731615058 5.737635999917984 13.353138133883474 7.7753894850611713 6.7110242992639533 19.653286188840866 14.99460695683956 5.6866000145673752 7.8297826349735251 198.80487556755543 12.174709007143974 6.2436666637659073 5.6728188991546622 34.922938629984856
leaf_count=55 55 23 34 19 62 38 64 16 18 69 21 19 43 31 27 62 52 21 26 724 48 19 26 132
internal_value=0.000361793 0.000172835 0.000339334 -0.00308288 0.000629306 0.000104269 0.000584401 -0.00210828 0.000120186 0.00224747 -0.00436616 -0.00150388 0.00136638 0.0033002 -0.000266866 0.000981941 0.000442199 -0.00645136 0.000431566 0.000699849 -0.00533989 -0.00201124 -0.000701007 -0.00142877
internal_weight=466.72 450.21 435.003 33.3658 401.637 303.88 250.179 53.7012 230.923 97.7575 15.2063 11.0744 79.7096 36.1231 43.5865 36.8755 22.77 9.72385 221.199 206.635 23.019 10.8443 45.2164 40.5958
internal_count=1704 1649 1586 120 1466 1120 908 212 844 346 63 42 284 126 158 131 83 39 805 750 86 38 174 158
is_linear=0
shrinkage=0.00863412


Tree=74
num_leaves=7
num_cat=0
split_feature=20 13 9 9 13 9
split_gain=3.84958 2.22876 3.33986 4.54539 2.83331 2.40506
threshold=-1.4829235062602291 -0.44498648622977582 0.66645693193159439 1.4713679533524111 -0.85158462163420368 1.6482121435626986
decision_type=2 2 2 2 2 2
left_child=-1 4 -3 -4 -2 -5
right_child=1 2 3 5 -6 -7
leaf_value=0.0094148845875165598 0.0010929739258741273 -0.0017250474937838779 0.0064956111982864533 -0.0085725917655884772 0.0092345681205808303 0.0016452570742408502
leaf_weight=15.094242200255392 93.126461990177631 243.64419987052679 44.396955564618111 12.854029044508936 16.740372553467751 18.378275983035564
leaf_count=55 349 960 151 51 69 69
internal_value=0.000451183 0.000118807 -0.000666977 0.00272322 0.00239044 -0.00266118
internal_weight=444.235 429.14 319.273 75.6293 109.867 31.2323
internal_count=1704 1649 1231 271 418 120
is_linear=0
shrinkage=0.0185744


Tree=75
num_leaves=12
num_cat=0
split_feature=2 20 2 2 2 2 2 2 2 2 20
split_gain=6.88901 5.32842 4.73302 12.9766 11.2227 8.4632 3.63532 4.31831 2.74802 3.6834 2.36067
threshold=-2.0895454277318604 -1.4829235062602291 -0.43797190448600692 -0.41179469819859527 0.086563618832801587 -0.89062248308965575 0.32908963756509485 1.2131490242167586 0.61238795899335796 0.75353711049798233 0.43925460718276638
decision_type=2 2 2 2 2 2 2 2 2 2 2
left_child=10 -2 5 -4 -5 -3 -6 8 -8 -10 -1
right_child=1 2 3 4 6 -7 7 -9 9 -11 -12
leaf_value=-0.0032082115424939247 0.0062783566377463086 0.00057720489141107906 -0.0045397811545156638 0.0066447131930781377 -0.0014592567562738553 0.006728405420604224 0.008086092207407412 -0.0010734219727414902 0.00069544021390092266 0.0058744366237606909 -0.013262859336947534
leaf_weight=6.7720315009355527 16.302531331777573 85.065444633364677 56.172068774700165 29.339569240808487 96.072241112589836 31.005125135183334 7.5046111345291129 57.102555155754089 61.238557234406471 17.739209905266762 3.5961510241031647
leaf_count=26 55 306 233 104 351 107 26 206 213 59 18
internal_value=0.000524617 0.000715849 0.000499251 -0.000131243 0.000800097 0.00225433 6.48427e-05 0.00108691 0.00251096 0.00190604 -0.00735121
internal_weight=467.91 457.542 441.239 325.169 268.997 116.071 239.657 143.585 86.4824 78.9778 10.3682
internal_count=1704 1660 1605 1192 959 413 855 504 298 272 44
is_linear=0
shrinkage=0.0101701


Tree=76
num_leaves=13
num_cat=0
split_feature=12 12 12 12 12 12 12 12 12 12 17 12
split_gain=6.28117 3.89019 14.1058 3.64315 2.84932 9.26163 2.69457 3.68205 6.24558 3.49873 2.67787 2.00738
threshold=0.28748883168419687 0.20280095128553202 -0.43305883673369411 -0.20863179707112725 -0.54697953407266342 -1.1490283004266255 1.0155540191446282 1.2758347554729597 1.7331623732449384 1.8681926915919886 -0.78425635846562802 -0.73431183324648697
decision_type=2 2 2 2 2 2 2 2 2 2 2 2
left_child=1 2 4 -4 5 -1 10 -8 -9 -10 -2 -7
right_child=6 -3 3 -5 -6 11 7 8 9 -11 -12 -13
leaf_value=-0.0033193975923501888 -0.0014001436576638428 -0.0048409888094971022 0.021351627595667503 0.007209164834087128 -0.0044836800984055453 0.020013161383091938 -0.0011500214977178719 0.01965509806410367 -0.0023121639861170247 0.0098226555181398448 0.011491555736777436 0.0065010731605287427
leaf_weight=81.902898468077183 7.403710037469863 73.485669374465942 8.3374508470296842 32.003858640789986 87.765150256454945 4.3344417065381995 51.521506503224373 9.3537374809384328 21.784365504980087 13.679925248026846 26.203100085258484 27.807033255696297
leaf_count=310 31 293 32 121 346 16 190 37 77 48 103 100
internal_value=0.00048342 -0.000984996 0.000197029 0.0104766 -0.00189118 0.000120213 0.00403436 0.00236104 0.00634669 0.00248545 0.00867077 0.00875347
internal_weight=445.583 315.637 242.151 40.3413 201.81 114.044 129.946 96.3395 44.818 35.4643 33.6068 32.1415
internal_count=1704 1218 925 153 772 426 486 352 162 125 134 116
is_linear=0
shrinkage=0.0192657


Tree=77
num_leaves=13
num_cat=0
split_feature=18 18 3 18 18 18 18 3 3 3 18 18
split_gain=2.66504 7.80153 2.80284 2.72269 7.79836 2.68022 5.02981 2.43787 2.32011 2.99193 1.96212 4.12023
threshold=-0.68494468518227081 -0.36580584482134909 -0.79400040430519903 -0.23316328638550854 0.20668945804000563 0.23964254780184691 0.69657992174808581 -1.2195966474792888 -0.16991514140074873 0.072813342042342036 0.72953301150992711 1.0928289921517162
decision_type=2 2 2 2 2 2 2 2 2 2 2 2
left_child=2 -2 7 -3 -5 -6 -7 -1 -4 -10 -8 -12
right_child=1 3 8 4 5 6 10 -9 9 -11 11 -13
leaf_value=0.00013290324597501542 0.012122981627476784 -0.0024578571144681332 -0.006434785138502281 0.0099142653932125131 -0.0025740462561000188 0.0078152886415095209 -0.002971438205148726 0.011649649703173859 0.0095435455838167992 -0.0023535748935046012 0.0090913192135372474 -0.00027506548498027969
leaf_weight=21.259566545486454 17.233190298080444 64.268792659044266 36.017095603048801 27.048323675990105 62.744267627596855 29.208760596811771 40.438530668616295 6.2229339182376853 6.1150174885988227 48.654883958399296 15.955216899514197 70.124752312898636
leaf_count=77 72 247 156 105 233 113 147 25 21 194 63 251
internal_value=0.000478917 0.00126907 -0.00169954 0.00063548 0.00145062 0.000370394 0.00156375 0.00299075 -0.0031347 -0.000905402 8.07523e-05 0.00152834
internal_weight=445.291 327.022 118.269 309.789 245.52 218.472 155.727 27.4825 90.787 54.7699 126.518 86.08
internal_count=1704 1231 473 1159 912 807 574 102 371 215 461 314
is_linear=0
shrinkage=0.0169955


Tree=78
num_leaves=28
num_cat=0
split_feature=17 8 19 19 10 9 19 10 19 10 10 8 5 10 8 8 9 5 19 8 19 5 10 10 5 10 8
split_gain=5.09008 4.78148 13.2331 10.5909 7.44191 6.78964 6.52868 5.79893 4.85157 4.35857 6.32897 5.66308 5.34116 5.23561 4.54281 4.37507 3.67029 3.43724 3.3295 4.37698 2.93279 2.74216 2.73544 6.57942 2.50508 2.01678 1.98083
threshold=1.8820887824532846 0.42553355490659567 0.77682473909133265 -0.32211258526418346 0.66495225718737916 0.66645693193159439 0.022575182793238936 -1.1977297203696848 0.21358214612304297 0.20205475821489985 0.66495225718737916 -0.49855942104084622 -0.14821815412321912 -0.27691818342649382 -0.13513481892041182 -0.78214901601283027 1.4713679533524111 -0.43507546212187664 1.096262787866437 1.5018187030574215 0.21358214612304297 0.54020372214564905 0.35972910352989412 0.16295063528393111 -1.0000000180025095e-35 0.35972910352989412 1.4569885598847412
decision_type=2 2 2 2 2 2 2 2 2 2 2 2 2 2 2 2 2 2 2 2 2 2 2 2 2 2 2
left_child=1 3 20 5 7 9 -5 -4 -8 11 -11 15 17 -13 -15 21 -7 -12 -6 26 -3 24 23 -9 -1 -2 -20
right_child=25 2 4 6 18 16 8 22 -10 10 12 13 -14 14 -16 -17 -18 -19 19 -21 -22 -23 -24 -25 -26 -27 -28
leaf_value=7.6394823029523156e-05 -0.0040272592074221819 -0.0039957048618935358 -0.0025418743598515652 0.0055680112258646346 0.0033952258562278776 0.003243578708789707 0.00083611526564988914 0.0042718661841457273 0.0045987898617323806 0.0049022263419066011 -0.00038043972877948868 -0.004628602772118586 0.0035446829173618848 0.0018635585985067266 -0.0050403040071543828 0.0047586135681423345 0.00016900191950806477 -0.0053395535733104689 -0.0018031366424255293 0.0012540578452271722 -0.0012559681817059414 0.0015436018824394062 0.0072795598920351911 -0.0021392929004345491 -0.0040596429823972447 0.0011090888939579966 -0.0062227711006728349
leaf_weight=11.85930125415325 11.959796816110609 20.732771456241608 5.8073627054691306 25.715990111231804 6.3835024684667578 38.675923928618431 50.031878337264061 30.91955354809761 17.77165262401104 11.640372559428213 24.989127337932587 25.518282070755955 10.375426724553106 12.122543573379518 4.3972620069980648 6.4390631020069113 24.850904926657677 6.2177689969539669 14.993339836597444 15.007645860314367 57.428909212350845 14.164903685450552 7.0366481691598883 7.2322336584329596 10.179927572607996 3.4699871540069571 5.1507856696844092
leaf_count=41 52 87 21 84 20 120 171 100 61 36 87 106 32 41 19 21 87 26 54 49 216 49 22 27 40 12 23
internal_value=0.000587176 0.000706207 -0.000127863 0.00118803 0.00146894 0.000375627 0.00292026 0.00305354 0.00186465 -0.000406024 0.000988753 -0.00128425 -0.000177662 -0.00289299 -0.000130497 0.000324191 0.0020559 -0.00147562 -0.000495032 -0.00126494 -0.00201436 -0.000549945 0.00380876 0.00303444 -0.00190496 -0.0028592 -0.00312146
internal_weight=481.073 465.643 170.693 294.95 92.5311 201.431 93.5195 50.9958 67.8035 137.904 53.2227 84.6813 41.5823 42.0381 16.5198 42.6432 63.5268 31.2069 41.5353 35.1518 78.1617 36.2041 45.1884 38.1518 22.0392 15.4298 20.1441
internal_count=1704 1640 619 1021 316 705 316 170 232 498 181 317 145 166 60 151 207 113 146 126 303 130 149 127 81 64 77
is_linear=0
shrinkage=0.00626412


Tree=79
num_leaves=16
num_cat=0
split_feature=14 14 3 14 14 20 20 20 14 14 14 14 14 20 20
split_gain=4.58093 10.7032 9.04895 4.01165 8.6331 4.69824 6.79127 3.03107 2.78081 8.79104 13.1839 2.98437 2.79897 2.50375 2.01428
threshold=1.7724413147135019 1.1363373556406191 -0.79400040430519903 0.96968499839693922 0.53389171656532852 -0.48573192854616987 -0.71465383850357789 -1.4829235062602291 -0.52401811727297753 -0.45773049097128432 0.26160392451939263 0.3295906199428984 -0.1351705938880626 -0.8393140898724698 -1.2588849911049078
decision_type=2 2 2 2 2 2 2 2 2 2 2 2 2 2 2
left_child=1 3 -2 4 5 6 7 -1 -7 -10 12 -12 -11 14 -5
right_child=2 -3 -4 13 -6 8 -8 -9 9 10 11 -13 -14 -15 -16
leaf_value=0.0051315197741679357 0.0052221802187745513 0.007716022113333801 -0.0053298021427488637 -0.001722785681292884 0.0063987170361770682 0.00091028589003176296 0.0079033573804734563 0.00052304614264959395 -0.0030444327482481823 0.0079582916847161685 -0.0022526013584977045 0.0021517194373433662 0.0029654147913701296 -0.00041888287690924962 -0.0074193395572527557
leaf_weight=9.8317988961935026 6.2443217337131527 12.382029563188551 20.800720810890198 9.6287579238414782 15.248397916555403 96.237844169139862 10.076361536979674 72.560680747032166 67.609673589468002 10.117714971303938 55.309428378939629 11.469169348478315 27.490488335490227 27.872853398323059 6.9416092932224265
leaf_count=33 20 47 86 33 55 349 35 249 273 37 214 41 95 108 29
internal_value=0.000366819 0.000569861 -0.00280401 0.000345009 0.000616921 0.000358784 0.00191828 0.00111781 -0.000182962 -0.000796219 0.000671634 -0.00147748 0.00444038 -0.00192494 -0.00432956
internal_weight=459.822 432.777 27.045 420.395 375.952 360.703 92.4688 82.3925 268.234 171.996 104.387 66.7786 37.6082 44.4432 16.5704
internal_count=1704 1598 106 1551 1381 1326 317 282 1009 660 387 255 132 170 62
is_linear=0
shrinkage=0.00806794


Tree=80
num_leaves=19
num_cat=0
split_feature=8 13 13 15 15 8 3 3 3 3 8 3 15 15 15 15 3 8
split_gain=3.76311 5.6595 5.21952 4.35413 5.02036 4.26963 4.17811 5.52343 3.54552 3.31654 2.97948 2.79019 2.3941 7.60364 5.85615 5.10972 2.26328 2.20458
threshold=0.42553355490659567 -0.68961517080195278 -0.44498648622977582 0.71039813614964453 0.67211674409850264 0.59297299546551596 0.71778927046898822 -0.41885127537106792 1.0403343603006598 -1.2764487552916808 0.87368734907972656 1.0403343603006598 -1.1202900350009937 -1.1531935327587746 -0.84246196395561734 -1.5634092688864303 -1.614421224236197 0.11535074557933715
decision_type=2 2 2 2 2 2 2 2 2 2 2 2 2 2 2 2 2 2
left_child=2 5 17 4 9 -2 7 16 -5 -4 -7 -6 13 15 -14 -11 -3 -1
right_child=1 6 3 8 11 10 -8 -9 -10 12 -12 -13 14 -15 -16 -17 -18 -19
leaf_value=0.0061026535876650247 -0.0058712760840845899 -0.011661031301438021 0.017158664189532831 0.010841748603890934 -0.014645923981493192 0.014933952654729797 0.011957782309468343 -0.015442009601302355 -0.0087394608734616217 -0.0028719222335231052 0.0023544403772277314 0.0039972973056887195 0.017186858137898525 -0.013396708967127972 0.0010040879023628267 0.01249876000624239 -2.9270749838999709e-05 0.020138646021411216
leaf_weight=13.347594752907755 25.039121821522713 8.8618763685226423 4.7038225531578055 29.121471092104912 13.578700184822084 8.8213020265102369 4.3130971044301978 24.667227789759636 4.033795863389968 27.381291478872299 61.175707682967186 4.2269805520772925 9.7735841125249845 19.12688210606575 134.86782503128052 13.555197924375532 30.431270450353622 8.0352907925844175
leaf_count=50 99 36 16 101 57 34 13 112 16 105 224 15 34 86 505 46 120 35
internal_value=0.000654993 -0.00187285 0.00212143 0.00128586 0.000238275 0.00143589 -0.00644378 -0.00782491 0.00828888 0.00116118 0.00408933 -0.0101961 0.000727545 -0.00276843 0.00218667 0.00235538 -0.00283654 0.0118842
internal_weight=445.062 163.31 281.752 260.37 227.214 95.0361 68.2735 63.9604 33.1553 209.409 69.997 17.8057 204.705 60.0634 144.641 40.9365 39.2931 21.3829
internal_count=1704 638 1066 981 864 357 281 268 117 792 258 72 776 237 539 151 156 85
is_linear=0
shrinkage=0.0209795


Tree=81
num_leaves=10
num_cat=0
split_feature=14 14 3 17 8 17 14 14 17
split_gain=4.64464 8.91085 8.33173 4.16369 2.87155 3.03736 2.36028 6.97988 2.26976
threshold=1.7724413147135019 1.1363373556406191 -0.79400040430519903 -1.7262352614522998 -1.5006197890827797 1.0000000180025095e-35 0.96968499839693922 0.61794179435526442 0.92504046582021371
decision_type=2 2 2 2 2 2 2 2 2
left_child=1 3 -2 -1 5 -5 7 -6 -7
right_child=2 -3 -4 4 6 8 -8 -9 -10
leaf_value=-0.012007024354118526 0.015719750441569206 0.023399811018200243 -0.017463025244527631 -0.00072702960613779514 0.00074064438239438866 0.025793268920487701 -0.0049875621871298898 0.021039039874563823 0.0039933601951820082
leaf_weight=15.535509660840033 5.9265429526567486 11.132413923740385 20.189258515834808 10.264160737395288 312.04527788609266 7.9666331857442838 41.919081628322601 10.912654682993887 5.4212803691625595
leaf_count=61 20 47 86 36 1206 23 165 42 18
internal_value=0.000745444 0.00141742 -0.00965876 0.000766401 0.0013011 0.00987272 0.000725022 0.00147711 0.0176264
internal_weight=441.313 415.197 26.1158 404.065 388.529 23.6521 364.877 322.958 13.3879
internal_count=1704 1598 106 1551 1490 77 1413 1248 41
is_linear=0
shrinkage=0.0258583


Tree=82
num_leaves=17
num_cat=0
split_feature=13 8 19 19 8 19 9 9 9 19 19 13 9 9 8 8
split_gain=3.63185 6.37298 4.88499 7.21705 4.68392 4.35929 4.18859 5.16833 5.70612 3.53162 3.16204 2.8293 2.39675 11.3917 2.0627 2.22175
threshold=-0.44498648622977582 0.42553355490659567 -0.32211258526418346 0.022575182793238936 0.42553355490659567 0.77682473909133265 -1.3604056144881607 0.66645693193159439 1.4713679533524111 0.30108316799767121 1.096262787866437 -0.93482423694977224 0.54888880622776204 0.20239802304550458 1.5018187030574215 1.4569885598847412
decision_type=2 2 2 2 2 2 2 2 2 2 2 2 2 2 2 2
left_child=4 2 6 -4 11 -6 -2 12 -9 -3 -7 -1 13 -8 15 -12
right_child=1 9 3 -5 5 10 7 8 -10 -11 14 -13 -14 -15 -16 -17
leaf_value=0.0023513072323224286 0.0073807717009822102 -0.0051753776376297685 0.0064567715201844372 0.00067078501883286769 -0.001566764354416231 0.0057793760228593716 -0.0013808277686072428 0.0035559795279415415 -0.001189383346278456 -0.0010594485726138014 0.0015311509678707722 0.0082770902288582682 -0.0032752162030518497 0.0086997018631753357 0.0031435363173067969 -0.0026180273737021779
leaf_weight=13.750574856996538 4.0494700074195853 18.743640959262848 19.981991335749626 47.383960068225861 33.060565456748009 11.499482437968252 97.222947791218758 39.227416858077049 28.738955467939377 50.269744142889977 21.738700807094574 9.0474586635828 28.340284392237663 7.2635809332132331 21.131796568632126 13.109433412551878
leaf_count=50 12 81 70 170 126 42 365 126 107 192 75 35 108 23 72 50
internal_value=0.000417457 -1.80984e-05 0.000545526 0.00244104 0.00161483 0.000839253 -8.48021e-05 -0.000264734 0.0015572 -0.00222199 0.00202269 0.00489337 -0.00120091 -0.000618188 0.00118146 -5.2435e-05
internal_weight=464.56 341.222 272.209 67.366 123.338 100.54 204.843 200.793 67.9664 69.0134 67.4794 22.798 132.827 104.487 55.9799 34.8481
internal_count=1704 1254 981 240 450 365 741 729 233 273 239 85 496 388 197 125
is_linear=0
shrinkage=0.00817639


Tree=83
num_leaves=11
num_cat=0
split_feature=6 6 6 6 3 3 3 3 6 6
split_gain=2.95317 5.74121 3.15829 5.18507 4.22982 2.93479 5.27512 2.88656 3.2823 4.06334
threshold=2.4706339562056718 1.6923952119014076 1.4731682945766835 0.94460937826905134 -0.43343042560540107 -1.9176855523355012 -1.6891796167818998 -0.85170420315479034 -2.329618169777294 -0.80825534466026949
decision_type=2 2 2 2 2 2 2 2 2 2
left_child=1 2 3 5 -4 -1 -7 -8 -9 -10
right_child=-2 -3 4 -5 -6 6 7 8 9 -11
leaf_value=0.017015329705430047 -0.018654620494152001 0.017175698697974008 -0.01810056455374558 0.01476547568661965 0.0021121290010591969 -0.017744085161814784 0.0067968917629779441 -0.016172372525552248 0.0057271914280694917 -0.0012156226196443603
leaf_weight=5.6003200411796561 3.9808872640132895 12.241852179169653 12.105810701847078 15.359144091606138 12.396908372640608 9.1691193133592588 40.324872702360153 6.9470753744244567 64.693178802728653 258.67708020657301
leaf_count=18 18 41 52 57 44 37 150 32 237 1018
internal_value=0.000709879 0.000920481 0.000420953 0.0009578 -0.00811009 0.000377936 9.638e-05 0.000575505 -0.000198619 0.000184093
internal_weight=441.496 437.515 425.274 400.771 24.5027 385.412 379.811 370.642 330.317 323.37
internal_count=1704 1686 1645 1549 96 1492 1474 1437 1287 1255
is_linear=0
shrinkage=0.0249135


Tree=84
num_leaves=18
num_cat=0
split_feature=2 2 2 2 2 13 20 20 13 2 2 2 9 9 9 9 20
split_gain=5.84958 4.93544 14.8032 10.4038 8.15139 5.6521 3.76632 3.26165 3.27091 3.05365 3.26814 4.04042 2.79772 4.63115 3.85899 2.62577 2.50342
threshold=-2.0895454277318604 -0.43797190448600692 -0.41179469819859527 0.086563618832801587 -0.89062248308965575 -0.44498648622977582 0.092415619838413912 -1.4829235062602291 -1.2247828721410667 1.7154600002577975 0.32908963756509485 0.61238795899335796 0.42095731983056034 -0.21229487713230522 -0.495938437731338 0.20239802304550458 0.43925460718276638
decision_type=2 2 2 2 2 2 2 2 2 2 2 2 2 2 2 2 2
left_child=16 4 -3 -4 5 12 15 -5 -9 10 -10 -12 13 14 -2 -7 -1
right_child=1 2 3 7 -6 6 -8 8 9 -11 11 -13 -14 -15 -16 -17 -18
leaf_value=-0.0020259113700102443 -0.00095100065969745912 -0.0036854524912087808 0.0055763696580099775 0.0044621545583066399 0.0057348867083784737 -0.0015886614268186099 -0.0020983007856621248 -0.0040700745340563312 -0.00051073674010475799 -0.0026848890033543942 0.0073826506068673022 0.0011930687176362859 0.0067384165635352086 -0.0047387448813536823 0.0080085634773040051 0.0050178055956294487 -0.010480492877740917
leaf_weight=6.6737281680107099 5.5887783020734814 56.590548127889633 29.929638668894768 12.396627634763716 31.910442441701889 6.2227063626050976 40.343473806977272 11.153949305415152 88.060106635093689 19.51063184440136 7.1116064935922614 113.67657789587975 11.943770065903662 5.0728509128093746 6.929047465324401 10.287401929497717 3.5203723534941673
leaf_count=26 21 236 106 43 110 23 156 41 321 73 25 395 39 20 19 32 18
internal_value=0.000564131 0.000708131 0.000191759 0.000978537 0.0021743 0.000819535 -0.000728117 0.000416396 0.000192588 0.000414495 0.00071343 0.00160367 0.003738 0.00150708 0.00417279 0.00255652 -0.00546294
internal_weight=466.922 456.728 338.43 281.839 118.298 86.388 56.8536 251.909 239.513 228.359 208.848 120.788 29.5344 17.5907 12.5178 16.5101 10.1941
internal_count=1704 1660 1240 1004 420 310 211 898 855 814 741 420 99 60 40 55 44
is_linear=0
shrinkage=0.00837525


Tree=85
num_leaves=22
num_cat=0
split_feature=12 12 12 12 12 7 12 12 12 12 15 15 1 1 12 19 19 7 7 7 17
split_gain=8.82185 6.74524 20.9848 5.5975 13.9724 6.18415 5.07047 4.81921 7.33592 4.65496 3.35205 6.5616 4.53887 3.33752 2.99655 2.81002 2.83823 2.07331 4.03708 2.13518 2.05044
threshold=0.28748883168419687 0.20280095128553202 -0.43305883673369411 -0.54697953407266342 -1.1490283004266255 0.18103424444789548 1.0155540191446282 1.2758347554729597 1.7331623732449384 1.8681926915919886 1.1199777402796842 1.5524030795024919 -0.82274266399080298 -0.67960022125220854 -0.20863179707112725 1.096262787866437 -0.73654673363823309 0.5067653910877471 0.67082105395393377 1.9266582838227184 0.13155985881215598
decision_type=2 2 2 2 2 2 2 2 2 2 2 2 2 2 2 2 2 2 2 2 2
left_child=1 2 3 4 5 -1 13 10 -9 -10 12 -12 -8 -2 -4 16 -5 -7 -19 -20 -3
right_child=6 20 14 15 -6 17 7 8 9 -11 11 -13 -14 -15 -16 -17 -18 18 19 -21 -22
leaf_value=-0.0036284835781502014 0.0011193703963250383 -0.0012711742451970447 0.0091887344420299895 -0.0033428728757441788 0.0045987385446918418 0.0044149533469723381 0.0029408494618756668 0.0085840789509278419 -0.0010271624575632905 0.0046106636948327374 0.0066812820618469791 -0.002810969375127031 -0.0033553262542282882 0.0062151765624476676 0.0040665487962448415 -0.006922189981809752 -0.00040358473713482054 -0.0050827861883606671 0.0023879975251557255 -0.0020357700824942316 -0.0040069247660590177
leaf_weight=38.265410006046295 12.249427944421766 48.079098761081696 9.4612355530261976 36.987866520881653 35.50954358279705 6.920976147055625 9.0091268718242628 10.711743533611296 22.133849337697029 14.824872016906737 9.2985378503799456 7.7545579820871344 27.532377481460571 25.67657145857811 35.689598873257637 6.4424288123846045 46.780998229980469 7.3451169431209555 23.563214853405952 8.8918183371424657 27.391290917992592
leaf_count=150 48 177 32 145 116 22 29 37 77 48 27 27 107 86 121 28 173 29 76 33 116
internal_value=0.00049123 -0.000216132 0.00040193 -0.000658309 0.00046392 -0.00129018 0.00216667 0.00121976 0.00303819 0.00128526 -0.000418616 0.00242066 -0.00176966 0.00462018 0.00527498 -0.00214877 -0.00172042 0.000651733 -7.59144e-05 0.00115297 -0.00229395
internal_weight=470.52 331.329 255.858 210.707 120.496 84.9865 139.191 101.265 47.6705 36.9587 53.5946 17.0531 36.5415 37.926 45.1508 90.2113 83.7689 46.7211 39.8002 32.455 75.4704
internal_count=1704 1218 925 772 426 310 486 352 162 125 190 54 136 134 153 346 318 160 138 109 293
is_linear=0
shrinkage=0.00796108


Tree=86
num_leaves=13
num_cat=0
split_feature=14 14 17 20 17 17 17 14 14 14 14 17
split_gain=3.91841 8.30009 3.52239 3.36285 2.20042 4.75693 3.1897 2.49689 2.2049 13.0317 2.16632 2.15274
threshold=1.7724413147135019 1.1363373556406191 -1.7262352614522998 -1.4829235062602291 1.8820887824532846 1.0073417079084959 1.4247021350057252 -0.52401811727297753 -0.39637255817794798 -0.1351705938880626 -0.30674666200234618 0.13155985881215598
decision_type=2 2 2 2 2 2 2 2 2 2 2 2
left_child=1 2 -1 -4 5 7 -7 -5 -9 -10 -6 -2
right_child=11 -3 3 4 10 6 -8 8 9 -11 -12 -13
leaf_value=-0.010138066983847021 -0.002629566325745375 0.021197319923729113 0.013845090170828652 0.0035210877401060229 -0.018089511901270949 0.02024002423649927 0.0041924060191864346 -0.0043145891584757002 0.0268268602075671 -0.0011331890697041914 0.0011789853331601997 -0.016682155193339307
leaf_weight=15.449594229459761 16.480693042278293 10.835606500506399 10.833000048995016 98.304994232952595 6.0537658929824829 10.498137265443804 20.215717330574989 76.459937423467636 9.3050356060266477 154.06088449060917 6.2172089219093305 9.5137654617428762
leaf_count=61 65 47 39 362 29 37 75 296 37 591 24 41
internal_value=0.000760593 0.00132579 0.00075646 0.00120593 0.000818252 0.00115716 0.0100348 0.000328906 -0.000987074 0.000583368 -0.00880862 -0.00809797
internal_weight=444.228 418.234 407.398 391.949 381.116 368.845 30.7139 338.131 239.826 163.366 12.271 25.9945
internal_count=1704 1598 1551 1490 1451 1398 112 1286 924 628 53 106
is_linear=0
shrinkage=0.0239065


Tree=87
num_leaves=17
num_cat=0
split_feature=12 12 12 12 12 12 12 12 12 12 15 15 19 19 15 12
split_gain=7.65074 5.12022 17.2468 3.91016 4.30752 6.8238 4.54168 3.38758 11.5429 3.0659 2.92642 6.27896 2.70015 2.67781 2.28985 1.92525
threshold=0.28748883168419687 0.20280095128553202 -0.43305883673369411 1.0155540191446282 1.2758347554729597 1.7331623732449384 1.8681926915919886 -0.54697953407266342 -1.1490283004266255 -0.20863179707112725 1.1199777402796842 1.5524030795024919 1.096262787866437 -0.73654673363823309 0.67211674409850264 -0.73431183324648697
decision_type=2 2 2 2 2 2 2 2 2 2 2 2 2 2 2 2
left_child=1 2 7 -2 10 -6 -7 8 -1 -4 14 -12 13 -9 -5 -10
right_child=3 -3 9 4 5 6 -8 12 15 -11 11 -13 -14 -15 -16 -17
leaf_value=-0.0020365099814365368 0.0060011508977013683 -0.0030446659378109784 0.01282443221917998 -0.00093743824377139225 0.012044501974551685 -0.0015579913903938948 0.0065513770312440271 -0.0043748130150327146 0.012269851491855522 0.005161773937415735 0.0092405061524039895 -0.0041713312916539548 -0.0094952995733679265 -0.00024078419264428547 -0.007878915503987078 0.0045121071510888936
leaf_weight=82.74000108987093 35.876260429620743 74.362303480505943 8.6296105831861478 28.221115663647652 10.093582868576048 21.985900536179543 14.172187298536299 36.316265076398849 4.5912217795848838 33.847484946250916 9.1301424652338046 7.6811709702014914 6.2587256282567969 45.799255445599556 7.2134790420532218 29.118910044431686
leaf_count=310 134 293 32 106 37 77 48 145 16 121 27 27 28 173 30 100
internal_value=0.000526602 -0.000431488 0.000361438 0.00280909 0.00160881 0.00411769 0.00169521 -0.00102 0.000261895 0.00691824 -0.000640862 0.00318705 -0.00269717 -0.00209327 -0.00249068 0.00582017
internal_weight=456.038 321.664 247.301 134.374 98.4976 46.2517 36.1581 204.824 116.45 42.4771 52.2459 16.8113 88.3742 82.1155 35.4346 33.7101
internal_count=1704 1218 925 486 352 162 125 772 426 153 190 54 346 318 136 116
is_linear=0
shrinkage=0.0114342


Tree=88
num_leaves=23
num_cat=0
split_feature=12 2 12 12 2 8 12 12 12 12 12 12 2 19 1 17 8 19 1 19 8 1
split_gain=8.97088 9.59194 7.26456 20.7677 8.62046 9.41115 5.7165 5.03064 17.4724 4.6146 7.03546 4.85911 3.70359 3.70039 2.9119 2.64451 2.55285 2.77823 2.35639 2.32647 2.17012 2.14971
threshold=0.28748883168419687 -1.9604223598007389 0.20280095128553202 -0.49395905419048175 2.2368661555929639 -1.5006197890827797 1.0155540191446282 -0.54697953407266342 -1.1490283004266255 1.2758347554729597 1.7331623732449384 1.8681926915919886 0.086563618832801587 -0.68132789571010244 -0.67960022125220854 -0.16986507935584202 0.92709523412078398 -0.34476943295944301 -0.82274266399080298 -1.0507953084887356 -1.9444072026060437 -1.5737563597071713
decision_type=2 2 2 2 2 2 2 2 2 2 2 2 2 2 2 2 2 2 2 2 2 2
left_child=1 -1 3 4 5 20 14 8 13 18 -11 -12 15 -7 -2 -4 17 -9 21 -10 -3 -8
right_child=6 2 12 -5 -6 7 9 16 19 10 11 -13 -14 -15 -16 -17 -18 -19 -20 -21 -22 -23
leaf_value=-0.0093440264225926693 0.001631208752463528 0.0024364853644022744 -0.00026176537144308371 0.0051930974410712791 -0.010148359641038862 0.00032586877889677303 -0.0012728946542970036 -0.0031704895691473775 0.00063200683121074548 0.0082170380793125126 -0.00089312511267164202 0.0045945184094117976 -0.00053353410351625623 -0.0032887493765693431 0.0061451591552156874 -0.0053860848615707039 -0.0058153508214244505 -0.00021422497345223625 -0.0012500257843498618 0.0059662127718574185 0.00742368884125313 0.0041886702015982409
leaf_weight=5.4007723182439795 12.862169086933134 13.374993398785593 8.029967278242113 49.017821311950684 4.1571826934814444 28.812409669160843 6.195062682032586 32.077539265155792 5.8788924515247336 10.704625204205511 22.187863066792488 15.052102863788603 45.135511890053749 36.888670355081558 26.380988508462906 20.929920077323914 8.3079196363687497 42.156584993004799 37.948050290346146 26.735788479447365 8.6148793995380384 10.111431255936623
leaf_count=28 48 41 30 162 19 100 21 126 19 37 77 48 161 140 86 94 36 153 137 85 24 32
internal_value=0.000675035 -4.4787e-06 0.000170962 0.000779243 -0.000281875 -4.00657e-05 0.00227795 -0.000618405 0.000544253 0.00131125 0.0030114 0.00137597 -0.00191637 -0.00171667 0.00472158 -0.0040035 -0.00199562 -0.00151156 -0.000213162 0.00503173 0.00456971 0.00214048
internal_weight=476.961 335.519 330.118 256.023 207.005 202.848 141.442 180.858 98.3158 102.199 47.9446 37.24 74.0954 65.7011 39.2432 28.9599 82.542 74.2341 54.2545 32.6147 21.9899 16.3065
internal_count=1704 1218 1190 905 743 724 486 659 344 352 162 125 285 240 134 124 315 279 190 104 65 53
is_linear=0
shrinkage=0.00761753


Tree=89
num_leaves=37
num_cat=0
split_feature=20 8 19 19 10 19 8 8 10 10 19 10 7 7 10 10 10 10 10 19 8 19 19 19 5 5 19 19 8 10 10 10 7 19 10 8
split_gain=6.42036 5.08228 12.0259 11.967 7.98399 7.94781 7.46456 8.07309 7.29078 6.48363 5.51857 4.46826 3.72874 4.26191 7.52181 5.16473 3.8053 3.38721 5.42013 4.85562 3.74098 3.35779 2.96331 3.09767 2.90203 2.86807 2.84017 2.80102 2.92661 2.77504 2.66433 5.52763 2.6041 2.47504 2.37439 1.98403
threshold=-1.4829235062602291 0.42553355490659567 -0.32211258526418346 0.68650326985006238 0.63906850748389787 0.022575182793238936 -0.49855942104084622 -0.78214901601283027 -1.1977297203696848 -0.27691818342649382 0.21358214612304297 -1.108344652275804 -1.4966940603182801 -0.3374844794894083 1.1278497561598588 -0.37730301518230774 -0.75764695588716335 -0.37730301518230774 -0.75764695588716335 -1.2288379138832479 -1.0590247932315535 -0.89334271502080653 -0.34476943295944301 -0.73654673363823309 1.0000000180025095e-35 -0.4881452953217586 -1.3576383436265611 1.096262787866437 1.5018187030574215 0.66495225718737916 0.35972910352989412 0.16295063528393111 0.5299400897047416 -0.34476943295944301 -1.3008405163596264 1.0052397912796833
decision_type=2 2 2 2 2 2 2 2 2 2 2 2 2 2 2 2 2 2 2 2 2 2 2 2 2 2 2 2 2 2 2 2 2 2 2 2
left_child=-1 2 6 12 8 -4 7 17 -5 11 -7 34 -3 16 15 -15 -14 18 20 26 -2 -21 23 -11 -9 -22 -19 -6 35 -18 31 -10 -17 -13 -8 -29
right_child=1 3 5 4 27 10 9 24 30 22 -12 33 13 14 -16 32 29 19 -20 21 25 -23 -24 -25 -26 -27 -28 28 -30 -31 -32 -33 -34 -35 -36 -37
leaf_value=0.003480531197694166 0.0019483571622563093 -0.0064305781043168236 0.0046909278462931797 -0.0027887404917375023 0.0019587382980840182 0.00048341437903482175 -0.002902417089946169 0.0017944104637754653 0.0032204736084288283 -0.00024045854266603793 0.0038082391115550934 -0.0061652802993078133 -0.0036486493423550357 -0.0010028962611697129 0.0026783644317262909 -0.0061013897275193204 0.0018785673765054868 -0.00038381147254933307 0.004496277804888745 0.0035405635915069606 -0.0046619814441845216 -0.0001304166724906622 -0.00069471397475366679 0.0044125181435620778 0.0058683568491041446 -9.6699431999477928e-05 -0.0033956087691295778 -0.0010727114600487292 0.00044262647271886346 -0.0012411099337133946 0.0057461211903635902 -0.0015894383332517705 -0.0014412364897889633 -0.0025786203966490294 0.001305107203492042 -0.0044720869800265158
leaf_weight=17.706188380718231 19.360277995467182 3.559616193175315 26.007562786340714 6.0549462884664527 6.8276107758283606 50.823839142918587 4.6737649738788596 10.431995719671251 32.281067907810211 7.1304106414318085 17.158971771597862 7.8867264837026587 6.0361206084489814 13.518944367766379 5.3855953067541114 15.778320088982584 17.288539215922359 17.582083866000175 10.22102354466915 8.7389624565839785 3.9740872234106073 20.907846376299858 26.39103527367115 6.9450917392969114 9.1032050102949125 14.941875979304317 15.186854138970373 9.9666550755500847 11.999416798353193 12.173404917120932 6.99889251589775 7.2371946871280661 4.5736054927110663 17.874150678515438 9.1211018860340101 8.5934592336416227
leaf_count=55 63 16 82 22 21 175 19 34 103 25 56 34 25 51 17 73 57 59 29 26 17 72 93 20 26 52 61 36 39 43 21 27 17 71 32 35
internal_value=0.000509323 0.000392293 0.000788339 -0.000324564 0.000952221 0.00231057 0.000102505 0.000859731 0.00223195 -0.0011284 0.00135745 -0.00258876 -0.00178644 -0.00150028 -0.00265084 -0.00354505 -0.000198418 0.000311521 0.00132055 -0.00047954 0.000398848 0.00101421 0.000319723 0.00216014 0.00383851 -0.00120305 -0.00182436 -0.000854152 -0.00152089 0.000589055 0.00292538 0.00232327 -0.00513818 -0.00382419 -0.000207869 -0.00276003
internal_weight=490.44 472.734 304.461 168.273 89.9592 93.9904 210.47 130.448 52.5721 80.0223 67.9828 39.5557 78.3141 74.7545 39.2565 33.8709 35.4981 110.913 48.4973 62.4157 38.2762 29.6468 40.4665 14.0755 19.5352 18.916 32.7689 37.3871 30.5595 29.4619 46.5172 39.5183 20.3519 25.7609 13.7949 18.5601
internal_count=1704 1649 1046 603 304 313 733 439 173 294 231 156 299 283 158 141 125 379 161 218 132 98 138 45 60 69 120 131 110 100 151 130 90 105 51 71
is_linear=0
shrinkage=0.00514778


Tree=90
num_leaves=33
num_cat=0
split_feature=13 8 15 8 15 3 7 8 8 7 8 15 7 8 8 13 13 8 8 8 3 15 8 7 8 15 15 15 13 13 13 13
split_gain=4.79342 7.23415 9.36348 9.08215 7.63108 5.6104 6.69069 5.11063 5.53319 5.68983 4.9682 7.39416 6.08678 4.75528 7.49796 4.31736 5.61672 7.1097 4.24534 4.86738 4.26092 3.3222 3.21811 3.78978 3.54149 3.05725 2.62538 2.56214 2.0979 2.40219 1.9106 6.58991
threshold=0.67352918547239604 0.42553355490659567 0.71039813614964453 0.52170834830775936 0.67211674409850264 0.71778927046898822 -0.3374844794894083 0.048939682998566818 -0.5600762987173703 0.72924804116831476 -0.46324082726352217 -1.1202900350009937 -0.26583658482661171 0.92709523412078398 1.5018187030574215 0.73996352983101021 1.2802428881585668 0.21678512683008647 1.4569885598847412 1.0760615257764219 0.072813342042342036 -0.28695024102108097 -1.3326340895752711 0.18103424444789548 -0.87469561653249006 -1.2105038679169875 -0.3425825631261224 -0.46383963752578738 1.3186297554838797 1.4542584810274992 1.0345824141185795 0.9914837082236011
decision_type=2 2 2 2 2 2 2 2 2 2 2 2 2 2 2 2 2 2 2 2 2 2 2 2 2 2 2 2 2 2 2 2
left_child=1 2 4 5 7 6 21 8 9 -1 27 25 -13 -5 18 -2 17 30 19 20 -15 -3 23 -18 -24 -12 -9 -10 -25 -30 31 -17
right_child=15 3 -4 13 -6 -7 -8 26 10 -11 11 12 -14 14 -16 16 22 -19 -20 -21 -22 -23 24 28 -26 -27 -28 -29 29 -31 -32 -33
leaf_value=0.0051532407051075504 -0.0017626040025302005 -0.004641332168905294 0.0048240164338441234 0.0035458102145126571 -0.0041700059396391443 0.0036137686405301054 -0.0049072415469111419 0.0063989248065978808 -0.00022662681265405492 0.00019232089175735505 -0.00063441544933209295 -0.0012650131340018918 0.0039149930290780927 -0.0020146980277415336 0.0029457684229153326 0.0047924357374699604 -0.0031463985245963676 -0.0037100945612683085 -0.0034721681282719949 0.004180273792258952 0.0032200142876502922 0.00065184950427205231 -0.0057245802645207542 -0.00060617610860326716 -0.00074784399164791861 -0.0069033332767630094 0.0018331679628333355 -0.0043777336432363574 0.0058999541401586258 0.001130329139771034 0.0062791878864447643 -0.0028898950022343398
leaf_weight=18.752792626619339 58.006288409233093 4.868179306387904 30.596443697810173 21.507078096270561 9.0660296380519849 5.297895371913909 25.056178361177444 10.084216535091402 10.643261119723322 16.127031415700912 7.6412580609321594 12.113508135080332 26.753660082817081 26.858413800597191 27.660359978675842 13.202469244599351 8.0528315603733045 5.1926016956567755 16.66642652451992 8.2215994000434858 6.7491805851459494 21.105190560221672 7.5367589890956905 11.499648392200472 16.454209715127945 4.1759117841720563 10.070980757474898 11.484161108732222 5.2979077100753793 13.057623594999313 7.6657653301954261 5.4282492250204077
leaf_count=57 221 21 96 71 36 16 106 32 39 56 27 44 88 100 88 41 31 19 67 27 21 72 30 42 59 19 36 46 14 41 22 19
internal_value=0.000460084 0.000875769 0.00177637 -4.80746e-05 0.00107163 -0.00204287 -0.00268048 0.00146748 0.000916896 0.00291058 -5.953e-05 0.00100619 0.00230387 0.0010027 0.000341583 -0.000449822 0.000373195 0.00246494 -0.00091349 0.000150697 -0.000909543 -0.000453447 -0.000708326 0.000414636 -0.00244099 -0.00312984 0.00426336 -0.00245157 0.00143559 0.00269144 0.00376581 0.00252257
internal_weight=482.894 331.5 167.509 163.991 136.913 56.3274 51.0295 127.847 107.692 34.8798 72.8118 50.6843 38.8672 107.663 86.156 151.394 93.3881 31.4891 58.4956 41.8292 33.6076 25.9734 61.899 37.908 23.991 11.8172 20.1552 22.1274 29.8552 18.3555 26.2965 18.6307
internal_count=1704 1165 576 589 480 215 199 444 376 113 263 178 132 374 303 539 318 101 215 148 121 93 217 128 89 46 68 85 97 55 82 60
is_linear=0
shrinkage=0.00618401


Tree=91
num_leaves=23
num_cat=0
split_feature=8 13 15 13 15 13 6 8 6 3 3 3 8 15 15 15 6 6 8 6 8 3
split_gain=2.96492 5.61546 5.52263 6.61867 5.34041 3.99548 4.46393 3.82523 4.1554 3.6106 4.98339 3.0218 3.20509 3.01276 5.71903 5.14456 3.97233 2.94282 2.88805 2.46309 2.35632 1.90856
threshold=0.42553355490659567 -0.68961517080195278 0.71039813614964453 0.67352918547239604 0.67211674409850264 -0.44498648622977582 0.30024969913377902 0.59297299546551596 0.76736729444155871 0.71778927046898822 -0.41885127537106792 -1.2764487552916808 -1.5006197890827797 -1.1202900350009937 -1.1531935327587746 -0.84246196395561734 0.70418663734962161 0.90478729919658407 0.87368734907972656 -0.73906795886846166 -1.9444072026060437 -1.614421224236197
decision_type=2 2 2 2 2 2 2 2 2 2 2 2 2 2 2 2 2 2 2 2 2 2
left_child=2 7 4 -4 5 6 -1 8 -2 10 21 -7 20 14 16 -15 -14 -6 -9 -20 -13 -3
right_child=1 9 3 -5 17 11 -8 18 -10 -11 -12 12 13 15 -16 -17 -18 -19 19 -21 -22 -23
leaf_value=0.019716522347656772 -0.0099376067992152338 -0.011307213068256055 0.015677607823474344 -0.004517821879561801 -0.0032656814527448766 0.01743348750220905 -0.0061938831509536722 0.015995953651157521 0.010907009426044266 0.011885872875361933 -0.015259962947591658 0.0026459224610411516 0.0047944157006252599 0.017082604030590143 -0.014663165293947952 0.00037849980326286082 -0.011820456877039968 -0.021206537805673123 0.0086747808173805001 -0.00049307119874092485 0.017786700742160273 4.1947600076235687e-05
leaf_weight=11.064712345600126 19.940944001078609 8.7737977951765043 27.650262787938118 10.731199115514753 12.481130570173265 4.679498389363288 4.0614089071750632 8.8587745428085309 5.380993425846099 4.314310058951377 24.957274578511715 12.783017680048944 27.069135189056396 9.0208130329847318 17.690611407160759 123.88495324552059 8.7395222932100278 6.5843250006437293 22.06198363006115 39.475467011332512 7.9555667191743842 31.062865138053894
leaf_count=44 82 36 96 40 48 16 17 34 17 13 112 42 98 32 81 462 36 29 76 148 25 120
internal_value=0.00089878 -0.00147302 0.00227378 0.0100369 0.00103426 0.00199632 0.0127424 0.00201515 -0.00528936 -0.00627371 -0.00762087 0.00118386 0.000750163 -0.0001883 -0.00461023 0.00160848 0.000561472 -0.0100332 0.00467565 0.00286324 0.00887623 -0.00263459
internal_weight=449.223 164.826 284.396 38.3815 246.015 226.949 15.1261 95.7182 25.3219 69.1082 64.7939 211.823 207.144 186.405 53.4993 132.906 35.8087 19.0655 70.3962 61.5375 20.7386 39.8367
internal_count=1704 638 1066 136 930 853 61 357 99 281 268 792 776 709 215 494 134 77 258 224 67 156
is_linear=0
shrinkage=0.0222712


Tree=92
num_leaves=15
num_cat=0
split_feature=13 9 9 13 9 9 13 3 3 3 3 3 3 3
split_gain=2.24718 3.5701 6.73005 2.8947 3.39212 5.00551 2.50135 2.20391 8.71091 5.07343 2.32824 3.01804 2.43584 2.09609
threshold=0.61490634720966009 -0.32678568911673378 -0.90879232048880942 0.18735428736312462 1.5683530884899319 1.1456038915568925 -0.052192834080088187 -1.7339487907738638 -1.6891796167818998 -1.2764487552916808 -0.85170420315479034 -1.2195966474792888 -0.12299596686365978 1.1643004142760887
decision_type=2 2 2 2 2 2 2 2 2 2 2 2 2 2
left_child=3 2 -2 4 5 7 -6 -1 -9 -10 11 -11 -12 -5
right_child=1 -3 -4 13 6 -7 -8 8 9 10 12 -13 -14 -15
leaf_value=0.016443746508243002 0.0058854220058202995 0.0014371924168327611 -0.015066506770888688 0.014586857460241392 -0.0034334465561208531 0.028884344942859696 -0.029334169310602853 -0.026124081897911322 0.028738044784308626 0.0026178927419352599 -0.0029393236803780458 0.019654306192774453 0.0033073639877212622 -0.0023769956321933205
leaf_weight=6.8121766448020926 18.060993269085884 93.870513804256916 33.239889390766621 22.918432012200359 8.9210141301155073 4.5649277716875067 3.6849537491798392 8.0239515453577024 4.6684102714061728 27.470034718513489 94.323860496282578 10.960282742977141 100.55687806010246 7.21312192082405
leaf_count=24 64 346 141 88 34 18 17 33 18 93 372 46 384 26
internal_value=0.00104053 -0.00181673 -0.0077039 0.00242392 0.001489 0.00219831 -0.012251 0.00162598 0.00116313 0.0021691 0.00153981 0.00776973 0.000284429 0.0105477
internal_weight=445.289 145.171 51.3009 300.118 269.986 257.381 12.606 252.816 246.003 237.979 233.311 38.4303 194.881 30.1316
internal_count=1704 551 205 1153 1039 988 51 970 946 913 895 139 756 114
is_linear=0
shrinkage=0.0280428


Tree=93
num_leaves=16
num_cat=0
split_feature=2 2 2 2 2 14 16 16 16 16 16 16 16 16 16
split_gain=5.01674 3.55452 9.96718 6.81461 5.23147 3.60817 3.52416 4.96198 2.96487 4.42061 3.30673 2.81232 1.92519 4.82958 3.39582
threshold=-2.0895454277318604 -0.43797190448600692 -0.41179469819859527 0.086563618832801587 -0.89062248308965575 1.7724413147135019 1.449335573067619 0.3439896182440651 -1.2983120440966671 0.13429045828576924 -1.3593660283637943 2.4225990969152975 -1.2983120440966671 -0.18473394709489996 -0.15873613146916291
decision_type=2 2 2 2 2 2 2 2 2 2 2 2 2 2 2
left_child=-1 4 6 -4 8 11 7 -3 10 -10 -2 12 -5 -14 -15
right_child=1 2 3 5 -6 -7 -8 -9 9 -11 -12 -13 13 14 -16
leaf_value=-0.011967165825407061 0.00043437272771973227 -0.0043662329534368601 0.010249613826114459 -0.0053646002209634643 0.01058946829642925 -0.010547331997006177 0.009247947596398895 -0.016752515441350101 0.0071514600217388842 -0.0032523219160123153 -0.014751161831781351 -0.012112835910673293 0.0072502808517126479 -0.0050095140900763583 0.0015521090442790193
leaf_weight=9.8546959012746793 15.551031425595285 34.991742335259914 26.502395674586296 13.630076020956038 28.332741260528564 9.109478294849394 3.4993223547935477 16.273429781198502 39.427884735167027 21.225039526820183 6.4224878996610633 4.7698821276426306 42.038894280791283 33.258506700396538 137.67922847718
leaf_count=44 58 144 106 50 110 39 13 79 142 83 27 21 153 126 509
internal_value=0.000632727 0.000941608 -5.21013e-05 0.00143723 0.00380305 0.000435395 -0.00722896 -0.00849024 0.00139873 0.00351257 -0.00435467 0.000903051 0.00121974 0.00166012 0.000258091
internal_weight=442.567 432.712 321.753 266.988 110.959 240.486 54.7645 51.2652 82.6264 60.6529 21.9735 231.377 226.607 212.977 170.938
internal_count=1704 1660 1240 1004 420 898 236 223 310 225 85 859 838 788 635
is_linear=0
shrinkage=0.0186269


Tree=94
num_leaves=17
num_cat=0
split_feature=12 2 12 12 2 2 12 12 12 12 1 12 12 12 1 1
split_gain=5.42362 7.92042 3.07814 11.195 7.45256 3.18849 2.89612 7.15609 2.32539 2.26268 3.79297 3.21655 5.45139 3.24606 2.10598 2.46838
threshold=0.28748883168419687 -1.9604223598007389 0.20280095128553202 -0.49395905419048175 2.2368661555929639 0.086563618832801587 -0.54697953407266342 -1.1490283004266255 -0.20863179707112725 1.0155540191446282 -0.67960022125220854 1.2758347554729597 1.7331623732449384 1.8681926915919886 0.11752195757100528 0.51402506636524403
decision_type=2 2 2 2 2 2 2 2 2 2 2 2 2 2 2 2
left_child=1 -1 3 4 6 -4 7 -3 -5 10 -2 14 -13 -14 -11 -16
right_child=9 2 5 8 -6 -7 -8 -9 -10 11 -12 12 13 -15 15 -17
leaf_value=-0.029215907112539238 -0.0015437224991048052 -0.002231273156935634 -0.011358401882819696 0.022558098073387343 -0.031822317487317203 -0.00076069506063293241 -0.0042847747209645726 0.011593512403553916 0.00876708016709009 0.0019083209719244838 0.016080906451799895 0.024348328999503777 -0.0025565615046576982 0.012451013491027629 -0.019210165813866774 0.00075282813467322308
leaf_weight=5.0418010503053656 10.567639172077177 76.536124214529991 27.327228777110577 9.774309501051901 3.9443621262907973 43.939058721065521 81.927221857011318 31.082156211137772 31.420333005487919 37.197582483291626 22.226505056023598 8.6930772289633733 21.734717592597008 13.383830189704893 6.4666634500026685 7.4541316330432892
leaf_count=28 48 287 124 41 19 161 323 114 121 134 86 37 77 48 28 28
internal_value=0.00074886 -0.00100257 -0.000461939 0.000898447 -0.00158922 -0.00490164 -0.000827436 0.00181684 0.0123907 0.0049931 0.010484 0.00302714 0.00784545 0.00331633 -0.00115957 -0.00902445
internal_weight=438.717 310.993 305.951 234.685 193.49 71.2663 189.546 107.618 41.1946 127.724 32.7941 94.93 43.8116 35.1185 51.1184 13.9208
internal_count=1704 1218 1190 905 743 285 724 401 162 486 134 352 162 125 190 56
is_linear=0
shrinkage=0.0245621


Tree=95
num_leaves=10
num_cat=0
split_feature=17 1 18 1 1 17 18 1 1
split_gain=3.11369 2.93774 2.8353 2.58215 7.30146 4.16899 8.91659 3.61822 4.18368
threshold=1.8820887824532846 1.7707987777831005 2.026934388300194 0.62292798672448091 0.20795163876286785 0.48615754283384488 -0.33225559409586775 0.08808901724064562 -0.15057773661611343
decision_type=2 2 2 2 2 2 2 2 2
left_child=1 2 3 4 7 -5 -7 8 -1
right_child=-2 -3 -4 5 -6 6 -8 -9 -10
leaf_value=0.0016885407560804941 -0.010036110238160964 0.011801809328258738 -0.010343558041121477 -0.0061344192532934638 0.015126676418418182 -0.012195617488582227 0.011683124254041059 -0.0043819853365919502 0.017092134948279106
leaf_weight=209.92239660769701 14.020364284515379 13.028471440076826 11.962565243244169 60.623597726225853 21.769840985536575 12.437084525823591 25.772469237446785 54.414507254958153 9.6394062265753728
leaf_count=808 64 46 48 249 88 52 90 219 40
internal_value=0.000662919 0.0010391 0.000671574 0.00102602 0.00213696 -0.00228824 0.00380986 0.00106377 0.00242452
internal_weight=433.591 419.57 406.542 394.579 295.746 98.8332 38.2096 273.976 219.562
internal_count=1704 1640 1594 1546 1155 391 142 1067 848
is_linear=0
shrinkage=0.0237792


Tree=96
num_leaves=11
num_cat=0
split_feature=4 4 4 4 4 4 4 4 4 4
split_gain=2.72205 2.96059 5.19213 2.70747 4.23716 3.15497 4.32536 2.59247 2.06144 5.79424
threshold=-0.26944506927502088 -0.35982838088149099 -0.72347374258912234 0.68622810871403139 0.43391215322684923 0.33541527444795821 0.23292630750590157 0.18062957200711802 0.74737289471744839 1.1502122659507659
decision_type=2 2 2 2 2 2 2 2 2 2
left_child=1 2 -1 4 5 6 7 -2 -5 -10
right_child=3 -3 -4 8 -6 -7 -8 -9 9 -11
leaf_value=-0.0013975282140544815 0.0095055975508369223 -0.0056013954132664665 0.011613738310111319 -0.0044717044657524132 0.016508508410454141 -0.014564811827716028 0.024224489345675115 0.00027241517453634818 0.014493719899380191 -0.00095417890309365462
leaf_weight=112.69924263656139 22.571331307291985 63.94334077835083 19.398405686020851 39.575290888547897 14.679832965135573 4.5246577709913245 4.7969553619623175 62.564537197351456 15.950142189860342 70.93602366745472
leaf_count=453 94 263 80 152 56 19 20 236 63 268
internal_value=0.000600674 -0.00145607 0.000571434 0.0023113 0.00502745 0.00312113 0.0041339 0.0027861 -4.87045e-05 0.0019876
internal_weight=431.64 196.041 132.098 235.599 109.137 94.4575 89.9328 85.1359 126.461 86.8862
internal_count=1704 796 533 908 425 369 350 330 483 331
is_linear=0
shrinkage=0.023665


Tree=97
num_leaves=19
num_cat=0
split_feature=20 8 8 8 4 4 20 8 4 4 4 4 20 20 8 8 8 20
split_gain=4.71035 4.22821 4.8553 4.34317 4.52116 4.17288 2.7977 2.47201 2.94495 2.92473 3.04162 2.45162 2.222 4.09775 2.12719 3.38328 2.139 2.03808
threshold=-1.4829235062602291 0.42553355490659567 0.52170834830775936 0.048939682998566818 -1.1731640169461135 -0.82985204614009767 -0.064171496098066758 -1.5006197890827797 0.23292630750590157 0.68622810871403139 0.7206689074524969 0.18062957200711802 1.1110241472199189 0.17372689560907117 0.92709523412078398 1.5018187030574215 1.4569885598847412 0.84322380907971295
decision_type=2 2 2 2 2 2 2 2 2 2 2 2 2 2 2 2 2 2
left_child=-1 3 -3 4 12 -6 14 11 -9 -10 -11 -7 13 -2 -4 16 -16 -8
right_child=1 2 6 -5 5 7 17 8 9 10 -12 -13 -14 -15 15 -17 -18 -19
leaf_value=0.0045986890097321495 -0.0030095526579344369 -0.0024848599838649139 0.0041327977624998546 0.0040145374833083346 0.0056397145699632906 0.0059143040173051829 -0.0028733912569505991 -0.00019640247288190755 0.0056813705715839232 -0.0011486283950121598 0.0026019202388640047 0.00017845454411844283 -0.0037250771816915223 0.0037171730739665463 0.00045347138852709244 0.0032741940093366597 -0.0034677316980815968 0.0017538066196870162
leaf_weight=15.915711179375647 11.933465987443926 58.63113272190094 11.964350208640097 24.742106236517429 10.853833153843878 10.225787669420244 21.534253507852558 124.86701433360577 9.7389484345912916 21.687561392784119 33.126299500465393 7.9937056303024283 18.863376386463642 9.2655477076768857 28.066508457064629 18.558903023600578 11.597376719117163 7.4099095016717902
leaf_count=55 49 238 43 95 36 31 86 468 34 79 115 28 80 31 100 62 46 28
internal_value=0.000489738 0.000333336 -0.000700284 0.000909313 0.000600767 0.00104835 0.000366148 0.000787541 0.000512971 0.00187072 0.00112253 0.00349964 -0.00181244 -4.31523e-05 0.00121534 0.000568604 -0.000737654 -0.00166842
internal_weight=456.976 441.06 157.762 283.298 258.556 218.493 99.1313 207.639 189.42 64.5528 54.8139 18.2195 40.0624 21.199 70.1871 58.2228 39.6639 28.9442
internal_count=1704 1649 603 1046 951 791 365 755 696 228 194 59 160 80 251 208 146 114
is_linear=0
shrinkage=0.00789618


Tree=98
num_leaves=19
num_cat=0
split_feature=17 9 1 1 13 1 1 17 17 13 17 16 9 1 16 17 9 9
split_gain=3.81316 3.73541 6.89933 5.88934 8.59477 5.01161 4.74971 4.39101 8.35129 4.10678 4.07879 3.85332 3.43537 3.0371 2.85746 2.35931 2.22828 2.18168
threshold=1.8820887824532846 0.66645693193159439 0.62292798672448091 0.20795163876286785 1.408821052338818 0.08808901724064562 -0.21862644478704787 1.0000000180025095e-35 -0.16986507935584202 0.82064946621374923 0.48615754283384488 0.68099802221582972 -0.070067702211071156 0.65622007451945119 -1.2983120440966671 1.4247021350057252 0.99460176577829251 1.5683530884899319
decision_type=2 2 2 2 2 2 2 2 2 2 2 2 2 2 2 2 2 2
left_child=1 2 3 4 5 6 11 8 17 10 -4 14 -5 -11 -1 -12 -9 -3
right_child=-2 7 9 12 -6 -7 -8 16 -10 13 15 -13 -14 -15 -16 -17 -18 -19
leaf_value=-0.00096053109975506026 -0.0027900579161880888 0.0038582629785817377 -0.0045387574777568176 0.00073780955994137394 -0.0080886788949830705 -0.001430172276828235 0.0037321325158577432 0.0059738106686080122 -0.0043215000897117526 -0.0033407005265512577 0.0011273322527540562 -0.0010806952576978355 0.0061858682147987653 0.0018590726724016147 0.0013492271101380585 -0.0041989606957395431 0.0021567267577811424 -0.00068853226283077369
leaf_weight=24.858605846762657 14.659109927713869 11.969588771462442 24.585710443556309 8.2453781217336672 3.9834088608622542 47.000974699854851 19.800948321819305 6.7915537208318701 11.641426771879198 5.3763746023178127 11.286892503499983 45.441461145877838 10.444522097706793 15.659248888492582 138.11198104918003 3.7747423052787772 44.454765856266022 5.9546505510807028
leaf_count=90 64 41 111 31 19 184 72 21 47 22 42 173 39 53 503 17 154 21
internal_value=0.000303138 0.000411304 0.000132298 0.000530239 0.000294281 0.000439143 0.000827918 0.00163594 -0.000305489 -0.00180254 -0.00298624 0.000538819 0.00389825 0.000450379 0.000993558 -0.000359041 0.00274536 0.00237276
internal_weight=454.041 439.382 358.57 297.887 279.197 275.214 228.213 80.812 29.5657 60.683 39.6473 208.412 18.6899 21.0356 162.971 15.0616 51.2463 17.9242
internal_count=1704 1640 1356 1111 1041 1022 838 284 109 245 170 766 70 75 593 59 175 62
is_linear=0
shrinkage=0.00634343


Tree=99
num_leaves=20
num_cat=0
split_feature=12 12 12 20 12 12 17 16 12 12 12 12 19 19 16 16 16 16 12
split_gain=8.34674 5.02057 17.1894 4.81526 4.15163 11.8178 4.5427 5.36662 3.7271 4.09215 6.42981 4.29742 2.27399 2.25136 2.19412 1.95118 6.77162 2.1717 1.91201
threshold=0.28748883168419687 0.20280095128553202 -0.49395905419048175 1.4038115819521229 -0.54697953407266342 -1.1490283004266255 -1.1449201027521148 0.55635576966207345 1.0155540191446282 1.2758347554729597 1.7331623732449384 1.8681926915919886 1.096262787866437 -0.34476943295944301 0.55635576966207345 -1.0544300160712694 -0.28752228086561837 -1.3593660283637943 -0.20863179707112725
decision_type=2 2 2 2 2 2 2 2 2 2 2 2 2 2 2 2 2 2 2
left_child=1 2 4 -3 5 6 -1 15 14 -10 -11 -12 13 -6 -2 17 -17 -8 -4
right_child=8 3 18 -5 12 -7 7 -9 9 10 11 -13 -14 -15 -16 16 -18 -19 -20
leaf_value=-0.005933206160573746 0.0041700476205338835 -0.0011264967341555543 0.0058353933898347499 -0.0065323562786419303 -0.0024507059838963213 0.0032419481999200338 -0.0017735011228759154 0.0017201240053346973 -0.00022694204748578879 0.0065435364348931874 -0.00071058000945632661 0.0035991180907169228 -0.0050636653396342966 -0.00035571432814784064 0.00057278716540931011 0.002674606367448761 -0.0027485071296970906 -0.0071445555222146564 0.0027795447646747152
leaf_weight=6.0933003276586524 27.183758229017258 68.38188236951828 11.413583144545553 6.3344830423593512 36.046493276953697 33.974485442042351 8.8505338579416257 24.687450528144836 52.57937428355217 9.9688532501459104 21.970866486430168 14.227491483092306 6.1451090723276129 44.464215531945229 8.9564329981803876 12.404141336679453 27.404074728488926 4.1662342101335517 34.003149777650833
leaf_count=26 102 262 42 31 143 116 33 85 190 37 77 48 27 166 32 42 106 18 121
internal_value=0.000307105 -0.000236719 0.000189646 -0.0016485 -0.000586761 0.000178656 -0.00108494 -0.00064726 0.00160857 0.000966659 0.00230679 0.00102523 -0.00161794 -0.00130828 0.00330571 -0.00176309 -0.00103865 -0.00379576 0.0036307
internal_weight=459.256 324.369 249.653 74.7164 204.236 117.58 83.6057 77.5124 134.887 98.7466 46.1672 36.1984 86.6558 80.5107 36.1402 52.825 39.8082 13.0168 45.4167
internal_count=1704 1218 925 293 762 426 310 284 486 352 162 125 336 309 134 199 148 51 163
is_linear=0
shrinkage=0.00624966


Tree=100
num_leaves=8
num_cat=0
split_feature=20 14 14 18 18 18 18
split_gain=3.25947 3.38102 6.20104 3.88785 3.25338 6.39486 2.96558
threshold=-1.4829235062602291 1.7724413147135019 1.1363373556406191 -0.33225559409586775 -0.68494468518227081 -0.36580584482134909 2.026934388300194
decision_type=2 2 2 2 2 2 2
left_child=-1 2 4 -3 -2 -6 -7
right_child=1 3 -4 -5 5 6 -8
leaf_value=0.012279006418152882 -0.0035607971006596816 -2.0068172108594254e-05 0.020948294148900783 -0.020445305085204864 0.018442744314772226 0.0014484684246234619 -0.011654952405222543
leaf_weight=14.460390120744703 99.36506562680006 13.866443954408171 8.8853761702775937 9.7918684035539609 13.292860738933085 264.24377075582743 10.824249044060705
leaf_count=55 408 54 41 45 55 1002 44
internal_value=0.000748015 0.000328472 0.000892474 -0.00884407 0.000390271 0.00175788 0.000900108
internal_weight=434.73 420.27 396.611 23.6583 387.726 288.361 275.068
internal_count=1704 1649 1550 99 1509 1101 1046
is_linear=0
shrinkage=0.0254372


Tree=101
num_leaves=11
num_cat=0
split_feature=17 17 17 17 17 17 17 17 17 17
split_gain=2.76255 2.20274 3.03874 1.97653 4.03299 1.91698 10.3475 3.57515 3.84285 2.22307
threshold=1.8820887824532846 -1.7262352614522998 -1.5304795450091735 1.0073417079084959 1.4247021350057252 -0.16986507935584202 -0.49788046436624273 -0.10562350493300683 0.37861839386817903 0.17815730495638774
decision_type=2 2 2 2 2 2 2 2 2 2
left_child=1 -1 -3 5 -5 6 -4 -7 9 -9
right_child=-2 2 3 4 -6 7 -8 8 -10 -11
leaf_value=-0.0076576538440997922 -0.0097715286942121962 0.020992868933904889 -8.718439997240891e-05 0.018048118865782798 0.00050551598638545346 -0.0057609746029564273 0.016908759018206827 0.0046051806694435279 -0.00070321486815813454 0.020096179053040786
leaf_weight=16.104442439973354 13.968717597424982 3.8769691586494437 134.63575802743435 11.496114522218702 22.078104607760906 63.312929913401604 24.903933987021446 18.306427597999576 116.53974977135658 7.6348581761121741
leaf_count=64 64 17 511 44 86 254 100 71 466 27
internal_value=0.000658143 0.00102414 0.001386 0.0011536 0.00678275 0.000622559 0.00263673 -0.000943086 0.00121758 0.00961175
internal_weight=432.858 418.889 402.785 398.908 33.5742 365.334 159.54 205.794 142.481 25.9413
internal_count=1704 1640 1576 1559 130 1429 611 818 564 98
is_linear=0
shrinkage=0.0245658


Tree=102
num_leaves=23
num_cat=0
split_feature=12 18 12 12 18 14 14 14 14 14 12 1 12 12 12 14 12 14 12 14 14 14
split_gain=5.35064 7.25462 4.7398 4.88269 4.50854 2.93354 6.24762 3.64822 3.03141 2.5622 2.49569 3.1441 3.0444 5.22382 2.80873 2.07699 2.48224 2.27444 2.24864 2.0683 1.91065 3.68805
threshold=0.28748883168419687 -0.68494468518227081 1.0000000180025095e-35 -0.49395905419048175 -0.36580584482134909 -0.45773049097128432 -0.1351705938880626 1.7724413147135019 1.9430900739760919 -0.52401811727297753 1.0155540191446282 -0.67960022125220854 1.2758347554729597 1.7331623732449384 1.8681926915919886 -0.66989875623872586 -0.36237278090241493 -0.72708080788056562 0.20280095128553202 1.1363373556406191 0.96968499839693922 0.53389171656532852
decision_type=2 2 2 2 2 2 2 2 2 2 2 2 2 2 2 2 2 2 2 2 2 2
left_child=1 2 3 -1 -3 9 -7 19 -9 15 11 -2 -12 -14 -15 16 17 -6 -18 20 21 -8
right_child=10 4 -4 -5 5 6 7 8 -10 -11 12 -13 13 14 -16 -17 18 -19 -20 -21 -22 -23
leaf_value=-0.0025430999347488704 3.5319181854885973e-05 0.0060805035277989861 -0.0064708488918557988 0.0052415792162065836 -0.00071060377173687999 0.0088290801000185954 0.00089413497248491702 -0.0085310838441984387 0.0011485514250158765 -0.0023436967180951941 -0.00037181706853670808 0.0059103358490823687 0.0088872939745904961 -0.00079063278837880906 0.0043527220861062279 0.0044179642261488877 0.0060309749598168394 -0.0071713809774865906 -0.00026147179113923305 0.0065125486710552512 -0.0014801817348853222 0.0082569212565060893
leaf_weight=39.710887216031551 11.087369203567503 10.228518955409525 20.63245765119791 7.133349046111106 36.803215935826294 7.333212509751319 66.816674157977104 5.455743804574011 4.2757673114538193 52.039480745792389 51.793916419148445 22.226310417056084 8.5563298389315587 21.792810246348381 13.544677078723906 8.0513006895780546 7.3883582055568775 4.301100179553031 10.633296877145767 4.723441243171691 22.274560049176216 5.3049872964620581
leaf_count=165 48 43 101 24 134 29 243 27 15 202 190 86 37 77 48 29 26 17 39 20 84 20
internal_value=0.000332073 -0.000309824 -0.00292826 -0.00128886 0.000416591 0.00015065 0.00117341 0.000596701 -0.0044827 -0.000847316 0.00188239 0.00399577 0.00112054 0.00285666 0.00123473 0.000324984 -0.000283838 -0.00151037 0.00245648 0.00112778 0.000805686 0.00152053
internal_weight=442.108 313.106 67.4767 46.8442 245.63 235.401 116.184 108.851 9.73151 119.217 129.001 33.3137 95.6877 43.8938 35.3375 67.1773 59.126 41.1043 18.0217 99.1197 94.3962 72.1217
internal_count=1704 1218 290 189 928 885 438 409 42 447 486 134 352 162 125 245 216 151 65 367 347 263
is_linear=0
shrinkage=0.00908209


Tree=103
num_leaves=21
num_cat=0
split_feature=8 15 8 15 8 15 15 15 15 17 17 8 8 8 8 8 17 17 15 8
split_gain=3.25097 6.63217 5.73711 5.72023 5.21118 3.81414 9.31377 5.36348 5.12523 3.08309 3.19805 2.64919 2.40335 3.60553 3.34751 2.49351 2.25699 6.30287 2.14839 2.0409
threshold=0.42553355490659567 0.71039813614964453 -0.87469561653249006 0.67211674409850264 0.52170834830775936 -1.1202900350009937 -1.1531935327587746 -1.5634092688864303 -0.84246196395561734 -0.72939701157122128 -0.13036439411240175 0.27908079260223362 0.92709523412078398 1.5018187030574215 1.4569885598847412 1.0760615257764219 0.92504046582021371 1.492602085599003 0.35477284107147511 2.4056262791302507
decision_type=2 2 2 2 2 2 2 2 2 2 2 2 2 2 2 2 2 2 2 2
left_child=1 3 -3 5 -2 6 7 16 -7 -5 -11 18 -6 14 15 -14 -1 -18 -10 -15
right_child=4 2 -4 9 12 8 -8 -9 11 10 -12 -13 13 19 -16 -17 17 -19 -20 -21
leaf_value=-0.003781601442796149 -0.0026460730056072608 -0.0025842147723001922 0.0058610651449684699 0.00079943876853335802 0.0032737866898209164 0.0072845451741252992 -0.0058875014834469108 0.0054618843750284954 0.00055546682843326525 -0.011321572200442375 -0.0024363364269975336 0.0072147874826055964 -0.00099640316663166559 0.0036766150189119435 -0.0045439264284226222 0.0042278788913586336 0.0062430725623708735 -0.0039064719367953157 0.0045147860654630992 -0.002465578389083331
leaf_weight=11.738128811120989 60.417791083455086 7.1228688657283774 31.600627109408379 6.3864006400108364 19.719900712370872 10.217412248253821 19.858026653528214 14.51795734465122 138.71767793595791 5.1942989230155954 7.58564421534538 4.4143650829792014 34.495349586009979 21.841702610254291 16.421977236866951 7.9663561582565299 8.3739937245845812 8.8710801452398282 10.645386159420012 4.4623103141784659
leaf_count=46 243 28 108 24 74 36 89 50 510 24 29 19 129 77 69 30 26 37 40 16
internal_value=0.000370334 0.00093764 0.00427838 0.000400821 -0.000608188 0.000794021 -0.00102741 0.00125582 0.00149957 -0.00410679 -0.00648422 0.00107957 0.00057618 -7.25159e-05 -0.00127856 4.35657e-05 -0.000938152 0.00107376 0.000860357 0.00258399
internal_weight=450.569 285.244 38.7235 246.52 165.325 227.354 63.3592 43.5012 163.995 19.1663 12.7799 153.777 104.908 85.1877 58.8837 42.4617 28.9832 17.2451 149.363 26.304
internal_count=1704 1066 136 930 638 853 248 159 605 77 53 569 395 321 228 159 109 63 550 93
is_linear=0
shrinkage=0.00878809


Tree=104
num_leaves=18
num_cat=0
split_feature=12 6 12 12 20 12 12 20 20 12 12 12 12 1 20 12 20
split_gain=6.11796 7.46257 4.19421 13.1348 4.11252 3.50791 8.4925 4.40428 7.07054 3.2177 3.50044 5.65899 3.32019 2.83592 2.50136 2.06398 2.0463
threshold=0.28748883168419687 -2.1675278204035178 0.20280095128553202 -0.49395905419048175 1.4038115819521229 -0.54697953407266342 -1.1490283004266255 -0.32048288124978802 -0.48573192854616987 1.0155540191446282 1.2758347554729597 1.7331623732449384 1.8681926915919886 -0.67960022125220854 0.33064428945487162 -0.20863179707112725 -0.48573192854616987
decision_type=2 2 2 2 2 2 2 2 2 2 2 2 2 2 2 2 2
left_child=1 -1 3 5 -4 6 7 8 -3 13 -11 -12 -13 -2 -8 -5 -7
right_child=9 2 4 15 -6 16 14 -9 -10 10 11 12 -14 -15 -16 -17 -18
leaf_value=-0.011821206314563687 0.00073944552633476563 -0.0005230933561695823 -0.0014216943621929488 0.009266932456404588 -0.0095307702076868062 0.00067820962290460901 0.0072849894636101446 0.00032595662256082117 -0.011670479674165547 -0.00045458002464611219 0.0099207073687495751 -0.0009843723374820929 0.005055221528486073 0.0067441821410811993 0.0017077913512636345 0.0040563851117882506 -0.0029316113271548034
leaf_weight=4.5932045280933371 11.671224638819693 14.830580413341522 66.834288775920868 10.148022390902041 5.9799152016639701 19.787389308214188 17.377398774027824 57.457679003477097 8.186237707734108 52.74906499683857 9.0868481844663602 21.938822954893112 13.993273869156836 23.028379946947098 14.956030637025831 32.96581768989563 64.725089721381664
leaf_count=25 48 54 257 41 31 68 62 206 38 190 37 77 48 86 53 121 262
internal_value=0.000435607 -0.00031123 -0.00011245 0.000519908 -0.00218327 -0.000568859 0.000574325 -0.0011535 -0.00473699 0.0022187 0.00127943 0.00328365 0.00142801 0.00477966 0.00479966 0.0054226 -0.00208646
internal_weight=450.309 317.842 313.248 240.434 72.8142 197.32 112.808 80.4745 23.0168 132.468 97.768 45.0189 35.9321 34.6996 32.3334 43.1138 84.5125
internal_count=1704 1218 1193 905 288 743 413 298 92 486 352 162 125 134 115 162 330
is_linear=0
shrinkage=0.00991514


Tree=105
num_leaves=34
num_cat=0
split_feature=4 4 7 3 16 6 17 6 16 16 3 17 17 17 16 3 17 3 16 17 16 3 3 6 6 6 6 16 16 17 17 6 17
split_gain=4.1271 6.51449 6.03738 7.37798 4.64722 4.40654 8.89705 5.0222 4.34807 4.93724 4.17319 6.92538 5.59971 3.70866 3.43248 5.83245 3.20267 2.94533 3.9131 4.73473 3.85022 4.83767 2.91874 2.82697 2.60327 7.26924 2.86463 2.58085 3.8546 2.47007 2.42867 2.40418 2.13131
threshold=-0.26944506927502088 0.18062957200711802 0.18103424444789548 0.90306323048800963 0.68099802221582972 -0.12330147066940911 1.0744268753903163 0.30024969913377902 1.0935683302893373 1.449335573067619 0.50333969918786181 0.69351169686856318 -1.0957520158912357 1.8820887824532846 0.44566064098591512 -0.60025800413581465 -1.0000000180025095e-35 -1.6891796167818998 -0.15873613146916291 -0.13036439411240175 -0.34931685826682274 -0.57140783579036303 -0.79400040430519903 0.90478729919658407 -0.73906795886846166 -0.71385796343355146 -1.2591252992415154 0.3439896182440651 0.44566064098591512 -0.90133254375089922 -0.72939701157122128 -0.62303057991373623 -0.74898439757065016
decision_type=2 2 2 2 2 2 2 2 2 2 2 2 2 2 2 2 2 2 2 2 2 2 2 2 2 2 2 2 2 2 2 2 2
left_child=2 29 14 27 5 6 10 -7 23 -10 11 12 31 24 30 -16 -17 -9 20 -20 22 -22 -19 -6 26 -26 -5 -4 -29 -2 -1 -3 -14
right_child=1 4 3 13 8 7 -8 17 9 -11 -12 -13 32 -15 15 16 -18 18 19 -21 21 -23 -24 -25 25 -27 -28 28 -30 -31 -32 -33 -34
leaf_value=-0.0004491578223485341 -0.0010389658491799627 -0.00031323678295162562 0.0036084241670995111 -0.00076605621034980809 -0.0083334886183896364 0.0067929970627414399 0.0057218705528902184 -0.0032980534759285722 0.0050523833326566849 -0.0026189427714412767 -0.0070984806910183171 -0.0088483554788928113 0.0056527932199149349 -0.0060717500913721129 -0.0067888320995128527 -0.0010955623232067966 0.0048386501745079817 0.0070624529890516655 0.0056951466917301114 -3.0252648575622331e-05 0.00010951454068415744 -0.0078327433135277312 0.00011538030234790382 -0.0024923515883784773 -0.0074707029826912175 0.00012332496426246614 0.0051529618043853753 -0.0050182912774107162 0.0024955325988216355 0.0051881551740132108 -0.0047944872669033597 -0.0071796851637927223 0.00029488348489962226
leaf_weight=10.183218374848364 4.8605481535196331 5.1345736980438224 30.119879558682442 18.06825385987759 9.333864703774454 9.3917154967784864 10.197027906775473 9.4265634417533857 7.295293107628825 16.047320485115051 8.6329826563596708 6.3443105965852729 4.6533056795596996 10.821704387664793 7.0796708464622524 14.829713121056562 8.8452363759279198 4.8102124035358456 20.507387578487396 16.905805885791779 13.440852388739584 7.1311780512332978 13.122806712985033 13.717416778206823 11.610346078872675 24.377007216215137 6.6609607785940161 6.2137969136238125 11.359189569950102 19.8353436216712 51.469385787844658 8.8318484276533109 42.185627594590194
leaf_count=37 19 17 108 64 39 36 33 36 23 59 33 26 17 49 31 55 29 15 65 58 46 29 45 51 46 84 23 24 39 75 207 35 151
internal_value=-0.000622373 7.84372e-05 -0.00145342 -0.000245578 -0.00035566 0.000233867 -0.00108744 0.00143242 -0.00261726 -0.000134976 -0.00205585 -0.00133211 -0.000442027 -0.00188118 -0.00299711 -0.000764847 0.00120385 0.000784884 0.00132162 0.00315713 -0.000488386 -0.00282733 0.00219616 -0.00504859 -0.0010662 -0.00243351 0.00093719 0.00219888 -0.000259939 0.00395599 -0.00408892 -0.00478608 0.000913195
internal_weight=463.444 251.806 211.638 119.231 227.11 180.716 85.9797 94.7365 46.3939 23.3426 75.7826 67.1497 60.8054 71.5383 92.4072 30.7546 23.6749 85.3448 75.9182 37.4132 38.505 20.572 17.933 23.0513 60.7166 35.9874 24.7292 47.6929 17.573 24.6959 61.6526 13.9664 46.8389
internal_count=1704 908 796 437 814 642 312 330 172 82 279 246 220 266 359 115 84 294 258 123 135 75 60 90 217 130 87 171 63 94 244 52 168
is_linear=0
shrinkage=0.00809638


Tree=106
num_leaves=19
num_cat=0
split_feature=2 2 2 2 2 13 17 2 17 2 2 2 2 13 13 17 17 17
split_gain=6.20364 5.66837 17.5514 11.8483 8.88707 6.74351 5.55127 3.82233 5.61767 4.66479 3.19981 2.83325 2.45031 2.30771 2.5646 2.18808 1.97132 2.3721
threshold=-2.0895454277318604 -0.43797190448600692 -0.41179469819859527 0.086563618832801587 -0.89062248308965575 -0.44498648622977582 0.92504046582021371 0.20141918259607691 0.86948855328106822 1.2131490242167586 0.75353711049798233 0.88918616069802259 0.67870383561641567 -2.1165327144325219 -1.0247145952099328 1.0073417079084959 1.5964013800830805 1.0744268753903163
decision_type=2 2 2 2 2 2 2 2 2 2 2 2 2 2 2 2 2 2
left_child=-1 4 6 -4 5 13 -3 -5 9 10 12 -12 -9 -2 -15 -10 17 -7
right_child=1 2 3 7 -6 16 -8 8 15 -11 11 -13 -14 14 -16 -17 -18 -19
leaf_value=-0.0030746098901219487 -0.00041791685419557891 -0.0031821609018144797 0.0032133359682412323 -0.00055499498315989958 0.0032649631846986007 -0.00055213277698713435 -0.00012820160667874225 0.0022157657071689382 -0.0034734242768559649 -0.00014145330855336197 0.0050303594593408022 0.001454964863199913 0.00047092989936892127 0.0042812573200854643 0.001250974485146565 0.00042680362219946482 -0.0024435942470810877 0.0020151176504406344
leaf_weight=10.451491385698317 5.512791350483897 39.320252165198326 30.882237255573273 87.775990232825279 32.751516476273537 41.659596413373947 18.557078748941422 24.895322993397713 8.5769392251968366 60.329276859760284 8.4638011455535906 11.343775257468222 52.988309964537621 11.92173154652119 12.744318872690197 4.2272487431764594 8.105763912200926 8.5028826594352704
leaf_count=44 19 167 106 315 110 151 69 85 34 210 26 37 177 36 44 14 33 27
internal_value=0.000306249 0.000386866 8.61497e-05 0.000551182 0.00124258 0.000471726 -0.00221542 0.000224351 0.000625516 0.000866677 0.00148573 0.00311129 0.00104548 0.00221112 0.00280001 -0.00222149 -0.00044735 -9.19678e-05
internal_weight=479.01 468.559 347.36 289.483 121.199 88.4471 57.8773 258.601 170.825 158.02 97.6912 19.8076 77.8836 30.1788 24.6661 12.8042 58.2682 50.1625
internal_count=1704 1660 1240 1004 420 310 236 898 583 535 325 63 262 99 80 48 211 178
is_linear=0
shrinkage=0.00461528


Tree=107
num_leaves=18
num_cat=0
split_feature=18 18 0 9 18 18 18 18 9 18 18 18 9 9 9 9 9
split_gain=4.03993 10.3486 4.98408 4.17561 3.53377 10.5644 4.12112 8.47729 3.63709 3.26117 6.27445 2.70377 2.55299 2.38693 2.37287 2.11286 1.91517
threshold=-0.68494468518227081 -0.36580584482134909 1.1752502371343501 -1.5822559785204351 -0.23316328638550854 0.20668945804000563 0.23964254780184691 0.69657992174808581 -0.34916715764121181 0.72953301150992711 1.0928289921517162 2.026934388300194 0.1190157201694441 0.45155355755330312 -1.2293157354472115 -0.21229487713230522 -0.75812188121888779
decision_type=2 2 2 2 2 2 2 2 2 2 2 2 2 2 2 2 2
left_child=2 -2 3 -1 12 -6 8 -8 -7 -9 -11 -12 -3 15 -4 16 -5
right_child=1 4 14 13 5 6 7 9 -10 10 11 -13 -14 -15 -16 -17 -18
leaf_value=0.0032484108991966873 0.0050483759296211864 -0.0021857208876739143 -0.0013394886822613141 -0.0030519051798851672 0.0042099889457768956 0.0011066188409327086 0.0036173006874390596 -0.0014539242932393136 -0.0021542047380581843 0.0039987624920231318 0.00045022274755544031 -0.0026117554494031634 0.00029042984915565181 -0.00037146391821211468 0.0022832494981795694 -0.0046906566413388749 -0.00027671467695479025
leaf_weight=6.140680879354476 19.233652770519257 33.331547573208809 9.4707228392362577 22.514861315488812 29.407041966915131 19.357349559664726 32.278768390417099 41.156233489513397 44.302706509828568 17.671766594052315 58.568980813026428 13.696710452437399 32.940332725644112 27.925715088844299 25.519509121775627 14.666239559650419 17.953040942549709
leaf_count=19 72 128 33 94 105 63 113 147 170 63 199 52 119 105 86 64 72
internal_value=0.000256457 0.00061332 -0.000723658 -0.00151905 0.000337124 0.000675634 0.000204665 0.000739363 -0.00115975 1.32132e-05 0.000691286 -0.000152219 -0.000965048 -0.00190046 0.00129084 -0.00265977 -0.00184925
internal_weight=466.136 341.945 124.191 89.2005 322.711 256.44 227.033 163.372 63.6601 131.094 89.9375 72.2657 66.2719 83.0599 34.9902 55.1341 40.4679
internal_count=1704 1231 473 354 1159 912 807 574 233 461 314 251 247 335 119 230 166
is_linear=0
shrinkage=0.0063659


Tree=108
num_leaves=35
num_cat=0
split_feature=18 18 13 9 9 9 13 6 7 1 13 7 6 1 9 7 7 7 18 6 13 9 13 13 9 7 9 7 7 6 13 9 1 6
split_gain=4.48553 11.9139 9.49723 4.57034 12.3402 6.84374 5.02677 4.49792 6.52262 4.1932 3.88226 4.08052 3.84743 5.53574 3.84648 3.69623 3.39039 6.25647 3.64144 3.33473 8.43456 3.3019 6.76974 3.05298 2.99689 6.88292 6.76334 4.17777 2.75701 2.57641 2.32839 2.24902 2.21148 1.91818
threshold=-0.68494468518227081 -0.36580584482134909 0.12463438508862672 -0.32678568911673378 -0.41059181364277192 0.1190157201694441 0.9914837082236011 1.6923952119014076 -1.7032014472320123 1.211624968351561 -0.4038481803236359 -1.3805607223542116 -0.73906795886846166 0.62292798672448091 -1.54530978685933 -0.3374844794894083 0.18103424444789548 0.5067653910877471 0.77367194566385444 -0.12330147066940911 -0.85158462163420368 0.4781511301436468 -1.1480951199460911 -2.1165327144325219 0.66645693193159439 1.0316381884685504 1.4713679533524111 0.62021712989954281 -0.47546211028949864 1.4731682945766835 0.82064946621374923 1.6482121435626986 0.62292798672448091 0.30024969913377902
decision_type=2 2 2 2 2 2 2 2 2 2 2 2 2 2 2 2 2 2 2 2 2 2 2 2 2 2 2 2 2 2 2 2 2 2
left_child=2 -2 10 4 6 -5 7 8 -3 14 11 -1 13 23 -4 -8 18 -18 -7 21 -21 22 -14 -13 25 27 -26 -19 29 -10 -11 -28 -6 -27
right_child=1 3 9 5 32 16 15 -9 28 30 -12 12 19 -15 -16 -17 17 24 -20 20 -22 -23 -24 -25 26 33 31 -29 -30 -31 -32 -33 -34 -35
leaf_value=0.0038357652194888543 0.0053239988639601082 -0.0051149938599677827 0.00057040853817585144 0.0043094680937523751 -0.0026941055709227323 -0.001405860494757353 0.00074098365276409773 0.0062313825985926352 0.0013802982223385376 -0.00204546279207886 0.0044320950069699555 -0.00085833406919028641 0.0005726106209278626 -0.0040494982878351467 -0.0047395149446373451 -0.0062158327611908839 0.005932004232238202 -5.2872954262266501e-05 0.0019895373502432684 -0.0042429483704570841 0.0062651562397456418 0.0020613216378048962 -0.0066229463374266667 0.004481450536162653 0.00344299790688243 -0.0055133941092663317 -0.0028976590867406445 0.0055612678938383384 0.0035758749410914653 -0.0023066885599389944 0.0031960306727511416 0.0006949234207246106 -0.0075050642859813806 -0.00040300240216032974
leaf_weight=9.6365106552839261 20.518117234110832 5.5411460548639289 6.2577937692403784 22.083299204707146 36.451606601476669 46.181453049182892 5.3076023161411285 6.188552498817443 40.31806543469429 6.2015427649021131 9.0338913500308973 5.5086282044649169 8.0317998081445676 4.8417925983667365 29.762734442949295 5.5543458908796293 9.6021558046340925 21.117458492517475 16.09723536670208 5.0556686222553253 5.3094983696937579 3.7892225980758658 12.766901656985285 13.869464159011841 35.916954442858696 9.312588155269621 10.020510822534563 6.0651675164699546 17.822488024830818 8.3056542277336103 5.5021753907203674 17.942346855998039 3.7748427093029013 4.1481903344392768
leaf_count=31 72 22 21 73 139 176 18 19 137 25 27 19 29 20 129 22 31 75 53 21 17 14 58 44 114 39 38 19 58 31 18 63 18 14
internal_value=0.000415953 0.000782138 -0.000598066 0.000485496 -0.000431091 0.00108178 0.000873205 0.00143439 0.000957883 -0.00277802 0.000752479 0.000224302 -0.000407936 0.00148368 -0.00382001 -0.00297675 0.000660184 0.00129953 -0.000512898 -0.00172367 0.00118901 -0.00295468 -0.00391886 0.00298015 0.000831873 -0.000494067 0.00167135 0.00132065 0.00152088 0.000722899 0.000454567 -0.000633845 -0.0032795 -0.00403061
internal_weight=473.837 348.27 125.568 327.752 129.264 198.487 89.0379 78.1759 71.9874 47.7242 77.8434 68.8095 59.173 24.2199 36.0205 10.8619 176.404 114.125 62.2787 34.9531 10.3652 24.5879 20.7987 19.3781 104.523 40.6434 63.8798 27.1826 66.4462 48.6237 11.7037 27.9629 40.2264 13.4608
internal_count=1704 1231 473 1159 464 695 307 267 248 193 280 253 222 83 150 40 622 393 229 139 38 101 87 63 362 147 215 94 226 168 43 101 157 53
is_linear=0
shrinkage=0.00627577


Tree=109
num_leaves=16
num_cat=0
split_feature=2 2 2 2 2 20 15 15 2 15 15 15 15 15 15
split_gain=4.30691 3.53932 8.7836 6.3429 5.20787 4.27633 3.56676 2.9789 4.65655 3.49514 2.31144 5.38121 4.3058 2.254 1.95144
threshold=-2.0895454277318604 -0.52662008899233115 -0.41179469819859527 0.086563618832801587 -0.89062248308965575 0.092415619838413912 -0.28695024102108097 -0.50909097314000007 0.4827174671863097 -1.1531935327587746 -1.1202900350009937 -1.1531935327587746 -1.5634092688864303 1.1199777402796842 -1.5634092688864303
decision_type=2 2 2 2 2 2 2 2 2 2 2 2 2 2 2
left_child=-1 4 6 -4 5 -2 14 8 9 -5 11 12 -10 -8 -3
right_child=1 2 3 7 -6 -7 13 -9 10 -11 -12 -13 -14 -15 -16
leaf_value=-0.017904299482392579 0.010443942530133034 -0.016219672954826271 0.015442655743695079 0.0011594654085482934 0.017128562947562286 -0.003155250368962575 -0.020237873916044206 0.0025476911361382716 -0.0048945841326665154 -0.021182178832265135 0.0074679225528815289 -0.022538292314045874 0.026800075445456827 -0.0029290403481294931 0.0039801490186870663
leaf_weight=9.6297343000769597 31.666268989443779 4.6149003058671978 25.911866739392281 8.6901706606149691 25.510759174823761 51.008049502968788 27.589218556880951 166.68393049389124 11.105521529912947 18.124066472053528 23.566069886088371 8.8048391193151474 4.5453615784645089 8.7307990640401822 16.105577938258648
leaf_count=44 110 21 106 31 101 200 128 609 41 79 84 39 15 32 64
internal_value=0.000717155 0.00116431 -0.000373282 0.00186639 0.00574503 0.00210491 -0.0107545 0.000363736 -0.00447642 -0.0140883 0.00102821 -0.00520839 0.00514539 -0.0162116 -0.000973454
internal_weight=442.287 432.657 324.472 267.432 108.185 82.6743 57.0405 241.52 74.836 26.8142 48.0218 24.4557 15.6509 36.32 20.7205
internal_count=1704 1660 1249 1004 411 310 245 898 289 110 179 95 56 160 85
is_linear=0
shrinkage=0.0293833


Tree=110
num_leaves=29
num_cat=0
split_feature=17 9 3 14 14 9 9 9 17 17 9 9 17 14 9 17 3 3 17 3 9 9 14 14 14 14 14 9
split_gain=5.06845 5.35715 4.82211 6.15123 9.54934 5.73669 8.28091 5.96862 4.72525 9.60696 4.61538 7.75941 5.81244 7.67587 4.78073 3.71306 3.47189 5.66425 3.31851 3.11687 3.05566 7.35812 5.02581 2.5488 2.52995 5.97477 5.49168 2.50017
threshold=1.8820887824532846 0.66645693193159439 -0.85170420315479034 1.7724413147135019 1.1363373556406191 -1.3020693284229601 -1.3604056144881607 -1.7437099147280517 1.0000000180025095e-35 -0.16986507935584202 -0.32678568911673378 0.1190157201694441 0.37861839386817903 0.96968499839693922 -0.34916715764121181 -0.96658852314749855 1.9301714619220829 1.0823857397226997 -0.49788046436624273 1.2338932660595912 0.20239802304550458 0.54888880622776204 0.6871190346915893 0.26160392451939263 1.1363373556406191 0.084667412978545978 0.46814851029914545 0.99460176577829251
decision_type=2 2 2 2 2 2 2 2 2 2 2 2 2 2 2 2 2 2 2 2 2 2 2 2 2 2 2 2
left_child=1 2 5 4 10 6 7 -1 9 18 12 -12 13 15 23 -4 17 -2 19 -3 22 -22 -13 -14 25 -7 -27 -10
right_child=16 8 3 -5 -6 24 -8 -9 27 -11 11 20 14 -15 -16 -17 -18 -19 -20 -21 21 -23 -24 -25 -26 26 -28 -29
leaf_value=-0.00026241271815814971 -0.0047425151219285741 0.0023017141350440474 -0.0016267954515117281 -0.0030270923575713921 0.0052276701960262285 0.003554100666384296 -0.0023740675717224468 0.0044078892645152724 0.0046896710419001434 -0.0031839616019006933 0.0025291884940376727 -0.0014364421362393018 -0.0018579674548200519 -0.003909967727505223 -0.004279248267386954 0.00091417406981121867 -0.0055996741362402914 0.0016155092543707252 0.0051538135180275351 -0.0019712624860243146 0.0032153243675805141 -0.0003407222244952683 0.0020216467162359922 0.0015523590496526699 0.0046433672937232096 -0.0028251107315140599 0.0023609961948761063 0.0018095769632890276
leaf_weight=13.644418314099314 4.0311330258846265 9.5502141416072863 14.921633526682852 14.245945930480955 6.6239365488290778 17.348675131797791 18.29054793715477 9.5260224342346174 7.3705170452594748 11.846295535564424 29.640072301030159 50.753670945763588 14.879290297627451 9.3696885854005796 15.026708394289015 59.814069077372551 3.983017072081565 7.3136391192674637 4.5223227590322486 4.9617651402950278 16.488827437162399 46.203039139509201 10.317145094275473 6.0761326998472205 7.8430530428886405 8.3273669928312319 7.7469447851181021 46.780131310224533
leaf_count=48 19 30 54 57 22 57 67 29 21 47 99 193 58 39 68 207 21 24 14 18 55 164 35 22 25 31 26 154
internal_value=0.000302925 0.000391898 0.000152355 -0.000127818 2.78978e-05 0.00114081 -8.64871e-05 0.00173638 0.00144295 -1.33897e-05 -0.000113114 0.0004218 -0.000794757 -0.000118264 -0.00234009 0.000394356 -0.00226366 -0.00081219 0.00200666 0.000813827 -9.57945e-05 0.000622925 -0.000832457 -0.000848718 0.00235371 0.00172285 -0.000326745 0.00226317
internal_weight=477.446 462.118 377.087 294.36 280.114 82.727 41.461 23.1704 85.0312 30.8806 273.49 153.403 120.088 84.1054 35.9821 74.7357 15.3278 11.3448 19.0343 14.512 123.763 62.6919 61.0708 20.9554 41.266 33.423 16.0743 54.1506
internal_count=1704 1640 1356 1073 1016 283 144 77 284 109 994 546 448 300 148 261 64 43 62 48 447 219 228 80 139 114 57 175
is_linear=0
shrinkage=0.00466209


Tree=111
num_leaves=26
num_cat=0
split_feature=15 16 16 16 3 15 16 16 16 0 15 15 15 15 15 0 0 3 3 16 3 0 3 3 3
split_gain=4.10423 9.69758 7.30935 12.4709 6.39244 5.78783 5.50292 15.9528 5.16014 4.93837 4.80806 11.0013 7.851 7.33423 4.15109 3.97495 4.77275 4.4401 5.66936 3.33415 2.79542 2.60135 2.03229 2.00661 3.28067
threshold=0.71039813614964453 -1.2983120440966671 -0.28752228086561837 -0.70482724793501983 0.67612219066129453 -0.28695024102108097 -0.15873613146916291 0.3439896182440651 -0.82693949735444183 0.022575182793238936 -1.1531935327587746 -1.1202900350009937 -1.5634092688864303 -0.84246196395561734 0.21665654945931132 0.58929110446304123 -0.68132789571010244 -0.79400040430519903 -0.054497157225502753 1.9707259821136665 -1.6891796167818998 1.0091012642859416 -0.45310241126949052 0.072813342042342036 0.29417338206432081
decision_type=2 2 2 2 2 2 2 2 2 2 2 2 2 2 2 2 2 2 2 2 2 2 2 2 2
left_child=1 4 3 8 -1 -6 9 22 -3 14 12 -12 19 -13 -4 16 -2 20 -19 -9 -17 -10 -8 -18 -25
right_child=15 2 6 -5 5 -7 7 10 21 -11 11 13 -14 -15 -16 17 23 18 -20 -21 -22 -23 -24 24 -26
leaf_value=-0.0076553278443943192 -0.0010181990424403614 0.0043414514505151613 -0.0015684509345587159 0.0060911459261797814 -0.0060501284485725282 0.002237223499820105 0.0074464122548628794 0.0010465838954902191 -0.0015159213810277501 -5.1810047025538012e-05 -0.0051308692831484029 0.0057269193458533178 0.0056491710776374032 -0.00053940824785239433 -0.006840107225460375 -0.00077480558561287237 0.0048848101160930725 -0.0036594640836327299 0.0023970954607292379 -0.0037548129668361018 0.0036403418187049346 0.0025148965037667028 0.0034642328911694137 -0.0027432770341704409 0.004065294034940603
leaf_weight=9.8034982979297656 9.8968337476253492 10.046523839235304 14.846380025148393 23.001843437552452 4.8333336710929862 8.8231559842824918 8.3275255113840121 20.852404609322551 32.254089772701263 28.587432399392128 21.031049787998199 7.5979829579591742 12.998906403779982 124.466163367033 11.008392333984373 8.5836355239152926 27.346026763319969 17.232422128319744 9.5315773487091047 7.6924230754375449 17.770301133394241 7.7150986343622199 21.374601751565933 4.1593845635652524 6.7979725897312164
leaf_count=44 36 32 56 75 24 30 28 71 119 104 88 23 39 448 48 30 87 66 30 31 60 25 73 16 21
internal_value=0.000435162 0.000120089 0.000393581 0.00221461 -0.00385778 -0.000875846 -8.83184e-05 0.000363509 0.000366002 -0.00192861 -0.000320775 -0.00085407 0.00162236 -0.000146236 -0.00394442 0.00159208 0.0029296 0.00035449 -0.00149078 -0.00031266 0.00221568 -0.000701393 0.00473802 0.00395468 0.00147439
internal_weight=476.579 375.261 351.801 73.0176 23.46 13.6565 278.783 224.341 50.0157 54.4422 194.639 153.095 41.5437 132.064 25.8548 101.318 48.2002 53.1179 26.764 28.5448 26.3539 39.9692 29.7021 38.3034 10.9574
internal_count=1704 1358 1260 251 98 54 1009 801 176 208 700 559 141 471 104 346 160 186 96 102 90 144 101 124 37
is_linear=0
shrinkage=0.00650992


Tree=112
num_leaves=7
num_cat=0
split_feature=20 9 9 9 9 9
split_gain=3.37615 2.09545 4.57967 2.25433 2.17098 2.12408
threshold=-1.4829235062602291 0.66645693193159439 1.4713679533524111 1.1988838010675755 1.6482121435626986 2.5506647963744857
decision_type=2 2 2 2 2 2
left_child=-1 -2 3 -3 -4 -6
right_child=1 2 4 -5 5 -7
leaf_value=0.015367370158121698 -0.00082702519012080268 0.0072599412783274919 -0.013350840745411374 0.024302199420819504 0.0075514549243213399 -0.016447727432407487
leaf_weight=14.74607217311859 340.29354024678469 43.450259551405907 14.35535044968128 9.1242327094078046 16.404514856636528 3.9167766124010077
leaf_count=55 1325 153 58 35 59 19
internal_value=0.000831993 0.000302554 0.00467522 0.0105306 -0.00423112 0.00245339
internal_weight=442.291 427.545 87.2511 52.5745 34.6766 20.3213
internal_count=1704 1649 324 188 136 78
is_linear=0
shrinkage=0.0318041


Tree=113
num_leaves=21
num_cat=0
split_feature=2 2 2 2 2 18 2 2 2 2 2 5 7 7 2 18 18 2 7 5
split_gain=6.76915 5.08473 17.4599 11.6001 9.25223 4.17168 4.40591 4.08403 3.64357 3.5641 5.21671 3.54097 3.34506 5.02546 2.73458 2.6416 2.81891 2.42864 2.29203 2.08478
threshold=-2.0895454277318604 -0.43797190448600692 -0.41179469819859527 0.086563618832801587 -0.89062248308965575 -0.23316328638550854 0.75353711049798233 1.2131490242167586 0.32908963756509485 1.3182242354250964 1.7154600002577975 -0.84952538589301829 1.4845582065284175 0.62021712989954281 0.61238795899335796 -0.33225559409586775 -0.68494468518227081 0.75353711049798233 1.7815401157450641 -0.43507546212187664
decision_type=2 2 2 2 2 2 2 2 2 2 2 2 2 2 2 2 2 2 2 2
left_child=19 4 -3 11 12 6 15 8 -7 -9 -11 -4 13 -2 -10 16 -5 -16 -14 -1
right_child=1 2 3 5 -6 7 -8 9 14 10 -12 -13 18 -15 17 -17 -18 -19 -20 -21
leaf_value=-0.007199434337472263 0.00019380859156243176 -0.0029012712976198675 -5.9237124098026101e-05 -0.001452068837035602 0.0042265504190211623 0.00023009281660285404 0.0030936395049342888 -0.0023273067041154989 0.0058630513936090266 0.0039099686426712589 -0.0010840410318280411 0.0051048044947352815 -0.0040551894742316104 0.0039643276620748586 0.0010693667663815524 -0.002887233193773086 0.0025126735599908276 0.0036462585302951102 0.00015570475847636255 -0.0017242770539122882
leaf_weight=4.1751716285943985 53.583170101046562 57.563176363706589 5.7846318930387524 21.9302067309618 32.614867761731148 62.030753001570702 7.5178416520357123 24.182711064815521 6.069553315639495 10.914475843310358 20.53389510512352 24.999748021364212 7.7831614017486599 15.997310221195219 47.485105320811272 28.013601273298267 8.2437778264284116 18.118448123335838 10.032332062721251 6.3250877708196622
leaf_count=21 192 236 20 82 110 217 26 88 21 36 76 86 31 51 158 106 29 59 36 23
internal_value=0.000360616 0.000471952 9.82057e-05 0.000708738 0.00153371 0.000282101 -0.00101599 0.000734966 0.00130283 -0.000628132 0.000701754 0.00414677 0.000500261 0.00109554 0.00221928 -0.00158376 -0.000332335 0.00181615 -0.00177213 -0.0042324
internal_weight=473.899 463.399 343.388 285.825 120.011 255.04 65.7054 189.335 133.704 55.6311 31.4484 30.7844 87.396 69.5805 71.6731 58.1876 30.174 65.6036 17.8155 10.5003
internal_count=1704 1660 1240 1004 420 898 243 655 455 200 112 106 310 243 238 217 111 217 67 44
is_linear=0
shrinkage=0.00601814


Tree=114
num_leaves=19
num_cat=0
split_feature=13 8 8 1 8 1 1 1 17 13 13 13 13 13 13 13 13 1
split_gain=3.35526 6.63298 4.60947 5.81754 3.75432 2.94262 3.08545 2.79042 2.78817 2.53651 4.31013 4.79105 3.78831 3.08308 3.79809 2.84672 5.81096 2.06677
threshold=-0.44498648622977582 0.42553355490659567 0.42553355490659567 -0.67960022125220854 0.59297299546551596 -1.631598455743736 -1.2783545853904756 -0.7513692586336308 1.8820887824532846 0.67352918547239604 -0.37892616555324304 0.12463438508862672 0.18735428736312462 0.73996352983101021 1.2802428881585668 1.0345824141185795 0.9914837082236011 -1.9538546213204626
decision_type=2 2 2 2 2 2 2 2 2 2 2 2 2 2 2 2 2 2
left_child=2 8 3 -1 7 17 -7 -4 9 10 -2 -12 -13 -11 15 16 -15 -6
right_child=1 -3 4 -5 5 6 -8 -9 -10 13 11 12 -14 14 -16 -17 -18 -19
leaf_value=-0.0027023466363377173 -0.0012664923419100846 -0.0023867261422140435 0.0025440146404037251 0.0071962775000745435 0.0023242738219943272 0.0072627913751580186 0.0017495848199724452 -0.0034931833464268559 -0.003744193268139461 -0.0018151196649387284 0.0058997169357307023 6.0962767639672787e-06 0.0038026535916140477 0.0045660426105548655 -0.0003711494976743196 0.0078184316266623043 -0.0054798848293240391 -0.004055557466658392
leaf_weight=5.0016312003135708 29.867173507809639 69.32879738509655 6.7420104593038586 17.394934684038162 5.116511568427085 7.7812896370887747 51.988573610782623 19.774780303239822 9.6499436944723112 48.208471462130547 20.775445684790611 51.41443207859993 28.744518533349037 12.920433491468435 55.437766447663307 7.0210301131010047 5.0526397973299018 8.73706206679344
leaf_count=19 109 273 22 66 16 31 184 80 43 183 76 183 105 44 197 22 19 32
internal_value=0.000364245 -7.065e-05 0.00155803 0.00495405 0.000765841 0.00174411 0.002553 -0.00192145 0.000531359 0.000701758 0.00152706 0.00235805 0.00139177 -0.000141467 0.000869321 0.00354868 0.00162663 -0.00168664
internal_weight=460.957 338.421 122.537 22.3966 100.14 73.6234 59.7699 26.5168 269.092 259.442 130.802 100.934 80.159 128.64 80.4319 24.9941 17.9731 13.8536
internal_count=1704 1254 450 85 365 263 215 102 981 938 473 364 288 465 282 85 63 48
is_linear=0
shrinkage=0.00845569


Tree=115
num_leaves=14
num_cat=0
split_feature=20 18 18 18 17 17 18 18 18 18 18 18 18
split_gain=3.11548 2.71858 2.56402 7.04287 4.04418 3.14736 3.08703 7.26163 2.99166 2.86007 2.57094 3.80537 2.65718
threshold=-1.4829235062602291 2.026934388300194 -0.68494468518227081 -0.36580584482134909 1.492602085599003 -1.0509837578322252 -0.23316328638550854 0.20668945804000563 -0.78133156242930946 -1.2090590263126213 0.23964254780184691 0.69657992174808581 1.2368139676713283
decision_type=2 2 2 2 2 2 2 2 2 2 2 2 2
left_child=-1 2 4 -4 5 -2 -5 -8 9 -7 -9 -12 -13
right_child=1 -3 3 6 -6 8 7 10 -10 -11 11 12 -14
leaf_value=0.011271156069987184 -0.0102452503291147 -0.011158257815909343 0.01676856953226586 -0.0038090351356897117 -0.014573667417517708 0.0012000368730391887 0.013878905588537695 -0.003472869725733874 -0.004792348768776657 0.013626697541815832 0.01025208567974494 -0.0015509426961069119 0.0079264997818210472
leaf_weight=14.695158287882803 16.299719735980034 10.944298088550566 16.358169578015804 63.220236077904701 13.231771647930143 42.342243537306786 26.4020956158638 61.635188713669777 31.708138301968575 13.703841626644133 27.843164429068565 85.447178572416306 20.684907197952271
leaf_count=55 64 44 68 244 61 162 102 229 133 50 108 313 71
internal_value=0.000655847 0.000272409 0.000592031 0.0017687 -0.00242483 -0.000781477 0.000863824 0.00220346 0.00105411 0.00438457 0.000577527 0.0024503 0.00034291
internal_weight=444.516 429.821 418.877 301.591 117.286 104.054 285.233 222.013 87.7542 56.0461 195.61 133.975 106.132
internal_count=1704 1649 1605 1135 470 409 1067 823 345 212 721 492 384
is_linear=0
shrinkage=0.0241355


Tree=116
num_leaves=22
num_cat=0
split_feature=12 9 9 9 12 12 12 12 20 12 12 20 20 12 12 9 1 20 9 9 20
split_gain=7.17713 5.54175 7.7452 5.40494 3.82259 3.93042 6.09156 3.81032 3.79897 5.3029 7.33879 3.97298 3.05391 7.63368 4.5928 2.82703 2.77745 2.7061 2.30099 3.07363 1.99645
threshold=0.28748883168419687 -0.32678568911673378 -0.41059181364277192 -0.11222137205842496 1.0155540191446282 1.2758347554729597 1.7331623732449384 1.8681926915919886 -0.50463640697486034 0.20280095128553202 -0.43305883673369411 -0.93037642772780915 -0.39092250917199894 -0.77961290178956755 -0.54697953407266342 -1.3604056144881607 -0.67960022125220854 0.092415619838413912 -1.2293157354472115 -0.90879232048880942 1.1110241472199189
decision_type=2 2 2 2 2 2 2 2 2 2 2 2 2 2 2 2 2 2 2 2 2
left_child=1 2 15 -3 16 -6 -7 -8 11 10 12 -5 13 -10 17 -1 -2 -14 -17 -20 -4
right_child=4 3 20 8 5 6 7 -9 9 -11 -12 -13 14 -15 -16 18 -18 -19 19 -21 -22
leaf_value=0.0031701934925203921 0.0010958080391259518 0.0081432006119781363 -0.004054163535527287 0.0013768320756497546 -0.00043772850380167705 0.0095043505451732676 -0.00099748046562948725 0.0050241040297349113 -0.011818074510463614 -0.0041426840457213917 0.0055440733341125701 0.0087050332613490111 0.0067232419914470794 0.00053828506203445407 -0.0025175136790577899 -0.0041107946220696979 0.0065974478561785146 0.00095396424419639419 0.0045537520393621458 -0.0011569740383303006 -0.0096171874409705545
leaf_weight=16.044236242771149 12.036785781383513 7.116482898592948 32.760962620377541 30.158441781997681 52.866481527686119 9.5671743154525739 21.968279749155045 14.187559619545935 5.8846920579671869 24.889769643545151 19.705410793423653 7.3270668089389792 7.3142753839492789 11.607855096459389 33.111592277884483 15.398169994354246 23.76149033010006 50.83068260550499 9.0508423745632154 43.477138578891754 6.7549301683902732
leaf_count=54 48 25 134 104 190 37 77 48 29 104 73 24 24 42 132 61 86 181 31 165 35
internal_value=0.000452673 -0.000299896 -0.00183387 0.000660429 0.00224384 0.00128368 0.00324731 0.00142404 0.000348499 -0.000301671 0.00046357 0.0029584 -0.000490779 -0.00394313 0.000199227 -0.000230374 0.00480521 0.0017602 -0.00106084 -0.000119223 -0.00517132
internal_weight=455.82 321.433 123.486 197.946 134.388 98.5895 45.723 36.1558 190.83 153.344 128.455 37.4855 108.749 17.4925 91.2566 83.9704 35.7983 58.145 67.9262 52.528 39.5159
internal_count=1704 1218 480 738 486 352 162 125 713 585 481 128 408 71 337 311 134 205 257 196 169
is_linear=0
shrinkage=0.00926606


Tree=117
num_leaves=22
num_cat=0
split_feature=2 2 2 2 2 17 19 17 19 15 17 15 15 15 2 19 19 15 17 17 17
split_gain=4.56229 4.52803 13.7664 9.63628 7.40324 5.31095 4.28468 3.97157 3.70286 3.30471 4.07722 3.38379 6.99149 4.43045 5.47631 2.67616 3.28019 2.5377 2.18606 5.75358 1.92141
threshold=-2.0895454277318604 -0.43797190448600692 -0.41179469819859527 0.086563618832801587 -0.89062248308965575 0.92504046582021371 0.68650326985006238 1.5964013800830805 -0.89334271502080653 -0.63282380450336062 -1.7262352614522998 -1.1531935327587746 -1.5634092688864303 -1.1202900350009937 0.4827174671863097 -0.79802577088015336 0.37829104928425067 0.67211674409850264 -0.13036439411240175 -0.55817848852962559 0.057899391620876692
decision_type=2 2 2 2 2 2 2 2 2 2 2 2 2 2 2 2 2 2 2 2 2
left_child=-1 4 5 -4 6 17 7 8 -2 11 -11 12 -5 -13 -15 -10 20 -3 19 -12 -17
right_child=1 2 3 9 -6 -7 -8 -9 15 10 18 13 -14 14 -16 16 -18 -19 -20 -21 -22
leaf_value=-0.004164754066827394 0.0047997283647881785 -0.0062061156687329075 0.0044729951333769809 -0.001313785630365311 0.0045700326888389944 1.1445146574544109e-05 0.0026341883220291971 -0.0049861948551330375 -0.0052988438798673466 -0.003307499800473629 0.00096057887492185612 -0.0051063931036535413 0.0065925979757319609 -0.0045214067451261825 0.0014614296578759213 -0.0013929682455172765 -0.0032182222706789733 -0.0023953399904829385 -6.7915677007228194e-05 0.005686682979525395 0.0025876542502067407
leaf_weight=10.120401807129381 6.5675274431705466 21.331168040633202 29.115263715386391 18.161583051085476 30.901750057935715 18.321903586387634 31.237954959273338 7.9172305166721335 4.5029980540275565 10.83301420509815 94.773268505930901 15.681479543447493 7.1107122004032126 10.779772385954855 21.662989690899849 8.1938275247812289 10.139928013086317 16.909767001867294 59.774128586053848 14.178370684385298 18.468950286507607
leaf_count=44 20 99 106 65 110 69 103 33 19 41 322 68 22 44 74 32 40 68 213 49 63
internal_value=0.000346455 0.000453706 3.67693e-05 0.000677517 0.00164269 -0.00312327 0.000571877 -0.000604369 0.000190174 0.000227955 0.000744322 -0.00102973 0.00104267 -0.00211905 -0.000589507 -0.00062064 5.2605e-05 -0.00460008 0.00101933 0.00161238 0.00135575
internal_weight=466.684 456.564 338.633 282.071 117.93 56.5628 87.0284 55.7905 47.8732 252.955 179.559 73.3965 25.2723 48.1242 32.4428 41.3057 36.8027 38.2409 168.726 108.952 26.6628
internal_count=1704 1660 1240 1004 420 236 310 207 174 898 625 273 87 186 118 154 135 167 584 371 95
is_linear=0
shrinkage=0.00707676


Tree=118
num_leaves=13
num_cat=0
split_feature=17 16 16 16 16 16 16 16 16 16 16 16
split_gain=3.13091 3.49589 9.25211 6.44107 11.6199 2.44086 3.7923 3.16863 2.28715 1.9767 2.88482 3.26522
threshold=1.8820887824532846 0.3439896182440651 -0.15873613146916291 -0.18473394709489996 -0.70482724793501983 -1.8381616299874666 -1.5741465990165986 -2.0134981247016008 2.4225990969152975 0.99860973549103316 0.92428928808803279 0.44566064098591512
decision_type=2 2 2 2 2 2 2 2 2 2 2 2
left_child=1 2 3 4 5 7 -7 -1 9 10 11 -3
right_child=-2 8 -4 -5 -6 6 -8 -9 -10 -11 -12 -13
leaf_value=0.0019429506701773675 -0.0042887772356158182 -0.00085744572399818321 0.0069531326359314393 -0.0022721666958212426 0.0074735815738944389 0.0087795247315004179 0.00040200028630688734 -0.0073078150920732046 -0.0068991993808003946 0.0016963927693513655 -0.0030912062437909458 0.0037638939057755665
leaf_weight=6.9364340603351602 14.623904787003992 78.056571394205093 30.969400689005852 60.236066401004791 33.002344042062759 5.8791162222623816 101.18334791064262 9.4111859947443008 5.3004901558160773 47.111291393637657 44.62656432390213 22.22626057267189
leaf_count=24 64 289 115 229 122 20 361 38 23 167 174 78
internal_value=0.000492452 0.000657143 0.00151011 0.000709445 0.00186346 0.000325139 0.000924304 -0.00345947 -0.000414888 -0.000207784 -0.000832834 0.000188325
internal_weight=459.563 444.939 247.618 216.648 156.412 123.41 107.062 16.3476 197.321 192.021 144.909 100.283
internal_count=1704 1640 909 794 565 443 381 62 731 708 541 367
is_linear=0
shrinkage=0.0108055


Tree=119
num_leaves=19
num_cat=0
split_feature=4 3 3 3 13 13 3 3 3 13 3 13 13 13 13 13 13 13
split_gain=2.72877 5.05186 4.21201 5.11945 4.27262 4.30225 3.79526 3.64854 5.31425 2.94404 2.88406 3.46861 2.23072 4.97227 3.42304 2.077 1.92129 2.15162
threshold=-0.26944506927502088 0.660275890347226 -0.27584681077141787 0.072813342042342036 -0.052192834080088187 0.36759071089839468 -0.85170420315479034 -1.6891796167818998 -1.7339487907738638 -0.75730055989028566 -1.2764487552916808 0.61490634720966009 0.94371615498678263 1.0736657393346645 -0.12972751346322436 -0.44498648622977582 -0.44498648622977582 -1.7598473945334006
decision_type=2 2 2 2 2 2 2 2 2 2 2 2 2 2 2 2 2 2
left_child=2 6 4 -4 9 -6 7 8 -2 -1 -9 -12 14 -14 16 -5 17 -8
right_child=1 -3 3 15 5 -7 12 10 -10 -11 11 -13 13 -15 -16 -17 -18 -19
leaf_value=-0.0088596756850964995 0.010693406455850867 0.017392677192258101 0.024417289306063059 0.0063779615629917276 -0.033995370272659461 -0.0064739997602196609 -0.013061834903052443 0.025370025216829677 -0.016335832538791999 0.0074143281184782407 0.010994794339641076 -0.010217473116680892 -0.02563882016091408 -0.00095917621521130175 0.0052696627498830563 -0.0017558278176377498 -0.0086496435575681308 0.0033007465519948689
leaf_weight=18.877275526523594 9.5636033862829208 14.651501044631003 5.2842220962047568 26.14799240231514 6.8058857917785671 9.357822507619856 5.9857172071933737 7.4318513125181189 9.3173139542341232 12.239420801401137 34.061074331402779 5.7370316088199607 6.7144649028778103 24.400097124278545 66.024295464158058 123.26327380537987 26.55415390431881 32.578099705278873
leaf_count=74 34 50 21 101 36 41 23 29 37 48 120 22 26 90 243 475 107 127
internal_value=0.000811702 0.00270459 -0.0014674 0.000663158 -0.00833506 -0.0190675 0.00170484 0.00702853 -0.00274412 -0.00243555 0.0109254 0.00778832 -0.000488208 -0.00678681 0.00103789 -0.000305463 -0.0032634 0.00054004
internal_weight=444.995 243.019 201.976 154.695 47.2804 16.1637 228.368 66.1109 18.8809 31.1167 47.23 39.7981 162.257 31.1146 131.142 149.411 65.118 38.5638
internal_count=1704 908 796 597 199 77 858 242 71 122 171 142 616 116 500 576 257 150
is_linear=0
shrinkage=0.0265723


Tree=120
num_leaves=19
num_cat=0
split_feature=18 18 1 17 18 18 18 18 18 18 17 17 17 17 19 18 17 19
split_gain=3.4846 11.3656 5.72783 6.6935 3.42932 11.4649 4.52545 7.67565 3.34384 6.7127 2.94645 4.51494 2.54743 3.42657 2.35677 2.16827 1.96465 1.91325
threshold=-0.68494468518227081 -0.36580584482134909 -0.82274266399080298 -1.0957520158912357 -0.23316328638550854 0.20668945804000563 0.23964254780184691 0.69657992174808581 0.72953301150992711 1.0928289921517162 -0.016486232539599445 1.492602085599003 0.48615754283384488 -0.16986507935584202 -0.26761751293013808 2.026934388300194 0.13155985881215598 1.096262787866437
decision_type=2 2 2 2 2 2 2 2 2 2 2 2 2 2 2 2 2 2
left_child=2 -2 3 -1 12 -6 -7 -8 -9 -10 -4 14 13 -3 -12 -11 -5 -16
right_child=1 4 10 16 5 6 7 8 9 15 11 -13 -14 -15 17 -17 -18 -19
leaf_value=-0.0036926334693811662 0.0058003542235016284 3.0349488364898086e-05 -0.0027834523880615686 0.0054608868723215881 0.004833245017917427 -0.0012880258077970158 0.0039263828932690646 -0.0014948864195580803 0.0046101419786042791 0.00051712909017263841 -0.0016417367941352367 -0.0038255059222886468 0.0011701996186188489 -0.0037022732417701576 0.0028946163294774384 -0.0025024074942045426 0.00036641564181021959 -0.00084963331182368019
leaf_weight=6.2123648077249554 20.011469185352325 24.370048329234123 40.624356403946877 14.907350882887842 30.062121897935867 63.823529973626137 32.085066020488739 41.139059200882912 18.09094101190567 58.671510338783264 13.299071371555327 12.977126032114027 19.169105619192123 23.000056073069572 21.852770537137989 13.673360735177992 4.9271689355373374 9.009471192955969
leaf_count=23 72 86 165 48 105 233 113 147 63 199 53 58 67 94 76 52 17 33
internal_value=0.000423093 0.000785355 -0.000582156 0.00228968 0.000462137 0.000828205 0.000283855 0.000900116 0.000143066 0.000894567 -0.00136039 -0.000325211 -0.000947609 -0.00181171 0.000754176 -7.45044e-05 0.00424696 0.00180421
internal_weight=467.906 344.096 123.81 26.0469 324.085 257.546 227.483 163.66 131.575 90.4358 97.7628 57.1384 66.5392 47.3701 44.1613 72.3449 19.8345 30.8622
internal_count=1704 1231 473 88 1159 912 807 574 461 314 385 220 247 180 162 251 65 109
is_linear=0
shrinkage=0.00700721


Tree=121
num_leaves=27
num_cat=0
split_feature=1 1 19 1 1 1 15 5 5 5 5 15 15 1 5 19 19 15 5 19 19 19 19 5 5 5
split_gain=3.41937 15.3465 8.81389 6.77615 7.8503 5.14677 5.02366 4.57637 3.80316 5.05901 4.76916 3.19563 4.70298 2.9757 4.3831 3.51787 3.01551 2.85046 2.52394 2.48845 2.34321 1.99815 1.93151 1.91733 3.73832 2.9659
threshold=0.62292798672448091 0.20795163876286785 -1.4161588957338955 0.08808901724064562 -0.21862644478704787 0.65622007451945119 -0.63282380450336062 -1.0084037297334967 -0.28929899870178516 0.085781600008356121 -0.4881452953217586 -1.1531935327587746 -1.1202900350009937 0.96298412293608737 -0.74322438720032691 -0.94358100105149412 -0.79802577088015336 0.74314689909719511 -0.74322438720032691 -0.4069498512925388 -0.99684119497501233 -0.68132789571010244 0.79757517328876937 0.085781600008356121 -0.94785317284575943 -1.5444854656121116
decision_type=2 2 2 2 2 2 2 2 2 2 2 2 2 2 2 2 2 2 2 2 2 2 2 2 2 2
left_child=1 2 -1 4 6 20 7 -4 10 -10 18 -9 -13 14 -7 23 -17 -11 -8 -18 -2 -5 -6 24 25 -15
right_child=5 -3 3 21 22 13 8 11 9 17 -12 12 -14 15 -16 16 19 -19 -20 -21 -22 -23 -24 -25 -26 -27
leaf_value=-0.0066321882947641088 -0.0042966367530233697 0.0042013873023783307 0.0031737030373542 0.00075102622511295661 0.0024932940810732324 -0.0012746737658611269 0.00043165123873874629 0.00068015441307367594 0.0046535543860431591 0.00035213735455005222 -0.0017942837693333427 -0.00574645444788352 -0.001167877519718542 0.0030507458571143319 0.0041539194570267063 -0.0029483924416076968 0.0028600709923280103 0.0020901684519265703 0.004066800057684462 -0.00090226528173986003 -0.0012108370538249796 -0.0016122955894466466 0.0059698705875827172 -0.0012552474395789129 0.0036699369424087413 -0.0010734335043976859
leaf_weight=3.9573434293270102 7.6055379360914221 27.940913438796997 4.9182753860950461 11.122943446040152 18.539417192339901 5.493010848760604 33.202328830957413 10.042292699217791 10.477559253573416 64.82678884267807 26.808030784130096 8.0458619445562345 19.239732325077064 5.6433243602514258 10.281767845153807 14.742385253310198 5.0993200689554206 39.865061774849892 5.1251841634511939 19.982261329889305 32.916951924562454 47.973433017730713 5.809612125158309 7.6202630549669257 12.012061133980749 14.857659414410593
leaf_count=18 30 92 15 39 65 19 112 36 36 231 98 37 72 18 32 61 16 133 18 76 128 186 16 28 37 55
internal_value=0.000339074 0.000615475 0.000282214 0.0003887 0.000762443 -0.000345864 0.000453796 -0.00112426 0.000826957 0.00138453 -0.000163123 -0.00174917 -0.00264015 0.000304846 0.00228205 -0.000103818 -0.00117267 0.00102469 0.000990194 -7.25364e-05 -0.00185992 -0.00116165 0.00347962 0.00095854 0.00149777 0.000137241
internal_weight=474.149 337.895 309.954 305.997 246.9 136.255 222.551 42.2462 180.305 115.169 65.1355 37.3279 27.2856 95.7321 15.7748 79.9573 39.824 104.692 38.3275 25.0816 40.5225 59.0964 24.349 40.1333 32.513 20.501
internal_count=1704 1204 1112 1094 869 500 788 160 628 400 228 145 109 342 51 291 153 364 130 92 158 225 81 138 110 73
is_linear=0
shrinkage=0.0051335


Tree=122
num_leaves=30
num_cat=0
split_feature=20 20 20 20 20 19 19 17 10 20 20 13 19 10 17 10 9 13 17 9 9 17 17 13 19 13 9 17 13
split_gain=5.68233 3.90462 18.9084 9.07954 15.88 7.86787 6.75024 4.38598 5.30836 4.38025 14.6433 6.91526 4.77893 4.51453 8.63457 6.45693 3.25546 2.90859 2.90512 3.29045 6.76764 2.80038 5.30246 2.55219 2.27359 2.18527 2.15937 2.07853 2.00391
threshold=-1.4829235062602291 0.092415619838413912 -0.32048288124978802 0.11629392630626693 0.47956423963928357 -0.94358100105149412 -1.2288379138832479 -0.13036439411240175 0.16295063528393111 -0.48573192854616987 -0.71465383850357789 -1.0247145952099328 -1.2288379138832479 0.98073252808176947 -1.1449201027521148 0.07058139254132334 0.51963774156799225 -1.0247145952099328 -0.96658852314749855 1.5683530884899319 1.0457883648786506 0.48615754283384488 0.37861839386817903 -0.31029926857553269 1.0091012642859416 -1.4514541208505685 -0.90879232048880942 0.86948855328106822 -0.44498648622977582
decision_type=2 2 2 2 2 2 2 2 2 2 2 2 2 2 2 2 2 2 2 2 2 2 2 2 2 2 2 2 2
left_child=-1 2 9 7 27 6 -6 -3 -9 10 13 -11 -13 15 -15 16 17 -2 -7 20 28 22 26 -16 -4 -17 -14 -5 -20
right_child=1 3 24 4 5 18 -8 8 -10 11 -12 12 21 14 23 25 -18 -19 19 -21 -22 -23 -24 -25 -26 -27 -28 -29 -30
leaf_value=0.0028984345564673215 -0.0062484608839185633 -0.0010716174742360482 0.0047388052853530316 0.0048009434938320709 -0.00035532702299224288 -0.0054356063310769523 0.0046709703498464244 -0.0067127802271222843 -0.0020472627558685468 0.0022238050019541965 0.0056067468023386314 -0.007797731413041303 0.0007175847798337714 -0.0077812458925121146 -0.003025882672954196 -0.0013021001862168567 8.7364160976688968e-05 -0.0015381617849836531 0.00026523331752187633 -0.0056793615623321695 0.0026676735950110796 0.00030107322495214714 -0.0061570891133427173 0.00070913847711692691 0.00053808290732032646 0.0022660464908380849 -0.0023228448435997267 0.0010472154216381634 -0.0023757388633856647
leaf_weight=15.90139454603195 5.8592511713504782 23.855518341064453 26.49892716109753 17.787360906600956 36.513936266303062 6.7150163054466239 10.553003668785093 15.258075177669523 17.643135592341423 11.920436501502989 12.947299689054487 4.1628215610980979 9.782546103000632 6.7555923312902477 8.9124644398689323 6.0625585913658133 20.532270506024361 13.832603231072428 10.697077468037604 5.5468963682651511 10.922005608677862 14.037886038422583 9.8189450353384 14.697798848152155 5.1392147392034522 33.627399504184723 28.700749024748809 7.1045353263616553 64.815764218568802
leaf_count=55 24 82 94 59 126 28 33 64 65 39 43 18 32 27 32 22 69 50 38 25 35 51 41 47 19 108 104 26 248
internal_value=-0.000371224 -0.000489033 3.05041e-05 -0.00102031 -0.000357148 -0.00108134 0.000829819 -0.00298222 -0.00431398 -0.000618067 5.49897e-05 -0.00166599 -0.00238317 -0.000632824 -0.00247607 8.48045e-05 -0.0015121 -0.00312318 -0.00199277 -0.00169712 -0.0013917 -0.00192752 -0.00257068 -0.000756397 0.00407704 0.0017018 -0.00155046 0.00378421 -0.00200154
internal_weight=476.602 460.701 233.289 227.412 170.656 145.764 47.0669 56.7567 32.9012 201.651 123.227 78.4234 66.5029 110.28 30.3659 79.9141 40.2241 19.6919 98.6968 91.9817 86.4348 62.3401 48.3022 23.6103 31.6381 39.69 38.4833 24.8919 75.5128
internal_count=1704 1649 820 829 618 533 159 211 129 707 422 285 246 379 106 273 143 74 374 346 321 228 177 79 113 130 136 85 286
is_linear=0
shrinkage=0.00571301


Tree=123
num_leaves=23
num_cat=0
split_feature=8 8 1 13 1 8 13 3 15 13 15 15 15 15 15 15 1 1 15 15 1 1
split_gain=3.77172 6.78341 6.65629 9.91681 5.77172 5.49037 5.4667 4.59799 4.08449 5.97369 5.81378 4.44572 2.98417 8.61635 7.00717 6.96429 2.88989 2.82694 2.65888 6.43193 2.15565 2.24198
threshold=0.42553355490659567 0.048939682998566818 0.11752195757100528 -1.0247145952099328 -0.21862644478704787 1.5018187030574215 0.32457798745906669 0.67612219066129453 0.71039813614964453 0.67352918547239604 0.67211674409850264 0.24777543907242863 -1.1202900350009937 -1.2105038679169875 -1.3724424432020437 -0.84246196395561734 -1.5737563597071713 -1.0004890270258269 0.21665654945931132 -0.19871357512470475 -0.3899351112871326 -0.73029317720145592
decision_type=2 2 2 2 2 2 2 2 2 2 2 2 2 2 2 2 2 2 2 2 2 2
left_child=1 8 4 -4 5 20 -3 -5 10 -10 11 12 13 14 -1 -14 -7 -18 19 -17 21 -2
right_child=2 6 3 7 -6 16 -8 -9 9 -11 -12 -13 15 -15 -16 18 17 -19 -20 -21 -22 -23
leaf_value=-0.00045079135190962267 -0.00063049341245628038 0.0047418719713515495 0.0026953628133646566 -0.0055170248861017516 0.0044372353094876693 -0.0008080823969645166 -0.0010940800441435054 0.00020680888412370811 0.0037456368756410173 -0.0014659101239791954 -0.0028346207612997081 0.0035941895644775942 0.0052133592412206744 -0.0037140175452457852 0.0055076590731747074 0.00011589244765985708 0.0051650451203154243 0.00058625222147198279 -0.0012931824510460637 0.0041980979637591346 -0.002292896381920389 0.002478049716438631
leaf_weight=33.277091652154922 72.511130154132843 20.565089210867885 8.1200841814279539 20.796894669532779 8.7407667338848096 7.2037812471389797 6.5797722339630118 5.7196329534053794 23.471084594726562 9.6901299655437452 19.502386033535004 12.33158504962921 9.2202781438827497 21.780859649181366 7.161260873079299 90.696967929601669 10.580235779285434 7.4933007508516285 27.443315580487251 13.887423038482664 22.535906568169594 7.6575904041528693
leaf_count=120 265 77 26 97 27 25 24 20 75 36 77 42 30 95 22 323 35 25 99 46 91 27
internal_value=0.000251862 0.000643279 -0.000423158 -0.00263522 0.000149153 -0.000169679 0.00332848 -0.00430538 0.000362715 0.00221913 9.43869e-05 0.000368677 0.000159796 -0.000878362 0.00069016 0.000619488 0.00217926 0.00336365 0.000269006 0.000685704 -0.000760493 -0.000311722
internal_weight=466.967 295.607 171.359 34.6366 136.723 127.982 27.1449 26.5165 268.462 33.1612 235.301 215.799 203.467 62.2192 40.4384 141.248 25.2773 18.0735 132.028 104.584 102.705 80.1687
internal_count=1704 1066 638 143 495 468 101 117 965 111 854 777 735 237 142 498 85 60 468 369 383 292
is_linear=0
shrinkage=0.00572997


Tree=124
num_leaves=15
num_cat=0
split_feature=8 13 13 18 18 13 13 8 18 13 13 8 13 13
split_gain=3.09306 5.43058 4.82142 6.42087 3.9154 4.49912 6.04303 3.91169 3.08725 2.967 3.30141 2.81951 2.14936 2.91637
threshold=0.42553355490659567 -0.68961517080195278 -0.44498648622977582 0.20668945804000563 -0.68494468518227081 0.12463438508862672 1.1248467960608213 0.59297299546551596 2.026934388300194 -0.37892616555324304 0.61490634720966009 0.87368734907972656 0.18735428736312462 -0.052192834080088187
decision_type=2 2 2 2 2 2 2 2 2 2 2 2 2 2
left_child=2 7 3 -1 5 -4 -7 -2 9 -6 12 -9 13 -11
right_child=1 -3 4 -5 8 6 -8 11 -10 10 -12 -13 -14 -15
leaf_value=0.036373139197718708 -0.0093794861253976153 -0.010657290381578616 0.01471046769755054 -0.0030512812542048168 -0.0068685573136637824 -0.027385606219082488 0.008831031298661994 0.025463130053297645 -0.012896734398548907 0.02423673025504261 0.002035539410684514 0.004141732891433836 0.021357532123137683 0.0040171731993259166
leaf_weight=11.908074229955675 25.436219185590744 69.485442943871021 7.2645001858472815 9.2623427957296354 25.230622783303261 18.59924649447203 8.3330677151679975 8.6828634738922101 13.258268415927885 10.939175546169279 108.08393459022045 61.528412103652954 21.694590017199516 48.970568560063839
leaf_count=47 99 281 28 38 93 85 30 34 52 41 394 224 83 175
internal_value=0.000955118 -0.00298809 0.00325368 0.0195893 0.00188013 -0.00943947 -0.016221 0.00262343 0.00360404 0.00466752 0.00622573 0.00703338 0.0117046 0.00798116
internal_weight=448.677 165.133 283.544 21.1704 262.374 34.1968 26.9323 95.6475 228.177 214.919 189.688 70.2113 81.6043 59.9097
internal_count=1704 638 1066 85 981 143 115 357 838 786 693 258 299 216
is_linear=0
shrinkage=0.0363305


Tree=125
num_leaves=16
num_cat=0
split_feature=18 18 1 1 18 18 18 18 15 15 7 15 15 9 9
split_gain=3.74881 11.9438 5.76842 3.88254 3.71956 10.7664 4.6647 8.58655 5.35873 5.0994 3.92926 3.69156 3.75342 2.79612 4.17088
threshold=-0.68494468518227081 -0.36580584482134909 -0.82274266399080298 -1.631598455743736 -0.23316328638550854 0.20668945804000563 0.23964254780184691 0.69657992174808581 0.21665654945931132 -1.4869977810430386 0.18103424444789548 0.71039813614964453 0.67211674409850264 -1.5822559785204351 -0.75812188121888779
decision_type=2 2 2 2 2 2 2 2 2 2 2 2 2 2 2
left_child=2 -2 3 -1 10 -6 8 -8 -7 -9 -3 12 -11 -4 -15
right_child=1 4 13 -5 5 6 7 9 -10 11 -12 -13 -14 14 -16
leaf_value=-0.00169925358132252 0.0053070125801737335 -0.0019801563606069586 0.0031441916514195279 0.0035037997225892408 0.0042620627214920428 -0.0029861691724894371 0.0036864012336328515 -0.0045039806478473785 0.0006498533084471703 0.00032102651450354239 0.0012956975941518134 0.0022852304245942704 -0.00318379083317057 -0.0039025373106467841 -0.000789303201681399
leaf_weight=7.5630688518285778 20.245299071073532 45.949694603681564 4.6043290793895713 18.74473263323307 29.687208101153374 32.306873694062233 32.591770693659782 8.2545209825038892 31.712408617138863 78.9925716817379 20.861012160778046 30.941940933465958 13.721121981739996 22.293548732995987 71.74417968839407
leaf_count=26 72 176 14 62 105 125 113 32 108 274 71 102 53 94 277
internal_value=0.000334679 0.000675391 -0.000604974 0.00199477 0.000374534 0.000719885 0.000246463 0.000811631 -0.0011979 8.35564e-05 -0.000952769 0.000417104 -0.000220477 -0.00130946 -0.00155363
internal_weight=470.214 345.264 124.95 26.3078 325.019 258.208 228.521 164.502 64.0193 131.91 66.8107 123.656 92.7137 98.6421 94.0377
internal_count=1704 1231 473 88 1159 912 807 574 233 461 247 429 327 385 371
is_linear=0
shrinkage=0.00635002


Tree=126
num_leaves=17
num_cat=0
split_feature=12 12 12 12 12 12 12 12 12 14 15 15 1 12 1 14
split_gain=9.92171 7.9539 20.7115 5.65104 13.3636 5.43914 4.95707 7.2705 5.36318 4.46646 3.19842 5.93059 4.18839 2.9076 2.70369 2.61057
threshold=0.28748883168419687 0.20280095128553202 -0.43305883673369411 -0.54697953407266342 -1.1490283004266255 1.0155540191446282 1.2758347554729597 1.7331623732449384 1.8681926915919886 0.96968499839693922 1.1199777402796842 1.5524030795024919 -0.82274266399080298 -0.20863179707112725 -0.67960022125220854 0.53389171656532852
decision_type=2 2 2 2 2 2 2 2 2 2 2 2 2 2 2 2
left_child=1 2 3 4 9 14 10 -8 -9 15 12 -12 -7 -4 -2 -1
right_child=5 -3 13 -5 -6 6 7 8 -10 -11 11 -13 -14 -15 -16 -17
leaf_value=-0.00078905667576888215 0.0015213595872949734 -0.0023893389611133304 0.008526229404139123 -0.0020400364493007132 0.0042048701078548408 0.0025737233849020976 0.0080277079158821533 -0.0010701150786007214 0.0045840795777975455 -0.0048799011364642217 0.005963445111575605 -0.002464218315393099 -0.0030861763128177204 0.0037696675407797382 0.0057991230225878897 0.0046798351957285413
leaf_weight=66.576889261603355 12.756584376096724 76.095575034618378 9.2299935370683652 90.317748636007309 35.185331836342812 8.9772059470415098 10.664729818701742 22.189482405781746 14.71597535908222 14.090034186840056 9.2597643435001391 7.7585073709487906 27.223449602723122 35.430905193090439 25.40165813267231 4.3281831592321387
leaf_count=236 48 293 32 346 116 29 37 77 48 60 27 27 107 121 86 14
internal_value=0.000403958 -0.000295483 0.000334399 -0.000644783 0.000409914 0.00206361 0.00114326 0.00286375 0.001235 -0.00118536 -0.000414318 0.00217344 -0.00165396 0.0048796 0.00442369 -0.000405792
internal_weight=470.202 331.255 255.159 210.498 120.18 138.947 100.789 47.5702 36.9055 84.9951 53.2189 17.0183 36.2007 44.6609 38.1582 70.9051
internal_count=1704 1218 925 772 426 486 352 162 125 310 190 54 136 153 134 250
is_linear=0
shrinkage=0.00742775


Tree=127
num_leaves=14
num_cat=0
split_feature=2 2 2 2 2 13 2 2 2 2 2 13 13
split_gain=4.08311 3.68311 9.99484 7.10238 5.15591 4.72498 2.40071 4.19808 2.40824 2.64871 3.34283 2.36452 2.29948
threshold=-2.0895454277318604 -0.43797190448600692 -0.41179469819859527 0.086563618832801587 -0.89062248308965575 -0.61883441331018918 0.32908963756509485 0.61238795899335796 1.7154600002577975 1.3182242354250964 1.2131490242167586 -2.1165327144325219 -1.0247145952099328
decision_type=2 2 2 2 2 2 2 2 2 2 2 2 2
left_child=-1 4 -3 -4 5 11 -5 -8 9 10 -9 -2 -13
right_child=1 2 3 6 -6 -7 7 8 -10 -11 -12 12 -14
leaf_value=-0.024525651190956562 -0.007080229789137242 -0.016548589103001009 0.023003940863948604 -0.004485415549361515 0.023455645372836967 -0.0038907692399883786 0.032188952344100234 0.0068363623412506956 -0.010661160215177016 0.023949165760076881 -0.0096566305238294983 0.035786555740559431 0.0085783276730327929
leaf_weight=9.7076824456453306 5.2818593680858639 55.130903072655201 26.58965989202261 97.433440707623959 28.2500269562006 56.652638956904411 7.8060906529426566 80.256356611847878 20.81018428504467 10.247631058096884 28.36191363632679 10.995016351342205 11.102394714951512
leaf_count=44 19 236 106 363 110 215 31 284 80 37 103 36 40
internal_value=0.00117067 0.00178307 -0.000465595 0.00283921 0.00828195 0.00301205 0.000582274 0.00393603 0.00218213 0.00448775 0.00248994 0.0169937 0.0228553
internal_weight=448.626 438.918 326.636 271.505 112.282 84.0319 244.916 147.482 139.676 118.866 108.618 27.3793 22.0974
internal_count=1704 1660 1240 1004 420 310 898 535 504 424 387 95 76
is_linear=0
shrinkage=0.0417871


Tree=128
num_leaves=19
num_cat=0
split_feature=14 14 3 14 14 9 9 14 14 14 14 18 14 9 18 18 18 18
split_gain=3.7623 7.6471 7.63804 3.62587 6.41792 3.783 3.51109 7.41896 5.22732 4.56541 7.53594 4.25122 4.13204 3.72149 3.67298 2.74895 2.41319 2.2739
threshold=1.7724413147135019 1.1363373556406191 -0.79400040430519903 0.96968499839693922 0.53389171656532852 -0.32678568911673378 0.20239802304550458 -0.45773049097128432 -0.52401811727297753 -0.066753148546350963 -0.39637255817794798 1.549770007323344 0.26160392451939263 0.013712624475403173 0.85246442183584192 0.20668945804000563 -0.33225559409586775 -0.68494468518227081
decision_type=2 2 2 2 2 2 2 2 2 2 2 2 2 2 2 2 2 2
left_child=1 3 -2 4 6 15 9 8 -8 10 11 14 -9 -11 -1 17 -4 -5
right_child=2 -3 16 5 -6 -7 7 12 -10 13 -12 -13 -14 -15 -16 -17 -18 -19
leaf_value=-0.0014168451421160107 0.020337110138213176 0.029038799963915639 -0.0089086822168955911 -0.019845328230419595 0.023888071536914537 0.00074936069628866152 0.0056549763911479629 0.027295350452364527 -0.012998046050447755 -0.0040832739255536842 0.022669449893465785 -0.020002304515065475 0.0075602200462427686 -0.022058515938349909 0.013888399385237312 -0.035985343594857028 -0.032553224006201913 0.0072352168176235731
leaf_weight=106.7473214417696 5.8730069398880032 10.331557333469389 10.505941316485409 7.8504240810871133 13.645199060440062 24.081415981054306 44.191428676247597 19.32585071772337 26.282436683773994 59.284155905246735 16.714234679937363 10.896459795534609 31.426442705094814 15.956210389733313 20.295247167348862 6.2450307905673972 9.6551691144704783 5.2294729948043832
leaf_count=418 20 47 42 34 55 91 156 72 105 225 61 45 109 67 68 27 44 18
internal_value=0.000869357 0.00164728 -0.0113077 0.000898007 0.00199396 -0.00817983 0.00109045 0.00569234 -0.0013658 -0.00134759 0.00195306 -0.000673362 0.0153679 -0.00808239 0.00109987 -0.0189203 -0.0209995 -0.00922561
internal_weight=444.537 418.503 26.0341 408.171 364.765 43.4063 351.12 121.226 70.4739 229.894 154.653 137.939 50.7523 75.2404 127.043 19.3249 20.1611 13.0799
internal_count=1704 1598 106 1551 1381 170 1326 442 261 884 592 531 181 292 486 79 86 52
is_linear=0
shrinkage=0.0335653


Tree=129
num_leaves=20
num_cat=0
split_feature=15 15 15 6 6 17 15 15 17 17 17 6 17 6 17 17 17 17 6
split_gain=4.00509 7.94553 10.9812 4.59456 4.52219 4.6561 4.03086 9.57393 4.73952 5.86092 4.56092 4.16653 5.44596 3.63811 3.40268 2.951 2.35801 2.33337 2.07213
threshold=0.71039813614964453 0.67211674409850264 0.29116651841253111 -0.12330147066940911 0.90478729919658407 0.37861839386817903 0.21665654945931132 -0.15246849817367569 1.8820887824532846 0.48615754283384488 0.86948855328106822 -0.28926070127903797 -0.90133254375089922 -0.28926070127903797 -0.62531254299813366 1.0744268753903163 -1.0000000180025095e-35 -1.7262352614522998 -0.46313619424571861
decision_type=2 2 2 2 2 2 2 2 2 2 2 2 2 2 2 2 2 2 2
left_child=1 2 6 13 5 -3 7 8 9 -1 -11 -8 -13 18 -14 -12 -16 -5 -2
right_child=3 4 -4 17 -6 -7 11 -9 -10 10 15 12 14 -15 16 -17 -18 -19 -20
leaf_value=-0.0011820374280358881 -2.957530281225082e-05 -0.00065270660076302057 0.0032503037160850345 -0.00077165295313072458 -0.0057792387019506451 -0.0057437813292035697 -0.0046160698444024685 0.0026634960355496904 -0.0035241333519593697 0.0033621458960117036 -0.00086919278815487727 -0.0048848254999295871 0.0017160538630350349 -0.0023296510958491245 -0.0029895613673771903 0.0012832956416631972 0.00050658029715215018 0.0025089351027068997 0.0031347669515062924
leaf_weight=127.63284383714199 34.324894443154335 24.752234727144245 21.515420451760292 6.9703670740127555 10.091714203357695 5.6031538397073737 11.618439912796019 26.324544444680214 14.520716056227682 13.36837564408779 40.505956918001175 7.8031144738197318 14.737870752811427 17.689433053135872 12.090239822864531 30.948113486170769 8.9826076328754478 33.47041267156601 6.1785168498754492
leaf_count=468 121 88 79 24 41 24 48 95 62 50 143 30 45 64 46 109 30 114 23
internal_value=-0.000368869 -0.000621929 -0.000346469 0.000578886 -0.00281956 -0.00171687 -0.000605152 -0.000318988 -0.000673144 -0.000465799 0.000612801 -0.00189453 -0.00110108 -0.000376697 -0.000186687 6.72815e-05 -0.00153059 0.00193571 0.00050401
internal_weight=469.129 370.495 330.048 98.6336 40.4471 30.3554 308.533 253.301 226.976 212.455 84.8224 55.2323 43.6138 58.1928 35.8107 71.4541 21.0728 40.4408 40.5034
internal_count=1704 1358 1205 346 153 112 1126 927 832 770 302 199 151 208 121 252 76 138 144
is_linear=0
shrinkage=0.00531244


Tree=130
num_leaves=20
num_cat=0
split_feature=6 6 13 8 6 13 13 1 8 13 1 6 6 6 6 6 13 1 1
split_gain=2.43847 6.35016 5.3565 5.48367 3.81725 3.75604 4.32057 3.48455 2.843 2.63813 2.63811 2.51162 3.93138 3.57619 4.69644 2.7292 2.55848 1.93771 1.92783
threshold=-0.12330147066940911 0.26504371011954014 -0.44498648622977582 0.42553355490659567 -0.73906795886846166 -0.4038481803236359 0.12463438508862672 0.11752195757100528 1.5018187030574215 -0.80375258155564688 1.1295139710379993 0.90478729919658407 0.94460937826905134 1.4731682945766835 1.5107362937016529 2.2257860785937322 0.87210136767520641 0.11752195757100528 1.4757718127525361
decision_type=2 2 2 2 2 2 2 2 2 2 2 2 2 2 2 2 2 2 2
left_child=2 -2 3 -1 -5 -4 7 -7 -6 -3 17 16 -13 -14 -15 -16 -11 -8 -12
right_child=1 9 5 4 8 6 10 -9 -10 11 18 12 13 14 15 -17 -18 -19 -20
leaf_value=0.022008351317335778 0.016401715011176734 -0.006925159033075186 -0.01334162883724062 0.0091369463342164756 -0.0075842863857061935 0.024758922641524402 0.00019411843899028636 -0.0029510627074824771 0.011160680680621685 0.0082397576175430066 0.013923474026679643 -0.0083172302188283982 0.014968323723417342 -0.0091196657094740532 0.015802442366135067 -0.0071043948220168218 -0.002950747040128464 -0.010220570230239602 -0.0014446836326973305
leaf_weight=10.50749024748802 21.626507163047791 26.744202047586441 28.906538158655167 26.752183124423027 32.183676019310951 6.71891240775585 18.369887366890907 5.9230678826570511 6.7153684645891181 64.302912548184395 6.902852550148963 33.480932384729385 14.2237142175436 21.926638081669807 13.004020690917971 4.8852892667055121 19.726919934153557 49.354919150471687 29.699674472212791
leaf_count=45 91 101 124 96 129 22 68 25 24 230 25 127 53 86 45 21 69 207 116
internal_value=0.000498786 0.00254626 -0.00153099 0.00434865 0.00129427 -0.0046085 -0.00237586 0.0123052 -0.00417723 0.000975379 -0.00423599 0.00223371 -0.00102388 0.00354799 -0.000741407 0.00946757 0.00560553 -0.00742125 0.001685
internal_weight=441.956 219.921 222.035 76.1587 65.6512 145.876 116.969 12.642 38.899 198.295 104.327 171.55 87.5206 54.0397 39.8159 17.8893 84.0298 67.7248 36.6025
internal_count=1704 823 881 294 249 587 463 47 153 732 416 631 332 205 152 66 299 275 141
is_linear=0
shrinkage=0.0274958


Tree=131
num_leaves=17
num_cat=0
split_feature=20 2 2 2 2 2 20 20 18 2 2 20 18 18 18 18
split_gain=4.60009 3.65416 3.31557 8.96162 8.68014 6.24706 3.43545 3.46674 3.15048 3.26672 3.04798 2.63432 2.41359 2.22817 2.37727 2.09186
threshold=-1.4829235062602291 -2.0895454277318604 -0.43797190448600692 -0.41179469819859527 0.086563618832801587 -0.89062248308965575 0.092415619838413912 -1.0367337782885573 2.026934388300194 0.32908963756509485 0.61238795899335796 0.43925460718276638 0.40938191049112799 -0.16707140436703558 0.20668945804000563 0.72953301150992711
decision_type=2 2 2 2 2 2 2 2 2 2 2 2 2 2 2 2
left_child=-1 11 5 -4 12 6 7 -3 9 13 -11 -2 -5 -6 -15 -14
right_child=1 2 3 4 8 -7 -8 -9 -10 10 -12 -13 15 14 -16 -17
leaf_value=0.0050653868187338124 -0.0013443011531790712 -0.0036509758520416203 -0.0034527166902716113 0.0071098126939384771 -0.0027467051756815348 0.0052704456709606624 -0.00099147494757176866 0.0040653010719235837 -0.0047771396229524307 0.0066609991513642587 0.00079344212961742541 -0.010717682707268437 -0.0025658960288683125 0.0055370798879274645 -0.0005295247454582243 0.0056121967860664644
leaf_weight=15.835677877068518 6.654104143381117 5.1108561158180263 54.793894208967686 18.644455596804622 37.75994336605072 28.604121074080467 53.325972750782967 26.437398627400398 10.060183122754095 6.9174180775880805 125.81810496747494 3.3295233622193336 4.8549267500638944 5.0540091544389716 53.112276375293732 3.9071589857339859
leaf_count=55 26 20 233 71 144 107 200 86 40 26 440 18 19 17 188 14
internal_value=0.000382777 0.000207026 0.00033591 -0.000136732 0.000554309 0.00166422 0.000411804 0.00274825 -8.22718e-06 0.000217665 0.00113756 -0.00500681 0.00531537 -0.00105391 6.61539e-05 0.00125863
internal_weight=460.22 444.384 434.401 320.922 266.128 113.478 84.8742 31.5483 238.722 228.662 132.736 9.98363 27.4065 95.9262 58.1663 8.76209
internal_count=1704 1649 1605 1192 959 413 306 106 855 815 466 44 104 349 205 33
is_linear=0
shrinkage=0.00908247


Tree=132
num_leaves=10
num_cat=0
split_feature=16 17 16 16 16 16 16 16 16
split_gain=3.02195 2.9628 2.84323 6.39952 4.74591 10.7806 2.28999 3.01498 2.87655
threshold=2.4225990969152975 1.8820887824532846 0.3439896182440651 -0.15873613146916291 -0.28752228086561837 -0.70482724793501983 -1.8381616299874666 -1.5741465990165986 -2.0134981247016008
decision_type=2 2 2 2 2 2 2 2 2
left_child=1 2 3 4 5 6 8 -8 -1
right_child=-2 -3 -4 -5 -6 -7 7 -9 -10
leaf_value=0.005461860152905923 -0.022770851890773283 -0.013484246509469151 -0.0016140861055755084 0.018449751601518169 -0.0057366478265928108 0.023719069899726653 0.024937823584002903 0.0011701214355707751 -0.021940092084674269
leaf_weight=6.6953220367431632 5.0963456481695166 14.172986745834349 184.30297441035509 28.007816195487976 62.560907065868378 26.731053568422794 5.3594451099634162 97.645209737122059 9.1412659883499128
leaf_count=24 23 64 708 115 243 108 20 361 38
internal_value=0.00063064 0.000947138 0.00145869 0.00385454 0.00182782 0.00509239 0.000773205 0.00259042 -0.0106051
internal_weight=439.713 434.617 420.444 236.141 208.133 145.572 118.841 103.005 15.8366
internal_count=1704 1681 1617 909 794 551 443 381 62
is_linear=0
shrinkage=0.033056


Tree=133
num_leaves=20
num_cat=0
split_feature=17 16 16 16 16 15 15 15 15 17 17 16 16 16 16 16 15 15 16
split_gain=5.28083 5.81743 12.0689 10.1934 15.4175 3.35723 8.70035 7.4458 6.01076 4.14846 5.66765 2.77654 3.92372 3.10477 2.36862 3.23636 2.1732 2.20645 2.13046
threshold=1.8820887824532846 0.3439896182440651 -0.15873613146916291 -0.18473394709489996 -0.70482724793501983 -1.1531935327587746 -1.1202900350009937 -1.5634092688864303 -0.84246196395561734 0.92504046582021371 1.492602085599003 -1.8381616299874666 -1.5741465990165986 -2.0134981247016008 -1.2983120440966671 -0.82693949735444183 -0.19871357512470475 0.057585725990535568 -1.3593660283637943
decision_type=2 2 2 2 2 2 2 2 2 2 2 2 2 2 2 2 2 2 2
left_child=1 2 3 4 11 7 -7 9 -8 -3 -11 13 -13 -1 18 -16 -10 -18 -14
right_child=-2 5 -4 -5 -6 6 8 -9 16 10 -12 12 14 -15 15 -17 17 -19 -20
leaf_value=0.00071751961029313071 -0.0022243735263648935 -0.0021864487221609245 0.003139308128668335 -0.0011363808571872532 0.0034017842772630278 -0.0031228853487869071 0.0035270321813279048 0.0035480415782593328 -0.00085669059799024002 0.0030320716044619543 -0.0022516431551290557 0.0036219594834634812 0.0014071381446801462 -0.0029322305556700365 0.0023316915373495627 0.00016986063020638464 0.0030012898526645959 6.2939883223594859e-06 -0.0013515525386324904
leaf_weight=7.1434465050697336 15.37049840390682 12.495598226785662 33.386169865727425 61.256518468260765 36.191253900527954 20.430675178766251 7.1328537762165061 12.404715552926062 73.085888057947159 9.527099594473837 5.3121400326490393 6.1224534511566153 5.985928729176524 9.5342076569795609 16.185978516936295 57.137659430503852 4.2044513374567023 57.022508904337883 23.777114123106003
leaf_count=24 64 48 115 229 122 88 23 39 268 29 21 20 20 38 57 197 14 201 87
internal_value=0.00021522 0.000300837 0.000734043 0.000364618 0.000934743 -0.00025143 -0.000529618 0.000868967 -0.000139583 -0.000411616 0.00111456 0.000208707 0.000462911 -0.00140121 0.00024871 0.000666839 -0.000354381 0.000248234 -0.0007717
internal_weight=473.707 458.337 256.721 223.335 162.078 201.616 161.876 39.7396 141.446 27.3348 14.8392 125.887 109.209 16.6777 103.087 73.3236 134.313 61.227 29.763
internal_count=1704 1640 909 794 565 731 594 137 506 98 50 443 381 62 361 254 483 215 107
is_linear=0
shrinkage=0.00434877


Tree=134
num_leaves=7
num_cat=0
split_feature=14 14 3 17 14 14
split_gain=3.28273 6.72043 6.55767 3.22515 2.4111 5.46228
threshold=1.7724413147135019 1.1363373556406191 -0.79400040430519903 -1.7262352614522998 0.96968499839693922 0.61794179435526442
decision_type=2 2 2 2 2 2
left_child=1 3 -2 -1 5 -5
right_child=2 -3 -4 4 -6 -7
leaf_value=-0.014123603252225708 0.019065046291266 0.028078534068250116 -0.019946524984054272 0.0014520218367509751 -0.0062941492553743646 0.025710460581150764
leaf_weight=15.312462769448755 5.705859079957011 9.6437182649970037 19.916787907481194 335.780253700912 41.860701277852058 10.106299579143522
leaf_count=61 20 47 86 1283 165 42
internal_value=0.000633242 0.0013698 -0.010909 0.000675925 0.00128853 0.00221893
internal_weight=438.326 412.703 25.6226 403.06 387.747 345.887
internal_count=1704 1598 106 1551 1490 1325
is_linear=0
shrinkage=0.0337978


Tree=135
num_leaves=19
num_cat=0
split_feature=18 18 0 17 18 18 15 15 15 0 0 0 18 18 17 17 18 18
split_gain=4.36243 10.6823 4.88456 7.2299 3.34935 9.95035 3.68309 5.40367 5.42182 3.06031 5.0608 3.73376 2.80792 3.70855 2.55389 2.36135 2.07574 4.52314
threshold=-0.68494468518227081 -0.36580584482134909 1.1752502371343501 -1.0957520158912357 -0.23316328638550854 0.20668945804000563 -1.1202900350009937 -1.1531935327587746 -1.5634092688864303 -0.94358100105149412 -0.26761751293013808 1.096262787866437 0.28559117097363423 0.69657992174808581 1.3550626224694866 0.13155985881215598 0.72953301150992711 1.0928289921517162
decision_type=2 2 2 2 2 2 2 2 2 2 2 2 2 2 2 2 2 2
left_child=2 -2 9 -4 14 -6 7 8 -7 -1 -11 -12 -8 -14 -3 -5 -15 -18
right_child=1 4 3 15 5 6 12 -9 -10 10 11 -13 13 16 -16 -17 17 -19
leaf_value=0.0021678590951335393 0.0044852421897214915 -0.0011613080720623743 -0.0043641597354492512 0.0035616483240703788 0.0036343901821893881 -0.0014431550269499468 -0.00053282220388748975 -0.004064007446377158 0.0046004334481244266 -0.0039661899730810968 -9.6295763210841665e-05 -0.0034324238440474161 0.0028776756833622198 -0.00064757989778012294 0.0023399343652864622 0.00036115289228731153 0.0037189060290678156 0.00033466615914365725
leaf_weight=6.3405993729829779 19.374216109514236 59.394110128283501 5.4002551585435858 16.394538119435314 28.80891752243042 14.472538053989409 56.024608537554741 13.614463716745375 5.7054386436939266 20.68162851780653 48.327635899186134 12.376050129532812 24.148497551679611 33.335608080029488 6.4113290607929221 12.393276378512381 14.379881605505942 62.51273587346077
leaf_count=21 72 226 21 54 105 54 201 60 19 96 186 51 89 116 21 44 53 215
internal_value=0.000240053 0.000564895 -0.000658755 0.00110515 0.000315996 0.000606512 0.00020591 -0.00146379 0.000374121 -0.0013506 -0.00164425 -0.000812631 0.000507155 0.000941565 -0.000794719 0.0022269 0.00049996 0.000999058
internal_weight=460.096 338.182 121.914 34.1881 318.808 253.003 224.194 33.7924 20.178 87.7259 81.3853 60.7037 190.401 134.377 65.8054 28.7878 110.228 76.8926
internal_count=1704 1231 473 119 1159 912 807 133 73 354 333 237 674 473 247 98 384 268
is_linear=0
shrinkage=0.00556089


Tree=136
num_leaves=23
num_cat=0
split_feature=2 16 16 16 16 2 16 2 2 16 2 1 1 2 19 1 19 1 19 1 19 1
split_gain=4.37803 4.47826 10.0762 7.85833 13.5919 5.36534 2.98558 3.19991 7.70124 6.44779 6.26795 5.5066 4.1457 2.79684 2.43253 4.1204 2.26605 2.10208 7.20441 4.48124 4.84004 2.49645
threshold=-2.0895454277318604 0.3439896182440651 -0.15873613146916291 -0.18473394709489996 -0.70482724793501983 -0.43797190448600692 2.4225990969152975 -0.41179469819859527 -0.43797190448600692 1.449335573067619 -0.89062248308965575 -0.73029317720145592 -0.37532101958436809 0.84915094054365403 -0.4069498512925388 -0.88479442358363802 0.075895068724516776 0.62292798672448091 -1.4161588957338955 0.20795163876286785 -1.3152420951152932 1.0737541488132745
decision_type=2 2 2 2 2 2 2 2 2 2 2 2 2 2 2 2 2 2 2 2 2 2
left_child=-1 2 3 4 13 -5 7 8 10 -10 -3 14 -13 -2 -9 -16 -7 19 -19 20 -14 -20
right_child=1 6 -4 5 -6 16 -8 11 9 -11 -12 12 17 -15 15 -17 -18 18 21 -21 -22 -23
leaf_value=-0.0029487792844855899 -2.2728369029533165e-05 -0.0011072500978388414 0.0034003565741533887 0.0019448645037591123 0.0037288516180077986 -0.0030390685354069621 -0.003681216077272273 0.0018246061718823693 -0.004851604609386966 0.0022194430868985242 0.0039202449377265707 0.0042542889590397774 -0.0043440241002475413 0.0028473615721269748 -0.00026015364786214658 -0.0033630890252458641 -0.00083698645304463584 0.002878342056664659 -0.0033501093229789105 0.0045835648143938588 0.0011089842186673422 0.00070468309735041506
leaf_weight=10.038339950144289 118.92662262916565 19.764465585350994 33.224840477108955 11.263196855783461 36.17714786529541 22.913595646619797 5.5312422960996619 6.1501937359571448 17.040315777063373 3.6496391445398322 8.7528912276029569 8.5580894947051984 3.9095522463321677 8.8329310715198499 29.925497084856033 17.407623559236526 27.307460442185402 10.252943307161333 14.084884434938433 8.0446713864803296 44.252613306045532 5.0739799886941901
leaf_count=44 429 73 117 39 125 91 23 21 79 13 30 27 17 27 104 67 100 30 55 25 151 17
internal_value=0.000273286 0.000348506 0.000795385 0.000400837 0.000987172 -0.00115502 -0.000223379 -0.000111614 -0.00123474 -0.00355757 0.000499197 0.000267358 0.00101198 0.000192669 -0.0010389 -0.00143729 -0.00187211 0.000651638 -0.000452225 0.00122769 0.000601739 -0.00228287
internal_weight=471.083 461.044 258.646 225.421 163.937 61.4843 202.399 196.867 49.2073 20.69 28.5174 147.66 94.1767 127.76 53.4833 47.3331 50.2211 85.6186 29.4118 56.2068 48.1622 19.1589
internal_count=1704 1660 928 811 581 230 732 709 195 92 103 514 322 456 192 171 191 295 102 193 168 72
is_linear=0
shrinkage=0.0051375


Tree=137
num_leaves=17
num_cat=0
split_feature=20 20 20 20 19 20 20 18 19 20 7 7 19 19 19 19
split_gain=4.60043 12.726 7.90026 12.0743 6.39478 5.89939 9.57534 6.41029 5.22332 4.25654 3.75936 3.66902 3.07822 2.30298 2.02265 1.98598
threshold=0.092415619838413912 -0.32048288124978802 0.11629392630626693 0.47956423963928357 -0.94358100105149412 -0.48573192854616987 -0.71465383850357789 1.621167154732204 -1.2288379138832479 -1.4829235062602291 1.0848232383219638 0.62021712989954281 1.1752502371343501 -0.89334271502080653 -1.4161588957338955 1.0091012642859416
decision_type=2 2 2 2 2 2 2 2 2 2 2 2 2 2 2 2
left_child=1 5 13 -4 8 6 9 12 14 -1 11 -6 -7 -2 -5 -3
right_child=2 15 3 4 10 7 -8 -9 -10 -11 -12 -13 -14 -15 -16 -17
leaf_value=0.0031397073226913908 -0.0049820904926449992 0.004673346098533925 0.0038367144521896804 0.0016409483248624184 -0.0011441034499903317 -0.00092603791288290045 0.0054518586621944785 -0.0070885235583744285 0.0046566873908986022 0.00014742900897355972 -0.0040349196740103897 0.0021604593281608925 0.0022974362893428643 -0.0015970962964304942 -0.00093414277686027565 0.00083059816331990458
leaf_weight=16.172812342643738 6.660293072462081 26.809850111603737 25.124790772795677 17.800509914755818 73.667570307850838 62.58013753592968 12.873803749680517 3.9797491133213034 10.641109228134153 108.94117945432663 11.090629622340201 11.286321297287939 9.8920417428016645 47.991435140371323 18.32211866974831 5.2613019645214072
leaf_count=55 28 94 85 56 287 235 43 18 33 379 46 41 32 183 70 19
internal_value=0.000326138 0.00084844 -0.000253232 0.000346175 -0.000285866 0.000353335 0.00103792 -0.000880262 0.00138563 0.000551983 -0.00110484 -0.000688717 -0.000465454 -0.0020738 0.000343747 0.0040701
internal_weight=469.096 246.511 222.585 167.933 142.808 214.44 137.988 76.4519 46.7637 125.114 96.0445 84.9539 72.4722 54.6517 36.1226 32.0712
internal_count=1704 875 829 618 533 762 477 285 159 434 374 328 267 211 126 113
is_linear=0
shrinkage=0.00556351


Tree=138
num_leaves=18
num_cat=0
split_feature=2 2 2 2 2 20 3 13 20 2 2 13 2 2 20 13 3
split_gain=5.29183 4.12805 11.7727 8.40003 6.29959 4.65706 4.55722 4.44215 2.99091 2.96136 3.11315 2.48604 2.30461 2.86367 2.23145 1.97 1.93255
threshold=-2.0895454277318604 -0.43797190448600692 -0.41179469819859527 0.086563618832801587 -0.89062248308965575 0.092415619838413912 0.29417338206432081 -1.0247145952099328 -1.4829235062602291 0.32908963756509485 0.61238795899335796 0.46955300593193156 1.7154600002577975 1.3182242354250964 0.43925460718276638 -2.1165327144325219 0.660275890347226
decision_type=2 2 2 2 2 2 2 2 2 2 2 2 2 2 2 2 2
left_child=14 4 -3 6 5 11 -4 -7 -5 -10 -11 15 13 -12 -1 -2 -8
right_child=1 2 3 8 -6 7 16 -9 9 10 12 -13 -14 -15 -16 -17 -18
leaf_value=-0.0021124491231526844 -0.00050111649942244818 -0.0033908525650643245 0.0077145735649545907 0.0040353331922798434 0.0049813283459996293 0.0059531214319651143 -0.0027235646295819642 -0.0016380742655282146 -0.001099629921809986 0.005846327742857634 0.00048619202973767335 -0.0019113217976353537 -0.0020934713096569073 0.0048629987356544127 -0.0099810583143958454 0.0050088647292856293 0.0034859118355156605
leaf_weight=6.7401375174522382 5.0663266628980663 55.911305040121078 15.550086632370951 12.106213748455046 29.676418483257294 4.9202686250209799 4.7677575051784498 47.889686286449432 95.953782051801682 6.7375735491514197 105.67756697535515 5.1410704851150504 19.279680624604225 10.202766686677931 3.4293656647205353 22.407027885317802 7.5654816925525665
leaf_count=26 18 236 58 43 110 16 20 184 351 26 370 19 73 35 18 73 28
internal_value=0.000327252 0.000463363 2.02676e-06 0.000692593 0.00179192 0.000648873 0.00487819 -0.000849882 0.000211624 3.87745e-06 0.000752043 0.00303692 0.000464978 0.000902297 -0.00527079 0.00399924 0.00107296
internal_weight=459.023 448.853 333.752 277.841 115.101 85.4244 27.8833 52.81 249.958 237.851 141.898 32.6144 135.16 115.88 10.1695 27.4734 12.3332
internal_count=1704 1660 1240 1004 420 310 106 200 898 855 504 110 478 405 44 91 48
is_linear=0
shrinkage=0.00817228


Tree=139
num_leaves=17
num_cat=0
split_feature=16 18 18 16 16 18 18 16 3 18 3 18 16 16 18 16
split_gain=2.72379 2.75592 7.7518 4.29016 4.16059 3.95037 4.04444 3.45946 6.49447 4.57079 3.08131 2.70826 2.63598 5.93613 2.59083 2.37998
threshold=2.4225990969152975 -0.68494468518227081 -0.36580584482134909 -0.28752228086561837 -0.70482724793501983 -0.16707140436703558 0.20668945804000563 -0.70482724793501983 -0.79400040430519903 -0.78133156242930946 -0.41885127537106792 1.2928342202664587 -0.15873613146916291 0.3439896182440651 1.0928289921517162 0.13429045828576924
decision_type=2 2 2 2 2 2 2 2 2 2 2 2 2 2 2 2
left_child=1 7 -3 4 5 -4 -7 8 -1 15 -10 -8 -5 -14 -6 -9
right_child=-2 2 3 12 14 6 11 9 10 -11 -12 -13 13 -15 -16 -17
leaf_value=0.014058333566891644 -0.025955155992689369 0.028806620899411561 -0.011794632246358065 -0.010307869492942158 0.033275823215787696 0.042803923490562987 0.0024332649580409678 0.020200758663198017 -0.044390052433895016 -0.010371747784938275 -0.01430336072263198 0.026548510886052042 0.021437549714133811 -0.0020310706432964259 -0.0022950791926337533 0.001145395348333569
leaf_weight=10.776979446411131 5.1202106922864905 17.17850436270237 17.686050191521645 42.935156732797623 14.099046416580679 4.4781943857669821 49.170187041163445 19.105637162923813 6.4134570509195319 29.136089570820332 28.906482398509979 8.0305541008710843 18.860370583832264 144.10217767208815 4.0315966159105292 22.531858742237091
leaf_count=37 23 72 69 165 58 18 176 69 29 124 120 26 78 533 16 91
internal_value=0.000957018 0.00131972 0.00324091 0.00172103 0.00861641 0.00454276 0.00932037 -0.00393563 -0.0123871 0.00164212 -0.0206107 0.0061418 -0.00156492 0.00077703 0.0255218 0.010092
internal_weight=442.563 437.442 320.572 303.393 97.4956 79.365 61.6789 116.871 46.0969 70.7736 35.3199 57.2007 205.898 162.963 18.1306 41.6375
internal_count=1704 1681 1211 1139 363 289 220 470 186 284 149 202 776 611 74 160
is_linear=0
shrinkage=0.0401205


Tree=140
num_leaves=11
num_cat=0
split_feature=20 16 16 16 16 16 16 16 16 16
split_gain=3.35775 3.48466 2.7411 2.48855 3.62201 4.00877 5.32778 2.36538 2.16107 1.98165
threshold=-1.4829235062602291 -1.8381616299874666 0.3439896182440651 -1.3593660283637943 -1.2983120440966671 -0.28752228086561837 -0.70482724793501983 -0.82693949735444183 -2.2744822889734699 2.4225990969152975
decision_type=2 2 2 2 2 2 2 2 2 2
left_child=2 8 -1 -3 -5 6 7 -6 -2 -7
right_child=1 3 -4 4 5 9 -8 -9 -10 -11
leaf_value=0.024001533329199538 0.0016131155798056246 0.01524848287281132 -0.0040576931330205922 -0.011354668815799085 0.013188068363255029 -0.0003773170857716437 0.01897381928776095 -0.00077259229725336678 -0.020209422384056562 -0.018726282529933719
leaf_weight=9.8013520538806898 6.5729679912328729 10.558514580130575 4.6810042262077323 23.478090651333332 14.325912505388258 271.80205687135458 24.663041539490223 55.789244040846825 12.162944905459881 5.0679401457309714
leaf_count=38 25 38 17 93 56 1053 103 204 54 23
internal_value=0.000694318 0.000174192 0.0151235 0.000795525 0.000379098 0.00114336 0.00668318 0.00219903 -0.012756 -0.000766704
internal_weight=438.903 424.421 14.4824 405.685 395.126 371.648 94.7782 70.1152 18.7359 276.87
internal_count=1704 1649 55 1570 1532 1439 363 260 79 1076
is_linear=0
shrinkage=0.031377


Tree=141
num_leaves=5
num_cat=0
split_feature=20 17 17 17
split_gain=2.83609 2.25325 2.46454 4.07841
threshold=-1.4829235062602291 1.8820887824532846 1.0073417079084959 1.4247021350057252
decision_type=2 2 2 2
left_child=-1 2 -2 -4
right_child=1 -3 3 -5
leaf_value=0.014434103790968659 -0.00015199605866701428 -0.012274812389105121 0.023710745742666628 0.0006016523341288015
leaf_weight=14.13447245955467 375.10759845376015 13.762110769748686 11.505570724606512 22.207857206463814
leaf_count=55 1456 63 44 86
internal_value=0.000651009 0.000163428 0.000605523 0.00884134
internal_weight=436.718 422.583 408.821 33.7134
internal_count=1704 1649 1586 130
is_linear=0
shrinkage=0.0322254


Tree=142
num_leaves=8
num_cat=0
split_feature=17 3 3 16 16 16 16
split_gain=2.22787 3.64543 5.19411 2.50817 5.4293 3.72776 7.69213
threshold=1.8820887824532846 1.9301714619220829 1.4685479954427281 0.3439896182440651 -0.15873613146916291 -0.28752228086561837 -0.70482724793501983
decision_type=2 2 2 2 2 2 2
left_child=3 2 -2 4 5 6 -1
right_child=1 -3 -4 -5 -6 -7 -8
leaf_value=0.00094264890943023395 -0.025207953255506649 -0.0397694807014395 0.020811896180479302 -0.0018579286120625818 0.018085145942797358 -0.0055021862585220536 0.02226427400471144
leaf_weight=117.4570506811142 4.9553824067115766 3.5015994831919661 5.393079861998558 190.83362793922424 26.914662532508373 62.4482766315341 24.351846866309643
leaf_count=443 24 21 19 731 115 243 108
internal_value=0.000644277 -0.0127586 -0.00147889 0.00110774 0.0035541 0.00157675 0.00470751
internal_weight=435.856 13.8501 10.3485 422.005 231.172 204.257 141.809
internal_count=1704 64 43 1640 909 794 551
is_linear=0
shrinkage=0.0350051


Tree=143
num_leaves=9
num_cat=0
split_feature=12 2 8 8 8 8 8 8
split_gain=5.64472 6.90083 5.02557 2.68784 2.43877 2.10802 3.28864 2.82644
threshold=0.28748883168419687 -1.9604223598007389 0.42553355490659567 -1.5006197890827797 -1.9444072026060437 1.791856368186056 1.4569885598847412 0.59297299546551596
decision_type=2 2 2 2 2 2 2 2
left_child=1 -1 3 4 -3 6 7 -4
right_child=-2 2 5 -5 -6 -7 -8 -9
leaf_value=-0.035639913851050288 0.0059987011415763136 0.0033986551914343497 -0.012857545379631881 3.9246348903274697e-05 0.023981276565623925 0.0079835871163799303 -0.028041434316792228 0.00030456906705870167
leaf_weight=4.7601381912827483 125.62668809294701 15.359354905784132 34.04009897261858 204.12285203486681 7.8897205144166938 6.5498567819595328 7.3257122039794913 27.779756143689156
leaf_count=28 486 53 149 794 26 22 35 111
internal_value=0.000514251 -0.00173376 -0.00110838 0.00118665 0.010926 -0.00794217 -0.00953277 -0.00701262
internal_weight=433.454 307.827 303.067 227.372 23.2491 75.6954 69.1456 61.8199
internal_count=1704 1218 1190 873 79 317 295 260
is_linear=0
shrinkage=0.0308255


Tree=144
num_leaves=16
num_cat=0
split_feature=20 18 20 20 20 20 17 17 18 20 20 1 17 18 17
split_gain=3.33045 3.13498 3.1756 11.3382 6.11468 9.7635 5.25742 4.43586 3.39715 3.23876 9.2419 2.63197 2.43086 2.4299 1.93346
threshold=-1.4829235062602291 2.026934388300194 0.092415619838413912 -0.32048288124978802 0.11629392630626693 0.47956423963928357 -0.13036439411240175 -1.1449201027521148 -0.68494468518227081 -0.48573192854616987 -0.71465383850357789 0.33941252541703931 -0.36027989250336712 -0.36580584482134909 0.86948855328106822
decision_type=2 2 2 2 2 2 2 2 2 2 2 2 2 2 2
left_child=-1 2 3 9 6 14 -4 -7 -9 10 12 -3 -2 -10 -6
right_child=1 11 4 -5 5 7 -8 8 13 -11 -12 -13 -14 -15 -16
leaf_value=0.0025198012001546579 -0.00057805500329645421 -0.0049997069530029192 0.00015403463790122099 0.0035204068722419091 0.0041737385245281186 -0.0040143166353717643 -0.0031245756606146941 -0.00097113352773526445 0.0035420133279424723 -0.00070849899623686167 0.0048363606589937273 -0.00015240849306169234 0.0010355747771221271 0.00036977853660050239 0.00084048801040165092
leaf_weight=15.021919399499891 54.435037225484848 5.0376548618078214 22.121155068278313 30.178964406251907 16.747366786003116 7.274215728044509 31.114209569990635 60.183754540979862 6.3697622865438452 73.198491111397743 11.940513059496878 6.1806829571723938 45.072135329246521 66.210363522171974 6.9107683300971976
leaf_count=55 191 23 78 112 58 32 129 243 24 276 43 21 159 234 26
internal_value=0.000186497 0.000102936 0.000175218 0.000620757 -0.000266621 0.000231092 -0.00177808 -0.000294554 -6.78753e-05 0.000133738 0.000687923 -0.00250307 0.000155448 0.000683626 0.00325031
internal_weight=457.997 442.975 431.757 214.825 216.932 163.696 53.2354 140.038 132.764 184.646 111.448 11.2183 99.5072 72.5801 23.6581
internal_count=1704 1649 1605 781 824 617 207 533 501 669 393 44 350 258 84
is_linear=0
shrinkage=0.00518283


Tree=145
num_leaves=7
num_cat=0
split_feature=4 3 3 3 3 16
split_gain=2.60132 4.53957 3.64957 3.37883 4.41337 1.97611
threshold=-0.26944506927502088 0.660275890347226 0.072813342042342036 -0.27584681077141787 0.072813342042342036 -0.70482724793501983
decision_type=2 2 2 2 2 2
left_child=3 2 -2 5 -5 -1
right_child=1 -3 -4 4 -6 -7
leaf_value=-0.02186609797563684 0.003585806674224598 0.018354338458475849 -0.005278103515886208 0.025801003852732252 -0.00084633849064607994 -0.0059518406042506902
leaf_weight=7.6975599229335776 170.15410061180592 14.000633865594862 52.14286407828331 4.7710459828376761 145.68650244921446 38.856239266693592
leaf_count=33 653 50 205 21 576 166
internal_value=0.000469273 0.00255239 0.001495 -0.00202938 0.000131683 -0.00890025
internal_weight=433.309 236.298 222.297 197.011 150.458 46.5538
internal_count=1704 908 858 796 597 199
is_linear=0
shrinkage=0.029502


Tree=146
num_leaves=14
num_cat=0
split_feature=12 12 12 12 12 12 12 12 12 20 1 1 1
split_gain=7.76611 7.14497 20.5573 6.2516 13.0581 5.66921 4.67117 7.28435 4.94391 3.62242 2.86119 1.99019 2.49239
threshold=0.28748883168419687 0.20280095128553202 -0.49395905419048175 -0.54697953407266342 -1.1490283004266255 1.0155540191446282 1.2758347554729597 1.7331623732449384 1.8681926915919886 1.4038115819521229 -0.67960022125220854 0.11752195757100528 0.51402506636524403
decision_type=2 2 2 2 2 2 2 2 2 2 2 2 2
left_child=1 2 3 4 -1 10 11 -8 -9 -3 -2 -7 -13
right_child=5 9 -4 -5 -6 6 7 8 -10 -11 -12 12 -14
leaf_value=-0.00063709408601424905 0.00071553742488990411 -0.00095392903766746957 0.0026428489691887411 -0.0012062239906633983 0.0023464374230169208 0.00016855094465109645 0.0044014598666933871 -0.00067226421004381253 0.0023675206036661155 -0.0041229684058132782 0.0031835625125662603 -0.0032902561960980159 3.2179180776998519e-05
leaf_weight=84.677619956433773 12.517883509397505 69.722189679741859 47.334994673728943 87.812358178198338 35.16056852042675 39.083847984671593 10.297018676996229 22.308086216449738 14.586828380823134 6.1275863349437705 25.109307512640953 6.7709822803735715 7.8796828389167786
leaf_count=310 48 262 163 336 116 134 37 77 48 31 86 28 28
internal_value=0.000209017 -0.000137251 0.000196502 -0.000369159 0.000247898 0.00103188 0.000510766 0.001453 0.000555124 -0.0012497 0.00239117 -0.000326039 -0.00158794
internal_weight=469.389 330.835 254.986 207.651 119.838 138.554 100.926 47.1919 36.8949 75.8498 37.6272 53.7345 14.6507
internal_count=1704 1218 925 762 426 486 352 162 125 293 134 190 56
is_linear=0
shrinkage=0.00415575


Tree=147
num_leaves=14
num_cat=0
split_feature=12 12 12 12 12 12 12 12 12 12 15 15 15
split_gain=6.10028 4.32251 15.3987 3.45049 3.99853 6.38808 4.16344 3.24635 10.147 3.24297 3.22053 6.23057 2.40135
threshold=0.28748883168419687 0.20280095128553202 -0.43305883673369411 1.0155540191446282 1.2758347554729597 1.7331623732449384 1.8681926915919886 -0.54697953407266342 -1.1490283004266255 -0.20863179707112725 1.1199777402796842 1.5524030795024919 0.67211674409850264
decision_type=2 2 2 2 2 2 2 2 2 2 2 2 2
left_child=1 2 7 -2 10 -6 -7 8 -1 -4 12 -12 -5
right_child=3 -3 9 4 5 6 -8 -9 -10 -11 11 -13 -14
leaf_value=-0.0011268456498579526 0.0032295033304676536 -0.0016991362985463081 0.0074536381427434337 -0.00069045347745945267 0.0068899004667041727 -0.00095307444821230033 0.0036359251541532587 -0.0015774139221481471 0.0032436305396858641 0.0027813651088692314 0.0054279221633196503 -0.0024272056129750891 -0.0048584733287665733
leaf_weight=82.90180965512991 34.405168756842613 74.330347716808319 8.3395878672599775 28.376197442412376 9.4368333071470243 22.053868219256401 13.853818148374556 88.805704027414322 32.789018973708153 32.925842970609665 9.0958668291568774 7.6987608522176734 7.2806462794542304
leaf_count=310 134 293 32 106 37 77 48 346 116 121 27 27 30
internal_value=0.00021343 -0.000288539 0.00014215 0.00142325 0.000767464 0.00221048 0.000859435 -0.000617072 0.000125508 0.00384463 -0.000494585 0.0018717 -0.00162778
internal_weight=452.293 320.092 245.762 132.201 97.796 45.3445 35.9077 204.497 115.691 41.2654 52.4515 16.7946 35.6568
internal_count=1704 1218 925 486 352 162 125 772 426 153 190 54 136
is_linear=0
shrinkage=0.00672103


Tree=148
num_leaves=10
num_cat=0
split_feature=8 13 13 16 13 16 16 16 16
split_gain=2.40499 4.81169 3.88994 3.7912 2.35749 2.1276 2.22016 3.7519 2.30422
threshold=0.42553355490659567 -0.68961517080195278 -0.44498648622977582 0.82445048419811995 -0.93482423694977224 2.4225990969152975 -1.2983120440966671 -0.28752228086561837 -1.4040370650926872
decision_type=2 2 2 2 2 2 2 2 2
left_child=2 3 4 -2 -1 6 8 -8 -4
right_child=1 -3 5 -5 -6 -7 7 -9 -10
leaf_value=0.0057889821010293236 0.0037874607267373277 -0.0077907708147037669 0.0030064719519298337 -0.01409957958479956 0.025440429186783898 -0.01533678631407403 0.0091499342927513581 0.00045597566833636928 -0.014994992087163711
leaf_weight=12.618463285267355 82.637974143028259 67.341584376990795 9.3096527904272079 9.2832771241664869 7.1306810677051535 5.0235385149717322 46.81424917280674 183.27880810201168 11.308112286031246
leaf_count=50 319 281 39 38 35 23 176 696 47
internal_value=0.000460801 -0.00223169 0.00201942 0.00187143 0.0135622 0.0010886 0.00146628 0.00225021 -0.00703384
internal_weight=434.746 159.263 275.484 91.9213 19.7491 255.734 250.711 230.093 20.6178
internal_count=1704 638 1066 357 85 981 958 872 86
is_linear=0
shrinkage=0.0275981


Tree=149
num_leaves=13
num_cat=0
split_feature=2 14 2 2 2 2 15 15 15 15 15 15
split_gain=3.01297 3.04952 2.49116 6.80328 4.41186 4.01001 3.0901 2.33536 3.06643 5.46321 3.50646 2.18597
threshold=-2.0895454277318604 2.505093081842046 -0.52662008899233115 -0.41179469819859527 0.086563618832801587 -0.89062248308965575 -0.28695024102108097 -0.63282380450336062 -1.1531935327587746 -1.5634092688864303 -1.1202900350009937 1.1199777402796842
decision_type=2 2 2 2 2 2 2 2 2 2 2 2
left_child=-1 2 5 6 -5 -2 -4 8 9 -6 -10 -8
right_child=1 -3 3 4 7 -7 11 -9 10 -11 -12 -13
leaf_value=-0.017008336267442751 0.0020838440605221702 -0.019027497507894234 -0.00031103052031251715 0.014848678207502292 -0.0045590783002984374 0.017136476949648066 -0.020417884842077939 0.0027300362174165816 -0.021321660842692363 0.028077189607543126 -0.0026647012924097923 -0.0017754906170857738
leaf_weight=9.0643874332308751 78.021534614264965 6.9228726476430884 20.388482384383678 24.138982459902763 17.666703894734386 23.018668323755264 26.398324511945248 167.01672352850437 15.029078245162962 6.561959281563758 30.58297061920166 8.6301767975091916
leaf_count=44 299 28 84 106 65 98 126 617 67 22 116 32
internal_value=0.00048349 0.000888708 0.00125533 -0.000148492 0.0020254 0.00561837 -0.0102699 0.000673061 -0.00422125 0.0048842 -0.00906601 -0.0159481
internal_weight=433.441 424.376 417.454 316.413 260.996 101.04 55.417 236.857 69.8407 24.2287 45.612 35.0285
internal_count=1704 1660 1632 1235 993 397 242 887 270 87 183 158
is_linear=0
shrinkage=0.0320781


Tree=150
num_leaves=18
num_cat=0
split_feature=12 2 12 12 2 12 12 12 12 12 12 2 6 6 17 12 3
split_gain=8.21964 8.83492 6.14385 19.4951 7.96659 6.3963 11.4038 5.03571 4.99817 7.75056 5.4555 3.56364 3.19163 6.7887 2.62359 2.16925 1.97977
threshold=0.28748883168419687 -1.9604223598007389 0.20280095128553202 -0.49395905419048175 2.2368661555929639 -0.54697953407266342 -1.1490283004266255 1.0155540191446282 1.2758347554729597 1.7331623732449384 1.8681926915919886 0.086563618832801587 -0.12330147066940911 -0.73906795886846166 -0.16986507935584202 -0.20863179707112725 -0.79400040430519903
decision_type=2 2 2 2 2 2 2 2 2 2 2 2 2 2 2 2 2
left_child=1 -1 3 4 5 6 -3 -2 12 -10 -11 14 13 -9 -4 -5 -7
right_child=7 2 11 15 -6 16 -8 8 9 10 -12 -13 -14 -15 -16 -17 -18
leaf_value=-0.0053522351185937428 0.0024872595737526009 -0.00040718890857153691 -0.00017898875293532367 0.0044501176009072987 -0.0058014013729036484 -0.0031757450131087205 0.0025883118785648466 0.001564130096141264 0.0047556936450999909 -0.00073356695013841353 0.0026355825486629103 -0.00036874006379559538 0.00093046294611226759 -0.0026579079078130072 -0.0031265978169131639 0.0021823539958716878 -0.00085508790085530152
leaf_weight=5.3123842105269423 37.269229903817177 79.656847968697548 8.001534044742586 11.68045252561569 4.0999935120344153 7.1148901730775824 34.314840987324715 10.493704378604891 10.76932445168495 22.24047589302063 14.642243117094038 45.197149977087975 22.175844267010689 20.367657825350761 20.848103538155556 34.999976441264153 77.891637876629829
leaf_count=28 134 287 30 41 19 29 114 35 37 77 48 161 73 82 94 121 294
internal_value=0.000231493 -0.000145619 -4.71547e-05 0.000282324 -0.000307884 -0.000171639 0.000506242 0.00112681 0.000608135 0.00162643 0.000632332 -0.0011495 -0.00031739 -0.00121647 -0.00233202 0.00281187 -0.00107672
internal_weight=467.076 329.118 323.805 249.759 203.078 198.978 113.972 137.958 100.689 47.652 36.8827 74.0468 53.0372 30.8614 28.8496 46.6804 85.0065
internal_count=1704 1218 1190 905 743 724 401 486 352 162 125 285 190 117 124 162 323
is_linear=0
shrinkage=0.00438637


Tree=151
num_leaves=13
num_cat=0
split_feature=18 18 1 1 18 18 18 18 18 18 0 0
split_gain=3.32289 9.92333 5.83013 3.59032 3.14053 9.967 3.74375 6.9348 2.94836 5.82117 2.78926 5.53414
threshold=-0.68494468518227081 -0.36580584482134909 -0.82274266399080298 -1.631598455743736 -0.23316328638550854 0.20668945804000563 0.23964254780184691 0.69657992174808581 0.72953301150992711 1.0928289921517162 -0.94358100105149412 -0.26761751293013808
decision_type=2 2 2 2 2 2 2 2 2 2 2 2
left_child=2 -2 3 -1 -3 -6 -7 -8 -9 -10 -4 -12
right_child=1 4 10 -5 5 6 7 8 9 -11 11 -13
leaf_value=-0.0013179553694892506 0.0041671361210903774 -0.00077129698231500796 0.0020809312500852896 0.0029365300048879595 0.0034436294152559821 -0.00094290951911945274 0.0028099057122155193 -0.0011374840687179341 0.0032776652668575191 -0.0001050972273635402 -0.0037405700720988568 -0.00064252189724748254
leaf_weight=7.4359122961759594 18.812270060181618 66.233441904187202 6.4017271399497977 18.153480783104897 28.712685391306877 63.75238998234272 31.041874289512634 41.137800320982933 17.322739973664284 71.637728244066238 20.841031365096569 69.865218117833138
leaf_count=26 72 247 21 62 105 233 113 147 63 251 96 268
internal_value=0.000211581 0.000484126 -0.000538842 0.00169168 0.000257598 0.000527915 0.000144774 0.000577605 3.11717e-05 0.00057676 -0.00113622 -0.00138046
internal_weight=461.348 338.651 122.697 25.5894 319.839 253.605 224.893 161.14 130.098 88.9605 97.108 90.7062
internal_count=1704 1231 473 88 1159 912 807 574 461 314 385 364
is_linear=0
shrinkage=0.00533999


Tree=152
num_leaves=20
num_cat=0
split_feature=17 9 1 1 1 17 17 1 3 17 17 3 3 9 3 3 17 9 3
split_gain=3.3734 4.24735 8.11009 6.40733 7.30418 4.96853 7.99993 4.41296 4.1487 5.33713 4.13463 3.40483 5.07088 3.35098 2.78065 2.52041 3.13787 2.27359 2.18506
threshold=1.8820887824532846 0.66645693193159439 0.62292798672448091 0.20795163876286785 0.11752195757100528 1.0000000180025095e-35 -0.16986507935584202 -0.21862644478704787 -0.85170420315479034 -1.7262352614522998 -1.1449201027521148 1.9301714619220829 1.0823857397226997 -0.070067702211071156 1.2338932660595912 0.57701097390559453 -0.90133254375089922 0.99460176577829251 -1.6891796167818998
decision_type=2 2 2 2 2 2 2 2 2 2 2 2 2 2 2 2 2 2 2
left_child=1 2 3 4 7 6 14 8 9 -1 -4 12 -2 -5 -3 16 -10 -7 -11
right_child=11 5 10 13 -6 17 -8 -9 15 18 -12 -13 -14 -15 -16 -17 -18 -19 -20
leaf_value=-0.0022756921038574979 -0.0044337481839050782 0.0029760903939276121 -0.0058240754170381243 0.00071663982334826449 -0.0014932437621968824 0.0046296127757330871 -0.0032068539160150927 0.00248115552098775 -0.0018395835587691749 0.00022969720472965969 -0.0011034724211164868 -0.0054729951051247956 0.0018721944868813031 0.0047220454526115873 -0.00086348273444481003 0.0021297299758360399 4.4115421099357756e-05 0.0017380873157177127 0.0021933573457894439
leaf_weight=7.9243346601724616 3.7460209429264051 12.002989232540132 3.7760834395885459 8.5379689782857913 45.470403343439102 6.876503273844718 11.598876968026163 23.876471117138863 23.896382406353951 17.439573556184769 57.620963513851166 3.6211181581020346 6.9966628104448318 10.637891009449957 5.8985391259193412 9.5136934369802457 106.10707154870033 44.491274297237396 49.641627550125122
leaf_count=30 19 40 18 31 178 21 47 85 88 62 227 21 24 39 22 31 395 154 172
internal_value=0.000248612 0.000323266 0.000103039 0.000423579 0.000239555 0.00130508 -0.000248789 0.000573998 0.000353347 0.0012503 -0.0014641 -0.00195888 -0.000486852 0.00302899 0.00172028 -0.000133258 -0.000311228 0.0021891 0.00169045
internal_weight=459.674 445.311 364.442 303.045 283.87 80.8682 29.5004 238.399 214.523 75.0055 61.397 14.3638 10.7427 19.1759 17.9015 139.517 130.003 51.3678 67.0812
internal_count=1704 1640 1356 1111 1041 284 109 863 778 264 245 64 43 70 62 514 483 175 234
is_linear=0
shrinkage=0.00476416


Tree=153
num_leaves=16
num_cat=0
split_feature=12 12 12 12 12 12 12 12 12 17 15 15 15 17 17
split_gain=7.52478 6.50921 19.8704 5.43436 5.40245 12.7576 4.37937 7.37438 5.1765 4.09137 3.06388 5.79201 2.73972 2.16281 2.06634
threshold=0.28748883168419687 0.20280095128553202 -0.49395905419048175 1.0155540191446282 -0.54697953407266342 -1.1490283004266255 1.2758347554729597 1.7331623732449384 1.8681926915919886 -1.1449201027521148 1.1199777402796842 1.5524030795024919 0.67211674409850264 0.13155985881215598 -0.78425635846562802
decision_type=2 2 2 2 2 2 2 2 2 2 2 2 2 2 2
left_child=1 2 4 14 5 9 10 -8 -9 -1 12 -12 -5 -3 -2
right_child=3 13 -4 6 -6 -7 7 8 -10 -11 11 -13 -14 -15 -16
leaf_value=-0.0046243205247995115 0.0005773119515494001 -0.00084000336893798972 0.0031814116149301861 -0.00049091208274858688 -0.0014561365915804569 0.0028005131375388056 0.0054128454447205168 -0.00093262223123758434 0.0029107217052879572 -0.00052045101728440243 0.003935002765620867 -0.0018069944391262253 -0.0038591565320992677 -0.0026490668034156676 0.0035177368652655719
leaf_weight=6.1585995256900778 8.3602099120616895 48.316745713353157 46.85088013112545 29.294799968600273 87.692846909165382 34.73583872616291 10.181522786617277 22.367462411522865 14.557260751724241 78.551860384643078 9.2964128553867358 7.7957664728164664 7.3905014991760245 27.48291902244091 28.816447794437408
leaf_count=26 31 177 163 106 336 116 37 77 48 284 27 27 30 116 103
internal_value=0.00021834 -0.000203447 0.00019163 0.00122125 -0.000494254 0.000216609 0.000593374 0.00172268 0.000613201 -0.000859047 -0.000406735 0.00134597 -0.0012363 -0.00151562 0.00287819
internal_weight=467.85 329.79 253.99 138.06 207.139 119.446 100.884 47.1062 36.9247 84.7105 53.7775 17.0922 36.6853 75.7997 37.1767
internal_count=1704 1218 925 486 762 426 352 162 125 310 190 54 136 293 134
is_linear=0
shrinkage=0.00513611


Tree=154
num_leaves=16
num_cat=0
split_feature=4 4 4 4 13 0 0 1 4 4 4 4 1 1 13
split_gain=3.81956 5.51891 4.75753 8.487 3.46361 3.43775 5.54407 4.0404 3.33655 3.25536 4.74651 3.83934 2.19316 3.56562 2.12653
threshold=-0.26944506927502088 0.18062957200711802 -0.35982838088149099 -0.72347374258912234 0.12463438508862672 -1.1583864217249602 -0.89334271502080653 0.25864112425576186 -1.8630455633890992 -1.7950887299003944 -1.3601604288369398 -1.8630455633890992 0.81094343010822956 0.62292798672448091 1.0000000180025095e-35
decision_type=2 2 2 2 2 2 2 2 2 2 2 2 2 2 2
left_child=2 -2 3 4 8 7 -7 -3 -1 11 -11 -6 13 -8 -5
right_child=1 5 -4 14 9 6 12 -9 -10 10 -12 -13 -14 -15 -16
leaf_value=0.0060584963909641317 0.003647901301950595 -0.0052243824730881828 -0.0017510877483742683 0.0063016519309128036 -0.00048785766757158846 0.0067166811044054933 0.00065640588600273427 0.00080261206313052193 0.00039209363273895134 0.0053319429687440096 -0.0012147363471627154 -0.0080495414692667456 0.0047911818046372737 -0.0032809194338827095 0.0020907465161762082
leaf_weight=4.0318879336118689 26.022239223122597 8.4506928771734255 67.432641014456749 9.1171564906835574 5.5065457969903946 5.5833511650562277 189.43897086381912 9.1757799386978132 47.598787784576416 4.3043133467435828 53.649018570780754 5.2443671673536283 4.2396381199359885 9.4636169224977476 12.84697052836418
leaf_count=12 94 36 263 33 21 18 679 30 178 13 202 27 13 38 47
internal_value=0.000313666 0.000852765 -0.000335772 0.00034077 -0.000346903 0.000519792 0.000755387 -0.00218042 0.000920044 -0.00129916 -0.000661192 -0.00445823 0.000565622 0.000456413 0.00398833
internal_weight=462.106 252.374 209.732 142.299 120.335 226.352 208.726 17.6265 51.6307 68.7042 57.9533 10.7509 203.142 198.903 21.9641
internal_count=1704 908 796 533 453 814 748 66 190 263 215 48 730 717 80
is_linear=0
shrinkage=0.0065192


Tree=155
num_leaves=17
num_cat=0
split_feature=2 6 6 6 6 6 3 8 2 6 6 8 8 8 8 6
split_gain=3.52628 4.02246 9.81688 5.04659 6.00438 7.58917 3.41762 2.35953 2.31752 4.92435 2.47328 2.09591 2.03554 3.24981 2.3547 1.96504
threshold=-2.0895454277318604 -0.80825534466026949 -0.71385796343355146 -0.3639400719153027 -0.12330147066940911 0.26504371011954014 -0.41885127537106792 -1.2561726005282396 1.7154600002577975 1.5107362937016529 1.6923952119014076 0.42553355490659567 -0.2749291275541404 -1.0909809417239846 0.42553355490659567 2.2257860785937322
decision_type=2 2 2 2 2 2 2 2 2 2 2 2 2 2 2 2
left_child=-1 12 6 11 7 -6 -3 -5 9 -7 -10 -4 13 -2 -14 -12
right_child=1 2 3 4 5 8 -8 -9 10 -11 15 -13 14 -15 -16 -17
leaf_value=-0.0035664835139138412 0.0034805572937466008 0.0012965126278836345 0.0049889102849392051 0.0023879035863516554 0.0044302639422511298 0.00043946629358137184 -0.0038088578242388132 -0.0015558000191895512 -0.0039164418904288276 0.0057041245850271548 0.0026298134340129731 0.00080877021976643183 0.005009395061769539 -0.0020427321248862517 0.0016816148506794781 -0.00275972882995726
leaf_weight=9.4782577082514745 6.8246504664421108 6.7030746340751639 14.546577721834185 6.7705402076244345 23.279367431998253 176.75467248260975 33.957198053598404 79.015179917216301 10.076968416571619 7.5968211144208899 6.9890782684087736 8.8661946505308133 12.792373538017271 12.161967545747755 37.998288810253143 4.1974979043006897
leaf_count=44 24 25 54 23 91 628 144 309 39 24 24 34 46 46 132 17
internal_value=0.000324742 0.0004133 0.000138083 0.000516014 0.000287546 0.000856381 -0.0029533 -0.00122402 0.000436203 0.000680328 -0.0016275 0.00347571 0.00188874 8.26531e-06 0.002583 0.000547603
internal_weight=458.009 448.53 378.753 338.093 314.68 228.894 40.6603 85.7857 205.615 184.351 21.2635 23.4128 69.7773 18.9866 50.7907 11.1866
internal_count=1704 1660 1412 1243 1155 823 169 332 732 652 80 88 248 70 178 41
is_linear=0
shrinkage=0.00673317


Tree=156
num_leaves=24
num_cat=0
split_feature=20 20 20 20 16 19 19 20 3 19 9 9 16 16 20 19 19 16 9 16 16 16 19
split_gain=4.12162 14.0704 8.27326 12.6024 7.20976 6.29712 5.94728 5.1675 4.41419 4.53555 4.04212 5.91723 4.49219 3.74089 6.85452 3.49058 7.25092 3.4652 3.20283 2.77662 2.71586 2.21654 1.98021
threshold=0.092415619838413912 -0.32048288124978802 0.11629392630626693 0.47956423963928357 0.3439896182440651 -0.94358100105149412 -1.2288379138832479 -1.4829235062602291 -0.67743990776297835 0.3277319187118552 1.5683530884899319 1.0457883648786506 0.44566064098591512 -1.2983120440966671 -0.48573192854616987 -1.1105544697570819 -0.4069498512925388 -0.28752228086561837 -0.34916715764121181 -0.82693949735444183 -1.5741465990165986 -0.15873613146916291 -1.4161588957338955
decision_type=2 2 2 2 2 2 2 2 2 2 2 2 2 2 2 2 2 2 2 2 2 2 2
left_child=1 4 18 -4 7 6 22 -1 9 -7 11 12 17 14 -9 -6 -17 -10 -2 -15 -16 -21 -5
right_child=2 -3 3 5 15 8 -8 13 10 -11 -12 -13 -14 19 20 16 -18 -19 -20 21 -22 -23 -24
leaf_value=0.0035834219601467501 9.3473324265806363e-05 0.0032727865250400234 0.0030701399519068857 0.0012194590482149767 -0.003403774101651233 -0.0046834800651947995 0.0038012930403762166 0.00061230856539868945 -0.00012941914446621528 -3.9463588049024092e-05 -0.0038684137144874707 0.0027115090216502935 0.00099746362870080244 0.0033085298564247854 -0.00106085551914545 0.0025332770014231706 -0.0011651242429385703 -0.0025895379036899339 -0.0022990338966645042 0.00045571142097094211 -0.0058497131410898033 0.002524966517995711 -0.00079673812173653184
leaf_weight=11.015340417623518 14.498853668570517 32.598165199160576 25.589193806052208 17.573027357459065 8.3902004957199079 9.7328518629074114 10.872057691216467 21.053571060299873 20.519482046365734 6.5425299108028403 5.2665192559361449 10.95218615233898 20.5249113291502 8.0805802792310697 4.4959004670381546 11.603832393884657 57.009518682956696 23.237140238285068 40.250499278306961 78.608561858534813 4.7564024478197116 10.699337556958197 18.385000452399257
leaf_count=38 51 113 85 56 34 44 33 71 76 25 25 35 72 27 18 36 206 97 160 270 22 40 70
internal_value=0.00023173 0.000620631 -0.00020013 0.00028144 0.000209256 -0.000229733 0.00108063 0.000806028 -0.000867798 -0.00289652 -0.000433576 -0.000154284 -0.000670187 0.00054572 -0.000786584 -0.000863032 -0.000517241 -0.00145733 -0.0016712 0.000963495 -0.00377032 0.000723951 0.00019454
internal_weight=472.256 248.311 223.944 169.195 215.713 143.606 46.8301 138.71 96.7756 16.2754 80.5002 75.2337 64.2815 127.694 30.3059 77.0036 68.6134 43.7566 54.7494 97.3885 9.2523 89.3079 35.958
internal_count=1704 875 829 618 762 533 159 486 374 69 305 280 245 448 111 276 242 173 211 337 40 310 126
is_linear=0
shrinkage=0.0043937


Tree=157
num_leaves=14
num_cat=0
split_feature=20 20 20 20 20 10 13 20 13 20 13 10 10
split_gain=5.93689 3.03643 16.3396 8.29033 12.7426 4.9775 4.42907 5.43623 4.96291 2.9522 2.5996 2.44748 2.21507
threshold=-1.4829235062602291 0.092415619838413912 -0.32048288124978802 0.11629392630626693 0.47956423963928357 0.16295063528393111 0.61490634720966009 -0.48573192854616987 0.18735428736312462 -0.8393140898724698 0.82064946621374923 1.0000000180025095e-35 0.24860271852674715
decision_type=2 2 2 2 2 2 2 2 2 2 2 2 2
left_child=-1 2 6 5 -5 -3 8 9 -2 -8 -6 -12 -13
right_child=1 3 -4 4 10 -7 7 -9 -10 -11 11 12 -14
leaf_value=0.0024911544439738639 0.0001652746522639613 -0.0025911376536316686 0.0029869091318556001 0.0027650616190491844 -0.00054010349929926199 -0.00025068207551199386 -0.00057902764681927899 -0.002649758127610093 0.0027034193175908224 0.002487736058975459 0.0014043750934449317 -0.0019576650575610526 0.00048635331672985477
leaf_weight=16.71641044318676 146.12152951210737 27.543341457843781 33.240434736013412 25.722368210554123 95.984776817262173 27.124047562479973 19.387443184852604 17.496200442314148 11.871901884675024 5.373039484024047 24.526001453399658 7.5477970689535168 16.324856847524643
leaf_count=55 513 111 113 85 368 100 68 69 40 17 80 29 56
internal_value=0.000267764 0.000182421 0.000492829 -0.000140622 0.000284513 -0.00144866 6.85931e-05 -0.00103961 0.000368702 0.000142882 -0.000170193 0.000559764 -0.000323618
internal_weight=474.98 458.264 233.491 224.773 170.106 54.6674 200.25 42.2567 157.993 24.7605 144.383 48.3987 23.8727
internal_count=1704 1649 820 829 618 211 707 154 553 85 533 165 85
is_linear=0
shrinkage=0.00389638


Tree=158
num_leaves=26
num_cat=0
split_feature=14 14 3 14 14 14 14 14 9 14 4 4 9 14 9 4 9 9 9 9 14 14 9 4 4
split_gain=3.66252 10.2144 8.17349 4.02527 8.41319 6.12917 18.7375 9.03944 6.00089 5.84509 5.2944 4.92721 5.90185 4.87074 3.58071 3.4653 3.21328 3.09198 2.61804 2.58812 2.52168 3.17489 2.22875 2.06073 1.96159
threshold=1.7724413147135019 1.1363373556406191 -0.79400040430519903 0.96968499839693922 0.46814851029914545 0.26160392451939263 -0.39637255817794798 -0.52401811727297753 0.57354048463385998 -0.1351705938880626 0.76869193941721459 -0.72347374258912234 1.1190247459948086 -1.1079474925031649 -0.32678568911673378 1.5956821153573748 0.1190157201694441 1.5683530884899319 0.050172342590447123 0.1190157201694441 1.9430900739760919 2.505093081842046 -0.75812188121888779 -0.90198744283486154 -0.98866028164906605
decision_type=2 2 2 2 2 2 2 2 2 2 2 2 2 2 2 2 2 2 2 2 2 2 2 2 2
left_child=1 3 -2 4 5 6 7 13 10 -8 16 19 -13 24 -5 -12 -7 -10 22 -9 -4 -22 -11 -15 -1
right_child=2 -3 20 14 -6 8 9 11 17 18 15 12 -14 23 -16 -17 -18 -19 -20 -21 21 -23 -24 -25 -26
leaf_value=-0.0010717758839588749 0.0025531471527357407 0.0037390234722973138 -0.0036429988753156712 -0.0021134890300121829 0.0023391315468001307 -0.0013970875108666493 0.0046870592574005058 -0.00024465809890770768 0.0014223208613041859 0.0020856525107837607 0.0015532190043240262 -0.00077360763013485873 0.0031074810857473641 0.0032362029521658757 9.3960294723239576e-05 -0.0019558715863936043 -0.0037863326697928201 -0.0017994307677819178 0.0029468771014280865 -0.0030495923694358251 0.0012711435066888731 -0.0027173414038480876 -0.00033124225165461927 0.0011763445146672814 0.00039544793323332444
leaf_weight=16.670625522732735 6.2978988438844707 12.240052372217177 10.336075559258463 19.925527140498161 29.166923806071281 28.329951107501984 14.12410147488117 6.8515880107879665 21.793681502342228 10.283363878726957 11.781593412160875 58.781176775693893 5.9327375441789618 10.307959839701651 25.146078631281853 5.8434419333934775 13.012310549616812 5.0190623253583899 14.805186867713926 20.385602876543999 5.0819705277681333 5.7929845303297043 12.207414850592615 28.759970977902412 73.086435317993164
leaf_count=62 20 47 47 79 102 107 48 27 69 33 38 217 18 32 91 21 57 20 48 85 16 23 44 99 254
internal_value=0.000220869 0.000307907 -0.00115366 0.000203948 0.000334141 0.000165913 0.000455354 -4.65153e-05 -0.000748208 0.00257798 -0.00144535 -0.000985777 -0.000383634 0.000625711 -0.000900416 0.000350225 -0.00220477 0.000780123 0.00170113 -0.00236662 -0.00231339 -0.000895527 0.000808236 0.00177191 0.000115948
internal_weight=471.964 444.455 27.5089 432.215 387.143 357.976 272.196 220.776 85.78 51.4201 58.9673 91.9511 64.7139 128.825 45.0716 17.625 41.3423 26.8127 37.296 27.2372 21.211 10.875 22.4908 39.0679 89.7571
internal_count=1704 1598 106 1551 1381 1279 967 794 312 173 223 347 235 447 170 59 164 89 125 112 86 39 77 131 316
is_linear=0
shrinkage=0.00394194


Tree=159
num_leaves=13
num_cat=0
split_feature=20 16 14 14 16 16 16 16 16 16 16 16
split_gain=3.03536 3.05389 2.99942 7.28646 3.32403 2.82415 2.46553 2.14239 3.69772 3.33175 2.04946 1.92425
threshold=-1.4829235062602291 -1.8381616299874666 1.7724413147135019 1.1363373556406191 -1.5741465990165986 2.4225990969152975 0.3439896182440651 -1.2983120440966671 -0.28752228086561837 -0.70482724793501983 -2.0134981247016008 -1.3593660283637943
decision_type=2 2 2 2 2 2 2 2 2 2 2 2
left_child=6 10 3 4 -3 7 -1 11 9 -9 -2 -6
right_child=1 2 -4 -5 5 -7 -8 8 -10 -11 -12 -13
leaf_value=0.024456660444761077 -4.1583787461823472e-06 0.025950870374152672 -0.011249567383638614 0.031662702651863446 0.0093912256734918296 -0.023014339266731982 -0.0036193820698426928 0.0036239104391022846 -0.00037302026937828672 0.01853952465182987 -0.021704768049319288 -0.012373485902079826
leaf_weight=9.6773491054773313 8.2736427411437035 4.9001027494668952 20.220790013670921 7.8514381200075141 4.924919709563258 4.6747022718191138 4.7793615013360968 63.327108919620514 260.46466684341431 21.741796277463436 10.451930902898312 21.30801622569561
leaf_count=38 32 17 85 37 18 22 17 227 988 91 47 85
internal_value=0.000867083 0.000348365 0.000957923 0.00161431 0.000930012 0.000548695 0.0153976 0.000894561 0.00159514 0.00756902 -0.0124666 -0.00810328
internal_weight=442.596 428.139 409.414 389.193 381.341 376.441 14.4567 371.767 345.534 85.0689 18.7256 26.2329
internal_count=1704 1649 1570 1485 1448 1431 55 1409 1306 318 79 103
is_linear=0
shrinkage=0.0332018


Tree=160
num_leaves=19
num_cat=0
split_feature=12 12 12 12 12 12 12 12 12 9 1 19 1 1 9 9 9 19
split_gain=7.24209 6.48118 19.1678 5.94052 12.6445 5.22664 4.65395 7.20257 4.82506 3.85491 2.87669 2.37193 2.19327 2.51889 2.1361 6.91897 2.67684 2.06999
threshold=0.28748883168419687 0.20280095128553202 -0.49395905419048175 -0.54697953407266342 -1.1490283004266255 1.0155540191446282 1.2758347554729597 1.7331623732449384 1.8681926915919886 1.1190247459948086 -0.67960022125220854 -0.34476943295944301 0.11752195757100528 0.51402506636524403 -0.24614901345139864 -0.41059181364277192 1.4713679533524111 1.096262787866437
decision_type=2 2 2 2 2 2 2 2 2 2 2 2 2 2 2 2 2 2
left_child=1 2 3 4 14 10 12 -8 -9 11 -2 -5 -7 -14 15 -1 -16 -13
right_child=5 -3 -4 9 -6 6 7 8 -10 -11 -12 17 13 -15 16 -17 -18 -19
leaf_value=-0.00024421667801673922 0.00069707831234599527 -0.0013096376287346371 0.0028312356545779445 -0.0029621812231576702 0.0025552791273946176 0.00020729241419711558 0.0048415382942786208 -0.00072100329796726372 0.0025924682649372975 0.00035661420108949006 0.0034376530552606439 -0.00068965907836495181 -0.0037088621186493701 -1.7038042188897455e-05 0.00038943925005218214 -0.0052910315796458017 -0.0018100328956024891 -0.0035088698876679716
leaf_weight=19.239692136645321 12.284631967544554 75.516154900193214 46.664437130093575 24.216395638883114 34.948107734322548 38.931340157985687 10.180439144372938 22.279779940843582 14.478912293910978 21.988857373595238 24.695569947361946 35.629527732729912 6.7601373195648176 7.802585706114769 43.554516732692719 7.2545201927423468 14.823481209576128 5.7287112623453131
leaf_count=67 48 293 163 100 116 134 37 77 48 77 86 134 28 28 152 33 58 25
internal_value=0.000227459 -0.000140756 0.000209676 -0.000388835 0.000272772 0.00110628 0.0005564 0.0015946 0.00061246 -0.00128878 0.00255764 -0.00183934 -0.000364767 -0.0018275 -0.000682002 -0.00173836 -0.000186393 -0.00113974
internal_weight=466.978 329.564 254.048 207.384 119.82 137.413 100.433 46.9391 36.7587 87.5635 36.9802 65.5746 53.4941 14.5627 84.8722 26.4942 58.378 41.3582
internal_count=1704 1218 925 762 426 486 352 162 125 336 134 259 190 56 310 100 210 159
is_linear=0
shrinkage=0.00457436


Tree=161
num_leaves=11
num_cat=0
split_feature=12 12 12 12 12 12 12 12 12 12
split_gain=5.45779 3.2808 12.7602 3.49018 2.56055 3.65413 5.83157 3.59759 2.29987 8.74438
threshold=0.28748883168419687 0.20280095128553202 -0.43305883673369411 -0.20863179707112725 1.0155540191446282 1.2758347554729597 1.7331623732449384 1.8681926915919886 -0.54697953407266342 -1.1490283004266255
decision_type=2 2 2 2 2 2 2 2 2 2
left_child=1 2 8 -4 -2 -6 -7 -8 9 -1
right_child=4 -3 3 -5 5 6 7 -9 -10 -11
leaf_value=-0.0055385241582378425 0.014055853489838965 -0.0074212319656854729 0.035317509020880496 0.011622628547918918 -0.0021808512710975239 0.032460247209881284 -0.0038860709958485123 0.01679949559932847 -0.0068696306549677465 0.014236332486058585
leaf_weight=81.013584524393082 32.803310126066208 73.370060205459595 7.8675051629543296 31.387936346232891 51.443147167563438 8.933945566415785 21.874264106154442 13.45881801843643 87.52812772244215 31.674432121217251
leaf_count=310 134 293 32 121 190 37 77 48 346 116
internal_value=0.000807112 -0.00149353 0.000340898 0.0169593 0.00638217 0.00366078 0.0103674 0.00419637 -0.00297206 8.07224e-05
internal_weight=441.355 312.842 239.472 39.2554 128.513 95.7102 44.267 35.3331 200.216 112.688
internal_count=1704 1218 925 153 486 352 162 125 772 426
is_linear=0
shrinkage=0.032261


Tree=162
num_leaves=25
num_cat=0
split_feature=13 13 15 15 15 15 9 9 13 13 15 15 15 15 13 19 19 19 19 15 15 13 13 13
split_gain=4.88623 6.00629 9.54351 5.87013 6.00753 11.4364 5.0029 10.3849 7.1532 5.77578 5.44421 4.36096 6.02011 8.13984 5.45179 4.32237 4.23207 4.20612 3.13698 2.91602 2.98464 2.50248 2.84101 2.27697
threshold=0.67352918547239604 0.18735428736312462 -1.2853920775174386 0.71039813614964453 0.67211674409850264 0.29116651841253111 -0.32678568911673378 -0.90879232048880942 0.73996352983101021 1.1717459264955667 0.62014991772026584 -1.1531935327587746 -1.1202900350009937 -0.84246196395561734 0.047615600439395535 0.58929110446304123 1.6771854073830279 1.096262787866437 -0.99684119497501233 0.62014991772026584 -0.78883087872956315 1.3186297554838797 1.4542584810274992 0.047615600439395535
decision_type=2 2 2 2 2 2 2 2 2 2 2 2 2 2 2 2 2 2 2 2 2 2 2 2
left_child=1 3 -3 4 5 11 7 10 18 -10 -2 23 -13 -14 -15 -5 -17 -6 -8 20 -9 -11 -23 -1
right_child=6 2 -4 15 17 -7 8 19 9 21 -12 12 13 14 -16 16 -18 -19 -20 -21 -22 22 -24 -25
leaf_value=-0.00024070047172507003 0.0021887177913214894 -0.0029335370102926595 0.0027884972939318693 0.002236347696990432 -0.0035512112228469148 0.0036518069588405981 -0.0038766124273273495 -0.0048440486036717386 0.0025970701334819624 -0.0013345101424325856 -0.002768949622475838 -0.0035667959659870796 0.004277964428641849 -0.00010198609313730388 -0.0020023060994054601 -0.00059206526352837134 0.0023914890905191123 -0.00018228718490619354 -0.00096072118943648949 -0.0059146700468687887 -0.0016679807879348488 0.0028208162901268508 -0.0003396235602886178 0.002759181289510053
leaf_weight=8.0801670551300049 13.360023483633997 5.9665005654096595 29.552089035511017 28.738864541053772 17.720249205827717 12.832510456442831 8.92665748298168 7.3160151690244701 19.07169546186924 19.804744377732277 5.0997565835714331 12.02614204585552 5.6994237154722205 93.159037664532661 40.263792708516121 36.769589155912399 10.936688125133513 11.293947026133536 27.044324904680252 5.8837441951036444 22.82868966460228 7.2826358526945123 15.254482343792915 10.28189779818058
leaf_count=31 42 23 103 93 71 47 36 32 63 70 19 52 18 337 151 131 36 39 97 25 83 22 50 33
internal_value=-0.000187476 0.000114729 0.00177885 -9.5009e-05 -0.000468124 -0.000171952 -0.000828079 -0.001872 -0.000233919 0.000665821 0.000753114 -0.000477411 -0.000721742 -0.000456798 -0.000683823 0.000930531 0.000121119 -0.0022753 -0.00175047 -0.00320701 -0.00254306 -0.000235193 0.000741684 0.00147771
internal_weight=475.194 323.321 35.5186 287.802 211.357 182.343 151.873 54.4882 97.3845 61.4136 18.4598 169.51 151.148 139.122 133.423 76.4451 47.7063 29.0142 35.971 36.0284 30.1447 42.3419 22.5371 18.3621
internal_count=1704 1165 126 1039 779 669 539 201 338 205 61 622 558 506 488 260 167 110 133 140 115 142 72 64
is_linear=0
shrinkage=0.00434507


Tree=163
num_leaves=12
num_cat=0
split_feature=6 6 6 6 6 15 15 6 6 17 6
split_gain=2.58596 5.23734 4.3502 3.63587 6.11131 2.98341 4.38114 5.30368 2.88322 2.5422 2.27345
threshold=-0.12330147066940911 0.26504371011954014 -0.80825534466026949 -0.71385796343355146 -0.3639400719153027 0.74314689909719511 0.67211674409850264 0.90478729919658407 -1.5911475394638808 -0.45762203082914726 0.48856707817292017
decision_type=2 2 2 2 2 2 2 2 2 2 2
left_child=2 -2 8 -4 9 6 -3 -8 -1 -5 -7
right_child=1 5 3 4 -6 10 7 -9 -10 -11 -12
leaf_value=-0.0052186677554096018 0.020747948371622561 0.0017240061051797164 -0.015154558637031669 -0.010790953590956633 -0.0066606508219561999 -0.0011513453517650203 0.0049920762299763303 -0.034836664195023619 0.010019248768979187 0.020866817363328311 0.018790409197733934
leaf_weight=24.308453135192394 20.80965980142355 148.81603540480137 39.812311761081219 3.6392685920000103 83.079234704375267 11.813467651605604 7.6903045773506191 9.4654245227575284 50.642734237015247 17.463282234966755 20.850336134433746
leaf_count=98 91 549 170 16 333 40 27 41 192 72 75
internal_value=0.00074195 0.0035583 -0.00208342 -0.00581483 -0.0021598 0.00168176 -0.000336744 -0.0174893 0.00506867 0.0151544 0.0116981
internal_weight=438.391 219.445 218.945 143.994 104.182 198.636 165.972 17.1557 74.9512 21.1026 32.6638
internal_count=1704 823 881 591 421 732 617 68 290 88 115
is_linear=0
shrinkage=0.0367964


Tree=164
num_leaves=20
num_cat=0
split_feature=20 16 9 9 16 16 16 16 20 9 17 16 16 20 9 16 20 20 16
split_gain=4.52438 3.75265 6.44857 3.37117 3.22239 4.50361 4.93766 8.49524 5.31975 4.46054 3.92312 3.27971 11.1867 4.55869 3.72755 3.06797 2.96892 12.4575 2.54557
threshold=-1.4829235062602291 -1.8381616299874666 -0.41059181364277192 0.88002250405821625 -1.3593660283637943 -1.2983120440966671 -0.28752228086561837 -0.70482724793501983 -0.48573192854616987 -0.070067702211071156 0.37861839386817903 -0.15873613146916291 0.3439896182440651 0.092415619838413912 1.1190247459948086 -0.91905986528631012 -0.32048288124978802 0.054292112591204512 0.3439896182440651
decision_type=2 2 2 2 2 2 2 2 2 2 2 2 2 2 2 2 2 2 2
left_child=18 2 -2 -4 9 10 7 8 -7 -3 -6 13 -13 -8 -15 -10 -14 -18 -1
right_child=1 4 3 -5 5 6 11 -9 15 -11 -12 12 16 14 -16 -17 17 -19 -20
leaf_value=0.0040482799886013649 0.0020572714936090953 -0.00076065475349732826 -0.0076003810105133478 -0.0020982100792953885 -0.00054782356576247649 0.0018816168048832614 -0.00032245610304308512 0.0034446229755787025 0.0017710433321972202 0.0059125514101826399 -0.0049068359271134095 0.0028444843726585138 -0.0016843118975001987 -0.0040936240122240444 0.00057643080790083798 -0.0018308697101839845 0.0046033714206959609 -0.00088531830783529139 -0.00063163063442760008
leaf_weight=9.9428240358829481 5.5127836763858822 5.8635997325181961 5.8906050622463217 8.3869303166866285 13.000785186886789 24.162722185254097 34.800820037722588 25.617892399430275 7.9062938690185538 5.0069139003753644 11.515499442815779 28.507711589336395 71.376328393816948 25.576798006892208 6.1386348754167548 41.04333584010601 13.216510012745855 112.59421767294407 4.8568020313978186
leaf_count=38 18 20 27 34 44 80 119 103 29 18 49 112 259 106 21 151 47 412 17
internal_value=-0.000363802 -0.000464788 -0.00275688 -0.00463923 -0.000353415 -0.00043264 -0.000286533 0.000772594 -0.000190243 0.00249391 -0.00267959 -0.000645544 -0.000326607 -0.00171134 -0.00319256 -0.00122789 -0.000794805 -0.000282984 0.00254456
internal_weight=460.918 446.118 19.7903 14.2775 426.328 415.458 390.941 98.7302 73.1124 10.8705 24.5163 292.211 225.695 66.5163 31.7154 48.9496 197.187 125.811 14.7996
internal_count=1704 1649 79 61 1570 1532 1439 363 260 38 93 1076 830 246 127 180 718 459 55
is_linear=0
shrinkage=0.00550077


Tree=165
num_leaves=22
num_cat=0
split_feature=1 1 1 8 1 8 5 5 5 5 8 15 8 1 15 5 8 8 1 8 8
split_gain=3.96646 14.763 8.76875 8.10966 6.03498 5.68422 4.15774 3.68379 7.52228 6.64234 9.30333 5.31963 4.32356 3.68278 3.35565 3.33185 2.89505 2.47307 2.36031 2.24815 2.09135
threshold=0.62292798672448091 0.20795163876286785 0.11752195757100528 -1.5006197890827797 -0.21862644478704787 -1.2561726005282396 -0.84952538589301829 -0.28929899870178516 0.085781600008356121 -0.4881452953217586 0.92709523412078398 -0.63282380450336062 1.5018187030574215 0.65622007451945119 -1.1531935327587746 -0.84952538589301829 1.791856368186056 0.84722700852275767 0.96298412293608737 1.0760615257764219 0.21678512683008647
decision_type=2 2 2 2 2 2 2 2 2 2 2 2 2 2 2 2 2 2 2 2 2
left_child=1 2 4 6 5 -1 -2 9 -9 10 15 14 -13 -5 -10 -7 -12 -11 -15 -19 -3
right_child=3 20 -4 13 -6 7 -8 8 11 17 16 12 -14 18 -16 -17 -18 19 -20 -21 -22
leaf_value=-0.003500389785249245 0.00030471583821740564 0.0040195076574829321 -0.0012289612760481362 -0.0018123454361649973 0.0023852401644235597 0.0011671965364280915 0.0041166496602421917 0.003615095384358627 0.0013438179425504888 -0.0025375021857874254 -0.00371318090550805 0.00056852330092425029 0.003133626645749058 0.0013205567968647852 -0.0024616679284356134 0.0042951720984003537 0.00031161868064015724 0.0013527130646606858 -0.00056470735696201985 -0.0017300926765361198 0.0010924614259505384
leaf_weight=5.7734016925096503 10.779298797249796 21.456510499119762 57.660680696368217 38.498033359646797 28.159310653805733 26.354139015078541 8.8437656760215742 14.891604349017141 4.9752769619226465 20.245449841022491 7.6154762357473356 92.338939324021339 12.563301041722296 13.442555040121077 14.377500012516975 7.3704012781381634 4.7958226054906845 7.0751092731952658 65.865650564432144 8.0467514395713788 6.1670299619436255
leaf_count=24 36 70 219 151 95 85 24 49 17 79 31 322 39 45 58 25 16 24 244 29 22
internal_value=0.000262486 0.000506055 0.000241333 -0.000339232 0.000577182 0.000344767 0.00210952 0.000457834 0.000872116 -0.000250807 0.000795063 0.000522412 0.000896981 -0.000759053 -0.00146206 0.00193238 -0.00221861 -0.00160338 -0.000235157 -0.000294228 0.0034072
internal_weight=477.296 339.867 312.243 137.429 254.582 226.423 19.6231 220.65 139.147 81.5031 46.1358 124.255 104.902 117.806 19.3528 33.7245 12.4113 35.3673 79.3082 15.1219 27.6235
internal_count=1704 1204 1112 500 893 798 60 774 485 289 157 436 361 440 75 110 47 132 289 53 92
is_linear=0
shrinkage=0.0042077


Tree=166
num_leaves=9
num_cat=0
split_feature=17 3 3 8 8 17 8 8
split_gain=2.53698 3.30162 4.8401 2.77019 4.17803 4.2635 3.32317 2.36472
threshold=1.8820887824532846 1.9301714619220829 1.0823857397226997 0.42553355490659567 1.5018187030574215 1.0744268753903163 0.27908079260223362 2.4056262791302507
decision_type=2 2 2 2 2 2 2 2
left_child=3 2 -2 6 5 -5 -1 -6
right_child=1 -3 -4 4 7 -7 -8 -9
leaf_value=0.0024688663578162381 -0.031042361091074899 -0.038401341995268547 0.01359648037186912 -0.0064685420285104725 0.014732735552029516 0.019605572115159186 0.026136922694204066 -0.011095391836622132
leaf_weight=261.70895721018314 3.5658077374100667 3.4768502116203299 6.8299554139375687 124.84181603044271 20.521975100040439 6.8584520369768134 6.1848619952797881 4.3651083111762992
leaf_count=991 19 21 24 502 75 26 30 16
internal_value=0.00052096 -0.0133394 -0.00287547 0.000998477 -0.00258003 -0.00499757 0.00309182 0.00996024
internal_weight=438.354 13.8726 10.3958 424.481 156.587 131.7 267.894 24.8871
internal_count=1704 64 43 1640 619 528 1021 91
is_linear=0
shrinkage=0.0339495


Tree=167
num_leaves=16
num_cat=0
split_feature=18 18 9 9 18 9 9 9 18 18 18 18 18 18 18
split_gain=2.37924 7.29469 3.24537 2.86801 3.32963 2.82981 7.6066 5.19954 2.61225 2.87288 2.20225 4.24943 2.30996 2.12568 2.03387
threshold=-0.68494468518227081 -0.36580584482134909 -1.54530978685933 -1.3020693284229601 -0.78133156242930946 -0.32678568911673378 -0.495938437731338 -0.11222137205842496 -0.16707140436703558 1.549770007323344 0.20668945804000563 -0.23316328638550854 0.23964254780184691 0.69657992174808581 -1.2090590263126213
decision_type=2 2 2 2 2 2 2 2 2 2 2 2 2 2 2
left_child=2 -2 -1 -4 14 6 8 -7 -3 -10 11 -9 -12 -14 -5
right_child=1 5 3 4 -6 7 -8 10 9 -11 12 -13 13 -15 -16
leaf_value=0.014143148173010277 0.026694064396105388 -0.0079277114165266904 -0.024676735399899122 -0.0024202539388215572 -0.013622620446716787 0.033820687713312349 -0.016410151537973944 0.0012740004518171889 0.010397214914481291 -0.020113609259174933 -0.0087726312307531418 0.025351966253849421 0.01596099298800311 0.00032792090596538934 0.014495228368263877
leaf_weight=12.121665388345717 16.510294906795025 20.864581480622292 10.720171973109244 46.056406520307064 34.16699247062207 7.4844534844160071 44.050369955599308 32.517075978219509 52.799960106611252 4.2765896767377845 33.788489185273647 15.846576474606989 14.844954214990137 78.112274646759033 12.984686620533457
leaf_count=41 72 79 46 185 150 29 181 124 186 18 130 66 60 286 51
internal_value=0.000534387 0.0022526 -0.00420227 -0.00643764 -0.00414914 0.000861083 -0.00369363 0.00390687 0.00358441 0.0078518 0.00247937 0.00943838 -0.000218707 0.00293818 0.00144168
internal_weight=437.146 321.096 116.05 103.928 93.2081 304.585 121.992 182.594 77.9411 57.0765 175.109 48.3637 126.746 92.9572 59.0411
internal_count=1704 1231 473 432 386 1159 464 695 283 204 666 190 476 346 236
is_linear=0
shrinkage=0.0387511


Tree=168
num_leaves=5
num_cat=0
split_feature=20 17 17 17
split_gain=2.62898 1.92769 1.94416 3.96836
threshold=-1.4829235062602291 1.8820887824532846 1.0073417079084959 1.4247021350057252
decision_type=2 2 2 2
left_child=-1 2 -2 -4
right_child=1 -3 3 -5
leaf_value=0.016252189501827836 -0.00037575107497625271 -0.013834261188172707 0.026718697770757832 -0.00035705884376320822
leaf_weight=13.829618677496908 373.03895654529333 13.261119812726973 11.090829893946646 22.154019668698311
leaf_count=55 1456 63 44 86
internal_value=0.000488025 -6.1909e-05 0.000414147 0.00907704
internal_weight=433.375 419.545 406.284 33.2448
internal_count=1704 1649 1586 130
is_linear=0
shrinkage=0.0378913


Tree=169
num_leaves=24
num_cat=0
split_feature=20 6 13 9 6 13 13 6 13 9 6 13 9 6 6 9 9 9 9 9 6 13 13
split_gain=4.80872 3.47975 6.27341 7.38167 6.20092 4.68751 5.5998 3.37594 2.76462 3.64566 3.50152 2.97295 6.1333 6.2731 4.11721 5.01185 3.18063 3.06185 2.88126 4.41651 2.30376 2.05392 2.32926
threshold=-1.4829235062602291 -0.12330147066940911 -0.44498648622977582 0.66645693193159439 0.26504371011954014 -0.4038481803236359 0.12463438508862672 -0.73906795886846166 -0.80375258155564688 -1.2293157354472115 0.90478729919658407 0.047615600439395535 -0.32678568911673378 1.8369386074297414 1.4731682945766835 -1.0371844825925085 0.1190157201694441 0.20239802304550458 -0.41059181364277192 -1.3020693284229601 -1.6771429725990037 0.61490634720966009 0.73996352983101021
decision_type=2 2 2 2 2 2 2 2 2 2 2 2 2 2 2 2 2 2 2 2 2 2 2
left_child=-1 2 7 5 -3 -4 -7 20 9 -6 -11 18 13 14 15 -13 -14 -18 19 -10 -2 -8 -23
right_child=1 4 3 -5 8 6 21 -9 11 10 -12 12 16 -15 -16 -17 17 -19 -20 -21 -22 22 -24
leaf_value=0.0027629019400397586 0.00032022512946136463 0.002972534240037906 -0.0036454397979692353 0.00046895482246952353 0.0012862555489158529 0.0021155364256952086 -0.00069953864728687675 -1.2911820461305009e-05 -0.00035788666674334052 -0.0040473265188420088 0.00035043613205311907 0.001379874868413071 0.0037165760600876415 0.0024119221576329431 -0.0036025160946854973 -0.0018191151265675089 -0.00055749204657830158 0.001745405594069508 0.00011806808237886487 0.0042014488143236675 0.0030294157947618771 -0.0037672566046827458 -0.0010734719329320241
leaf_weight=15.784746512770651 11.637204021215441 21.301594205200672 21.375876218080521 58.323185816407204 8.6381147205829638 10.029999330639837 28.864010766148567 45.191222608089447 6.8883728981018058 10.451666325330736 6.3933336287736884 16.87862612307071 9.4661221355199796 11.228142112493513 13.944540500640867 30.784564569592483 22.476589277386665 30.8431096971035 15.910235852003096 14.887748181819918 19.122153744101524 15.56622923910618 15.056920789182184
leaf_count=55 41 81 95 211 28 35 115 171 25 43 22 55 31 39 58 121 81 98 57 48 67 70 57
internal_value=0.000223795 0.000128945 -0.000290853 -0.000862064 0.000557919 -0.00171329 -0.00108541 0.000828303 0.000288348 -0.00116611 -0.0024307 0.000506644 0.000171093 -0.000774483 -0.00138009 -0.000682072 0.00126382 0.000780573 0.00168587 0.00279082 0.00203504 -0.00164656 -0.00250072
internal_weight=461.044 445.26 225.167 149.216 220.093 90.893 69.5172 75.9506 198.791 25.4831 16.845 173.308 135.622 72.8359 61.6077 47.6632 62.7858 53.3197 37.6864 21.7761 30.7594 59.4872 30.6232
internal_count=1704 1649 862 583 787 372 277 279 706 93 65 613 483 273 234 176 210 179 130 73 108 242 127
is_linear=0
shrinkage=0.00480898


Tree=170
num_leaves=19
num_cat=0
split_feature=2 13 2 13 13 13 17 3 17 17 17 3 17 13 13 2 17 2
split_gain=5.14199 3.59071 6.52864 6.28125 4.9599 7.67098 5.16398 3.29686 3.14842 8.10697 4.16819 3.03188 2.84695 2.68844 2.97171 2.44744 5.98388 3.85749
threshold=-2.0895454277318604 -0.44498648622977582 -0.43797190448600692 -0.85158462163420368 -0.4038481803236359 0.12463438508862672 -1.6844531834967795 0.61658690986585618 -0.16986507935584202 -0.55817848852962559 0.48615754283384488 -0.79400040430519903 0.7908579091099005 -1.1480951199460911 -2.1165327144325219 0.086563618832801587 -0.78425635846562802 1.2131490242167586
decision_type=2 2 2 2 2 2 2 2 2 2 2 2 2 2 2 2 2 2
left_child=-1 2 7 11 -3 -6 -7 13 9 15 -10 -4 -12 14 -2 16 -8 -17
right_child=1 4 3 -5 5 6 8 -9 10 -11 12 -13 -14 -15 -16 17 -18 -19
leaf_value=-0.002446831019981454 0.00021987699480259727 -0.0010634911423239974 0.00074502205088636524 0.0025711098043817476 0.0019578393642085455 -0.0031082227951893626 0.0015481232064523064 0.0041641009851743791 -0.00076425463919703668 0.0033081577180085046 0.0022344173281811522 -0.00096693266452910123 0.00014640007283495232 -9.9194240716691645e-06 0.0032772558142726634 0.0012967875954475593 -0.0034058952112813344 -0.00078301180338609584
leaf_weight=10.085560068488119 7.1917792558670035 51.148510441184044 23.753060787916183 12.516945883631704 33.322673782706261 6.8851157724857321 5.7718841731548309 8.1405174583196622 90.431235387921333 14.016508176922796 10.66991041600704 41.288762636482716 65.728714808821678 12.135476440191271 13.589777603745459 34.467704802751541 7.5538363009691221 20.765079259872437
leaf_count=44 25 195 80 46 116 29 20 27 336 46 36 159 236 46 44 111 32 76
internal_value=0.00017845 0.000240294 0.000817844 0.000151963 3.78237e-05 0.000234729 5.28792e-06 0.00204963 0.000101073 0.000715415 -0.000204949 -0.000339777 0.000457915 0.00144278 0.00226111 0.000153504 -0.00128642 0.000514243
internal_weight=469.463 459.377 118.616 77.5588 340.761 289.613 256.29 41.0576 249.405 82.575 166.83 65.0418 76.3986 32.917 20.7816 68.5585 13.3257 55.2328
internal_count=1704 1660 427 285 1233 1038 922 142 893 285 608 239 272 115 69 239 52 187
is_linear=0
shrinkage=0.00387108


Tree=171
num_leaves=12
num_cat=0
split_feature=20 20 20 20 20 20 17 20 20 20 17
split_gain=2.34023 8.20505 4.15878 7.3346 4.06151 6.92701 2.5156 2.92406 2.89249 2.33552 2.13663
threshold=0.092415619838413912 -0.32048288124978802 -0.48573192854616987 -0.71465383850357789 0.11629392630626693 0.43925460718276638 -0.36027989250336712 -1.4829235062602291 -0.97505831060294212 -0.8393140898724698 0.92504046582021371
decision_type=2 2 2 2 2 2 2 2 2 2 2
left_child=1 2 3 6 -2 -6 7 -1 -8 -10 -3
right_child=4 10 -4 -5 5 -7 8 -9 9 -11 -12
leaf_value=0.01408307046012439 -0.010091258297362111 0.023834807162646528 -0.005957134155557881 0.029514474968282207 0.018383222530877808 -0.0021616718923020387 0.015344903562571019 -0.0056007332432790272 -0.0053401259080073857 0.019024125567586689 -0.0015708945117050861
leaf_weight=9.1636286079883558 52.574951022863388 22.904443040490154 72.25092476606369 10.814099982380865 20.643645934760571 134.56892841309309 24.143026888370514 57.24278624355793 21.761501297354702 4.6807485446333876 4.2518432289361945
leaf_count=38 211 96 285 43 81 537 87 210 82 17 17
internal_value=0.000478813 0.00283152 0.000448018 0.00408313 -0.00209477 0.000651005 0.00154796 -0.0027433 0.00713524 -0.000576644 0.0198767
internal_weight=435.001 227.213 200.057 127.806 207.788 155.213 116.992 66.4064 50.5853 26.4422 27.1563
internal_count=1704 875 762 477 829 618 434 248 186 99 113
is_linear=0
shrinkage=0.0336123


Tree=172
num_leaves=14
num_cat=0
split_feature=2 9 9 17 9 17 6 6 6 2 2 17 17
split_gain=3.16401 3.04098 2.97299 3.71914 5.48613 4.24772 2.36115 4.13929 3.64688 2.6464 2.52441 2.74983 4.73221
threshold=-2.0895454277318604 0.66645693193159439 1.4713679533524111 0.48615754283384488 1.7354088412885595 1.8820887824532846 -0.12330147066940911 0.26504371011954014 -0.28926070127903797 -0.41179469819859527 1.7154600002577975 -0.13036439411240175 -0.55817848852962559
decision_type=2 2 2 2 2 2 2 2 2 2 2 2 2
left_child=-1 6 -3 4 -4 -5 8 -8 9 -2 11 12 -9
right_child=1 2 3 5 -6 -7 7 10 -10 -11 -12 -13 -14
leaf_value=-0.019032726506797291 -0.0013357007562580052 0.012200147513051809 -0.040586438988825371 0.019325135898455425 0.002955816916257189 -0.017474769854851219 0.018055950421511459 0.002741180886087091 -0.010150472123267916 0.017676240614708839 -0.011279139477621474 -0.0030607341085801768 0.026129560262761777
leaf_weight=9.0229763165116292 72.705084569752216 49.578078962862492 5.0634247064590481 12.463462367653849 8.3380601704120618 4.5649778395891181 16.837176933884621 75.809718683362007 62.641088418662548 9.2660776078701002 19.191081829369068 74.691304579377174 11.385385796427725
leaf_count=44 296 183 22 43 30 22 79 274 260 44 77 286 44
internal_value=0.000473858 0.000925964 0.00700407 -0.00154353 -0.0147997 0.00906735 -0.000506754 0.00196265 -0.00387895 0.00096287 0.000393523 0.00182626 0.00600345
internal_weight=431.558 422.535 80.008 30.4299 13.4015 17.0284 342.527 197.915 144.612 81.9712 181.077 161.886 87.1951
internal_count=1704 1660 300 117 52 65 1360 760 600 340 681 604 318
is_linear=0
shrinkage=0.0348389


Tree=173
num_leaves=12
num_cat=0
split_feature=4 4 4 4 0 0 4 4 4 0 3
split_gain=3.70405 5.33539 4.75696 8.58129 3.47868 5.61141 2.23206 11.1777 6.45289 2.08047 2.06361
threshold=-0.26944506927502088 0.18062957200711802 -0.35982838088149099 -0.72347374258912234 -1.1583864217249602 -0.89334271502080653 -1.8630455633890992 -1.7950887299003944 -1.3601604288369398 -2.1348767844130769 0.90306323048800963
decision_type=2 2 2 2 2 2 2 2 2 2 2
left_child=2 -2 3 6 9 -6 -1 -8 -9 -3 -5
right_child=1 4 -4 10 5 -7 7 8 -10 -11 -12
leaf_value=0.0015790750100819889 0.0022447827977424887 0.0009319385260425473 -0.0011264909614583701 0.0032655991520798072 0.0042209323499744628 0.00032872579015438396 -0.0047594661142033364 0.0037069266574418333 -0.00030300711651645739 -0.0021815062629238864 0.00042979928949252329
leaf_weight=9.6107775717973691 25.921418979763985 4.3008266538381585 67.526591017842293 15.855808496475222 5.6324137449264517 204.1014951467514 8.3548607528209669 6.4730646610260001 95.83238946646452 13.423277512192726 6.1540994197130194
leaf_count=33 94 14 263 58 18 730 40 23 357 52 22
internal_value=0.000170667 0.000505014 -0.000233474 0.00019416 0.000299617 0.00044907 -0.000243045 -0.000411823 -2.2306e-05 -0.00141108 0.00250811
internal_weight=463.187 253.379 209.808 142.281 227.458 209.734 120.271 110.66 102.305 17.7241 22.0099
internal_count=1704 908 796 533 814 748 453 420 380 66 80
is_linear=0
shrinkage=0.00411765


Tree=174
num_leaves=12
num_cat=0
split_feature=13 8 20 20 8 8 20 20 20 20 13
split_gain=2.17466 5.19117 3.38107 4.04685 2.59332 3.11299 2.4885 6.51665 3.19839 3.85782 2.17913
threshold=-0.44498648622977582 0.21678512683008647 -0.48573192854616987 -0.79610666194965785 0.42553355490659567 0.59297299546551596 -0.39092250917199894 0.092415619838413912 0.11629392630626693 0.53948608890160543 -0.93482423694977224
decision_type=2 2 2 2 2 2 2 2 2 2 2
left_child=4 2 3 -2 10 -6 -4 -8 -9 -10 -1
right_child=1 -3 6 -5 5 -7 7 8 9 -11 -12
leaf_value=0.0066723474794696744 0.0051041683545924397 -0.0093106830970590693 -0.0091510390438126026 0.032439573228903 -0.0080990093247417291 0.0060088239754857373 0.02244276565312487 -0.010795737082518122 0.01749855902146305 -0.00097713623392454898 0.030986205204680959
leaf_weight=12.385512389242651 45.427204646170139 69.795388676226139 34.120457552373409 6.8644388914108267 25.161045014858246 67.926426343619823 14.69940449297428 31.753711774945259 14.897305659949778 100.55659854412079 6.6165691986680022
leaf_count=50 160 295 132 29 102 263 61 124 60 393 35
internal_value=0.000461873 -0.00100462 0.00135223 0.00912169 0.00460143 0.00215875 -0.000748612 0.00105813 -0.00118751 0.0015107 0.0160063
internal_weight=430.204 318.115 248.319 52.2916 112.09 93.0875 196.027 161.907 147.208 115.454 19.0021
internal_count=1704 1254 959 189 450 365 770 638 577 453 85
is_linear=0
shrinkage=0.0347162


Tree=175
num_leaves=7
num_cat=0
split_feature=12 16 16 16 16 12
split_gain=4.83562 2.43377 2.75278 3.56672 2.22136 1.92688
threshold=0.28748883168419687 -1.0544300160712694 -0.28752228086561837 -0.63428254125026418 0.55635576966207345 -0.84806626634122961
decision_type=2 2 2 2 2 2
left_child=1 5 3 -3 -2 -1
right_child=4 2 -4 -5 -6 -7
leaf_value=-0.021176322670136461 0.0083394198276864999 0.00067931447833546594 -0.0026530057973836764 0.020137688233177242 -0.0045130640751752469 -0.004354337030661069
leaf_weight=12.448249034583567 104.149061024189 43.187993489205837 208.25054430216551 15.263164095580576 19.322506971657276 24.831798307597637
leaf_count=52 410 164 830 67 76 105
internal_value=0.000445669 -0.00194602 -0.000753509 0.00595827 0.00630846 -0.0102843
internal_weight=427.453 303.982 266.702 58.4512 123.472 37.28
internal_count=1704 1218 1061 231 486 157
is_linear=0
shrinkage=0.0352728


Tree=176
num_leaves=23
num_cat=0
split_feature=14 14 18 18 18 17 14 14 17 14 17 14 17 17 17 17 17 14 17 17 18 18
split_gain=3.74215 10.0511 4.96748 8.49428 4.75256 4.03733 3.72254 12.4574 6.02278 5.44682 4.86819 4.22532 3.66964 3.39326 4.42317 3.34435 2.82065 2.70986 2.57251 2.08791 2.02349 6.26023
threshold=1.7724413147135019 1.1363373556406191 -0.68494468518227081 -0.36580584482134909 -1.2439019120508599 -0.34110804589078153 -0.45773049097128432 0.26160392451939263 0.13155985881215598 -0.52401811727297753 -0.13036439411240175 -0.63665922088383342 -1.236399876590961 -0.90133254375089922 0.37861839386817903 -0.72939701157122128 1.492602085599003 -0.1351705938880626 0.69351169686856318 1.0744268753903163 -0.78133156242930946 -1.2090590263126213
decision_type=2 2 2 2 2 2 2 2 2 2 2 2 2 2 2 2 2 2 2 2 2 2
left_child=1 2 20 18 -2 -6 9 17 -9 11 12 13 -11 -5 -15 -14 -12 -8 -4 -10 21 -1
right_child=4 -3 3 6 5 -7 7 8 19 10 16 -13 15 14 -16 -17 -18 -19 -20 -21 -22 -23
leaf_value=-0.00080139744868050651 0.0018325619632942201 0.0039791223062421001 0.0044959594662939383 -0.0013805046835971035 -4.1714706251819018e-05 -0.0037025456675446539 0.0045328198210837197 -0.0007159168870838115 0.00079090878114784812 -0.0029940200191223075 -0.0024403798703080352 0.0029017598279513202 0.0026810332210450011 0.0015715423201516584 -0.00053345126160830772 -0.00029692150096789522 0.0010418652457757952 0.0019931702544071289 0.00071036631607272077 0.0030916944130916814 -0.001329179584892161 0.0022823668759461655
leaf_weight=52.543775804340839 5.9950549304485348 11.909219354391096 10.695533350110052 18.054016560316086 8.9371538162231481 12.100929185748097 11.838488787412642 64.452072158455849 28.126275211572647 4.5301783978939083 32.878666013479233 10.694322496652601 9.5218708366155642 37.963228434324265 31.455858618021011 17.945095777511597 4.141135334968566 23.890907406806946 4.7257413417100897 8.7562622725963575 39.303896859288216 13.947257012128828
leaf_count=202 19 47 38 67 32 55 43 234 98 18 129 37 29 127 116 63 15 82 19 28 159 47
internal_value=0.000215556 0.000309915 0.000199873 0.000460425 -0.00127543 -0.00220124 0.000302108 0.000812343 5.54895e-05 -0.000118068 -0.00101455 0.000515147 0.000183376 0.000199836 0.00062199 0.000780993 -0.00203359 0.00291142 0.00341415 0.0013892 -0.000584897 -0.000134999
internal_weight=464.407 437.374 425.465 319.67 27.0331 21.0381 304.248 137.064 101.335 167.184 69.0169 98.1674 31.9971 87.4731 69.4191 27.467 37.0198 35.7294 15.4213 36.8825 105.795 66.491
internal_count=1704 1598 1551 1143 106 87 1086 485 360 601 254 347 110 310 243 92 144 125 57 126 408 249
is_linear=0
shrinkage=0.00419467


Tree=177
num_leaves=2
num_cat=0
split_feature=20
split_gain=1.93665
threshold=-1.4829235062602291
decision_type=2
left_child=-1
right_child=-2
leaf_value=0.013220830533189933 1.6779028043147743e-05
leaf_weight=13.408708333969114 414.41404331475496
leaf_count=55 1649
internal_value=0.000454684
internal_weight=427.823
internal_count=1704
is_linear=0
shrinkage=0.0352161


Tree=178
num_leaves=3
num_cat=0
split_feature=17 17
split_gain=2.15854 3.33191
threshold=-1.7262352614522998 -1.5304795450091735
decision_type=2 2
left_child=-1 -2
right_child=1 -3
leaf_value=-0.0099543923374664674 0.025378020537032305 0.00048451182419387105
leaf_weight=16.171876713633537 3.8806157261133185 407.55819172412157
leaf_count=64 17 1623
internal_value=0.000345233 0.00076882
internal_weight=427.611 411.439
internal_count=1704 1640
is_linear=0
shrinkage=0.0295037


Tree=179
num_leaves=17
num_cat=0
split_feature=3 18 18 3 3 3 3 19 19 19 19 1 19 1 1 1
split_gain=3.27912 4.35747 6.1908 4.23721 7.27471 4.99275 4.17863 2.69591 6.09099 2.54482 10.8548 3.68115 3.46635 2.25922 1.94915 3.98891
threshold=-0.85170420315479034 -0.68494468518227081 -0.36580584482134909 -1.6891796167818998 -1.7339487907738638 -1.2764487552916808 -1.2195966474792888 -0.94358100105149412 -0.26761751293013808 -1.3576383436265611 -1.3152420951152932 0.48577555165127978 -0.91128016335257145 -0.73029317720145592 0.08808901724064562 0.20795163876286785
decision_type=2 2 2 2 2 2 2 2 2 2 2 2 2 2 2 2
left_child=3 7 -3 4 -1 -5 -7 -2 -9 11 -11 -4 -12 -14 -15 -16
right_child=1 2 9 5 -6 6 -8 8 -10 10 12 -13 13 14 15 -17
leaf_value=0.0018926143286563716 0.0018553120954577201 0.0031560865786299437 -0.0019705596210192024 0.0046327269925240146 -0.0032478874671524761 0.0001115768700379212 0.0028742381092608646 -0.0031787358667342927 -0.00036920450356260111 -0.0029563008338777731 0.0022242553456029049 0.0022632010346410416 -0.00064627753240028825 0.0010866105052304976 -0.0011683415858854079 0.00072057267643480471
leaf_weight=10.465000584721565 6.3766921311616889 13.88437210023403 4.4704132229089764 8.8625099062919599 10.414066210389137 32.908545032143593 16.1546950340271 19.862909346818924 67.454406067728996 22.166685968637466 16.880403012037277 21.085327595472336 54.250157937407494 55.971668392419815 35.169614553451538 61.794300086796284
leaf_count=36 21 54 18 32 41 113 61 91 260 91 57 66 198 202 132 231
internal_value=0.000197476 2.23606e-05 0.000300051 0.00103178 -0.000692768 0.00165556 0.00105285 -0.000819701 -0.00103107 0.000145283 2.37939e-06 0.00147968 0.00030466 0.000140282 0.000421225 3.15822e-05
internal_weight=458.172 379.367 285.673 78.8048 20.8791 57.9257 49.0632 93.694 87.3173 271.789 246.233 25.5557 224.066 207.186 152.936 96.9639
internal_count=1704 1421 1049 283 77 206 174 372 351 995 911 84 820 763 565 363
is_linear=0
shrinkage=0.00452258


Tree=180
num_leaves=17
num_cat=0
split_feature=13 17 9 9 13 13 9 17 13 13 13 13 13 13 13 13
split_gain=2.89586 4.02616 5.21633 5.73003 3.97918 3.81428 3.806 3.25617 3.01139 2.62776 3.8251 3.68026 6.31614 2.241 1.92573 5.15055
threshold=0.61490634720966009 -1.6844531834967795 -1.3604056144881607 -0.32678568911673378 0.73996352983101021 0.18735428736312462 -0.90879232048880942 1.2394734163626244 1.1717459264955667 -0.44498648622977582 -0.85158462163420368 -0.4038481803236359 0.047615600439395535 1.3186297554838797 -1.0247145952099328 -1.5175961248599694
decision_type=2 2 2 2 2 2 2 2 2 2 2 2 2 2 2 2
left_child=5 -2 -3 6 -5 9 -4 -7 -6 10 14 -11 -13 -10 15 -1
right_child=1 2 3 4 8 7 -8 -9 13 11 -12 12 -14 -15 -16 -17
leaf_value=0.0004120413286572751 -0.0062729885761242605 0.0053609078602631661 0.00074320145692011782 -0.0014458027461792282 0.0036299656000169699 0.0037208856149830148 -0.0037270948122842128 -0.0019320054090498804 -0.0013795652386109694 -0.0017346521139087979 0.0038746330323910245 0.0031763566793294945 -0.00053864547733935156 0.0017783277009166523 -0.00044149951028895148 0.0056982976561983367
leaf_weight=44.914720222353935 4.588111236691474 6.0623084604740134 11.211968213319777 35.230348445475101 17.911630049347878 26.059225767850879 33.326451182365417 5.0023743510246268 17.964752539992332 50.923859596252441 17.762009382247925 27.600953727960587 76.633828088641167 21.516026601195335 47.597732588648796 9.4816057831048948
leaf_count=163 21 18 39 137 63 96 137 18 66 199 72 101 289 70 176 39
internal_value=0.000197283 -0.000575351 -0.00035892 -0.000641771 0.00031623 0.000571083 -0.00260491 0.00277805 0.00140371 0.000314435 0.00106104 -0.000264314 0.000461553 0.000343241 0.000545063 0.00140217
internal_weight=453.788 147.812 143.223 137.161 92.6228 305.976 44.5384 31.0616 57.3924 274.915 119.756 155.159 104.235 39.4808 101.994 54.3963
internal_count=1704 551 530 512 336 1153 176 114 199 1039 450 589 390 136 378 202
is_linear=0
shrinkage=0.00674078


Tree=181
num_leaves=24
num_cat=0
split_feature=2 2 2 2 2 16 16 9 9 9 16 9 9 15 9 15 15 9 15 9 9 9 9
split_gain=3.08268 3.5923 9.53194 6.51866 5.76395 3.18306 4.51483 3.11288 5.08815 3.46556 3.28148 2.85463 3.49601 8.79917 5.58212 3.40179 4.97723 3.1102 7.06386 2.30066 2.17912 2.12996 2.02389
threshold=-2.0895454277318604 -0.43797190448600692 -0.41179469819859527 0.086563618832801587 -0.89062248308965575 1.449335573067619 0.3439896182440651 0.20239802304550458 0.1190157201694441 -0.80220670362787938 -0.91905986528631012 -0.90879232048880942 -0.32678568911673378 -0.9448551457124581 -0.11222137205842496 0.62014991772026584 0.74314689909719511 -0.41059181364277192 0.21665654945931132 0.66645693193159439 0.57354048463385998 0.20239802304550458 1.5683530884899319
decision_type=2 2 2 2 2 2 2 2 2 2 2 2 2 2 2 2 2 2 2 2 2 2 2
left_child=-1 4 5 21 7 6 -3 8 9 -2 -11 15 13 -13 -14 -5 -17 -15 -19 20 -16 -4 -21
right_child=1 2 3 11 -6 -7 -8 -9 -10 10 -12 12 14 17 19 16 -18 18 -20 22 -22 -23 -24
leaf_value=-0.0044152219103213205 -0.0030692143055537167 -0.0024037562374626827 0.005190098323613012 0.002484086071527605 0.0035937989731631374 0.0025575584779186076 -0.0069493584651163535 0.0010162875303694231 -0.0069043393364673624 -0.0027017637579152863 0.00378045393965899 -0.008384834269756657 0.005954755315655107 0.00011273378569364714 -0.00049380808017927076 -0.0070983119141536629 0.0006700753971347743 -0.0072396783838301736 -0.00032546481359032242 0.0023151715554744156 -0.0032863568093619883 0.00085131358618968417 -0.002179919690773832
leaf_weight=9.6311908885836583 13.446465224027635 36.323097184300423 13.162688389420511 29.782585456967354 26.547200329601765 3.6980717182159415 17.082146972417831 46.242642819881439 7.2099245339632025 5.3409517556428936 11.815757811069487 9.5195350050926191 6.5365757793188086 41.115306869149208 58.223517782986164 4.8708261400461224 17.488029718399048 11.486461594700812 21.266112506389618 20.583696842193607 19.032674312591553 10.951763838529585 6.2441521137952796
leaf_count=44 52 144 57 102 110 13 79 166 32 20 40 43 26 146 214 20 65 48 74 67 70 49 23
internal_value=-0.000521312 -0.000427736 -0.000809496 -0.000236261 0.000699785 -0.00348213 -0.00393673 -0.000238998 -0.00176434 -0.000410094 0.00172051 -0.000592453 -0.000997205 -0.00211205 -0.000148045 0.000905114 -0.00120773 -0.00122274 -0.00286188 -0.000574258 -0.00120786 0.00330117 0.00123086
internal_weight=447.601 437.97 327.367 270.264 110.603 57.1033 53.4052 84.0557 37.8131 30.6032 17.1567 246.149 194.008 83.3874 110.621 52.1414 22.3589 73.8679 32.7526 104.084 77.2562 24.1145 26.8278
internal_count=1704 1660 1240 1004 420 236 223 310 144 112 60 898 711 311 400 187 85 268 122 374 284 106 90
is_linear=0
shrinkage=0.00726062


Tree=182
num_leaves=4
num_cat=0
split_feature=8 8 8
split_gain=2.02445 3.22066 3.19799
threshold=0.42553355490659567 0.27908079260223362 0.52170834830775936
decision_type=2 2 2
left_child=1 -1 -2
right_child=2 -3 -4
leaf_value=0.0015477211378637024 -0.010022865557887319 0.027795240775550643 0.00095904615605810727
leaf_weight=266.47655024379492 58.6481958553195 5.9100522994995108 100.22636296600103
leaf_count=1035 243 31 395
internal_value=0.000235123 0.00219767 -0.00312367
internal_weight=431.261 272.387 158.875
internal_count=1704 1066 638
is_linear=0
shrinkage=0.0375477


Tree=183
num_leaves=22
num_cat=0
split_feature=20 3 9 9 20 9 9 9 9 9 9 9 3 9 9 9 9 9 9 3 9
split_gain=3.77771 2.59758 6.04193 5.35474 9.1355 4.62564 5.21695 4.78952 4.4289 5.36039 3.25124 5.3014 3.21567 2.81206 2.69125 2.49239 2.2919 2.10107 2.39929 2.05617 1.94808
threshold=-1.4829235062602291 -0.85170420315479034 -1.3020693284229601 -1.3604056144881607 -0.8393140898724698 -0.32678568911673378 -1.5822559785204351 0.1190157201694441 0.20239802304550458 0.54888880622776204 0.66645693193159439 1.4713679533524111 0.57701097390559453 0.35457579322708638 -1.7928474282859088 1.6482121435626986 1.1988838010675755 -0.34916715764121181 -0.73618266137264743 -1.2764487552916808 -0.495938437731338
decision_type=2 2 2 2 2 2 2 2 2 2 2 2 2 2 2 2 2 2 2 2 2
left_child=-1 2 3 4 -2 6 -3 -7 -9 13 12 16 -11 -10 -6 -13 -12 18 -8 -5 -20
right_child=1 5 -4 19 14 7 17 8 9 10 11 15 -14 -15 -16 -17 -18 -19 20 -21 -22
leaf_value=0.0023851735064062238 -0.0035803836324515667 0.0042170870318220168 0.0022041267656352516 -0.0043386031456147962 0.00089841817667351935 0.0020837854245697456 -0.00096933087596160102 -0.0010004000714998681 0.0010321618816926731 0.00045778566280354452 0.0011231263950506121 -0.0021454398730219979 -0.0019351792311220115 0.0049108420689819221 0.004971909630753008 0.00032447747615147897 0.0036387135028535401 -0.0016889357431176908 0.0028677536719098826 -0.00099331741396110353 -0.0002081562622579325
leaf_weight=15.139680281281469 5.5756838172674206 3.5466462522745124 36.307036578655243 6.2003315687179574 7.0185887962579736 27.745235234498978 50.214222133159637 63.261199563741684 9.1099837645888346 22.812114402651787 44.902659296989441 14.646809637546538 25.567357420921326 7.5057464838027945 7.30488549172878 21.08003044873476 9.283917307853697 53.975287973880768 6.6114733368158367 10.966096833348274 11.287025973200796
leaf_count=55 21 9 127 25 24 100 187 244 33 82 153 58 100 27 23 78 35 218 24 39 42
internal_value=0.000141726 6.11948e-05 0.000863602 -0.000466936 0.00116879 -9.87972e-05 -0.000829091 0.000275756 3.90708e-05 0.000466517 0.000156722 0.000682944 -0.000816506 0.00291935 0.00311739 -0.000711081 0.0015998 -0.00100301 -0.000446622 -0.00233401 0.000998413
internal_weight=460.062 444.922 73.3726 37.0656 19.8992 371.55 125.635 245.915 218.17 154.909 138.293 89.9134 48.3795 16.6157 14.3235 35.7268 54.1866 122.088 68.1127 17.1664 17.8985
internal_count=1704 1649 259 132 68 1390 480 910 810 566 506 324 182 60 47 136 188 471 253 64 66
is_linear=0
shrinkage=0.00469734


Tree=184
num_leaves=7
num_cat=0
split_feature=2 2 2 14 2 2
split_gain=2.92411 2.56726 6.64622 5.11763 4.79878 3.45752
threshold=-2.0895454277318604 -0.43797190448600692 -0.41179469819859527 1.7724413147135019 0.086563618832801587 -0.89062248308965575
decision_type=2 2 2 2 2 2
left_child=-1 5 -3 4 -4 -2
right_child=1 2 3 -5 -6 -7
leaf_value=-0.022598832623114771 0.0021365629030377633 -0.014626054297172914 0.021081305377484257 -0.027882088263417978 0.00099273884593519403 0.019875700312817275
leaf_weight=9.0472317561507207 81.515317402780056 53.782453782856464 22.957457140088081 9.3545762598514539 229.56560914218426 25.611784391105175
leaf_count=44 310 236 104 41 859 110
internal_value=0.000290084 0.000822066 -0.00111323 0.00169793 0.00287997 0.00649073
internal_weight=431.834 422.787 315.66 261.878 252.523 107.127
internal_count=1704 1660 1240 1004 963 420
is_linear=0
shrinkage=0.0425786


Tree=185
num_leaves=17
num_cat=0
split_feature=20 20 20 20 20 20 17 17 20 17 17 17 17 17 17 17
split_gain=3.58671 11.0249 6.35546 10.2371 5.21445 8.89259 4.57751 4.26172 2.97681 3.3526 2.26973 2.09433 1.94953 1.91609 5.89658 2.01897
threshold=0.092415619838413912 -0.32048288124978802 0.11629392630626693 0.47956423963928357 -0.48573192854616987 -0.71465383850357789 -1.1449201027521148 -0.13036439411240175 -1.4829235062602291 -0.36027989250336712 1.5964013800830805 0.86948855328106822 0.92504046582021371 0.48615754283384488 0.37861839386817903 -1.1901039001979685
decision_type=2 2 2 2 2 2 2 2 2 2 2 2 2 2 2 2
left_child=1 4 7 11 5 8 -5 -2 -1 -10 -8 -4 -3 14 15 -6
right_child=2 12 3 6 13 -7 10 -9 9 -11 -12 -13 -14 -15 -16 -17
leaf_value=0.002401577731863279 -0.00014981754741097276 0.003949343902351422 0.0041231764061126931 -0.0040284177572196761 -0.0021049082799025069 0.0047658319940079592 8.2913124057989275e-05 -0.0030137848683660781 -0.00077174709371834291 0.001020448266478571 -0.0022270872352823019 0.00073364325763386484 0.00034439129607104842 0.00068765638114042687 -0.0045564155343489005 0.00012071868249064771
leaf_weight=14.706769809126852 22.960184097290039 25.256833180785183 16.872525691986088 7.3177558034658423 13.943351954221724 11.9911832511425 121.85108087956905 31.034811325371265 58.94854611158371 47.593480311334133 11.124517351388929 6.7890443056821814 4.6147663295269004 14.919116541743277 10.763037502765654 35.267362877726555
leaf_count=55 82 96 59 32 52 43 453 129 210 169 48 26 17 58 47 128
internal_value=0.000147302 0.000576122 -0.000321351 0.000176529 0.00015817 0.000757398 -0.000348199 -0.00181397 0.000332298 3.05939e-05 -0.00012268 0.00319718 0.00340842 -0.000904724 -0.0013059 -0.000533942
internal_weight=455.954 238.004 217.95 163.955 208.133 133.24 140.293 53.995 121.249 106.542 132.976 23.6616 29.8716 74.8929 59.9738 49.2107
internal_count=1704 875 829 618 762 477 533 211 434 379 501 85 113 285 227 180
is_linear=0
shrinkage=0.00506348


Tree=186
num_leaves=14
num_cat=0
split_feature=12 12 12 12 12 12 12 12 12 1 1 1 12
split_gain=8.39346 6.54997 18.8565 5.49418 11.807 4.77006 4.83113 6.87038 4.71668 2.60053 1.99253 2.60155 1.92538
threshold=0.28748883168419687 0.20280095128553202 -0.49395905419048175 -0.54697953407266342 -1.1490283004266255 1.0155540191446282 1.2758347554729597 1.7331623732449384 1.8681926915919886 -0.67960022125220854 0.11752195757100528 0.51402506636524403 -0.20863179707112725
decision_type=2 2 2 2 2 2 2 2 2 2 2 2 2
left_child=1 2 3 4 -1 9 10 -8 -9 -2 -7 -12 -4
right_child=5 -3 12 -5 -6 6 7 8 -10 -11 11 -13 -14
leaf_value=-0.0005906311766561 0.00068277189192563208 -0.0011498594701680625 0.0037578743403554448 -0.0010898060494770533 0.0020999397648382052 0.00021120485620408419 0.0041606651060293581 -0.00050655829777671035 0.0023011752928408986 0.0029118175075752103 -0.0030875944098027776 0.00011228209991805269 0.0018507673630569568
leaf_weight=84.553565494716167 12.463509455323218 75.72676882147789 11.726562067866324 87.686328127980232 34.312349930405617 38.781818479299545 10.199040114879606 22.116899147629738 14.417348578572271 24.434214293956757 6.7168391942977888 7.7797297835350037 34.465827330946922
leaf_count=310 48 293 42 336 116 134 37 77 48 86 28 28 121
internal_value=0.00019067 -0.000148429 0.000154258 -0.000352529 0.000194783 0.00100038 0.000549425 0.00145485 0.000627637 0.00218636 -0.00025458 -0.00144846 0.00238779
internal_weight=465.381 328.471 252.745 206.552 118.866 136.909 100.012 46.7333 36.5342 36.8977 53.2784 14.4966 46.1924
internal_count=1704 1218 925 762 426 486 352 162 125 134 190 56 163
is_linear=0
shrinkage=0.00390747


Tree=187
num_leaves=18
num_cat=0
split_feature=6 18 6 6 3 6 3 6 6 3 6 6 6 3 6 6 6
split_gain=2.45572 5.98059 3.34081 5.23717 4.20819 2.55026 5.67395 3.76124 3.64719 3.23506 3.08333 4.32057 2.76261 2.22892 2.14746 2.68923 2.03727
threshold=1.5107362937016529 1.621167154732204 1.4731682945766835 0.94460937826905134 -0.41885127537106792 0.90478729919658407 -0.41885127537106792 -0.12330147066940911 -0.80825534466026949 -1.2764487552916808 -0.71385796343355146 -0.43810469869615359 0.26504371011954014 -0.45310241126949052 0.40490874818778172 0.5390534876047296 -2.329618169777294
decision_type=2 2 2 2 2 2 2 2 2 2 2 2 2 2 2 2 2
left_child=2 -2 3 5 -4 7 9 8 16 -7 -10 -12 13 -9 -14 -16 -1
right_child=1 -3 4 -5 -6 6 -8 12 10 -11 11 -13 14 -15 15 -17 -18
leaf_value=-0.013230255551774728 0.025768294626635768 -0.017813129342763367 -0.027960862101290812 0.020714994655301144 0.0023104047748868802 -0.023176041931940228 -0.023895313925590841 0.033340255461636069 -0.013930421602551448 0.0089069291497475226 0.013368377551957461 -0.0056139629144018417 0.0005189849326409881 0.0080464747473008424 0.032956898548233207 0.0051587725819338022 0.0062713564406968432
leaf_weight=6.9028788432478896 12.769608467817308 5.0928292423486701 11.486503943800928 15.099255718290804 11.169432610273359 4.2077382951974895 17.253933742642403 6.8760041519999531 39.403181679546833 19.779133707284927 18.155847854912281 83.780031248927116 78.526880234479904 12.464854553341864 5.5414007008075741 16.44170905649662 66.983053393661976
leaf_count=34 44 22 49 57 40 17 71 32 170 66 78 343 279 59 22 65 256
internal_value=0.000312508 0.0130574 -0.000261617 0.000526698 -0.0134318 -0.000325842 -0.00867064 0.000719463 -0.00212213 0.00267873 -0.00549606 -0.00215496 0.00580289 0.0179618 0.00334223 0.0130522 0.00431945
internal_weight=431.934 17.8624 414.072 391.416 22.6559 376.317 41.2408 335.076 215.225 23.9869 141.339 101.936 119.851 19.3409 100.51 21.9831 73.8859
internal_count=1704 66 1638 1549 89 1492 154 1338 881 83 591 421 457 91 366 87 290
is_linear=0
shrinkage=0.0359573


Tree=188
num_leaves=23
num_cat=0
split_feature=18 18 1 17 18 18 18 18 9 9 9 9 17 17 0 3 9 9 17 17 17 18
split_gain=3.48801 9.61788 5.52423 6.91513 3.75293 9.50574 3.66087 6.69533 4.29424 3.1233 3.01166 3.78776 8.4973 3.20645 3.3215 2.81965 2.61191 3.75155 2.41761 4.089 2.71616 2.05087
threshold=-0.68494468518227081 -0.36580584482134909 -0.82274266399080298 -1.0957520158912357 -0.23316328638550854 0.20668945804000563 0.23964254780184691 0.69657992174808581 -0.34916715764121181 0.1190157201694441 -1.5822559785204351 0.20239802304550458 1.492602085599003 1.0073417079084959 0.30108316799767121 -0.79400040430519903 -0.90879232048880942 -0.32678568911673378 0.48615754283384488 -0.16986507935584202 -1.0000000180025095e-35 1.0590092907475195
decision_type=2 2 2 2 2 2 2 2 2 2 2 2 2 2 2 2 2 2 2 2 2 2
left_child=2 -2 3 -1 9 -6 8 -8 -7 -3 -4 13 -13 14 -12 -5 21 -18 19 -11 -21 -9
right_child=1 4 10 15 5 6 7 16 -10 18 11 12 -14 -15 -16 -17 17 -19 -20 20 -22 -23
leaf_value=-0.0029329359135039715 0.0040040593481315929 -0.0019555631176298533 0.0026637407388542568 0.0044152308503236856 0.003316868598523948 0.001134349537591758 0.0027241295852840652 0.0003160195041440838 -0.0017464173301067264 0.0024323570909423713 -0.0041472562573907469 0.0018533186462423919 -0.0039827793292232473 0.0013010531085498051 -0.001463402403253567 0.00020125891497307929 -0.001626124955017476 0.00041146400893598975 0.0017721991159345019 -0.0047697561755967567 5.2256128280917649e-05 0.0044708058904535655
leaf_weight=6.0853527337312725 18.520423606038094 32.73118868470192 4.5531814247369757 12.726685121655468 28.232230842113495 19.243089824914932 30.739636652171612 6.8155739605426771 44.253269955515862 5.5066293329000464 19.53919181227684 21.942705377936367 8.5789613798260671 6.2021554410457602 34.851580768823624 6.1994522362947437 33.109898954629898 82.834396615624428 14.854149639606474 6.32531414926052 5.4289555698633221 5.227397620677948
leaf_count=23 72 128 14 42 105 63 113 24 170 18 90 77 40 24 140 23 123 297 52 27 22 17
internal_value=0.000195086 0.000467161 -0.00055557 0.00157205 0.000249771 0.00053671 0.000172894 0.00059193 -0.000868983 -0.000851421 -0.00112082 -0.00133241 0.000150493 -0.0020724 -0.00247229 0.00309065 6.62055e-05 -0.000177522 0.000292134 -0.00100104 -0.00267023 0.00227383
internal_weight=454.501 333.822 120.679 25.0115 315.302 250.455 222.223 158.727 63.4964 64.8462 95.6678 91.1146 30.5217 60.5929 54.3908 18.9261 127.987 115.944 32.115 17.2609 11.7543 12.043
internal_count=1704 1231 473 88 1159 912 807 574 233 247 385 371 117 254 230 65 461 420 119 67 49 41
is_linear=0
shrinkage=0.00516971


Tree=189
num_leaves=4
num_cat=0
split_feature=15 15 15
split_gain=2.09667 3.6142 4.80016
threshold=0.71039813614964453 0.67211674409850264 0.35477284107147511
decision_type=2 2 2
left_child=1 2 -1
right_child=-2 -3 -4
leaf_value=-0.00071055187373618553 0.0046746771869058002 -0.010279032693920616 0.016378331095804471
leaf_weight=284.53134224563837 90.152371995151043 37.143109269440174 17.513401187956333
leaf_count=1130 346 153 75
internal_value=0.000307873 -0.000861074 0.000321131
internal_weight=429.34 339.188 302.045
internal_count=1704 1358 1205
is_linear=0
shrinkage=0.0323902


Tree=190
num_leaves=10
num_cat=0
split_feature=1 1 0 9 0 1 1 9 9
split_gain=2.50471 12.3581 7.61044 6.76243 5.96539 5.54002 5.86658 4.08761 3.51839
threshold=0.62292798672448091 0.20795163876286785 -1.4161588957338955 0.88002250405821625 -1.6713608826586823 0.08808901724064562 -0.15057773661611343 -0.070067702211071156 1.4713679533524111
decision_type=2 2 2 2 2 2 2 2 2
left_child=1 2 -1 4 -2 6 -4 -3 -5
right_child=3 7 5 8 -6 -7 -8 -9 -10
leaf_value=-0.0065184146264491557 0.0024163270333373331 0.00079063066910471473 0.00034779653595291366 0.0018462019601186578 -0.0022234292393550036 -0.0012503870842749496 0.0041177257134824979 0.0052622111645278377 -0.00052237234896580006
leaf_weight=3.8081146627664557 7.8865325003862372 8.4623565077781695 226.77022288739681 34.048650041222572 57.861648969352245 57.850764840841293 10.918956518173216 16.699147343635559 32.479315340518951
leaf_count=18 24 31 827 114 238 225 42 61 124
internal_value=0.000132682 0.00037847 7.97943e-05 -0.000468905 -0.00164283 0.000182439 0.000534274 0.00381946 0.000696501
internal_weight=456.786 324.51 299.348 132.276 65.7482 295.54 237.689 25.1615 66.528
internal_count=1704 1204 1112 500 262 1094 869 92 238
is_linear=0
shrinkage=0.0052035


Tree=191
num_leaves=6
num_cat=0
split_feature=2 2 2 2 2
split_gain=2.35635 1.9411 5.01784 3.5428 3.46501
threshold=-2.0895454277318604 -0.52662008899233115 -0.41179469819859527 -0.89062248308965575 0.086563618832801587
decision_type=2 2 2 2 2
left_child=-1 3 -3 -2 -4
right_child=1 2 4 -5 -6
leaf_value=-0.017503081173299091 0.0014380269794168656 -0.010691102672107879 0.01488697424922248 0.017606449485482772 0.00011968762510634575
leaf_weight=8.9638492912054044 81.847762241959572 55.147469513118267 22.84218056499958 22.905849099159241 238.00121293216944
leaf_count=44 310 245 106 101 898
internal_value=0.000342307 0.000755323 -0.000686856 0.00507807 0.0014544
internal_weight=429.708 420.744 315.991 104.754 260.843
internal_count=1704 1660 1249 411 1004
is_linear=0
shrinkage=0.0368207


Tree=192
num_leaves=29
num_cat=0
split_feature=18 18 14 1 17 17 9 17 17 17 17 14 14 9 9 18 14 17 17 3 18 18 3 17 9 9 14 3
split_gain=3.67043 9.50846 6.51276 5.89208 7.31068 5.17659 4.42699 11.8246 4.81979 5.74692 7.31754 5.8074 4.59662 4.31532 4.13807 3.37884 4.31387 4.64227 3.36514 2.92556 2.90295 3.37077 2.78964 5.72139 2.66482 3.57137 2.5999 2.35939
threshold=-0.68494468518227081 -0.36580584482134909 1.7724413147135019 -0.82274266399080298 -1.0957520158912357 -0.72939701157122128 -0.32678568911673378 0.37861839386817903 -0.49788046436624273 -0.16986507935584202 -0.10562350493300683 -0.45773049097128432 -0.52401811727297753 -0.58415599282279684 0.57354048463385998 1.0000000180025095e-35 0.26160392451939263 -0.78425635846562802 -1.6844531834967795 -0.79400040430519903 1.549770007323344 -0.034727426413015336 -0.16991514140074873 1.492602085599003 0.38967559665654944 -0.90879232048880942 -0.52401811727297753 -0.5244124937621425
decision_type=2 2 2 2 2 2 2 2 2 2 2 2 2 2 2 2 2 2 2 2 2 2 2 2 2 2 2 2
left_child=3 -2 6 4 -1 -4 7 18 15 -10 14 12 -12 -9 -11 -8 17 26 -3 -6 21 -20 27 24 25 -24 -17 -5
right_child=1 2 5 22 19 -7 8 13 9 10 11 -13 -14 -15 -16 16 -18 -19 20 -21 -22 -23 23 -25 -26 -27 -28 -29
leaf_value=-0.0031208980506933518 0.004030609072396071 -0.0030829243030558811 0.0014430386066286616 -0.0012309838047566686 0.0045118317054444112 -0.0056886126014121198 0.0033759918045992818 -0.0010437714154811471 0.0046827754341341038 0.00085425083558893125 0.0015089359669876595 0.0029750662856325326 -0.0017527077981744062 -0.0059122426057601467 -0.0036154148016007367 -0.00026638360375469828 -0.003517340899379585 -0.00241847353556 -0.00077968596855944436 0.00019049871436016549 -0.0027458125901707623 0.0014795758339709829 0.003057858335633754 -0.0034755755488500174 0.0017728197804921695 -0.0019406204976864494 0.0034364912065550529 -0.0038492458467445012
leaf_weight=6.1263945400714901 18.368410289287567 6.515803948044776 3.6556069999933234 26.411730915307999 13.000502407550815 8.0814182758331281 4.6703819483518592 8.9187063723802567 12.554367303848265 9.7144442796707171 34.934770166873932 46.6846883893013 17.162047237157822 11.923442378640175 12.224354505538939 10.162868171930313 12.354074999690054 12.084139466285707 24.785335376858711 6.3345244228839848 5.8521049171686164 64.32414123415947 4.3088733106851604 12.239573463797567 21.402144312858582 16.483878791332245 9.7015837579965591 15.180470839142798
leaf_count=23 72 26 12 106 42 37 15 32 47 35 123 163 66 55 48 36 49 46 93 23 23 221 13 56 75 66 32 69
internal_value=0.00015099 0.000435256 0.000216795 -0.000629757 0.00158535 -0.00349464 0.000368726 -0.00040403 0.000886975 0.00140357 0.00103419 0.00164353 0.0004246 -0.00393316 -0.00166908 -0.000517811 -0.000984033 5.663e-05 0.000345771 0.00315136 0.000605924 0.000849314 -0.00122595 -0.000431596 0.000500387 -0.000824381 0.00160008 -0.00223904
internal_weight=456.161 334.673 316.304 121.488 25.4614 11.737 304.567 122.32 182.248 133.275 120.72 98.7815 52.0968 20.8421 21.9388 48.973 44.3027 31.9486 101.477 19.335 94.9616 89.1095 96.0267 54.4345 42.1949 20.7928 19.8645 41.5922
internal_count=1704 1231 1159 473 88 49 1110 450 660 482 435 352 189 87 83 178 163 114 363 65 337 314 385 210 154 79 68 175
is_linear=0
shrinkage=0.00526289


Tree=193
num_leaves=6
num_cat=0
split_feature=12 12 12 20 12
split_gain=4.75325 2.18372 9.6262 4.50512 3.52771
threshold=0.28748883168419687 0.20280095128553202 -0.43305883673369411 1.4038115819521229 -0.20863179707112725
decision_type=2 2 2 2 2
left_child=1 2 -1 -3 -4
right_child=-2 3 4 -5 -6
leaf_value=-0.0042006539634644926 0.0073984104195571254 -0.0054534746541189255 0.045014731541359508 -0.042004188773447963 0.012290282136575343
leaf_weight=196.00918559730053 123.96006568521261 66.523715957999229 7.0001297593116751 5.9333391934633246 29.59919784963131
leaf_count=772 486 262 32 31 121
internal_value=0.00039653 -0.00246057 -0.000441171 -0.00886966 0.0193506
internal_weight=429.026 305.066 232.609 72.4571 36.5993
internal_count=1704 1218 925 293 153
is_linear=0
shrinkage=0.042574


Tree=194
num_leaves=12
num_cat=0
split_feature=20 18 18 18 18 18 18 18 18 20 20
split_gain=3.89613 3.42456 3.34824 9.58466 4.27786 9.62045 4.31194 6.63934 3.25891 3.04558 2.38671
threshold=-1.4829235062602291 2.026934388300194 -0.68494468518227081 -0.36580584482134909 -0.23316328638550854 0.20668945804000563 0.23964254780184691 0.69657992174808581 1.2368139676713283 1.1110241472199189 0.84322380907971295
decision_type=2 2 2 2 2 2 2 2 2 2 2
left_child=-1 2 9 -4 -5 -6 -7 -8 -9 10 -2
right_child=1 -3 3 4 5 6 7 8 -10 -11 -12
leaf_value=0.0022470370917357981 -0.00014866913172992605 -0.0022010115441830715 0.0033795633251191264 -0.00079013743033704833 0.0028104996480035086 -0.00081174531254073862 0.0023280402752628966 -0.00032100639017610278 0.0015464844116088207 -0.0013770553519375421 0.0028935524980828122
leaf_weight=15.531667664647101 75.400070309638977 11.341424211859701 18.244947195053101 65.360832005739212 28.337110251188278 62.903422802686691 30.48182338476181 88.545527994632721 21.361546233296394 43.751528143882751 4.3903181105852118
leaf_count=55 278 44 68 244 102 229 108 313 71 178 14
internal_value=0.000156628 8.05917e-05 0.000143523 0.000381935 0.000189177 0.000467308 0.000130954 0.000555527 5.0808e-05 -0.000463288 4.60651e-05
internal_weight=465.65 450.119 438.777 315.235 296.99 231.629 203.292 140.389 109.907 123.542 79.7904
internal_count=1704 1649 1605 1135 1067 823 721 492 384 470 292
is_linear=0
shrinkage=0.00436354


Tree=195
num_leaves=3
num_cat=0
split_feature=17 17
split_gain=2.04565 2.11157
threshold=-1.7262352614522998 1.8820887824532846
decision_type=2 2
left_child=-1 -2
right_child=1 -3
leaf_value=-0.012602237498930795 0.0014065043438190959 -0.01350214897869851
leaf_weight=16.20643462985754 398.82196351140738 13.504286773502825
leaf_count=64 1576 64
internal_value=0.000359492 0.000892642
internal_weight=428.533 412.326
internal_count=1704 1640
is_linear=0
shrinkage=0.0381796


Tree=196
num_leaves=23
num_cat=0
split_feature=13 15 15 15 1 1 1 9 9 13 15 13 13 15 15 13 13 1 1 1 13 13
split_gain=4.23734 5.1838 4.74879 7.92298 4.62315 7.86024 4.44276 4.38791 9.06351 5.2056 4.89805 4.07113 3.58844 3.28134 3.56956 3.18893 2.67087 2.64618 5.05525 2.70175 2.14245 2.42493
threshold=0.61490634720966009 0.71039813614964453 0.67211674409850264 0.35477284107147511 -0.73029317720145592 -0.3899351112871326 -0.82274266399080298 -0.32678568911673378 -0.90879232048880942 0.73996352983101021 0.62014991772026584 1.1717459264955667 -0.4038481803236359 0.62014991772026584 -0.78883087872956315 -1.0247145952099328 -0.12972751346322436 0.08808901724064562 -0.21862644478704787 0.20795163876286785 1.3186297554838797 1.4542584810274992
decision_type=2 2 2 2 2 2 2 2 2 2 2 2 2 2 2 2 2 2 2 2 2 2
left_child=1 2 3 4 6 -6 -1 8 10 -9 -2 -11 -8 14 -10 -7 -3 18 -17 -19 -13 -22
right_child=7 16 -4 -5 5 15 12 9 13 11 -12 20 -14 -15 -16 17 -18 19 -20 -21 21 -23
leaf_value=2.3918059848527525e-05 0.0026320497847759135 0.0010034159540147304 -0.0017213624452507399 0.0037282476887031796 0.004528267115628916 0.0029798876953296282 -0.0013960090045090476 -0.001279839853751888 -0.0051322292382936464 0.0028554742794501048 -0.0024981775453904666 -0.0010106410179248878 -0.0058544697020749921 -0.0062769027545225928 -0.0012325290757681214 -0.00023124774342740562 0.0029724583635463448 -0.0016887027258765488 0.0034996183077740813 0.0001896646804749127 0.0032954496476998397 1.142112869766714e-05
leaf_weight=33.739060670137405 13.539067864418032 58.905195996165276 27.475366622209549 14.854946404695509 10.296259373426436 8.5852777659893018 14.416513934731485 36.583128839731216 6.914924785494807 18.748760938644409 5.5686233639717093 19.140615522861481 5.692680522799491 5.5298608839511862 22.361546009778976 23.648065716028214 22.536159053444862 26.979200944304466 12.574083253741263 51.682195298373699 7.3530063033103952 15.079346299171448
leaf_count=120 43 209 110 56 35 31 55 141 32 63 21 70 24 25 84 89 77 107 43 197 22 50
internal_value=0.000198487 0.000522397 0.000146919 0.000406247 0.000128444 0.000612619 -0.00106566 -0.000469438 -0.0015713 0.000151111 0.00108883 0.00102487 -0.00282782 -0.003026 -0.00226501 0.000258916 0.00157104 3.608e-05 0.00110999 -0.000464784 0.000162134 0.00116199
internal_weight=462.204 311.385 229.944 202.468 187.613 133.765 53.8483 150.819 53.914 96.9049 19.1077 60.3217 20.1092 34.8063 29.2765 123.469 81.4414 114.884 36.2221 78.6614 41.573 22.4324
internal_count=1704 1153 867 757 701 502 199 551 205 346 64 205 79 141 116 467 286 436 132 304 142 72
is_linear=0
shrinkage=0.00486739


Tree=197
num_leaves=23
num_cat=0
split_feature=20 20 20 20 19 19 20 20 19 15 20 3 3 19 9 9 9 9 3 3 19 19
split_gain=4.18404 12.3036 6.99921 11.9241 7.20701 5.65845 5.40777 9.28789 6.80545 4.90346 3.95431 4.5529 4.40727 3.07653 2.84445 7.11551 2.7745 7.19352 2.52011 2.66246 2.1688 1.96517
threshold=0.092415619838413912 -0.32048288124978802 0.11629392630626693 0.47956423963928357 -0.94358100105149412 -1.2288379138832479 -0.48573192854616987 -0.71465383850357789 -1.2288379138832479 1.1199777402796842 -1.4829235062602291 -1.6891796167818998 -1.0147545665568123 1.1752502371343501 1.5683530884899319 1.0457883648786506 -1.5822559785204351 -1.3020693284229601 0.21359510076442345 1.0403343603006598 -1.4161588957338955 1.0091012642859416
decision_type=2 2 2 2 2 2 2 2 2 2 2 2 2 2 2 2 2 2 2 2 2 2
left_child=1 6 9 -4 5 20 7 10 -8 -2 -1 -12 -13 -10 15 16 -6 -18 -14 -20 -5 -3
right_child=2 21 3 4 14 -7 8 -9 13 -11 11 12 18 -15 -16 -17 17 -19 19 -21 -22 -23
leaf_value=0.0019284116038543167 -0.0018302977918971852 0.002957522895770442 0.0024267401094950269 0.0010752124474838626 0.0017060042976830738 0.003101786054623583 -0.0047451551239599023 0.0034686055178017074 -0.00062718310704630868 0.00094359125719263158 -0.0025782983402914865 0.0016791605994795028 -0.00054265414896433137 0.0014679159060720407 -0.003205841808336345 0.0019955974213368447 -0.0047884307056401372 -0.00083162173845034899 0.0018224878006310216 -0.00066686207342217269 -0.00066306878740165533 0.00048293145045992254
leaf_weight=15.70520183444023 44.783484786748886 26.073371320962909 24.803545549511909 17.627678185701367 3.8994552642107001 10.786212682723997 4.033099725842475 12.398623615503309 62.916468366980553 9.6337940543889982 7.2656141966581336 20.979186534881592 58.845961540937424 9.9020869433879835 5.298140086233615 10.908937051892279 5.8081719875335684 70.929769083857536 13.618194058537485 8.5929286777973157 18.328185945749286 5.2971976399421683
leaf_count=55 179 94 85 56 12 33 18 43 235 32 28 66 211 32 25 35 28 274 44 30 70 19
internal_value=0.00014579 0.000470843 -0.00021294 0.000152866 -0.000251215 0.000905456 0.000157111 0.000585853 -0.000607643 -0.00133092 0.000279676 3.02896e-05 0.00023502 -0.000329218 -0.000812606 -0.000647615 -0.00102171 -0.00117725 -0.000151524 0.000866439 0.00019465 0.00255659
internal_weight=468.435 245.628 222.807 168.39 143.587 46.7421 214.257 137.406 76.8517 54.4173 125.007 109.302 102.036 72.8186 96.8445 91.5463 80.6374 76.7379 81.0571 22.2111 35.9559 31.3706
internal_count=1704 875 829 618 533 159 762 477 285 211 434 379 351 267 374 349 314 302 285 74 126 113
is_linear=0
shrinkage=0.00361927


Tree=198
num_leaves=22
num_cat=0
split_feature=1 1 0 9 0 1 14 14 14 9 14 14 1 9 14 14 14 1 1 1 14
split_gain=2.76616 12.8228 7.52536 6.84491 5.90289 5.32764 6.31374 7.10003 7.98139 3.88379 3.74614 6.25056 3.66184 3.505 3.32076 4.89016 3.1613 2.07125 2.02112 2.30733 1.93137
threshold=0.62292798672448091 0.20795163876286785 -1.4161588957338955 0.88002250405821625 -1.6713608826586823 0.08808901724064562 0.26160392451939263 0.46814851029914545 0.96968499839693922 -0.070067702211071156 -0.34509536999818141 -0.77451714262299576 -0.15057773661611343 1.4713679533524111 2.505093081842046 1.1363373556406191 0.46814851029914545 -1.631598455743736 0.70639246201573835 1.0737541488132745 0.26160392451939263
decision_type=2 2 2 2 2 2 2 2 2 2 2 2 2 2 2 2 2 2 2 2 2
left_child=1 2 -1 4 -2 6 12 -8 -9 -3 11 -7 17 -5 15 -10 -12 -4 -6 -20 -15
right_child=3 9 5 13 18 10 7 8 14 -11 16 -13 -14 20 -16 -17 -18 -19 19 -21 -22
leaf_value=-0.0058912849097733132 0.0022274500402094995 0.00091317674060976256 -0.0013832930440397747 0.0017357342953677295 -0.0029003824397542473 0.00048545081717097597 -0.0015401914238929214 0.0032495686177880347 -0.00091019137014512871 0.0048741223505981189 0.0013617038007674707 -0.0041561509928963588 0.0042873768531966755 0.00033607262431205808 -0.0030358951218143106 0.0019984289131629134 -0.0015826914993519558 0.0012980489673496578 0.0012373804287613428 -0.0017871761840597639 -0.0021181759984837388
leaf_weight=3.7581931352615348 7.9232356846332541 8.6949363946914691 6.3086410760879508 34.21507839858532 27.940967723727226 10.546528175473213 50.388254001736641 20.202712431550026 31.628517851233482 17.103368476033211 17.918206036090854 15.852826327085495 8.338825047016142 22.944988697767258 7.0722079724073401 21.158440619707108 13.94013464450836 95.609299428761005 6.7988875657320049 23.467337816953659 9.6733210086822492
leaf_count=18 24 31 23 114 119 39 185 72 117 61 61 67 30 84 27 84 58 331 23 96 40
internal_value=0.000195739 0.000430015 0.000151265 -0.000382148 -0.00145984 0.000242924 0.000555829 -0.000153473 0.000725571 0.00359766 -0.00103962 -0.00233775 0.00139033 0.000688404 -0.000157342 0.000267743 6.47743e-05 0.00112209 -0.00198676 -0.0010927 -0.000423746
internal_weight=461.485 328.521 302.723 132.964 66.1304 298.965 240.707 130.45 80.0619 25.7983 58.2577 26.3994 110.257 66.8334 59.8592 52.787 31.8583 101.918 58.2072 30.2662 32.6183
internal_count=1704 1204 1112 500 262 1094 869 485 300 92 225 106 384 238 228 201 119 354 238 119 124
is_linear=0
shrinkage=0.00476224


Tree=199
num_leaves=17
num_cat=0
split_feature=18 18 13 18 18 18 18 13 13 13 13 18 13 13 13 13
split_gain=2.94056 8.89655 7.427 3.14991 8.8588 3.19837 6.41951 5.88088 4.12035 3.11944 2.83974 2.68402 2.38029 2.71527 2.03287 3.12603
threshold=-0.68494468518227081 -0.36580584482134909 0.12463438508862672 -0.23316328638550854 0.20668945804000563 0.23964254780184691 0.69657992174808581 0.61490634720966009 -0.31029926857553269 -0.56351330134444499 1.1248467960608213 0.72953301150992711 -0.4038481803236359 -1.0247145952099328 0.67352918547239604 -0.44498648622977582
decision_type=2 2 2 2 2 2 2 2 2 2 2 2 2 2 2 2
left_child=2 -2 12 -3 -5 14 9 8 -8 -7 -4 -10 13 -1 15 -6
right_child=1 3 10 4 5 6 7 -9 11 -11 -12 -13 -14 -15 -16 -17
leaf_value=0.0013426975202318629 0.0042113700674831821 -0.00090107818939386402 -0.0030480289846951743 0.0034632061082370772 0.00035111799443563878 -0.0009111262082203901 -0.00051252133892926209 -0.0012053080885321356 3.2164515263930983e-07 0.0036765867340907681 0.00039422437851118191 0.003336722987008559 0.0032567854739366125 -0.00092941911758961156 0.00036730858883516173 -0.0028786460868950362
leaf_weight=30.833169028162956 17.872568666934967 64.796508833765984 36.933255918323994 27.517228692770004 14.701138257980345 5.3958958089351681 25.979286149144173 64.890548437833786 10.642827957868574 24.747331574559212 9.3198835849761945 26.362554848194122 8.038723483681677 34.889284119009972 23.210863128304482 25.509469270706177
leaf_count=111 72 247 159 105 50 23 92 241 36 90 34 92 27 142 81 102
internal_value=0.000152744 0.000426816 -0.000602328 0.000201046 0.000489884 0.000109266 0.000538962 -1.92121e-05 0.00120224 0.00284656 -0.00235661 0.00239373 0.000510676 0.000140017 -0.000954803 -0.00171199
internal_weight=451.641 331.626 120.014 313.754 248.957 221.44 158.018 127.875 62.9847 30.1432 46.2531 37.0054 73.7612 65.7225 63.4215 40.2106
internal_count=1704 1231 473 1159 912 807 574 461 220 113 193 128 280 253 233 152
is_linear=0
shrinkage=0.00564971


Tree=200
num_leaves=29
num_cat=0
split_feature=13 8 19 19 18 8 8 8 1 18 18 19 19 19 8 19 19 13 8 8 1 19 13 13 8 19 19 8
split_gain=3.91216 5.27115 10.0297 10.5321 7.5742 4.79961 6.11591 4.48499 6.99643 3.9192 5.42052 6.41754 3.56375 3.48824 8.41029 6.01469 4.14017 3.55969 3.22698 5.08133 3.16715 2.92215 2.88233 3.27527 2.67042 2.60482 2.55514 2.37077
threshold=0.61490634720966009 -0.5600762987173703 -0.32211258526418346 0.022575182793238936 -0.33225559409586775 1.5018187030574215 1.4569885598847412 -1.5006197890827797 0.40612857834839594 0.69657992174808581 -0.68494468518227081 -0.89334271502080653 0.075895068724516776 0.77682473909133265 0.42553355490659567 1.096262787866437 0.21358214612304297 -1.0247145952099328 0.11535074557933715 -0.46324082726352217 0.62292798672448091 -1.3152420951152932 1.1717459264955667 0.73996352983101021 1.0760615257764219 1.6318717119925088 -0.53776115554725412 -1.9444072026060437
decision_type=2 2 2 2 2 2 2 2 2 2 2 2 2 2 2 2 2 2 2 2 2 2 2 2 2 2 2 2
left_child=1 4 26 -4 -1 6 13 8 -2 10 11 -9 -13 14 16 -15 -5 -16 19 22 -6 -11 23 -12 -17 -8 -3 -10
right_child=7 2 3 5 20 -7 25 9 27 21 18 12 -14 15 17 24 -18 -19 -20 -21 -22 -23 -24 -25 -26 -27 -28 -29
leaf_value=-0.0029941211395846023 -0.0031379550925846214 -0.0040606374934797169 0.0035521528008186113 0.00049980805584178933 0.0039791579554324845 0.0020830516496460772 -0.0051901315758340035 0.0022746930177969049 0.0011641678372197066 -0.0031607206579468555 -6.3326646681375194e-05 -0.0055168497638140163 -0.0013081811274434439 0.0034367444412382103 0.0011517888885320508 -0.00051699021320896084 0.0032557345616450722 -0.0015543642611458774 -0.0023738984657611668 0.0031157268894458196 0.0011525774592745265 -0.00087848869040033019 -0.001566657356851753 0.0033995514873909672 0.0026074383274503586 -0.0012616008591524038 -0.0011303237083793969 0.0042750906199139306
leaf_weight=4.3517470359802237 4.7692129611969021 6.1580241918563834 21.044015005230904 41.786091044545174 17.835570678114891 25.924885541200638 3.996021881699563 4.6075386255979565 13.100778758525852 16.442750886082649 17.81999093294144 6.8533332571387282 9.1458715349435789 16.343555733561516 10.649249911308287 23.665692195296291 13.437441200017927 55.136028826236725 5.5074264705181113 14.14550596475601 14.404774293303488 31.637438759207726 12.633225634694098 6.627913609147071 5.8979361057281485 12.391271084547043 40.102400377392769 7.3850706070661518
leaf_count=18 20 26 77 147 58 87 20 15 42 67 65 36 34 56 37 84 55 219 23 46 50 113 46 22 20 47 152 22
internal_value=0.000201213 0.000481136 0.000270789 0.000647033 0.00203126 0.000342456 8.82102e-05 -0.000379919 0.00128361 -0.000721255 -0.000104285 -0.00199151 -0.0032799 0.000343772 -4.98974e-05 0.00136482 0.00120618 -0.0011064 0.000599862 0.000952707 0.00277149 -0.00169635 7.97603e-05 0.000952317 0.000161107 -0.00240879 -0.00158096 0.00239986
internal_weight=463.801 313.125 276.533 230.272 36.5921 209.228 183.303 150.676 25.2551 125.421 77.3408 20.6067 15.9992 166.916 121.009 45.9072 55.2235 65.7853 56.7341 51.2266 32.2403 48.0802 37.0811 24.4479 29.5636 16.3873 46.2604 20.4858
internal_count=1704 1153 1027 849 126 772 685 551 84 467 287 85 70 618 458 160 202 256 202 179 108 180 133 87 104 67 178 64
is_linear=0
shrinkage=0.00440006


Tree=201
num_leaves=22
num_cat=0
split_feature=17 9 17 17 3 9 9 9 3 3 9 9 17 9 3 17 17 17 9 17 17
split_gain=2.91149 4.26204 4.66704 8.15979 4.25117 4.84864 6.26831 5.24936 3.32319 4.75128 2.98807 5.90419 5.74439 3.17926 2.74535 2.49064 2.44683 7.27677 2.34131 1.95147 3.03577
threshold=1.8820887824532846 0.66645693193159439 1.0000000180025095e-35 -0.16986507935584202 -0.85170420315479034 -1.3020693284229601 -1.3604056144881607 -1.7437099147280517 1.9301714619220829 1.0823857397226997 -0.32678568911673378 0.1190157201694441 0.37861839386817903 -0.34916715764121181 1.2338932660595912 -0.96658852314749855 -0.49788046436624273 -0.16986507935584202 0.99460176577829251 -0.16986507935584202 0.057899391620876692
decision_type=2 2 2 2 2 2 2 2 2 2 2 2 2 2 2 2 2 2 2 2 2
left_child=1 4 3 14 5 6 7 -1 9 -2 12 -12 15 -14 -3 -6 -13 -18 -4 -17 -21
right_child=8 2 18 -5 10 -7 -8 -9 -10 -11 11 16 13 -15 -16 19 17 -19 -20 20 -22
leaf_value=-0.00051834388288659076 -0.0051129161586356379 0.0035147190775991293 0.0054018034230590792 -0.0039167980464668798 -0.0019967933110799198 0.002560335525007187 -0.002664537689077181 0.0049879763448402795 -0.0064177275775774362 0.0021569862947519911 0.0024632647572683185 -0.0015736109150500327 -0.0013355271315211071 -0.0047362461091015901 -0.0010277119916690277 0.0011976200817613021 0.0057258039840745265 -0.00029377156171426149 0.0019087712621682273 -0.0014807498134483295 0.0025767344174350069
leaf_weight=13.057276338338854 3.7351291924715024 11.884648188948633 6.8027504831552497 11.635249227285387 18.702162116765976 38.686694532632828 17.923931330442429 8.681481793522833 3.6067283302545539 7.0451252609491348 28.987174138426781 36.109793186187744 21.076773151755333 15.591994434595106 5.9421365410089484 36.256428942084312 6.1414538174867621 85.855416104197502 44.491833165287971 28.169549629092216 6.6494988799095145
leaf_count=48 19 40 21 47 70 139 67 29 21 24 107 135 84 71 22 127 21 326 154 110 22
internal_value=0.000169599 0.000252949 0.00142495 -0.000368681 -1.11469e-05 0.00115212 -0.000243159 0.00177467 -0.00227113 -0.000547172 -0.000334982 0.000187705 -0.000981609 -0.00284802 0.00201241 -0.00020132 -0.000339223 0.000154444 0.00244673 0.000288593 -0.000662865
internal_weight=457.033 442.646 80.7566 29.462 361.89 78.3494 39.6627 21.7388 14.387 10.7803 283.54 157.094 126.446 36.6688 17.8268 89.7776 128.107 91.9969 51.2946 71.0755 34.819
internal_count=1704 1640 284 109 1356 283 144 77 64 43 1073 589 484 155 62 329 482 347 175 259 132
is_linear=0
shrinkage=0.00567655


Tree=202
num_leaves=19
num_cat=0
split_feature=2 2 2 2 2 13 17 17 17 9 17 9 9 9 9 9 13 2
split_gain=4.57274 4.23634 13.1876 8.24751 7.05266 5.52603 5.22898 3.2509 8.95696 3.5226 3.32206 3.02769 3.02229 2.74938 3.62893 3.25041 3.15732 1.96844
threshold=-2.0895454277318604 -0.43797190448600692 -0.41179469819859527 0.086563618832801587 -0.89062248308965575 -0.44498648622977582 0.92504046582021371 -0.13036439411240175 -0.55817848852962559 -1.3604056144881607 -1.7262352614522998 0.20239802304550458 -0.80220670362787938 -0.27295296875825342 0.1190157201694441 -0.34916715764121181 0.73996352983101021 0.57817612196006551
decision_type=2 2 2 2 2 2 2 2 2 2 2 2 2 2 2 2 2 2
left_child=-1 4 6 -4 5 12 -3 8 10 -9 -5 -7 -2 15 -15 -11 -16 -10
right_child=1 2 3 7 -6 11 -8 9 17 13 -12 -13 -14 14 16 -17 -18 -19
leaf_value=-0.0024928773403541994 -0.0011961544406149951 -0.0026673443348087266 0.0024836151148604092 -0.0019433775169100643 0.002616016380954361 -0.0016554446177941349 1.5047117727260639e-05 0.0028290122612400566 0.00083934760373379478 -0.00037550906193525 0.00038887008175787628 0.00029337036167566901 0.0023042740140159302 0.0029774890607239569 -0.00088903087120515876 -0.0026020342187827025 0.001093661317619288 0.0041240133324712712
leaf_weight=9.9369271323084813 4.4957888424396542 38.22449104487896 27.869934752583504 10.843479558825491 30.273789167404175 21.265360563993454 18.343491569161415 4.867058888077735 4.6292455196380642 28.201917409896851 103.73577973246574 35.678263187408447 24.840311795473099 5.6331283301115027 43.941426672041416 18.31983295083046 19.200761526823044 12.558186575770376
leaf_count=44 17 167 106 41 110 85 69 15 18 102 358 126 82 18 164 77 62 43
internal_value=0.000179132 0.000242114 5.27145e-06 0.000375849 0.000920981 0.0003081 -0.00180732 0.000135569 0.000584035 -0.000356849 0.000156056 -0.000446612 0.00174531 -0.000510458 1.87128e-05 -0.00128022 -0.000279532 0.00330354
internal_weight=462.859 452.922 336.369 279.801 116.554 86.2797 56.568 251.931 131.767 120.164 114.579 56.9436 29.3361 115.297 68.7753 46.5218 63.1422 17.1874
internal_count=1704 1660 1240 1004 420 310 236 898 460 438 399 211 99 423 244 179 226 61
is_linear=0
shrinkage=0.00415041


Tree=203
num_leaves=23
num_cat=0
split_feature=18 18 1 10 3 18 18 18 18 3 19 19 18 18 3 3 18 10 10 3 3 3
split_gain=4.00806 10.8433 5.16644 5.59565 4.47701 4.03158 10.7158 4.12024 7.31475 3.06305 4.71995 5.66627 2.76082 5.18253 2.4189 2.30905 2.19667 2.09048 3.93102 1.99606 2.95448 2.20463
threshold=-0.68494468518227081 -0.36580584482134909 -0.82274266399080298 0.66495225718737916 -0.79400040430519903 -0.23316328638550854 0.20668945804000563 0.23964254780184691 0.69657992174808581 -0.16991514140074873 -0.26761751293013808 -1.1583864217249602 0.72953301150992711 1.0928289921517162 -0.5244124937621425 -1.3577160061704507 2.026934388300194 -0.88812436710442799 -0.37730301518230774 0.072813342042342036 0.61658690986585618 0.27198094487551189
decision_type=2 2 2 2 2 2 2 2 2 2 2 2 2 2 2 2 2 2 2 2 2 2
left_child=2 -2 3 -1 15 -3 -7 17 -9 14 11 -11 -10 -14 -4 -5 -15 -8 -19 -12 21 -21
right_child=1 5 9 4 -6 6 7 8 12 10 19 -13 13 16 -16 -17 -18 18 -20 20 -22 -23
leaf_value=0.0038565110169100371 0.0040276887420225543 -0.00087472003630952879 -0.0011737854159224932 -0.0013048647205324857 -0.00468941049363649 0.003336774123073863 0.0012766847187516063 0.0027121825263941644 -0.0010275538157940335 0.0022436084617352037 0.0033088180553450266 -0.0035710237915774312 0.002964076231784451 0.00036449612129294012 -0.0036916088420777403 0.0032168630486877751 -0.0018178390243279747 -0.0038950334605163017 -0.00060411316113357988 0.0003404403970678851 0.002297004062504061 -0.00314892761609426
leaf_weight=11.433957770466806 19.233916312456131 65.763209894299507 26.605839043855667 4.7127022892236701 4.0694582909345618 29.018948659300804 8.5944154411554319 31.199980691075325 41.115930154919624 4.9524253606796291 5.6860440522432318 16.13705787807703 16.870848387479782 57.941887080669403 15.289037197828291 5.1206937134265891 13.62115493416786 10.777073189616202 44.592325553297997 11.734622776508337 10.122155100107191 6.4429898709058753
leaf_count=38 72 247 106 17 17 105 28 113 147 16 19 71 63 199 69 16 52 45 160 42 36 26
internal_value=0.000169211 0.000450171 -0.000606709 0.00137927 -0.000750783 0.000225252 0.000512222 0.000136931 0.000565032 -0.00113325 -0.000346692 -0.00216611 3.45704e-05 0.00053302 -0.00214249 0.00110324 -6.63016e-05 -0.000932704 -0.00129053 0.000806792 0.000227803 -0.000973816
internal_weight=461.037 338.73 122.307 25.3368 13.9029 319.496 253.733 224.714 160.75 96.9702 55.0753 21.0895 129.55 88.4339 41.8949 9.8334 71.563 63.9638 55.3694 33.9858 28.2998 18.1776
internal_count=1704 1231 473 88 50 1159 912 807 574 385 210 87 461 314 175 33 251 233 205 123 104 68
is_linear=0
shrinkage=0.00501807


Tree=204
num_leaves=21
num_cat=0
split_feature=12 18 18 12 12 9 9 12 9 15 15 15 18 18 9 15 12 18 18 18
split_gain=4.83952 7.56076 4.54193 4.53979 4.78499 3.18362 6.52305 4.72168 4.21731 2.52523 4.65687 4.20896 3.32858 3.49872 2.08625 2.01115 2.74023 3.85317 3.33907 2.24455
threshold=0.28748883168419687 -0.68494468518227081 -0.36580584482134909 1.0000000180025095e-35 -0.49395905419048175 -0.32678568911673378 -0.495938437731338 -0.54697953407266342 -0.11222137205842496 0.90268880409934038 -0.28695024102108097 1.9841303928035907 0.31613012830319914 -0.33225559409586775 0.38967559665654944 -0.12641803323345716 1.1237326620490504 -0.33225559409586775 -0.83752659384306583 -0.09944656646019405
decision_type=2 2 2 2 2 2 2 2 2 2 2 2 2 2 2 2 2 2 2 2
left_child=1 3 -3 4 14 6 -4 -8 -7 10 -2 12 13 -11 -1 -12 17 18 -17 -19
right_child=9 2 5 -5 -6 8 7 -9 -10 11 15 -13 -14 -15 -16 16 -18 19 -20 -21
leaf_value=-0.01982242328293965 0.020467113382549862 0.02752186168901101 0.0029705948625255384 -0.030292948061859212 0.023067199178826794 0.037491947184888068 -0.051789764727252774 -0.012403965355270037 0.0022197820186319653 0.027626592180744796 -0.013081919741483213 -0.0080393031675891242 0.042967952311745265 -0.0042811491804036388 -0.00026507441242741765 -0.0066314424083078593 0.015124694412548668 -0.043186570420043494 0.034381731788044281 -0.0085489489914670532
leaf_weight=24.6855129301548 20.031575880944729 10.052295483648775 49.363358780741692 20.511755868792534 6.9302929788827887 5.2235488295555106 6.0275219604373005 25.948766633868217 146.73477580398321 12.445449352264403 19.135098420083523 9.3926510214805585 9.269500330090521 10.30550952255726 14.886561416089533 7.2173889130353928 17.745128981769085 3.7638549357652709 5.2938228994607943 12.626526400446888
leaf_count=105 76 43 179 101 24 20 28 106 552 43 74 36 31 39 60 30 66 18 20 53
internal_value=0.000685918 -0.00211259 0.00130098 -0.0143789 -0.00698207 8.06314e-05 -0.00651445 -0.0208835 0.00362637 0.00748325 0.0033607 0.0158097 0.0228587 0.0135194 -0.0126024 -0.00203406 0.00263808 -0.00522261 0.0116862 -0.0180969
internal_weight=437.591 310.364 243.35 67.0141 46.5024 233.298 81.3396 31.9763 151.958 127.227 85.8134 41.4131 32.0205 22.751 39.5721 65.7818 46.6467 28.9016 12.5112 16.3904
internal_count=1704 1218 928 290 189 885 313 134 572 486 337 149 113 82 165 261 187 121 50 71
is_linear=0
shrinkage=0.0415478


Tree=205
num_leaves=27
num_cat=0
split_feature=8 13 15 13 18 15 8 3 3 13 18 18 13 13 13 3 13 8 8 15 15 3 3 8 8 8
split_gain=3.46775 7.14092 6.27953 6.90395 6.64904 5.9143 5.37592 4.40155 5.3834 4.33324 7.78795 4.45642 5.45949 4.94464 5.55811 4.02325 3.59525 3.48308 2.57308 2.37734 4.82449 2.29346 2.29158 2.08042 3.18784 2.34568
threshold=0.42553355490659567 -0.68961517080195278 0.71039813614964453 0.67352918547239604 0.69657992174808581 0.67211674409850264 0.59297299546551596 0.71778927046898822 -0.41885127537106792 -0.44498648622977582 0.20668945804000563 -0.68494468518227081 -0.37892616555324304 0.12463438508862672 1.1248467960608213 -1.2764487552916808 -0.052192834080088187 0.87368734907972656 -1.5006197890827797 0.67211674409850264 -0.28695024102108097 1.0403343603006598 -1.614421224236197 1.5018187030574215 1.4569885598847412 1.0760615257764219
decision_type=2 2 2 2 2 2 2 2 2 2 2 2 2 2 2 2 2 2 2 2 2 2 2 2 2 2
left_child=2 6 5 -4 -5 9 19 8 22 10 -1 13 -13 -11 -15 -14 -17 -8 -18 20 -2 -7 -3 24 25 -19
right_child=1 7 3 4 -6 21 17 -9 -10 11 -12 12 15 14 -16 16 18 23 -20 -21 -22 -23 -24 -25 -26 -27
leaf_value=0.0044748100697738855 -0.0037933290870277507 -0.0024650505312911988 0.0031042147163364937 0.0033592284425070199 -0.0031905581829382119 -0.0028170431567935651 0.0033333422676932638 0.0024967552133479775 -0.0031686138603006617 0.0019364257592640927 -0.0017261050678977563 -0.0019644845427182079 0.0042649550045232871 -0.0032963440692229755 0.00094331675777792703 0.0030311347169772068 0.0018160472748397711 0.00022202372292571664 0.0001834441660378474 -0.0028762157452220383 0.0011535169960742316 0.00060343828029552809 -0.00010517878551044349 0.0016621977504361685 -0.0016227050136058509 0.0032446901460652356
leaf_weight=10.60906809568405 4.195715636014941 9.152405768632887 28.257268249988556 3.6624750494956952 7.0768340677022934 15.077065631747248 9.4225328266620618 4.3230905383825293 25.66461680829525 6.500637635588645 4.9776105880737296 14.84390267729759 4.7670327425003043 18.531448833644394 7.6267564743757239 9.3993333727121335 19.726422026753426 22.147043973207477 135.64268735051155 9.4250152111053449 12.243622481822969 4.2983185648918143 31.966767504811287 21.881150335073471 13.37240546941757 5.2169333398342124
leaf_count=39 19 36 96 11 29 62 34 13 112 24 22 57 15 82 27 33 63 77 491 37 43 15 120 76 51 20
internal_value=0.000142031 -0.000346597 0.000426018 0.00201217 -0.000865327 0.000175009 0.00040555 -0.00137554 -0.00165443 0.000367323 0.00249622 0.000205811 0.000465864 -0.00123805 -0.00206537 0.000687167 0.000563256 0.00100723 0.000399043 -0.0012484 -0.000230302 -0.00205619 -0.000668138 0.000619875 3.87324e-05 0.000873269
internal_weight=460.008 169.011 290.997 38.9966 10.7393 252 97.9044 71.1069 66.7838 232.625 15.5867 217.038 184.379 32.6588 26.1582 169.535 164.768 72.0401 155.369 25.8644 16.4393 19.3754 41.1192 62.6175 40.7364 27.364
internal_count=1704 638 1066 136 40 930 357 281 268 853 61 792 659 133 109 602 587 258 554 99 62 77 156 224 148 97
is_linear=0
shrinkage=0.00429854


Tree=206
num_leaves=28
num_cat=0
split_feature=4 4 4 4 20 20 20 18 18 4 4 18 18 17 17 17 18 18 17 20 20 18 20 20 17 17 20
split_gain=4.55418 6.45059 5.48241 10.2098 5.05767 4.74105 4.97739 3.14792 4.61022 3.84604 10.0829 2.96228 5.12902 2.79171 5.02366 5.25359 3.599 3.06619 2.87675 2.61396 3.84352 2.51129 2.20844 2.19721 2.17804 4.52162 2.73206
threshold=-0.26944506927502088 0.18062957200711802 -0.35982838088149099 -0.72347374258912234 0.47956423963928357 1.5806636067533024 1.179285513692568 0.20668945804000563 -1.6862816668956799 -0.90198744283486154 -1.1222525246231092 2.026934388300194 0.77367194566385444 1.0073417079084959 -0.16986507935584202 -1.1901039001979685 0.69657992174808581 -0.16707140436703558 0.37861839386817903 1.0505321753760331 0.17372689560907117 -0.36580584482134909 -0.71465383850357789 -0.48573192854616987 -0.72939701157122128 -1.236399876590961 1.5806636067533024
decision_type=2 2 2 2 2 2 2 2 2 2 2 2 2 2 2 2 2 2 2 2 2 2 2 2 2 2 2
left_child=2 22 3 5 -5 6 7 8 -1 10 -9 12 13 14 15 -3 17 21 -19 20 -10 -16 -2 -14 25 -4 -26
right_child=1 11 24 4 -6 -7 -8 9 19 -11 -12 -13 23 -15 16 -17 -18 18 -20 -21 -22 -23 -24 -25 26 -27 -28
leaf_value=-0.0024323997431222517 0.00012513904321034995 -0.00050598340906570633 -0.002242195965380949 0.0034528743875227854 0.00011559892789726179 -0.0016619004605131135 0.0034766086366544986 -0.00085081463402624641 4.7681586350720134e-05 -0.0016931747578260027 0.0039438611551953166 -0.0015503313117687899 0.0020475666344785316 0.0015839436807554598 -0.0002621011731068555 0.0011916951582919663 -0.0026072002867922029 0.0016473891518286072 -0.00070790646123004646 -0.00042402850274326679 0.0025343947853040888 -0.0019627666467323299 0.0025559860233254983 0.00031085366305744617 -0.0015492374454677321 0.0018328089844261437 0.00072177732009507821
leaf_weight=4.5506760776042929 5.6198328584432629 34.398592561483383 4.3786996901035309 14.518391519784929 8.4184952676296216 21.277615495026112 4.1346829384565345 23.502112448215485 12.734430566430094 22.506582573056225 5.8437010496854773 9.0932592153549177 26.797729551792145 13.775556460022925 28.754478365182873 57.063244923949242 8.9198107570409757 13.455955609679224 10.292673975229262 11.259553149342535 17.015224799513817 15.683446839451792 21.427716344594955 13.120889618992804 49.878987938165665 7.8195886909961683 6.7132986187934867
leaf_count=18 22 121 18 51 29 86 11 88 48 84 18 34 86 45 107 194 34 46 38 43 57 64 72 45 196 25 24
internal_value=0.000182184 0.000490949 -0.000190104 0.000190295 0.00226658 -0.000209584 0.000105254 -6.53799e-05 0.000592401 -0.000643717 0.000183526 0.000300609 0.000381735 0.000133293 7.70093e-06 0.000553896 -0.000639262 -0.000354891 0.000634381 0.000970254 0.00149696 -0.000885536 0.002064 0.00149178 -0.000989278 0.000316298 -0.00127236
internal_weight=472.955 258.403 214.552 145.761 22.9369 122.825 101.547 97.4123 45.5599 51.8524 29.3458 231.356 222.262 182.344 168.568 91.4618 77.1064 68.1866 23.7486 41.0092 29.7497 44.4379 27.0475 39.9186 68.7906 12.1983 56.5923
internal_count=1704 908 796 533 80 453 367 356 166 190 106 814 780 649 604 315 289 255 84 148 105 171 94 131 263 43 220
is_linear=0
shrinkage=0.00346074


Tree=207
num_leaves=28
num_cat=0
split_feature=3 7 3 3 3 3 3 3 3 17 17 17 17 17 17 17 7 7 13 17 17 7 3 3 3 17 7
split_gain=3.62951 7.89672 6.11681 6.70709 5.28986 5.05016 5.01354 4.26493 5.34512 5.5286 3.7218 3.66046 3.45408 4.46769 3.41276 3.12886 2.77562 4.01996 3.96227 2.60338 3.42667 2.5194 2.1932 4.98688 6.41859 2.16896 2.12375
threshold=-0.85170420315479034 -0.31644397347939074 0.072813342042342036 0.16302681097039168 1.0403343603006598 -0.19464534090771646 -1.2195966474792888 0.660275890347226 0.57701097390559453 0.69351169686856318 1.0000000180025095e-35 -0.34110804589078153 -0.34110804589078153 -0.96658852314749855 -0.13036439411240175 1.8820887824532846 -0.3374844794894083 -0.5705064378661181 0.46955300593193156 -1.6844531834967795 -1.236399876590961 -1.1401522402143931 -1.7339487907738638 -1.6891796167818998 -1.2764487552916808 0.92504046582021371 0.18103424444789548
decision_type=2 2 2 2 2 2 2 2 2 2 2 2 2 2 2 2 2 2 2 2 2 2 2 2 2 2 2
left_child=6 16 5 11 7 12 19 8 9 -5 14 -4 13 -3 -6 -12 17 -2 -19 -1 -21 -8 -22 -24 -25 -18 -13
right_child=1 2 3 4 10 -7 21 -9 -10 -11 15 26 -14 -15 -16 -17 25 18 -20 20 22 -23 23 24 -26 -27 -28
leaf_value=-0.0015960373515218837 -0.00072980960261971053 -1.129754800220969e-05 -0.0027612365806900219 0.0033828806580956878 -0.00010827812071773539 0.0037091651729038331 0.00024796165395380001 0.002846033392924054 -0.00036078354502694105 -0.00051636621494072622 0.00075201387819450382 -0.0013987776551079708 -0.00015570728161476468 0.0039135143523188545 -0.0033352393378649086 -0.0013886380384218631 -0.0018181151881719977 0.0026219199676379254 -0.001619274461032911 0.0037812598015963322 0.002335271689960481 0.0036717653371781721 -0.0024519427112176155 0.0040744170822271889 -8.1795735036214469e-05 0.00041870502224616548 0.0005726102594935088
leaf_weight=7.9393562376499167 64.540159776806831 8.1815332025289553 14.743870481848715 16.157516822218899 10.996100068092348 13.100398138165472 4.6088492870330837 19.449226722121239 32.296345427632332 8.3667944818735105 50.503969937562943 16.318096578121185 22.164025023579597 9.4893534332513791 9.0398245900869352 12.899478405714033 43.216269612312317 11.577474251389502 4.1717863678932181 4.4739837497472754 7.1788818389177314 12.768798023462294 8.9441341906785947 6.5059224367141644 29.254859045147903 7.7675040662288657 16.791262730956078
leaf_count=30 236 28 58 53 38 43 17 66 115 31 173 63 83 30 37 55 171 40 15 15 23 44 34 22 98 28 58
internal_value=0.000198457 3.85591e-05 0.000439591 0.000129225 0.000521243 0.00163684 0.00095762 0.00127355 0.000704128 0.00207337 -0.000171654 -0.00116613 0.000897449 0.00216765 -0.00163169 0.000303995 -0.000755095 -0.000288812 0.00146593 0.000430841 0.00073505 0.00280402 0.000418701 7.46626e-05 0.000746855 -0.00147452 -0.000409534
internal_weight=473.446 391.771 260.498 207.562 159.709 52.9353 81.6748 76.2699 56.8207 24.5243 83.4394 47.8532 39.8349 17.6709 20.0359 63.4034 131.273 80.2894 15.7493 64.2971 56.3578 17.3776 51.8838 44.7049 35.7608 50.9838 33.1094
internal_count=1704 1421 931 747 568 184 283 265 199 84 303 179 141 58 75 228 490 291 55 222 192 61 177 154 120 199 121
is_linear=0
shrinkage=0.00398259


Tree=208
num_leaves=2
num_cat=0
split_feature=20
split_gain=2.49627
threshold=-1.4829235062602291
decision_type=2
left_child=-1
right_child=-2
leaf_value=0.016036624454290879 0.00014698613498889738
leaf_weight=13.915306776762007 424.04483181238174
leaf_count=55 1649
internal_value=0.000680464
internal_weight=437.96
internal_count=1704
is_linear=0
shrinkage=0.037985


Tree=209
num_leaves=9
num_cat=0
split_feature=3 3 3 3 18 18 18 3
split_gain=2.14395 3.56494 6.60899 4.46126 3.73661 3.08736 4.57387 2.55797
threshold=-0.85170420315479034 -1.6891796167818998 -1.7339487907738638 -1.2764487552916808 -1.2439019120508599 -0.68494468518227081 -0.36580584482134909 -1.2195966474792888
decision_type=2 2 2 2 2 2 2 2
left_child=1 2 -1 -3 -5 -2 -7 -6
right_child=5 3 -4 4 7 6 -8 -9
leaf_value=0.01821889779944813 -0.0083314987678560354 0.045558191783308527 -0.034144018349341082 0.041283377158652053 -0.004394307928912375 0.028921485529446494 0.00038658523673706154 0.021187371945758128
leaf_weight=9.7842059284448624 89.56111054122448 7.8121524453163138 10.244381368160248 5.7903716564178458 29.75103139877319 12.395842872560022 260.91328590363264 11.462270244956018
leaf_count=36 372 32 41 20 105 54 995 49
internal_value=0.000767997 0.00801977 -0.00880594 0.014216 0.00833769 -0.000742137 0.00176176 0.00299384
internal_weight=437.715 74.8444 20.0286 54.8158 47.0037 362.87 273.309 41.2133
internal_count=1704 283 77 206 174 1421 1049 154
is_linear=0
shrinkage=0.0473619


Tree=210
num_leaves=12
num_cat=0
split_feature=12 9 9 9 12 12 12 12 12 12 9
split_gain=4.24452 3.8776 5.62714 4.2382 2.47683 3.25545 5.73982 3.35367 2.10641 5.50425 1.91129
threshold=0.28748883168419687 -0.32678568911673378 -0.7108823515718008 -0.11222137205842496 1.0155540191446282 1.2758347554729597 1.7331623732449384 1.8681926915919886 0.20280095128553202 -0.43305883673369411 -1.5822559785204351
decision_type=2 2 2 2 2 2 2 2 2 2 2
left_child=1 2 10 -3 -2 -6 -7 -8 9 -5 -1
right_child=4 3 -4 8 5 6 7 -9 -10 -11 -12
leaf_value=0.014480519204235837 0.01725622937341309 0.034108360382010323 -0.019333261083776983 -0.00078917593579707062 -0.0035573003514601698 0.041872462705287536 -0.005985986947301721 0.020548911321984203 -0.0089508572799050327 0.021664896803286243 -0.0036345849725843769
leaf_weight=11.838757306337355 31.894568160176277 6.1711014062166205 46.910498723387718 127.84836503118277 51.327039025723934 8.4243996292352659 21.838187888264656 13.021021977066992 33.816823944449425 22.413593158125877 60.275116361677647
leaf_count=42 134 25 204 482 190 37 77 48 137 94 234
internal_value=0.000644934 -0.00203647 -0.00802085 0.0017247 0.00717184 0.00365999 0.0121269 0.00417129 0.000494965 0.0026571 -0.000536132
internal_weight=435.779 309.274 119.024 190.25 126.505 94.6106 43.2836 34.8592 184.079 150.262 72.1139
internal_count=1704 1218 480 738 486 352 162 125 713 576 276
is_linear=0
shrinkage=0.042466


Tree=211
num_leaves=13
num_cat=0
split_feature=4 17 9 9 17 17 17 17 17 17 17 17
split_gain=2.95611 3.99095 4.36608 3.97718 5.1463 2.07915 5.58432 3.77711 2.45607 2.12527 1.93035 3.92463
threshold=-0.26944506927502088 1.0744268753903163 0.20239802304550458 0.38967559665654944 1.492602085599003 1.0000000180025095e-35 -0.16986507935584202 0.37861839386817903 -0.49788046436624273 -0.96658852314749855 -1.0509837578322252 -0.16986507935584202
decision_type=2 2 2 2 2 2 2 2 2 2 2 2
left_child=3 10 -3 -1 5 6 8 -7 9 -5 -2 -12
right_child=1 2 -4 4 -6 7 -8 -9 -10 -11 11 -13
leaf_value=-0.0099824802415924164 -0.0049090031059016844 -0.00087938643684520835 0.044303915779289431 0.023286857798713884 -0.017430713601604402 0.047549211497648888 -0.020944352839488707 0.008500906822457575 0.03851242459111498 -0.0076716910399306382 0.012568076706379152 -0.00096228606008250215
leaf_weight=90.978585451841354 52.368605643510818 7.0946116745471945 8.5577926412224752 6.1050231754779842 19.420902155339718 4.5222428143024436 14.804862558841704 46.047369956970215 4.7031029835343388 10.094350531697271 69.176723271608353 98.568088315427303
leaf_count=387 200 27 29 21 87 15 59 171 19 37 265 387
internal_value=0.0006295 0.00392527 0.0246803 -0.0033211 0.0024425 0.00703956 -0.00103249 0.0126739 0.0133102 0.00456392 0.00236567 0.00464958
internal_weight=432.442 235.766 15.6524 196.676 105.698 86.277 35.7073 50.5696 20.9025 16.1994 220.113 167.745
internal_count=1704 908 56 796 409 322 136 186 77 58 852 652
is_linear=0
shrinkage=0.0437277


Tree=212
num_leaves=11
num_cat=0
split_feature=12 12 12 12 12 12 12 12 12 12
split_gain=3.75047 5.46913 2.34305 4.571 1.99128 7.46292 1.99012 2.85919 5.02117 2.75638
threshold=-0.49395905419048175 -0.20863179707112725 0.28748883168419687 0.20280095128553202 -0.54697953407266342 -1.1490283004266255 1.0155540191446282 1.2758347554729597 1.7331623732449384 1.8681926915919886
decision_type=2 2 2 2 2 2 2 2 2 2
left_child=4 -2 3 -3 5 -1 -4 -8 -9 -10
right_child=1 2 6 -5 -6 -7 7 8 9 -11
leaf_value=-0.0061467108840380456 0.031513908496312422 0.010715484184592953 0.014309416356155158 -0.0069645408408357742 -0.0077824364568499955 0.015734073350598579 -0.0028846465175929189 0.036543072770559251 -0.0044384904610270523 0.017357783844149838
leaf_weight=80.533775761723518 9.1297401189804059 29.514441005885601 31.041224248707294 71.819885738193989 84.480892807245255 30.856490567326546 51.058762729167938 7.8140138238668433 21.731736242771149 12.820916533470152
leaf_count=310 42 121 134 293 336 116 190 37 77 48
internal_value=0.000518173 0.00377135 0.00254256 -0.00176918 -0.00338311 -1.67934e-05 0.00604211 0.00319964 0.0104493 0.0038641
internal_weight=430.802 234.931 225.801 101.334 195.871 111.39 124.467 93.4254 42.3667 34.5527
internal_count=1704 942 900 414 762 426 486 352 162 125
is_linear=0
shrinkage=0.0382562


Tree=213
num_leaves=22
num_cat=0
split_feature=12 12 12 12 12 12 0 12 12 12 0 12 15 15 15 0 0 0 0 0 3
split_gain=5.12244 5.25859 4.72399 15.7445 5.16458 12.2793 7.93354 3.47968 6.99651 4.14648 2.96168 2.95748 2.89285 5.60063 2.16673 2.15718 2.93705 2.12701 6.54361 6.18503 1.97839
threshold=0.28748883168419687 1.0155540191446282 0.20280095128553202 -0.43305883673369411 -0.54697953407266342 -1.1490283004266255 -0.68132789571010244 1.2758347554729597 1.7331623732449384 1.8681926915919886 -1.1583864217249602 -0.20863179707112725 1.1199777402796842 1.5524030795024919 0.67211674409850264 1.096262787866437 -0.73654673363823309 -1.3576383436265611 -1.2288379138832479 -1.8062125896886265 -0.41885127537106792
decision_type=2 2 2 2 2 2 2 2 2 2 2 2 2 2 2 2 2 2 2 2 2
left_child=2 -2 3 4 5 6 17 12 -9 -10 -7 -5 14 -14 -3 16 -6 19 -19 -1 -4
right_child=1 7 20 11 15 10 -8 8 9 -11 -12 -13 13 -15 -16 -17 -18 18 -20 -21 -22
leaf_value=-0.00014282643524882394 0.0018899983649533617 -0.00078385769664397959 -0.00046953260974529011 0.0044273346470872638 -0.0020224467359661372 -0.00042280333012464184 -0.0023181082672635829 0.0040585444558077256 -0.0010433389554351665 0.0017869659548276054 0.0026322354538315593 0.0015671571865338559 0.0027962533195626119 -0.0017804049863054312 -0.0032136954746693857 -0.0035511728232103319 -0.00047461114049686609 -0.0028530390487144274 0.0011882042130830742 0.004762904158143645 -0.0018631277402057162
leaf_weight=16.292130663990978 33.74719549715519 29.337088406085968 28.070882648229599 7.4535609334707251 37.792458444833755 6.4362205266952506 36.971409812569618 8.4772249087691289 22.444897651672363 13.463739708065985 26.752299800515175 32.212642163038254 9.0770480930805224 7.6963259130716315 7.4595172405242911 6.5282403975725165 47.342178322374821 11.222716808319092 15.140785537660122 5.1410422027111045 48.130313709378242
leaf_count=55 134 106 102 32 145 22 145 37 77 48 94 121 27 27 30 28 173 43 52 15 191
internal_value=-0.000184536 0.000502099 -0.000462949 -0.000185636 -0.000639612 -6.53471e-05 -0.000900414 1.28148e-05 0.000860945 3.48655e-05 0.00203865 0.00217834 -0.000692595 0.000706273 -0.00133315 -0.001372 -0.00117387 0.0002152 -0.00056398 0.00116145 -0.00135903
internal_weight=457.19 131.703 325.487 249.286 209.619 117.957 84.7681 97.9558 44.3859 35.9086 33.1885 39.6662 53.57 16.7734 36.7966 91.6629 85.1346 47.7967 26.3635 21.4332 76.2012
internal_count=1704 486 1218 925 772 426 310 352 162 125 116 153 190 54 136 346 318 165 95 70 293
is_linear=0
shrinkage=0.00413915


Tree=214
num_leaves=3
num_cat=0
split_feature=18 18
split_gain=1.99963 2.54345
threshold=2.026934388300194 1.2368139676713283
decision_type=2 2
left_child=1 -1
right_child=-2 -3
leaf_value=0.00017710587221191366 -0.015519842444778975 0.014927632701511449
leaf_weight=393.14627575874329 12.99738898873329 21.686578750610352
leaf_count=1574 52 78
internal_value=0.000446112 0.000975575
internal_weight=427.83 414.833
internal_count=1704 1652
is_linear=0
shrinkage=0.042691


Tree=215
num_leaves=15
num_cat=0
split_feature=20 6 6 6 6 6 6 6 6 6 6 6 6 6
split_gain=3.16597 2.75531 3.21074 3.05681 5.54281 2.55111 4.63367 3.8618 3.78422 6.16928 3.18932 2.91456 2.15537 2.51319
threshold=-1.4829235062602291 1.5107362937016529 2.2257860785937322 1.4731682945766835 0.94460937826905134 0.90478729919658407 -0.12330147066940911 -0.73906795886846166 -0.71385796343355146 -0.43810469869615359 -1.5911475394638808 0.26504371011954014 0.40490874818778172 0.5390534876047296
decision_type=2 2 2 2 2 2 2 2 2 2 2 2 2 2
left_child=-1 3 -3 4 5 6 7 10 -9 -10 -2 -8 -13 -14
right_child=1 2 -4 -5 -6 -7 11 8 9 -11 -12 12 13 -15
leaf_value=0.002816276568295467 -0.0011484200754810923 0.0038799410659229421 -0.0017596066552579977 -0.0021738256818694948 0.0035191631895979906 -0.001509789958273161 0.0031211821379158611 -0.0026235106076191814 0.0025778028055845809 -0.0011282292546745006 0.0014686181087889714 0.00012784417022962527 0.0055595028619131789 0.00098087361164219625
leaf_weight=14.247422635555266 23.689508594572544 12.174496382474901 4.4060229510068885 22.581310838460922 15.031414195895193 39.808044746518135 19.104851871728897 37.899231754243374 19.095905125141144 83.240535907447338 51.893945910036564 77.10019588470459 5.1967520564794567 16.40085032582283
leaf_count=55 95 41 19 88 55 149 81 161 77 335 194 273 19 62
internal_value=0.000120593 2.56423e-05 0.00235804 -7.28947e-05 5.34768e-05 -9.33114e-05 7.89166e-05 -0.000442123 -0.00102815 -0.000421965 0.000644127 0.00103007 0.000603888 0.00223745
internal_weight=441.87 427.623 16.5805 411.043 388.461 373.43 333.622 215.819 140.236 102.336 75.5835 117.803 98.6978 21.5976
internal_count=1704 1649 60 1589 1501 1446 1297 862 573 412 289 435 354 81
is_linear=0
shrinkage=0.00598809


Tree=216
num_leaves=27
num_cat=0
split_feature=2 2 2 2 2 17 20 17 17 4 4 17 17 17 17 2 2 2 17 2 2 17 17 17 17 4
split_gain=3.75962 3.58749 10.6465 6.8704 5.73421 4.92306 4.38443 6.6468 2.85582 2.68944 6.37371 5.17473 3.85232 3.81198 3.4443 2.90845 4.79027 2.72115 2.65321 2.447 2.85657 2.43062 2.12655 2.07906 2.07459 2.00676
threshold=-2.0895454277318604 -0.43797190448600692 -0.41179469819859527 0.086563618832801587 -0.89062248308965575 0.92504046582021371 0.092415619838413912 1.4247021350057252 0.057899391620876692 0.23292630750590157 0.68622810871403139 -0.13036439411240175 -1.7262352614522998 -0.55817848852962559 0.92504046582021371 1.1336906641472468 0.20141918259607691 0.84915094054365403 1.0744268753903163 0.67870383561641567 0.4827174671863097 1.0000000180025095e-35 0.69351169686856318 -0.16986507935584202 0.56841804576655408 -1.8630455633890992
decision_type=2 2 2 2 2 2 2 2 2 2 2 2 2 2 2 2 2 2 2 2 2 2 2 2 2 2
left_child=25 4 5 -4 6 -3 18 8 23 11 -11 13 -12 15 21 16 -5 19 -2 20 -13 -14 -10 -8 -6 -1
right_child=1 2 3 9 24 -7 7 -9 22 10 12 17 14 -15 -16 -17 -18 -19 -20 -21 -22 -23 -24 -25 -26 -27
leaf_value=0.00032165031919390648 0.00089299985462023169 -0.0025825410625934494 0.0023295080981113846 -0.00075583603816278702 0.0014728335976885087 9.5039391111766247e-05 0.00031869000533083999 -0.0034207650598549154 0.0024687364930757825 0.003115961760716178 -0.0033088551725747018 -0.0011999818278520219 0.00023851308418902152 0.0035680414438753897 -0.0029402204488488968 -0.0016263155475176167 0.0020688878641134073 0.00079114288761227827 0.0040515812410351314 -0.0026860508284149661 0.0021874671170489172 0.002087001463070926 8.6327014896100384e-06 -0.0024849814672344441 0.003896009805981144 -0.0036486134868087827
leaf_weight=3.1259128823876381 27.150764100253582 37.469551175832748 26.438233405351639 19.907138556241989 18.082800045609478 18.153288006782532 9.8923486471176165 10.1999135017395 11.455187126994135 14.437242761254309 4.5781446099281302 40.675638891756535 75.203174933791161 6.1085936278104773 4.5363889485597602 11.190899863839148 21.998435065150261 11.501979276537893 5.1717997938394538 18.278638482093811 4.2419493347406378 14.67953799664974 12.990681797266005 8.0384998768568021 10.620939791202543 6.3788330703973752
leaf_count=12 94 167 106 72 71 69 37 44 39 51 19 155 268 22 19 42 72 41 16 72 15 50 47 33 39 32
internal_value=0.000127951 0.000186539 -3.83271e-05 0.000306893 0.000834295 -0.00171773 0.000271852 -0.000483804 0.000272965 8.38915e-05 0.000562832 -0.000322817 0.000168564 0.000609815 0.000364156 0.000221924 0.000736947 -0.00106098 0.0014825 -0.00140488 -0.000846613 0.000556071 0.00120046 -0.000986698 0.00244662 -0.00240263
internal_weight=452.507 443.002 329.399 273.776 113.603 55.6228 84.8992 52.5766 42.3767 247.338 113.434 133.903 98.9972 59.2051 94.4191 53.0965 41.9056 74.6982 32.3226 63.1962 44.9176 89.8827 24.4459 17.9308 28.7037 9.50475
internal_count=1704 1660 1240 1004 420 236 310 200 156 898 407 491 356 208 337 186 144 283 110 242 170 318 86 70 110 44
is_linear=0
shrinkage=0.00424649


Tree=217
num_leaves=10
num_cat=0
split_feature=14 14 6 6 6 14 14 14 6
split_gain=2.94672 6.89063 2.46629 3.29427 3.94167 3.17081 2.27294 3.05339 1.99716
threshold=1.7724413147135019 1.1363373556406191 1.5107362937016529 1.4731682945766835 0.94460937826905134 -0.66989875623872586 0.96968499839693922 0.53389171656532852 -0.90438791081894754
decision_type=2 2 2 2 2 2 2 2 2
left_child=1 2 3 4 6 -4 7 -1 -2
right_child=8 -3 5 -5 -6 -7 -8 -9 -10
leaf_value=0.00018360970138128513 0.0031535338016321786 0.029535164139553653 -0.0005247092280923621 -0.013088084939310643 0.018219962153734358 0.028733480462711392 -0.0080532493994123489 0.019002800161452629 -0.017551879213786453
leaf_weight=292.15662687271833 7.9969537481665638 9.356164485216139 9.6950809285044688 22.119454830884933 14.084889158606527 7.6010707914829245 38.826409481465816 10.130885407328604 17.179700627923012
leaf_count=1139 29 47 37 88 55 28 158 46 77
internal_value=0.00037668 0.00110956 0.000376729 -0.000228193 0.000600426 0.0129936 -0.000168279 0.00086312 -0.0110515
internal_weight=429.147 403.971 394.614 377.318 355.199 17.2962 341.114 302.288 25.1767
internal_count=1704 1598 1551 1486 1398 65 1343 1185 106
is_linear=0
shrinkage=0.0350272


Tree=218
num_leaves=24
num_cat=0
split_feature=14 14 3 14 14 17 14 14 14 17 14 17 17 17 17 17 17 17 17 14 17 14 14
split_gain=4.10716 11.5445 9.27742 4.14239 9.12684 4.65854 2.93719 18.4042 7.00906 8.20923 6.20237 4.27406 5.50097 3.91918 2.94153 2.59724 2.58908 2.60042 2.33553 2.20715 1.94401 1.93471 2.51642
threshold=1.7724413147135019 1.1363373556406191 -0.79400040430519903 0.96968499839693922 0.53389171656532852 0.13155985881215598 0.26160392451939263 -0.39637255817794798 -0.52401811727297753 -0.13036439411240175 -0.1351705938880626 -1.1901039001979685 0.37861839386817903 0.48615754283384488 -1.236399876590961 0.92504046582021371 1.0073417079084959 -0.62531254299813366 1.492602085599003 0.46814851029914545 1.1724697271919495 1.9430900739760919 2.505093081842046
decision_type=2 2 2 2 2 2 2 2 2 2 2 2 2 2 2 2 2 2 2 2 2 2 2
left_child=1 3 -2 4 6 -5 7 8 11 14 -9 -1 -13 19 -10 -7 17 -12 -15 -8 -11 -4 -23
right_child=2 -3 21 5 -6 15 13 10 9 20 16 12 -14 18 -16 -17 -18 -19 -20 -21 -22 22 -24
leaf_value=-0.0013547972883604404 0.0020472320494946739 0.0030993729394432476 -0.0034078402559423512 -0.0019969128598339735 0.0024782634697408431 0.0015078051150682107 -0.0012313304188949986 0.0038590769570508283 -0.0019981679909855153 -0.0021732577268409733 0.0020663542609843481 0.0010766305837760499 -0.00044916823300878664 0.001146252179416842 0.00045425184611307806 -0.00092903727351749052 0.00328784495646615 2.4050143192504768e-05 -0.00098375515626438403 0.00064845585808366124 -0.00027162237684713722 0.00054178392772875222 -0.0025800606854677974
leaf_weight=17.828564718365669 6.0097972601652172 11.473214656114576 10.780499532818796 26.938425466418266 14.258554086089132 8.079905033111574 67.388888150453568 12.333419889211653 5.6376576423645011 46.830635726451874 9.7464422136545164 57.03688994795084 48.002927228808403 17.174825549125675 33.848576173186302 9.9980227798223478 4.461631938815116 20.402134351432327 7.6894385218620291 7.2275844216346732 7.0846309363842002 4.5702482908964139 5.8979275822639465
leaf_count=68 20 47 47 104 55 28 246 48 22 185 34 200 179 57 112 38 14 77 29 27 28 16 23
internal_value=-0.000173616 -9.31912e-05 -0.00141313 -0.000185771 -7.02246e-05 -0.00113522 -0.000175704 9.82952e-06 -0.000403665 -0.0010902 0.0018895 0.000121702 0.000381018 -0.000662824 6.95172e-05 0.000175383 0.00111931 0.000720802 0.000474651 -0.00104346 -0.00192922 -0.00243651 -0.00127452
internal_weight=460.701 433.442 27.2585 421.969 376.953 45.0164 362.694 263.214 216.27 93.4015 46.9436 122.868 105.04 99.4807 39.4862 18.0779 34.6102 30.1486 24.8643 74.6165 53.9153 21.2487 10.4682
internal_count=1704 1598 106 1551 1381 170 1326 967 794 347 173 447 379 359 134 66 125 111 86 273 213 86 39
is_linear=0
shrinkage=0.00334538


Tree=219
num_leaves=12
num_cat=0
split_feature=6 6 6 6 6 6 6 6 6 6 6
split_gain=2.20621 5.67507 2.01571 4.06108 2.10785 3.71511 3.45595 3.24832 4.00922 2.72383 2.36982
threshold=2.4706339562056718 1.6923952119014076 1.4731682945766835 0.94460937826905134 0.90478729919658407 -0.12330147066940911 -0.73906795886846166 -0.71385796343355146 -0.43810469869615359 0.26504371011954014 -2.329618169777294
decision_type=2 2 2 2 2 2 2 2 2 2 2
left_child=1 2 3 4 5 6 10 -8 -9 -7 -1
right_child=-2 -3 -4 -5 -6 9 7 8 -10 -11 -12
leaf_value=-0.020142577150645394 -0.033143628812954559 0.032936218469779802 -0.013667756018275488 0.02539908637193649 -0.010688758468284784 0.02423861088236352 -0.019537524246918642 0.017549820845948624 -0.0073697201283875659 0.0044821678662054073 0.0082654060184466933
leaf_weight=6.9385392591357222 3.7599648982286444 11.798384234309195 24.082030594348907 14.289237909018992 40.937387973070145 19.192872405052185 37.552677653729916 17.936068795621395 83.479598216712475 99.708105251193047 68.483765572309494
leaf_count=34 18 41 96 57 154 91 164 78 343 366 262
internal_value=0.000397164 0.000757129 -0.00022552 0.000634183 -0.000363901 0.000926881 -0.00290463 -0.00744997 -0.00285932 0.00780915 0.00545763
internal_weight=428.159 424.399 412.6 388.518 374.229 333.292 214.391 138.968 101.416 118.901 75.4223
internal_count=1704 1686 1645 1549 1492 1338 881 585 421 457 296
is_linear=0
shrinkage=0.0487537


Tree=220
num_leaves=11
num_cat=0
split_feature=4 4 4 9 9 4 4 4 4 4
split_gain=2.45843 9.48969 3.83334 2.44825 3.86715 3.31178 2.48928 3.32386 2.07638 7.92353
threshold=-1.7950887299003944 -1.8630455633890992 -1.3601604288369398 0.66645693193159439 1.4713679533524111 -0.26944506927502088 0.68622810871403139 0.23292630750590157 -0.35982838088149099 -0.79343613419221082
decision_type=2 2 2 2 2 2 2 2 2 2
left_child=1 -1 -2 5 -5 8 7 -7 9 -4
right_child=2 -3 3 4 -6 6 -8 -9 -10 -11
leaf_value=0.016637708154791132 0.038756668110129046 -0.053453291683367189 -0.010900385975079387 0.017281368282398745 -0.0059090185237703008 0.0032546203568817969 -0.0022378107698509853 0.024769672510905092 -0.015126568277976069 0.028323472334184235
leaf_weight=8.7407085448503512 5.3753672912716857 7.8580044060945502 52.839302383363247 44.194536775350571 26.217247642576694 73.640496321022511 120.84122588485479 20.993831902742386 49.692172043025494 14.670239709317682
leaf_count=33 23 40 218 163 103 290 471 88 210 65
internal_value=0.000360725 -0.0174127 0.00111594 0.000537307 0.00866939 -0.00120066 0.00235523 0.00819163 -0.00771045 -0.00214452
internal_weight=425.063 16.5987 408.464 403.089 70.4118 332.677 215.476 94.6343 117.202 67.5095
internal_count=1704 73 1631 1608 266 1342 849 378 493 283
is_linear=0
shrinkage=0.0483321


Tree=221
num_leaves=15
num_cat=0
split_feature=2 2 2 2 17 13 2 17 17 17 17 7 13 13
split_gain=3.31502 2.97986 8.53613 6.04577 5.17892 5.12545 4.36808 2.76549 2.36219 7.72237 2.47124 2.27886 2.42488 2.13873
threshold=-2.0895454277318604 -0.43797190448600692 -0.41179469819859527 0.086563618832801587 0.92504046582021371 -0.44498648622977582 -0.89062248308965575 0.56841804576655408 -0.13036439411240175 -0.55817848852962559 -1.7262352614522998 0.023339584221984292 -1.1480951199460911 -2.1165327144325219
decision_type=2 2 2 2 2 2 2 2 2 2 2 2 2 2
left_child=-1 5 4 -4 -3 11 -7 -8 9 10 -5 12 13 -2
right_child=1 2 3 8 -6 6 7 -9 -10 -11 -12 -13 -14 -15
leaf_value=-0.0024551172294546559 0.00017860948253435157 -0.002634761170690655 0.0023668107702280879 -0.0019574669028125354 0.00033549884796247481 -0.00051536568999853601 0.00025534841162370373 0.0038012878440980514 -0.00039655691447797566 0.0033735844420876185 0.00028605185709175868 0.0034680699840236215 -0.00074866199492488376 0.0036940660092334753
leaf_weight=9.3656274303793889 6.1190565377473822 36.921859875321388 25.649056032299995 10.550030931830404 17.868643537163734 56.200296297669411 9.2171169221401232 8.4825402051210386 118.07150349020958 16.099260747432709 101.49810744822025 15.662470445036886 8.2870386093854922 8.1155423223972303
leaf_count=44 22 167 106 41 69 211 35 32 438 61 358 57 32 31
internal_value=0.000120459 0.000179866 -4.12537e-05 0.00029159 -0.00167323 0.000820057 0.000112077 0.00203862 6.8454e-05 0.000496661 6.23454e-05 0.00216083 0.0011684 0.00226539
internal_weight=448.108 438.743 326.658 271.868 54.7905 112.084 73.9 17.6997 246.219 128.147 112.048 38.1841 22.5216 14.2346
internal_count=1704 1660 1240 1004 236 420 278 67 898 460 399 142 85 53
is_linear=0
shrinkage=0.00457132


Tree=222
num_leaves=2
num_cat=0
split_feature=17
split_gain=2.00401
threshold=1.8820887824532846
decision_type=2
left_child=-1
right_child=-2
leaf_value=0.00089013996743660801 -0.015629052420900368
leaf_weight=410.00676998496056 13.493848398327826
leaf_count=1640 64
internal_value=0.000335046
internal_weight=423.501
internal_count=1704
is_linear=0
shrinkage=0.0434297


Tree=223
num_leaves=8
num_cat=0
split_feature=14 14 8 16 8 16 16
split_gain=2.46585 5.87555 3.62365 3.05586 2.38364 2.70623 3.43885
threshold=1.7724413147135019 1.1363373556406191 1.6264284892959253 2.4225990969152975 0.42553355490659567 0.55635576966207345 0.99860973549103316
decision_type=2 2 2 2 2 2 2
left_child=1 3 -2 4 -1 -6 -7
right_child=2 -3 -4 -5 5 6 -8
leaf_value=0.003246626974606614 -0.022193164181959681 0.035389355629638547 0.015214319564939556 -0.032750526519840853 -0.0014796040703693942 -0.031666727061241171 0.0090991538519456169
leaf_weight=255.30132432281971 18.928246371448044 8.6568415686488134 6.061011314392089 4.5006243214011183 112.15159022063017 12.490482643246652 5.2643209993839255
leaf_count=1004 85 47 21 22 450 54 21
internal_value=0.000302824 0.00115496 -0.0128923 0.000322901 0.000777309 -0.00406535 -0.0196411
internal_weight=423.354 398.365 24.9893 389.708 385.208 129.906 17.7548
internal_count=1704 1598 106 1551 1529 525 75
is_linear=0
shrinkage=0.044061


Tree=224
num_leaves=6
num_cat=0
split_feature=12 12 12 12 12
split_gain=3.46132 4.77563 2.23131 4.15518 2.24161
threshold=-0.49395905419048175 -0.20863179707112725 1.2758347554729597 1.7331623732449384 1.8681926915919886
decision_type=2 2 2 2 2
left_child=-1 -2 -3 -4 -5
right_child=1 2 3 4 -6
leaf_value=-0.0045142415054307558 0.038452831672879842 0.00052066951449935444 0.044795369657647903 -0.0040727437110724893 0.021213847303150516
leaf_weight=192.6752722337842 8.5372472926974279 180.00504277646542 7.1239108294248572 21.571776390075684 12.545511886477469
leaf_count=762 42 738 37 77 48
internal_value=0.000299008 0.00433667 0.00288625 0.0130046 0.00550325
internal_weight=422.459 229.783 221.246 41.2412 34.1173
internal_count=1704 942 900 162 125
is_linear=0
shrinkage=0.0488


Tree=225
num_leaves=10
num_cat=0
split_feature=3 3 3 15 18 18 17 17 17
split_gain=3.13838 4.50228 7.30831 7.19145 3.75008 5.94637 2.65018 3.30415 2.08803
threshold=-0.85170420315479034 -1.6891796167818998 -1.7339487907738638 -0.12641803323345716 -0.68494468518227081 -0.36580584482134909 1.4247021350057252 0.057899391620876692 1.0744268753903163
decision_type=2 2 2 2 2 2 2 2 2
left_child=1 2 -1 -3 6 -6 7 -2 -9
right_child=4 3 -4 -5 5 -7 -8 8 -10
leaf_value=0.0020685237056855136 -0.0017245382337279 -0.0015380447373532452 -0.0038372001398533371 0.0027689643715041071 0.0034477044372076878 4.983199474579352e-05 -0.0029896450298171691 -1.102608635184767e-06 0.0036851145013660032
leaf_weight=9.9609050005674362 35.203438028693199 12.511957719922064 10.379969358444214 43.732701435685158 13.373579688370226 262.36807976663113 13.583939254283903 38.033616781234741 3.6480411142110816
leaf_count=36 147 50 41 156 54 995 64 150 11
internal_value=0.000124892 0.001061 -0.000971423 0.00180068 -7.27671e-05 0.000224163 -0.000971868 -0.000588867 0.00038465
internal_weight=442.796 76.5855 20.3409 56.2447 366.211 275.742 90.469 76.8851 41.6817
internal_count=1704 283 77 206 1421 1049 372 308 161
is_linear=0
shrinkage=0.00511711


Tree=226
num_leaves=8
num_cat=0
split_feature=4 4 4 4 4 4 4
split_gain=2.18561 8.23097 3.31803 1.95379 2.0685 1.93458 3.79037
threshold=-1.7950887299003944 -1.8630455633890992 -1.3601604288369398 -0.26944506927502088 2.0220592037395777 -0.45513615586559364 -0.72347374258912234
decision_type=2 2 2 2 2 2 2
left_child=1 -1 -2 5 -5 6 -4
right_child=2 -3 3 4 -6 -7 -8
leaf_value=0.013343697123708189 0.032951757043122129 -0.045616154139453885 -0.0028652412097911507 0.0040009758461077242 -0.013921432070266712 -0.0088277776509822926 0.019736181832635338
leaf_weight=8.6840652301907557 5.0740544646978369 7.5288043543696395 89.46767171472311 218.87359993904829 11.855370968580244 65.265000350773335 15.460795842111109
leaf_count=33 23 40 357 860 48 272 71
internal_value=0.00029099 -0.0148386 0.000923478 0.000452198 0.00303387 -0.00304554 0.000588792
internal_weight=422.209 16.2129 405.996 400.922 230.729 170.193 104.928
internal_count=1704 73 1631 1608 908 700 428
is_linear=0
shrinkage=0.0431374


Tree=227
num_leaves=2
num_cat=0
split_feature=12
split_gain=3.03912
threshold=0.28748883168419687
decision_type=2
left_child=-1
right_child=-2
leaf_value=-0.0023017463471750781 0.0067083779669355782
leaf_weight=299.94574186205864 120.79474391043186
leaf_count=1218 486
internal_value=0.000292914
internal_weight=420.74
internal_count=1704
is_linear=0
shrinkage=0.0480991


Tree=228
num_leaves=14
num_cat=0
split_feature=18 18 9 9 18 18 18 18 18 18 18 18 18
split_gain=2.53116 7.42102 2.9706 2.93584 3.44325 2.54895 7.65212 2.38663 2.21972 5.26756 1.9376 2.89144 2.71526
threshold=-0.68494468518227081 -0.36580584482134909 -1.54530978685933 -1.3020693284229601 -0.78133156242930946 -0.23316328638550854 0.20668945804000563 -1.2090590263126213 0.23964254780184691 0.69657992174808581 2.026934388300194 0.72953301150992711 1.0928289921517162
decision_type=2 2 2 2 2 2 2 2 2 2 2 2 2
left_child=2 -2 -1 -4 7 -3 -7 -5 -8 -10 11 -11 -13
right_child=1 5 3 4 -6 6 8 -9 9 10 -12 12 -14
leaf_value=0.0022578762092459138 0.0045708559545416154 -0.0009915317054981661 -0.0042221727259746369 -0.00044679136002610532 -0.0023245694754091602 0.0037636447769215874 -0.00096980881311751555 0.0026365091235275788 0.002987158375007971 -0.0012002515142714189 -0.0023919635748487701 0.0033429925958061552 0.0002913579016930714
leaf_weight=12.118924394249914 16.645016461610794 63.993639290332794 10.661958016455172 46.138207346200943 34.321342200040824 26.340805888175964 62.878878980875015 13.275950923562041 28.677709832787514 40.522262461483479 13.304710678756235 15.451123580336569 56.272329360246658
leaf_count=41 72 247 46 185 150 105 233 51 113 147 52 63 199
internal_value=0.000106132 0.00040482 -0.000721697 -0.00108279 -0.000693106 0.000167934 0.000474979 0.000267651 6.36053e-05 0.000487714 -9.84176e-05 0.000188427 0.000977883
internal_weight=440.603 324.086 116.516 104.397 93.7355 307.441 243.448 59.4142 217.107 154.228 125.55 112.246 71.7235
internal_count=1704 1231 473 432 386 1159 912 236 807 574 461 409 262
is_linear=0
shrinkage=0.00657444


Tree=229
num_leaves=6
num_cat=0
split_feature=2 2 2 2 2
split_gain=2.868 2.0721 4.68745 2.84638 2.76747
threshold=-2.0895454277318604 -0.43797190448600692 -0.41179469819859527 0.086563618832801587 -0.89062248308965575
decision_type=2 2 2 2 2
left_child=-1 4 -3 -4 -2
right_child=1 2 3 -5 -6
leaf_value=-0.026077121769854973 0.0023516096262135842 -0.014315496761036096 0.018130509337285577 2.5741174000274783e-05 0.020909645964768096
leaf_weight=8.7808584347367269 79.938272073864937 52.33745301514864 21.91665056347847 234.04002311080694 24.515049181878567
leaf_count=44 310 236 106 898 110
internal_value=0.00029839 0.000909433 -0.00110893 0.00162756 0.00683
internal_weight=421.528 412.747 308.294 255.957 104.453
internal_count=1704 1660 1240 1004 420
is_linear=0
shrinkage=0.0488737


Tree=230
num_leaves=19
num_cat=0
split_feature=17 3 3 16 16 16 16 3 3 3 3 3 1 1 1 1 1 1
split_gain=2.60267 3.4492 5.00651 2.98552 5.88181 4.53715 8.0417 3.70052 4.27078 4.05759 3.0597 5.57324 2.14184 3.16456 7.47956 2.28168 4.07599 2.13461
threshold=1.8820887824532846 1.9301714619220829 1.4685479954427281 0.3439896182440651 -0.15873613146916291 -0.18473394709489996 -0.70482724793501983 -0.79400040430519903 -0.6340071270245059 -1.614421224236197 -0.45310241126949052 -0.12299596686365978 1.7707987777831005 0.62292798672448091 0.20795163876286785 -0.73029317720145592 -0.37532101958436809 -0.88479442358363802
decision_type=2 2 2 2 2 2 2 2 2 2 2 2 2 2 2 2 2 2
left_child=3 2 -2 4 5 6 7 9 -9 -1 -6 -12 13 14 15 17 -17 -5
right_child=1 -3 -4 12 10 -7 -8 8 -10 -11 11 -13 -14 -15 -16 16 -18 -19
leaf_value=-0.0011917041727514605 -0.0032626603042634687 -0.0050207621631579141 0.0023604678803167975 -0.00018488313899177712 0.0044011685066749715 -0.00079597769831879289 0.0026544895818578218 -0.0025150664864265104 0.00013065693506976344 0.0030722159594585687 -0.0030599702178593919 0.0024696580022439221 0.0023310513747154208 -0.0012759891991968638 0.0036038699981393758 0.00297605160387855 -0.00015563893861863357 -0.0019089778784173383
leaf_weight=5.5796032547950771 5.0499462783336622 3.5423676446080199 5.6034352034330368 32.158013105392456 8.8623012006282824 59.540900230407715 29.719560451805592 12.869477733969687 86.89363094419241 13.807712256908415 3.7907569259405181 14.885160177946087 5.1895760744810095 50.133667625486851 9.571590840816496 8.4155300259590131 62.872569307684898 24.039740599691868
leaf_count=21 24 21 19 117 37 229 122 52 325 45 17 61 17 198 33 30 243 93
internal_value=8.79071e-05 -0.00171539 -0.000350282 0.000150799 0.00048246 0.000225505 0.000636135 0.000118512 -0.000228034 0.00183837 0.0023663 0.00126585 -0.000256251 -0.000337869 1.06447e-05 -0.000280137 0.000242902 -0.00093802
internal_weight=442.526 14.1957 10.6534 428.33 235.949 208.411 148.87 119.15 99.7631 19.3873 27.5382 18.6759 192.381 187.191 137.057 127.486 71.2881 56.1978
internal_count=1704 64 43 1640 909 794 565 443 377 66 115 78 731 714 516 483 273 210
is_linear=0
shrinkage=0.0044093


Tree=231
num_leaves=27
num_cat=0
split_feature=12 4 3 3 4 4 4 4 12 12 12 12 12 12 17 4 17 12 15 15 1 4 17 1 12 17
split_gain=6.93413 6.86737 4.42579 6.18724 6.04023 5.53649 7.04276 8.04621 4.80163 4.57708 4.2489 3.95371 6.46155 4.50726 3.55674 5.62581 5.15796 3.35335 3.11787 5.75934 4.13807 2.95389 2.87555 2.76574 2.69163 2.16298
threshold=0.28748883168419687 -1.7950887299003944 0.660275890347226 0.90306323048800963 0.23292630750590157 0.68622810871403139 0.7206689074524969 1.1982352979154836 0.20280095128553202 -0.54697953407266342 1.0155540191446282 1.2758347554729597 1.7331623732449384 1.8681926915919886 1.0000000180025095e-35 -0.20514162438177752 1.8820887824532846 -1.1490283004266255 1.1199777402796842 1.5524030795024919 -0.82274266399080298 -1.8630455633890992 -0.13036439411240175 -0.67960022125220854 -1.1490283004266255 0.13155985881215598
decision_type=2 2 2 2 2 2 2 2 2 2 2 2 2 2 2 2 2 2 2 2 2 2 2 2 2 2
left_child=1 21 4 25 -3 24 8 -8 9 -7 23 18 -13 -14 22 16 -16 -9 20 -20 -12 -1 -5 -2 -6 -4
right_child=10 2 3 14 5 6 7 17 -10 -11 11 12 13 -15 15 -17 -18 -19 19 -21 -22 -23 -24 -25 -26 -27
leaf_value=-0.00051802214384575685 0.0003577342200226582 -0.00077091449861666677 0.00061413469562712677 6.913565770876486e-05 2.0936763755490137e-05 -0.00039677046590281292 0.0022653717318896482 -0.0011569388179872955 5.2846080241043704e-05 -0.0037428093305031979 0.001005613715715321 0.0031291355466531549 -0.00046625527162091586 0.001684306554201088 0.00059592822608892082 0.0027116760304229325 -0.00200833487958961 0.00037550246936869159 0.0023768503698956387 -0.0010336130866438391 -0.001297281280566802 -0.0037583609208461559 -0.0025096966091535996 0.002162395224204805 0.0026273748407618694 0.0032543349854948413
leaf_weight=4.6426411420106888 12.03625577688217 111.96158614009619 4.6714869886636725 8.7966176569461805 5.2608708590269115 6.4132976830005637 16.314083978533745 18.224883273243904 12.798124492168427 9.0076799690723419 9.0332496762275678 9.4841002374887449 22.108636274933815 14.098117604851721 35.70008759200573 8.4063420146703702 7.8777781724929801 42.38294979929924 9.2046464234590548 7.7211187183856955 27.126253023743629 5.9142827019095403 6.3921468108892432 23.661757230758667 10.956816002726553 8.5434268712997419
leaf_count=19 48 442 17 30 18 24 56 70 46 40 29 37 77 48 124 25 35 147 27 27 107 31 26 86 38 30
internal_value=0.000105646 -0.000135529 -5.13508e-05 0.000561075 -0.000263559 0.000206374 -5.35486e-05 0.000424294 -0.00133196 -0.00243254 0.000684567 0.000353823 0.00100192 0.000389977 0.000175926 0.000554529 9.72288e-05 -9.4118e-05 -0.000210651 0.000840742 -0.000711268 -0.00245641 -0.00108263 0.00157283 0.00181503 0.00239853
internal_weight=458.739 324.265 313.708 80.3879 233.32 121.359 105.141 76.9219 28.2191 15.421 134.474 98.7761 45.6909 36.2068 67.173 51.9842 43.5779 60.6078 53.0853 16.9258 36.1595 10.5569 15.1888 35.698 16.2177 13.2149
internal_count=1704 1218 1168 287 881 439 383 273 110 64 486 352 162 125 240 184 159 217 190 54 136 50 56 134 56 47
is_linear=0
shrinkage=0.00304405


Tree=232
num_leaves=6
num_cat=0
split_feature=12 12 14 14 14
split_gain=2.75311 4.4832 2.20126 2.30148 5.25995
threshold=-0.49395905419048175 -0.20863179707112725 1.7724413147135019 -0.34509536999818141 -0.1351705938880626
decision_type=2 2 2 2 2
left_child=2 -2 3 -1 -5
right_child=1 -3 -4 4 -6
leaf_value=-0.0072552635196249625 0.035023308306019525 0.0023842736796316831 -0.02159819180160779 0.04861506969264303 0.0002716404182317303
leaf_weight=94.248581849038601 8.2437460497021657 220.53755351901054 12.433214649558066 4.0896558463573447 81.946130879223347
leaf_count=369 42 900 57 15 321
internal_value=0.000307599 0.00367887 -0.00369315 -0.00236889 0.00300117
internal_weight=421.499 228.781 192.718 180.284 86.0358
internal_count=1704 942 762 705 336
is_linear=0
shrinkage=0.0455322


Tree=233
num_leaves=2
num_cat=0
split_feature=20
split_gain=1.9216
threshold=-1.4829235062602291
decision_type=2
left_child=-1
right_child=-2
leaf_value=0.020587234466845288 -0.00033116903720593286
leaf_weight=12.98846824467182 407.43139824271202
leaf_count=55 1649
internal_value=0.000353258
internal_weight=420.42
internal_count=1704
is_linear=0
shrinkage=0.0551908


Tree=234
num_leaves=18
num_cat=0
split_feature=17 9 20 20 17 17 20 17 20 20 20 16 17 16 16 9 17
split_gain=3.03531 4.60793 5.81251 6.81919 4.79122 7.82071 2.887 6.05625 5.9063 4.107 6.8388 5.76826 2.56278 2.50126 2.41929 2.31655 2.14433
threshold=1.8820887824532846 0.66645693193159439 1.1110241472199189 0.77308693590771183 1.0000000180025095e-35 -0.16986507935584202 0.53948608890160543 -0.96658852314749855 0.11629392630626693 0.092415619838413912 -0.32048288124978802 0.55635576966207345 -0.13036439411240175 -0.70482724793501983 0.44566064098591512 0.99460176577829251 1.0073417079084959
decision_type=2 2 2 2 2 2 2 2 2 2 2 2 2 2 2 2 2
left_child=1 2 3 6 5 -3 8 -8 9 10 11 -1 -11 -12 -9 -6 -4
right_child=-2 4 16 -5 15 -7 7 14 -10 12 13 -13 -14 -15 -16 -17 -18
leaf_value=0.00033046716958163783 -0.0015527859854175738 0.0012881046616945856 -0.0015642917019960802 0.0032012025049411477 0.0035736137201847497 -0.0025430858481682661 -0.0048287298263332435 -0.0011821385926453118 0.002157046363385698 2.4782946664158533e-05 -0.00047143177750231824 -0.0013581491170605391 -0.0017920392823575122 0.0025846808997242203 0.00077886229581055949 0.0012832026902221678 0.00071859353344500118
leaf_weight=143.68349163979292 14.328136704862116 17.908353164792061 40.446710042655468 9.1309200227260572 6.8392183333635321 11.598662823438646 3.9830855727195731 19.587661027908325 19.056909568607807 19.206440508365631 4.2041176706552532 34.491862937808037 24.165965393185616 20.710666060447693 14.774523630738257 44.517828390002251 6.1797527223825446
leaf_count=522 64 62 167 29 21 47 19 78 70 69 17 131 99 80 51 154 24
internal_value=9.51488e-05 0.000151511 -3.0813e-05 0.000153944 0.000954724 -0.000243825 5.41262e-05 -0.000895566 0.000193573 3.52378e-05 0.00025942 -1.0303e-06 -0.00100012 0.00206412 -0.000340628 0.00163767 -0.00125271
internal_weight=454.814 440.486 359.622 312.996 80.8641 29.507 303.865 38.3453 265.519 246.463 203.09 178.175 43.3724 24.9148 34.3622 51.357 46.6265
internal_count=1704 1640 1356 1165 284 109 1136 148 988 918 750 653 168 97 129 175 191
is_linear=0
shrinkage=0.00374652


Tree=235
num_leaves=3
num_cat=0
split_feature=9 9
split_gain=1.93312 3.05549
threshold=0.66645693193159439 1.4713679533524111
decision_type=2 2
left_child=-1 -2
right_child=1 -3
leaf_value=-0.0013848388541892465 0.015067751206549265 -0.004599436379434719
leaf_weight=338.19520930200815 49.833126358687878 33.357797905802727
leaf_count=1377 190 137
internal_value=0.000321992 0.00720762
internal_weight=421.386 83.1909
internal_count=1704 327
is_linear=0
shrinkage=0.0507129


Tree=236
num_leaves=16
num_cat=0
split_feature=18 18 1 18 18 18 18 1 3 3 18 18 18 3 3
split_gain=3.68667 9.00588 4.6888 3.61209 9.61645 3.48015 6.73115 3.40668 3.2912 2.94994 2.59117 4.11608 3.2522 2.57764 2.37068
threshold=-0.68494468518227081 -0.36580584482134909 -0.82274266399080298 -0.23316328638550854 0.20668945804000563 0.23964254780184691 0.69657992174808581 -1.631598455743736 -0.16991514140074873 -0.79400040430519903 2.026934388300194 0.72953301150992711 1.0928289921517162 0.072813342042342036 -0.5244124937621425
decision_type=2 2 2 2 2 2 2 2 2 2 2 2 2 2 2
left_child=2 -2 7 -3 -5 -6 -7 -1 14 -9 11 -8 -13 -10 -4
right_child=1 3 8 4 5 6 10 9 13 -11 -12 12 -14 -15 -16
leaf_value=-0.00074480831887846087 0.0021074470331681316 -0.00041338164344463258 -0.00061307151374737719 0.0017938206870537134 -0.00042701855898498833 0.0014697725695245354 -0.00050865160480282972 0.0021967862338942348 0.0014781113290301599 -0.00010884147700577293 -0.0010538376058860505 0.0016105602636988794 0.00025230961836124013 -0.00033161137754215346 -0.0019879591188799021
leaf_weight=7.4071418941020992 18.302411645650864 65.088006615638733 26.287547156214714 28.492730483412743 63.325214028358459 30.839279755949974 40.765084490180016 11.293953850865368 5.9377467781305304 6.2529934495687458 13.476377025246618 16.726910218596458 57.570500880479813 48.454903922975063 15.102059021592138
leaf_count=26 72 247 106 105 233 113 147 39 20 23 52 63 199 190 69
internal_value=0.00012379 0.000272544 -0.000287475 0.000161305 0.000311069 0.00011563 0.000332289 0.000758679 -0.00056436 0.00140209 5.2041e-05 0.000187971 0.000571714 -0.00011524 -0.00114175
internal_weight=455.323 334.587 120.736 316.284 251.196 222.703 159.378 24.9541 95.7823 17.5469 128.539 115.062 74.2974 54.3927 41.3896
internal_count=1704 1231 473 1159 912 807 574 88 385 62 461 409 262 210 175
is_linear=0
shrinkage=0.00275462


Tree=237
num_leaves=22
num_cat=0
split_feature=20 3 3 3 3 3 20 20 3 17 3 17 17 17 17 17 3 20 17 17 17
split_gain=3.6033 2.3953 5.10721 4.79469 4.12743 4.32618 5.40304 4.42398 2.5273 3.41362 3.18216 4.20778 2.41603 7.31872 2.87915 6.51143 2.54623 1.97959 1.95533 2.73023 2.22606
threshold=-1.4829235062602291 -0.85170420315479034 -1.6891796167818998 -1.7339487907738638 -1.2764487552916808 -1.2195966474792888 0.53948608890160543 -0.8393140898724698 0.16302681097039168 1.0073417079084959 0.46239967270460652 0.69351169686856318 -0.96658852314749855 -0.72939701157122128 -0.16986507935584202 -0.49788046436624273 -0.27584681077141787 -1.2588849911049078 1.8820887824532846 0.48615754283384488 0.92504046582021371
decision_type=2 2 2 2 2 2 2 2 2 2 2 2 2 2 2 2 2 2 2 2 2
left_child=-1 2 3 -2 -4 6 17 -7 9 12 11 -10 16 -14 15 -15 -3 -6 19 -12 -21
right_child=1 8 4 -5 5 7 -8 -9 10 -11 18 -13 13 14 -16 -17 -18 -19 -20 20 -22
leaf_value=0.0015494265786739087 0.00073426352110295048 -0.00089356960996995213 0.003398118712827968 -0.0029615347718095534 0.001995395426947006 -0.00082162516468232418 -0.0036324106081946786 0.0034057478375180699 0.0029864616660846516 0.0015302770108083685 -0.00054895929137501278 -0.0012090543229419026 0.0033664030603668873 -0.00067522175432313807 -0.001040074149102342 0.0022912271910004579 -0.0030849034645984573 -0.00018506826056452529 -0.0014528257367956495 0.0020568397464749734 0.00019821119087989409
leaf_weight=14.301659688353537 7.9904135912656793 22.284105971455574 6.8410232216119757 9.6116600632667542 6.6394517272710791 4.3596015721559516 4.4786328524351111 9.77924035489559 8.8742557018995267 8.5023451596498472 67.182814225554466 4.1657527014613143 5.2954522371292105 44.075977325439453 110.745715521276 11.849479660391806 10.292066305875776 21.099007114768032 13.874656818807123 9.5805454403161985 50.909613236784935
leaf_count=55 28 80 27 38 19 18 19 39 33 30 250 17 19 158 431 46 43 71 61 40 182
internal_value=-0.00020544 -0.000265458 0.000347517 -0.00131915 0.000911181 0.000493031 -0.000254586 0.00211815 -0.00038404 -0.000641608 -2.76963e-05 0.0016442 -0.000737716 -0.000559868 -0.000700494 -2.33328e-05 -0.00164115 0.000377694 -0.000190118 -4.47071e-05 0.000515245
internal_weight=452.733 438.432 70.799 17.6021 53.197 46.3559 32.2171 14.1388 367.633 213.045 154.588 13.04 204.543 171.967 166.671 55.9255 32.5762 27.7385 141.548 127.673 60.4902
internal_count=1704 1649 259 66 193 166 109 57 1390 807 583 50 777 654 635 204 123 90 533 472 222
is_linear=0
shrinkage=0.00365771


Tree=238
num_leaves=5
num_cat=0
split_feature=14 14 14 14
split_gain=1.93029 5.55376 1.95857 4.80823
threshold=1.7724413147135019 1.1363373556406191 0.96968499839693922 0.61794179435526442
decision_type=2 2 2 2
left_child=1 2 3 -1
right_child=-2 -3 -4 -5
leaf_value=0.00042056230374650741 -0.01370107209677837 0.041321094381882417 -0.010444727281116197 0.037271455684790698
leaf_weight=338.97172768414021 24.857534490525723 8.4010886624455434 41.706573434174061 9.1868400052189809
leaf_count=1339 106 47 170 42
internal_value=0.000236354 0.00113219 0.000182646 0.00147684
internal_weight=423.124 398.266 389.865 348.159
internal_count=1704 1598 1551 1381
is_linear=0
shrinkage=0.0524586


Tree=239
num_leaves=18
num_cat=0
split_feature=12 18 16 18 12 18 12 18 12 18 18 16 16 18 12 16 18
split_gain=4.52787 7.03438 4.97872 8.29369 4.34077 4.31299 3.61028 3.59282 2.94283 3.89065 4.63005 2.83935 3.58378 3.11937 2.63952 2.11083 4.39603
threshold=0.28748883168419687 -0.68494468518227081 -0.70482724793501983 -0.78133156242930946 -0.10589830816513254 -0.36580584482134909 -0.54697953407266342 -1.6862816668956799 1.0155540191446282 -0.33225559409586775 -0.23316328638550854 -0.28752228086561837 -0.70482724793501983 2.104823840575945 1.4970137043643819 0.55635576966207345 -0.61354753777341065
decision_type=2 2 2 2 2 2 2 2 2 2 2 2 2 2 2 2 2
left_child=1 2 4 7 6 -3 -1 -4 15 -10 14 12 -7 -13 -11 16 -2
right_child=8 5 3 -5 -6 11 -8 -9 9 10 -12 13 -14 -15 -16 -17 -18
leaf_value=-0.0037328882904344367 -0.0001023908282799698 0.0032888341660709417 -0.0022110806398310903 -0.0029441712894122157 -0.0063838003966150969 0.00035230339636376033 0.00074431385788925597 0.0023163368168101937 0.0015148495798547063 -0.0047362264861971759 0.00050374319757401972 -9.2169671352305296e-05 0.0031709002007028956 -0.0028829175304441791 -0.00053511913473579915 3.6431714085839536e-05 0.0043049787546045014
leaf_weight=9.4460376873612439 8.0892558097839373 9.989791236817835 4.7788592576980617 18.973600223660469 7.2833049222826949 54.584908321499825 7.3886611983180055 19.277813673019409 45.678227454423904 7.2312588393688184 34.711134992539883 158.59316946566105 13.241658538579939 9.7179248780012113 7.1511008888483047 8.3858354538679105 16.705998495221138
leaf_count=38 33 43 22 89 40 198 29 72 169 31 126 595 53 39 26 32 69
internal_value=0.00015262 -0.000169519 -0.00158545 -0.00055225 -0.00335551 0.000220621 -0.00182285 0.0013691 0.000937496 0.000483424 -0.00048523 8.01468e-05 0.000932563 -0.000266194 -0.00277475 0.00219385 0.00290418
internal_weight=441.229 313.276 67.1483 43.0303 24.118 246.127 16.8347 24.0567 127.953 94.7717 49.0935 236.138 67.8266 168.311 14.3824 33.1811 24.7953
internal_count=1704 1218 290 183 107 928 67 94 486 352 183 885 251 634 57 134 102
is_linear=0
shrinkage=0.00497173


Tree=240
num_leaves=2
num_cat=0
split_feature=2
split_gain=2.46384
threshold=-2.0895454277318604
decision_type=2
left_child=-1
right_child=-2
leaf_value=-0.026882375945526574 0.00092554757180010215
leaf_weight=8.7577382251620275 414.12186802178621
leaf_count=44 1660
internal_value=0.000299481
internal_weight=422.88
internal_count=1704
is_linear=0
shrinkage=0.0542672


Tree=241
num_leaves=19
num_cat=0
split_feature=2 2 2 2 3 2 16 16 18 18 2 16 16 16 18 18 18 18
split_gain=2.82477 2.90496 7.6922 5.17054 5.0807 4.33836 3.61702 5.05605 3.1762 3.67986 4.21425 3.07858 4.2082 2.87641 2.53214 2.34027 2.4269 4.51681
threshold=-2.0895454277318604 -0.43797190448600692 -0.41179469819859527 0.086563618832801587 0.29417338206432081 -0.89062248308965575 1.449335573067619 0.3439896182440651 2.026934388300194 -0.23316328638550854 0.75353711049798233 -1.2983120440966671 0.13429045828576924 -1.3593660283637943 -0.33225559409586775 0.20668945804000563 0.28559117097363423 0.69657992174808581
decision_type=2 2 2 2 2 2 2 2 2 2 2 2 2 2 2 2 2 2
left_child=-1 5 6 4 -4 11 7 -3 9 10 14 13 -13 -2 -5 -11 -17 -18
right_child=1 2 3 8 -6 -7 -8 -9 -10 15 -12 12 -14 -15 -16 16 17 -19
leaf_value=-0.0025804360477644493 -7.1974389665290119e-05 -0.0010416064671474618 0.0044563905397657349 -0.00026553294906077839 -0.00013836387440578624 0.0026185671430278847 0.0027373099987301076 -0.0044771646311134216 -0.0023988677286703617 0.0024486012296377328 0.0026174323406726245 0.0018396297027684176 -0.00092558998740659051 -0.0039377477256442549 -0.002423030246155462 -0.00059704689534254343 0.0031267969142271608 0.00032796344583015748
leaf_weight=9.225447438657282 15.461396440863611 34.785668455064297 13.586897090077402 28.635589554905888 10.960585221648214 26.887588523328304 3.4941734969615927 16.092556700110435 12.348410934209822 14.853558927774428 7.1825979501008979 39.852171629667282 21.496200896799564 6.5837638080120078 27.609692230820659 46.148887485265732 17.205210752785206 91.169523015618324
leaf_count=44 58 144 58 111 48 110 13 79 48 54 26 142 83 27 106 166 64 323
internal_value=9.37366e-05 0.00015523 -8.87656e-05 0.000265744 0.0024594 0.000867741 -0.00182559 -0.0021795 3.88124e-05 0.000175956 -0.000865774 0.000284188 0.000870403 -0.00132063 -0.00134279 0.000568393 0.000376041 0.000791832
internal_weight=443.58 434.354 324.073 269.701 24.5475 110.281 54.3724 50.8782 245.153 232.805 63.4279 83.3935 61.3484 22.0452 56.2453 169.377 154.524 108.375
internal_count=1704 1660 1240 1004 106 420 236 223 898 850 243 310 225 85 217 607 553 387
is_linear=0
shrinkage=0.0051061


Tree=242
num_leaves=25
num_cat=0
split_feature=12 9 9 17 9 14 14 17 14 14 17 12 12 12 12 17 1 14 14 17 17 9 1 1
split_gain=6.00578 4.42326 6.65058 4.62427 4.58361 4.87573 6.26282 11.7705 5.00147 4.83868 4.73406 4.16625 3.47668 5.55886 3.50374 3.28444 3.1413 2.75074 2.7405 2.22184 2.03941 4.06549 1.95363 2.08559
threshold=0.28748883168419687 -0.32678568911673378 -0.41059181364277192 0.37861839386817903 -0.11222137205842496 1.7724413147135019 -0.45773049097128432 1.0000000180025095e-35 0.26160392451939263 -0.52401811727297753 1.492602085599003 1.0155540191446282 1.2758347554729597 1.7331623732449384 1.8681926915919886 1.5964013800830805 -0.67960022125220854 1.9430900739760919 -0.066753148546350963 -0.84241557696143621 -1.6844531834967795 -1.5822559785204351 -0.82274266399080298 -1.5737563597071713
decision_type=2 2 2 2 2 2 2 2 2 2 2 2 2 2 2 2 2 2 2 2 2 2 2 2
left_child=1 2 20 -4 -3 6 9 18 -9 10 19 16 22 -14 -15 -10 -2 -7 -8 -6 -1 -22 23 -13
right_child=11 4 3 -5 5 17 7 8 15 -11 -12 12 13 14 -16 -17 -18 -19 -20 -21 21 -23 -24 -25
leaf_value=-0.0022903637186939075 0.00026374583813314759 0.0029837601388493832 -0.00096630957250838482 -0.0035879779054615612 -0.0012229445704144111 -0.0037956198923697138 0.0015020315174189816 0.0036062628841864435 0.0015927199773740166 -0.0013857463099557041 -0.002554425116995327 -0.00078944063784079578 0.003568120917987258 -0.00043873493116012294 0.0018285708426055275 -0.0011748474882233738 0.0025551174739218696 -0.00033529388790088055 -0.0012116380455295219 0.0010546612326767511 0.0020594445422618271 -0.00027872457095469818 -0.00069825097466285615 0.0017647194894457434
leaf_weight=4.3243882805109015 11.63031993806362 6.5127340853214255 26.267368793487549 12.953735813498495 5.7722309231758109 5.4409037381410581 5.0059946775436392 15.077252730727194 37.193502500653267 39.04066389799118 5.7189837694168082 6.1543470025062552 8.6586463674902898 21.998828306794167 13.705020755529402 5.8726777881383887 23.56518979370594 5.9379409700632095 29.043947160243988 37.014862611889839 10.360461816191672 69.400450877845287 36.890985190868378 9.7649682313203794
leaf_count=18 48 25 106 63 21 27 19 50 131 154 24 21 37 77 48 26 86 22 114 125 34 259 137 32
internal_value=0.000125647 -0.000141111 -0.000674739 -0.00188436 0.000193149 8.58674e-05 0.000234311 0.000886508 0.00186312 -0.000454175 0.000305209 0.000769388 0.000378228 0.00111272 0.000453092 0.00119991 0.001818 -0.00211857 -0.000784094 0.000729035 -9.84544e-05 4.26215e-05 -0.000246264 0.000782235
internal_weight=453.306 320.938 123.306 39.2211 197.632 191.119 179.74 92.1934 58.1434 87.5467 48.5061 132.368 97.1728 44.3625 35.7038 43.0662 35.1955 11.3788 34.0499 42.7871 84.0853 79.7609 52.8103 15.9193
internal_count=1704 1218 480 169 738 713 664 340 207 324 170 486 352 162 125 157 134 49 133 146 311 293 190 53
is_linear=0
shrinkage=0.00360587


Tree=243
num_leaves=18
num_cat=0
split_feature=3 9 9 9 9 15 9 9 3 4 9 9 9 9 9 3 3
split_gain=3.70975 4.96556 4.96319 6.8042 5.43893 5.28166 4.77288 3.48912 4.2323 2.28723 2.23197 5.62494 3.0843 2.90229 2.77254 4.55804 3.54689
threshold=-0.85170420315479034 -0.32678568911673378 -1.3020693284229601 -1.3604056144881607 -1.7437099147280517 -0.12641803323345716 -0.11222137205842496 -0.90879232048880942 0.072813342042342036 1.5956821153573748 0.20239802304550458 0.54888880622776204 0.1190157201694441 0.28883552720705685 0.66645693193159439 0.90306323048800963 0.57701097390559453
decision_type=2 2 2 2 2 2 2 2 2 2 2 2 2 2 2 2 2
left_child=2 7 3 4 9 -4 -3 -2 -9 -1 12 13 -8 -12 16 -16 -13
right_child=1 6 5 -5 -6 -7 10 8 -10 -11 11 14 -14 -15 15 -17 -18
leaf_value=0.00058943485448806397 0.00036235197206481272 0.0022245767873439663 -0.0010886464892303235 -0.0018106176987803021 0.002921374132021543 0.0019805883340790458 0.00066197201227816019 -0.0007416227662408924 -0.0024323559899513281 -0.0021817602852523032 0.00033128386144184069 0.00021938438024996117 -0.00088933559868629812 0.0031822363249691633 0.0014618097256454852 -0.00022007468544934538 -0.0015847726439606614
leaf_weight=8.6220972090959567 22.668170422315598 9.5834110975265485 7.420902505517005 18.094835221767426 8.4956905245780927 30.715973451733589 18.086608275771141 85.838790714740753 20.686825655400753 4.5055290013551703 7.300091207027438 23.187632843852043 65.963259145617485 8.8809480518102628 24.919614106416702 64.042937040328979 25.58119024336338
leaf_count=30 77 38 29 67 29 110 69 328 86 18 27 83 251 35 89 238 100
internal_value=-0.00015627 -0.000295195 0.00051204 -0.000322103 0.000942008 0.00137048 -1.41998e-05 -0.000830285 -0.00108535 -0.000428366 -0.000111591 0.000130469 -0.000551959 0.00196436 -9.51285e-05 0.000259731 -0.000736353
internal_weight=454.595 376.739 77.855 39.7182 21.6233 38.1369 247.546 129.194 106.526 13.1276 237.962 153.912 84.0499 16.181 137.731 88.9626 48.7688
internal_count=1704 1421 283 144 77 139 930 491 414 48 892 572 320 62 510 327 183
is_linear=0
shrinkage=0.00338146


Tree=244
num_leaves=4
num_cat=0
split_feature=8 17 16
split_gain=2.4161 4.66918 2.20434
threshold=-1.5006197890827797 -0.96658852314749855 0.92428928808803279
decision_type=2 2 2
left_child=1 -1 -2
right_child=2 -3 -4
leaf_value=-0.030879459253193891 0.0013111462622130928 0.028355686182390795 -0.0087490224758671672
leaf_weight=4.3094982057809856 318.24989648163319 19.671401411294937 83.348661817610264
leaf_count=19 1286 65 334
internal_value=0.000242007 0.0169882 -0.000789956
internal_weight=425.579 23.9809 401.599
internal_count=1704 84 1620
is_linear=0
shrinkage=0.0553006


Tree=245
num_leaves=13
num_cat=0
split_feature=20 6 6 6 2 6 6 2 2 2 2 2
split_gain=3.06624 2.68699 4.52139 3.13324 3.57187 3.07152 6.72246 2.2908 2.49682 2.01758 3.54193 3.09675
threshold=-1.4829235062602291 -0.12330147066940911 0.26504371011954014 -0.73906795886846166 -2.0895454277318604 -0.71385796343355146 -0.3639400719153027 1.7154600002577975 1.3182242354250964 1.2131490242167586 0.75353711049798233 0.88918616069802259
decision_type=2 2 2 2 2 2 2 2 2 2 2 2
left_child=-1 3 -3 4 -2 -5 -7 8 9 10 -4 -12
right_child=1 2 7 5 -6 6 -8 -9 -10 -11 11 -13
leaf_value=0.0020573301937510755 -0.0020318093910514983 0.002375450668002647 0.00018419429843895952 -0.0017121378430888438 0.00078396898264270387 0.0018812015545996495 -0.00082706103603374297 -0.001198353889966651 0.0024191241169432567 -0.0008493592280796597 0.0043854531418931874 0.00063531060771310232
leaf_weight=14.55911038815975 9.0318372100591642 19.612786777317524 123.48068879544735 37.635083943605423 68.223722472786903 21.366493105888367 83.139948189258575 19.036785989999771 9.8522095382213575 26.668859332799911 6.8222522288560894 9.9730266779661161
leaf_count=55 42 81 441 161 247 86 326 73 35 98 24 35
internal_value=0.000138588 7.06412e-05 0.000417021 -0.000269783 0.00043649 -0.000654096 -0.000263214 0.000212042 0.000368688 0.000236668 0.000446863 0.00228196
internal_weight=449.403 434.844 215.447 219.397 77.2556 142.142 104.506 195.834 176.797 166.945 140.276 16.7953
internal_count=1704 1649 787 862 289 573 412 706 633 598 500 59
is_linear=0
shrinkage=0.00437666


Tree=246
num_leaves=15
num_cat=0
split_feature=20 20 20 20 17 20 20 17 20 17 17 17 17 17
split_gain=3.02489 9.66556 5.27253 8.77024 4.59095 4.33155 8.14237 4.31562 2.61217 3.28186 2.30649 2.20422 1.97202 5.93293
threshold=0.092415619838413912 -0.32048288124978802 0.11629392630626693 0.47956423963928357 -1.1449201027521148 -0.48573192854616987 -0.71465383850357789 -0.13036439411240175 -1.4829235062602291 -0.36027989250336712 1.5964013800830805 0.86948855328106822 0.48615754283384488 0.37861839386817903
decision_type=2 2 2 2 2 2 2 2 2 2 2 2 2 2
left_child=1 5 7 11 -5 6 8 -2 -1 -10 -6 -4 13 -7
right_child=2 -3 3 4 10 12 -8 -9 9 -11 -12 -13 -14 -15
leaf_value=0.0020350951690370923 -3.2754995210738802e-05 0.0029374416715592243 0.0036076302569504207 -0.0037705233881272179 6.1440490258235275e-05 -0.00046151966356985577 0.0042187219980266517 -0.0026809607461787247 -0.00076017847117880466 0.00087195003117693573 -0.0020800606395315734 0.00038920444757070813 0.00068324981806480278 -0.0041666041851092578
leaf_weight=14.26393687725067 22.872155994176865 28.53846663236618 16.232942804694179 7.0953281521797171 119.59586745500565 48.882962822914124 11.311230674386023 30.755115300416946 58.50401183962822 47.313588082790375 11.086390711367129 6.4787428751587859 14.851189792156218 10.749720275402067
leaf_count=55 82 113 59 32 453 180 43 129 210 169 48 26 58 47
internal_value=8.07149e-05 0.000444567 -0.000317792 0.000105211 -0.000340054 8.90026e-05 0.000595053 -0.00156694 0.000228023 -2.92358e-05 -0.000131934 0.00272592 -0.00080062 -0.00117537
internal_weight=448.532 234.415 214.117 160.489 137.778 205.877 131.393 53.6273 120.082 105.818 130.682 22.7117 74.4839 59.6327
internal_count=1704 875 829 618 533 762 477 211 434 379 501 85 285 227
is_linear=0
shrinkage=0.00464544


Tree=247
num_leaves=2
num_cat=0
split_feature=2
split_gain=2.20828
threshold=-2.0895454277318604
decision_type=2
left_child=-1
right_child=-2
leaf_value=-0.023522372922814422 0.00082347316933816461
leaf_weight=8.7975816130638105 418.43205528706312
leaf_count=44 1660
internal_value=0.000278775
internal_weight=427.23
internal_count=1704
is_linear=0
shrinkage=0.0502837


Tree=248
num_leaves=23
num_cat=0
split_feature=13 13 1 4 1 4 1 1 13 1 19 1 19 1 1 1 19 1 4 4 4 1
split_gain=3.36194 4.31592 4.49962 3.39618 5.09194 3.04547 2.94551 7.13407 5.23206 6.8665 4.39888 3.1628 2.43679 3.84234 3.81495 3.59259 3.36517 2.5689 2.40295 2.96417 3.68776 2.06236
threshold=0.61490634720966009 0.18735428736312462 0.81094343010822956 -1.1731640169461135 1.1295139710379993 -0.79343613419221082 0.11752195757100528 -0.21862644478704787 -1.0247145952099328 0.20795163876286785 -0.64446061941756916 0.51402506636524403 1.6771854073830279 -0.73029317720145592 -0.82274266399080298 -1.1653912310981502 0.58929110446304123 -0.3899351112871326 2.1094094416891909 0.7206689074524969 1.1982352979154836 1.0737541488132745
decision_type=2 2 2 2 2 2 2 2 2 2 2 2 2 2 2 2 2 2 2 2 2 2
left_child=1 6 -3 -2 18 -6 7 12 -8 -10 -11 -12 13 14 15 -1 -15 -18 19 -5 -21 -4
right_child=3 2 21 4 5 -7 8 -9 9 10 11 -13 -14 16 -16 -17 17 -19 -20 20 -22 -23
leaf_value=-0.00015142876479160965 -0.0017333557138369344 0.0025380211287255169 -0.0021737347999014884 -0.00068059308255002298 -0.00015561547418151055 0.0025817777231316248 0.00216432164628712 0.0026446197229146517 -0.0019103835926698644 -0.0016510731102468742 0.0032844901883648 0.00037382886453345398 0.0015158418623255092 0.0015923992633690345 -0.0012483674281284912 0.0023300379963396528 0.001786866989858906 -0.00087194890999816666 -0.0028698277553280841 0.0024593799561956156 -0.00019446428139205125 0.00088781879349429107
leaf_weight=49.725266769528389 18.401216708123684 21.223277032375339 3.9201543182134611 75.923030957579613 8.688253656029703 12.578156739473341 9.1766308397054654 17.130687668919563 32.018002986907959 11.9196360707283 4.9414318799972525 34.618960857391357 16.727591186761856 31.946499593555927 37.282670050859451 8.2313255220651609 5.591696351766589 17.942717403173447 4.1784772127866736 9.2198240906000155 21.545521885156631 6.5911106020212173
leaf_count=179 74 76 15 286 30 40 31 62 133 47 18 135 59 110 141 30 21 73 17 29 75 23
internal_value=0.00013623 0.000352735 0.00160357 -0.000307646 -9.99586e-05 0.00149317 0.00020539 0.000469893 -0.000320903 -0.000612554 0.00021108 0.000794937 0.000235897 8.6496e-05 -0.000355392 0.000227836 0.000839209 -0.00019975 -0.000414139 -0.000297233 0.000641782 -0.000320015
internal_weight=459.522 308.988 31.7345 150.534 132.133 21.2664 277.253 184.578 92.6747 83.498 51.48 39.5604 167.448 150.72 95.2393 57.9566 55.4809 23.5344 110.867 106.688 30.7653 10.5113
internal_count=1704 1153 114 551 477 70 1039 675 364 333 200 153 613 554 350 209 204 94 407 390 104 38
is_linear=0
shrinkage=0.00363141


Tree=249
num_leaves=17
num_cat=0
split_feature=3 16 15 16 16 16 16 16 16 3 3 3 3 16 16 16
split_gain=2.82793 6.7972 5.67992 4.40722 3.48644 3.36288 4.43815 2.81001 4.21944 2.64827 3.44548 3.43967 8.06904 4.73777 2.26237 2.05265
threshold=-0.85170420315479034 -0.18473394709489996 1.9841303928035907 -1.8381616299874666 -2.2744822889734699 -1.3593660283637943 -1.2983120440966671 -0.15873613146916291 0.3439896182440651 0.16302681097039168 0.29417338206432081 0.072813342042342036 -0.19464534090771646 -0.18473394709489996 0.99860973549103316 0.82445048419811995
decision_type=2 2 2 2 2 2 2 2 2 2 2 2 2 2 2 2
left_child=1 2 -1 4 -2 -5 -7 -3 -9 11 -11 12 -8 -13 15 -10
right_child=3 7 -4 5 -6 6 9 8 14 10 -12 13 -14 -15 -16 -17
leaf_value=0.0036094841370755879 0.00039428636938583451 -0.0019818090870858075 -0.0012653282081408711 0.0025524822628118513 -0.003629882539231093 -0.0018994008149906083 -0.00011281109278926213 0.0039221448379345193 0.00016077593318562325 0.0039968768340730067 0.00049814165826108086 0.0010984460943498564 0.0035781728917560918 -0.0017987821178190588 0.0017268316342298297 -0.0023767935135572578
leaf_weight=22.412374988198284 6.4107764810323724 10.466841712594031 5.3206880539655677 9.9373981356620771 10.377792730927467 20.56868389993906 127.92865307629108 5.1616405844688407 17.1796835064888 4.9064285755157462 130.2112499922514 14.117601349949835 11.835249438881872 42.206412196159363 9.0616545081138593 8.781792879104616
leaf_count=77 24 38 20 35 47 83 482 20 63 18 473 48 43 168 31 34
internal_value=0.000177433 0.000935936 0.00265843 1.87079e-05 -0.00213688 0.000123286 4.89991e-05 -3.3004e-05 0.000502917 0.000174324 0.00064795 -0.000153302 0.000218424 -0.00106605 -7.75798e-05 -0.000741632
internal_weight=456.885 78.3847 27.7331 378.5 16.7886 361.712 351.774 50.6516 40.1848 331.206 135.118 196.088 139.764 56.324 35.0231 25.9615
internal_count=1704 283 97 1421 71 1350 1315 186 148 1232 491 741 525 216 128 97
is_linear=0
shrinkage=0.00441472


Tree=250
num_leaves=18
num_cat=0
split_feature=12 9 9 9 12 12 12 12 20 12 12 20 12 12 20 9 20
split_gain=4.43984 4.39187 7.37046 5.05183 3.74424 3.28879 5.32649 3.29019 3.22668 4.21679 5.38171 3.53277 2.6359 5.76675 10.0918 2.2387 2.16982
threshold=0.28748883168419687 -0.32678568911673378 -0.41059181364277192 -0.11222137205842496 1.0155540191446282 1.2758347554729597 1.7331623732449384 1.8681926915919886 -0.50463640697486034 0.20280095128553202 -0.43305883673369411 -0.93037642772780915 -0.54697953407266342 -1.1490283004266255 -0.32048288124978802 -1.3604056144881607 1.1110241472199189
decision_type=2 2 2 2 2 2 2 2 2 2 2 2 2 2 2 2 2
left_child=1 2 15 -3 -2 -6 -7 -8 11 10 12 -5 13 14 -10 -1 -4
right_child=4 3 16 8 5 6 7 -9 9 -11 -12 -13 -14 -15 -16 -17 -18
leaf_value=0.0014509427557716763 0.0021400079105298713 0.0039712085892976579 -0.0019358908541166058 0.00058071196374830851 -0.00042942821904893951 0.0044877840418440307 -0.000636659498798788 0.00221565959663161 -0.0058723708877294377 -0.0019409010646861886 0.0024211448829327474 0.0041331271710915891 -0.001158326714729357 0.0024327804367339492 0.00029345812869894052 -0.00045693804438944464 -0.0048354050971619713
leaf_weight=15.674180284142492 33.804434463381767 6.7088720947504035 32.609046787023544 30.08476709574461 52.415426075458527 8.1412579938769323 22.003076687455177 13.365950688719748 5.8097921609878531 24.486832782626152 18.149243131279945 6.8295940160751334 42.124211385846138 18.870442777872086 40.959282249212265 67.32733827829361 6.697100266814231
leaf_count=54 134 25 134 104 190 37 77 48 29 104 73 24 165 67 147 257 35
internal_value=0.000106967 -0.000190292 -0.000877375 0.000244583 0.000828517 0.000352888 0.00128586 0.00046707 9.46369e-05 -0.000209193 0.000137666 0.00131045 -0.000261922 0.000320087 -0.00055857 -8.63693e-05 -0.00251371
internal_weight=446.061 316.331 122.308 194.023 129.73 95.9257 43.5103 35.369 187.314 150.4 125.913 36.9144 107.764 65.6395 46.7691 83.0015 39.3061
internal_count=1704 1218 480 738 486 352 162 125 713 585 481 128 408 243 176 311 169
is_linear=0
shrinkage=0.00464995


Tree=251
num_leaves=7
num_cat=0
split_feature=20 18 18 18 18 18
split_gain=2.04049 2.45673 1.94075 5.65861 2.53755 5.70054
threshold=-1.4829235062602291 2.026934388300194 -0.68494468518227081 -0.36580584482134909 -0.23316328638550854 0.20668945804000563
decision_type=2 2 2 2 2 2
left_child=-1 2 -2 -4 -5 -6
right_child=1 -3 3 4 5 -7
leaf_value=0.020931481844666231 -0.0056228159338400701 -0.025116931961682316 0.034794719950008525 -0.0087271432231791901 0.02829724057154193 0.00057193208814285915
leaf_weight=13.31707042455673 113.33194703608751 10.810568101704119 14.938937678933142 61.917009055614471 24.473359867930412 191.10020618885756
leaf_count=55 470 44 68 244 102 721
internal_value=0.000435196 -0.000259307 0.000451453 0.00281467 0.00099742 0.00381254
internal_weight=429.889 416.572 405.761 292.43 277.491 215.574
internal_count=1704 1649 1605 1135 1067 823
is_linear=0
shrinkage=0.0549039


Tree=252
num_leaves=15
num_cat=0
split_feature=17 2 2 2 17 2 13 17 17 17 17 17 13 2
split_gain=3.78517 3.39937 9.45832 7.6521 6.73608 6.01191 4.11669 3.63238 8.93636 3.33175 2.60565 2.3348 2.21179 2.09746
threshold=1.8820887824532846 -0.43797190448600692 -0.41179469819859527 0.086563618832801587 0.92504046582021371 -0.97798185075423183 -0.44498648622977582 -0.13036439411240175 -0.55817848852962559 0.56841804576655408 -1.7262352614522998 -0.16986507935584202 -2.1165327144325219 0.57817612196006551
decision_type=2 2 2 2 2 2 2 2 2 2 2 2 2 2
left_child=1 5 4 -4 -3 6 12 8 10 11 -5 -7 -1 -10
right_child=-2 2 3 7 -6 9 -8 -9 13 -11 -12 -13 -14 -15
leaf_value=-0.00045836529763181142 -0.00147701456610916 -0.0019806103243300527 0.0018428854934497603 -0.0013678625770200575 0.00044950777845837321 0.001772104720495816 -0.00043565642018669699 -0.00035769341255290565 0.00056535378565706848 0.0031147813397794859 0.00025057547028643128 -0.00040447316224893952 0.0015007812759175974 0.0032087719975991539
leaf_weight=7.4302803575992575 14.562715567648409 37.706708274781704 27.015350937843323 10.727242723107336 16.906807363033295 12.632180809974669 48.381503537297249 117.75313869863749 4.5314736664295223 11.874204367399214 103.28181980550289 7.9084438383579281 24.61421199887991 12.491421684622763
leaf_count=26 64 167 106 41 63 48 182 430 18 43 358 31 84 43
internal_value=0.000100799 0.000155246 -1.08124e-05 0.000233712 -0.00123117 0.000638172 0.000158553 5.36285e-05 0.000423158 0.00179656 8.97079e-05 0.000950451 0.00104395 0.00255235
internal_weight=457.818 443.255 330.414 275.8 54.6135 112.841 80.426 248.785 131.032 32.4148 114.009 20.5406 32.0445 17.0229
internal_count=1704 1640 1226 996 230 414 292 890 460 122 399 79 110 61
is_linear=0
shrinkage=0.00323746


Tree=253
num_leaves=9
num_cat=0
split_feature=12 12 12 12 12 12 12 12
split_gain=3.52755 1.98861 8.03934 2.97121 1.92883 2.70699 4.24522 2.35481
threshold=0.28748883168419687 0.20280095128553202 -0.43305883673369411 -0.20863179707112725 1.0155540191446282 1.2758347554729597 1.7331623732449384 1.8681926915919886
decision_type=2 2 2 2 2 2 2 2
left_child=1 2 -1 -4 -2 -6 -7 -8
right_child=4 -3 3 -5 5 6 7 -9
leaf_value=-0.0045765741101341647 0.019800033152295258 -0.010554195298174267 0.055469379563563716 0.015241797470683046 -0.004181189909344179 0.050135052340795967 -0.0049917244149787782 0.023822245742016256
leaf_weight=197.26597014814615 30.816004291176796 72.215157970786095 6.1843456774950019 29.479729831218719 51.278594113886356 7.174056075513362 21.673180758953094 12.678301289677618
leaf_count=772 134 293 32 121 190 37 77 48
internal_value=0.000435664 -0.0027103 -0.000251287 0.0232468 0.00816857 0.00417463 0.0143761 0.00594855
internal_weight=428.765 305.145 232.93 35.6641 123.62 92.8041 41.5255 34.3515
internal_count=1704 1218 925 153 486 352 162 125
is_linear=0
shrinkage=0.0544816


Tree=254
num_leaves=22
num_cat=0
split_feature=16 14 14 18 18 18 16 14 14 14 14 14 16 18 18 14 16 14 14 18 18
split_gain=3.07525 2.86101 8.06993 4.66054 4.49558 6.46759 5.81107 5.8044 3.40433 6.89123 3.96775 3.78542 3.37191 3.56173 3.45588 3.19629 2.56475 2.46081 4.34853 2.15633 2.4739
threshold=2.4225990969152975 1.7724413147135019 1.1363373556406191 -1.2439019120508599 -0.68494468518227081 -0.36580584482134909 -0.28752228086561837 0.96968499839693922 -0.45773049097128432 -0.52401811727297753 0.26160392451939263 -0.66989875623872586 -1.8381616299874666 -0.78133156242930946 -1.2090590263126213 0.46814851029914545 -0.15873613146916291 1.9430900739760919 2.505093081842046 -2.0519990624205211 -1.6862816668956799
decision_type=2 2 2 2 2 2 2 2 2 2 2 2 2 2 2 2 2 2 2 2 2
left_child=1 2 4 -3 12 -6 8 15 9 11 -10 -7 -1 14 19 16 -8 -5 -19 -14 -21
right_child=-2 3 -4 17 5 6 7 -9 10 -11 -12 -13 13 -15 -16 -17 -18 18 -20 20 -22
leaf_value=-0.0031394910173936481 -0.0027123060854059916 0.0018396418392424045 0.0035826038468511393 -0.0033606840226855154 0.0029838721154151738 0.00070576184170294959 -0.00096691465318685479 -0.00257805573773975 0.0038584747550291058 -0.0017759018830780168 0.0011467381008783103 0.0042969602966769884 0.0016793945170202051 -0.0013285997029095721 0.0020198289898864293 0.0021523159819902748 0.00019325840436891398 0.0019486610869496564 -0.0028285176388864654 -0.0022445905457026041 -2.4189487130627009e-05
leaf_weight=6.8087460920214644 5.2198792248964301 5.9809930026531246 10.511786326766012 9.8659325689077395 13.963079132139681 23.630390055477619 38.443790212273598 13.506868496537207 11.150011837482451 15.829134985804556 35.883964970707893 5.1985632330179241 6.8713521659374228 36.937808573246002 12.851535052061079 10.330373942852018 139.76528409123421 5.0488348901271802 5.5984736084938049 10.345229044556612 29.141423426568512
leaf_count=33 23 19 46 46 57 86 142 55 44 60 121 19 23 153 44 39 501 18 23 41 111
internal_value=0.000125371 0.000163336 0.000244512 -0.00109585 0.000152203 0.000395022 0.000264143 -0.000116853 0.00109741 0.000295827 0.00184212 0.00145021 -0.000570905 -0.000364857 0.000246067 6.96588e-05 -6.02225e-05 -0.00199327 -0.000587216 -0.000271307 -0.000638428
internal_weight=452.883 447.664 421.169 26.4942 410.658 307.701 293.738 202.046 91.6921 44.6581 47.034 28.829 102.956 96.1473 59.2095 188.539 178.209 20.5132 10.6473 46.358 39.4867
internal_count=1704 1681 1575 106 1529 1124 1067 737 330 165 165 105 405 372 219 682 643 87 41 175 152
is_linear=0
shrinkage=0.00401445


Tree=255
num_leaves=3
num_cat=0
split_feature=4 4
split_gain=2.02528 2.19018
threshold=-0.26944506927502088 0.18062957200711802
decision_type=2 2
left_child=-1 -2
right_child=1 -3
leaf_value=-0.0035336460158142636 0.019375385280872608 0.0020816685131389732
leaf_weight=192.81473979353905 21.654186233878136 212.31553196907043
leaf_count=796 94 814
internal_value=0.000454722 0.00374246
internal_weight=426.784 233.97
internal_count=1704 908
is_linear=0
shrinkage=0.05267


Tree=256
num_leaves=12
num_cat=0
split_feature=12 18 12 12 18 12 18 18 12 18 18
split_gain=3.59936 6.79814 4.9426 4.18127 4.11337 2.9423 3.85552 4.4554 3.58376 2.33437 1.99176
threshold=0.28748883168419687 -0.68494468518227081 1.0000000180025095e-35 -0.49395905419048175 -0.36580584482134909 1.0155540191446282 -0.33225559409586775 0.12053806535877186 1.2758347554729597 2.104823840575945 -0.78133156242930946
decision_type=2 2 2 2 2 2 2 2 2 2 2
left_child=1 2 3 10 -3 -2 -7 8 -8 -6 -1
right_child=5 4 -4 -5 9 6 7 -9 -10 -11 -12
leaf_value=-0.00039873538041549467 0.0022455966973885795 0.0034550951103253197 -0.0037386952151643067 0.002890709573440987 0.00023432684379102751 0.0015116468419834168 -0.0051178609839263936 0.00053111349579195398 -0.00029688884500211448 -0.0021198434624710711 -0.0028057687425561764
leaf_weight=25.417264007031918 32.682687863707542 9.8973894044756872 20.465570695698261 7.0006466060876837 225.39862478524446 45.751831665635109 8.056157052516939 32.751931101083755 8.4561432301998121 11.551385529339312 14.849217511713503
leaf_count=98 134 43 101 24 839 169 35 114 34 46 67
internal_value=0.000153657 -0.000150221 -0.0016219 -0.000660248 0.0002575 0.00089853 0.000420751 -0.000600463 -0.00276806 0.000112736 -0.00132243
internal_weight=442.279 314.58 67.7327 47.2671 246.847 127.699 95.0161 49.2642 16.5123 236.95 40.2665
internal_count=1704 1218 290 189 928 486 352 183 69 885 165
is_linear=0
shrinkage=0.00528217


Tree=257
num_leaves=3
num_cat=0
split_feature=12 2
split_gain=2.97667 5.62693
threshold=0.28748883168419687 -1.9604223598007389
decision_type=2 2
left_child=1 -1
right_child=-2 -3
leaf_value=-0.04796088657667838 0.0061694470974824056 -0.0011727778048413206
leaf_weight=4.2355059310793868 122.52261780947447 300.17365553230047
leaf_count=28 486 1190
internal_value=0.00038801 -0.00194908
internal_weight=426.932 304.409
internal_count=1704 1218
is_linear=0
shrinkage=0.0441056


Tree=258
num_leaves=4
num_cat=0
split_feature=9 9 9
split_gain=2.09696 2.89083 2.0485
threshold=0.66645693193159439 1.4713679533524111 1.6482121435626986
decision_type=2 2 2
left_child=-1 -2 -3
right_child=1 2 -4
leaf_value=-0.0014768138933532252 0.016258458680059616 -0.019759183583160322 0.0069248824367826797
leaf_weight=342.36516205221415 50.379896499216557 13.800941698253153 19.809975452721119
leaf_count=1377 190 58 79
internal_value=0.000420347 0.0080943 -0.00422201
internal_weight=426.356 83.9908 33.6109
internal_count=1704 327 137
is_linear=0
shrinkage=0.0545098


Tree=259
num_leaves=11
num_cat=0
split_feature=8 8 6 8 6 8 8 6 8 8
split_gain=2.45094 3.23179 2.96705 2.65162 2.52887 2.87417 2.37228 2.12999 2.12122 2.18237
threshold=0.42553355490659567 0.59297299546551596 -1.8189009396839289 0.27908079260223362 0.5390534876047296 0.78468774078705072 -1.5006197890827797 -0.12330147066940911 -0.46324082726352217 1.0000000180025095e-35
decision_type=2 2 2 2 2 2 2 2 2 2
left_child=2 7 -1 6 5 -3 -4 -2 -8 -10
right_child=1 4 3 -5 -6 -7 8 -9 9 -11
leaf_value=-0.033093094812133579 -0.025307599243393042 0.041939805018460299 0.020732091202097257 0.039954874630087595 -0.02816885014850689 0.0012473226725252962 -0.0024315062798727239 -0.0041383692209569813 0.024304127602514661 0.003880427294873934
leaf_weight=5.8689776808023444 30.899809032678604 4.9500169903039923 22.262603834271431 5.5970347672700873 7.5755519568920127 84.487765848636627 139.72401171177626 28.482535280287266 20.107799842953682 76.029418639838696
leaf_count=31 139 21 76 31 32 335 543 111 87 298
internal_value=0.00038854 -0.00515989 0.00361316 0.0045299 0.00113748 0.00385262 0.00363982 -0.0153314 0.00196164 0.00831376
internal_weight=425.986 156.396 269.59 263.721 97.0133 89.4378 258.124 59.3823 235.861 96.1372
internal_count=1704 638 1066 1035 388 356 1004 250 928 385
is_linear=0
shrinkage=0.0558766


Tree=260
num_leaves=6
num_cat=0
split_feature=8 8 8 8 8
split_gain=2.00411 2.68593 2.63619 3.28693 2.46534
threshold=0.42553355490659567 1.5018187030574215 1.4569885598847412 0.59297299546551596 0.27908079260223362
decision_type=2 2 2 2 2
left_child=4 2 3 -2 -1
right_child=1 -3 -4 -5 -6
leaf_value=0.0022984940050808835 -0.012997554704823154 0.011473869449328118 -0.026616248939310701 0.004441611212352958 0.035669931229188746
leaf_weight=263.20841917395592 58.985733903944492 23.860427543520927 15.929471269249914 57.076001837849617 5.3111851736903182
leaf_count=1035 250 93 69 226 31
internal_value=0.000336974 -0.00435203 -0.00726748 -0.00444947 0.00306345
internal_weight=424.371 155.852 131.991 116.062 268.52
internal_count=1704 638 545 476 1066
is_linear=0
shrinkage=0.0521353


Tree=261
num_leaves=17
num_cat=0
split_feature=20 20 20 20 20 20 18 18 18 18 20 18 18 18 18 18
split_gain=3.09946 10.1659 5.60633 9.10643 4.22114 8.33414 6.40465 3.71372 3.07064 2.6896 2.44135 2.33325 2.11467 2.59487 2.00219 1.90888
threshold=0.092415619838413912 -0.32048288124978802 0.11629392630626693 0.47956423963928357 -0.48573192854616987 -0.71465383850357789 1.621167154732204 -0.68494468518227081 -0.78133156242930946 -0.36580584482134909 -1.4829235062602291 1.0928289921517162 0.23964254780184691 0.69657992174808581 -0.91485529740905747 0.31613012830319914
decision_type=2 2 2 2 2 2 2 2 2 2 2 2 2 2 2 2
left_child=1 4 11 -4 5 10 8 -5 -6 -9 -1 -2 -11 -14 -3 -10
right_child=2 14 3 7 6 -7 -8 9 15 12 -12 -13 13 -15 -16 -17
leaf_value=0.001331434439392878 -0.00075171037254391482 0.00021219691572031837 0.0018595595086621671 -0.00071148627999165995 0.0012857478738511324 0.0028159590218687722 -0.0039009370393514875 0.0020683053623202136 -0.00091076183612982169 -0.00025249991023362274 1.9908693169641077e-05 -0.0026379105966104666 0.0022404594494574112 5.9327348609909375e-05 0.0023563596816839893 0.00019150496399479306
leaf_weight=14.342786595225332 47.088092885911465 4.9807394444942501 23.220696061849594 64.80703067779541 9.7243842482566816 11.587422579526899 3.9469130337238303 6.3180732429027548 38.473591312766075 48.705349907279015 106.92170797288418 6.4949577450752249 7.4640052467584637 13.290193632245062 24.345190092921257 23.105468362569809
leaf_count=55 183 19 85 263 32 43 18 24 152 176 379 28 23 47 94 83
internal_value=0.00010038 0.000341673 -0.000163429 0.00011866 0.000100827 0.000428038 -0.000475325 -0.000177791 -0.000244351 0.000281113 0.000182888 -0.00101502 9.69603e-05 0.000895487 0.00200286 -0.000499614
internal_weight=454.817 237.428 217.388 163.805 208.102 132.852 75.2504 140.585 71.3034 75.7776 121.264 53.5831 69.4595 20.7542 29.3259 61.5791
internal_count=1704 875 829 618 762 477 285 533 267 270 434 211 246 70 113 235
is_linear=0
shrinkage=0.00306162


Tree=262
num_leaves=21
num_cat=0
split_feature=20 20 20 20 0 13 0 13 20 13 13 0 13 0 0 20 13 13 20 0
split_gain=3.24365 10.2883 5.88656 9.35726 6.89505 5.86579 4.95532 4.88971 4.28309 3.68315 2.9761 3.82456 2.4327 2.61173 2.35132 2.25641 2.13282 3.07632 2.06577 1.93572
threshold=0.092415619838413912 -0.32048288124978802 0.11629392630626693 0.47956423963928357 -0.94358100105149412 0.61490634720966009 -1.2288379138832479 -0.4038481803236359 -0.48573192854616987 0.82064946621374923 -0.44498648622977582 0.77682473909133265 -0.44498648622977582 0.58929110446304123 -0.89334271502080653 -0.8393140898724698 0.047615600439395535 0.18735428736312462 -0.76506447035346159 1.0091012642859416
decision_type=2 2 2 2 2 2 2 2 2 2 2 2 2 2 2 2 2 2 2 2
left_child=1 5 14 -4 6 7 9 10 15 -5 11 -1 13 -6 -2 -7 -9 18 -18 -3
right_child=2 19 3 4 12 8 -8 16 -10 -11 -12 -13 -14 -15 -16 -17 17 -19 -20 -21
leaf_value=-0.00061013873681403478 -0.002724715548802375 0.0024278752863725827 0.0019338606073559443 -0.0016548536186741115 0.0023503212978624086 -0.00054727102413600125 0.0026165144681897239 0.0022773537590202136 -0.0020811964904770492 0.00073921231255203053 -0.00085734997549885192 0.00081164581723202397 -0.00087084597739360949 -0.0004527429509668129 -0.00078916526000345473 0.0016682635667021489 0.001002322786743965 0.0020986304683445092 -0.000522065043837902 0.00026022756928981416
leaf_weight=28.292679533362389 6.5413134843111029 24.378946185112003 23.271606348454952 7.2301780730485907 4.2886189967393866 20.431000307202343 10.434750109910963 11.661955818533896 17.256867676973343 28.268661238253117 29.034840971231461 50.927063763141632 80.469626381993294 8.3638805449008924 47.164923146367073 4.887057051062583 17.474764376878731 11.887253433465956 15.961362972855573 4.985069900751113
leaf_count=112 28 94 85 30 15 72 33 41 69 96 109 185 326 33 183 17 56 43 58 19
internal_value=0.000108704 0.000361351 -0.000168968 0.000129724 -0.000181543 0.000112658 0.000803563 0.000380417 -0.000914367 0.000225796 -1.24646e-05 0.000302547 -0.000670378 0.000577269 -0.00106059 -8.19772e-05 0.0011169 0.000784978 0.000279774 0.00207191
internal_weight=453.212 237.179 216.034 162.327 139.056 207.815 45.9336 165.24 42.5749 35.4988 108.255 79.2197 93.1221 12.6525 53.7062 25.3181 56.9853 45.3234 33.4361 29.364
internal_count=1704 875 829 618 533 762 159 604 158 126 406 297 374 48 211 89 198 157 114 113
is_linear=0
shrinkage=0.00313629


Tree=263
num_leaves=22
num_cat=0
split_feature=3 9 9 9 9 9 1 2 2 2 2 3 9 2 9 9 9 3 9 3 2
split_gain=2.99719 5.07119 5.71271 4.91849 4.74442 4.6028 3.81726 3.53195 7.19155 3.1423 4.1405 3.73853 5.1702 3.06875 3.05653 3.39366 3.94188 2.36417 2.66673 2.12241 2.08179
threshold=-0.85170420315479034 -1.3020693284229601 -1.3604056144881607 -1.7437099147280517 0.20239802304550458 0.54888880622776204 0.25864112425576186 -0.41179469819859527 0.086563618832801587 -1.9604223598007389 -1.129825164748411 1.2338932660595912 0.66645693193159439 1.7154600002577975 -1.3020693284229601 -0.32678568911673378 -0.11222137205842496 0.072813342042342036 -0.34916715764121181 -1.2764487552916808 0.4827174671863097
decision_type=2 2 2 2 2 2 2 2 2 2 2 2 2 2 2 2 2 2 2 2 2
left_child=1 2 3 -1 7 6 -6 -2 -9 -7 -11 12 -12 14 -10 17 -17 20 -19 -4 -16
right_child=4 -3 19 -5 5 9 -8 8 13 10 11 -13 -14 -15 15 16 -18 18 -20 -21 -22
leaf_value=-0.00032583801307961563 -0.0010226024229403287 0.0016680910107839269 -0.0030482395374604866 0.0030786876850491954 0.00063347672215729317 -0.0021993443456482628 0.0040698472616273436 0.0026379308476833078 0.0018777826139488904 0.0019377511176314377 -0.00044431923526956499 -0.001001358339149347 0.0013188214034287431 -0.0019382313207341058 -0.001351393080329103 0.0029076359735135445 2.7687339775597507e-05 -0.00033267909734347964 -0.0037102710353256467 -0.00055250605566749104 0.00011013567828097552
leaf_weight=12.918449833989145 70.3456846550107 37.773551508784294 7.0120497345924386 8.3788253366947156 9.5441695749759692 5.6642714589834204 6.9468687623739234 10.936715394258497 8.4030375480651838 17.375790670514107 40.330832868814468 28.791867464780807 43.811787769198418 12.140294715762137 20.021942347288125 6.1501784175634375 47.73765233159066 5.4933232516050339 6.1307974159717542 10.787034660577774 30.9654191583395
leaf_count=48 294 139 28 29 37 30 25 44 25 60 153 112 155 49 79 24 175 20 28 39 111
internal_value=0.000105903 0.000745988 -0.000159438 0.00107359 -2.81191e-05 0.000455623 0.00219605 -0.000366396 -5.07593e-05 0.00023304 0.000351769 9.58418e-05 0.000477178 -0.000279498 -0.000106949 -0.000262097 0.000393981 -0.000824826 -0.00222901 -0.00161943 -0.000475847
internal_weight=447.661 76.8699 39.0964 21.2973 370.791 152.466 16.491 218.325 147.979 135.975 130.31 112.934 84.1426 137.043 124.902 116.499 53.8878 62.6115 11.6241 17.7991 50.9874
internal_count=1704 283 144 77 1421 572 62 849 555 510 480 420 308 511 462 437 199 238 48 67 190
is_linear=0
shrinkage=0.00358433


Tree=264
num_leaves=5
num_cat=0
split_feature=6 6 6 6
split_gain=1.98849 5.08329 2.03762 4.14742
threshold=2.4706339562056718 1.6923952119014076 1.4731682945766835 1.0046227001861432
decision_type=2 2 2 2
left_child=1 2 3 -1
right_child=-2 -3 -4 -5
leaf_value=-0.0002554481240601258 -0.034487331086104731 0.034221699114817684 -0.015038398134038884 0.031705760583448865
leaf_weight=374.6849761530757 3.7696527168154708 11.804863557219504 24.135736666619778 11.156636290252207
leaf_count=1506 18 41 96 43
internal_value=0.000426529 0.000804335 -0.000223207 0.000732866
internal_weight=425.552 421.782 409.977 385.842
internal_count=1704 1686 1645 1549
is_linear=0
shrinkage=0.053515


Tree=265
num_leaves=10
num_cat=0
split_feature=2 6 6 13 13 6 6 6 20
split_gain=2.77626 3.21475 8.05633 6.75692 4.0064 3.5018 4.4242 5.65599 2.32369
threshold=-2.0895454277318604 -0.80825534466026949 -0.71385796343355146 -0.61883441331018918 -2.1165327144325219 -0.43810469869615359 -0.12330147066940911 0.26504371011954014 -0.064171496098066758
decision_type=2 2 2 2 2 2 2 2 2
left_child=-1 3 -3 4 -2 -4 -7 -8 -5
right_child=1 2 5 8 -6 6 7 -9 -10
leaf_value=-0.002503601379612959 -0.00060531339476494915 -0.0020962241596826263 0.0022775685371188375 0.0016772198212628858 0.0042741490923114125 -0.0008305341696389064 0.0029186870376237059 0.00024008857177388519 -0.00077772354978671943
leaf_weight=9.0166127905249578 5.0579952448606518 40.070347100496292 19.582306608557701 13.294916510581968 19.206908270716667 85.897020682692528 21.202921740710735 201.1480348855257 30.119154065847397
leaf_count=44 19 169 78 45 68 342 91 732 116
internal_value=0.000130582 0.000189647 3.87338e-06 0.00118768 0.00326117 0.000265068 0.000131654 0.000505022 -7.94437e-06
internal_weight=444.596 435.58 367.901 67.679 24.2649 327.83 308.248 222.351 43.4141
internal_count=1704 1660 1412 248 87 1243 1165 823 161
is_linear=0
shrinkage=0.00501807


Tree=266
num_leaves=19
num_cat=0
split_feature=20 16 16 16 16 16 16 20 17 20 17 16 16 20 17 20 16 16
split_gain=3.37994 3.19449 3.0913 2.93985 3.69319 4.98273 7.68083 5.2361 3.98916 2.74329 5.67545 3.6743 10.8853 4.5548 3.68056 2.91318 2.60427 2.42923
threshold=-1.4829235062602291 0.3439896182440651 -1.8381616299874666 -1.3593660283637943 -1.2983120440966671 -0.28752228086561837 -0.70482724793501983 -0.48573192854616987 0.37861839386817903 -1.0367337782885573 -0.13036439411240175 -0.15873613146916291 0.3439896182440651 0.092415619838413912 -0.13036439411240175 -1.2588849911049078 -0.91905986528631012 -2.0134981247016008
decision_type=2 2 2 2 2 2 2 2 2 2 2 2 2 2 2 2 2 2
left_child=1 -1 17 -4 8 6 7 -6 -5 10 15 13 -13 -11 -14 -7 -9 -2
right_child=2 -3 3 4 5 9 -8 16 -10 11 -12 12 14 -15 -16 -17 -18 -19
leaf_value=0.0021890204244637917 -7.1924787426212421e-05 -0.00065215116316540806 0.0013688338043388018 -0.00010674515125118966 0.0011176394071663362 -0.001321087179139547 0.0018672271423615531 0.00093790120742470924 -0.0024843430368549527 5.0404617791220078e-05 0.0006220806500905168 0.0017773288057882823 0.00021149226809322717 -0.0015841286879281695 -0.00063884044644279571 -0.0042065831495976197 -0.0008582386632533124 -0.0021640899554368751
leaf_weight=9.6214826554059965 8.346482090651989 4.669040545821189 10.767086908221243 12.905673533678057 23.775192156434059 11.369345799088476 25.693937093019485 7.7969533503055564 11.096785508096216 27.87964054942131 9.0805968195199949 25.838490873575211 81.755610436201096 31.139623492956161 96.461847364902496 4.0788055211305645 40.345976635813713 10.859684534370899
leaf_count=38 32 17 38 44 80 41 103 29 49 96 31 102 296 127 366 17 151 47
internal_value=-0.000107224 0.0012685 -0.000154256 -9.995e-05 -0.000141242 -6.98525e-05 0.000505384 4.01765e-06 -0.0012475 -0.000265956 -0.00119621 -0.000175887 1.31482e-05 -0.000820865 -0.000249464 -0.00224752 -0.000555735 -0.00128998
internal_weight=453.482 14.2905 439.192 419.986 409.218 385.216 97.6121 71.9181 24.0025 287.604 24.5287 263.075 204.056 59.0193 178.217 15.4482 48.1429 19.2062
internal_count=1704 55 1649 1570 1532 1439 363 260 93 1076 89 987 764 223 662 58 180 79
is_linear=0
shrinkage=0.00296038


Tree=267
num_leaves=6
num_cat=0
split_feature=17 17 17 17 17
split_gain=2.00934 2.7855 2.01848 1.9907 3.82824
threshold=-1.7262352614522998 -1.5304795450091735 1.8820887824532846 1.0073417079084959 1.4247021350057252
decision_type=2 2 2 2 2
left_child=-1 -2 3 -3 -5
right_child=1 2 -4 4 -6
leaf_value=-0.023413867475770161 0.057400340426834763 0.00025565388354115192 -0.025233526285848563 0.050344914181107994 0.00065138424965169436
leaf_weight=15.980783946812151 3.5275307595729819 360.64942503720522 13.397540114820002 11.076150596141813 21.780831947922707
leaf_count=64 17 1429 64 44 86
internal_value=0.000471705 0.00144587 0.000847856 0.00178571 0.0181743
internal_weight=426.412 410.431 406.904 393.506 32.857
internal_count=1704 1640 1623 1559 130
is_linear=0
shrinkage=0.0705009


Tree=268
num_leaves=25
num_cat=0
split_feature=16 15 17 17 17 16 16 16 9 16 16 9 9 16 9 9 16 9 9 9 16 9 16 16
split_gain=2.85286 4.09411 3.24204 6.57152 4.34468 5.6438 4.44608 3.30589 2.91509 2.8564 4.1585 2.36729 3.92629 4.77224 3.81828 4.33063 2.35935 2.3832 7.94241 2.27872 4.25232 3.79269 3.71605 2.05347
threshold=0.92428928808803279 0.21665654945931132 -0.16986507935584202 -0.49788046436624273 -0.10562350493300683 -1.2983120440966671 -1.4040370650926872 -0.28752228086561837 0.88002250405821625 -1.8381616299874666 -2.2744822889734699 0.38967559665654944 -0.34916715764121181 -0.18473394709489996 -0.21229487713230522 0.1190157201694441 2.4225990969152975 -0.27295296875825342 -0.34916715764121181 -0.11222137205842496 -0.18473394709489996 0.66645693193159439 -0.15873613146916291 -0.63428254125026418
decision_type=2 2 2 2 2 2 2 2 2 2 2 2 2 2 2 2 2 2 2 2 2 2 2 2
left_child=2 16 3 19 7 6 9 -4 -8 10 -6 12 23 -14 -15 -16 17 18 -2 22 -21 -22 -1 -7
right_child=1 -3 4 -5 5 11 8 -9 -10 -11 -12 -13 13 14 15 -17 -18 -19 -20 20 21 -23 -24 -25
leaf_value=9.911033909125098e-07 0.0003562578128858711 -0.0023133547679798226 0.00020877154661583019 0.0024533393419484614 0.001469510631147333 -0.00044355058847150494 -0.0039077621263491355 -0.0016633076212445306 -7.1794156381955749e-05 0.0017482135401007215 -0.002556087050831918 0.0010037027834083453 0.00088981499622963432 -0.0032101111679200007 0.0019209186969181512 -0.0015210691376247702 -0.0022809677519550486 0.00050588967200368505 -0.0033227330965587432 0.00079804112253050764 -0.0025143813656639175 0.00091357220126848113 0.0015141119128538681 0.0017482080448870177
leaf_weight=47.321064904332161 24.501927897334099 11.903333783149717 18.294685542583466 20.140210248529911 4.4242431521415737 6.7756417393684414 7.7864133343100566 30.170561000704765 3.3812921196222305 6.1637176126241675 7.4014046117663375 65.097428604960442 17.425237603485584 8.8617483824491519 5.6604688614606884 14.008779183030127 5.2499439120292655 45.47452649474144 9.3382674753665906 17.582764998078346 13.243734285235407 5.006230726838111 33.806542783975601 18.664386495947838
leaf_count=174 87 48 67 79 16 26 37 121 14 22 36 240 65 41 21 58 23 163 44 61 56 17 120 68
internal_value=7.54547e-05 -0.000456966 0.000222415 0.000642344 -4.78136e-05 0.000223387 -0.00115813 -0.000963456 -0.0028166 -5.65357e-05 -0.00104623 0.000523701 8.01109e-05 -0.000530768 -0.00140036 -0.00049442 -0.000176608 -1.55043e-05 -0.000711451 0.000316108 -0.000414716 -0.00156963 0.000639814 0.00116553
internal_weight=447.685 96.468 351.217 137.101 214.116 165.651 29.1571 48.4652 11.1677 17.9894 11.8256 136.494 71.3963 45.9562 28.531 19.6692 84.5647 79.3147 33.8402 116.96 35.8327 18.25 81.1276 25.44
internal_count=1704 365 1339 507 832 644 125 188 51 74 52 519 279 185 120 79 317 294 131 428 134 73 294 94
is_linear=0
shrinkage=0.00351182


Tree=269
num_leaves=2
num_cat=0
split_feature=12
split_gain=3.06484
threshold=0.28748883168419687
decision_type=2
left_child=-1
right_child=-2
leaf_value=-0.0026978708934127949 0.0080031703266547852
leaf_weight=303.96926379948854 122.31838012486696
leaf_count=1218 486
internal_value=0.000381948
internal_weight=426.288
internal_count=1704
is_linear=0
shrinkage=0.0572478


Tree=270
num_leaves=14
num_cat=0
split_feature=17 7 17 14 14 14 14 15 14 15 14 7 13
split_gain=2.88369 5.37957 3.89764 3.63495 7.54441 2.68203 6.89435 3.50206 4.20808 3.44975 3.56992 3.23003 2.21001
threshold=-1.7262352614522998 -0.8935767729440246 -1.5304795450091735 1.7724413147135019 1.1363373556406191 0.96968499839693922 0.61794179435526442 0.71039813614964453 0.26160392451939263 0.67211674409850264 -0.39637255817794798 -0.8635802801011575 -0.75730055989028566
decision_type=2 2 2 2 2 2 2 2 2 2 2 2 2
left_child=1 -1 -2 4 5 6 7 9 -9 10 -4 -10 -5
right_child=2 -3 3 12 -6 -7 -8 8 11 -11 -12 -13 -14
leaf_value=-0.0049587300636946604 0.0037524824236615305 -2.9294818858587742e-05 -0.00058858448572301721 -0.0010991973793203109 0.0036424302431671157 -0.0011787497007191485 0.0033977110010039308 0.0016363163413998037 0.0016002017031538393 -0.0017429175906683533 0.00045535872206066685 -0.0022006653366907973 -0.0044127456251915479
leaf_weight=6.018477231264117 4.0110266208648673 10.852267399430273 157.50965348631144 21.960147038102154 9.3069100677967054 43.405930653214455 9.9277337342500669 38.613108783960342 5.7381207942962673 29.092932149767876 102.11664228886366 11.498928889632223 4.0548784285783759
leaf_count=25 17 39 587 83 44 165 39 138 18 111 375 43 20
internal_value=-0.000201265 -0.00192746 -0.00013124 -0.000174181 -7.1631e-05 -0.00016574 -3.93289e-05 -0.000146104 0.00084616 -0.000339907 -0.000177838 -0.000914065 -0.00172912
internal_weight=454.107 16.8707 437.236 433.225 407.21 397.903 354.497 344.569 55.8502 288.719 259.626 17.237 26.015
internal_count=1704 64 1640 1623 1520 1476 1311 1272 199 1073 962 61 103
is_linear=0
shrinkage=0.00436354


Tree=271
num_leaves=16
num_cat=0
split_feature=18 18 13 17 17 17 17 18 18 15 15 15 18 18 17
split_gain=3.02563 9.18983 7.90269 6.87776 5.66963 4.13221 3.40179 2.83311 8.6971 4.12702 6.46 5.81849 2.63876 3.57698 2.63547
threshold=-0.68494468518227081 -0.36580584482134909 0.12463438508862672 1.492602085599003 -1.0509837578322252 0.27076962732015947 -1.236399876590961 -0.23316328638550854 0.20668945804000563 -1.1202900350009937 -1.1531935327587746 -1.5634092688864303 0.28559117097363423 0.69657992174808581 1.3550626224694866
decision_type=2 2 2 2 2 2 2 2 2 2 2 2 2 2 2
left_child=2 -2 3 4 6 -4 -1 14 -9 10 11 -10 -11 -14 -3
right_child=1 7 5 -5 -6 -7 -8 8 9 12 -12 -13 13 -15 -16
leaf_value=0.0012834197856954215 0.0032943721089882545 -0.00094133753679065955 -0.0035899340893553334 -0.0043165809803728129 0.0013738449074546073 -0.00087343275804240179 -0.0031811612159452899 0.0026519144674177295 -0.0011989890092722005 -0.0004545796386076141 -0.0034841828808074488 0.0036915764467292376 0.002179996086704666 0.00032789565990757946 0.0018736614584688469
leaf_weight=4.2733376473188391 18.008558616042137 58.696467056870461 16.214299842715263 4.6026906371116629 56.491916790604591 30.306472092866898 8.8897347003221494 27.357816129922867 14.373481392860411 55.977388694882393 14.015498571097849 5.8080290555954006 23.574601404368877 108.22727829217911 6.2864417731761923
leaf_count=15 72 226 71 23 207 122 35 105 54 201 60 19 89 384 21
internal_value=0.00012035 0.000335175 -0.00046901 0.000414419 0.00077372 -0.00186297 -0.0017288 0.000157653 0.000369151 7.92829e-05 -0.00129641 0.000293956 0.000334265 0.00067019 -0.000648418
internal_weight=453.104 332.326 120.778 74.2577 69.655 46.5208 13.1631 314.317 249.334 221.976 34.197 20.1815 187.779 131.802 64.9829
internal_count=1704 1231 473 280 257 193 50 1159 912 807 133 73 674 473 247
is_linear=0
shrinkage=0.00436354


Tree=272
num_leaves=24
num_cat=0
split_feature=12 5 12 10 10 10 10 10 10 10 5 12 12 12 5 5 5 19 19 19 19 19 19
split_gain=4.35567 7.52237 4.67119 6.85444 3.98681 13.0686 4.29269 5.86499 3.37294 6.26484 4.59799 3.03165 5.83913 3.52693 2.72371 2.61058 2.47115 2.1962 4.08544 2.09011 2.67028 2.43251 1.94425
threshold=0.28748883168419687 1.7771384120218723 1.0155540191446282 0.92753011651367601 0.20205475821489985 0.63906850748389787 0.74304984144305986 1.1278497561598588 -0.88812436710442799 -1.7409011485208967 0.085781600008356121 1.2758347554729597 1.7331623732449384 1.8681926915919886 -0.35926202120585343 -1.5444854656121116 -1.0084037297334967 -0.32211258526418346 -0.4069498512925388 1.096262787866437 -1.1105544697570819 1.9703515112429311 0.21358214612304297
decision_type=2 2 2 2 2 2 2 2 2 2 2 2 2 2 2 2 2 2 2 2 2 2 2
left_child=1 4 3 -2 8 -6 16 22 9 -1 14 -4 -13 -14 15 -10 -7 18 -12 20 -9 -21 -8
right_child=2 -3 11 -5 5 6 7 19 10 -11 17 12 13 -15 -16 -17 -18 -19 -20 21 -22 -23 -24
leaf_value=-0.0015627117065720828 0.0020652215235703502 -0.0034027195624496526 -0.00026429178404686448 -0.001511656123013602 0.0025605275564104164 0.00090008216689556537 0.0030900397977101967 -0.0013173053464270333 0.0015301692775008637 0.0012149729603759284 -0.00085240995384972245 0.0029584914874418609 -0.00050074334080107356 0.0014080159469429404 0.0016909858826717247 -0.00038109282987153995 -0.001272747650458126 -0.00044435004053859146 -0.0030098683215410492 -0.0017442745860264239 0.00057113472824001034 0.00086036069568499953 0.00063554928197599725
leaf_weight=9.3347593545913679 29.768103718757629 5.3573543429374686 53.880607813596725 5.2580688595771781 20.514226287603378 5.1414035707712165 7.5659494400024396 7.4128271341323844 6.4031511992216101 28.103334009647369 24.724273324012756 8.399901941418646 22.270506426692009 13.791933208703993 6.7112256586551657 74.77193520963192 28.677332267165184 26.514295525848866 11.976635977625845 10.491251498460768 42.476609647274017 4.0516409873962393 5.2946971952915192
leaf_count=40 112 27 190 22 70 17 24 29 22 97 96 37 77 48 24 278 113 108 55 42 144 13 19
internal_value=0.000102484 -8.73442e-05 0.000563572 0.00150377 -2.34195e-05 0.000381373 -3.63425e-05 0.000358765 -0.000306434 0.000502617 -0.000508635 0.00021954 0.000799989 0.000244498 -5.68204e-05 -0.000216485 -0.000927105 -0.00112853 -0.00160419 -2.39831e-05 0.000273477 -0.00100598 0.00216574
internal_weight=458.892 325.523 133.369 35.0262 320.166 131.626 111.112 77.293 188.54 37.4381 151.102 98.3429 44.4623 36.0624 87.8863 81.1751 33.8187 63.2152 36.7009 64.4323 49.8894 14.5429 12.8606
internal_count=1704 1218 486 134 1191 471 401 271 720 137 583 352 162 125 324 300 130 259 151 228 173 55 43
is_linear=0
shrinkage=0.00304125


Tree=273
num_leaves=3
num_cat=0
split_feature=14 14
split_gain=1.9561 5.88807
threshold=1.7724413147135019 1.1363373556406191
decision_type=2 2
left_child=1 -1
right_child=-2 -3
leaf_value=0.00020633375205353507 -0.013858513164417026 0.042717442643343276
leaf_weight=394.90604590624571 25.252247728407383 8.6334492191672307
leaf_count=1551 106 47
internal_value=0.000288156 0.00119932
internal_weight=428.792 403.539
internal_count=1704 1598
is_linear=0
shrinkage=0.0533026


Tree=274
num_leaves=9
num_cat=0
split_feature=6 6 6 6 6 15 15 6
split_gain=2.70744 6.7443 5.1709 4.75059 7.37891 2.88523 4.48788 2.49641
threshold=-0.12330147066940911 0.26504371011954014 -0.73906795886846166 -0.71385796343355146 -0.3639400719153027 0.74314689909719511 0.67211674409850264 -1.5911475394638808
decision_type=2 2 2 2 2 2 2 2
left_child=2 -2 7 -4 -5 6 -3 -1
right_child=1 5 3 4 -6 -7 -8 -9
leaf_value=-0.0004754707954376916 0.0025611669434961824 0.00017209032515460706 -0.0019423270151111881 0.0018800464104139949 -0.00080526213511866057 0.0012750139734388603 -0.0020278554829607164 0.0011130409302404904
leaf_weight=24.651923529803753 21.953060001134872 151.95916126668453 38.98414208739996 21.771950967609882 85.037164315581322 33.056751325726509 17.292692258954048 54.095558412373066
leaf_count=98 91 549 164 88 333 115 68 198
internal_value=8.02569e-05 0.000404522 -0.000243882 -0.000708935 -0.000247942 0.000161346 -6.12145e-05 0.000615327
internal_weight=448.802 224.262 224.541 145.793 106.809 202.309 169.252 78.7475
internal_count=1704 823 881 585 421 732 617 296
is_linear=0
shrinkage=0.00418172


Tree=275
num_leaves=20
num_cat=0
split_feature=4 2 2 4 2 2 4 4 2 2 4 20 20 2 2 2 2 2 2
split_gain=2.03354 2.59068 3.66023 3.22836 3.1443 3.13698 3.99127 3.31062 4.13521 2.83754 2.1039 3.01288 2.57248 3.10891 6.98848 2.88441 3.3271 2.0683 2.45319
threshold=-0.26944506927502088 -2.0895454277318604 -0.52662008899233115 -2.1484665474095306 -0.97798185075423183 -0.41179469819859527 -0.35982838088149099 -0.72347374258912234 0.28618367488027746 -1.129825164748411 0.18062957200711802 -0.71465383850357789 -1.2588849911049078 0.32908963756509485 0.88918616069802259 0.086563618832801587 -1.5592339359583953 -0.34883233161861454 -0.52662008899233115
decision_type=2 2 2 2 2 2 2 2 2 2 2 2 2 2 2 2 2 2 2
left_child=1 3 4 -1 9 -4 7 8 -7 -3 11 -2 -12 15 -15 16 -14 18 -18
right_child=10 2 5 -5 -6 6 -8 -9 -10 -11 12 -13 13 14 -16 -17 17 -19 -20
leaf_value=0.0095184533938973987 -0.019480413990471648 0.018541648909164599 -0.023694695055927285 -0.064642513991832365 0.032326106901829493 0.015185940917872863 -0.017409233163454406 0.033011699100723081 -0.020699958572224363 -0.0087635122577427293 0.016046651800763759 0.031301217152221304 -0.038840946908279876 0.024225047930788206 -0.0095410726767843051 -0.018950935135783865 0.013258666191968214 0.035766852009479717 -0.013408920485558109
leaf_weight=2.839325338602066 4.3009303584694889 19.630338840186596 32.334489241242409 4.1836182847619048 13.368358701467512 23.251264274120331 36.457786805927753 11.751431003212927 18.298005849123001 32.232957817614079 35.8440812677145 17.216108046472073 5.3774965852498999 40.572081163525581 39.362866565585136 41.527133226394653 24.677681982517239 5.8159471899271002 19.966634742915634
leaf_count=11 22 74 147 27 58 86 144 52 72 125 129 72 22 141 154 162 93 26 87
internal_value=0.000316075 -0.00403491 -0.00266959 -0.0364315 0.00828583 -0.0085392 -0.00292252 0.00709979 -0.000704419 0.00170077 0.00392111 0.020748 0.00215168 -0.00071739 0.00766152 -0.00760403 0.000975711 0.0057733 0.00130771
internal_weight=429.009 194.348 187.325 7.02294 65.2317 122.093 89.7585 53.3007 41.5493 51.8633 234.661 21.517 213.144 177.3 79.9349 97.3649 55.8378 50.4603 44.6443
internal_count=1704 796 758 38 257 501 354 210 158 199 908 94 814 685 295 390 228 206 180
is_linear=0
shrinkage=0.0576377


Tree=276
num_leaves=2
num_cat=0
split_feature=16
split_gain=2.22609
threshold=2.4225990969152975
decision_type=2
left_child=-1
right_child=-2
leaf_value=0.00075918008191366013 -0.035231515557028935
leaf_weight=420.8082759976387 4.8168062418699256
leaf_count=1681 23
internal_value=0.000285571
internal_weight=425.625
internal_count=1704
is_linear=0
shrinkage=0.0570432


Tree=277
num_leaves=3
num_cat=0
split_feature=8 8
split_gain=2.02801 2.84729
threshold=-1.5006197890827797 -1.9444072026060437
decision_type=2 2
left_child=1 -1
right_child=-2 -3
leaf_value=0.0019767573518063883 -0.00070668015969522937 0.041928012316983759
leaf_weight=16.115237548947338 401.74434735625982 7.6951593458652487
leaf_count=58 1620 26
internal_value=0.00024495 0.0157998
internal_weight=425.555 23.8104
internal_count=1704 84
is_linear=0
shrinkage=0.0558605


Tree=278
num_leaves=21
num_cat=0
split_feature=13 15 15 15 15 19 13 13 19 3 3 19 19 19 15 13 19 13 15 3
split_gain=2.79439 4.62119 4.5662 7.16031 3.66546 3.99065 5.43775 3.31517 3.19503 3.07104 3.92908 2.90469 3.67673 2.8531 2.77026 3.14769 2.68171 2.62217 2.48404 2.35216
threshold=0.61490634720966009 0.71039813614964453 0.67211674409850264 0.35477284107147511 0.62014991772026584 -1.3576383436265611 1.4542584810274992 -0.12972751346322436 0.075895068724516776 -0.6340071270245059 -0.45310241126949052 -1.3152420951152932 -0.91128016335257145 -0.64446061941756916 -0.55792527924889435 0.12463438508862672 -1.8062125896886265 1.408821052338818 1.2878787635856408 0.16302681097039168
decision_type=2 2 2 2 2 2 2 2 2 2 2 2 2 2 2 2 2 2 2 2
left_child=1 2 3 9 5 16 11 -3 13 14 -11 -7 -13 -6 -1 -16 17 -2 -9 -12
right_child=4 7 -4 -5 8 6 -8 18 -10 10 19 12 -14 -15 15 -17 -18 -19 -20 -21
leaf_value=-0.0026010073319224108 -0.0016593015269200117 0.00058015795869072835 -0.0013836272957038368 0.0027219956070429078 -0.0015469603695220991 -0.0014468720897301242 -0.003958733768419328 0.0029028572865684599 -0.0034581632503115456 0.0028436138038338043 -0.00038066007170213984 0.002023935856183962 -0.00019663385505742716 0.0013903476316003919 0.00039205536042106234 -0.0021591435820831452 0.0031030824334045441 0.0013669671931103701 -0.00013273059579731086 0.00060352051423560274
leaf_weight=9.0946165174245817 5.0003066956996962 56.874344974756241 27.506349503993988 14.055472560226915 14.837787970900539 18.6748301461339 4.77173127233982 17.445775464177135 7.6960846632719031 7.1016599982976905 64.71823313087225 11.742195069789885 61.285925567150116 5.8252607658505449 23.470234543085098 8.5912266075611097 7.0902991741895667 12.051807776093483 4.5986323058605185 70.216644808650017
leaf_count=40 19 209 110 56 59 75 20 61 30 25 253 39 230 20 84 34 22 37 16 265
internal_value=9.1949e-05 0.000297885 2.30186e-05 0.000223976 -0.000327153 -3.90202e-05 -0.00038131 0.00107274 -0.00151847 2.12717e-05 0.000282823 -0.000162285 0.000178498 -0.000697582 -0.000869597 -0.000328194 0.00129716 0.000444747 0.00228096 0.00013203
internal_weight=452.649 303.673 224.754 197.248 148.976 120.617 96.4747 78.9188 28.3591 183.193 142.037 91.703 73.0281 20.663 41.1561 32.0615 24.1424 17.0521 22.0444 134.935
internal_count=1704 1153 867 757 551 442 364 286 109 701 543 344 269 79 158 118 78 56 77 518
is_linear=0
shrinkage=0.00374652


Tree=279
num_leaves=31
num_cat=0
split_feature=12 4 9 4 12 7 7 9 4 4 12 4 4 12 12 12 12 12 4 12 12 4 2 2 4 9 4 4 12 4
split_gain=4.98708 7.37646 6.38616 5.28876 4.40196 3.9445 7.21305 4.0401 3.50174 6.67593 4.29702 3.55576 10.3407 5.58503 4.2245 3.1005 2.91504 5.5353 3.44266 3.25361 2.89895 2.89521 2.74563 4.6887 2.44347 2.42317 2.41992 5.73972 2.24709 2.07316
threshold=0.28748883168419687 -1.7950887299003944 0.66645693193159439 -0.82985204614009767 1.0155540191446282 0.5299400897047416 1.0848232383219638 1.5683530884899319 0.7206689074524969 1.1982352979154836 -1.1490283004266255 0.68622810871403139 0.23292630750590157 0.20280095128553202 0.20280095128553202 -0.43305883673369411 1.2758347554729597 1.7331623732449384 -0.11699220767690757 1.8681926915919886 -0.54697953407266342 -1.8630455633890992 1.2131490242167586 -0.34883233161861454 0.55774680416051414 0.57354048463385998 -0.82985204614009767 -0.43351266211620559 -0.73431183324648697 0.33541527444795821
decision_type=2 2 2 2 2 2 2 2 2 2 2 2 2 2 2 2 2 2 2 2 2 2 2 2 2 2 2 2 2 2
left_child=1 21 3 25 29 28 7 -7 11 -10 -11 12 14 20 15 -5 18 -18 -6 -19 -13 -1 23 -12 -20 -3 -8 -28 -4 -2
right_child=4 2 5 8 16 6 26 -9 9 10 22 13 -14 -15 -16 -17 17 19 24 -21 -22 -23 -24 -25 -26 -27 27 -29 -30 -31
leaf_value=-0.00054122490352696059 0.0019566213470750631 -0.003147857091586713 -0.002313316621102483 -0.00038368504223999339 -0.00095051278914031975 0.0025473587745695045 0.0010165621748378568 -5.9174464632987656e-05 0.0020645423140768673 -0.0012836378600363271 -0.00098061763474013375 -0.00081197571159989917 0.0020031828478927556 8.3021951847008117e-05 -0.001332877914409433 0.0011618950446655072 0.0028567098239043651 -0.00042109844072349005 0.0014753989088066174 0.0013635045937015436 -0.003563054518012095 -0.0036722728749847802 -0.00073998799747163307 0.0015681903085837451 -0.00026887005120358412 -0.00042679729123253556 -0.0023081380650286356 0.0007886486400949127 0.00025736025301022203 0.00041069105785783151
leaf_weight=4.5679387450218201 23.381852298974991 6.90979155898094 4.3428922593593597 61.968854509294026 26.647907301783562 24.545413196086887 12.292388968169687 6.3754244595766059 15.201946675777434 17.30185329914093 7.928939387202262 5.9300419837236396 15.539521262049673 12.8092150837183 35.650231763720512 12.950915858149534 8.2952386960387212 22.124663487076759 11.930472835898401 13.727249398827551 8.7300413101911545 5.9731014519929868 11.838407531380652 22.45227508246899 14.937215656042097 4.8716709613800049 8.5850936025381106 10.951826438307764 6.5011434704065305 11.632244944572447
leaf_count=19 86 30 18 240 100 77 42 24 52 67 32 23 53 46 147 46 37 77 39 48 39 31 42 73 51 19 34 38 26 48
internal_value=9.59496e-05 -0.00010149 -1.70224e-05 -0.000250395 0.000576148 0.000738782 0.00102235 0.00201807 -0.000147358 0.00037401 -7.91859e-05 -0.000401668 -0.000188518 -0.0013477 -0.000508833 -0.000107066 0.000249692 0.000803934 -0.00021275 0.000277511 -0.00254213 -0.00243523 0.000428824 0.000892885 0.000524489 -0.00211061 3.04329e-05 -0.000607757 -0.00085371 0.00146156
internal_weight=456.896 324.219 313.678 240.084 132.677 73.5942 62.7501 30.9208 228.302 74.7234 59.5215 153.579 126.11 27.4693 110.57 74.9198 97.6627 44.1472 53.5156 35.8519 14.6601 10.541 42.2196 30.3812 26.8677 11.7815 31.8293 19.5369 10.844 35.0141
internal_count=1704 1218 1168 909 486 259 215 101 860 266 214 594 486 108 433 286 352 162 190 125 62 50 147 105 90 49 114 72 44 134
is_linear=0
shrinkage=0.0029518


Tree=280
num_leaves=24
num_cat=0
split_feature=13 18 13 13 3 3 13 0 13 0 18 18 0 0 18 18 3 3 3 0 3 0 0
split_gain=3.04871 5.04729 6.5874 6.11453 7.92754 5.07649 4.55392 3.51814 5.82195 4.46348 3.79395 4.24644 5.33545 4.12266 3.50698 5.24699 3.43635 6.68805 3.05851 2.66083 2.49229 2.49094 1.92491
threshold=0.61490634720966009 0.28559117097363423 -0.44498648622977582 -0.37892616555324304 1.0403343603006598 -1.1338043551955621 -0.85158462163420368 -1.3576383436265611 1.4542584810274992 -1.8062125896886265 0.69657992174808581 -0.68494468518227081 -1.3152420951152932 -0.34476943295944301 0.20668945804000563 -0.09944656646019405 0.61658690986585618 0.46239967270460652 -0.12299596686365978 0.74099461143362244 0.21359510076442345 0.075895068724516776 -0.89334271502080653
decision_type=2 2 2 2 2 2 2 2 2 2 2 2 2 2 2 2 2 2 2 2 2 2 2
left_child=1 2 6 5 -5 -3 16 9 10 -2 11 13 -13 -9 15 -4 17 18 19 -1 -7 -15 -14
right_child=7 3 14 4 -6 20 -8 8 -10 -11 -12 12 22 21 -16 -17 -18 -19 -20 -21 -22 -23 -24
leaf_value=-0.001401364817526844 -7.8831510432611588e-05 0.002990330116593025 -0.00060535217206446096 0.0028484580042112575 -0.001647552580937191 -0.0019199321532209557 0.002983508463159272 0.0013863618344186876 -0.0046930606451607267 0.0035231458846774577 -0.001429370067778346 -0.0025228973389357316 0.0030484553036321553 -0.0050165843937702284 -0.0019369329580896507 0.0024325343372504785 0.0028389608614974643 -0.0042752133902628107 0.0020289242176700015 0.0005629459176929631 0.00079124223125988499 -0.001258224107354993 0.00083724649797377272
leaf_weight=15.733329877257345 21.878199338912967 6.041578575968745 82.833219215273857 41.870473429560661 7.5611360073089591 17.097643807530407 13.554601356387137 5.4322945550084141 5.2214367538690558 7.4129619151353827 44.363399222493172 6.7139647603034964 7.9730459451675406 4.5328866690397254 27.173653319478035 10.445882037281988 8.5266238227486593 4.6957345306873313 16.42529721558094 43.380857869982719 8.2553562819957715 8.9422768205404264 36.473249584436417
leaf_count=63 76 18 329 144 31 67 55 21 22 23 167 28 27 24 107 38 31 21 60 159 30 33 130
internal_value=0.000108156 0.000348279 2.23687e-05 0.00123768 0.00214274 -0.000202998 0.000799077 -0.000380505 -0.000698325 0.000900587 -0.000484587 0.000122941 0.000748383 -0.00152939 -0.000638409 -0.00024723 0.000442183 0.000161661 0.000480017 2.85143e-05 -0.00103732 -0.00272563 0.00128001
internal_weight=452.539 303.595 222.769 80.8262 49.4316 31.3946 102.316 148.944 119.653 29.2912 114.431 70.0677 51.1603 18.9075 120.453 93.2791 88.7618 80.2352 75.5395 59.1142 25.353 13.4752 44.4463
internal_count=1704 1153 863 290 175 115 389 551 452 99 430 263 185 78 474 367 334 303 282 222 97 57 157
is_linear=0
shrinkage=0.00418172


Tree=281
num_leaves=6
num_cat=0
split_feature=8 8 8 8 8
split_gain=1.96613 2.68 2.42959 2.42894 3.14853
threshold=0.42553355490659567 1.5018187030574215 0.27908079260223362 1.4569885598847412 0.59297299546551596
decision_type=2 2 2 2 2
left_child=2 3 -1 4 -2
right_child=1 -3 -4 -5 -6
leaf_value=0.0023315353827381437 -0.013318818806475216 0.011839182998746079 0.036657992118393337 -0.026728623442938602 0.004268071210201816
leaf_weight=265.53136342763901 59.434578128159046 24.032874271273613 5.2931552454829207 15.877972371876238 57.640591137111187
leaf_count=1035 250 93 31 69 226
internal_value=0.000327902 -0.00446176 0.00310932 -0.00746427 -0.00468957
internal_weight=427.811 156.986 270.825 132.953 117.075
internal_count=1704 638 1066 545 476
is_linear=0
shrinkage=0.0539482


Tree=282
num_leaves=2
num_cat=0
split_feature=16
split_gain=1.97677
threshold=2.4225990969152975
decision_type=2
left_child=-1
right_child=-2
leaf_value=0.00076217427735141539 -0.033333278704473605
leaf_weight=421.96739834547043 4.7893963381648055
leaf_count=1681 23
internal_value=0.000316971
internal_weight=426.757
internal_count=1704
is_linear=0
shrinkage=0.057208


Tree=283
num_leaves=3
num_cat=0
split_feature=18 18
split_gain=1.92916 2.33349
threshold=2.026934388300194 1.2368139676713283
decision_type=2 2
left_child=1 -1
right_child=-2 -3
leaf_value=-5.3311854234116066e-05 -0.021564046590586028 0.019537590891699128
leaf_weight=392.23353458195925 12.829702302813528 21.62429367005825
leaf_count=1574 52 78
internal_value=0.000288093 0.0010062
internal_weight=426.688 413.858
internal_count=1704 1652
is_linear=0
shrinkage=0.0591174


Tree=284
num_leaves=4
num_cat=0
split_feature=12 12 12
split_gain=3.09505 4.74306 4.5175
threshold=-0.49395905419048175 0.20280095128553202 0.28748883168419687
decision_type=2 2 2
left_child=-1 -2 -3
right_child=1 2 -4
leaf_value=-0.0053633394326056535 0.024438918281714114 -0.010889114487306372 0.0082091789580833914
leaf_weight=194.74056178331375 37.75946781784296 71.732964269816875 122.23891255259514
leaf_count=762 163 293 486
internal_value=0.000266064 0.00499909 0.00113103
internal_weight=426.472 231.731 193.972
internal_count=1704 942 779
is_linear=0
shrinkage=0.060711


Tree=285
num_leaves=25
num_cat=0
split_feature=12 4 9 4 12 12 12 4 12 12 4 4 4 4 4 12 9 4 4 12 9 4 4 9
split_gain=4.30207 6.60613 6.38961 4.80161 3.80323 3.57209 5.7129 3.5214 3.44734 3.27002 3.86408 6.47702 3.24591 2.92224 6.95873 4.50824 3.41926 4.36973 9.69966 5.48189 2.9318 2.69994 2.32756 2.30999
threshold=0.28748883168419687 -1.7950887299003944 0.66645693193159439 -0.82985204614009767 1.0155540191446282 1.2758347554729597 1.7331623732449384 -1.8630455633890992 1.8681926915919886 -0.82903494838598357 -0.35982838088149099 -0.82985204614009767 -0.11699220767690757 0.7206689074524969 1.1982352979154836 -1.1490283004266255 -1.5822559785204351 0.68622810871403139 0.23292630750590157 0.20280095128553202 -0.32678568911673378 0.55774680416051414 0.33541527444795821 0.57354048463385998
decision_type=2 2 2 2 2 2 2 2 2 2 2 2 2 2 2 2 2 2 2 2 2 2 2 2
left_child=1 7 3 23 22 12 -7 -1 -8 10 11 -4 -6 16 -15 -16 -5 18 20 -19 -18 -14 -2 -3
right_child=4 2 9 13 5 6 8 -9 -10 -11 -12 -13 21 14 15 -17 17 19 -20 -21 -22 -23 -24 -25
leaf_value=-0.00031216840612202412 0.0020711979465986149 -0.0033724111020017444 0.00072486166396759947 0.0022649028081559433 -0.0011166193640818037 0.0031706526113895197 -0.00046950799734778355 -0.0040543468932254202 0.0015520609369049521 0.0013316501370647291 0.00091705835831562457 -0.0038922498153759369 0.0015583783055358633 0.0022428964453743896 -0.0015223777516957515 0.00040514817727290965 -0.0013192212241101167 -0.0030515851851270828 0.002107802951890466 -0.00011137639319778146 -0.00020526548451266382 -0.00044832757845690861 0.00026030166286592372 -0.00043590225456280676
leaf_weight=4.4889174625277519 22.671381577849388 6.7901004850864393 6.297936737537384 3.9224960505962363 26.280073046684265 8.4843304082751256 22.09232634305954 5.9117063954472524 13.580860286951063 44.854913651943207 16.354609377682209 5.1347829103469866 11.93068687617779 15.029404059052466 17.242533683776855 42.027786746621132 38.146684698760509 13.768467485904694 14.956156790256498 12.233547523617744 68.789249502122402 14.943059250712393 11.174418941140173 4.7781817317008972
leaf_count=19 86 30 22 12 100 37 77 31 48 159 56 22 39 52 67 147 162 59 52 45 264 51 48 19
internal_value=7.75941e-05 -0.000124535 -3.64175e-05 -0.000293404 0.000569631 0.00023994 0.00091199 -0.00256205 0.000317824 0.000798441 -7.35019e-05 -0.00146026 -0.000323736 -0.000185471 0.000338082 -0.00016818 -0.000442152 -0.000526053 -0.000264182 -0.00170951 -0.000609241 0.000460429 0.0014909 -0.0022544
internal_weight=451.885 320.727 310.327 237.685 131.157 97.3113 44.1575 10.4006 35.6732 72.6422 27.7873 11.4327 53.1538 226.116 74.2997 59.2703 151.817 147.894 121.892 26.002 106.936 26.8737 33.8458 11.5683
internal_count=1704 1218 1168 909 486 352 162 50 125 259 100 44 190 860 266 214 594 582 478 104 426 90 134 49
is_linear=0
shrinkage=0.00323746


Tree=286
num_leaves=18
num_cat=0
split_feature=13 15 15 15 17 17 17 17 17 3 3 13 3 13 13 17 17
split_gain=2.36793 4.02585 4.1122 6.83865 4.44757 8.67259 7.23849 4.38481 3.76364 3.11731 9.49938 3.00573 2.88732 2.17734 3.07716 2.07763 2.45347
threshold=0.61490634720966009 0.71039813614964453 0.67211674409850264 0.35477284107147511 -0.10562350493300683 -0.16986507935584202 -0.49788046436624273 1.4247021350057252 -1.6844531834967795 -0.57140783579036303 -0.79400040430519903 -0.12972751346322436 1.0823857397226997 0.73996352983101021 0.94371615498678263 1.0744268753903163 0.92504046582021371
decision_type=2 2 2 2 2 2 2 2 2 2 2 2 2 2 2 2 2
left_child=1 2 3 4 5 6 -1 9 -2 10 -6 -3 -9 -10 -15 16 -11
right_child=8 11 -4 -5 7 -7 -8 12 13 15 -12 -13 -14 14 -16 -17 -18
leaf_value=-0.00060134399991367666 -0.0039020709631734192 0.0005831336116668038 -0.0015423601892197421 0.0030345501157715495 0.0025681721386545901 -0.0025643558997398511 0.0032068833110279831 -0.0026964915514102739 -0.00087818825547700903 0.0016472527221139534 -0.0050936325778264298 0.0024540289805188285 0.00046119704557321469 0.0023644747839569177 -0.0001095815461724382 0.0035594945237133455 -7.8362388064811777e-05
leaf_weight=35.746695533394814 4.4945929944515219 56.420847997069359 27.258100837469101 13.683563172817228 5.4241737574338913 29.834812507033348 11.355543196201323 10.290543131530287 57.839955292642117 43.6198500841856 4.8337615430355054 21.365034058690071 9.6983906924724561 9.6536338180303556 74.038287870585918 6.1169518530368796 22.675659671425819
leaf_count=131 21 209 110 56 19 126 44 47 226 166 23 77 38 35 269 23 84
internal_value=6.60464e-05 0.000284429 -1.18275e-05 0.000209486 -1.83145e-05 -0.000791684 0.000354301 0.000562854 -0.000379192 0.000997304 -0.00113903 0.00111609 -0.00120092 -0.000245732 0.000195534 0.00131 0.00106274
internal_weight=444.35 298.324 220.538 193.28 179.596 76.9371 47.1022 102.659 146.026 82.6704 10.2579 77.7859 19.9889 141.532 83.6919 72.4125 66.2955
internal_count=1704 1153 867 757 701 301 175 400 551 315 42 286 85 530 304 273 250
is_linear=0
shrinkage=0.00428012


Tree=287
num_leaves=13
num_cat=0
split_feature=6 6 6 6 6 6 6 6 6 6 6 6
split_gain=1.91815 2.21362 4.04198 2.0144 1.96948 3.38037 3.44326 2.81527 2.52347 3.88783 2.0941 2.42143
threshold=1.5107362937016529 1.4731682945766835 0.94460937826905134 2.2257860785937322 0.90478729919658407 -0.12330147066940911 -0.80825534466026949 0.26504371011954014 -0.71385796343355146 -0.43810469869615359 0.40490874818778172 0.5390534876047296
decision_type=2 2 2 2 2 2 2 2 2 2 2 2
left_child=1 2 4 -2 5 6 -1 -7 -8 -10 -9 -12
right_child=3 -3 -4 -5 -6 7 8 10 9 -11 11 -13
leaf_value=0.0067796022373690212 0.031050705307820219 -0.018430988751514468 0.030710518246962904 -0.01217606495485227 -0.012860521019048835 0.029266256673892394 -0.021798683720384394 0.00013745289670997226 0.020637011217454069 -0.0094664176287341494 0.053104194055366226 0.0085564391764259319
leaf_weight=72.756903968751431 12.641479283571245 22.233853787183762 14.220167726278303 4.740804359316825 40.93773478269577 19.053636997938156 38.887836277484894 78.219925463199615 17.67462096363306 83.187479019165039 5.1906043812632587 16.421091422438622
leaf_count=290 45 89 57 21 154 91 170 279 78 343 22 65
internal_value=0.000293337 -0.000545195 0.0005197 0.0191632 -0.000697127 0.000832823 -0.00365447 0.00882511 -0.00909629 -0.00406957 0.0047256 0.0207277
internal_weight=426.166 408.784 386.55 17.3823 372.33 331.392 212.507 118.885 139.75 100.862 99.8316 21.6117
internal_count=1704 1638 1549 66 1492 1338 881 457 591 421 366 87
is_linear=0
shrinkage=0.0594392


Tree=288
num_leaves=12
num_cat=0
split_feature=20 4 4 4 4 4 6 6 6 6 6
split_gain=3.73826 2.54643 10.7761 5.11352 2.9302 4.98027 3.05202 2.57692 2.11067 4.64959 3.55376
threshold=-1.4829235062602291 -1.7950887299003944 -1.8630455633890992 -1.3601604288369398 -1.2838578857754779 -0.90198744283486154 1.5107362937016529 2.2257860785937322 1.4731682945766835 0.94460937826905134 0.90478729919658407
decision_type=2 2 2 2 2 2 2 2 2 2 2
left_child=-1 2 -2 -3 -5 -6 8 -8 9 10 -7
right_child=1 3 -4 4 5 6 7 -9 -10 -11 -12
leaf_value=0.0015911528264808761 0.0011406821443813043 0.0027546622410171868 -0.003568560940714215 -0.00088236576149248178 0.0018162593764016722 8.4893258639102867e-05 0.0020654501837827715 -0.00060393526124110026 -0.0009419975957623665 0.0017374274509335773 -0.0009420733843010957
leaf_weight=14.981751933693884 9.4855387657880783 6.1068110466003409 8.1962383016943932 30.192108005285263 15.446481123566626 283.48061486333609 11.859428927302362 4.4453224390745154 21.887611612677574 14.406914338469504 36.673509269952774
leaf_count=55 33 22 40 114 55 1055 38 19 85 52 136
internal_value=9.34905e-05 3.99369e-05 -0.00109842 8.93529e-05 4.51772e-05 0.000119003 4.48963e-05 0.0013373 -1.71205e-05 4.55051e-05 -3.48107e-05
internal_weight=457.162 442.181 17.6818 424.499 418.392 388.2 372.753 16.3048 356.449 334.561 320.154
internal_count=1704 1649 73 1576 1554 1440 1385 57 1328 1243 1191
is_linear=0
shrinkage=0.00313629


Tree=289
num_leaves=4
num_cat=0
split_feature=4 4 4
split_gain=2.17277 8.0779 3.32552
threshold=-1.7950887299003944 -1.8630455633890992 -1.3601604288369398
decision_type=2 2 2
left_child=1 -1 -2
right_child=2 -3 -4
leaf_value=0.016445246727667635 0.041668919512818849 -0.057862959393184546 0.00049652248342127935
leaf_weight=8.695380203425886 5.1089280992746344 7.4508578702807418 402.64377457648516
leaf_count=33 23 40 1608
internal_value=0.000298761 -0.0188884 0.0010944
internal_weight=423.899 16.1462 407.753
internal_count=1704 73 1631
is_linear=0
shrinkage=0.0547497


Tree=290
num_leaves=8
num_cat=0
split_feature=20 6 6 6 6 6 6
split_gain=2.26489 1.99574 3.82487 2.56023 2.9108 2.66378 5.23093
threshold=-1.4829235062602291 -0.12330147066940911 0.26504371011954014 -0.73906795886846166 -1.5911475394638808 -0.71385796343355146 -0.3639400719153027
decision_type=2 2 2 2 2 2 2
left_child=-1 3 -3 4 -2 -5 -7
right_child=1 2 -4 5 -6 6 -8
leaf_value=0.0017494929131491358 -0.00083115362314495941 0.0021323158649853885 0.00015900362687493123 -0.0015442759023273276 0.00094063288227578894 0.0016541685877556282 -0.00070448792326103463
leaf_weight=13.787196412682531 23.69042194634676 18.738996155560017 192.02048009634018 37.016994200646877 52.412785336375237 20.555180877447128 81.988337501883507
leaf_count=55 95 81 706 161 194 86 326
internal_value=0.000104665 4.82779e-05 0.000341831 -0.000238805 0.000385677 -0.000579726 -0.000222503
internal_weight=440.21 426.423 210.759 215.664 76.1032 139.561 102.544
internal_count=1704 1649 787 862 289 573 412
is_linear=0
shrinkage=0.00425165


Tree=291
num_leaves=11
num_cat=0
split_feature=12 12 12 12 12 12 12 12 12 12
split_gain=2.69832 4.51945 4.20859 4.26464 1.94557 4.03347 2.00971 1.97153 1.91692 3.08306
threshold=-1.1490283004266255 -0.54697953407266342 -0.49395905419048175 -0.20863179707112725 1.2758347554729597 1.7331623732449384 1.8681926915919886 0.20280095128553202 0.28748883168419687 1.0155540191446282
decision_type=2 2 2 2 2 2 2 2 2 2
left_child=-1 -2 -3 -4 7 -6 -7 -5 -9 -10
right_child=1 2 3 4 5 6 -8 8 9 -11
leaf_value=-0.0095767550098173233 0.024372072931432988 -0.011004489421510307 0.045442982629212335 0.014563329302447362 0.054186639699168385 -0.0053471368548309835 0.024198463930240451 -0.0095588373785777392 0.019078077564987552 -0.005016904810180722
leaf_weight=79.673015467822552 30.658742353320122 83.773958101868629 8.0878694057464582 28.678149305284023 6.8329167142510405 21.602122664451599 12.463405534625052 71.202250823378563 29.628382086753845 51.298705942928791
leaf_count=310 116 336 42 121 37 77 48 293 134 190
internal_value=0.00033926 0.00265143 0.000471205 0.00467838 0.00303299 0.0147394 0.00577697 0.000331606 -0.00241442 0.00390168
internal_weight=423.9 344.227 313.568 229.794 221.706 40.8984 34.0655 180.807 152.129 80.9271
internal_count=1704 1394 1278 942 900 162 125 738 617 324
is_linear=0
shrinkage=0.0601461


Tree=292
num_leaves=3
num_cat=0
split_feature=18 18
split_gain=1.92556 5.18578
threshold=-0.68494468518227081 -0.36580584482134909
decision_type=2 2
left_child=-1 -2
right_child=1 -3
leaf_value=-0.0066744552126766074 0.038185357216691321 0.0010431521103768905
leaf_weight=111.46504186093807 14.713604532182215 294.06764687597752
leaf_count=473 72 1159
internal_value=0.00035793 0.0029073
internal_weight=420.246 308.781
internal_count=1704 1231
is_linear=0
shrinkage=0.0626841


Tree=293
num_leaves=4
num_cat=0
split_feature=8 8 8
split_gain=1.9251 2.06116 1.96383
threshold=0.42553355490659567 1.5018187030574215 0.27908079260223362
decision_type=2 2 2
left_child=2 -2 -1
right_child=1 -3 -4
leaf_value=0.0028581263869707019 -0.0086165898799730901 0.011965930112376273 0.041251529724215655
leaf_weight=260.68284618854523 130.37413274496794 23.561453610658646 4.9024071097373954
leaf_count=1035 545 93 31
internal_value=0.000343505 -0.0054179 0.0036892
internal_weight=419.521 153.936 265.585
internal_count=1704 638 1066
is_linear=0
shrinkage=0.0649446


Tree=294
num_leaves=12
num_cat=0
split_feature=17 7 15 16 16 16 15 15 16 16 16
split_gain=2.44866 6.06941 3.18153 6.7023 4.58625 7.31277 3.16436 2.76356 2.43864 8.85661 2.24141
threshold=-1.7262352614522998 -0.8935767729440246 0.71039813614964453 -1.2983120440966671 -0.28752228086561837 -0.70482724793501983 1.7959659864600541 2.1254926768792668 -0.15873613146916291 0.3439896182440651 -0.82693949735444183
decision_type=2 2 2 2 2 2 2 2 2 2 2
left_child=1 -1 3 -2 5 10 -4 -8 -6 -10 -5
right_child=2 -3 6 4 8 -7 7 -9 9 -11 -12
leaf_value=-0.0037212997518035204 -0.0018146877016178436 0.00036130745737062651 0.0010105956901462392 0.0016476972931345759 -0.00075216696652329247 0.0026277935685002866 -0.0019983243031271923 0.0010602912149373165 0.0019148142098794865 -0.0002030261731975094 -0.00019095459483393841
leaf_weight=5.7794782668352154 21.445784352719784 10.574380323290823 66.352196641266346 8.4725344032049161 52.141404382884502 18.538202293217182 7.5429103225469571 4.8753369897603989 24.717741951346397 180.80570636689663 38.325522929430008
leaf_count=25 98 39 247 32 208 75 31 18 101 686 144
internal_value=6.20651e-05 -0.00118426 0.000112397 -2.77504e-05 9.5104e-05 0.000886282 0.000719372 -0.000799655 -0.000107628 5.81421e-05 0.00016473
internal_weight=439.571 16.3539 423.217 344.447 323.001 65.3363 78.7704 12.4182 257.665 205.523 46.7981
internal_count=1704 64 1640 1344 1246 251 296 49 995 787 176
is_linear=0
shrinkage=0.00336861


Tree=295
num_leaves=26
num_cat=0
split_feature=18 18 13 17 17 0 0 0 3 0 17 0 18 18 18 13 13 0 0 0 17 13 0 13 18
split_gain=3.23111 8.46493 7.63562 7.07433 5.86289 5.85982 5.44987 7.89337 4.9145 4.39699 5.67478 3.60617 3.4777 9.89267 3.63162 6.71795 6.89328 4.9178 3.96935 3.95913 2.85755 2.81736 2.70885 3.99543 2.06287
threshold=-0.68494468518227081 -0.36580584482134909 0.12463438508862672 1.492602085599003 -1.0509837578322252 -0.94358100105149412 1.1752502371343501 1.096262787866437 0.57701097390559453 -0.118726991825229 0.27076962732015947 1.6318717119925088 -0.23316328638550854 0.20668945804000563 0.23964254780184691 0.61490634720966009 -0.37892616555324304 -1.3576383436265611 -1.8062125896886265 -1.3152420951152932 1.3550626224694866 1.1717459264955667 1.096262787866437 0.67352918547239604 1.621167154732204
decision_type=2 2 2 2 2 2 2 2 2 2 2 2 2 2 2 2 2 2 2 2 2 2 2 2 2
left_child=2 -2 3 4 11 -4 7 8 -6 -7 -11 -1 20 -14 22 16 -16 18 24 -19 -3 -21 23 -15 -17
right_child=1 12 5 -5 6 9 -8 -9 -10 10 -12 -13 13 14 15 17 -18 19 -20 21 -22 -23 -24 -25 -26
leaf_value=-0.00012974540486003096 0.0018662614907680502 -0.00059318133916850797 0.001063048658886105 -0.0025739402728583386 7.7148707458305345e-05 -0.0024358480491579173 0.0017942424054161472 -0.002145337285237919 0.0023469631751450153 -0.0020093752696323137 0.00040136911712117484 -0.0028704291257658273 0.001624929449182763 -0.0012314440823388338 -0.0001646182694011405 0.00090887591901963325 0.0013207766759315556 -0.0017829871675031151 0.0024350161329094156 0.00010544757504386454 0.0010969653289296625 -0.0014993354647419893 0.00081714588927599781 0.00013569878463990545 -0.000795854722085658
leaf_weight=9.2435062825679761 17.635740466415882 59.110790908336639 6.3981465250253668 4.5573039054870597 20.161282807588581 16.112316101789474 20.84895384311676 6.6918637603521338 7.9854087531566611 10.753356948494913 13.145144954323767 3.8182498216629019 28.326977267861366 31.876381918787956 32.298174560070038 8.2556691467762047 51.365834459662437 14.717843383550642 5.3638726472854605 30.345422133803368 6.4077354073524466 8.2612861543893796 8.562886714935301 23.367265671491623 8.2864952981471998
leaf_count=34 72 226 21 23 81 79 70 30 26 44 49 16 105 125 118 26 180 61 17 109 21 31 27 81 32
internal_value=7.0227e-05 0.000198176 -0.000285852 0.000223659 0.000437368 -0.00108121 0.000795565 0.000171924 0.000766992 -0.00144004 -0.00071354 -0.00104521 0.000100759 0.00023652 5.47327e-05 0.000259657 0.000750712 -0.000288399 0.000704569 -0.000701336 -0.000415932 -0.000261894 -0.000452515 -0.000658972 5.89951e-05
internal_weight=453.898 334.182 119.716 73.3066 68.7493 46.409 55.6875 34.8386 28.1467 40.0108 23.8985 13.0618 316.547 251.028 222.701 158.895 83.664 75.2306 21.906 53.3246 65.5185 38.6067 63.8065 55.2436 16.5422
internal_count=1704 1231 473 280 257 193 207 137 107 172 93 50 1159 912 807 574 298 276 75 201 247 140 233 206 58
is_linear=0
shrinkage=0.00253518


Tree=296
num_leaves=21
num_cat=0
split_feature=12 9 9 9 16 12 12 12 1 16 12 16 16 9 16 9 9 9 1 1
split_gain=4.86403 4.06892 7.07725 4.7497 3.60352 3.07669 3.39748 5.60642 3.34647 5.93511 3.30152 2.59722 7.17084 3.87234 5.95072 5.7503 2.22562 4.6718 2.07695 2.37564
threshold=0.28748883168419687 -0.32678568911673378 -0.41059181364277192 -0.11222137205842496 -1.8381616299874666 1.0155540191446282 1.2758347554729597 1.7331623732449384 -0.67960022125220854 0.44566064098591512 1.8681926915919886 -0.28752228086561837 -0.63428254125026418 0.35457579322708638 0.13429045828576924 0.54888880622776204 0.66645693193159439 1.4713679533524111 0.11752195757100528 0.51402506636524403
decision_type=2 2 2 2 2 2 2 2 2 2 2 2 2 2 2 2 2 2 2 2
left_child=1 2 -1 -3 -5 8 18 -8 9 -2 -9 12 -6 14 -13 -15 -17 -18 -7 -20
right_child=5 3 -4 4 11 6 7 10 -10 -11 -12 13 -14 15 -16 16 17 -19 19 -21
leaf_value=-6.6372896585685084e-05 0.0016426385519565016 0.002793559367939106 -0.0017800496732183269 -0.0019795757841809059 0.0001397546205612053 0.00015256193555950119 0.0032950140897297924 -0.00042276845528949091 0.0022084337917290869 -0.0031613390331941102 0.0016277069082633493 -0.0030450940831874217 0.0030788714619897385 0.0036397233035855288 -0.00022335916856128211 -0.00068645724328372153 0.0012741699237260244 -0.00090743440863202463 -0.0026517909056717089 -1.4891284585203774e-05
leaf_weight=83.194649502635002 7.4019694775342924 6.498667746782302 39.09702967107296 8.45018322765827 44.709297433495522 38.569267675280571 8.5396162271499616 21.954625874757767 22.303866378962994 3.5738607347011566 13.514459758996962 9.9878862798213941 10.899299338459967 4.6631874144077292 37.321746148169041 25.386815220117569 30.956361398100853 16.035824626684189 6.6460322588682157 7.748928964138031
leaf_count=311 33 25 169 39 165 134 37 77 86 15 48 46 40 17 142 98 104 62 28 28
internal_value=7.78616e-05 -0.00014577 -0.000622012 0.000154305 5.17726e-05 0.00062003 0.000313673 0.000991747 0.00148531 -2.77323e-05 0.00037767 0.000155613 0.000750937 -0.000113666 -0.000858956 0.000347995 9.8042e-05 0.000526201 -0.000256195 -0.00130312
internal_weight=447.454 317.201 122.292 194.909 188.411 130.253 96.9729 44.0087 33.2797 10.9758 35.4691 179.96 55.6086 124.352 47.3096 77.0422 72.379 46.9922 52.9642 14.395
internal_count=1704 1218 480 738 713 486 352 162 134 48 125 674 205 469 188 281 264 166 190 56
is_linear=0
shrinkage=0.00334538


Tree=297
num_leaves=27
num_cat=0
split_feature=15 15 15 13 14 14 14 17 15 15 17 9 9 9 14 9 14 17 15 14 17 15 15 9 14 17
split_gain=2.56385 6.14265 6.79539 6.01879 6.52732 3.81941 3.8053 12.3279 7.1537 6.39653 5.51325 5.24812 3.75828 4.6503 3.6849 4.36357 3.32233 3.23946 3.13142 2.97915 2.51446 2.3859 3.30242 2.30875 2.30632 2.25171
threshold=0.71039813614964453 0.67211674409850264 0.35477284107147511 0.46955300593193156 0.26160392451939263 1.7724413147135019 -0.39637255817794798 1.0000000180025095e-35 -1.1202900350009937 -0.84246196395561734 -0.16986507935584202 -1.54530978685933 -0.21229487713230522 -0.41059181364277192 0.26160392451939263 1.5683530884899319 1.9430900739760919 -0.55817848852962559 1.5524030795024919 -0.63665922088383342 -0.84241557696143621 -1.1531935327587746 -1.5634092688864303 -0.11222137205842496 -0.52401811727297753 0.37861839386817903
decision_type=2 2 2 2 2 2 2 2 2 2 2 2 2 2 2 2 2 2 2 2 2 2 2 2 2 2
left_child=1 2 5 4 18 6 8 10 21 -10 17 -11 13 -9 -14 -16 -7 23 -2 -4 -13 22 -1 -8 -5 -3
right_child=3 25 19 24 -6 16 7 12 9 11 -12 20 14 -15 15 -17 -18 -19 -20 -21 -22 -23 -24 -25 -26 -27
leaf_value=-0.0017150576419408916 0.0028974567536100807 -0.0009833803937717414 -0.0002058065475044647 -1.3550005222696621e-05 0.00014693369085674296 -0.003557527404098123 0.00043488844997451915 0.0012071810130012974 0.0039384920130461475 0.0031730846600920917 -0.0020792623490011337 -0.0020699285685152405 0.0032304649619215504 -0.0024233796029561549 0.0016473880520028682 -0.0015119420236530681 -9.7823329669809682e-05 0.0020040154732464646 0.00041450195748465602 0.0028917765182611336 -8.0880775220300928e-05 -0.0027481758098951803 0.001232741950719109 -0.0017603939038239021 -0.0025144997609472036 -0.0033716568060973076
leaf_weight=15.497200600802897 23.163870647549629 33.099760249257088 5.0325654223561314 9.4725075364112872 44.645026862621307 6.1853032857179624 13.546390131115917 11.871783599257471 4.3929896205663672 5.0907899886369696 23.071579352021217 7.8422701805829993 15.842826299369333 5.94139839708805 40.624506063759327 5.620673179626464 6.9275485873222351 8.0265838950872404 8.9877600222825986 14.3011367470026 96.230548314750195 14.641371197998522 6.010568335652354 9.5862942337989807 8.1434065848588926 5.2987162023782721
leaf_count=62 81 128 20 35 165 32 47 43 14 15 95 30 56 26 145 25 25 32 33 55 360 66 20 37 32 25
internal_value=8.71512e-05 -5.12603e-05 0.000112319 0.000603183 0.00103105 -2.25306e-05 6.60064e-05 0.000497744 -0.000321378 0.000118019 -0.000798068 -6.36073e-05 0.00137684 -5.38231e-05 0.001784 0.00124313 -0.00183189 0.000176842 0.00222659 0.00210175 -0.000245556 -0.00167473 -0.000875776 -0.000501827 -0.00122328 -0.00137337
internal_weight=449.095 354.683 316.284 94.4126 76.7967 296.951 283.838 134.132 149.706 113.557 54.2308 109.164 79.9012 17.8132 62.088 46.2452 13.1129 31.1593 32.1516 19.3337 104.073 36.1491 21.5078 23.1327 17.6159 38.3985
internal_count=1704 1358 1205 346 279 1130 1073 506 567 419 211 405 295 69 226 170 57 116 114 75 390 148 82 84 67 153
is_linear=0
shrinkage=0.00354228


Tree=298
num_leaves=13
num_cat=0
split_feature=20 20 13 20 20 13 6 20 17 6 13 13
split_gain=3.06373 8.97433 5.59349 5.16412 8.41666 4.32369 4.89887 4.24458 6.61971 3.2021 2.77438 2.49318
threshold=0.092415619838413912 -0.32048288124978802 0.61490634720966009 0.11629392630626693 0.47956423963928357 -0.4038481803236359 -0.73906795886846166 -0.48573192854616987 -0.39811434628387765 -0.28926070127903797 1.3186297554838797 -0.44498648622977582
decision_type=2 2 2 2 2 2 2 2 2 2 2 2
left_child=1 2 5 -2 -5 6 -1 8 -4 -6 -11 -8
right_child=3 -3 7 4 9 -7 11 -9 -10 10 -12 -13
leaf_value=0.0014658487011559764 -0.0012005748671233424 0.002258708924606953 -0.001924282601218663 0.0021098681295562498 -0.00098320630935244658 0.0012175374863995882 -1.9813514318499188e-05 -0.0024187932597981676 0.0017027796014239174 -0.00010261758999461052 0.0016758739149786658 -0.0013733913414046028
leaf_weight=22.179159678518772 53.337443858385086 28.144382029771805 12.27881730347872 22.514234580099583 48.819675333797932 55.724716030061245 60.792462296783924 17.041978433728218 12.524766057729719 75.562884047627449 12.767403870820997 24.561568439006805
leaf_count=79 211 113 48 85 201 198 231 69 41 292 40 96
internal_value=8.18261e-05 0.000368523 0.000101411 -0.000232315 9.54358e-05 0.000405233 -2.14211e-05 -0.00106926 -9.80745e-05 -0.00024556 0.000167114 -0.000418217
internal_weight=446.249 233.248 205.103 213.002 159.664 163.258 107.533 41.8456 24.8036 137.15 88.3303 85.354
internal_count=1704 875 762 829 618 604 406 158 89 533 332 327
is_linear=0
shrinkage=0.00362858


Tree=299
num_leaves=4
num_cat=0
split_feature=17 17 17
split_gain=1.94612 1.94207 2.32781
threshold=1.8820887824532846 -1.7262352614522998 -1.5304795450091735
decision_type=2 2 2
left_child=1 -1 -3
right_child=-2 2 -4
leaf_value=-0.021302602375484214 -0.024186692738575072 0.052389461142883113 0.0017524218929343145
leaf_weight=15.86160237342119 13.351733475923536 3.3748654201626769 390.18443784117699
leaf_count=64 64 17 1559
internal_value=0.000487579 0.00133829 0.00229267
internal_weight=422.773 409.421 393.559
internal_count=1704 1640 1576
is_linear=0
shrinkage=0.0677697


Tree=300
num_leaves=5
num_cat=0
split_feature=12 12 9 9
split_gain=2.48761 5.58259 3.19927 4.29879
threshold=-0.43305883673369411 -0.20863179707112725 -0.32678568911673378 -0.41059181364277192
decision_type=2 2 2 2
left_child=2 -2 3 -1
right_child=1 -3 -4 -5
leaf_value=-0.0049522035541561199 0.067570223521670233 0.0034627452570337633 0.0011162203405171022 -0.041422684901170369
leaf_weight=45.130197450518608 5.6330533921718589 220.92262922227383 128.95131322741508 21.741689719259739
leaf_count=175 32 900 497 100
internal_value=0.000443154 0.00529052 -0.00516358 -0.0171474
internal_weight=422.379 226.556 195.823 66.8719
internal_count=1704 932 772 275
is_linear=0
shrinkage=0.068066


Tree=301
num_leaves=19
num_cat=0
split_feature=12 12 12 20 12 12 12 16 16 16 12 12 12 15 15 16 12 15
split_gain=6.87816 5.09185 14.8856 4.13212 4.10174 4.05812 10.5154 3.68726 5.84799 5.63959 3.39257 5.319 3.24869 3.20474 5.87724 2.46838 2.37666 2.3675
threshold=0.28748883168419687 0.20280095128553202 -0.43305883673369411 1.4038115819521229 1.0155540191446282 -0.54697953407266342 -1.1490283004266255 -0.15873613146916291 -0.28752228086561837 -1.0544300160712694 1.2758347554729597 1.7331623732449384 1.8681926915919886 1.1199777402796842 1.5524030795024919 -1.3593660283637943 -0.20863179707112725 0.67211674409850264
decision_type=2 2 2 2 2 2 2 2 2 2 2 2 2 2 2 2 2 2
left_child=1 2 5 -3 -2 6 7 8 9 15 13 -12 -13 17 -15 -1 -4 -6
right_child=4 3 16 -5 10 -7 -8 -9 -10 -11 11 12 -14 14 -16 -17 -18 -19
leaf_value=-0.00069775632064980055 0.0015710507399978064 -0.0005976781678718652 0.0032736933591245754 -0.0030921582238991894 -0.00025750366350719923 -0.00074921412679959838 0.0015459111010433714 8.4870739475280914e-05 -0.0031465150306087481 0.001007629187085351 0.003020504199328929 -0.00030522745847160311 0.0015485217223168053 0.002468450823363201 -0.0010038251182360998 -0.0034328966034905947 0.0013448591259466295 -0.0021372881906951426
leaf_weight=8.5884894356131536 35.410206213593483 68.588993698358536 7.3332905173301688 6.0953556001186362 28.874359101057053 89.037490643560886 33.399792045354843 48.47054585814476 9.5662743598222715 12.696618065238001 8.6311183795332891 21.9190773665905 13.762218207120894 9.2001166194677371 7.6801229715347281 4.4670328497886649 33.557964459061623 7.2689291983842841
leaf_count=33 134 262 32 31 106 346 116 172 42 44 37 77 48 27 27 19 121 30
internal_value=0.000106404 -0.000135655 7.66142e-05 -0.000831497 0.0006905 -0.000259608 0.000114789 -0.000464823 -0.00120529 -0.00041287 0.000360317 0.000977301 0.000428463 -0.000162231 0.000910646 -0.00177151 0.00174467 -0.000673009
internal_weight=454.548 321.802 247.117 74.6843 132.746 206.226 117.189 83.789 35.3184 25.7521 97.3359 44.3124 35.6813 53.0235 16.8802 13.0555 40.8913 36.1433
internal_count=1704 1218 925 293 486 772 426 310 138 96 352 162 125 190 54 52 153 136
is_linear=0
shrinkage=0.00306162


Tree=302
num_leaves=4
num_cat=0
split_feature=4 4 4
split_gain=2.07294 7.07417 2.96025
threshold=-1.7950887299003944 -1.8630455633890992 -1.3601604288369398
decision_type=2 2 2
left_child=1 -1 -2
right_child=2 -3 -4
leaf_value=0.01838048462562877 0.050831666697803909 -0.070610563692972389 0.00073587212224901673
leaf_weight=8.6041808128356916 4.8949899226427069 7.1937397792935363 401.52892821282148
leaf_count=33 23 40 1608
internal_value=0.000462423 -0.0235056 0.00143894
internal_weight=422.222 15.7979 406.424
internal_count=1704 73 1631
is_linear=0
shrinkage=0.0692769


Tree=303
num_leaves=19
num_cat=0
split_feature=9 9 9 9 9 7 9 0 9 9 9 9 9 9 0 9 9 7
split_gain=2.72483 5.62223 4.73311 5.67177 9.46693 4.27561 3.29293 6.39898 4.35501 2.91604 2.87143 2.57401 2.52789 2.452 2.32571 2.20294 5.89101 2.01463
threshold=0.20239802304550458 0.54888880622776204 -0.41059181364277192 -0.32678568911673378 0.1190157201694441 -0.031865326491603653 0.66645693193159439 -0.26761751293013808 1.4713679533524111 -0.73618266137264743 1.6482121435626986 2.5506647963744857 1.1988838010675755 -1.3604056144881607 -1.1105544697570819 -1.3020693284229601 -0.90879232048880942 1.0316381884685504
decision_type=2 2 2 2 2 2 2 2 2 2 2 2 2 2 2 2 2 2
left_child=2 5 9 -4 -5 -2 7 14 12 13 -10 -12 -8 -1 -3 -15 -17 -6
right_child=1 6 3 4 17 -7 8 -9 10 -11 11 -13 -14 15 -16 16 -18 -19
leaf_value=0.00070796393705038177 -0.00066393070174804137 -0.00011583590516977739 -0.0013457902063588904 0.0012068223295098488 -0.00064874222986963028 0.0026183168762545558 0.00055042203352632566 0.00067397672906270318 -0.0014282946636702595 0.001092321938913939 0.00074012308287115577 -0.0016915709905835623 0.0022168878538647674 -0.00096760256291844214 -0.0019666219469975294 0.00138039705716996 -0.00050931686379845356 -0.0026312484501551229
leaf_weight=26.506584629416466 4.2383713349700001 8.1410847455263156 60.229257076978683 28.602137930691242 62.221249520778656 12.30821357667446 44.832332566380501 19.652891844511032 14.615848585963247 20.881220251321793 17.18082115799189 3.9586405530571929 9.0418296158313733 28.65719410777092 21.247113183140755 18.692636772990227 53.512585714459419 4.0985974818468085
leaf_count=92 17 28 233 107 233 45 155 72 58 83 60 19 35 103 83 69 194 18
internal_value=-0.000122162 0.000195233 -0.00028464 -0.000643644 -0.000190897 0.00177747 -2.67355e-06 -0.000611647 0.000332945 9.24223e-05 -0.000458902 0.000237211 0.000857934 -7.72386e-05 -0.00146787 -0.000287677 -1.03402e-05 -0.000800845
internal_weight=458.619 155.217 303.401 155.151 94.922 16.5466 138.671 49.0411 89.6295 148.25 35.7553 21.1395 53.8742 127.369 29.3882 100.862 72.2052 66.3198
internal_count=1704 572 1132 591 358 62 510 183 327 541 137 79 190 458 111 366 263 251
is_linear=0
shrinkage=0.0029518


Tree=304
num_leaves=16
num_cat=0
split_feature=12 12 12 12 12 12 12 15 15 12 12 14 12 14 15
split_gain=4.63528 3.61379 11.1395 3.44587 3.76663 5.43485 3.41063 3.1459 5.92385 2.98987 9.42175 3.88305 2.64782 2.22775 2.06198
threshold=0.28748883168419687 0.20280095128553202 -0.43305883673369411 1.0155540191446282 1.2758347554729597 1.7331623732449384 1.8681926915919886 1.1199777402796842 1.5524030795024919 -0.54697953407266342 -1.1490283004266255 0.96968499839693922 -0.20863179707112725 0.53389171656532852 0.67211674409850264
decision_type=2 2 2 2 2 2 2 2 2 2 2 2 2 2 2
left_child=1 2 9 -2 7 -6 -7 14 -9 10 11 13 -4 -1 -5
right_child=3 -3 12 4 5 6 -8 8 -10 -11 -12 -13 -14 -15 -16
leaf_value=-0.00038503332859840485 0.001716589960407271 -0.00089762130354911415 0.0039594335767086869 -0.00050640449671976689 0.0037154772147188499 -0.00048235043138768327 0.0018879563106100842 0.0029118086160882643 -0.0014142825274787232 -0.00082178214962140312 0.0018040113649386196 -0.0023712065322498673 0.0013860535567419984 0.0022533442256357471 -0.0026945747111741919
leaf_weight=64.598378486931324 33.481381423771381 73.463024266064167 6.7676828652620307 28.413015648722649 8.417256794869898 21.895956695079803 13.390580937266348 9.0847734510898608 7.6579063385725012 87.751102402806282 32.609947249293327 13.563777580857275 31.667446359992027 4.0983054786920539 7.2670177817344657
leaf_count=236 134 293 32 106 37 77 48 27 27 346 116 60 121 14 30
internal_value=8.26182e-05 -0.000166235 5.88511e-05 0.000683822 0.000313258 0.00112507 0.000439584 -0.000370383 0.000954117 -0.000298065 0.000104757 -0.000579671 0.00190808 -0.000203093 -0.00100037
internal_weight=444.128 314.52 241.057 129.608 96.1265 43.7038 35.2865 52.4227 16.7427 202.622 114.87 82.2605 38.4351 68.6967 35.68
internal_count=1704 1218 925 486 352 162 125 190 54 772 426 310 153 250 136
is_linear=0
shrinkage=0.00379266


Tree=305
num_leaves=20
num_cat=0
split_feature=12 6 12 12 12 12 20 20 20 12 12 12 15 15 12 20 15 20 20
split_gain=5.03092 6.37406 3.85152 10.5219 4.15615 8.33969 5.63479 6.54975 4.13439 3.28367 2.81329 4.69052 3.21323 5.77757 2.57586 2.54715 2.3253 2.27502 1.90908
threshold=0.28748883168419687 -2.1675278204035178 0.20280095128553202 -0.49395905419048175 -0.54697953407266342 -1.1490283004266255 -0.32048288124978802 -0.48573192854616987 1.4038115819521229 1.0155540191446282 1.2758347554729597 1.7331623732449384 1.1199777402796842 1.5524030795024919 1.8681926915919886 0.33064428945487162 0.67211674409850264 -0.48573192854616987 -0.93037642772780915
decision_type=2 2 2 2 2 2 2 2 2 2 2 2 2 2 2 2 2 2 2
left_child=1 -1 3 4 5 6 7 18 -4 -2 12 -12 16 -14 -13 -7 -11 -6 -3
right_child=9 2 8 -5 17 15 -8 -9 -10 10 11 14 13 -15 -16 -17 -18 -19 -20
leaf_value=-0.0034081825512103587 0.0013543544278658184 -0.00096981755277280701 -0.0004344824686366426 0.0014703951422744667 0.00020955147214949126 0.0021989086964874071 0.00018799467238076741 -0.0035103101343343097 -0.0028736388310082023 -0.0002685963852661919 0.0028015451265211251 -0.00027468040990756451 0.002363642652447815 -0.00097044132374292976 0.0013397527168396584 0.00051694788343364093 -0.0020757656877625585 -0.00092743758538912533 0.0011895106493499819
leaf_weight=4.2669687643647185 33.756875097751617 10.548227667808531 67.240016087889671 40.799404978752136 19.854540199041367 17.525591835379601 58.310721918940544 8.2500673979520798 5.9520016685128203 28.948044016957283 7.8230643346905699 21.880956158041954 9.2300529628992098 7.6961319148540488 13.365257322788237 14.963658347725866 7.266135871410369 65.397131562232971 4.4512318372726449
leaf_count=25 134 39 257 162 68 62 206 38 31 106 37 77 27 27 48 53 30 262 15
internal_value=7.87229e-05 -0.000122781 -6.93531e-05 0.000112767 -0.000169923 0.000200334 -0.000307619 -0.00151639 -0.000661502 0.000568814 0.000284589 0.000840971 -0.000172197 0.000868388 0.000354052 0.00145256 -0.000667583 -0.000662668 -0.000302444
internal_weight=447.526 317.56 313.293 240.101 199.301 114.049 81.5602 23.2495 73.192 129.967 96.2096 43.0693 53.1404 16.9262 35.2462 32.4893 36.2142 85.2517 14.9995
internal_count=1704 1218 1193 905 743 413 298 92 288 486 352 162 190 54 125 115 136 330 54
is_linear=0
shrinkage=0.00296884


Tree=306
num_leaves=5
num_cat=0
split_feature=12 12 4 4
split_gain=2.51134 3.83981 2.66949 6.02837
threshold=1.2758347554729597 1.7331623732449384 -1.7950887299003944 -1.8630455633890992
decision_type=2 2 2 2
left_child=2 -2 3 -1
right_child=1 -3 -4 -5
leaf_value=0.011301543075664689 0.064373117860896847 0.0069040895997505925 -0.00025616353141094894 -0.083701124607910349
leaf_weight=7.203627735376358 6.642771214246749 34.044166177511215 370.25640705227852 5.6581943184137327
leaf_count=29 37 125 1478 35
internal_value=0.000413989 0.0173321 -0.00141529 -0.0328022
internal_weight=423.805 40.6869 383.118 12.8618
internal_count=1704 162 1542 64
is_linear=0
shrinkage=0.0724183


Tree=307
num_leaves=13
num_cat=0
split_feature=14 14 14 14 14 14 14 14 14 14 14 14
split_gain=2.15821 7.24461 2.63205 6.34368 2.62739 15.0858 5.8869 5.24364 3.06103 2.28285 3.73987 2.16672
threshold=1.7724413147135019 1.1363373556406191 0.96968499839693922 0.53389171656532852 0.26160392451939263 -0.39637255817794798 -0.1351705938880626 -0.52401811727297753 -0.60967154198068008 1.9430900739760919 2.505093081842046 0.46814851029914545
decision_type=2 2 2 2 2 2 2 2 2 2 2 2
left_child=1 2 3 4 5 7 -7 8 -1 -2 -11 -6
right_child=9 -3 -4 -5 11 6 -8 -9 -10 10 -12 -13
leaf_value=0.0002007070379206584 -0.002041667786349512 0.0030544682394615724 -0.00076192356118027051 0.0025114442314485169 -0.00063953823387470361 0.0041344177212232222 0.0012697661591254735 -0.00080228445347223459 0.0027598675902373486 0.0019179875778368026 -0.0014861685835176218 0.0009008544205838222
leaf_weight=115.07778260111809 11.533146448433401 9.8273112177848798 43.483304902911186 13.358667954802511 84.595160588622093 12.311449766159056 34.829724550247192 90.471693202853203 5.4957911521196356 6.63521884381771 8.4374692440032941 12.830085091292856
leaf_count=426 51 47 170 55 312 48 125 347 21 23 32 47
internal_value=7.59659e-05 0.000138953 6.36497e-05 0.000162396 6.86726e-05 0.00025781 0.00207222 -0.000153762 0.00033479 -0.000898257 3.19167e-05 -0.000430566
internal_weight=448.887 422.281 412.454 368.97 355.612 258.186 47.1412 211.045 120.574 26.6058 15.0727 97.4252
internal_count=1704 1598 1551 1381 1326 967 173 794 447 106 55 359
is_linear=0
shrinkage=0.00358433


Tree=308
num_leaves=2
num_cat=0
split_feature=20
split_gain=1.91676
threshold=-1.4829235062602291
decision_type=2
left_child=-1
right_child=-2
leaf_value=0.026239364160672234 -0.00047010882032180734
leaf_weight=12.991580076515673 410.76433631777763
leaf_count=55 1649
internal_value=0.00039708
internal_weight=423.756
internal_count=1704
is_linear=0
shrinkage=0.0705794


Tree=309
num_leaves=14
num_cat=0
split_feature=20 18 18 18 18 18 18 18 3 3 3 3 18
split_gain=2.79683 2.50449 2.53989 7.30757 3.12732 7.64548 3.34221 5.09951 2.63004 2.70469 2.45998 2.74414 2.3708
threshold=-1.4829235062602291 2.026934388300194 -0.68494468518227081 -0.36580584482134909 -0.23316328638550854 0.20668945804000563 0.23964254780184691 0.69657992174808581 -0.79400040430519903 -1.2195966474792888 -0.16991514140074873 0.072813342042342036 1.2368139676713283
decision_type=2 2 2 2 2 2 2 2 2 2 2 2 2
left_child=-1 2 8 -4 -5 -6 -7 -8 9 -2 -10 -12 -9
right_child=1 -3 3 4 5 6 7 12 10 -11 11 -13 -14
leaf_value=0.0016635199293671258 -3.8079914455040417e-05 -0.0016430830431573981 0.0026165579565147657 -0.00059350014111051136 0.0021801367168603632 -0.00062714119573863451 0.0017708002481054857 -0.00024345059867705816 -0.001416331265951981 0.0026252119482771097 0.0020396061852932744 -0.00047338829777643387 0.0011320955916714801
leaf_weight=14.374977797269819 20.658294133841995 11.004449158906935 16.431534714996815 63.864462569355965 26.402805179357529 62.387249603867531 28.810361951589584 86.490579605102539 36.121964812278748 6.2006778419017783 5.9837566614150992 48.42505594342947 20.742055267095566
leaf_count=55 75 44 68 244 102 229 108 313 156 24 21 194 71
internal_value=9.73012e-05 4.23715e-05 8.93307e-05 0.000267957 0.000127398 0.000333565 8.00965e-05 0.000406172 -0.000373588 0.000633691 -0.000675716 -0.000171103 2.92493e-05
internal_weight=447.898 433.523 422.519 305.129 288.698 224.833 198.43 136.043 117.39 26.859 90.5308 54.4088 107.233
internal_count=1704 1649 1605 1135 1067 823 721 492 470 99 371 215 384
is_linear=0
shrinkage=0.00371709


Tree=310
num_leaves=14
num_cat=0
split_feature=20 20 20 20 13 13 20 13 13 20 13 13 13
split_gain=3.034 10.3686 6.06152 9.50686 5.45252 4.54941 4.51998 3.08755 2.58936 2.33614 2.11693 3.05264 2.0685
threshold=0.092415619838413912 -0.32048288124978802 0.11629392630626693 0.47956423963928357 0.61490634720966009 -0.4038481803236359 -0.48573192854616987 -0.44498648622977582 0.82064946621374923 -0.8393140898724698 0.047615600439395535 0.18735428736312462 -0.44498648622977582
decision_type=2 2 2 2 2 2 2 2 2 2 2 2 2
left_child=1 4 -2 -4 5 7 9 -1 12 -6 -7 -12 -5
right_child=2 -3 3 8 6 10 -8 -9 -10 -11 11 -13 -14
leaf_value=0.00028746217064219232 -0.001170743908863783 0.002174139901969492 0.0020523191831142043 0.00066180750709670603 -0.00057962819356957801 0.0023543614557556378 -0.0022680736427790789 -0.00097126748156848273 0.00041382557820090647 0.0018321659050088803 0.00022671002984170908 0.0021680150076239229 -0.00074363339438112417
leaf_weight=79.605529218912125 53.936413332819939 29.256236329674721 23.339676477015018 13.026055127382277 20.209615334868435 11.432237878441809 17.173074796795845 29.077878817915916 47.291802510619164 4.8550624251365653 33.33979432284832 11.699919283390043 79.648562699556351
leaf_count=297 211 113 85 48 72 41 69 109 165 17 114 43 320
internal_value=7.75444e-05 0.000339042 -0.000207502 0.00011473 7.28294e-05 0.000347609 -0.000988081 -5.38429e-05 -0.000218202 -7.04717e-05 0.00111047 0.000760133 -0.000541721
internal_weight=453.892 236.649 217.243 163.306 207.393 165.155 42.2378 108.683 139.966 25.0647 56.472 45.0397 92.6746
internal_count=1704 875 829 618 762 604 158 406 533 89 198 157 368
is_linear=0
shrinkage=0.00334538


Tree=311
num_leaves=6
num_cat=0
split_feature=2 2 2 2 2
split_gain=2.37065 2.03143 4.81294 3.23898 3.01141
threshold=-2.0895454277318604 -0.43797190448600692 -0.41179469819859527 0.086563618832801587 -0.89062248308965575
decision_type=2 2 2 2 2
left_child=-1 4 -3 -4 -2
right_child=1 2 3 -5 -6
leaf_value=-0.033211115128789999 0.0028074376146485572 -0.019945891183567481 0.026210406040038083 -0.00013375029024191026 0.029338777262296251
leaf_weight=8.4433340281248075 80.687139727175236 52.644316144287586 22.344118013978004 236.3068390712142 24.702700577676296
leaf_count=44 310 236 106 898 110
internal_value=0.000418703 0.00116287 -0.00157341 0.00221582 0.00919637
internal_weight=425.128 416.685 311.295 258.651 105.39
internal_count=1704 1660 1240 1004 420
is_linear=0
shrinkage=0.0672662


Tree=312
num_leaves=3
num_cat=0
split_feature=9 9
split_gain=1.96106 2.88255
threshold=0.66645693193159439 1.4713679533524111
decision_type=2 2
left_child=-1 -2
right_child=1 -3
leaf_value=-0.0021014539625893872 0.021945243440087296 -0.0063335536566888895
leaf_weight=340.10547011345625 49.89252507686615 33.175143241882324
leaf_count=1377 190 137
internal_value=0.000425145 0.0106908
internal_weight=423.173 83.0677
internal_count=1704 327
is_linear=0
shrinkage=0.0749585


Tree=313
num_leaves=22
num_cat=0
split_feature=13 13 9 9 13 4 16 19 13 13 13 13 13 13 13 13 16 16 16 13 13
split_gain=3.30989 4.30759 3.96739 7.49157 4.96304 3.81827 3.77524 3.76832 3.36557 3.03687 3.70656 3.78298 5.76975 2.89891 3.26031 3.39971 2.46735 5.49025 4.47166 1.95663 2.19604
threshold=0.61490634720966009 0.18735428736312462 -0.32678568911673378 -0.90879232048880942 0.73996352983101021 0.68622810871403139 1.3036228037165836 1.6771854073830279 1.1717459264955667 -2.1165327144325219 -0.44498648622977582 -0.4038481803236359 0.12463438508862672 -0.85158462163420368 -1.0247145952099328 -1.5175961248599694 0.3439896182440651 1.3761581220044954 -0.34931685826682274 1.3186297554838797 1.4542584810274992
decision_type=2 2 2 2 2 2 2 2 2 2 2 2 2 2 2 2 2 2 2 2 2
left_child=1 7 3 -2 5 -4 -3 9 -6 -1 13 -12 -13 14 15 -11 18 -18 -14 -10 -21
right_child=2 6 4 -5 8 -7 -8 -9 19 10 11 12 16 -15 -16 -17 17 -19 -20 20 -22
leaf_value=-0.0015404003114223431 0.00052685608922272721 0.001558899575042641 -0.0010840905801692798 -0.001501912682073924 0.0014726760660832923 0.00093699412297713306 -0.00075721795000675504 0.0012969255156535747 -0.00046368784661850247 0.00037914795314872166 -0.00070826985096994434 0.0011005118822899418 -0.00075973485273393639 0.0014594185211488676 -0.00015276254006372535 0.0022070312244316459 -0.0013751815533088003 0.0011048373647610619 0.00094201893568814294 0.0017535099532252241 6.1149930803346651e-05
leaf_weight=6.9695150554180136 18.844827428460121 26.433368012309078 28.768138013780117 34.364883847534657 18.3443613499403 7.4895198941230765 5.3058308362960807 17.595129117369652 19.084242686629295 25.016639918088913 51.473392352461815 30.371591828763485 18.48946700245142 17.476174652576447 46.494812235236168 9.0901805236935598 24.39937420189381 7.3955718576908103 22.731023147702217 7.3149841725826272 14.915455400943756
leaf_count=28 64 94 117 141 63 24 20 60 70 88 199 112 70 70 173 36 98 25 80 22 50
internal_value=0.000103104 0.000257615 -0.000216942 -0.000785331 0.000102104 -0.000653785 0.00115989 0.000151401 0.000564358 7.007e-05 0.000119215 -0.000133331 0.000156055 0.000515865 0.000299206 0.000904681 -0.000244344 -0.000783749 0.000178256 0.000141339 0.000658326
internal_weight=458.368 309.242 149.126 53.2097 95.9167 36.2577 31.7392 277.503 59.659 259.908 252.938 154.86 103.387 98.0778 80.6016 34.1068 73.0154 31.7949 41.2205 41.3147 22.2304
internal_count=1704 1153 551 205 346 141 114 1039 205 979 951 584 385 367 297 124 273 123 150 142 72
is_linear=0
shrinkage=0.00262205


Tree=314
num_leaves=2
num_cat=0
split_feature=4
split_gain=2.05623
threshold=-0.26944506927502088
decision_type=2
left_child=-1
right_child=-2
leaf_value=-0.0047222054153573277 0.0045982139274588201
leaf_weight=191.13771250098944 232.58398455381393
leaf_count=796 908
internal_value=0.000392828
internal_weight=423.722
internal_count=1704
is_linear=0
shrinkage=0.0667104


Tree=315
num_leaves=21
num_cat=0
split_feature=20 20 20 20 9 9 20 20 17 9 17 3 17 20 17 17 17 9 17 17
split_gain=3.53373 10.4731 6.11564 9.81016 4.9043 10.3454 4.74022 8.52472 4.3405 7.02303 4.23058 4.1242 4.00317 3.18608 3.02151 2.29012 6.50053 2.10457 1.96334 1.92447
threshold=0.092415619838413912 -0.32048288124978802 0.11629392630626693 0.47956423963928357 -1.5822559785204351 -1.3020693284229601 -0.48573192854616987 -0.71465383850357789 1.8820887824532846 0.88002250405821625 -0.13036439411240175 1.1992716791815741 -1.0000000180025095e-35 -1.4829235062602291 -0.36027989250336712 0.48615754283384488 0.37861839386817903 -0.90879232048880942 0.86948855328106822 -1.1901039001979685
decision_type=2 2 2 2 2 2 2 2 2 2 2 2 2 2 2 2 2 2 2 2
left_child=1 6 10 18 -5 -6 7 13 9 17 -2 -11 -13 -1 -15 16 19 -7 -4 -8
right_child=2 -3 3 4 5 8 15 -9 -10 11 -12 12 -14 14 -16 -17 -18 -19 -20 -21
leaf_value=0.0011274688818935169 -5.8315249966189179e-05 0.001534507903103299 0.0018531848328042254 0.0018641075780724049 -0.0030776496741688848 0.0010431421881080406 -0.00091940391406132593 0.0021565174045324455 -0.0016406960774030853 0.0018162838578414118 -0.0013648438919272579 -0.001583266424205848 0.00077592030749342063 -0.00033713327407736718 0.00043826165534643062 0.00040407856694502656 -0.0021432465615687122 -0.00041629845792700746 0.0003453142118639147 7.2954779343635436e-05
leaf_weight=14.878014251589773 23.016394391655922 29.587179839611053 16.701941862702373 5.3492318093776694 5.7601031735539427 4.869276985526084 13.963729932904242 11.753977835178373 8.3210960701107961 14.304894864559172 30.941181778907776 4.3648516237735757 14.175367504358292 59.552268877625465 48.08313624560833 15.228427112102507 10.825551122426985 83.380330994725227 6.7965925633907309 35.778375372290611
leaf_count=55 82 113 59 16 28 15 52 43 39 44 129 18 48 210 169 58 47 325 26 128
internal_value=6.87265e-05 0.000262675 -0.000144674 7.88924e-05 -0.000155361 -0.000246025 7.84148e-05 0.000339434 -0.000101724 1.42404e-05 -0.000815652 0.000916389 0.000178617 0.000152234 9.98343e-06 -0.000382713 -0.000583752 -0.00032674 0.00143871 -0.000216015
internal_weight=457.632 239.651 217.981 164.024 140.525 135.176 210.063 134.267 129.416 121.095 53.9576 32.8451 18.5402 122.513 107.635 75.7961 60.5677 88.2496 23.4985 49.7421
internal_count=1704 875 829 618 533 517 762 477 489 450 211 110 66 434 379 285 227 340 85 180
is_linear=0
shrinkage=0.00231927


Tree=316
num_leaves=2
num_cat=0
split_feature=12
split_gain=2.64769
threshold=0.28748883168419687
decision_type=2
left_child=-1
right_child=-2
leaf_value=-0.0026890882072717242 0.007848429346422079
leaf_weight=302.34694892168045 121.88963816314936
leaf_count=1218 486
internal_value=0.000347611
internal_weight=424.237
internal_count=1704
is_linear=0
shrinkage=0.0605297


Tree=317
num_leaves=22
num_cat=0
split_feature=2 9 7 2 13 2 13 2 15 15 15 7 7 9 15 15 15 9 7 15 15
split_gain=2.66857 3.6615 3.56501 5.44602 3.40227 5.17997 5.06221 4.07751 3.73178 4.61465 3.4471 3.0818 6.27076 3.70675 2.95091 3.7933 2.43712 2.34025 2.14004 2.07076 6.168
threshold=-2.0895454277318604 0.66645693193159439 1.0316381884685504 -0.86103142082008854 0.67352918547239604 -0.72460649426046753 0.18735428736312462 2.2368661555929639 0.86087258127225585 -1.1531935327587746 -1.1202900350009937 1.0848232383219638 0.5299400897047416 1.5683530884899319 0.67211674409850264 -1.5634092688864303 0.86087258127225585 1.1190247459948086 2.1370113749470749 1.9841303928035907 2.1254926768792668
decision_type=2 2 2 2 2 2 2 2 2 2 2 2 2 2 2 2 2 2 2 2 2
left_child=-1 2 4 -4 6 -6 8 14 9 -2 -11 12 17 -14 15 -7 -16 -3 -13 -10 -21
right_child=1 11 3 -5 5 7 -8 -9 19 10 -12 18 13 -15 16 -17 -18 -19 -20 20 -22
leaf_value=-0.001852001638637172 0.0020537036671527285 0.00089853828298306411 0.00089689988949623258 -0.0029649644038293333 -0.0034133048792007424 -0.0019148268650287575 0.001948901876263802 -0.0035028281500269652 0.0012001348522296879 -0.0025793604161064398 -0.00022477925410998003 -0.000382725959302113 0.0029081881245516593 -5.8205269688079651e-05 -0.0031090990227254202 0.00060685773431591735 -0.00011069549297775661 -0.002186243396250957 0.0019369305278645326 -0.0029646634867356932 0.0022867531849932047
leaf_weight=8.905575215816496 10.865477830171583 5.607180714607237 7.5331964045763042 12.612494915723799 7.2190170586109152 8.7749626040458661 21.745457775890827 4.2825573533773413 49.62898188829422 8.3077153563499433 141.67735554277897 31.156839348375797 26.121705561876297 7.2905906811356536 6.5124118551611883 56.917554035782814 7.6710993647575378 6.5558611452579498 5.7829289287328711 5.8227012157440168 4.9286945760250092
leaf_count=44 39 22 27 54 32 36 83 20 176 38 554 117 84 28 28 206 27 29 20 23 17
internal_value=7.15905e-05 0.000114146 -5.0499e-05 -0.00153664 4.25132e-05 -0.000565776 0.000272412 -0.000291742 0.000101208 -0.000195055 -0.000368287 0.000815191 0.0014533 0.00227091 -8.59812e-05 0.000250444 -0.00157323 -0.000787817 1.50576e-05 0.000882561 -0.000559219
internal_weight=445.92 437.015 354.5 20.1457 334.354 91.3776 242.976 84.1586 221.231 160.851 149.985 82.5151 45.5753 33.4123 79.876 65.6925 14.1835 12.163 36.9398 60.3804 10.7514
internal_count=1704 1660 1360 81 1279 349 930 317 847 631 592 300 163 112 297 242 55 51 137 216 40
is_linear=0
shrinkage=0.00371709


Tree=318
num_leaves=16
num_cat=0
split_feature=17 17 9 17 9 17 17 9 9 16 9 9 16 16 16
split_gain=3.44003 3.84965 3.54612 3.41928 4.28709 3.78939 7.80566 3.01615 3.50476 3.49478 2.85933 2.17428 2.04443 4.72498 2.68882
threshold=-1.7262352614522998 -1.5304795450091735 -0.9407005626236572 1.8820887824532846 0.66645693193159439 1.0000000180025095e-35 -0.16986507935584202 -0.90879232048880942 -1.2293157354472115 1.9707259821136665 -1.3604056144881607 0.99460176577829251 -0.28752228086561837 -0.70482724793501983 0.99860973549103316
decision_type=2 2 2 2 2 2 2 2 2 2 2 2 2 2 2
left_child=2 -2 -1 4 7 6 -6 8 10 12 -3 -7 13 -9 -14
right_child=1 3 -4 -5 5 11 -8 9 -10 -11 -12 -13 14 -15 -16
leaf_value=-0.0028115336287364784 0.0026758855799427442 0.0010228903177442838 -0.00010453232660756782 -0.0012429208617710684 0.001200771410498183 0.0027619664027671376 -0.0018872506418396806 1.9322608992030548e-06 0.0018394141144229296 -0.0019776353724715715 -0.00037728462331175006 0.0010017898255130846 -0.00036966065937466604 0.0017162517439389758 0.00067188613812397527
leaf_weight=6.1040454208850887 4.3925186395645133 21.458802536129948 10.784502252936361 14.340724498033522 16.423445247113705 6.7686052173376074 11.303993470966818 76.119753450155258 14.59755928814411 7.4918624460697165 28.787034720182422 43.932141780853271 152.00532230734825 16.317993223667145 24.354360446333885
leaf_count=25 17 73 39 64 57 21 47 279 52 33 104 154 590 63 86
internal_value=0.000112917 0.000164109 -0.00116207 0.000133714 0.00018308 0.000801497 -7.47154e-05 3.93684e-05 0.000608022 -9.54892e-05 0.000227558 0.00127535 -3.7275e-05 0.000316578 -0.000223338
internal_weight=455.183 438.294 16.8885 433.902 419.561 78.4282 27.7274 341.133 64.8434 276.289 50.2458 50.7007 268.797 92.4377 176.36
internal_count=1704 1640 64 1623 1559 279 104 1280 229 1051 177 175 1018 342 676
is_linear=0
shrinkage=0.0029518


Tree=319
num_leaves=21
num_cat=0
split_feature=3 3 15 3 8 3 13 13 8 8 13 3 3 3 3 17 17 3 13 13
split_gain=3.44922 5.16374 7.8275 7.7831 4.17245 6.64525 4.42695 3.94869 3.14227 4.10467 3.71453 2.82075 4.64746 3.51381 3.9956 2.70911 2.6355 2.50226 2.2456 2.10126
threshold=-0.85170420315479034 -1.6891796167818998 -0.12641803323345716 -1.7339487907738638 0.42553355490659567 0.67612219066129453 -0.61883441331018918 -0.44498648622977582 -1.5006197890827797 -1.9444072026060437 1.4542584810274992 0.072813342042342036 -0.27584681077141787 0.16302681097039168 0.90306323048800963 -1.0000000180025095e-35 -0.90133254375089922 -0.19464534090771646 0.12463438508862672 -0.37892616555324304
decision_type=2 2 2 2 2 2 2 2 2 2 2 2 2 2 2 2 2 2 2 2
left_child=1 3 19 -1 7 6 -6 17 9 15 11 12 -10 -13 -15 -9 -8 -2 -4 -3
right_child=4 2 18 -5 5 -7 16 8 10 -11 -12 13 -14 14 -16 -17 -18 -19 -20 -21
leaf_value=0.00099091961695512072 -0.00024785373332597164 -0.0020045930432253051 0.0017409473734456501 -0.0018807654292089014 -0.00014644280909164843 0.0013787748059862922 -0.0028044675215876387 -0.00085467584150712489 0.00016067415137577287 0.0022080577457450289 -0.0017475606600447786 -0.00076917174534565165 0.0018016482665324657 0.00060575335429186223 -0.00034224567097538677 0.0010518188557072262 -0.00092428194203935938 0.0017149484866790642 0.00052588975148331078 -1.4811250401506905e-05
leaf_weight=10.298783749341965 4.8812216073274639 4.0472677052021018 32.001094430685043 10.472991153597832 59.48598824441433 10.582439139485357 4.5091440528631201 7.5656625926494643 61.572722151875496 8.2635261267423612 6.2020593583583823 38.690380364656448 11.466180920600889 46.848667100071907 58.146865874528885 8.4638963043689728 38.587899558246136 14.045638814568518 13.562437325716017 8.7716374248266202
leaf_count=36 20 16 108 41 223 36 20 29 219 25 24 148 40 168 225 26 161 57 48 34
internal_value=9.79117e-05 0.00055747 0.000925304 -0.00047053 1.03959e-06 -0.000388981 -0.000580984 0.000167539 8.36913e-05 0.000899949 -8.19593e-06 4.79067e-05 0.000434864 -0.000150102 8.20424e-05 0.000155479 -0.00116766 0.00121493 0.00139324 -0.000717666
internal_weight=458.467 79.1542 58.3824 20.7718 379.312 113.165 102.583 266.147 247.22 24.2931 222.927 216.725 73.0389 143.686 104.996 16.0296 43.097 18.9269 45.5635 12.8189
internal_count=1704 283 206 77 1421 440 404 981 904 80 824 800 259 541 393 55 181 77 156 50
is_linear=0
shrinkage=0.00243524


Tree=320
num_leaves=21
num_cat=0
split_feature=2 2 2 2 2 15 15 15 15 9 9 9 9 9 15 4 4 4 4 15
split_gain=4.51803 4.05001 12.1268 8.53403 6.96605 3.39544 4.07779 6.93557 5.0928 6.43295 6.39974 3.23578 5.37806 3.86146 2.85066 2.06572 3.25795 2.8071 2.21743 1.94156
threshold=-2.0895454277318604 -0.43797190448600692 -0.41179469819859527 0.086563618832801587 -0.89062248308965575 -0.63282380450336062 -1.1531935327587746 -1.5634092688864303 -1.1202900350009937 -0.7108823515718008 0.66645693193159439 0.20239802304550458 0.1190157201694441 -0.80220670362787938 -0.28695024102108097 1.5240224203026449 0.23292630750590157 -0.35982838088149099 -0.79343613419221082 0.67211674409850264
decision_type=2 2 2 2 2 2 2 2 2 2 2 2 2 2 2 2 2 2 2 2
left_child=-1 4 14 -4 11 6 7 -5 -8 -10 -11 12 13 -2 -3 16 17 18 -7 -16
right_child=1 2 3 5 -6 15 8 -9 9 10 -12 -13 -14 -15 19 -17 -18 -19 -20 -21
leaf_value=-0.0016231014189791028 -0.00092012621890473609 -0.0003167260931000558 0.0015891325099510667 -0.00043876488199489586 0.0016484209944833664 0.00035562338620283979 -0.0020295345928108798 0.0024948370760207047 0.0016829963315913722 -0.0016485366672767932 0.0013915359223312532 0.00063802874036542057 -0.0023054650283954778 0.00090663227318558905 -0.0021411451833903638 -0.00047588216490105181 0.00079678746678297379 -0.00028617207302270031 0.002283289837722453 -0.00085466131359447617
leaf_weight=9.4788735434412938 13.524057097733023 20.561406508088112 27.767182692885399 18.093280866742138 29.851604223251343 21.832455515861515 16.012420266866684 7.1682289242744437 8.1997805833816511 18.662961915135387 5.6854577511548987 47.162373654544353 7.2445492446422568 17.571597620844841 18.660217463970184 22.210525259375572 68.969159573316574 59.952505923807621 4.4006598442792884 16.929276153445244
leaf_count=44 52 82 106 65 110 75 68 22 26 75 17 166 32 60 85 80 240 214 16 69
internal_value=0.000104343 0.000143559 -3.70754e-06 0.000222379 0.000568475 6.67249e-05 -0.000406366 0.000443903 -0.00084938 -0.000235039 -0.000914005 0.000179922 -0.00038532 0.000108216 -0.00111419 0.000264568 0.000372598 2.9092e-05 0.000736104 -0.00155984
internal_weight=459.939 450.46 335.106 278.955 115.354 251.187 73.8221 25.2615 48.5606 32.5482 24.3484 85.5026 38.3402 31.0957 56.1509 177.365 155.155 86.1856 26.2331 35.5895
internal_count=1704 1660 1240 1004 420 898 273 87 186 118 92 310 144 112 236 625 545 305 91 154
is_linear=0
shrinkage=0.00264109


Tree=321
num_leaves=10
num_cat=0
split_feature=4 7 14 14 4 4 4 4 7
split_gain=2.63892 5.55763 5.06664 8.84416 10.6874 4.23772 3.82211 2.56795 2.56342
threshold=-0.26944506927502088 0.18103424444789548 -0.45773049097128432 -0.55807129136225908 -0.82985204614009767 -0.45513615586559364 0.18062957200711802 -0.90198744283486154 0.86706976504094735
decision_type=2 2 2 2 2 2 2 2 2
left_child=1 7 3 8 -5 -4 -2 -1 -3
right_child=6 2 5 4 -6 -7 -8 -9 -10
leaf_value=0.00027805107201581277 0.0015931349511291713 0.0016110053746267638 0.0017022368740422134 -0.0045233587670488089 -7.9279837710899696e-05 -0.00098721929378690941 0.00020888715461173283 -0.0010910654488248644 2.9658965970797945e-05
leaf_weight=19.214435964822769 24.013124443590641 17.274556875228882 35.155775167047977 9.1433892473578453 15.401708751916885 7.4025845378637305 222.72556173801422 69.153432168066502 31.255410678684711
leaf_count=74 94 61 128 45 59 30 814 285 114
internal_value=0.000116052 -0.000165087 0.000316803 -0.000218111 -0.00182134 0.00122286 0.000348291 -0.000792994 0.000608775
internal_weight=450.74 204.001 115.633 73.0751 24.5451 42.5584 246.739 88.3679 48.53
internal_count=1704 796 437 279 104 158 908 359 175
is_linear=0
shrinkage=0.00334538


Tree=322
num_leaves=14
num_cat=0
split_feature=3 3 3 3 3 8 8 1 1 1 1 1 1
split_gain=2.77615 4.54627 6.95449 4.67062 4.01815 3.34344 4.16526 3.08441 8.98972 2.32075 5.64651 3.40661 3.00945
threshold=-0.85170420315479034 -1.6891796167818998 -1.7339487907738638 -1.2764487552916808 -1.2195966474792888 -1.5006197890827797 -1.9444072026060437 0.62292798672448091 0.20795163876286785 -0.73029317720145592 0.08808901724064562 -0.21862644478704787 -0.3899351112871326
decision_type=2 2 2 2 2 2 2 2 2 2 2 2 2
left_child=1 2 -1 -3 -5 6 -2 8 9 -7 11 12 -11
right_child=5 3 -4 4 -6 7 -8 -9 -10 10 -12 -13 -14
leaf_value=0.0011969283218570554 0.00012145316892581366 0.003146157220380454 -0.0023646576431960043 3.5842769805927262e-05 0.0019511750109753973 -0.00056472000423337255 0.0028181099886666399 -0.00054656863441497746 0.001999852225569147 0.0014528122734536158 -0.00065193614936688148 0.0017514432452296099 -9.0912190084406995e-05
leaf_weight=9.9732784628868103 16.001909986138347 8.4338449090719205 10.384976372122765 32.745781429111958 15.634266152977942 72.155239462852478 8.1124570518732053 110.0958883240819 21.564278170466423 15.796281099319456 55.974728465080261 19.846083395183086 52.147667899727821
leaf_count=36 55 32 41 113 61 271 25 435 83 60 220 75 197
internal_value=8.27909e-05 0.000625412 -0.000637551 0.0010813 0.000676553 -3.09739e-05 0.00108774 -0.000110948 9.21418e-05 -0.000105088 0.000127393 0.000625848 0.000280907
internal_weight=448.867 77.1721 20.3583 56.8139 48.38 371.695 24.1144 347.58 237.484 215.92 143.765 87.79 67.9439
internal_count=1704 283 77 206 174 1421 80 1341 906 823 552 332 257
is_linear=0
shrinkage=0.00316373


Tree=323
num_leaves=4
num_cat=0
split_feature=8 8 8
split_gain=2.32363 2.6182 2.26234
threshold=0.42553355490659567 0.52170834830775936 0.27908079260223362
decision_type=2 2 2
left_child=2 -2 -1
right_child=1 -3 -4
leaf_value=0.0040105270373321329 -0.019997198525911346 0.0008921067743229193 0.05245622165591788
leaf_weight=265.78117737174034 57.947101458907127 99.239049553871155 5.2282430455088607
leaf_count=1035 243 395 31
internal_value=0.000700413 -0.00686848 0.00509783
internal_weight=428.196 157.186 271.009
internal_count=1704 638 1066
is_linear=0
shrinkage=0.0784743


Tree=324
num_leaves=3
num_cat=0
split_feature=8 8
split_gain=1.97526 2.69174
threshold=-1.5006197890827797 -1.9444072026060437
decision_type=2 2
left_child=1 -1
right_child=-2 -3
leaf_value=0.0025893390291488317 -0.00051921394426463852 0.044579317730482411
leaf_weight=16.184950754046444 403.690998069942 7.6603612154722205
leaf_count=58 1620 26
internal_value=0.000491172 0.0170546
internal_weight=427.536 23.8453
internal_count=1704 84
is_linear=0
shrinkage=0.0603127


Tree=325
num_leaves=20
num_cat=0
split_feature=20 20 20 20 0 0 17 20 20 0 8 17 9 9 20 17 8 17 8
split_gain=2.96883 10.2674 5.25208 8.98025 6.56682 5.36135 4.31547 4.09143 8.18485 6.23748 4.36362 2.73801 2.85899 5.98105 2.63308 3.03542 2.46757 2.21933 2.1412
threshold=0.092415619838413912 -0.32048288124978802 0.11629392630626693 0.47956423963928357 -0.94358100105149412 -1.2288379138832479 -0.13036439411240175 -0.48573192854616987 -0.71465383850357789 -1.2288379138832479 1.5891463160547559 -0.96658852314749855 1.5683530884899319 1.0457883648786506 -1.4829235062602291 -0.36027989250336712 1.0000000180025095e-35 0.86948855328106822 0.84722700852275767
decision_type=2 2 2 2 2 2 2 2 2 2 2 2 2 2 2 2 2 2 2
left_child=1 7 6 17 5 -5 -2 8 14 -9 16 -6 13 -13 -1 -16 -11 -4 -3
right_child=2 18 3 4 11 -7 -8 9 -10 10 -12 12 -14 -15 15 -17 -18 -19 -20
leaf_value=0.0013833215938761356 -0.00022101609935324247 0.0026616642911489919 0.0026581489485400585 -3.0175680037307029e-05 -0.0031651011687112976 0.0028423772923192683 -0.0022553589485100078 -0.004721880845588171 0.0031210007740104925 0.00027466832652486953 0.0025370734178798205 -0.0010173217708106107 -0.0032610074982341707 0.0018043536937370382 -0.00077591881185901123 0.00043419621633453679 -0.0012238678155431196 0.00015332740955357251 0.00022627690726029892
leaf_weight=13.828623190522192 23.184049248695374 21.590774938464168 15.648569226264955 35.233759149909019 6.2420664280652991 10.072902321815489 31.359026581048965 4.0601562708616248 10.6758970990777 19.658743485808372 4.6788818240165702 71.41741518676281 4.9829025119543067 10.346078544855116 58.686879441142082 47.432011939585209 46.688594684004784 6.3309864848852149 5.9676935821771613
leaf_count=55 82 89 59 126 28 33 129 18 43 70 13 286 25 35 210 169 184 26 24
internal_value=-0.000149935 0.000129883 -0.000453159 -0.000123989 -0.000464795 0.000645885 -0.00140498 -0.000148099 0.000235016 -0.000810183 -0.000536317 -0.00100717 -0.000824603 -0.000645863 -4.09105e-05 -0.000235694 -0.000781325 0.00196106 0.00215045
internal_weight=448.086 233.268 214.818 160.275 138.295 45.3067 54.5431 205.71 130.623 75.0864 71.0262 92.9885 86.7464 81.7635 119.948 106.119 66.3473 21.9796 27.5585
internal_count=1704 875 829 618 533 159 211 762 477 285 267 374 346 321 434 379 254 85 113
is_linear=0
shrinkage=0.00358433


Tree=326
num_leaves=6
num_cat=0
split_feature=12 12 12 12 12
split_gain=2.67759 1.9277 2.31724 3.84003 2.12702
threshold=0.28748883168419687 1.0155540191446282 1.2758347554729597 1.7331623732449384 1.8681926915919886
decision_type=2 2 2 2 2
left_child=-1 -2 -3 -4 -5
right_child=1 2 3 4 -6
leaf_value=-0.0033722693725498115 0.026181663768934067 -0.0063240365728658493 0.067223470127529175 -0.0075818295106035811 0.030606059458402734
leaf_weight=304.83456628024578 30.41118561476469 51.69762072712183 6.5846280753612509 21.707353472709656 12.614323526620863
leaf_count=1218 134 190 37 77 48
internal_value=0.000443685 0.00986023 0.0043273 0.0176496 0.00683936
internal_weight=427.85 123.015 92.6039 40.9063 34.3217
internal_count=1704 486 352 162 125
is_linear=0
shrinkage=0.0759201


Tree=327
num_leaves=16
num_cat=0
split_feature=20 4 14 14 4 4 17 17 17 17 4 17 4 17 17
split_gain=2.97715 2.46296 2.90944 6.91099 4.77197 2.27029 5.40223 4.41833 4.04555 5.53781 2.33819 3.28358 4.34898 3.37667 2.01523
threshold=-1.4829235062602291 2.0220592037395777 1.7724413147135019 1.1363373556406191 1.2910047289483646 -0.26944506927502088 1.0073417079084959 1.8820887824532846 -0.016486232539599445 0.37861839386817903 0.18062957200711802 0.37861839386817903 0.23292630750590157 0.13155985881215598 0.56841804576655408
decision_type=2 2 2 2 2 2 2 2 2 2 2 2 2 2 2
left_child=-1 2 3 5 -4 7 10 8 -2 -10 -7 13 -13 -12 -11
right_child=1 -3 4 -5 -6 6 -8 -9 9 14 11 12 -14 -15 -16
leaf_value=0.0013413049656013118 -0.00048362210300210848 -0.0012947516923324217 -0.0015086158804192605 0.0024872403782988679 0.0016376283921209045 0.0011110985731885954 0.0019347576760773886 -0.0019717128757187454 0.0024965397197483303 -0.00039888304505953834 0.00016918898949321579 -0.0018004987603039545 9.3863776677378653e-05 0.0022520359640413813 0.00049383127338350086
leaf_weight=14.49910347163677 86.69016769528389 10.09970088303089 18.785293310880665 9.3054476976394636 4.2522912621498099 18.404102422297001 14.530093520879744 9.4788787737488729 8.3404938131570798 33.544525019824505 123.40693044662476 15.625068679451941 25.365383431315422 5.9484211504459372 52.691230677068233
leaf_count=55 338 38 80 41 14 71 48 46 28 131 441 64 94 18 197
internal_value=9.61832e-05 5.24173e-05 8.6729e-05 0.000144143 -0.000889067 8.38335e-05 0.000294749 -0.000141233 -3.72455e-05 0.000372565 0.000160875 5.34371e-05 -0.000647914 0.000278318 0.000146133
internal_weight=450.967 436.468 426.368 403.331 23.0376 394.025 203.28 190.745 181.266 94.5762 188.75 170.346 40.9905 129.355 86.2358
internal_count=1704 1649 1611 1517 94 1476 736 740 694 356 688 617 158 459 328
is_linear=0
shrinkage=0.00287612


Tree=328
num_leaves=13
num_cat=0
split_feature=12 12 12 12 12 12 12 12 12 20 0 0
split_gain=5.63684 4.64137 4.45347 14.1094 5.23948 12.8982 3.73701 5.81677 4.05819 3.54504 2.03091 2.08365
threshold=0.28748883168419687 1.0155540191446282 0.20280095128553202 -0.49395905419048175 -0.54697953407266342 -1.1490283004266255 1.2758347554729597 1.7331623732449384 1.8681926915919886 1.4038115819521229 1.096262787866437 -0.34476943295944301
decision_type=2 2 2 2 2 2 2 2 2 2 2 2
left_child=2 -2 3 4 5 -1 -3 -8 -9 -4 11 -6
right_child=1 6 9 -5 10 -7 7 8 -10 -11 -12 -13
leaf_value=-0.00049138583700302483 0.0014898538308923577 -0.00027738722380392459 -0.00056049315536069188 0.0015742389119464482 -0.0011949822096058299 0.0016303097001611391 0.0029209707825022225 -0.0004598937587479197 0.001526568616751518 -0.0028363436916871141 -0.0023577060146588954 -0.00024324444210930106
leaf_weight=83.748696260154247 35.230846263468266 53.3337172716856 68.606013998389244 43.034618556499481 36.208994716405869 34.57649727165699 8.7081217765808088 22.142073944211006 13.881866827607153 5.779783383011817 6.1405203640460959 44.696260757744312
leaf_count=310 134 190 262 163 143 116 37 77 48 31 27 166
internal_value=7.49989e-05 0.000583695 -0.000135992 5.42815e-05 -0.000269104 0.000135313 0.000249012 0.000870333 0.000322648 -0.000765314 -0.000815273 -0.000676561
internal_weight=456.088 133.297 322.791 248.406 205.371 118.325 98.0658 44.7321 36.0239 74.3858 87.0458 80.9053
internal_count=1704 486 1218 925 762 426 352 162 125 293 336 309
is_linear=0
shrinkage=0.0029518


Tree=329
num_leaves=29
num_cat=0
split_feature=18 18 13 1 18 18 18 18 13 13 1 1 2 2 2 1 13 3 1 18 18 2 13 13 13 2 2 13
split_gain=4.19761 12.1148 8.12873 4.88235 3.70277 11.4481 4.1491 8.43979 7.00825 4.67724 3.51041 3.59444 3.37217 7.07497 6.03254 4.60954 3.23978 3.01399 2.94703 3.66367 2.73049 2.71954 2.24339 2.186 4.02018 2.00656 3.88863 1.98685
threshold=-0.68494468518227081 -0.36580584482134909 0.12463438508862672 1.211624968351561 -0.23316328638550854 0.20668945804000563 0.23964254780184691 0.69657992174808581 0.61490634720966009 -0.31029926857553269 -0.7513692586336308 -1.631598455743736 -0.34883233161861454 -0.6096345490432552 -1.5592339359583953 0.62292798672448091 -0.56351330134444499 -0.79400040430519903 0.08808901724064562 -0.78133156242930946 0.72953301150992711 1.2131490242167586 0.82064946621374923 0.67352918547239604 -0.44498648622977582 1.0606548361653758 0.28618367488027746 1.1248467960608213
decision_type=2 2 2 2 2 2 2 2 2 2 2 2 2 2 2 2 2 2 2 2 2 2 2 2 2 2 2 2
left_child=2 -2 10 18 25 -6 21 16 9 -9 11 -1 13 14 15 -12 -8 -13 -4 -20 -11 23 -5 24 -7 26 -3 -18
right_child=1 4 3 22 5 6 7 8 -10 20 12 17 -14 -15 -16 -17 27 -19 19 -21 -22 -23 -24 -25 -26 -27 -28 -29
leaf_value=-0.00082404799262483666 0.0023210171265302128 -0.00045595832810303071 -0.00098946229920965248 -0.0010231564303016809 0.0018518068008862561 0.00028389500389152848 -0.00049731583038788629 -0.00045173161019615242 -0.00087492157267438759 -8.5847876715780967e-05 -0.00013295065813732635 0.0026560099887205074 0.0015702649121876406 -0.0025155576555604153 0.00085701086722898216 -0.0039220971429618362 0.0023219165514537896 -6.1384161060755419e-06 -0.0015562404198070604 -0.0041888300857110842 0.0016643845872093071 -0.0023265733760394714 0.0014171132663471689 0.00022719042749933516 -0.0017126427260971896 0.00099717984120321445 -0.0023113047924416753 0.00014073804370060326
leaf_weight=6.0135477632284191 18.789096191525459 49.529047161340714 15.443168386816977 5.9657618775963766 27.839105971157551 13.854471102356905 5.3639346286654499 26.066991746425629 65.445655077695847 10.715651527047156 6.6479899734258598 10.028889924287796 6.066907972097396 11.976744428277014 24.246072873473171 4.0134204775094986 20.485109314322475 5.5291281342506382 12.101041972637173 8.4996568709611928 26.14858241379261 7.5725014656782141 5.4893155470490456 21.325276017189026 22.088588967919353 4.9653364717960349 11.625354096293448 4.4310046583414069
leaf_count=21 72 186 58 25 105 46 23 92 241 36 24 34 22 54 86 19 75 20 50 42 92 30 18 72 85 17 44 15
internal_value=-9.96769e-05 7.07298e-05 -0.000566659 -0.00150978 -6.79981e-05 9.59491e-05 -0.000128618 0.000128897 -0.000203817 0.000496043 4.37135e-05 0.00102521 -0.000365136 -0.000638681 4.67543e-05 -0.00172402 0.00150849 0.00175045 -0.00203375 -0.00275385 0.00116275 -0.00075274 0.000157434 -0.000515878 -0.000952334 -0.000684937 -0.000833676 0.00194702
internal_weight=458.267 336.246 122.022 47.4989 317.457 251.337 223.498 158.657 128.377 62.9312 74.5227 21.5716 52.9511 46.8842 34.9075 10.6614 30.28 15.558 36.0439 20.6007 36.8642 64.8408 11.4551 57.2683 35.9431 66.1197 61.1544 24.9161
internal_count=1704 1231 473 193 1159 912 807 574 461 220 280 75 205 183 129 43 113 54 150 92 128 233 43 203 131 247 230 90
is_linear=0
shrinkage=0.0029518


Tree=330
num_leaves=17
num_cat=0
split_feature=2 11 15 15 15 15 2 2 2 15 15 15 15 15 15 11
split_gain=3.19144 3.09382 4.01778 11.8714 6.23084 5.98765 2.86566 4.08551 3.10175 2.17658 4.84669 6.59993 2.60571 2.224 4.66367 1.90946
threshold=-2.0895454277318604 -1.3531156470933376 -1.1202900350009937 -1.1531935327587746 -0.84246196395561734 -1.5634092688864303 1.2131490242167586 0.4827174671863097 -0.057740763200784355 0.71039813614964453 0.67211674409850264 0.35477284107147511 1.0534727188424131 0.21665654945931132 -0.12641803323345716 -0.43507546212187664
decision_type=2 2 2 2 2 2 2 2 2 2 2 2 2 2 2 2
left_child=15 6 3 5 -4 -3 7 8 -2 10 11 13 -11 14 -6 -1
right_child=1 2 4 -5 9 -7 -8 -9 -10 12 -12 -13 -14 -15 -16 -17
leaf_value=-0.0036310429033500429 0.0014087258859384862 -0.0006141203885209679 0.0027124509052551052 -0.0027834256590676468 -7.676897959745191e-05 0.0020784471800151384 -0.0010803677508027139 0.0035034128346074262 -0.0011818455152893166 0.0018872657169497558 -0.0011984486612829765 0.0021122950998578409 0.00032299921400639645 -0.00064504761597078159 0.0016121637776010909 -0.00047809317253275172
leaf_weight=3.3011739030480385 20.53794801235199 26.697275459766388 10.796833992004393 21.118171393871307 119.24048862606287 14.61749382317066 5.7246369868516913 7.8958886861801139 6.7282483577728298 14.835242316126822 35.420295931398869 18.242099098861217 70.87694063782692 49.742958202958107 22.56552891433239 5.7442458197474462
leaf_count=21 70 101 38 95 446 49 21 22 26 59 140 69 254 186 84 23
internal_value=0.000126309 0.000169081 7.63807e-05 -0.000725052 0.000224168 0.000359014 0.00106632 0.00143447 0.000753562 0.000136586 -2.97961e-05 0.000171324 0.000608435 -2.15613e-05 0.000199509 -0.00181739
internal_weight=454.085 445.04 404.153 62.4329 341.72 41.3148 40.8867 35.1621 27.2662 330.924 245.211 209.791 85.7122 191.549 141.806 9.04542
internal_count=1704 1660 1521 245 1276 150 139 118 96 1238 925 785 313 716 530 44
is_linear=0
shrinkage=0.00346074


Tree=331
num_leaves=13
num_cat=0
split_feature=20 20 20 20 13 14 14 20 20 14 13 20
split_gain=3.21954 10.2249 5.83988 9.71694 5.82098 6.53316 5.15332 4.38568 4.03362 3.05492 2.87076 2.43304
threshold=0.092415619838413912 -0.32048288124978802 0.11629392630626693 0.47956423963928357 0.61490634720966009 0.26160392451939263 -0.52401811727297753 -1.1837231754553972 -0.48573192854616987 -0.39637255817794798 0.82064946621374923 -0.8393140898724698
decision_type=2 2 2 2 2 2 2 2 2 2 2 2
left_child=1 4 6 -4 5 7 -2 -1 11 -9 -5 -6
right_child=2 -3 3 10 8 -7 -8 9 -10 -11 -12 -13
leaf_value=0.003028408097933769 0.00065289889108904452 0.0021960690377207199 0.002079675840389832 -0.0005488028449390259 -0.00062901196724410616 -0.00011164606343221518 -0.0017134573731834393 0.00030442378213288413 -0.0021812483732931106 0.0021891632048531948 0.00045190194000814776 0.0018220066289637512
leaf_weight=11.745568886399267 13.164593175053595 29.371305353939533 23.546038568019867 92.757131285965443 20.431831970810894 104.94861544668674 40.65992259979248 37.504804417490959 17.33627250790596 12.241209231317042 48.047061234712601 4.900578260421752
leaf_count=39 45 113 85 368 72 390 166 130 69 45 165 17
internal_value=0.000108568 0.000376638 -0.000184743 0.000129468 0.000113713 0.00039666 -0.0011322 0.00125477 -0.000976951 0.00079565 -0.000206561 -0.000113695
internal_weight=456.655 238.48 218.175 164.35 209.109 166.44 53.8245 61.4916 42.6687 49.746 140.804 25.3324
internal_count=1704 875 829 618 762 604 211 214 158 175 533 89
is_linear=0
shrinkage=0.00334538


Tree=332
num_leaves=23
num_cat=0
split_feature=13 14 14 3 3 15 13 3 17 14 3 14 3 14 3 14 15 3 17 13 13 15
split_gain=2.98669 5.08755 9.93557 11.2855 5.57718 5.54852 5.76845 4.94976 4.14732 3.99941 7.08011 5.56692 4.1729 4.62233 3.97715 4.48484 3.97526 3.61422 3.01846 2.9231 3.93238 2.13811
threshold=0.61490634720966009 0.26160392451939263 -0.39637255817794798 1.0403343603006598 0.67612219066129453 0.71039813614964453 -0.44498648622977582 0.16302681097039168 -1.6844531834967795 0.46814851029914545 0.46239967270460652 0.96968499839693922 -0.79400040430519903 1.1363373556406191 1.0403343603006598 1.5763603623635019 1.5524030795024919 -0.77297471459417921 0.13155985881215598 0.73996352983101021 0.94371615498678263 1.3744408549801841
decision_type=2 2 2 2 2 2 2 2 2 2 2 2 2 2 2 2 2 2 2 2 2 2
left_child=1 2 3 5 9 6 -1 -8 -2 21 11 -11 13 -13 -6 18 -7 -14 -16 -10 -21 -3
right_child=8 4 -4 -5 14 16 7 -9 19 10 -12 12 17 -15 15 -17 -18 -19 -20 20 -22 -23
leaf_value=0.0017621884445939255 -0.0024802027909583244 -0.0010010463178965457 0.0018200465181790336 -0.0025798580573022888 0.0029100231238407687 0.0021160388367317332 -0.00077595232556866816 0.0012989453123962247 -0.00058679277038641464 0.001596550417571352 -0.0019479629012013513 -0.00048687123291813551 -0.001728550904189337 0.0022299292247687334 -0.00074313826493642161 -0.0015207943956663441 -0.00016077289384725603 -1.5533234436119543e-05 0.0015020119400184538 0.0016246681318616669 -4.3700366281955252e-05 0.00034671334148620581
leaf_weight=9.9717758819460851 4.5952886641025534 50.842723369598389 34.488063670694828 8.4505792856216413 4.94525222480297 18.157289013266567 38.711493045091629 9.1678786575794202 58.806353725492954 18.20563380420208 9.6179634183645231 7.1895057410001781 10.796128317713736 9.1230457276105863 4.755706310272223 5.3397739082574835 7.1464059501886359 32.006939396262169 17.479679331183434 10.379255458712576 76.131451442837715 9.2124566137790662
leaf_count=34 21 196 126 37 17 60 152 33 226 71 41 25 46 32 18 23 25 127 61 35 269 29
internal_value=8.08568e-05 0.000229969 0.00063344 0.000175081 -5.49283e-05 0.000477147 2.27927e-05 -0.000363064 -0.000222705 -0.000274027 8.73277e-05 0.000358248 -3.91683e-05 0.00106157 0.00091768 0.000489798 0.00148412 -0.000470926 0.00100949 -0.000138096 0.000169498 -0.000791641
internal_weight=455.521 305.608 126.093 91.6054 179.515 83.1548 57.8511 47.8794 149.912 146.994 86.9392 77.3213 59.1156 16.3126 32.5204 27.5752 25.3037 42.8031 22.2354 145.317 86.5107 60.0552
internal_count=1704 1153 467 341 686 304 219 185 551 567 342 301 230 57 119 102 85 173 79 530 304 225
is_linear=0
shrinkage=0.00263269


Tree=333
num_leaves=3
num_cat=0
split_feature=14 14
split_gain=2.08172 6.27276
threshold=1.7724413147135019 1.1363373556406191
decision_type=2 2
left_child=1 -1
right_child=-2 -3
leaf_value=0.00040569935584929711 -0.018152755170441393 0.056107043226759579
leaf_weight=396.21961161494255 25.463029243052006 8.8771698400378209
leaf_count=1551 106 47
internal_value=0.000527495 0.00173547
internal_weight=430.56 405.097
internal_count=1704 1598
is_linear=0
shrinkage=0.0685109


Tree=334
num_leaves=5
num_cat=0
split_feature=17 8 8 17
split_gain=2.01592 2.34833 2.57823 4.55978
threshold=1.8820887824532846 0.42553355490659567 1.5018187030574215 1.0744268753903163
decision_type=2 2 2 2
left_child=1 -1 3 -3
right_child=-2 2 -4 -5
leaf_value=0.0057671913490781887 -0.027072066993299747 -0.013411964517564236 0.016505234441841942 0.046524952663950341
leaf_weight=263.12660808861256 13.523035168647764 123.01986745744944 23.622956447303295 6.7420490533113471
leaf_count=1021 64 502 91 26
internal_value=0.000531009 0.00147787 -0.00587147 -0.0100253
internal_weight=430.035 416.511 153.385 129.762
internal_count=1704 1640 619 528
is_linear=0
shrinkage=0.0749307


Tree=335
num_leaves=2
num_cat=0
split_feature=16
split_gain=2.08494
threshold=2.4225990969152975
decision_type=2
left_child=-1
right_child=-2
leaf_value=0.0011522008274131885 -0.047578296971942977
leaf_weight=424.60171474516392 4.8265503272414199
leaf_count=1681 23
internal_value=0.000515727
internal_weight=429.428
internal_count=1704
is_linear=0
shrinkage=0.0798797


Tree=336
num_leaves=5
num_cat=0
split_feature=18 6 6 6
split_gain=1.97463 5.41473 2.45341 4.36985
threshold=2.026934388300194 1.6923952119014076 1.4731682945766835 0.94460937826905134
decision_type=2 2 2 2
left_child=1 2 3 -1
right_child=-2 -3 -4 -5
leaf_value=-0.00029984703713480527 -0.030337028932430527 0.056741265106689601 -0.026409425460135576 0.045778752578826097
leaf_weight=369.67505252361298 12.923274852335451 10.933184638619421 22.047677859663963 13.776717089116572
leaf_count=1471 52 38 88 55
internal_value=0.000470803 0.00148377 -0.000115846 0.00144814
internal_weight=429.356 416.433 405.499 383.452
internal_count=1704 1652 1614 1526
is_linear=0
shrinkage=0.0826636


Tree=337
num_leaves=20
num_cat=0
split_feature=12 12 12 12 12 19 12 19 12 12 12 1 14 14 14 19 1 1 19
split_gain=5.54043 4.90934 15.3655 5.21718 11.8218 8.13914 4.32727 3.38383 3.21067 5.41141 3.51858 3.01481 2.81781 2.20125 5.19312 2.86862 2.12264 2.22993 2.05184
threshold=0.28748883168419687 0.20280095128553202 -0.49395905419048175 -0.54697953407266342 -1.1490283004266255 -0.68132789571010244 1.0155540191446282 -1.1583864217249602 1.2758347554729597 1.7331623732449384 1.8681926915919886 -0.67960022125220854 1.7724413147135019 -0.30674666200234618 0.26160392451939263 -1.3576383436265611 0.11752195757100528 0.51402506636524403 -0.34476943295944301
decision_type=2 2 2 2 2 2 2 2 2 2 2 2 2 2 2 2 2 2 2
left_child=1 2 3 4 5 13 11 -6 16 -10 -11 -2 18 15 -15 -1 -8 -18 -5
right_child=6 -3 -4 12 7 -7 8 -9 9 10 -12 -13 -14 14 -16 -17 17 -19 -20
leaf_value=0.0005371850236014741 0.00018616090840271689 -0.00066689773047566765 0.0013903185956804091 -0.0010090869388978305 -0.00026495529204185634 -0.0012576977713970577 0.0001198513522350422 0.0017106413874465923 0.0024343086561184829 -0.00034505073635635757 0.0012277926318754085 0.0017492869743737324 -0.0024397876561451522 0.0028569704038003971 -3.9505824952064527e-05 -0.00095025049162779699 -0.0019513873774977262 -4.3441336106891525e-05 -0.00021350551592194455
leaf_weight=18.724034711718559 11.641277521848677 74.891361773014069 44.18237479776144 36.271393038332462 6.4178151488304129 37.040106013417244 39.078165039420128 27.862401217222214 8.3796272799372655 22.164430975914001 13.86217227578163 23.451074689626694 4.6582367718219748 5.3712870627641669 10.274030603468416 13.155470579862596 6.7364649772644025 7.8413744121789932 46.465461753308773
leaf_count=62 48 293 163 143 22 145 134 94 37 77 48 86 21 16 37 50 28 28 172
internal_value=6.95286e-05 -0.000107044 6.19526e-05 -0.000226902 0.000115324 -0.000389026 0.00049898 0.00134022 0.000224483 0.000717128 0.00027407 0.00124461 -0.000689282 0.000297026 0.00104218 -8.44249e-05 -0.000187875 -0.000977051 -0.00056848
internal_weight=458.469 325.314 250.423 206.24 118.845 84.5649 133.155 34.2802 98.0622 44.4062 36.0266 35.0924 87.3951 47.5248 15.6453 31.8795 53.656 14.5778 82.7369
internal_count=1704 1218 925 762 426 310 486 116 352 162 125 134 336 165 53 112 190 56 315
is_linear=0
shrinkage=0.00250903


Tree=338
num_leaves=21
num_cat=0
split_feature=20 3 3 3 3 3 20 20 1 17 1 3 17 17 17 3 3 20 20 17
split_gain=2.90877 2.41171 5.92071 4.57548 3.74898 4.27689 4.54261 4.10449 3.4947 6.26877 2.90407 3.08612 3.99515 2.93376 2.50221 3.87682 5.05217 2.36657 2.60579 2.33134
threshold=-1.4829235062602291 -0.85170420315479034 -1.6891796167818998 -1.7339487907738638 -1.2764487552916808 -1.2195966474792888 -0.48573192854616987 -0.8393140898724698 -0.73029317720145592 -0.96658852314749855 -0.3899351112871326 -0.67743990776297835 -0.13036439411240175 0.17815730495638774 1.8820887824532846 1.9301714619220829 1.4685479954427281 0.53948608890160543 -0.064171496098066758 1.0000000180025095e-35
decision_type=2 2 2 2 2 2 2 2 2 2 2 2 2 2 2 2 2 2 2 2
left_child=-1 2 3 -2 -4 6 -6 -7 9 -3 13 12 -12 -10 -13 16 -16 18 -8 -11
right_child=1 8 4 -5 5 7 17 -9 10 19 11 14 -14 -15 15 -17 -18 -19 -20 -21
leaf_value=0.0015053304709554971 0.00076234804441059894 -0.0029424860983304894 0.0031652963909346373 -0.0024385319565246354 0.0012987197671145072 -0.00037304638939739484 -0.001669045306613625 0.0031751320234807041 0.00040620211397516192 0.00019354256107979712 0.00034668112086932068 0.00020583952715037099 -0.0025299033702338479 0.0032724899551382215 -0.0023105662129088685 -0.0037248432501441205 0.0018879064046344503 -0.0029363600313226444 0.0011537589513493927 -0.0011678583680685029
leaf_weight=14.486637860536574 7.9838875234127054 10.106834679841993 7.357879325747489 9.4416760057210922 15.499237120151518 4.5732586383819571 6.0869886726140976 10.605464726686476 10.870754837989805 38.553862527012825 9.1402948945760745 249.29913568496704 9.9612751901149732 5.05406230688095 4.8156327009201032 3.5484078526496878 5.5501946285367012 4.2724910676479331 5.9428846985101753 19.032808482646942
leaf_count=55 28 39 27 38 47 18 23 39 42 138 34 936 45 17 23 21 19 19 20 76
internal_value=0.000119355 7.07903e-05 0.000609822 -0.00099768 0.00113321 0.000767899 8.02573e-05 0.00213231 -3.60285e-05 -0.00069541 0.000115094 3.74249e-05 -0.00119077 0.00142417 0.000129925 -0.00116624 -9.18591e-05 -0.0010861 -0.000290982 -0.00026647
internal_weight=452.184 437.697 71.7638 17.4256 54.3382 46.9803 31.8016 15.1787 365.933 67.6935 298.24 282.315 19.1016 15.9248 263.213 13.9142 10.3658 16.3024 12.0299 57.5867
internal_count=1704 1649 259 66 193 166 109 57 1390 253 1137 1078 79 59 999 63 42 62 43 214
is_linear=0
shrinkage=0.00323746


Tree=339
num_leaves=16
num_cat=0
split_feature=12 12 12 12 12 20 12 1 12 12 12 1 1 19 19
split_gain=5.79649 5.53213 16.0611 5.41497 12.5969 4.3512 4.34142 3.57101 3.02305 5.08189 3.22628 2.27491 2.57949 2.05035 2.20049
threshold=0.28748883168419687 0.20280095128553202 -0.49395905419048175 -0.54697953407266342 -1.1490283004266255 1.4038115819521229 1.0155540191446282 -0.67960022125220854 1.2758347554729597 1.7331623732449384 1.8681926915919886 0.11752195757100528 0.51402506636524403 1.096262787866437 -0.34476943295944301
decision_type=2 2 2 2 2 2 2 2 2 2 2 2 2 2 2
left_child=1 2 3 4 -1 -3 7 -2 11 -10 -11 -8 -13 14 -5
right_child=6 5 -4 13 -6 -7 8 -9 9 10 -12 12 -14 -15 -16
leaf_value=-0.00044576697174492379 0.00010092185128012895 -0.00056273363138953879 0.001580441217366395 -0.0011452862957737455 0.0015290643581571776 -0.002867968879951843 0.0001686939976351341 0.001991805095960507 0.0026736662533369993 -0.00034161189975296128 0.0013337990137560843 -0.002254258192410292 1.4812817238116196e-05 -0.0022328204948949258 -0.00022456729023778469
leaf_weight=84.811307080090046 11.389231175184248 69.111299484968185 44.399039432406425 36.467025265097618 34.66836442053318 6.2604200243949881 39.054886370897293 23.778840869665146 8.1153331547975522 22.096547171473503 13.846920832991598 6.7588928341865522 7.8789955228567123 6.2053294479846945 44.895959675312042
leaf_count=310 48 262 163 143 116 31 134 86 37 77 48 28 28 27 166
internal_value=7.5865e-05 -0.000123891 7.51988e-05 -0.000252433 0.000133541 -0.000781974 0.000564819 0.00139324 0.00025817 0.000792336 0.000319187 -0.000185443 -0.00109104 -0.000775701 -0.000644219
internal_weight=459.738 326.819 251.447 207.048 119.48 75.3717 132.92 35.1681 97.7516 44.0588 35.9435 53.6928 14.6379 87.5683 81.363
internal_count=1704 1218 925 762 426 293 486 134 352 162 125 190 56 336 309
is_linear=0
shrinkage=0.00278781


Tree=340
num_leaves=19
num_cat=0
split_feature=12 4 3 4 4 3 12 12 1 12 12 4 12 4 4 4 4 4
split_gain=7.11114 5.65936 4.25571 6.50277 8.43689 6.00435 3.59885 3.49711 3.05612 2.94725 4.54121 3.07187 2.90152 2.86483 2.602 2.20105 2.07955 10.2669
threshold=0.28748883168419687 -1.7950887299003944 0.660275890347226 0.7206689074524969 1.1982352979154836 0.90306323048800963 1.0155540191446282 -1.1490283004266255 -0.67960022125220854 1.2758347554729597 1.7331623732449384 -0.11699220767690757 1.8681926915919886 -0.20514162438177752 0.55774680416051414 -1.8630455633890992 0.68622810871403139 0.23292630750590157
decision_type=2 2 2 2 2 2 2 2 2 2 2 2 2 2 2 2 2 2
left_child=1 15 3 16 -5 -4 8 -6 -2 11 -11 -8 -12 -7 -13 -1 17 -3
right_child=6 2 5 4 7 13 9 -9 -10 10 12 14 -14 -15 -16 -17 -18 -19
leaf_value=-0.00063018698982974923 0.00019440051295487059 -0.00079132977127941242 0.0022695700769859843 0.0022174975928851933 -0.001159299149186192 -0.0001375033636422221 -0.00082496710125599363 0.00035375749810688539 0.0020494330077022813 0.0028141956695133712 -0.00023869741483843946 0.0015502046791984357 0.0014520235765412247 0.001529224962203373 -0.00024960337975751785 -0.0034421570548333839 -0.0013525694122329273 0.0016838470735556648
leaf_weight=4.6251069307327271 11.592330336570738 112.05675119906664 12.905464991927145 16.529933959245682 18.391973555088043 56.440474286675453 26.284308344125748 42.367791444063187 23.226086780428886 7.9374399632215491 21.87627799808979 11.976586207747461 13.757280603051184 9.8148750662803632 14.912762865424154 5.3380092754960042 28.468324735760689 15.965891242027281
leaf_count=19 48 442 47 56 70 208 100 147 86 37 77 39 48 32 51 31 110 56
internal_value=6.87061e-05 -0.000167087 -9.45883e-05 -0.00029479 0.0004027 0.00049365 0.000644935 -0.00011311 0.00144801 0.000346743 0.000908225 -0.000120025 0.000431924 0.00012503 0.000572245 -0.00226666 -0.000639687 -0.000473947
internal_weight=454.468 322.905 312.941 233.781 77.2897 79.1608 131.563 60.7598 34.8184 96.7447 43.571 53.1737 35.6336 66.2553 26.8893 9.96312 156.491 128.023
internal_count=1704 1218 1168 881 273 287 486 217 134 352 162 190 125 240 90 50 608 498
is_linear=0
shrinkage=0.0029518


Tree=341
num_leaves=21
num_cat=0
split_feature=17 9 1 14 1 14 14 14 14 14 14 14 17 14 9 17 17 17 14 14
split_gain=2.85202 3.5261 6.28897 5.91707 5.64854 5.57075 7.52834 5.45786 4.35642 7.29655 6.38616 5.06778 2.62918 3.79107 2.50447 2.26716 2.05017 2.01379 2.01245 2.77377
threshold=1.8820887824532846 0.20239802304550458 0.08808901724064562 1.7724413147135019 -0.15057773661611343 -0.45773049097128432 -0.52401811727297753 0.26160392451939263 -0.066753148546350963 0.46814851029914545 -0.39637255817794798 0.96968499839693922 -1.1901039001979685 1.2219728324350625 0.013712624475403173 0.37861839386817903 -1.407337299459104 -0.49788046436624273 -0.52401811727297753 -0.34509536999818141
decision_type=2 2 2 2 2 2 2 2 2 2 2 2 2 2 2 2 2 2 2 2
left_child=1 2 4 5 8 6 -3 -7 10 14 15 17 13 -13 -10 16 -1 -11 -4 -20
right_child=-2 3 18 -5 -6 7 -8 -9 9 11 -12 12 -14 -15 -16 -17 -18 -19 19 -21
leaf_value=-0.00063909791755776592 -0.0011653469058283421 0.00079346599187536486 -0.00016486847331760636 -0.0018276237693332347 0.0025694638849418413 0.0025089137770007482 -0.0012344333908559252 0.00069514196509340204 -0.00073769907534153246 0.00048761675268918855 0.0026190785328958524 -0.0032203558556602517 0.00026235531730432179 0.00042947697549329354 -0.0023938001593305034 -0.00071206134652452267 0.000766116513624768 0.0026835030984177066 -0.0018080434539529992 -0.00042633956966353929
leaf_weight=10.110313251614569 14.349900148808954 42.526237443089485 34.539986968040466 8.0561395287513715 7.7342768013477317 20.060277968645096 24.38040691614151 49.924253150820732 42.477988138794899 6.3245739489793769 11.122901052236555 4.2233658879995328 40.164763733744621 4.4516008198261261 9.3777149617671949 14.796557500958441 54.566659435629845 9.0367372334003431 23.824477896094322 27.246423721313477
leaf_count=38 64 145 130 33 28 71 94 178 156 25 38 17 151 16 38 57 185 30 103 107
internal_value=9.25838e-05 0.000135204 -4.76336e-05 0.000511833 0.000222534 0.000659716 4.88839e-05 0.00123687 0.000125078 -0.000252949 0.000607305 0.000410216 -6.19272e-05 -0.00145907 -0.00106811 0.000302592 0.000540684 0.00184157 -0.000720037 -0.00108805
internal_weight=459.296 444.946 299.998 144.947 214.387 136.891 66.9066 69.9845 206.653 116.057 90.5964 64.201 48.8397 8.67497 51.8557 79.4735 64.677 15.3613 85.6109 51.0709
internal_count=1704 1640 1119 521 779 488 239 249 751 433 318 239 184 33 194 280 223 55 340 210
is_linear=0
shrinkage=0.0029518


Tree=342
num_leaves=8
num_cat=0
split_feature=20 6 6 6 6 6 6
split_gain=2.07051 2.0381 3.43714 2.74818 2.39203 2.23208 4.7693
threshold=-1.4829235062602291 -0.12330147066940911 0.26504371011954014 -0.73906795886846166 -1.5911475394638808 -0.71385796343355146 -0.43810469869615359
decision_type=2 2 2 2 2 2 2
left_child=-1 3 -3 4 -2 -5 -7
right_child=1 2 -4 5 -6 6 -8
leaf_value=0.031865527837777546 -0.015132142534183731 0.039072880369200515 0.0020587470447038384 -0.030243769595593585 0.016721046787872576 0.031115848299306751 -0.01499751262882091
leaf_weight=13.277919687330721 22.833265841007233 18.109833084046841 189.53834242373705 36.817589767277241 50.659049071371555 18.075786344707012 82.364851713180542
leaf_count=55 95 81 706 161 194 77 335
internal_value=0.000659322 -0.000390492 0.00542419 -0.00611865 0.00675877 -0.0130157 -0.00651662
internal_weight=431.677 418.399 207.648 210.751 73.4923 137.258 100.441
internal_count=1704 1649 787 862 289 573 412
is_linear=0
shrinkage=0.0828555


Tree=343
num_leaves=13
num_cat=0
split_feature=2 2 2 2 2 17 17 17 17 17 17 2
split_gain=3.20146 2.85425 7.93572 6.2605 5.92291 5.48679 3.53016 2.69266 8.31564 2.36788 2.15714 2.12139
threshold=-2.0895454277318604 -0.43797190448600692 -0.41179469819859527 0.086563618832801587 -0.89062248308965575 0.92504046582021371 1.5964013800830805 -0.13036439411240175 -0.55817848852962559 -1.7262352614522998 0.56841804576655408 0.57817612196006551
decision_type=2 2 2 2 2 2 2 2 2 2 2 2
left_child=-1 4 5 -4 6 -3 -2 8 9 -5 -6 -10
right_child=1 2 3 7 10 -7 -8 -9 11 -11 -12 -13
leaf_value=-0.0024991726378196812 0.00020353520106417174 -0.0026395293969501262 0.0019562704538371098 -0.0020227440271608573 0.0011414165927712623 0.00013901443219950494 -0.0024427757615486691 -0.000680924898798603 0.00038975841263385599 -1.0536583481135616e-05 0.0036241193266721475 0.0038850524309972834
leaf_weight=9.3766840845346433 74.918165490031242 37.858059376478195 24.355139717459679 10.532711565494536 16.976494759321216 18.132363975048065 9.1227984279394132 119.16174503415823 4.2272711545228949 100.57708577811718 9.8250671923160535 11.228920742869375
leaf_count=44 273 167 106 41 71 69 37 438 18 358 39 43
internal_value=-0.000185353 -0.000131185 -0.000328118 -2.93753e-05 0.000446305 -0.00174859 -0.000104129 -0.000231918 0.000192338 -0.00021437 0.0021261 0.00298234
internal_weight=446.293 436.916 326.073 270.083 110.843 55.9904 84.041 245.728 126.566 111.11 26.8016 15.4562
internal_count=1704 1660 1240 1004 420 236 310 898 460 399 110 61
is_linear=0
shrinkage=0.00418172


Tree=344
num_leaves=20
num_cat=0
split_feature=3 3 15 3 18 18 10 10 10 10 10 10 10 3 3 10 10 10 10
split_gain=3.14131 4.98757 7.98429 7.24717 3.78 6.10496 2.6741 9.09602 4.6505 3.04185 7.94907 2.76186 2.97185 2.35352 3.00296 2.20954 3.4814 4.38279 2.13871
threshold=-0.85170420315479034 -1.6891796167818998 -0.12641803323345716 -1.7339487907738638 -0.68494468518227081 -0.36580584482134909 0.20205475821489985 0.63906850748389787 -0.88812436710442799 -0.75764695588716335 -0.37730301518230774 0.69833517507486775 0.92753011651367601 -0.16991514140074873 0.072813342042342036 -0.27691818342649382 0.66495225718737916 1.2122329196509292 1.1278497561598588
decision_type=2 2 2 2 2 2 2 2 2 2 2 2 2 2 2 2 2 2 2
left_child=1 3 -3 18 13 -6 8 -8 -7 -10 -11 -9 -13 -2 -15 -4 -17 -18 -1
right_child=4 2 15 -5 5 6 7 11 9 10 -12 12 -14 14 -16 16 17 -19 -20
leaf_value=0.0023921558252166281 -0.0011974875659168465 -0.0010232573917676336 0.00031980761246557622 -0.0024111554846636633 0.0021309364789393907 0.00073255541278146783 0.0025847894436857219 -0.00078266343588139105 -0.0012352574277320568 0.0018072318381330611 -0.00053785281804319331 0.0023712740747054081 0.0001254576192697581 0.0017578361127238019 -0.00044378577022557162 0.0032450005806831401 -0.0002187981416547812 0.0025541086220788704 -0.00033914564020743693
leaf_weight=5.4096266031265259 36.905147291719913 12.709555760025976 8.9911740720272046 10.415073394775391 13.477665230631827 41.699754871428013 15.617902532219885 26.798666030168533 35.347877308726311 15.917760685086249 92.889882236719131 6.0795924067497245 35.829371646046638 6.0962149649858466 48.880048058927059 14.366860955953596 10.673842161893846 10.605591654777525 4.7342744916677475
leaf_count=18 157 50 35 41 54 153 55 99 136 59 348 20 125 21 194 48 40 33 18
internal_value=7.54654e-05 0.000645045 0.00111633 -0.000659938 -4.38184e-05 0.000135462 2.98868e-05 0.000490351 -0.000180267 -0.000447031 -0.000183969 -9.88267e-06 0.000489316 -0.000593713 -0.000177646 0.00173451 0.00207905 0.00120558 0.00117667
internal_weight=453.446 77.906 57.347 20.559 375.54 283.658 270.181 84.3255 185.855 144.156 108.808 68.7076 41.909 91.8814 54.9763 44.6375 35.6463 21.2794 10.1439
internal_count=1704 283 206 77 1421 1049 995 299 696 543 407 244 145 372 215 156 121 73 36
is_linear=0
shrinkage=0.00313629


Tree=345
num_leaves=18
num_cat=0
split_feature=15 15 15 19 19 19 17 19 19 19 19 15 19 15 17 17 17
split_gain=2.97866 5.79765 7.59075 3.7365 3.3763 4.39821 3.3096 3.50846 4.41561 6.89703 3.22928 5.67009 4.64512 3.40024 2.43078 3.23132 1.9549
threshold=0.71039813614964453 0.67211674409850264 0.35477284107147511 1.096262787866437 0.58929110446304123 -0.68132789571010244 -1.1449201027521148 -1.3576383436265611 -0.32211258526418346 0.022575182793238936 -0.34476943295944301 -1.1202900350009937 -1.2288379138832479 -0.78883087872956315 0.37861839386817903 -0.13036439411240175 -0.34110804589078153
decision_type=2 2 2 2 2 2 2 2 2 2 2 2 2 2 2 2 2
left_child=1 2 6 -3 5 -2 -1 -8 10 -10 11 12 -9 -13 15 -12 -6
right_child=4 3 -4 -5 16 -7 7 8 9 -11 14 13 -14 -15 -16 -17 -18
leaf_value=-0.0014050765439406546 -0.00063167908803122327 -0.0016884267197363576 0.0018079681918717232 0.00032583770060087033 -0.00032728266150103562 0.0015824915628390309 0.0011654622093565197 -0.0028641279929702695 0.0020044169832059032 5.0667884839919679e-05 -0.00031637249589893204 0.0022730715452663722 -0.000406487960082467 0.00014742987358205652 -0.00045404257139125765 -0.0028531305776467088 0.00097164420985868362
leaf_weight=13.862959727644919 9.4125302135944349 27.51944176107645 19.870865866541862 10.810507655143736 38.077972561120987 35.538150131702423 21.087981939315796 8.5782219320535642 17.358149617910385 116.70683267712593 7.1818760037422189 6.6700540482997885 24.288262166082859 51.973823383450508 22.57215678691864 11.061063587665558 12.78353691101074
leaf_count=54 36 114 75 39 143 124 67 38 63 447 26 23 91 187 86 48 43
internal_value=7.24609e-05 -5.10551e-05 7.93746e-05 -0.0011233 0.000532539 0.00111431 -3.91224e-05 3.04836e-05 -6.26078e-05 0.000313962 -0.000443759 -0.000132826 -0.00109905 0.000416388 -0.00112548 -0.00190517 9.67432e-06
internal_weight=455.354 359.542 321.212 38.3299 95.8122 44.9507 301.341 287.478 266.39 134.065 132.325 91.5104 32.8665 58.6439 40.8151 18.2429 50.8615
internal_count=1704 1358 1205 153 346 160 1130 1076 1009 510 499 339 129 210 160 74 186
is_linear=0
shrinkage=0.0029518


Tree=346
num_leaves=9
num_cat=0
split_feature=16 16 16 16 16 16 16 16
split_gain=1.98684 2.24895 3.25358 5.6504 2.88132 5.01605 2.18147 2.43909
threshold=0.92428928808803279 -1.2983120440966671 -0.28752228086561837 -0.70482724793501983 -0.15873613146916291 0.3439896182440651 0.99860973549103316 1.9707259821136665
decision_type=2 2 2 2 2 2 2 2
left_child=1 -1 3 -3 -4 -6 -2 -8
right_child=6 2 4 -5 5 -7 7 -9
leaf_value=-0.011398403387602694 -0.022694415179528082 0.0062583453465555232 -0.013664489919364566 0.049777122109938662 0.037332429504124034 -0.0014250259824281821 0.012337020450395626 -0.027186640908697563
leaf_weight=54.826897069811821 43.785957045853138 70.755878105759621 63.929397843778133 25.690197050571442 26.86461167037487 96.009176127612591 36.590107336640358 12.914979226887224
leaf_count=222 175 270 249 111 117 370 136 54
internal_value=0.000503939 0.00336794 0.00625118 0.0181566 5.44779e-05 0.00723313 -0.00981459 0.00174493
internal_weight=431.367 338.076 283.249 96.4461 186.803 122.874 93.291 49.5051
internal_count=1704 1339 1117 381 736 487 365 190
is_linear=0
shrinkage=0.0802711


Tree=347
num_leaves=23
num_cat=0
split_feature=13 13 1 17 9 9 13 13 9 1 1 13 1 1 1 1 1 1 13 1 13 1
split_gain=3.49315 4.30414 4.87965 3.9173 5.06652 6.18409 4.75773 3.6817 3.41299 2.984 6.94884 5.64841 7.01029 4.18796 3.47652 3.37248 2.61944 7.01154 3.54178 2.53307 2.51252 2.01893
threshold=0.61490634720966009 0.18735428736312462 0.81094343010822956 -1.6844531834967795 -1.3604056144881607 -0.32678568911673378 0.73996352983101021 1.1717459264955667 -0.90879232048880942 0.11752195757100528 -0.21862644478704787 -1.0247145952099328 0.20795163876286785 1.0737541488132745 0.70639246201573835 0.51402506636524403 -0.73029317720145592 -0.82274266399080298 -0.4038481803236359 -1.1653912310981502 1.3186297554838797 1.0737541488132745
decision_type=2 2 2 2 2 2 2 2 2 2 2 2 2 2 2 2 2 2 2 2 2 2
left_child=1 9 -3 -2 -5 8 -7 -8 -6 10 16 -11 -13 14 15 -14 17 19 -18 -1 -9 -4
right_child=3 2 21 4 5 6 7 20 -10 11 -12 12 13 -15 -16 -17 18 -19 -20 -21 -22 -23
leaf_value=0.0002052914483559655 -0.0027512744338177306 0.0020597037806110662 -0.001849024560468713 0.0022671820224774478 0.00018730409858947215 -0.00072429900533114327 0.0016847590029570427 -0.00067888436290495071 -0.0016687683216270114 0.0018123051538151268 0.0021093342853016938 -0.0016103002976644888 0.0022604348011069867 -0.0009210061524411356 0.0028763760418567884 -0.00020946591692173598 8.6638418656361036e-05 -0.0011161540087664247 0.0015900070758849798 0.0017443798932703911 0.0007783582928394732 0.00062943200988431166
leaf_weight=63.051184862852097 4.5912951231002799 21.260953247547153 3.910196512937544 6.0560119748115531 11.233166567981241 35.844445765018463 18.533666059374809 18.156748056411743 33.782239839434624 9.0908097922801954 16.903444647789001 31.877085655927658 5.3266675770282808 19.263578198850155 4.9255879670381537 21.289412006735802 34.724169448018074 37.817583590745926 21.727274343371391 10.139183312654493 21.692504122853279 6.4328180178999901
leaf_count=224 21 76 15 18 39 137 63 66 137 31 62 133 20 80 17 83 137 143 72 37 70 23
internal_value=7.65964e-05 0.000256378 0.00127368 -0.00029189 -0.000199446 -0.000319473 0.000111891 0.000628504 -0.00120879 0.000136624 0.000352592 -0.00029652 -0.000543962 0.000139282 0.000794507 0.000337383 0.000166079 -9.76916e-05 0.000678803 0.000434826 0.00011447 -0.000366024
internal_weight=457.63 307.74 31.604 149.89 145.299 139.243 94.2274 58.3829 45.0154 276.136 184.363 91.7731 82.6823 50.8052 31.5417 26.6161 167.459 111.008 56.4514 73.1904 39.8493 10.343
internal_count=1704 1153 114 551 530 512 336 199 176 1039 675 364 333 200 120 103 613 404 209 261 136 38
is_linear=0
shrinkage=0.0029518


Tree=348
num_leaves=26
num_cat=0
split_feature=8 15 15 1 7 8 1 15 15 15 15 8 1 1 15 15 1 3 1 1 1 3 1 3 3
split_gain=2.77297 6.54685 5.87281 5.56499 8.61502 5.46349 5.33808 3.81456 11.8257 6.23975 6.12428 3.46918 3.25401 7.48679 4.47648 4.0896 3.54662 3.95352 3.11013 3.09723 2.99972 2.76651 2.11802 2.03211 4.26908
threshold=0.42553355490659567 0.71039813614964453 0.67211674409850264 0.11752195757100528 0.5299400897047416 -0.87469561653249006 -0.21862644478704787 -1.1202900350009937 -1.1531935327587746 -1.5634092688864303 -0.84246196395561734 1.5018187030574215 -0.73029317720145592 0.08808901724064562 0.35477284107147511 0.21665654945931132 -1.1653912310981502 -0.67743990776297835 -0.21862644478704787 -1.5737563597071713 -1.0004890270258269 1.0403343603006598 -1.0919876087744338 -1.6891796167818998 -0.85170420315479034
decision_type=2 2 2 2 2 2 2 2 2 2 2 2 2 2 2 2 2 2 2 2 2 2 2 2 2
left_child=1 2 7 6 -5 -3 11 8 9 -1 -9 23 16 -14 15 -15 -12 -18 22 -13 -21 -4 -7 -2 -25
right_child=3 5 21 4 -6 18 -8 10 -10 -11 12 19 13 14 -16 -17 17 -19 -20 20 -22 -23 -24 24 -26
leaf_value=-0.00037617527563419594 -0.0017521376781239682 -0.00099021922826965933 -0.002290692200680961 -0.0028575165793605925 0.00050602330705701813 0.00099085039978700335 0.0025105258481489816 0.0028848634977178488 -0.0024897509493440793 0.0022253808890040768 0.0011640507750378982 -0.00082740324705592443 0.0018245866208551418 0.00020449367823067584 0.0025176669120087394 -0.0015125691420774256 -0.00019772054840038527 -0.0035624238105617981 0.00088327076493295727 0.0028774259234487444 7.7270963791147785e-05 0.00063738374928345011 0.0037592750122882623 0.00087285393747315318 -0.00070104300335619557
leaf_weight=29.102516606450081 10.273296490311621 7.0940657258033744 15.151972502470018 19.48916020989418 14.260172575712202 4.8128328621387508 8.3539591729640943 10.430720075964926 20.629576362669468 14.964728802442549 6.1248140782117853 6.8056897670030621 35.273144587874413 72.696768060326576 6.7138860449194899 18.841430097818375 8.7146739512681961 6.329812914133071 13.524970218539236 9.7589441686868703 7.1691419631242725 4.2098486572504035 12.645447671413423 26.673230156302452 63.834265172481537
leaf_count=109 41 28 62 91 52 16 27 36 89 50 21 25 125 268 25 73 31 26 51 35 25 15 41 93 249
internal_value=8.31162e-05 0.000281968 8.26105e-05 -0.000259407 -0.00145493 0.00155818 5.10673e-05 0.0002336 -0.0004509 0.000530331 0.000502764 -0.000129034 0.000328141 0.000521795 4.32526e-05 -0.000158957 -0.000867216 -0.00171685 0.0021558 0.000999953 0.0017439 -0.00164726 0.00306441 -0.000400868 -0.000233557
internal_weight=453.879 287.261 249.184 166.618 33.7493 38.0773 132.869 229.822 64.6968 44.0672 165.125 124.515 154.695 133.525 98.2521 91.5382 21.1693 15.0445 30.9833 23.7338 16.9281 19.3618 17.4583 100.781 90.5075
internal_count=1704 1066 930 638 143 136 495 853 248 159 605 468 569 491 366 341 78 57 108 85 60 77 57 383 342
is_linear=0
shrinkage=0.00334538


Tree=349
num_leaves=28
num_cat=0
split_feature=20 20 20 20 2 20 20 3 6 9 17 6 2 17 2 17 9 9 9 9 17 6 17 20 20 20 17
split_gain=3.9419 11.4203 6.86533 10.9511 5.84713 5.71254 6.55582 4.87711 4.98613 11.4086 4.53351 4.06732 3.31157 3.26198 3.9844 3.23335 3.18601 3.47467 3.09033 2.36851 2.30423 2.08912 2.60908 2.05451 3.40933 2.01984 1.91388
threshold=0.092415619838413912 -0.32048288124978802 0.11629392630626693 0.47956423963928357 -0.43797190448600692 -0.48573192854616987 -0.71465383850357789 -0.67743990776297835 -0.28926070127903797 0.99460176577829251 -0.13036439411240175 -0.12330147066940911 0.88918616069802259 -0.34110804589078153 -0.89062248308965575 1.8820887824532846 -0.41059181364277192 -0.32678568911673378 1.5683530884899319 0.1190157201694441 -0.046115820387737129 1.4731682945766835 0.37861839386817903 -0.93037642772780915 -1.2588849911049078 -1.4829235062602291 0.86948855328106822
decision_type=2 2 2 2 2 2 2 2 2 2 2 2 2 2 2 2 2 2 2 2 2 2 2 2 2 2 2
left_child=1 4 10 26 13 6 12 -5 15 16 -2 -7 23 14 -1 20 -10 -18 -11 -19 -9 22 -13 24 -6 -14 -4
right_child=2 -3 3 7 5 11 -8 8 9 18 -12 21 25 -15 -16 -17 17 19 -20 -21 -22 -23 -24 -25 -26 -27 -28
leaf_value=-0.00076206502221020614 -9.0708667602553317e-05 0.0017536530806800859 0.0021074189877363057 -0.0013662787547310811 0.00080463347585789412 -0.001590423276198097 0.0021759252876603569 -0.001320633973281804 0.00094208711735970202 0.0034206823646041251 -0.0015864479408136587 0.000512945426739315 0.00072636484257944595 0.0015318277473913323 0.0018612419580579449 -0.0020504523132242086 -0.001774092992977366 0.0014103830604969775 0.00087540458681735185 -0.00032788449588567575 3.7746511390877352e-05 -0.0013837495220329953 -0.0011978530593101467 0.0015140091787422885 -0.00037203482816915829 -0.00098095292827853021 0.00046675548178112098
leaf_weight=11.522678405046465 23.104109287261963 30.314490839838982 17.130509287118915 19.230502218008041 29.016086116433144 22.958211973309517 9.4671659618616086 10.373645380139349 14.487423449754713 8.1019221395254117 31.361408591270447 22.813272535800937 4.9078997224569347 24.396934926509857 4.6934612840414038 7.8987089544534674 8.9442642182111722 5.3569400310516349 5.8376876860857001 30.784243389964104 31.192162156105042 7.2264337539672843 7.0138493478298178 7.6283636018633834 35.137788727879524 24.917194396257401 7.0135165378451338
leaf_count=41 82 113 59 80 99 95 35 41 48 21 129 76 17 83 17 37 41 17 19 114 115 28 28 27 125 91 26
internal_value=7.24699e-05 0.000298841 -0.000175804 8.47367e-05 8.47202e-05 -0.000124703 0.000220848 -0.000189898 1.64999e-06 0.000424956 -0.000961436 -0.000758904 2.30758e-05 0.000952004 5.24366e-05 -0.000624033 -7.47315e-05 -0.000412791 0.0024491 -4.51528e-05 -0.000320041 -0.000222072 8.89906e-05 0.000322104 0.000163561 -0.000686298 0.00165648
internal_weight=462.831 242.014 220.817 166.352 211.699 171.086 111.074 142.207 122.977 73.5125 54.4655 60.0118 101.607 40.6131 16.2161 49.4645 59.5729 45.0854 13.9396 36.1412 41.5658 37.0536 29.8271 71.7822 64.1539 29.8251 24.144
internal_count=1704 875 829 618 762 621 394 533 453 260 211 227 359 141 58 193 220 172 40 131 156 132 104 251 224 108 85
is_linear=0
shrinkage=0.00257337


Tree=350
num_leaves=15
num_cat=0
split_feature=20 20 20 20 19 19 20 20 19 19 20 19 19 19
split_gain=3.88299 12.6628 7.40588 11.073 6.80242 5.50626 5.2806 9.24595 4.17624 5.38133 3.48497 2.88478 3.3093 2.22854
threshold=0.092415619838413912 -0.32048288124978802 0.11629392630626693 0.47956423963928357 -0.94358100105149412 -1.2288379138832479 -0.48573192854616987 -0.71465383850357789 1.1752502371343501 -1.2288379138832479 -1.4829235062602291 -0.32211258526418346 0.075895068724516776 -0.89334271502080653
decision_type=2 2 2 2 2 2 2 2 2 2 2 2 2 2
left_child=1 6 13 -4 5 -5 7 10 9 -8 -1 -6 -13 -2
right_child=2 -3 3 4 11 -7 8 -9 -10 -11 -12 12 -14 -15
leaf_value=0.0011925043945001503 -0.002146064960235805 0.0016867616685005624 0.0015582395458440283 0.00011878087012769209 -0.00088070021852565709 0.002022075299074934 -0.003076367670178094 0.0022706265049557287 0.00097450103395124417 -0.00045103340469171334 -1.2116134772207553e-06 0.0014450272359139789 -0.00033999174386806983 -0.00070985539362689422
leaf_weight=15.163282468914984 6.6170978546142569 31.013610452413559 24.308193773031235 35.640268191695213 54.534727662801743 10.654797375202177 3.9954887479543677 12.150066837668417 9.7611183673143369 62.831325337290764 108.89729970693588 6.2761517018079749 34.505908817052841 47.96621960401535
leaf_count=55 28 113 85 126 217 33 18 43 32 235 379 22 135 183
internal_value=7.41819e-05 0.000281551 -0.000155287 9.66991e-05 -0.000161529 0.000583154 7.12171e-05 0.000352723 -0.000427956 -0.000642568 0.00015152 -0.000525239 -4.27846e-05 -0.000911742
internal_weight=464.316 243.812 220.503 165.92 141.612 46.2951 212.799 136.211 76.5879 66.8268 124.061 95.3168 40.7821 54.5833
internal_count=1704 875 829 618 533 159 762 477 285 253 434 374 157 211
is_linear=0
shrinkage=0.00238956


Tree=351
num_leaves=9
num_cat=0
split_feature=13 20 20 20 20 13 20 20
split_gain=1.98748 2.67346 5.78898 2.46423 5.7522 2.20565 2.71771 2.08751
threshold=-0.44498648622977582 -0.48573192854616987 -0.8393140898724698 -0.39092250917199894 0.092415619838413912 -0.85158462163420368 -0.64161523798540931 -1.4829235062602291
decision_type=2 2 2 2 2 2 2 2
left_child=5 2 7 -3 -5 -1 -7 -2
right_child=1 3 -4 4 -6 6 -8 -9
leaf_value=0.0055970586217403556 0.042898020131710811 -0.025354210656873304 0.059106869180537397 0.038282456568138092 -0.0082836428843036658 -0.011882280116635353 0.064062786389214851 -0.0066404688669965085
leaf_weight=95.904359504580498 6.5410988032817832 45.782165534794331 14.725289970636366 22.057162068784237 177.64887300133705 4.8949561193585387 10.561926193535326 53.398609235882759
leaf_count=378 23 182 57 90 709 23 49 193
internal_value=0.000667355 -0.00283592 0.0115721 -0.00724253 -0.00300714 0.0106871 0.0404671 -0.000724643
internal_weight=431.514 320.153 74.665 245.488 199.706 111.361 15.4569 59.9397
internal_count=1704 1254 273 981 799 450 72 216
is_linear=0
shrinkage=0.0874629


Tree=352
num_leaves=15
num_cat=0
split_feature=20 20 20 20 8 15 20 20 8 8 20 8 8 8
split_gain=3.5873 10.8039 6.21523 9.93243 6.47307 4.96809 4.80752 8.41992 6.50935 4.74938 3.08668 2.70639 2.0206 1.9711
threshold=0.092415619838413912 -0.32048288124978802 0.11629392630626693 0.47956423963928357 -1.0909809417239846 1.1199777402796842 -0.48573192854616987 -0.71465383850357789 -1.373193816507972 1.5891463160547559 -1.4829235062602291 1.0000000180025095e-35 1.4569885598847412 0.84722700852275767
decision_type=2 2 2 2 2 2 2 2 2 2 2 2 2 2
left_child=1 6 5 -4 -5 -2 7 10 -8 11 -1 -10 -6 -3
right_child=2 13 3 4 12 -7 8 -9 9 -11 -12 -13 -14 -15
leaf_value=0.0012160520024872687 -0.0012246944694178988 0.0020153341833681697 0.0015764935132778421 0.00078361421262003309 -0.00038416310765488167 0.0007148322401295201 -0.0032234205303424751 0.0023314891988072393 0.0003622902583296974 0.0019954451288667053 2.779738933642547e-05 -0.00072511195203110951 -0.0020626734385071773 0.00039381035235905786
leaf_weight=14.901092633605002 44.419853553175926 23.578543007373813 23.576086536049843 33.9991445094347 101.93701120465994 9.5571217536926252 3.9865172654390326 11.766301408410071 20.018636643886566 4.8031515777111045 107.91014041006565 46.607691451907158 3.9290619343519202 6.3000258803367606
leaf_count=55 179 89 85 116 398 32 18 43 70 13 379 184 19 24
internal_value=8.90459e-05 0.000300002 -0.000143931 0.000100457 -0.000155896 -0.000874749 9.67267e-05 0.000379893 -0.000407292 -0.000216028 0.000179029 -0.000397648 -0.000461409 0.00168905
internal_weight=457.29 239.872 217.418 163.441 139.865 53.977 209.994 134.578 75.416 71.4295 122.811 66.6263 105.866 29.8786
internal_count=1704 875 829 618 533 211 762 477 285 267 434 254 417 113
is_linear=0
shrinkage=0.00250738


Tree=353
num_leaves=10
num_cat=0
split_feature=18 18 3 3 3 3 18 18 3
split_gain=2.0997 6.25272 2.36164 2.5773 3.78478 2.24165 2.15341 6.3952 2.02946
threshold=-0.68494468518227081 -0.36580584482134909 -0.79400040430519903 -1.6891796167818998 -1.9176855523355012 -0.16991514140074873 -0.23316328638550854 0.20668945804000563 0.072813342042342036
decision_type=2 2 2 2 2 2 2 2 2
left_child=2 -2 3 4 -1 -4 -3 -8 -7
right_child=1 6 5 -5 -6 8 7 -9 -10
leaf_value=0.026222012320717036 0.058473507510821934 -0.013170017694063474 -0.034175119137115538 0.03243806919786995 -0.084001095841617371 0.042506239961124757 0.047617669326035068 0.00032106616198053305 -0.011202821942060218
leaf_weight=4.7997889071702957 15.573853425681589 62.676747784018517 34.868596814572811 17.917429856956005 3.8004359900951403 5.5957067608833304 25.030093394219875 212.8077162578702 47.038705393671989
leaf_count=18 72 247 156 68 16 21 105 807 194
internal_value=0.000712094 0.00448135 -0.00969493 0.0134769 -0.0252831 -0.0167839 0.0015351 0.00544154 -0.00493573
internal_weight=430.109 316.088 114.021 26.5177 8.60022 87.503 300.515 237.838 52.6344
internal_count=1704 1231 473 102 34 371 1159 912 215
is_linear=0
shrinkage=0.0898274


Tree=354
num_leaves=6
num_cat=0
split_feature=2 2 2 2 2
split_gain=2.4105 2.05187 4.76099 3.36846 3.07222
threshold=-2.0895454277318604 -0.43797190448600692 -0.41179469819859527 0.086563618832801587 -0.89062248308965575
decision_type=2 2 2 2 2
left_child=-1 4 -3 -4 -2
right_child=1 2 3 -5 -6
leaf_value=-0.044473254421802298 0.0038491426787879029 -0.026571440403535113 0.03579612404236801 -0.00018289323962692171 0.039729422036609799
leaf_weight=8.6045255810022336 81.289297588169575 52.653243027627468 22.496418185532093 237.91705320775509 24.878785409033298
leaf_count=44 310 236 106 898 110
internal_value=0.000669203 0.00167978 -0.00200728 0.00302535 0.0124862
internal_weight=427.839 419.235 313.067 260.413 106.168
internal_count=1704 1660 1240 1004 420
is_linear=0
shrinkage=0.0903817


Tree=355
num_leaves=14
num_cat=0
split_feature=20 16 16 16 8 8 13 13 13 13 16 13 13
split_gain=3.11085 3.06262 2.82755 2.43062 2.41131 5.19952 4.30772 4.2591 3.76445 3.62292 2.58519 2.47427 1.93979
threshold=-1.4829235062602291 -1.8381616299874666 0.3439896182440651 -2.0134981247016008 0.42553355490659567 0.52170834830775936 -0.68961517080195278 -0.4038481803236359 -0.44498648622977582 -1.8494110194620879 2.4225990969152975 0.56766328695231139 -0.85158462163420368
decision_type=2 2 2 2 2 2 2 2 2 2 2 2 2
left_child=2 3 -1 -2 8 -6 9 -8 12 -7 -10 -9 -3
right_child=1 4 -4 -5 5 6 7 11 10 -11 -12 -13 -14
leaf_value=0.0022330658062657822 7.917660659874407e-05 0.00071085070355659315 -0.00043732852209744022 -0.0020083680100811377 -0.00093650805704724189 -0.00064830565834567264 -0.0023995512408475955 0.00052797766400647849 0.00018283395022506809 0.001095351555893916 -0.0017778093432371871 -0.001723118981928375 0.0026883330366605134
leaf_weight=9.6900690943002683 8.3065600544214249 12.280359014868738 4.7299863845109931 10.55407191067934 55.61138104647398 12.909430727362631 8.0651197731494921 17.677380070090297 247.94386650621891 43.512638606131077 5.1498327255249015 4.6700610369443885 6.57457361370325
leaf_count=38 32 47 17 47 228 49 37 65 916 155 23 18 32
internal_value=6.38395e-05 1.77733e-05 0.00137334 -0.00111933 7.16071e-05 -0.000238615 0.000212625 -0.000670997 0.000234342 0.000692068 0.00013736 1.25002e-05 0.00147769
internal_weight=447.675 433.255 14.4201 18.8606 414.395 142.446 86.8346 30.4126 271.949 56.4221 253.094 22.3474 18.8549
internal_count=1704 1649 55 79 1570 552 324 120 1018 204 939 83 79
is_linear=0
shrinkage=0.0029518


Tree=356
num_leaves=3
num_cat=0
split_feature=8 8
split_gain=1.93305 2.52314
threshold=-1.5006197890827797 -1.9444072026060437
decision_type=2 2
left_child=1 -1
right_child=-2 -3
leaf_value=0.0042898479546613268 -0.0008499778349662407 0.06465702580092525
leaf_weight=16.243828356266025 402.64089061319828 7.556865617632865
leaf_count=58 1620 26
internal_value=0.000630824 0.0248899
internal_weight=426.442 23.8007
internal_count=1704 84
is_linear=0
shrinkage=0.0892137


Tree=357
num_leaves=2
num_cat=0
split_feature=4
split_gain=2.04822
threshold=-0.26944506927502088
decision_type=2
left_child=-1
right_child=-2
leaf_value=-0.0058136349461198524 0.005785724935302698
leaf_weight=192.51019857078791 233.65883949398994
leaf_count=796 908
internal_value=0.000544904
internal_weight=426.169
internal_count=1704
is_linear=0
shrinkage=0.0834331


Tree=358
num_leaves=11
num_cat=0
split_feature=13 9 9 13 13 13 13 13 13 13
split_gain=2.31673 3.58184 7.79652 4.58265 3.41251 3.1334 1.92549 3.20356 4.6378 2.87297
threshold=0.61490634720966009 -0.32678568911673378 -0.90879232048880942 0.73996352983101021 0.18735428736312462 1.1717459264955667 -0.44498648622977582 -0.4038481803236359 0.047615600439395535 -0.85158462163420368
decision_type=2 2 2 2 2 2 2 2 2 2
left_child=4 2 -2 -3 6 -5 9 -8 -9 -1
right_child=1 3 -4 5 -6 -7 7 8 -10 -11
leaf_value=0.00020229502837716584 0.00069967034283713563 -0.00076496710156246381 -0.0017909090380320053 0.0017006128856248089 0.0012025515510357618 0.00015206330047769765 -0.0007616841548148119 0.0013092916408194504 -0.00020096827031503337 0.0015875676807510597
leaf_weight=100.00278279185295 18.594779178500175 36.125095412135124 33.904270060360432 17.96429830789566 30.293429523706436 41.022673785686493 50.929361298680305 26.260208770632744 75.661879546940327 16.490845426917076
leaf_count=378 64 141 141 63 114 142 199 101 289 72
internal_value=6.10206e-05 -0.000259652 -0.00091046 0.00010401 0.000219275 0.000639637 0.000105468 -0.000125867 0.000195213 0.000407777
internal_weight=447.25 147.611 52.499 95.1121 299.639 58.987 269.345 152.851 101.922 116.494
internal_count=1704 551 205 346 1153 205 1039 589 390 450
is_linear=0
shrinkage=0.00313629


Tree=359
num_leaves=17
num_cat=0
split_feature=3 9 9 9 9 9 1 9 3 1 1 1 3 3 3 3
split_gain=2.56574 4.88128 5.5766 5.15664 4.64534 4.77502 3.87841 3.22103 4.35746 2.53778 12.2318 4.51028 2.66728 2.38929 2.11364 2.38427
threshold=-0.85170420315479034 -1.3020693284229601 -1.3604056144881607 -1.7437099147280517 -0.32678568911673378 -0.11222137205842496 -0.7513692586336308 -0.90879232048880942 0.072813342042342036 0.62292798672448091 0.20795163876286785 0.11752195757100528 -0.27584681077141787 1.1992716791815741 1.5647198394724842 1.9301714619220829
decision_type=2 2 2 2 2 2 2 2 2 2 2 2 2 2 2 2
left_child=1 2 3 -1 7 -6 -7 -2 -9 10 11 12 -8 -11 -15 -16
right_child=4 -3 -4 -5 5 6 9 8 -10 13 -12 -13 -14 14 15 -17
leaf_value=-0.00031497413994369691 0.00046663955263183393 0.0011911949976767663 -0.0012473439502082935 0.0023206521379804876 0.0019332646361539235 -0.0015931712670514677 -0.00038325177258807471 -0.00036782491391432572 -0.0017505682494175596 0.00018744331411414626 0.0024923897649292677 -0.00066251931433730714 0.00087029014518593014 -0.00122054626205294 0.0013795623093078922 -0.00056674537628366667
leaf_weight=12.947189033031465 22.710770651698112 38.254884496331215 17.885427951812744 8.3614595979452115 10.186888575553892 8.6308338940143567 16.646713048219681 84.657372117042542 20.277424141764641 72.48530463129282 17.504817768931389 36.80956269800663 44.488791801035404 20.624802023172379 5.6493922472000149 15.240128658711908
leaf_count=48 77 139 67 29 38 37 63 328 86 264 65 139 163 82 18 61
internal_value=6.56591e-05 0.000512412 -0.000159946 0.000763633 -2.72808e-05 0.000188819 0.000107917 -0.000446167 -0.000646069 0.0001773 0.000459343 7.88076e-05 0.000527811 -0.000109479 -0.000621924 -9.28898e-06
internal_weight=453.362 77.449 39.1941 21.3086 375.913 248.267 238.08 127.646 104.935 229.45 115.45 97.9451 61.1355 114 41.5143 20.8895
internal_count=1704 283 144 77 1421 930 892 491 414 855 430 365 226 425 161 79
is_linear=0
shrinkage=0.00271247


Tree=360
num_leaves=3
num_cat=0
split_feature=9 9
split_gain=1.97774 2.84027
threshold=0.66645693193159439 1.4713679533524111
decision_type=2 2
left_child=-1 -2
right_child=1 -3
leaf_value=-0.0025849194739029509 0.02781719175439594 -0.0077098958418304192
leaf_weight=343.27096657454967 50.382617831230164 33.522677682340145
leaf_count=1377 190 137
internal_value=0.000628374 0.0136743
internal_weight=427.176 83.9053
internal_count=1704 327
is_linear=0
shrinkage=0.0953368


Tree=361
num_leaves=9
num_cat=0
split_feature=18 18 18 18 18 18 18 18
split_gain=1.94631 2.10064 5.07147 2.21521 4.90001 2.43113 3.67771 2.32825
threshold=2.026934388300194 -0.68494468518227081 -0.36580584482134909 -0.23316328638550854 0.20668945804000563 0.28559117097363423 0.69657992174808581 1.2368139676713283
decision_type=2 2 2 2 2 2 2 2
left_child=1 -1 -3 -4 -5 -6 -7 -8
right_child=-2 2 3 4 5 6 7 -9
leaf_value=-0.0085344978230227284 -0.031852241967968001 0.053789601946343947 -0.01172052912911414 0.043287048620442685 -0.011615376580789954 0.038520875370897059 -0.0044109568614026668 0.027210600213858779
leaf_weight=112.99741320312023 12.903682403266428 14.863992430269716 62.387092515826225 24.187388360500336 64.641301929950714 25.099359981715679 88.452738106250763 21.394385293126106
leaf_count=473 52 72 247 105 242 104 331 78
internal_value=0.000522331 0.00159141 0.00540535 0.00274883 0.00681042 0.0022351 0.00889874 0.00190341
internal_weight=426.927 414.024 301.026 286.162 223.775 199.588 134.946 109.847
internal_count=1704 1652 1179 1107 860 755 513 409
is_linear=0
shrinkage=0.0874405


Tree=362
num_leaves=19
num_cat=0
split_feature=15 15 15 8 19 19 17 8 19 19 2 19 15 15 15 8 17 17
split_gain=3.08039 5.85418 7.42897 5.45453 5.91941 3.91956 3.06222 3.32765 4.05773 6.98201 3.09368 3.08666 4.32165 4.1596 3.53901 2.57232 2.35626 3.34495
threshold=0.71039813614964453 0.67211674409850264 0.35477284107147511 0.42553355490659567 -0.68132789571010244 1.096262787866437 -1.1449201027521148 -1.5006197890827797 -0.32211258526418346 0.022575182793238936 0.67870383561641567 -0.34476943295944301 -1.1202900350009937 -1.2105038679169875 -0.78883087872956315 1.8700747441217913 0.37861839386817903 -0.13036439411240175
decision_type=2 2 2 2 2 2 2 2 2 2 2 2 2 2 2 2 2 2
left_child=1 2 6 4 -2 -3 10 -8 11 -10 -1 12 13 -9 -14 -5 17 -13
right_child=3 5 -4 15 -6 -7 7 8 9 -11 -12 16 14 -15 -16 -17 -18 -19
leaf_value=-0.0032356651780733907 -0.00061948815235707223 -0.0017565676936024412 0.0018476002277119979 -0.00036122124398423467 0.0020952931807773976 0.00037067354898601942 0.0012912594302239629 -0.00021557763478807074 0.0020736411246910494 4.8774721459449776e-05 -0.00031644346085457327 -0.0002473992573387383 0.0023279597281174202 -0.0024480065495229887 9.4879889204936216e-05 0.0012035826319700444 -0.00043389575751484957 -0.0029033263700662428
leaf_weight=4.5332026034593573 9.3918639346957189 27.532275252044201 19.841501824557781 45.902886658906937 29.159069016575813 10.763412818312643 17.358256623148918 22.797136023640633 17.365709513425827 116.70646481215954 9.3511600494384748 7.1404012292623529 6.6302968561649314 10.940677329897879 54.100396648049355 11.413391157984732 22.484021201729774 10.999321475625038
leaf_count=20 36 114 75 172 100 39 56 84 63 447 34 26 23 48 195 38 86 48
internal_value=7.89577e-05 -5.08122e-05 8.45492e-05 0.000560695 0.00143236 -0.00116129 -3.65216e-05 3.27271e-05 -5.20556e-05 0.000321743 -0.00138911 -0.000422774 -0.000118511 -0.000978012 0.000365657 -3.67168e-05 -0.00111488 -0.00190787
internal_weight=454.411 358.544 320.249 95.8672 38.5509 38.2957 300.407 286.523 269.164 134.072 13.8844 135.092 94.4685 33.7378 60.7307 57.3163 40.6237 18.1397
internal_count=1704 1358 1205 346 136 153 1130 1076 1020 510 54 510 350 132 218 210 160 74
is_linear=0
shrinkage=0.00304125


Tree=363
num_leaves=18
num_cat=0
split_feature=15 15 15 14 14 14 15 15 15 14 14 14 3 15 15 15 15
split_gain=2.69988 5.41774 6.51676 4.50019 3.80146 8.59988 6.99192 6.12898 3.51559 3.18299 3.06039 2.80557 4.44527 2.35467 2.49861 1.97848 3.23952
threshold=0.71039813614964453 0.67211674409850264 0.35477284107147511 1.7724413147135019 -0.39637255817794798 -0.1351705938880626 -1.1202900350009937 -0.84246196395561734 0.21665654945931132 -0.63665922088383342 1.9430900739760919 -0.52401811727297753 -0.79400040430519903 1.1199777402796842 0.86087258127225585 -1.1531935327587746 -1.5634092688864303
decision_type=2 2 2 2 2 2 2 2 2 2 2 2 2 2 2 2 2
left_child=1 2 3 4 6 -6 15 -8 -7 -4 -5 -2 -13 14 -14 16 -1
right_child=11 -3 9 10 5 8 7 -9 -10 -11 -12 12 13 -15 -16 -17 -18
leaf_value=-0.0013145173590807795 0.0012633537700363624 -0.00097412760308469013 -0.00026259374915953452 -0.0027060979377657507 0.0029202408370584943 0.00040062028453167808 0.0029087790964740469 -5.2859226953152421e-05 -0.00072180968158036562 0.0021331422054405818 -0.00021368154124352427 0.0010097652108605251 -0.00058284805064050314 -0.00059904052870173713 0.0021816453683731855 -0.001981926764251326 0.00087521497276423941
leaf_weight=15.474018260836599 22.016134351491928 38.138703674077988 4.9060352146625545 6.3163237124681455 7.7640969008207312 102.45733066648245 4.2465985268354407 108.4225864186883 23.171792268753052 14.26314817368984 6.8193193227052689 27.91430501639843 3.6670752614736548 36.706511437892914 4.1031352430582047 14.525175809860228 5.9228946864604977
leaf_count=62 79 153 20 32 30 387 14 405 89 55 25 99 16 136 16 66 20
internal_value=6.12108e-05 -4.52804e-05 6.96255e-05 -2.90129e-05 4.31861e-05 0.000365673 -0.000246702 7.87097e-05 0.000190291 0.00152827 -0.00149178 0.000455783 0.000199316 -0.000318365 0.000935288 -0.00124716 -0.000697963
internal_weight=446.835 352.428 314.289 295.12 281.984 133.393 148.591 112.669 125.629 19.1692 13.1356 94.4072 72.391 44.4767 7.77021 35.9221 21.3969
internal_count=1704 1358 1205 1130 1073 506 567 419 476 75 57 346 267 168 32 148 82
is_linear=0
shrinkage=0.00264109


Tree=364
num_leaves=3
num_cat=0
split_feature=14 14
split_gain=2.03342 5.80337
threshold=1.7724413147135019 1.1363373556406191
decision_type=2 2
left_child=1 -1
right_child=-2 -3
leaf_value=0.00051012643876296342 -0.024678729169756847 0.074604517613123464
leaf_weight=391.79927904158831 25.152962230145931 8.5744035318493825
leaf_count=1551 106 47
internal_value=0.000608713 0.00224384
internal_weight=425.527 400.374
internal_count=1704 1598
is_linear=0
shrinkage=0.0932824


Tree=365
num_leaves=26
num_cat=0
split_feature=12 4 9 4 12 12 12 12 12 4 4 4 9 12 12 12 4 1 4 9 4 4 4 4 4
split_gain=5.4521 6.10815 6.56942 5.24395 4.9384 3.49525 13.0012 4.78186 10.0907 4.76106 4.20605 4.04536 3.4477 3.30833 5.58351 3.79537 3.3127 3.12659 2.68445 2.59276 2.45438 2.41973 3.74787 2.3702 2.26058
threshold=0.28748883168419687 -1.7950887299003944 0.66645693193159439 -0.82985204614009767 1.0155540191446282 0.20280095128553202 -0.49395905419048175 -0.54697953407266342 -1.1490283004266255 -0.35982838088149099 0.68622810871403139 1.5956821153573748 1.4713679533524111 1.2758347554729597 1.7331623732449384 1.8681926915919886 -0.20514162438177752 -0.67960022125220854 -1.8630455633890992 0.57354048463385998 0.68622810871403139 -0.82985204614009767 -0.72347374258912234 1.1982352979154836 1.0000000180025095e-35
decision_type=2 2 2 2 2 2 2 2 2 2 2 2 2 2 2 2 2 2 2 2 2 2 2 2 2
left_child=1 18 3 19 17 6 7 8 9 -5 -7 20 -4 16 -15 -16 -6 -2 -1 -3 -9 -14 -23 -18 -10
right_child=4 2 12 5 13 10 -8 11 24 -11 -12 -13 21 14 15 -17 23 -19 -20 -21 -22 22 -24 -25 -26
leaf_value=-0.00039857549218654827 0.00021353969793273147 -0.0026420713745937039 0.0010089187708163725 0.001643749667954915 -0.00083051780101799099 -0.0011651306662940136 0.001398692665966371 -0.00061371524537323868 0.00014912772877605094 -0.00072371093059033019 0.00012595804064368318 0.00077201011528316946 0.00082943454003989137 0.0023902744740170478 -0.00037130029699472371 0.0012160601900879503 0.00075487951477082641 0.0017579260611942206 -0.0029187042439202918 -0.00032796798451096659 -0.0017157521552204485 -0.0020558519660624735 0.00020927794805247527 -0.0008354746492614172 0.0018849424360790621
leaf_weight=4.5821809470653534 11.781419068574904 6.9625819474458677 46.159585982561111 4.8722024112939826 25.428571030497551 36.016305610537529 33.058036759495735 32.947237387299538 6.123372599482539 47.135764911770821 25.328183367848396 7.8556875437498084 10.297757156193258 8.4176448285579664 22.247678264975548 14.010816633701323 21.776420980691913 23.894814476370811 5.5879186540842039 4.933117538690567 19.752852514386177 6.0059600621461895 11.68584258854389 6.6807118356227866 16.881656959652901
leaf_count=19 48 30 156 15 95 147 118 132 22 177 88 25 35 37 77 48 72 86 31 19 80 25 43 23 56
internal_value=7.87176e-05 -9.22893e-05 -2.99826e-05 -0.000225514 0.000492335 -0.000140603 4.20366e-05 -0.000295063 0.00011802 -0.000479089 -0.000636699 -0.000801947 0.000603388 0.000206082 0.000692383 0.000255503 -0.000201444 0.00126192 -0.00188423 -0.00175434 -0.0010456 -7.33696e-05 -0.000613853 0.000367346 0.00143905
internal_weight=460.424 326.186 316.016 241.867 134.238 229.971 168.627 135.569 75.013 52.008 61.3445 60.5558 74.1491 98.5618 44.6761 36.2585 53.8857 35.6762 10.1701 11.8957 52.7001 27.9896 17.6918 28.4571 23.005
internal_count=1704 1218 1168 909 486 860 625 507 270 192 235 237 259 352 162 125 190 134 50 49 212 103 68 95 78
is_linear=0
shrinkage=0.00244784


Tree=366
num_leaves=23
num_cat=0
split_feature=13 15 19 15 15 19 1 1 19 1 15 19 13 1 13 19 19 19 15 19 19 13
split_gain=3.25672 5.43092 6.46127 3.9618 7.26926 4.35981 4.24817 6.48761 4.52574 9.93011 3.69527 4.00898 5.25075 3.87573 3.67821 3.61205 4.02776 3.74717 2.78039 4.22017 2.68259 2.15247
threshold=0.61490634720966009 0.71039813614964453 0.58929110446304123 0.67211674409850264 0.35477284107147511 1.096262787866437 -0.73029317720145592 -0.3899351112871326 0.45210394762950185 -0.82274266399080298 0.62014991772026584 -1.3576383436265611 1.4542584810274992 -0.08867173619010725 -0.1612228869681232 -0.32211258526418346 0.075895068724516776 -0.94358100105149412 -1.1202900350009937 -1.2288379138832479 1.6771854073830279 1.3186297554838797
decision_type=2 2 2 2 2 2 2 2 2 2 2 2 2 2 2 2 2 2 2 2 2 2
left_child=1 3 -3 4 6 -5 8 -8 9 -1 11 21 18 -12 -10 17 -17 -9 19 -13 -4 -2
right_child=10 2 20 5 -6 -7 7 15 14 -11 13 12 -14 -15 -16 16 -18 -19 -20 -21 -22 -23
leaf_value=0.00040793524049976691 -0.00020859415821524919 0.0018085400590935087 -0.00017287304520843257 -0.0018241757437640908 0.002037326814942785 0.00040993135403214772 0.0024178439219640357 0.0017176335881784316 0.00027741223057245348 -0.0038816423918550877 -0.0025592835770586126 -0.0024907258511837802 -0.0029234042212686918 -0.00039548922932280977 -0.0020441158473562125 0.0019431346676851435 0.00019888845096336169 -0.00066851738359186659 0.00018694851320723768 -0.00013823820096015704 0.0013761443960350163 0.0015394211544697046
leaf_weight=7.6340077817440024 7.8164106011390695 32.593918487429619 35.823630943894386 16.471200183033947 14.058718308806418 10.702512502670286 9.3731903806328756 4.8764380961656562 31.334956541657444 8.0166320353746396 9.1478611975908297 7.785570681095126 4.7135605365037909 18.997814819216728 5.5016363859176662 12.009757310152052 52.657446384429932 48.859037205576897 63.538035020232201 19.173482723534107 10.559134915471075 15.80791549384594
leaf_count=27 29 114 135 71 56 39 35 17 115 34 38 35 20 71 23 48 210 192 235 74 37 49
internal_value=8.3751e-05 0.000249886 0.000873458 2.52445e-05 0.000165722 -0.000955361 1.1371e-05 0.00028552 -0.000650332 -0.00186517 -0.000255367 -3.77763e-05 -0.000293871 -0.00114807 -0.000106355 0.000101637 0.000542288 -0.000428885 -0.000132325 -0.000868302 0.000197736 0.000970097
internal_weight=447.453 300.472 78.9767 221.496 194.322 27.1737 180.263 127.776 52.4872 15.6506 146.981 118.835 95.2106 28.1457 36.8366 118.403 64.6672 53.7355 90.4971 26.9591 46.3828 23.6243
internal_count=1704 1153 286 867 757 110 701 502 199 61 551 442 364 109 138 467 258 209 344 109 172 78
is_linear=0
shrinkage=0.00278781


Tree=367
num_leaves=2
num_cat=0
split_feature=13
split_gain=1.966
threshold=-0.44498648622977582
decision_type=2
left_child=-1
right_child=-2
leaf_value=0.011511512821787969 -0.0031204078898214955
leaf_weight=109.85152851045132 316.36516430228949
leaf_count=450 1254
internal_value=0.000665329
internal_weight=426.217
internal_count=1704
is_linear=0
shrinkage=0.0945284


Tree=368
num_leaves=12
num_cat=0
split_feature=12 6 12 12 12 12 12 12 12 12 3
split_gain=3.92339 6.15707 3.58721 10.8371 3.74103 9.05749 3.30862 2.74983 4.64141 2.9716 1.94279
threshold=0.28748883168419687 -2.1675278204035178 0.20280095128553202 -0.49395905419048175 -0.54697953407266342 -1.1490283004266255 1.0155540191446282 1.2758347554729597 1.7331623732449384 1.8681926915919886 -0.79400040430519903
decision_type=2 2 2 2 2 2 2 2 2 2 2
left_child=1 -1 3 4 5 -3 -2 -8 -9 -10 -6
right_child=6 2 -4 -5 10 -7 7 8 9 -11 -12
leaf_value=-0.0036909743738928898 0.0014122996424825354 -0.00039601268641279743 -0.00070343415817913718 0.0016257581304104248 -0.0022245140294800013 0.0016141256569361211 -0.00026911199384381686 0.0030218166186382275 -0.0004197101242591692 0.0014764555251311209 -0.0005466557951602051
leaf_weight=4.2114622443914405 33.041703380644321 81.007056072354317 72.93763517588377 40.78997528553009 7.3692678958177558 32.549547106027603 52.715164855122566 7.4650088623166075 22.033412098884583 13.349317431449888 77.6995699852705
leaf_count=25 134 298 288 162 31 115 190 37 77 48 299
internal_value=6.1068e-05 -0.000133646 -7.62543e-05 0.000116535 -0.000198678 0.00018734 0.000538224 0.000227061 0.000831111 0.000312989 -0.000711091
internal_weight=445.169 316.565 312.353 239.415 198.625 113.557 128.605 95.5629 42.8477 35.3827 85.0688
internal_count=1704 1218 1193 905 743 413 486 352 162 125 330
is_linear=0
shrinkage=0.00325245


Tree=369
num_leaves=6
num_cat=0
split_feature=15 15 15 15 15
split_gain=1.93083 3.73599 4.46343 1.92959 2.79841
threshold=0.71039813614964453 0.67211674409850264 0.35477284107147511 1.7959659864600541 2.1254926768792668
decision_type=2 2 2 2 2
left_child=1 2 -1 -2 -5
right_child=3 -3 -4 4 -6
leaf_value=-0.0020891130551054598 0.019979753675225923 -0.031572577002064207 0.047867005058275063 -0.050073602150725656 0.02859296651976137
leaf_weight=282.62352316826582 73.532694920897484 37.137379087507725 17.275363884866238 9.1855505034327489 6.797335907816886
leaf_count=1130 283 153 75 38 25
internal_value=0.000652143 -0.00273649 0.000908754 0.0133215 -0.0167442
internal_weight=426.552 337.036 299.899 89.5156 15.9829
internal_count=1704 1358 1205 346 63
is_linear=0
shrinkage=0.0975735


Tree=370
num_leaves=16
num_cat=0
split_feature=12 8 9 12 9 9 12 9 12 12 12 8 8 9 9
split_gain=5.38031 6.06424 6.02974 4.304 4.22553 5.89183 4.88522 4.26831 2.9884 4.91878 3.21288 2.0495 4.71162 2.01014 4.42959
threshold=0.28748883168419687 0.42553355490659567 -1.54530978685933 1.0155540191446282 -0.32678568911673378 -0.41059181364277192 -0.54697953407266342 -0.11222137205842496 1.2758347554729597 1.7331623732449384 1.8681926915919886 0.59297299546551596 0.92709523412078398 1.4713679533524111 0.66645693193159439
decision_type=2 2 2 2 2 2 2 2 2 2 2 2 2 2 2
left_child=1 2 -1 -2 5 -4 -7 -6 -5 -10 -11 -3 -13 14 -9
right_child=3 11 4 8 7 6 -8 13 9 10 -12 12 -14 -15 -16
leaf_value=0.0026281415744879343 0.0013844138376994796 -0.0012546811525604852 0.00012201203727229094 -0.00019049667881005066 0.0023645326842101763 -0.0037422868521477526 -0.00087834637800557358 -2.7232710427773873e-05 0.0026575414863384316 -0.00033611460198434815 0.0013387917694909872 0.001342085928366028 -0.00080682147326105534 -0.00045663187677315618 0.0010611942859263673
leaf_weight=6.3461005091667166 35.038445770740509 35.677573576569557 40.862867079675198 53.36416432261467 6.4235782623291007 5.3613699227571514 21.302149951457977 87.963886968791485 7.9378376454114905 22.118101641535759 13.753303572535513 9.2167123258113843 36.990027025341988 30.318633228540421 42.504356279969215
leaf_count=19 134 151 147 190 23 26 84 327 37 77 48 31 147 119 144
internal_value=8.64989e-05 -0.000107568 0.000115446 0.000558364 3.87053e-05 -0.000545809 -0.00154423 0.000276239 0.000251914 0.000784444 0.00032164 -0.000759008 -0.000362366 0.00018139 0.00033158
internal_weight=455.179 322.967 241.083 132.212 234.737 67.5264 26.6635 167.21 97.1734 43.8092 35.8714 81.8843 46.2067 160.787 130.468
internal_count=1704 1218 889 486 870 257 110 613 352 162 125 329 178 590 471
is_linear=0
shrinkage=0.00278781


Tree=371
num_leaves=24
num_cat=0
split_feature=20 20 16 20 20 13 9 9 16 9 13 9 13 20 20 16 16 13 13 13 9 16 16
split_gain=3.10301 10.6398 6.70684 6.42613 10.2143 5.02973 4.86698 10.4545 6.64524 6.37851 3.7578 3.15461 2.74518 3.24631 2.36485 2.05434 2.76405 2.12734 2.59095 5.70679 2.04526 1.99061 1.94187
threshold=0.092415619838413912 -0.32048288124978802 0.3439896182440651 0.11629392630626693 0.47956423963928357 0.61490634720966009 -1.5822559785204351 -1.3020693284229601 -1.8381616299874666 0.88002250405821625 -0.4038481803236359 -0.34916715764121181 0.73996352983101021 -0.48573192854616987 -0.97505831060294212 1.449335573067619 1.0935683302893373 1.2802428881585668 -0.31029926857553269 -0.68961517080195278 -0.90879232048880942 0.3439896182440651 -0.70482724793501983
decision_type=2 2 2 2 2 2 2 2 2 2 2 2 2 2 2 2 2 2 2 2 2 2 2
left_child=1 2 5 11 21 10 -6 -8 -9 20 14 -2 -7 -14 -1 16 17 18 19 -4 -10 -5 -3
right_child=3 22 15 4 6 12 7 8 9 -11 -12 -13 13 -15 -16 -17 -18 -19 -20 -21 -22 -23 -24
leaf_value=0.00066520813270322019 8.9914992131088418e-05 0.00018679132435008887 -6.663425965987036e-05 0.0017813452957873097 0.0016783412123211798 -0.0016300082863347583 -0.0027743872032912021 -0.0024744684294736204 0.00093315042939491599 0.00073758772851514735 0.0010307906996559208 -0.0010433886895081712 0.0008704779052710938 -0.0011465278170351065 -7.1937285651697892e-05 -0.0013483584352242917 0.0010835978036387185 -0.0015999179327595597 0.00014541660138709544 -0.0020035488448523573 -0.00037088459527656766 0.00049272616250244821 0.0016192676901331999
leaf_weight=31.248420149087906 14.364332824945448 5.1357495039701488 19.20489789545536 14.798470944166185 5.3496656417846671 6.7904748916626003 5.8005891740322104 4.0609906017780295 4.7996786981821051 36.157067939639091 37.68510502576828 39.786180779337883 6.9318280816078195 5.4613084346055958 46.324672386050224 8.8157538622617704 4.916634887456893 5.3506771922111502 28.282041475176815 9.347805440425871 84.736368536949158 8.9655141532421094 24.264372497797012
leaf_count=112 51 21 68 53 16 28 28 22 15 123 130 160 23 21 172 35 15 22 97 39 329 32 92
internal_value=5.38336e-05 0.000217791 5.11087e-05 -0.000125946 8.01911e-05 0.000330965 -0.000135798 -0.000217024 -8.62359e-05 6.25083e-06 0.000496192 -0.000744956 -0.000640414 -3.60746e-05 0.000228829 -0.000442805 -0.000309652 -0.000432528 -0.000301942 -0.000737097 -0.000293006 0.00132361 0.00137755
internal_weight=458.579 239.76 210.36 218.819 164.668 134.442 140.904 135.555 129.754 125.693 115.258 54.1505 19.1836 12.3931 77.5731 75.9178 67.1021 62.1854 56.8347 28.5527 89.536 23.764 29.4001
internal_count=1704 875 762 829 618 486 533 517 489 467 414 211 72 44 284 276 241 226 204 107 344 85 113
is_linear=0
shrinkage=0.00209086


Tree=372
num_leaves=2
num_cat=0
split_feature=12
split_gain=3.09309
threshold=0.28748883168419687
decision_type=2
left_child=-1
right_child=-2
leaf_value=-0.0044764220433768532 0.013392239695342202
leaf_weight=304.44558269530535 122.20430422574282
leaf_count=1218 486
internal_value=0.000657201
internal_weight=426.65
internal_count=1704
is_linear=0
shrinkage=0.095145


Tree=373
num_leaves=18
num_cat=0
split_feature=13 13 17 0 13 0 0 13 13 13 13 10 10 17 0 10 10
split_gain=3.77285 4.07391 3.84251 4.16227 5.65265 4.16016 6.15905 3.42189 4.15409 6.70774 3.65724 3.52886 3.37074 2.98382 2.91907 2.2309 2.22522
threshold=0.61490634720966009 0.18735428736312462 -1.6844531834967795 -1.3576383436265611 1.4542584810274992 -1.3152420951152932 -0.91128016335257145 -0.44498648622977582 -0.4038481803236359 0.12463438508862672 -0.85158462163420368 -0.88812436710442799 0.78561029520945158 1.2394734163626244 -1.8062125896886265 0.98073252808176947 0.20205475821489985
decision_type=2 2 2 2 2 2 2 2 2 2 2 2 2 2 2 2 2
left_child=1 7 -2 14 5 -5 -7 10 11 -10 -1 -9 -11 15 -4 16 -3
right_child=2 13 3 4 -6 6 -8 8 9 12 -12 -13 -14 -15 -16 -17 -18
leaf_value=0.00028958798413118817 -0.0023677866521295003 0.0011044097883653617 0.00021051190970950838 -0.0012186532127838445 -0.0028290578754715072 0.0015942576094517171 -0.00026845095106113733 0.00069688629537343217 0.0011765928550864077 -0.00049702514722053167 0.0015246292606899249 -0.0010008072190639792 0.00085683206267090576 -0.00059129038061040112 0.0020630187913214934 -6.8573062705162347e-05 0.0028934549302887511
leaf_weight=102.18094532936811 4.5604498982429496 13.954806819558152 20.050605669617656 22.018686845898628 5.0239311456680289 12.966685280203817 77.828577265143394 9.3381110876798612 31.625060126185417 59.327462390065193 18.087892167270184 42.051216602325439 14.454284086823462 5.1140894740819922 7.0740604251623145 4.9851603507995597 7.5734463930129996
leaf_count=378 21 51 67 89 21 42 288 31 116 228 72 168 46 18 23 19 26
internal_value=9.81893e-05 0.000260487 -0.000236452 -0.000156763 -0.000366281 -0.000237343 9.26556e-06 0.00015907 -9.13937e-05 0.000201078 0.000484051 -0.00068535 -0.00022505 0.00112326 0.000737541 0.00146461 0.00181246
internal_weight=458.215 308.692 149.523 144.963 117.838 112.814 90.7953 277.065 156.796 105.407 120.269 51.3893 73.7817 31.6275 27.1247 26.5134 21.5283
internal_count=1704 1153 551 530 440 419 330 1039 589 390 450 199 274 114 90 96 77
is_linear=0
shrinkage=0.00257337


Tree=374
num_leaves=22
num_cat=0
split_feature=2 2 2 2 2 17 3 15 15 15 15 2 3 17 17 3 15 17 17 17 3
split_gain=3.93677 4.00331 11.644 9.11901 7.79806 5.01798 4.1599 3.45165 4.53554 7.68639 4.91253 6.54088 5.81199 3.4297 3.22161 3.10342 2.92953 2.24706 5.86846 2.13774 2.00441
threshold=-2.0895454277318604 -0.43797190448600692 -0.41179469819859527 0.086563618832801587 -0.89062248308965575 0.92504046582021371 0.29417338206432081 -0.63282380450336062 -1.1531935327587746 -1.5634092688864303 -1.1202900350009937 0.4827174671863097 0.46239967270460652 -1.7262352614522998 1.5964013800830805 1.0403343603006598 0.67211674409850264 -0.13036439411240175 -0.55817848852962559 0.56841804576655408 0.660275890347226
decision_type=2 2 2 2 2 2 2 2 2 2 2 2 2 2 2 2 2 2 2 2 2
left_child=-1 4 5 6 14 16 -4 8 9 15 -10 12 -12 -9 -2 -5 -3 18 -15 -6 -8
right_child=1 2 3 7 19 -7 20 13 10 -11 11 -13 -14 17 -16 -17 -18 -19 -20 -21 -22
leaf_value=-0.0017105631069527002 0.00016850792287139511 -0.0024851189544974942 0.0024608765744706493 -0.0014058277282906731 0.00096019390581442144 -0.00012587192817383825 -0.00096242278042456937 -0.0013373197742757494 -0.0022509817774568944 0.0025465252595853567 -0.0039446111447846849 0.00041008658214724257 -0.00014171700955184751 0.00017333318510343048 -0.0014644778194590662 0.00083394925804449588 -0.00093120679470381574 -0.00023315603747666878 0.0020514547362459837 0.0025203651700513559 0.0011444726300968359
leaf_weight=9.7428359240293485 77.324371345341206 21.861412435770035 14.604041978716852 11.92081686854363 18.284285187721256 18.609800487756729 4.7203750461339933 10.78520894050598 16.4737289249897 7.1451433449983588 5.2229676097631437 21.911768972873688 5.8048065453767776 93.755403831601143 9.1743099242448789 6.355781063437461 16.990294247865677 59.937447644770145 13.257210329174994 10.816028922796248 7.480929896235466
leaf_count=44 273 99 58 45 71 69 20 41 68 22 24 74 20 322 37 20 68 213 49 39 28
internal_value=-7.63592e-05 -3.81631e-05 -0.000187627 4.21992e-05 0.000395627 -0.00129031 0.00152131 -0.000119106 -0.000604372 0.000318901 -0.00107768 -0.000452657 -0.00207688 8.69731e-05 -1.65522e-05 -0.000621238 -0.00183632 0.000185115 0.00041948 0.00158909 0.000322144
internal_weight=462.179 452.436 336.837 279.376 115.599 57.4615 26.8053 252.57 74.835 25.4217 49.4133 32.9395 11.0278 177.735 86.4987 18.2766 38.8517 166.95 107.013 29.1003 12.2013
internal_count=1704 1660 1240 1004 420 236 106 898 273 87 186 118 44 625 310 65 167 584 371 110 48
is_linear=0
shrinkage=0.00271247


Tree=375
num_leaves=7
num_cat=0
split_feature=2 8 16 16 16 16
split_gain=2.22585 2.49937 2.2255 3.09325 2.16865 6.94692
threshold=-2.0895454277318604 -1.5006197890827797 0.3439896182440651 -0.15873613146916291 -0.28752228086561837 -0.70482724793501983
decision_type=2 2 2 2 2 2
left_child=-1 -2 3 4 5 -3
right_child=1 2 -4 -5 -6 -7
leaf_value=-0.047584494647223467 0.033406656088913113 -0.0012191156899965564 -0.0087057332074557906 0.039214191366009031 -0.013409776538862732 0.05799788077680855
leaf_weight=8.6056462451815587 22.75347413122654 113.25851355493069 173.74010694026947 24.812651723623276 61.283585697412491 23.368671111762524
leaf_count=44 79 440 684 113 239 105
internal_value=0.000591937 0.00167059 -0.000214717 0.00641608 0.00216388 0.00918659
internal_weight=427.823 419.217 396.464 222.723 197.911 136.627
internal_count=1704 1660 1581 897 784 545
is_linear=0
shrinkage=0.100361


Tree=376
num_leaves=3
num_cat=0
split_feature=6 6
split_gain=1.96372 4.83729
threshold=2.4706339562056718 1.6923952119014076
decision_type=2 2
left_child=1 -1
right_child=-2 -3
leaf_value=-0.00061977741101207221 -0.063950765474981769 0.062215441795360663
leaf_weight=410.20902596414089 3.8483646735548964 11.880303412675856
leaf_count=1645 18 41
internal_value=0.000554025 0.00126407
internal_weight=425.938 422.089
internal_count=1704 1686
is_linear=0
shrinkage=0.100361


end of trees

feature_importances:
Column_17=533
Column_9=464
Column_18=455
Column_12=449
Column_13=432
Column_3=403
Column_15=383
Column_20=342
Column_16=339
Column_1=305
Column_2=301
Column_6=262
Column_14=254
Column_8=251
Column_19=242
Column_4=200
Column_0=125
Column_7=117
Column_5=107
Column_10=82
Column_11=51

parameters:
[boosting: dart]
[objective: binary]
[metric: binary_logloss]
[tree_learner: serial]
[device_type: cpu]
[data_sample_strategy: bagging]
[data: ]
[valid: ]
[num_iterations: 406]
[learning_rate: 0.100361]
[num_leaves: 49]
[num_threads: 12]
[seed: 42]
[deterministic: 0]
[force_col_wise: 0]
[force_row_wise: 0]
[histogram_pool_size: -1]
[max_depth: 9]
[min_data_in_leaf: 15]
[min_sum_hessian_in_leaf: 0.001]
[bagging_fraction: 0.801341]
[pos_bagging_fraction: 1]
[neg_bagging_fraction: 1]
[bagging_freq: 0]
[bagging_seed: 400]
[bagging_by_query: 0]
[feature_fraction: 0.303885]
[feature_fraction_bynode: 1]
[feature_fraction_seed: 30056]
[extra_trees: 0]
[extra_seed: 12879]
[early_stopping_round: 0]
[early_stopping_min_delta: 0]
[first_metric_only: 0]
[max_delta_step: 0]
[lambda_l1: 1.53127e-06]
[lambda_l2: 0.772538]
[linear_lambda: 0]
[min_gain_to_split: 1.90835]
[drop_rate: 0.1]
[max_drop: 50]
[skip_drop: 0.5]
[xgboost_dart_mode: 0]
[uniform_drop: 0]
[drop_seed: 17869]
[top_rate: 0.2]
[other_rate: 0.1]
[min_data_per_group: 100]
[max_cat_threshold: 32]
[cat_l2: 10]
[cat_smooth: 10]
[max_cat_to_onehot: 4]
[top_k: 20]
[monotone_constraints: ]
[monotone_constraints_method: basic]
[monotone_penalty: 0]
[feature_contri: ]
[forcedsplits_filename: ]
[refit_decay_rate: 0.9]
[cegb_tradeoff: 1]
[cegb_penalty_split: 0]
[cegb_penalty_feature_lazy: ]
[cegb_penalty_feature_coupled: ]
[path_smooth: 0.132408]
[interaction_constraints: ]
[verbosity: -1]
[saved_feature_importance_type: 0]
[use_quantized_grad: 0]
[num_grad_quant_bins: 4]
[quant_train_renew_leaf: 0]
[stochastic_rounding: 1]
[linear_tree: 0]
[max_bin: 255]
[max_bin_by_feature: ]
[min_data_in_bin: 3]
[bin_construct_sample_cnt: 200000]
[data_random_seed: 175]
[is_enable_sparse: 1]
[enable_bundle: 1]
[use_missing: 1]
[zero_as_missing: 0]
[feature_pre_filter: 1]
[pre_partition: 0]
[two_round: 0]
[header: 0]
[label_column: ]
[weight_column: ]
[group_column: ]
[ignore_column: ]
[categorical_feature: ]
[forcedbins_filename: ]
[precise_float_parser: 0]
[parser_config_file: ]
[objective_seed: 16083]
[num_class: 1]
[is_unbalance: 0]
[scale_pos_weight: 1.93889]
[sigmoid: 1]
[boost_from_average: 1]
[reg_sqrt: 0]
[alpha: 0.9]
[fair_c: 1]
[poisson_max_delta_step: 0.7]
[tweedie_variance_power: 1.5]
[lambdarank_truncation_level: 30]
[lambdarank_norm: 1]
[label_gain: ]
[lambdarank_position_bias_regularization: 0]
[eval_at: ]
[multi_error_top_k: 1]
[auc_mu_weights: ]
[num_machines: 1]
[local_listen_port: 12400]
[time_out: 120]
[machine_list_filename: ]
[machines: ]
[gpu_platform_id: -1]
[gpu_device_id: -1]
[gpu_use_dp: 0]
[num_gpu: 1]

end of parameters

pandas_categorical:null
