tree
version=v4
num_class=1
num_tree_per_iteration=1
label_index=0
max_feature_idx=4
objective=binary sigmoid:1
feature_names=Column_0 Column_1 Column_2 Column_3 Column_4
feature_infos=[-2.8295002904604103:4.4870680380596326] [-1.1793554144884442:4.7694539758274717] [-1.4675475413229815:5.204496202246184] [-1.2839088340902955:4.6987289187701133] [-2.1044759690405224:4.8378997522894727]
tree_sizes=2726 3318 3406 3311 3405 3203 3308 3100 3189 3308 2670 3315 3094 3320 2894 3099 2789 3946 3834 3320 3091 3101 3203 3319 2893 3207 2989 2986 3106 2891 3208 3315 3735 3422 3628 2794 2994 2899 3514 3002 3839 3000 3105 3008 3001 3106 3404 3845 3010 3007 3007 3425 2890 3736 3095 2903 3220 3110 3006 3119 3426 3845 3214 3532 3311 3745 3001 2906 3427 3521 2681 3639 3525 3528 3217 3315 3215 2798 2593 3219 3332 2901 2797 3532 2798 3331 2901 3531 3636 2792 2584 3020 3639 3541 3016 2801 2807 2791 2280 3225 2805 3217 2914 3657 2483 3120 2379 3753 3742 3226 3111 3005 3855 3009 2905 2798 3118 3117 2479 2802 3333 2599 2265 3225 3109 3750 2374 2486 2489 2481 2277 2270 2922 3014 2712 2593 2902 2276 2381 2380 2591 3127 2266 3116 3445 2372 2592 2479 3118 2173 2484 2178 2170 2373 2271 2163 1728 2285 1729 2703 2266 2810 1734 2380 2169 2165 2386 2490 1415 2799 2909 1206 1839 1961 1000 1846 2071 2589 2598 1425 2600 2277 1212 2172 1414 895 1738 795 2172 2160 2061 1639

Tree=0
num_leaves=25
num_cat=0
split_feature=2 2 2 2 2 2 2 2 2 4 4 4 3 3 4 3 4 4 4 4 2 4 4 4
split_gain=35.7892 115.811 135.948 94.8642 66.6019 59.5094 40.2103 49.769 40.9494 13.7406 11.4307 15.62 11.068 10.8164 11.6672 8.73113 6.91757 5.48676 5.02532 3.43997 2.74102 2.49948 2.34029 1.63923
threshold=-0.69972874731304169 1.0000000180025095e-35 0.031977609934829745 0.72059368467215046 -0.74937431280164934 -1.2536974192686836 0.81499198357074809 1.3729082814080018 1.5120648737530427 0.10261202914880686 -0.12388201523749372 -1.0097167494323618 0.96968499839693922 -0.45773049097128432 1.0270923166762205 -0.1351705938880626 -0.12388201523749372 -0.67355127501412004 0.10261202914880686 -0.046575955756256171 -0.38201714431718403 -0.12388201523749372 -0.91129731355121979 -1.1387745055992011
decision_type=2 2 2 2 2 2 2 2 2 2 2 2 2 2 2 2 2 2 2 2 2 2 2 2
left_child=4 18 16 19 5 12 9 -8 21 10 11 23 13 -1 -15 -11 -3 -6 -2 -4 -20 -9 -10 -5
right_child=1 2 3 6 17 -7 7 8 22 15 -12 -13 -14 14 -16 -17 -18 -19 20 -21 -22 -23 -24 -25
leaf_value=-0.40289894573242807 -0.37162351976033237 -0.4052942286995399 -0.37165865881230348 -0.40685188048044091 -0.40027282165616551 -0.37707137489706694 -0.37290367286898835 -0.41210660241510627 -0.38919360135223025 -0.40117537320299995 -0.41757000714658549 -0.39307504446157693 -0.41300390274936027 -0.38355792035499531 -0.40236073542837675 -0.38463896975775208 -0.41387724916685975 -0.40981472854808237 -0.37419219515599017 -0.37857547405943298 -0.38301427292527129 -0.40379819946796719 -0.38120020110031144 -0.41485485519701415
leaf_weight=29.688779324293137 44.383363664150238 31.343383312225342 39.590954691171646 9.7819451689720136 15.002999454736708 40.156749963760376 29.474594503641129 14.848654061555864 13.159797042608259 14.497181445360185 14.05134069919586 18.809496641159061 9.9705435931682569 18.217977136373523 10.553534299135206 11.719515711069105 51.773093074560165 69.759552121162415 12.834048658609392 26.81688329577446 18.723795145750046 14.711504101753233 19.25533738732338 11.170778036117552
leaf_count=96 93 104 83 33 47 92 63 53 36 46 53 54 36 46 34 30 188 243 28 63 47 48 47 41
internal_value=-0.393375 -0.390886 -0.394692 -0.389128 -0.398483 -0.390994 -0.394815 -0.388279 -0.395623 -0.402305 -0.4065 -0.402562 -0.399179 -0.396806 -0.390524 -0.3938 -0.410599 -0.408087 -0.37485 -0.374479 -0.37932 -0.407887 -0.38449 -0.411057
internal_weight=590.296 396.946 321.004 237.888 193.35 108.588 171.48 91.4499 61.9753 80.0303 53.8136 39.7622 68.4308 58.4603 28.7715 26.2167 83.1165 84.7626 75.9412 66.4078 31.5578 29.5602 32.4151 20.9527
internal_count=1704 1110 942 650 594 304 504 247 184 257 181 128 212 176 80 76 292 290 168 146 75 101 83 74
is_linear=0
shrinkage=1


Tree=1
num_leaves=30
num_cat=0
split_feature=2 2 2 2 2 2 2 2 2 0 3 3 0 0 0 0 0 0 0 3 0 0 0 0 2 0 0 0 2
split_gain=34.5579 111.338 131.559 91.1574 64.4834 57.2958 38.8465 47.8221 39.5779 24.2716 10.7466 10.4583 13.8452 8.58064 7.73273 5.51132 5.02392 3.26657 4.43561 2.95367 2.81206 2.41909 2.20927 2.17599 2.06142 1.93131 1.52558 1.52063 1.49198
threshold=-0.69972874731304169 1.0000000180025095e-35 0.031977609934829745 0.72059368467215046 -0.74937431280164934 -1.2536974192686836 0.81499198357074809 1.3729082814080018 1.5120648737530427 -0.89842377837745824 0.96968499839693922 -0.45773049097128432 -0.20598741005048568 1.4564283712933748 -0.27665448525149644 -0.51025422056031999 -0.51025422056031999 0.66851444456337983 0.53564922200162013 -0.66989875623872586 -0.51025422056031999 -0.36293145898140472 1.4564283712933748 0.47958235890017104 2.3318088481973098 0.32358946385195947 -0.89842377837745824 -0.51025422056031999 -0.38201714431718403
decision_type=2 2 2 2 2 2 2 2 2 2 2 2 2 2 2 2 2 2 2 2 2 2 2 2 2 2 2 2 2
left_child=4 19 15 21 5 10 9 -8 20 -5 11 22 -13 27 16 26 -11 18 -16 -2 -9 -4 -1 28 -10 -17 -3 -6 -21
right_child=1 2 3 6 13 -7 7 8 24 14 -12 12 -14 -15 17 25 -18 -19 -20 23 -22 -23 -24 -25 -26 -27 -28 -29 -30
leaf_value=0.0044141766924602286 0.022808735979570779 -0.016816294552344364 0.02518232676349353 0.016904995987223372 -0.010575996765402591 0.026877786579611939 0.030939820151021407 -0.0093588856887381472 0.016862300148152824 -0.0020009584749959681 -0.0084127217555998706 0.00030996059279404727 0.021000871323525447 0.0057680497269383913 0.0036278968484512774 -0.0060230541661486468 -0.01445186976622426 0.0086597379188974328 -0.0090982685999547973 0.033077741308034501 -0.00015835694778957649 0.031372565764456906 -0.0037023572680064186 0.035263225845132189 0.024519291771798121 -0.00081283647125085544 -0.0091462474786268965 -0.0048463646226030903 0.026985649158467396
leaf_weight=19.192763507366184 13.575348347425459 8.6779279410839081 20.911088973283768 17.698140010237694 11.398623779416083 40.369723200798035 29.653809785842896 10.44637341797352 20.727037757635117 13.711895689368248 9.9534413516521436 10.061998695135118 18.788292273879051 16.253807872533798 16.459066987037659 33.836390674114227 12.820535659790039 11.109761670231817 8.2628762423992175 13.204620152711867 19.093042269349098 45.881261169910431 10.505408257246016 15.778694748878477 11.81472887098789 26.179214924573898 14.319887459278107 57.048086076974869 33.816206812858582
leaf_count=60 33 34 49 47 42 92 63 38 55 46 36 33 47 50 52 119 49 33 30 27 63 97 36 31 28 87 52 198 77
internal_value=0.0109283 0.013369 0.00963529 0.0150921 0.00591025 0.0132627 0.0095147 0.0159245 0.00872105 0.00214941 0.00522517 0.00755755 0.0137235 -0.00355025 -0.00210905 -0.00603102 -0.00800017 0.00224319 -0.000645639 0.0290423 -0.00335382 0.0294028 0.00156404 0.030441 0.0196313 -0.00375901 -0.0120476 -0.00581377 0.0287651
internal_weight=591.55 397.978 321.603 238.59 193.572 108.872 171.797 91.735 62.0812 80.0623 68.5019 58.5485 28.8503 84.7005 62.3641 83.0134 26.5324 35.8317 24.7219 76.3749 29.5394 66.7924 29.6982 62.7995 32.5418 60.0156 22.9978 68.4467 47.0208
internal_count=1704 1110 942 650 594 304 504 247 184 257 212 176 80 290 210 292 95 115 82 168 101 146 96 135 83 206 86 240 104
is_linear=0
shrinkage=0.0144862


Tree=2
num_leaves=31
num_cat=0
split_feature=4 4 4 4 3 3 3 3 4 4 4 4 4 3 3 4 4 3 1 1 1 3 4 4 1 1 3 4 1 1
split_gain=33.0866 93.7011 92.5984 65.6589 24.46 27.2211 30.1328 21.4192 16.599 83.3904 29.105 30.7576 24.9446 13.4824 9.32595 6.57741 5.59127 5.58811 5.53252 4.62876 4.54122 3.82111 3.44266 3.06974 3.00073 5.43185 4.19956 1.5238 1.30265 1.27726
threshold=-0.12388201523749372 -0.57804390007765316 -0.10117990212194466 0.26543698238015412 -0.39637255817794798 -0.52401811727297753 -1.1079474925031649 0.26160392451939263 -0.67355127501412004 -1.0904357891992069 -1.1387745055992011 -1.5882449443731639 -1.6509421024785467 0.3295906199428984 0.96968499839693922 0.81204465305063289 0.81204465305063289 0.96968499839693922 0.43977337224892188 -0.5252078045793408 -0.36979102111976109 0.26160392451939263 0.43558507731961271 0.10261202914880686 -0.36979102111976109 -0.17917218323731168 0.26160392451939263 1.2768978014360701 -0.36979102111976109 -0.40607023418783555
decision_type=2 2 2 2 2 2 2 2 2 2 2 2 2 2 2 2 2 2 2 2 2 2 2 2 2 2 2 2 2 2
left_child=1 8 18 23 5 6 20 19 9 10 11 12 -1 16 -15 -7 -9 -12 28 -6 27 -20 -22 -4 -10 -26 -27 -5 -2 -3
right_child=2 29 3 4 7 15 -8 13 24 -11 17 -13 -14 14 -16 -17 -18 -19 21 -21 22 -23 -24 -25 25 26 -28 -29 -30 -31
leaf_value=0.01991472591622441 -0.00074600754965390434 0.028181163910711599 0.031257634858712115 0.011990720405529781 0.029845525499463076 0.0013387867662254375 0.023215766137026386 0.008237846750551862 0.0095070673905528289 0.030829699225637115 0.00047297096274605494 0.027290559940311397 -0.0062083128107852789 0.022803111940811707 0.0083694339352118046 -0.0097752530582759702 -0.0042089412375290423 -0.010697424523527276 -0.0070650470713952999 0.018488027711068351 -0.0061362351119623251 -0.017548121654235659 0.0034603930299472842 0.023447062311414694 -0.0028072153898310104 0.011476721183466406 0.0019042434526118715 0.0040894627448706724 -0.0061541220427725205 0.033293955733357243
leaf_weight=12.289369061589243 15.65682592988014 19.038527876138687 23.41517473757267 11.697728842496874 13.957597777247431 19.124315485358238 22.228151544928551 14.070973947644235 21.583946496248245 39.465523406863213 27.218841046094894 19.284042507410049 18.788012340664864 16.661626175045967 20.559014081954956 25.712665736675262 15.377333879470823 13.819812789559363 14.341319158673288 16.317044749855995 11.943449839949606 14.441253527998922 20.917639851570129 20.952991038560867 20.056329235434532 17.869024142622948 19.899385586380959 8.627863794565199 22.153761550784111 35.213176369667053
leaf_count=31 52 42 49 33 30 62 53 42 63 83 89 43 66 40 61 94 53 51 51 42 42 57 66 50 68 51 64 27 78 71
internal_value=0.0107494 0.0145591 0.0076757 0.011553 0.00827393 0.00390963 0.0091999 0.0136716 0.0101816 0.0133419 0.00575793 0.0130825 0.00423847 0.00909487 0.0148342 -0.00499203 0.00179957 -0.00326879 -0.00752352 0.0237085 0.00330625 -0.0123233 -2.78063e-05 0.0275268 0.00495962 0.00322354 0.00643335 0.00860174 -0.0039328 0.0314561
internal_weight=592.683 264.526 328.157 261.564 217.195 120.252 75.4148 96.9436 210.274 130.866 91.4001 50.3614 31.0774 66.6689 37.2206 44.837 29.4483 41.0387 66.5932 30.2746 53.1867 28.7826 32.8611 44.3682 79.4087 57.8247 37.7684 20.3256 37.8106 54.2517
internal_count=1704 722 982 744 645 377 221 268 609 363 280 140 97 196 101 156 95 140 238 72 168 108 108 99 246 183 115 60 130 113
is_linear=0
shrinkage=0.0144862


Tree=3
num_leaves=30
num_cat=0
split_feature=2 2 2 2 2 2 2 2 2 0 3 3 0 0 0 0 0 0 0 3 0 0 0 0 2 0 0 0 2
split_gain=32.6729 104.012 124.559 84.9112 60.5033 53.9289 36.5346 44.5841 37.4844 23.1848 10.34 9.72832 13.2484 8.28331 7.46895 5.30917 4.86267 3.16152 4.30494 2.74723 2.73487 2.25346 2.20853 2.06152 1.96032 1.85595 1.49075 1.48592 1.45806
threshold=-0.69972874731304169 1.0000000180025095e-35 0.031977609934829745 0.72059368467215046 -0.74937431280164934 -1.2536974192686836 0.81499198357074809 1.3729082814080018 1.5120648737530427 -0.89842377837745824 0.96968499839693922 -0.45773049097128432 -0.20598741005048568 1.4564283712933748 -0.27665448525149644 -0.51025422056031999 -0.51025422056031999 0.66851444456337983 0.53564922200162013 -0.66989875623872586 -0.51025422056031999 -0.36293145898140472 1.4564283712933748 0.47958235890017104 2.3318088481973098 0.32358946385195947 -0.51025422056031999 -0.89842377837745824 -0.38201714431718403
decision_type=2 2 2 2 2 2 2 2 2 2 2 2 2 2 2 2 2 2 2 2 2 2 2 2 2 2 2 2 2
left_child=4 19 15 21 5 10 9 -8 20 -5 11 22 -13 26 16 27 -11 18 -16 -2 -9 -4 -1 28 -10 -17 -6 -3 -21
right_child=1 2 3 6 13 -7 7 8 24 14 -12 12 -14 -15 17 25 -18 -19 -20 23 -22 -23 -24 -25 -26 -27 -28 -29 -30
leaf_value=0.0043368470011277572 0.022022084159331955 -0.016573203629745514 0.024292669014368558 0.016463032810270582 -0.010429930086355505 0.025929828908152101 0.029835501298421128 -0.009239230026511492 0.01633347594945711 -0.0019905103017558851 -0.0083926135511028892 9.3587047918499284e-05 0.020277664689637244 0.0056664224789176598 0.003542871683566351 -0.0059305527810281705 -0.014252269033620205 0.008486494837124681 -0.0089990538662207565 0.031961526142847363 -0.00016267287288680379 0.030241289022763528 -0.0037742824498312065 0.034019432574958895 0.023774068788192531 -0.00082141576794724825 -0.0047506724884668859 -0.0089892872731188334 0.025987838672093467
leaf_weight=19.211463853716854 13.677082374691961 8.6371870487928391 21.084198698401451 17.782168045639992 11.370502918958662 40.72132134437561 29.940749451518059 10.426229014992716 20.840592980384827 13.708624705672264 9.9488364607095701 10.091612473130228 18.924039527773857 16.275028601288795 16.476779416203499 33.787292778491974 12.774257585406303 11.133246079087256 8.249010384082796 13.331384748220442 19.094218894839287 46.332262426614761 10.515976786613463 15.943238615989683 11.899645388126372 26.182233437895775 56.965094298124313 14.282780960202217 34.123767033219337
leaf_count=60 33 34 49 47 42 92 63 38 55 46 36 33 47 50 52 119 49 33 30 27 63 97 36 31 28 87 198 52 77
internal_value=0.0105753 0.0129417 0.00933005 0.0146145 0.00570012 0.0127923 0.00922788 0.0154212 0.00846018 0.0020808 0.00499088 0.00727153 0.0131947 -0.00348061 -0.00208999 -0.00593753 -0.0078884 0.00218249 -0.000661174 0.0280131 -0.00331333 0.0283508 0.001487 0.0293548 0.019027 -0.00370848 -0.00570879 -0.011854 0.0277322
internal_weight=593.731 399.707 322.631 239.742 194.024 109.413 172.326 92.2014 62.2607 80.1241 68.6919 58.7431 29.0157 84.6106 62.3419 82.8895 26.4829 35.859 24.7258 77.0755 29.5204 67.4165 29.7274 63.3984 32.7402 59.9695 68.3356 22.92 47.4552
internal_count=1704 1110 942 650 594 304 504 247 184 257 212 176 80 290 210 292 95 115 82 168 101 146 96 135 83 206 240 86 104
is_linear=0
shrinkage=0.0144862


Tree=4
num_leaves=31
num_cat=0
split_feature=4 4 4 4 3 3 3 3 4 4 4 4 4 3 3 4 4 3 1 1 1 3 4 4 1 1 3 4 1 1
split_gain=31.1694 87.7948 87.6967 61.4528 23.1554 25.6264 28.146 19.9835 15.4208 78.2087 27.3727 28.8241 23.8423 12.4959 8.64624 6.35602 5.41015 5.36561 5.34305 4.41283 4.27214 3.728 3.3027 2.91616 2.80089 5.21737 3.99308 1.42936 1.26497 1.21845
threshold=-0.12388201523749372 -0.10117990212194466 -0.57804390007765316 0.26543698238015412 -0.39637255817794798 -0.52401811727297753 -1.1079474925031649 0.26160392451939263 -0.67355127501412004 -1.0904357891992069 -1.1387745055992011 -1.5882449443731639 -1.6509421024785467 0.3295906199428984 0.96968499839693922 0.81204465305063289 0.81204465305063289 0.96968499839693922 0.43977337224892188 -0.5252078045793408 -0.36979102111976109 0.26160392451939263 0.43558507731961271 0.10261202914880686 -0.36979102111976109 -0.17917218323731168 0.26160392451939263 1.2768978014360701 -0.36979102111976109 -0.40607023418783555
decision_type=2 2 2 2 2 2 2 2 2 2 2 2 2 2 2 2 2 2 2 2 2 2 2 2 2 2 2 2 2 2
left_child=2 18 8 23 5 6 20 19 9 10 11 12 -1 16 -15 -7 -9 -12 28 -6 27 -20 -22 -3 -10 -26 -27 -5 -2 -4
right_child=1 3 29 4 7 15 -8 13 24 -11 17 -13 -14 14 -16 -17 -18 -19 21 -21 22 -23 -24 -25 25 26 -28 -29 -30 -31
leaf_value=0.019315235015443587 -0.00073060766246651045 0.030184811192021217 0.02717895276518361 0.011572729130805294 0.028861849283128956 0.0013314342205947253 0.022366989182490471 0.0081193728602065411 0.0092089888588965871 0.029735949968395136 0.00043393564366686393 0.026295517621795241 -0.0061856424942149839 0.021965495338996593 0.0081046826079590514 -0.00960126337138862 -0.0041240977063200009 -0.010520291974567275 -0.0069303769646701738 0.017817551731287594 -0.0060510466126467294 -0.017302825544349292 0.0033505768105932293 0.022607686910604427 -0.0027686830078187071 0.011194352766051156 0.0018679176068770128 0.0039312343485584872 -0.0060620300636861149 0.032140481567438699
leaf_weight=12.362066835165026 15.652818217873572 23.623225718736649 19.199767231941223 11.749048858880998 14.075427561998369 19.124478787183762 22.400416880846024 14.089846715331079 21.652808725833893 39.821306481957436 27.231763184070587 19.44856096804142 18.779574796557426 16.788408026099205 20.615980491042137 25.636732026934624 15.355269491672514 13.777444660663603 14.310010984539987 16.42195962369442 11.926268100738524 14.37069323658943 20.943660318851471 21.111276760697365 20.043693020939827 17.92281337082386 19.904507577419281 8.6429493427276594 22.120369240641594 35.540987357497215
leaf_count=31 52 49 42 33 30 62 53 42 63 83 89 43 66 40 61 94 53 51 51 42 42 57 66 50 68 51 64 27 78 71
internal_value=0.0104062 0.00742485 0.0140941 0.0111849 0.0080095 0.00376306 0.00887962 0.0132471 0.00985623 0.0128932 0.00553926 0.0126164 0.00404661 0.00882544 0.0143294 -0.00488917 0.0017937 -0.00322769 -0.00739861 0.0228997 0.00317546 -0.0121263 -6.11221e-05 0.026568 0.00482387 0.00314576 0.00628695 0.00829997 -0.00387055 0.0303581
internal_weight=594.644 328.959 265.685 262.505 217.77 120.424 75.6623 97.3469 210.945 131.421 91.5994 50.5902 31.1416 66.8495 37.4044 44.7612 29.4451 41.0092 66.4539 30.4974 53.2619 28.6807 32.8699 44.7345 79.5238 57.871 37.8273 20.392 37.7732 54.7408
internal_count=1704 982 722 744 645 377 221 268 609 363 280 140 97 196 101 156 95 140 238 72 168 108 108 99 246 183 115 60 130 113
is_linear=0
shrinkage=0.0144862


Tree=5
num_leaves=29
num_cat=0
split_feature=2 2 2 2 2 2 2 2 2 0 0 1 1 0 1 0 1 0 0 0 0 0 2 2 0 0 0 0
split_gain=30.9483 97.4501 118.067 79.3395 56.8199 50.8884 34.4107 41.7032 35.541 22.1592 7.99737 7.60575 9.38436 7.21577 5.41373 5.116 4.0599 3.06059 4.1788 2.70107 2.66017 2.05922 2.04348 1.86943 1.78395 1.72603 1.46157 1.44818
threshold=-0.69972874731304169 1.0000000180025095e-35 0.031977609934829745 0.72059368467215046 -0.74937431280164934 -1.2536974192686836 0.81499198357074809 1.3729082814080018 1.5120648737530427 -0.89842377837745824 1.4564283712933748 0.8893118293275043 -0.36979102111976109 -0.27665448525149644 0.43977337224892188 -0.51025422056031999 -0.23380133559262892 0.66851444456337983 0.53564922200162013 0.20113937630584797 -0.51025422056031999 0.53564922200162013 -0.44487891645451161 2.3318088481973098 0.32358946385195947 0.50571348268548044 -0.51025422056031999 -0.89842377837745824
decision_type=2 2 2 2 2 2 2 2 2 2 2 2 2 2 2 2 2 2 2 2 2 2 2 2 2 2 2 2
left_child=4 22 15 16 5 11 9 -8 20 -5 26 12 -1 14 -11 27 19 18 -15 -4 -9 -14 -2 -10 -17 -24 -6 -3
right_child=1 2 3 6 10 -7 7 8 23 13 -12 -13 21 17 -16 24 -18 -19 -20 -21 -22 -23 25 -25 -26 -27 -28 -29
leaf_value=0.0084978707014375602 0.031102650230583718 -0.016337068071758339 0.018233228633333983 0.01603905474402197 -0.010286468059792855 0.025052757874988667 0.028822327449906347 -0.009124051565322434 0.015833121317508456 -0.0014312369399002095 0.0055677081627397169 0.01336618595040711 0.00033476442854256188 0.0034612195976338861 -0.014372063686462521 -0.0058395101374378927 0.03044584545964547 0.0083192322062425033 -0.0089006022654328325 0.027296769367813872 -0.00016657188570818725 -0.0074149116122561093 0.024018962284133069 0.023076759155050648 -0.00082880413203997047 0.030076215738826659 -0.0046567845471016285 -0.0088354956373028447
leaf_weight=24.876715883612633 20.928633704781532 8.5949397087097168 13.259004920721056 17.857157245278358 11.341771975159643 41.014987617731094 30.174779891967773 10.405477657914163 20.939924702048302 13.432824432849886 16.295019209384918 16.00281086564064 13.543336197733881 16.492567956447601 12.997704431414602 33.737111359834671 39.731687977910042 11.154941558837889 8.2347330451011675 14.937926426529883 19.094579383730888 14.432004436850546 42.527839347720146 11.97252620756626 26.184163600206375 14.195125445723532 56.880661651492119 14.24486893415451
leaf_count=73 42 34 33 47 42 92 63 38 55 45 50 44 44 52 50 119 81 33 30 32 63 51 97 28 87 29 198 52
internal_value=0.0102412 0.0125391 0.00904072 0.0141651 0.00549968 0.0123482 0.00895519 0.0149478 0.00821117 0.00201565 -0.0034122 0.00476734 0.00209573 -0.00207048 -0.0077785 -0.00584458 0.0273833 0.00212448 -0.000675125 0.0231271 -0.00327282 -0.00362685 0.0270665 0.0184576 -0.00365837 0.025589 -0.00560573 -0.0116654
internal_weight=595.486 401.099 323.447 240.686 194.387 109.87 172.757 92.5873 62.4125 80.1699 84.5175 68.8549 52.8521 62.3128 26.4305 82.7611 67.9286 35.8822 24.7273 28.1969 29.5001 27.9753 77.6516 32.9125 59.9213 56.723 68.2224 22.8398
internal_count=1704 1110 942 650 594 304 504 247 184 257 290 212 168 210 95 292 146 115 82 65 101 95 168 83 206 126 240 86
is_linear=0
shrinkage=0.0144862


Tree=6
num_leaves=30
num_cat=0
split_feature=4 4 4 4 3 3 3 3 4 4 4 4 4 3 3 4 4 3 1 1 1 3 4 4 1 1 3 4 1
split_gain=29.4287 83.3728 82.4346 57.7131 21.9735 24.0902 26.3516 18.7677 14.3734 73.5998 25.7842 27.0868 22.8013 11.5421 8.05114 6.15388 5.26106 5.16169 5.14665 4.25138 3.99546 3.63229 3.16379 2.79985 2.61281 5.02369 3.79147 1.33868 1.21817
threshold=-0.12388201523749372 -0.10117990212194466 -0.57804390007765316 0.26543698238015412 -0.39637255817794798 -0.52401811727297753 -1.1079474925031649 0.26160392451939263 -0.67355127501412004 -1.0904357891992069 -1.1387745055992011 -1.5882449443731639 -1.6509421024785467 0.3295906199428984 0.96968499839693922 0.81204465305063289 0.81204465305063289 0.96968499839693922 0.43977337224892188 -0.5252078045793408 -0.36979102111976109 0.26160392451939263 0.43558507731961271 0.10261202914880686 -0.36979102111976109 -0.17917218323731168 0.26160392451939263 1.2768978014360701 -0.36979102111976109
decision_type=2 2 2 2 2 2 2 2 2 2 2 2 2 2 2 2 2 2 2 2 2 2 2 2 2 2 2 2 2
left_child=2 18 8 23 5 6 20 19 9 10 11 12 -1 16 -15 -7 -9 -12 28 -6 27 -20 -22 -3 -10 -26 -27 -5 -2
right_child=1 3 -4 4 7 15 -8 13 24 -11 17 -13 -14 14 -16 -17 -18 -19 21 -21 22 -23 -24 -25 25 26 -28 -29 -30
leaf_value=0.018741794605313892 -0.00073978670532119086 0.029217737413388921 0.029362601725807447 0.01114490974700697 0.027998442270936456 0.001334942120400823 0.021565822428541541 0.0080310917477316845 0.0089169701637644202 0.028739271982947553 0.00039700601270546514 0.025380372260967038 -0.0061608020802221128 0.021173326755195437 0.0078292970421179053 -0.009429996304826934 -0.0040439100160042625 -0.010356888754182008 -0.0068022712931471311 0.017195366710543444 -0.0059587113628028635 -0.017059191186892822 0.0032437833029112235 0.021823913573880555 -0.0027393812914720569 0.010918463544775991 0.001837091129201136 0.0037603258829241471 -0.0059732933701573355
leaf_weight=12.425453111529352 15.654340490698813 23.788456529378891 55.12903568148613 11.797932997345926 14.168118834495546 19.120701313018799 22.545000821352005 14.103950068354608 21.716257348656654 40.105002641677856 27.242933422327042 19.581859365105629 18.769155278801918 16.896037355065346 20.672059267759323 25.559088692069054 15.333874613046644 13.736290410161017 14.278997108340265 16.510738402605057 11.907041057944296 14.296285420656202 20.966594532132149 21.243834346532822 20.03355385363102 17.971950933337212 19.906769335269928 8.6583262681961042 22.087834358215332
leaf_count=31 52 49 113 33 30 62 53 42 63 83 89 43 66 40 61 94 53 51 51 42 42 57 66 50 68 51 64 27 78
internal_value=0.010081 0.00718568 0.013657 0.0108373 0.00775757 0.00362049 0.00856715 0.0128483 0.00954621 0.0124715 0.0053302 0.0121779 0.00386448 0.00856291 0.0138342 -0.00478321 0.0017968 -0.00318995 -0.00728169 0.0221698 0.00304134 -0.0119327 -9.13351e-05 0.0256906 0.00468906 0.00306742 0.00614589 0.00798642 -0.00382013
internal_weight=596.207 329.589 266.618 263.272 218.239 120.555 75.8749 97.6848 211.489 131.861 91.7557 50.7765 31.1946 67.0059 37.5681 44.6798 29.4378 40.9792 66.3175 30.6789 53.3299 28.5753 32.8736 45.0323 79.6285 57.9123 37.8787 20.4563 37.7422
internal_count=1704 982 722 744 645 377 221 268 609 363 280 140 97 196 101 156 95 140 238 72 168 108 108 99 246 183 115 60 130
is_linear=0
shrinkage=0.0144862


Tree=7
num_leaves=28
num_cat=0
split_feature=2 2 2 2 2 2 2 2 2 0 0 1 1 0 1 0 1 0 0 0 0 0 0 2 2 0 0
split_gain=29.3664 91.5513 112.029 74.3382 53.4032 48.1259 32.4557 39.1376 33.734 21.1926 7.72245 7.35774 8.93246 6.971 5.25393 4.9502 3.91247 2.96414 4.05605 2.72409 2.58993 2.58722 1.98387 1.98176 1.78394 1.65744 1.43304
threshold=-0.69972874731304169 1.0000000180025095e-35 0.031977609934829745 0.72059368467215046 -0.74937431280164934 -1.2536974192686836 0.81499198357074809 1.3729082814080018 1.5120648737530427 -0.89842377837745824 1.4564283712933748 0.8893118293275043 -0.36979102111976109 -0.27665448525149644 0.43977337224892188 -0.89842377837745824 -0.23380133559262892 0.66851444456337983 0.53564922200162013 0.32358946385195947 0.20113937630584797 -0.51025422056031999 0.53564922200162013 -0.44487891645451161 2.3318088481973098 0.50571348268548044 -0.51025422056031999
decision_type=2 2 2 2 2 2 2 2 2 2 2 2 2 2 2 2 2 2 2 2 2 2 2 2 2 2 2
left_child=4 23 15 16 5 11 9 -8 21 -5 26 12 -1 14 -11 -3 20 18 -15 -17 -4 -9 -14 -2 -10 -25 -6
right_child=1 2 3 6 10 -7 7 8 24 13 -12 -13 22 17 -16 19 -18 -19 -20 -21 -22 -23 -24 25 -26 -27 -28
leaf_value=0.0081580335339182936 0.030148638178462989 -0.015984895641720922 0.017549049129025905 0.015635354295084256 -0.010145526430769884 0.024237766321473075 0.027892635955016187 -0.0090103513214154426 0.015360727513915515 -0.0014209599959533598 0.0054718516038220824 0.012995921928017686 0.00022512501545902719 0.0033814047555137654 -0.014182871815384008 -0.0066224032395837988 0.029484246766427136 0.0081576588202325745 -0.0088028516265807807 -0.00084135981695472378 0.026393248520838377 -0.00017069499014573422 -0.0073808297038460841 0.023211942673025496 0.022418116751309475 0.029122038403010687 -0.0045646716953031807
leaf_weight=24.965203136205673 21.057015642523766 8.5513185709714872 13.326403811573984 17.923530250787735 11.312484964728354 41.255088165402412 30.35931783914566 10.38416261970997 21.025698482990265 13.42781573534012 16.31382928788662 16.05832614004612 13.559683457016947 16.506786838173866 12.948498860001562 47.892193749547005 39.983543172478676 11.174945369362829 8.2200615406036395 26.185033932328224 15.027723401784895 19.094405993819237 14.420244395732878 42.772257193922997 12.034527406096457 14.283985093235968 56.794960871338844
leaf_count=73 42 34 33 47 42 92 63 38 55 45 50 44 44 52 50 171 81 33 30 87 32 63 51 97 28 29 198
internal_value=0.00992455 0.0121591 0.00876595 0.0137411 0.00530836 0.0119273 0.00869577 0.0145013 0.00797281 0.00195295 -0.00334506 0.00455457 0.00192794 -0.00205059 -0.00766974 -0.00575374 0.0264906 0.00206843 -0.000688425 -0.00458064 0.0223259 -0.00323196 -0.00365957 0.026193 0.0179201 0.024744 -0.00550456
internal_weight=596.859 402.179 324.066 241.437 194.68 110.259 173.1 92.8981 62.5388 80.2016 84.4213 69.0035 52.9451 62.2781 26.3763 82.6285 68.3377 35.9018 24.7268 74.0772 28.3541 29.4786 27.9799 78.1133 33.0602 57.0562 68.1074
internal_count=1704 1110 942 650 594 304 504 247 184 257 290 212 168 210 95 292 146 115 82 258 65 101 95 168 83 126 240
is_linear=0
shrinkage=0.0144862


Tree=8
num_leaves=29
num_cat=0
split_feature=4 4 4 4 3 3 3 3 4 4 4 4 4 3 3 4 4 3 1 1 1 3 4 4 1 1 3 4
split_gain=27.8343 79.2238 77.7185 54.3312 20.8727 22.6611 24.7153 17.6648 13.42 69.4446 24.3062 25.5149 21.8233 10.6704 7.51711 5.96137 5.11901 4.96437 4.96125 4.10753 3.73839 3.5437 3.03146 2.69934 2.43771 4.83943 3.60215 1.25452
threshold=-0.12388201523749372 -0.10117990212194466 -0.57804390007765316 0.26543698238015412 -0.39637255817794798 -0.52401811727297753 -1.1079474925031649 0.26160392451939263 -0.67355127501412004 -1.0904357891992069 -1.1387745055992011 -1.5882449443731639 -1.6509421024785467 0.3295906199428984 0.96968499839693922 0.81204465305063289 0.81204465305063289 0.96968499839693922 0.43977337224892188 -0.5252078045793408 -0.36979102111976109 0.26160392451939263 0.43558507731961271 0.10261202914880686 -0.36979102111976109 -0.17917218323731168 0.26160392451939263 1.2768978014360701
decision_type=2 2 2 2 2 2 2 2 2 2 2 2 2 2 2 2 2 2 2 2 2 2 2 2 2 2 2 2
left_child=2 18 8 23 5 6 20 19 9 10 11 12 -1 16 -15 -7 -9 -12 -2 -6 27 -20 -22 -3 -10 -26 -27 -5
right_child=1 3 -4 4 7 15 -8 13 24 -11 17 -13 -14 14 -16 -17 -18 -19 21 -21 22 -23 -24 -25 25 26 -28 -29
leaf_value=0.018199356319152225 -0.003768795052387048 0.028326673987799571 0.028448482791446975 0.010737886787972554 0.027196826413776895 0.0013387102671886851 0.020818126626323704 0.0079449648849126159 0.0086370753424889878 0.02782242456505293 0.00036185116093660172 0.024532821498461199 -0.0061346629020740135 0.020433479166246143 0.0075645865957825681 -0.009264128307273304 -0.0039674108068921158 -0.010194637575775172 -0.0066748890467854738 0.01660891126898625 -0.0058700091826789803 -0.016824760676799812 0.0031412253418463365 0.021092007076330636 -0.0027098764111899718 0.010654439264607775 0.0018081144813860788 0.0035980538387416
leaf_weight=12.47975078225136 37.709416821599007 23.917247146368027 55.428554683923721 11.840442731976511 14.243123829364778 19.115896657109261 22.662657484412193 14.117026790976526 21.772558569908142 40.323445916175842 27.252566397190094 19.686606541275978 18.757545977830887 16.983701586723328 20.721642225980759 25.481032148003578 15.312414497137068 13.693754300475119 14.247023373842241 16.585652828216553 11.886961966753004 14.220158755779265 20.986151546239853 21.351820155978203 20.02292338013649 18.015420913696289 19.906985893845558 8.6717403978109342
leaf_count=31 130 49 113 33 30 62 53 42 63 83 89 43 66 40 61 94 53 51 51 42 42 57 66 50 68 51 64 27
internal_value=0.00977243 0.00695759 0.0132445 0.0105068 0.00751685 0.00348392 0.00826995 0.012469 0.0092516 0.0120733 0.00513085 0.011763 0.0036901 0.00831126 0.0133647 -0.00468023 0.00179877 -0.00315156 -0.0071662 0.0214864 0.00291337 -0.0117441 -0.00011936 0.0248773 0.0045596 0.00299245 0.00601064 0.00768762
internal_weight=597.394 330.054 267.34 263.878 218.608 120.645 76.048 97.9636 211.912 132.194 91.8702 50.9239 31.2373 67.1348 37.7053 44.5969 29.4294 40.9463 66.1766 30.8288 53.3853 28.4672 32.8731 45.2691 79.7179 57.9453 37.9224 20.5122
internal_count=1704 982 722 744 645 377 221 268 609 363 280 140 97 196 101 156 95 140 238 72 168 108 108 99 246 183 115 60
is_linear=0
shrinkage=0.0144862


Tree=9
num_leaves=30
num_cat=0
split_feature=2 2 2 2 2 2 2 2 2 0 0 0 4 0 0 0 4 0 0 4 4 0 2 0 0 4 0 0 0
split_gain=27.9083 86.2165 106.384 69.8399 50.2401 45.603 30.6542 36.8331 32.0455 20.2799 7.45927 6.74 6.21152 5.94681 10.814 4.63164 3.90544 2.87317 3.93363 2.68906 2.62826 2.58977 2.45101 2.202 5.31264 2.09359 1.84584 1.67778 1.40452
threshold=-0.69972874731304169 1.0000000180025095e-35 0.031977609934829745 0.72059368467215046 -0.74937431280164934 -1.2536974192686836 0.81499198357074809 1.3729082814080018 1.5120648737530427 -0.89842377837745824 1.4564283712933748 -0.27665448525149644 -0.12388201523749372 1.4564283712933748 -0.20598741005048568 -0.51025422056031999 0.10261202914880686 0.66851444456337983 0.53564922200162013 -0.12388201523749372 -0.046575955756256171 -0.89842377837745824 -0.38201714431718403 0.59924483391311634 0.53564922200162013 -0.91129731355121979 -0.89842377837745824 -0.36293145898140472 -0.51025422056031999
decision_type=2 2 2 2 2 2 2 2 2 2 2 2 2 2 2 2 2 2 2 2 2 2 2 2 2 2 2 2 2
left_child=4 16 12 20 5 13 9 -8 19 -5 28 15 -3 14 21 -11 -2 18 -13 -9 -4 -1 -18 24 -16 -10 -14 -22 -6
right_child=1 2 3 6 10 -7 7 8 25 11 -12 17 26 -15 23 -17 22 -19 -20 -21 27 -23 -24 -25 -26 -27 -28 -29 -30
leaf_value=0.0039460491284559578 0.028171530945344917 -0.00063626647240248651 0.028080317075181972 0.015248905937332564 -0.010007031766175702 0.023478553447050018 0.027035400229626631 -0.0075544461869883886 0.013020503794978624 -0.0018065594386018457 0.005378596958591845 0.0033017236415756532 -0.01516375071221927 -0.0041418762408071911 0.014339784088267036 -0.013810466133417477 0.02625223868006548 0.0080035115186237703 -0.0087030491681009941 0.0010778480933762962 0.018679715679083934 -0.0063252724889569598 0.018084729830385549 0.016321453523009097 0.00068094249523120991 0.020467361836111048 -0.0076202856031320548 0.02599633671461574 -0.0044755079533197956
leaf_weight=8.4560093581676501 45.939704567193985 31.25985461473465 40.994137927889824 17.982079580426216 11.282690927386282 41.445292875170708 30.498540371656418 14.828868672251703 13.449323907494543 13.659500822424889 16.331572502851486 16.519988477230072 7.7983700931072226 13.529655545949934 13.865852609276772 12.661480814218521 13.246638476848601 11.193076118826864 8.2046135663986224 14.627014696598051 14.927496924996378 11.783431589603422 19.282366842031479 11.66240009665489 9.8328312635421753 19.736107021570206 43.43328370153904 12.728541791439055 56.709313333034515
leaf_count=26 93 104 83 47 42 92 63 53 36 46 50 52 31 46 37 49 28 33 30 48 36 41 47 30 32 47 157 27 198
internal_value=0.00962365 0.0117992 0.00850444 0.0133396 0.00512547 0.0115289 0.00844768 0.0140789 0.00774457 0.00189185 -0.00327986 -0.00203151 -0.00566369 0.00435236 0.00641664 -0.00756547 0.0253834 0.00201487 -0.000701052 -0.00319198 0.0256644 -0.00192863 0.0215027 0.0112231 0.00869486 0.0174097 -0.0087926 0.0221391 -0.00540623
internal_weight=597.87 402.971 324.502 242.011 194.899 110.575 173.361 93.1399 62.6413 80.2207 84.3236 62.2387 82.4915 69.1302 55.6005 26.321 78.4687 35.9177 24.7246 29.4559 68.6502 20.2394 32.529 35.3611 23.6987 33.1854 51.2317 27.656 67.992
internal_count=1704 1110 942 650 594 304 504 247 184 257 290 210 292 212 166 95 168 115 82 101 146 67 75 99 69 83 188 63 240
is_linear=0
shrinkage=0.0144862


Tree=10
num_leaves=24
num_cat=0
split_feature=2 2 2 2 2 2 2 2 2 3 3 1 1 1 3 3 1 3 1 3 3 2 2
split_gain=27.0616 83.421 103.194 67.5917 48.7316 44.1512 29.7102 35.6644 31.0419 9.75159 8.14421 4.98456 3.80169 3.71593 5.54887 4.70359 3.53575 2.47954 2.22509 1.9519 4.21068 1.72089 1.52477
threshold=-0.69972874731304169 1.0000000180025095e-35 0.031977609934829745 0.72059368467215046 -0.74937431280164934 -1.2536974192686836 0.81499198357074809 1.3729082814080018 1.5120648737530427 0.96968499839693922 -0.45773049097128432 0.26426662399830736 -0.23380133559262892 0.43977337224892188 0.26160392451939263 0.46814851029914545 0.43977337224892188 -0.66989875623872586 -0.65883284006285803 0.26160392451939263 0.96968499839693922 2.3318088481973098 -0.38201714431718403
decision_type=2 2 2 2 2 2 2 2 2 2 2 2 2 2 2 2 2 2 2 2 2 2 2
left_child=4 17 -3 12 5 9 13 -8 18 10 -1 -12 -4 15 -15 -5 19 -2 -9 -6 -21 -10 -19
right_child=1 2 3 6 16 -7 7 8 21 -11 11 -13 -14 14 -16 -17 -18 22 -20 20 -22 -23 -24
leaf_value=0.001196455572905133 0.019354278754672077 -0.0055890750951015644 0.021157736335234156 0.0013149687796078105 -0.003330426856140256 0.023092102813374819 0.026593745404776752 0.0026012656209471138 0.014618034271933842 -0.008688642752563612 0.0073870237462701424 0.019582445240477305 0.028179591749435403 0.0042781952373735542 -0.0082024016114899036 0.010775128088480315 -0.0065713975087266056 0.029458566382797969 -0.0058613586936664946 0.0074552983824945664 -0.0053799522409724047 0.021519604644577292 0.024508342931303953
leaf_weight=29.823522180318832 13.944266080856321 82.38528960943222 28.535710126161575 35.67179100215435 25.253720507025719 41.530651688575745 30.558186143636703 9.0831771939992922 21.147776335477829 9.9834775775670987 18.637673467397693 10.725463002920149 40.248012557625771 13.802304580807688 15.306492447853087 15.444762676954268 37.214573934674263 22.006395429372787 20.353250905871391 13.522056475281717 8.2692687511444074 12.10793913900852 42.6729955971241
leaf_count=96 33 292 65 115 87 92 63 29 55 36 54 26 81 43 55 44 133 43 72 41 29 28 92
internal_value=0.00947894 0.0116202 0.00837794 0.0131335 0.0050499 0.0113495 0.00832035 0.0138593 0.00762631 0.00428689 0.00649147 0.0118677 0.0252443 0.00186489 -0.00225244 0.00418964 -0.0032348 0.0249672 -0.00314813 -0.000622397 0.00253209 0.0171218 0.0262214
internal_weight=598.229 403.268 324.645 242.259 194.96 110.701 173.476 93.2503 62.6921 69.1701 59.1867 29.3631 68.7837 80.2254 29.1088 51.1166 84.2596 78.6237 29.4364 47.045 21.7913 33.2557 64.6794
internal_count=1704 1110 942 650 594 304 504 247 184 212 176 80 146 257 98 159 290 168 101 157 70 83 135
is_linear=0
shrinkage=0.0144862


Tree=11
num_leaves=30
num_cat=0
split_feature=2 2 2 2 2 2 2 2 2 0 0 0 4 4 0 0 4 4 4 0 2 0 0 4 4 4 0 0 0
split_gain=26.2469 80.7664 100.113 65.4587 47.2779 42.769 28.8148 34.5551 30.0767 19.6444 7.22437 6.55112 6.06377 5.8091 5.73257 10.4685 3.79264 2.61808 2.56678 2.51738 2.34009 2.12162 5.11013 2.059 5.07774 2.03622 1.81332 1.64128 1.36909
threshold=-0.69972874731304169 1.0000000180025095e-35 0.031977609934829745 0.72059368467215046 -0.74937431280164934 -1.2536974192686836 0.81499198357074809 1.3729082814080018 1.5120648737530427 -0.89842377837745824 1.4564283712933748 0.66851444456337983 -0.12388201523749372 -0.67355127501412004 1.4564283712933748 -0.20598741005048568 0.10261202914880686 -0.12388201523749372 -0.046575955756256171 -0.89842377837745824 -0.38201714431718403 0.59924483391311634 0.53564922200162013 -0.12388201523749372 -1.0000000180025095e-35 -0.91129731355121979 -0.89842377837745824 -0.36293145898140472 -0.51025422056031999
decision_type=2 2 2 2 2 2 2 2 2 2 2 2 2 2 2 2 2 2 2 2 2 2 2 2 2 2 2 2 2
left_child=4 16 12 18 5 14 9 -8 17 -5 28 13 -3 -11 15 19 -2 -9 -4 -1 -18 22 -17 -15 -25 -10 -14 -20 -6
right_child=1 2 3 6 10 -7 7 8 25 11 -12 -13 26 23 -16 21 20 -19 27 -21 -22 -23 -24 24 -26 -27 -28 -29 -30
leaf_value=0.0038203115998438168 0.027306242439791233 -0.00054665486359082758 0.027219069102481234 0.014966559327159812 -0.0098371735018409172 0.022718871186574879 0.026169458827356856 -0.0074144825715085402 0.012524683229748177 -0.012289884096340731 0.0053256563959518093 0.0077961147832021965 -0.014944788911506976 0.0035332094298382642 -0.0041203542640882379 0.014013113783005784 0.02538031812551338 0.001108724161304458 0.017959946106558884 -0.0063035942762541108 0.017420721539043185 0.015964276296970101 0.00062693762967705696 -0.010506459204494814 0.0022483699311976919 0.019848565732991579 -0.007451126478089644 0.02516836909517731 -0.0043681699051444801
leaf_weight=8.4673661589622515 46.094146773219109 31.219682976603508 41.128147795796394 18.025565177202225 11.246790051460264 41.603674694895744 30.606110379099846 14.795568555593492 13.501174852252005 13.445103466510771 16.34215547144413 11.211514770984648 7.7578760534524909 12.052047297358508 13.52412001788616 13.903035342693329 13.30210769176483 14.620094820857046 14.988182231783869 11.777998208999632 19.357236266136169 11.694634705781935 9.8383534401655197 11.751713097095486 13.763602003455169 19.818569898605347 43.306610777974129 12.779273912310599 56.610927149653435
leaf_count=26 93 104 83 47 42 92 63 53 36 51 50 33 31 38 46 37 28 48 36 41 47 30 32 44 44 47 157 27 198
internal_value=0.00933702 0.0114448 0.00825361 0.0129317 0.00497541 0.0111744 0.008195 0.0136462 0.0075112 0.00183753 -0.00319055 -0.00202805 -0.00551556 -0.0042373 0.00422223 0.0062463 0.0245655 -0.00310462 0.0248386 -0.00196592 0.0207521 0.0109676 0.00848768 -0.00132602 -0.00362477 0.0168424 -0.00861343 0.0213668 -0.00528726
internal_weight=598.533 403.524 324.771 242.487 195.009 110.809 173.591 93.3415 62.7354 80.2495 84.1999 62.224 82.2842 51.0125 69.2055 55.6814 78.7535 29.4157 68.8956 20.2454 32.6593 35.436 23.7414 37.5674 25.5153 33.3197 51.0645 27.7675 67.8577
internal_count=1704 1110 942 650 594 304 504 247 184 257 290 210 292 177 212 166 168 101 146 67 75 99 69 126 88 83 188 63 240
is_linear=0
shrinkage=0.0144862


Tree=12
num_leaves=28
num_cat=0
split_feature=4 4 4 4 3 3 3 3 4 4 4 4 4 4 3 1 4 4 4 3 1 4 4 1 1 3 3
split_gain=25.1584 72.1264 69.7186 48.6496 19.1537 20.2606 21.8864 16.0039 11.9807 62.2628 21.7718 22.7782 20.4237 5.6909 4.76807 4.73448 4.61986 19.459 10.6693 3.42876 3.34412 2.87713 2.5225 2.12278 4.56806 3.35965 1.21307
threshold=-0.12388201523749372 -0.10117990212194466 -0.57804390007765316 0.26543698238015412 -0.39637255817794798 -0.52401811727297753 -1.1079474925031649 -0.066753148546350963 -1.0904357891992069 -0.67355127501412004 -1.1387745055992011 -1.5882449443731639 -1.6509421024785467 0.81204465305063289 0.96968499839693922 0.43977337224892188 0.92007127330637772 1.3653437089470024 0.81204465305063289 0.26160392451939263 -0.36979102111976109 0.43558507731961271 0.10261202914880686 -0.36979102111976109 -0.17917218323731168 0.26160392451939263 0.61794179435526442
decision_type=2 2 2 2 2 2 2 2 2 2 2 2 2 2 2 2 2 2 2 2 2 2 2 2 2 2 2
left_child=2 15 8 22 5 6 20 -6 10 -10 11 12 -1 -7 -12 -2 18 -18 -9 -17 -5 -22 -3 -11 -25 -26 -4
right_child=1 3 26 4 7 13 -8 16 9 23 14 -13 -14 -15 -16 19 17 -19 -20 -21 21 -23 -24 24 25 -27 -28
leaf_value=0.017391693784055428 -0.0036660987155708964 0.026764312705771127 0.025323885044549042 0.0071688562436227855 0.02351407497303289 0.0013403439650613944 0.019469240562260997 0.010784928616824403 0.02622986091855729 0.0080872015690617305 0.00036644297944916432 0.0230545186610649 -0.0061195370868016583 -0.0090316870930130452 -0.0099947922010381919 -0.0064836840544070032 0.028418218335080687 0.0044810147514718415 -0.0034295022990950769 -0.01649637289742072 -0.0058165172854297061 0.0029654060455913053 0.019804074435310112 -0.0027141577388409628 0.010233050858287518 0.0016962004164107227 0.030268804386668548
leaf_weight=12.540231212973596 37.637192621827126 24.072463646531105 38.44414296746254 20.583998829126358 19.235575452446938 19.10121014714241 22.823360249400139 33.700050801038742 40.575340032577515 21.857548967003822 27.239243611693382 19.809885442256927 18.739837408065796 25.362562775611877 13.634711995720862 14.194795325398447 10.949186295270922 18.490324944257736 15.937240108847616 14.104642540216444 11.867241054773329 21.005529150366783 21.493014484643936 20.017392307519913 18.064228057861328 19.910683020949364 17.331777393817902
leaf_count=31 130 49 80 60 42 62 53 94 83 63 89 43 66 94 51 51 22 56 54 57 42 66 50 68 51 64 33
internal_value=0.00919929 0.00652409 0.012494 0.00989713 0.0070655 0.00320103 0.00771089 0.0117981 0.00871048 0.0117075 0.00477291 0.0110378 0.00340398 -0.00453873 -0.0030742 -0.00698507 0.00892009 0.0134242 0.00621208 -0.0114733 0.00266364 -0.00020744 0.0234456 0.00430081 0.00282794 0.00575694 0.0268434
internal_weight=598.723 330.558 268.165 264.622 219.056 120.744 76.2801 98.3124 212.389 120.425 91.9639 51.09 31.2801 44.4638 40.874 65.9366 79.0768 29.4395 49.6373 28.2994 53.4568 32.8728 45.5655 79.8499 57.9923 37.9749 55.7759
internal_count=1704 982 722 744 645 377 221 268 609 329 280 140 97 156 140 238 226 78 148 108 168 108 99 246 183 115 113
is_linear=0
shrinkage=0.0144862


Tree=13
num_leaves=30
num_cat=0
split_feature=2 2 2 2 2 2 2 2 2 0 3 0 3 0 0 0 0 0 0 0 0 0 3 0 0 2 3 0 2
split_gain=25.0193 76.4595 95.2389 61.8537 44.5821 40.6423 27.3046 32.7041 28.6072 18.743 9.44533 8.69307 12.6508 6.98825 6.48227 4.61097 4.43995 4.05023 2.66691 3.82366 2.55193 2.5459 2.34983 1.88275 1.78619 1.66661 1.43583 2.89674 1.34399
threshold=-0.69972874731304169 1.0000000180025095e-35 0.031977609934829745 0.72059368467215046 -0.74937431280164934 -1.2536974192686836 0.81499198357074809 1.3729082814080018 1.5120648737530427 -0.89842377837745824 0.96968499839693922 -0.51025422056031999 -0.45773049097128432 1.4564283712933748 -0.27665448525149644 -0.89842377837745824 -0.51025422056031999 1.0583229136861065 0.66851444456337983 0.53564922200162013 0.32358946385195947 -0.51025422056031999 -0.66989875623872586 -0.36293145898140472 0.47958235890017104 2.3318088481973098 0.96968499839693922 0.070995917162297806 -0.38201714431718403
decision_type=2 2 2 2 2 2 2 2 2 2 2 2 2 2 2 2 2 2 2 2 2 2 2 2 2 2 2 2 2
left_child=4 22 15 23 5 10 9 -8 21 -5 11 -1 17 26 16 -3 -11 -13 19 -16 -17 -9 -2 -4 28 -10 27 -6 -24
right_child=1 2 3 6 13 -7 7 8 25 14 -12 12 -14 -15 18 20 -18 -19 -20 -21 -22 -23 24 -25 -26 -27 -28 -29 -30
leaf_value=-0.0045080400492273692 0.018425309435108797 -0.01537518222793058 0.020486727225380561 0.014576247166629391 -0.0087468938235270421 0.022053844202570474 0.025437277484735621 -0.0088041988256768264 0.013924896380670355 -0.0018112997802663005 -0.0087310753037233447 0.0078650364125186709 0.017289280772193789 0.0052371539939324715 0.0032795756833670186 -0.0062845232006942184 -0.013581718487497056 -0.003336430035637843 0.0077148634829134043 -0.0085666293901573796 -0.00067898588421329048 -2.6780666372392868e-05 0.027570376592180229 0.025827067453733154 0.029346986422050626 0.020692704513681486 -0.009477613821740536 -0.0017749580566211133 0.021984664446111735
leaf_weight=12.117900058627127 14.000220105051993 8.4248040169477445 21.587137833237648 18.076759830117226 18.675757899880409 41.704004779458046 30.66185961663723 10.343675389885904 21.243312940001488 13.65115924179554 9.9823171198368055 13.151931926608084 21.009522408246998 16.358302295207977 16.51885287463665 47.602317750453949 12.59712116420269 13.032960370182989 11.227169647812842 8.1829582452774066 26.119996443390846 19.05008453130722 13.650803565979002 47.442154631018639 16.318381428718567 12.161584824323652 12.975807711482046 36.095927655696869 34.940496698021889
leaf_count=41 33 34 49 47 69 92 63 38 55 46 36 39 52 50 52 171 49 44 33 30 87 63 27 97 31 28 48 123 77
internal_value=0.0090638 0.0111209 0.00801448 0.0125702 0.00480634 0.010816 0.00796541 0.0132667 0.00729967 0.00177514 0.00404089 0.00620686 0.00901089 -0.00313266 -0.00200717 -0.00543095 -0.00744472 0.00234448 0.00195724 -0.000663953 -0.00430005 -0.00306522 0.0238723 0.0241314 0.0250894 0.0163806 -0.00519841 -0.00417055 0.0236119
internal_weight=598.905 403.801 324.891 242.744 195.104 110.999 173.715 93.4605 62.7987 80.254 69.2946 59.3123 47.1944 84.1058 62.1773 82.1471 26.2483 26.1849 35.929 24.7018 73.7223 29.3938 78.9099 69.0293 64.9097 33.4049 67.7475 54.7717 48.5913
internal_count=1704 1110 942 650 594 304 504 247 184 257 212 176 135 290 210 292 95 83 115 82 258 101 168 146 135 83 240 192 104
is_linear=0
shrinkage=0.0144862


Tree=14
num_leaves=26
num_cat=0
split_feature=2 2 2 2 2 2 2 2 2 4 4 4 1 1 4 4 1 4 1 4 4 2 4 4 4
split_gain=24.2954 74.144 92.4563 59.9966 43.2697 39.4232 26.4959 31.7475 27.7356 11.0439 9.94367 13.6302 6.91259 8.42309 5.8052 4.78473 3.71353 3.54281 2.94526 2.85769 2.60816 2.25993 1.94274 1.77646 1.22236
threshold=-0.69972874731304169 1.0000000180025095e-35 0.031977609934829745 0.72059368467215046 -0.74937431280164934 -1.2536974192686836 0.81499198357074809 1.3729082814080018 1.5120648737530427 0.10261202914880686 -0.12388201523749372 -1.0097167494323618 0.8893118293275043 -0.36979102111976109 -0.12388201523749372 -0.67355127501412004 -0.23380133559262892 0.10261202914880686 0.43977337224892188 0.43558507731961271 -0.12388201523749372 -0.38201714431718403 -0.91129731355121979 1.0000000180025095e-35 -1.1387745055992011
decision_type=2 2 2 2 2 2 2 2 2 2 2 2 2 2 2 2 2 2 2 2 2 2 2 2 2
left_child=4 17 14 16 5 12 9 -8 20 10 11 24 13 -1 -3 -6 23 -2 -17 -15 -9 -19 -10 -4 -5
right_child=1 2 3 6 15 -7 7 8 22 -11 -12 -13 -14 19 -16 18 -18 21 -20 -21 -22 -23 -24 -25 -26
leaf_value=0.0074685942891127895 0.026156249539416768 -0.00049881245986504411 0.022638492199645244 -0.0027565209669091011 0.0042069853355645084 0.021714662396473326 0.025056613383045545 -0.0073262105308829224 0.011913710363092477 0.0093081501302283518 -0.012442808608961273 0.010411210866225715 0.012138656457991236 -0.0087488967017114779 -0.0084001165952464693 -0.0021225949480083335 0.026654023270855545 0.024370666129636519 -0.0081364771771541885 0.00036924319668489185 0.0011867566908232905 0.016572422244081474 0.019047976126192471 0.015185747750490461 -0.0096913108544202375
leaf_weight=25.111304372549057 46.195085674524307 31.193640992045403 17.266461834311489 9.8171634674072248 14.993342459201811 41.744256794452667 30.679191455245018 14.771688580513002 13.55221290886402 26.557364329695702 13.871480554342268 18.980024784803394 16.150734513998032 13.465967372059824 50.847053572535515 39.317873999476433 40.413192927837372 13.342612504959105 29.7302555590868 14.589682966470717 14.601599752902983 19.429861962795258 19.901535585522652 11.397370621562002 11.023396372795103
leaf_count=73 93 104 37 33 47 92 63 53 36 76 53 54 44 48 188 134 81 28 109 47 48 47 47 28 41
internal_value=0.00893219 0.0109591 0.00789906 0.0123841 0.00473668 0.0106533 0.00784878 0.013069 0.00719092 0.00174999 -0.00203252 0.0016189 0.00398035 0.00144033 -0.0053597 -0.0030898 0.0237658 0.0235106 -0.00471537 -0.00398206 -0.00302351 0.0198334 0.0161207 0.0197444 -0.00636811
internal_weight=598.944 403.841 324.873 242.833 195.103 111.062 173.756 93.5062 62.827 80.2494 53.6921 39.8206 69.3177 53.167 82.0407 84.0415 69.077 78.9676 69.0481 28.0557 29.3733 32.7725 33.4537 28.6638 20.8406
internal_count=1704 1110 942 650 594 304 504 247 184 257 181 128 212 168 292 290 146 168 243 95 101 75 83 65 74
is_linear=0
shrinkage=0.0144862


Tree=15
num_leaves=28
num_cat=0
split_feature=2 2 2 2 2 2 2 2 2 0 0 1 1 0 1 0 1 0 0 0 0 0 1 2 2 0 0
split_gain=23.5991 71.9378 89.7625 58.2384 41.9993 38.2576 25.7216 30.8385 26.8937 17.9289 6.70181 6.69988 8.17704 6.36388 4.88314 4.49604 3.60654 2.58192 3.72941 2.50025 2.45404 2.38945 1.84909 1.80214 1.63067 1.53327 1.3119
threshold=-0.69972874731304169 1.0000000180025095e-35 0.031977609934829745 0.72059368467215046 -0.74937431280164934 -1.2536974192686836 0.81499198357074809 1.3729082814080018 1.5120648737530427 -0.89842377837745824 1.4564283712933748 0.8893118293275043 -0.36979102111976109 -0.27665448525149644 0.43977337224892188 -0.89842377837745824 -0.23380133559262892 0.66851444456337983 0.53564922200162013 -0.51025422056031999 0.32358946385195947 0.20113937630584797 0.33533997342242855 -0.44487891645451161 2.3318088481973098 0.50571348268548044 -0.51025422056031999
decision_type=2 2 2 2 2 2 2 2 2 2 2 2 2 2 2 2 2 2 2 2 2 2 2 2 2 2 2
left_child=4 23 15 16 5 11 9 -8 19 -5 26 12 -1 14 -11 -3 21 18 -15 -9 -17 -4 -14 -2 -10 -25 -6
right_child=1 2 3 6 10 -7 7 8 24 13 -12 -13 22 17 -16 20 -18 -19 -20 -21 -22 -23 -24 25 -26 -27 -28
leaf_value=0.0073533212936162523 0.026888236106950788 -0.015140123474615456 0.014917308015696141 0.014224366382408926 -0.009542190258744478 0.021386103432098673 0.024689677779477458 -0.0086757330032583325 0.013443489080969304 -0.0013579720126159658 0.0051436866407650224 0.011945171529924279 -0.0015611074101132289 0.0032558713304055285 -0.013702428025280336 -0.006122884492921663 0.026259372056674002 0.0076066049336543547 -0.0084520626557905622 3.0259317009506424e-05 -0.00062169299267050577 0.023323928796970299 -0.0095603506681926648 0.020344970872065007 0.020122651473355693 0.025953396081512876 -0.0041746586273556869
leaf_weight=25.138653784990311 21.277662873268127 8.372678413987158 13.486118763685228 18.122242823243141 11.180592149496077 41.774027168750763 30.686577439308167 10.319606989622118 21.304529771208763 13.400270462036135 16.376901656389236 16.177436202764511 19.744597315788273 16.520530506968498 12.804781854152678 47.464672356843948 40.427603423595428 11.239568427205084 8.1641836315393466 19.034481063485146 26.098084405064583 15.18963800370693 8.2912218868732435 43.28709189593792 12.193049117922781 14.43586118519306 56.422576025128365
leaf_count=73 42 34 33 47 42 92 63 38 55 45 50 44 65 52 50 171 81 33 30 63 87 32 30 97 28 29 198
internal_value=0.00880344 0.0108012 0.0077861 0.0122023 0.00466854 0.0104938 0.007734 0.012876 0.00708415 0.00172462 -0.00304718 0.00392141 0.00141948 -0.00198065 -0.00737434 -0.00528898 0.0234135 0.00194604 -0.00063542 -0.00298193 -0.00417276 0.0194513 -0.0039275 0.0231612 0.015867 0.0217953 -0.00507478
internal_weight=598.935 403.829 324.829 242.893 195.106 111.126 173.79 93.5382 62.8517 80.2516 83.9801 69.3519 53.1745 62.1293 26.2051 81.9354 69.1034 35.9243 24.6847 29.3541 73.5628 28.6758 28.0358 79.0006 33.4976 57.723 67.6032
internal_count=1704 1110 942 650 594 304 504 247 184 257 290 212 168 210 95 292 146 115 82 101 258 65 95 168 83 126 240
is_linear=0
shrinkage=0.0144862


Tree=16
num_leaves=25
num_cat=0
split_feature=2 2 2 2 2 2 2 2 2 4 4 4 3 4 3 3 4 4 4 3 4 4 2 4
split_gain=22.9317 69.823 87.1728 56.5568 40.7715 37.1422 24.9734 29.9718 26.0841 10.5539 9.68112 13.1973 9.08755 8.88433 14.2012 6.49849 5.60639 4.57715 3.46712 3.28452 2.55886 2.36705 2.16696 1.89651
threshold=-0.69972874731304169 1.0000000180025095e-35 0.031977609934829745 0.72059368467215046 -0.74937431280164934 -1.2536974192686836 0.81499198357074809 1.3729082814080018 1.5120648737530427 0.10261202914880686 -0.12388201523749372 -1.0097167494323618 0.96968499839693922 1.3653437089470024 -0.45773049097128432 -0.1351705938880626 -0.12388201523749372 -0.67355127501412004 0.10261202914880686 -0.30674666200234618 -0.12388201523749372 -0.046575955756256171 -0.38201714431718403 -0.91129731355121979
decision_type=2 2 2 2 2 2 2 2 2 2 2 2 2 2 2 2 2 2 2 2 2 2 2 2
left_child=4 18 16 21 5 12 9 -8 20 10 11 -5 13 14 -1 -11 -3 -6 -2 -15 -9 -4 -20 -10
right_child=1 2 3 6 17 -7 7 8 23 15 -12 -13 -14 19 -16 -17 -18 -19 22 -21 -22 -23 -24 -25
leaf_value=0.00087234083748427029 0.025438666102650401 -0.00044311645900347831 0.025353373496384897 -0.0062767882937110617 0.004126141346275659 0.021067608486861775 0.024335691594716918 -0.0072073463817664369 0.011471487058325904 0.0026959969599950825 -0.012295280347578687 0.010235017048320489 -0.0086739521575873064 0.0027127847194821715 0.01784359130013162 0.016842810939858309 -0.0082152812619349005 -0.0045986788952374841 0.023630483398451023 -0.00930155459318905 0.0012302678580974763 0.019755324553849579 0.016003693124981413 0.018506415781710438
leaf_weight=19.257060199975967 46.193429812788963 31.167503744363785 41.210877686738968 20.801038131117817 15.007738590240477 41.79375496506691 30.684443637728691 14.742131322622301 13.587038010358809 14.573780104517938 13.826347470283507 19.008015051484112 9.969928100705145 11.141313925385477 21.319373920559883 12.033470943570135 50.661443665623665 68.908026412129402 13.356894105672835 7.695520505309104 14.591616004705427 27.899070203304291 19.464886978268623 19.949319586157799
leaf_count=62 93 104 83 74 47 92 63 53 36 46 53 54 36 35 52 30 188 243 28 27 48 63 47 47
internal_value=0.00867775 0.0106473 0.00767589 0.0120256 0.00460167 0.0103378 0.00762227 0.0126881 0.00697974 0.00170021 -0.00200286 0.00159669 0.00386336 0.00598403 0.00978458 0.00907843 -0.00521962 -0.00300526 0.0228225 -0.00213002 -0.00294134 0.0230731 0.0191915 0.0156201
internal_weight=598.844 403.751 324.736 242.907 195.093 111.177 173.797 93.5545 62.8701 80.2427 53.6354 39.8091 69.3832 59.4133 40.5764 26.6073 81.8289 83.9158 79.0152 18.8368 29.3337 69.1099 32.8218 33.5364
internal_count=1704 1110 942 650 594 304 504 247 184 257 181 128 212 176 114 76 292 290 168 62 101 146 75 83
is_linear=0
shrinkage=0.0144862


Tree=17
num_leaves=36
num_cat=0
split_feature=4 4 4 4 3 3 3 3 4 4 4 4 4 0 4 0 0 0 0 0 0 0 0 0 3 3 0 0 0 0 4 3 3 0 3
split_gain=22.2006 63.9909 62.0711 42.9987 17.3555 17.6289 19.0148 14.235 10.8223 54.8813 19.0746 20.0577 18.9358 7.14849 5.46974 6.72332 4.69324 4.39691 5.12141 4.34849 7.28753 4.31434 9.48434 4.78037 3.84519 3.75256 3.09319 9.15409 3.42688 2.61989 2.42615 1.88603 1.45838 1.24547 1.23773
threshold=-0.12388201523749372 -0.10117990212194466 -0.57804390007765316 0.26543698238015412 -0.39637255817794798 -0.52401811727297753 -1.1079474925031649 -0.066753148546350963 -1.0904357891992069 -0.67355127501412004 -1.1387745055992011 -1.5882449443731639 -1.6509421024785467 0.53564922200162013 0.81204465305063289 0.070995917162297806 -0.51025422056031999 0.070995917162297806 -0.78898986588778375 -0.27665448525149644 0.53564922200162013 -0.89842377837745824 -1.2754172780727819 -0.36293145898140472 0.46814851029914545 0.96968499839693922 1.4564283712933748 0.66851444456337983 0.53564922200162013 -0.56066171805965881 0.10261202914880686 0.26160392451939263 0.26160392451939263 1.0583229136861065 0.61794179435526442
decision_type=2 2 2 2 2 2 2 2 2 2 2 2 2 2 2 2 2 2 2 2 2 2 2 2 2 2 2 2 2 2 2 2 2 2 2
left_child=2 16 8 30 5 6 19 -6 10 -10 11 12 -1 -12 -7 -16 -2 18 -11 -5 -21 22 24 29 -9 26 27 28 -19 -23 -3 -15 -18 -14 -4
right_child=1 3 34 4 7 14 -8 21 9 17 13 -13 33 31 15 -17 32 25 -20 20 -22 23 -24 -25 -26 -27 -28 -29 -30 -31 -32 -33 -34 -35 -36
leaf_value=0.016467003347094115 -0.014278153487809378 0.025173591857358762 0.023661382501555785 -0.0023257152722123225 0.022072054343817156 0.0013896069204099356 0.017995564097440537 0.0018908076819790388 0.024554132832741597 0.0017907764568348909 -0.010474942665632318 0.021457373877697625 -0.010156903130606861 -0.0029046033645795007 -0.014070671882478637 0.0014876691098838031 -0.002757343690969272 0.0048676294500755724 0.014036263291407759 0.013049085287013398 -0.00096937870703218065 0.0051149764087516187 0.023140009090358286 0.010782858090563284 0.012579645766854429 -0.0069678781946361547 -0.0042143895146415939 0.015264682605710705 -0.0063101978800103571 -0.0043541737193693126 0.018374490610694898 0.0050900777609300179 -0.0076565223739971629 -0.0027883084829968736 0.028601076046426078
leaf_weight=12.581021785736086 13.478758722543715 24.10285285115242 38.466277852654457 23.28718838095665 19.302179217338562 19.060764282941818 22.903612971305847 13.589827805757524 40.606728956103325 12.591137409210207 16.077149286866188 19.838694214820862 8.7248652130365389 10.040126249194147 16.772108986973766 8.4570556432008726 30.647244453430176 12.000640287995338 15.530379816889761 14.885308563709261 15.314514875411986 13.115896642208099 10.670259371399878 17.24560484290123 13.806297793984411 8.7860630303621274 8.8948303014039976 11.866332635283468 10.253134444355965 10.738168314099312 21.565661311149597 14.678297847509382 21.445207998156548 10.001430064439772 17.35499781370163
leaf_count=31 53 49 80 78 42 62 53 43 83 40 60 43 32 34 66 28 106 36 42 40 50 40 23 47 36 31 30 31 36 37 50 46 79 34 33
internal_value=0.00855469 0.00604034 0.0116482 0.00920831 0.00654477 0.0028632 0.00705979 0.011044 0.00807837 0.0109247 0.00433486 0.0101907 0.00302923 -0.00302199 -0.00437741 -0.00879637 -0.00672722 0.00397441 0.00852662 0.00235184 0.0059321 0.00832886 0.011815 0.00506989 0.00732708 0.00145588 0.00320256 0.00518184 -0.000240829 0.000879802 0.0219297 0.00179593 -0.00479108 -0.00615289 0.0251817
internal_weight=598.681 330.389 268.292 264.817 219.149 120.681 76.3906 98.4682 212.471 120.529 91.9416 51.146 31.3073 40.7956 44.2899 25.2292 65.5712 79.9225 28.1215 53.487 30.1998 79.1661 38.0664 41.0997 27.3961 51.801 43.0149 34.1201 22.2538 23.8541 45.6685 24.7184 52.0925 18.7263 55.8213
internal_count=1704 982 722 744 645 377 221 268 609 329 280 140 97 140 156 94 238 246 82 168 90 226 102 124 79 164 133 103 72 77 99 80 185 66 113
is_linear=0
shrinkage=0.0144862


Tree=18
num_leaves=35
num_cat=0
split_feature=4 4 4 4 1 1 4 4 4 4 4 1 1 1 1 0 0 0 1 4 0 0 0 1 0 1 0 4 1 1 4 0 0 0
split_gain=21.5623 62.1631 60.3471 41.7636 14.7581 15.3429 10.4977 53.3791 18.5366 19.4871 18.3824 10.2754 9.5104 20.0601 15.6888 6.96268 4.5887 4.26136 5.92891 3.83663 4.91596 5.7452 3.3981 3.77655 3.39636 3.09276 2.57204 2.36778 2.33389 1.98991 1.97331 1.82116 1.76474 1.21507
threshold=-0.12388201523749372 -0.10117990212194466 -0.57804390007765316 0.26543698238015412 -0.36979102111976109 -0.99189156790407906 -1.0904357891992069 -0.67355127501412004 -1.1387745055992011 -1.5882449443731639 -1.6509421024785467 -0.30976332809883261 0.43977337224892188 0.53178439119669474 1.3094291958364745 0.53564922200162013 -0.51025422056031999 0.070995917162297806 0.43977337224892188 1.3653437089470024 -0.51025422056031999 0.20113937630584797 0.66851444456337983 -0.36979102111976109 0.070995917162297806 -0.17917218323731168 1.1475009067582735 0.10261202914880686 -0.36979102111976109 1.5282772386870376 0.81204465305063289 -0.78898986588778375 -0.51025422056031999 1.0583229136861065
decision_type=2 2 2 2 2 2 2 2 2 2 2 2 2 2 2 2 2 2 2 2 2 2 2 2 2 2 2 2 2 2 2 2 2 2
left_child=2 16 6 27 5 19 8 -8 9 10 -1 24 30 -14 -15 -10 -2 18 -9 20 -5 -22 23 -19 -6 -25 -24 -3 -18 -16 -13 -20 -21 -12
right_child=1 3 -4 4 11 -7 7 17 15 -11 33 12 13 14 29 -17 28 22 31 32 21 -23 26 25 -26 -27 -28 -29 -30 -31 -32 -33 -34 -35
leaf_value=0.016211999556635215 -0.014121886160521284 0.024817518407686742 0.024830119533070752 0.017519020166511249 -0.0063629414206156252 0.020112868853569228 0.024212606248535599 0.016734075602742454 -0.010348649969114091 0.021153133948405456 -0.010031920517377181 0.018053768659970753 -0.0079586027802821951 0.022418407207185326 0.0056660471570258745 0.0017690463919952147 -2.7465521640717619e-05 0.0055501210261465969 -0.0011788607924964212 -0.0018518710600259895 -0.0011514884196723127 0.010607104621800279 0.010594393096062646 -0.012105140979692177 0.0018337178570944739 -0.00080042745830545526 0.00076339176467253784 0.018101648153757276 -0.006690870320774968 -0.0029568095825115567 0.009679245294168878 0.0079407025325164398 0.0066114296077721142 -0.002748945630567802
leaf_weight=12.597084924578668 13.432675018906592 24.095877975225449 55.793839082121849 11.37327294051647 23.214858591556549 25.979872167110443 40.585751891136169 10.658639401197435 16.040432691574097 19.83517499268055 8.7074059396982211 11.72156471014023 21.570704191923141 12.526961058378218 15.066012009978296 24.728402078151703 15.321922555565832 9.7702167928218859 9.0945757925510424 11.45120729506016 12.401910230517386 26.480311185121536 11.028022095561029 7.9443633705377623 18.826444625854492 12.59154604375362 10.469106942415236 21.573759093880653 36.711664006114006 8.3500676900148374 11.528673380613325 8.4057871252298337 8.6793352663516981 9.9957763254642469
leaf_count=31 53 49 113 27 84 59 83 27 60 43 32 27 79 27 46 80 51 29 30 37 40 73 31 30 61 41 33 50 134 28 31 25 26 34
internal_value=0.00843317 0.00595487 0.0114821 0.00907502 0.00645022 0.0106805 0.00796259 0.0107652 0.00427443 0.010047 0.00298718 0.00312032 0.00612904 0.00297959 0.00955424 -0.002981 -0.00664119 0.00391474 0.0083922 0.00717725 0.00929567 0.00684699 0.00143432 -0.00167796 -0.00266217 -0.00519083 0.00578299 0.0216123 -0.00472731 0.00263632 0.0138725 0.00327151 0.00186953 -0.00607205
internal_weight=598.553 330.307 268.246 264.841 219.171 96.3659 212.452 120.548 91.9043 51.1354 31.3003 122.805 80.764 57.5137 35.943 40.7688 65.4663 79.9623 28.159 70.386 50.2555 38.8822 51.8033 30.3061 42.0413 20.5359 21.4971 45.6696 52.0336 23.4161 23.2502 17.5004 20.1305 18.7032
internal_count=1704 982 722 744 645 262 609 329 280 140 97 383 238 180 101 140 238 246 82 203 140 113 164 100 145 71 64 99 185 74 58 55 63 66
is_linear=0
shrinkage=0.0144862


Tree=19
num_leaves=30
num_cat=0
split_feature=2 2 2 2 2 2 2 2 2 0 3 0 0 0 0 3 3 0 0 0 0 0 3 0 0 2 3 0 2
split_gain=21.7022 64.8049 81.4722 52.1944 37.5266 34.8517 23.3617 27.7333 24.3551 16.7609 8.73349 8.20432 12.0209 6.41787 6.15537 5.5471 4.44991 4.66576 4.30125 4.21308 2.4269 2.28039 2.2488 1.80463 1.69449 1.57596 1.40497 2.66415 1.28073
threshold=-0.69972874731304169 1.0000000180025095e-35 0.031977609934829745 0.72059368467215046 -0.74937431280164934 -1.2536974192686836 0.81499198357074809 1.3729082814080018 1.5120648737530427 -0.89842377837745824 0.96968499839693922 -0.51025422056031999 1.4564283712933748 1.4564283712933748 -0.27665448525149644 -0.45773049097128432 -0.52401811727297753 0.66851444456337983 -0.89842377837745824 -0.51025422056031999 -0.51025422056031999 0.32358946385195947 -0.66989875623872586 -0.36293145898140472 0.47958235890017104 2.3318088481973098 0.96968499839693922 0.070995917162297806 -0.38201714431718403
decision_type=2 2 2 2 2 2 2 2 2 2 2 2 2 2 2 2 2 2 2 2 2 2 2 2 2 2 2 2 2
left_child=4 22 18 23 5 10 9 -8 20 -5 11 -1 15 26 19 -13 -16 -18 -3 -11 -9 -20 -2 -4 28 -10 27 -6 -24
right_child=1 2 3 6 13 -7 7 8 25 14 -12 12 -14 -15 16 -17 17 -19 21 -21 -22 -23 24 -25 -26 -27 -28 -29 -30
leaf_value=-0.0047387029806330687 0.016668384081485334 -0.014800869489450776 0.018647103219199931 0.013681381522727363 -0.0083361255523462519 0.020244365226036343 0.023461414892325831 -0.0084682881911184726 0.012717130823294873 -0.0018046114129779589 -0.0087122972521847235 0.0065125436327674044 -0.0033526917711455767 0.0050547717912527825 0.010816962931533785 0.018056239080211731 -0.0048263961914669102 0.0079227460797374315 -0.0059110225490136064 -0.013298898861104419 0.00012293285566610158 -0.0006030819081346378 0.025571039658180271 0.02384699961080863 0.027291208240018402 0.01926767814879143 -0.0091880478330582747 -0.0016295044391493715 0.020150911937676593
leaf_weight=12.146670520305632 14.037671625614164 8.2899941205978376 21.628368437290192 18.168032258749008 18.525044113397598 41.790855631232262 30.62894706428051 10.276116713881494 21.356728941202164 13.620598286390305 9.9639965146779996 15.666068106889716 12.853723123669623 16.391405016183853 8.4977321624755842 18.851372480392463 19.158198848366741 8.2636980861425382 47.264047876000404 12.502534031867981 19.003188386559486 26.088035583496094 13.639810800552366 47.388978853821754 16.270527482032776 12.213307976722716 12.903449863195418 36.007031485438347 34.973441198468208
leaf_count=41 33 34 49 47 69 92 63 38 55 46 36 47 43 50 24 45 67 24 171 49 63 87 27 97 31 28 48 123 77
internal_value=0.00831423 0.0102322 0.00736782 0.0115723 0.00434984 0.00984759 0.00734202 0.0122443 0.00675497 0.00161369 0.00358334 0.00565875 0.00837639 -0.00295498 -0.00197639 0.0128081 0.00188246 -0.000920856 -0.00511541 -0.00729248 -0.00284677 -0.00402491 0.0219687 0.0221935 0.0231555 0.0150936 -0.00494376 -0.00392552 0.0217265
internal_weight=598.37 403.27 324.349 242.706 195.1 111.273 173.689 93.4783 62.8493 80.2108 69.4818 59.5178 47.3712 83.8269 62.0428 34.5174 35.9196 27.4219 81.6421 26.1231 29.2793 73.3521 78.9215 69.0173 64.8838 33.57 67.4355 54.5321 48.6133
internal_count=1704 1110 942 650 594 304 504 247 184 257 212 176 135 290 210 92 115 91 292 95 101 258 168 146 135 83 240 192 104
is_linear=0
shrinkage=0.0144862


Tree=20
num_leaves=28
num_cat=0
split_feature=1 1 1 1 1 1 1 1 1 3 3 3 3 3 3 0 3 3 3 0 1 0 0 3 0 0 0
split_gain=18.921 55.768 74.3833 48.6114 48.6635 28.6588 10.7862 27.5303 8.98542 8.78137 17.337 12.5696 21.8096 9.03345 7.76533 5.76144 3.51203 3.48184 2.64406 2.37321 2.35208 2.33612 2.16071 1.95119 1.93197 1.56831 1.46357
threshold=-0.36979102111976109 -0.30976332809883261 0.43977337224892188 0.53178439119669474 1.3094291958364745 -0.99189156790407906 2.1137352703750172 1.4140920485755559 2.2907844588158062 -0.45773049097128432 0.26160392451939263 -0.52401811727297753 -0.81449911072536196 0.3295906199428984 1.7724413147135019 1.0583229136861065 -0.77451714262299576 0.26160392451939263 0.96968499839693922 0.88778833908496113 -0.48979541740326532 -0.51025422056031999 -0.30169178207169184 1.0000000180025095e-35 -0.7083100669291934 0.53564922200162013 1.4564283712933748
decision_type=2 2 2 2 2 2 2 2 2 2 2 2 2 2 2 2 2 2 2 2 2 2 2 2 2 2 2
left_child=5 19 22 15 23 9 7 17 -8 11 -11 12 -1 -12 18 16 -4 21 -15 25 24 -6 -3 -5 -7 -2 -21
right_child=1 2 3 4 6 20 8 -9 -10 10 13 -13 -14 14 -16 -17 -18 -19 -20 26 -22 -23 -24 -25 -26 -27 -28
leaf_value=0.00036339945522542738 -0.0028852105990080389 0.018113059346797623 0.0010619346377546955 0.020194001141301557 0.011184917586909895 0.022250634168399265 -0.012190606650974807 0.024065684045585081 0.0061247719656583096 0.024102913798883151 0.00069108626592169985 -0.0059675852832026229 0.023003351878475107 0.021100229445006998 0.0037506207326548271 0.0048136508946937289 -0.0083279628884081018 -0.002106524454857598 0.012376745000377651 0.0040406860362149554 0.023240434873636331 0.0022627328682596646 0.023337049031232238 0.026715351982195181 0.015509584100258244 -0.0079899880885664909 -0.0023775888834963619
leaf_weight=24.665268167853355 62.743142560124397 25.951908469200134 9.7185019850730878 28.63468112051487 9.1938305050134677 12.529649525880812 13.39161165058613 14.634702727198599 9.0473568141460401 16.460386365652084 24.354409649968147 18.853757679462433 13.336921155452726 12.008445337414743 17.015058875083923 10.3700705319643 47.970495983958244 24.515319034457207 18.147219628095627 14.996025651693346 23.000038951635361 16.721692070364952 52.744069322943687 15.472835928201674 32.136182561516762 15.446778923273085 13.962881520390509
leaf_count=78 217 60 32 63 26 27 51 30 26 34 79 67 28 26 51 32 177 83 49 47 48 53 110 30 77 56 47
internal_value=0.00819883 0.00628478 0.00969888 0.00500219 0.0101273 0.0116665 0.00389102 0.00685129 -0.00469762 0.00803354 0.010887 0.00360012 0.00835209 0.00780527 0.0114741 -0.00490962 -0.00672078 0.0017938 0.0158664 -0.00257791 0.0194247 0.00544193 0.0215904 0.0224683 0.0174592 -0.00390374 0.000922388
internal_weight=598.023 385.516 278.367 199.671 131.612 212.507 87.5045 65.0655 22.439 144.841 87.9855 56.8559 38.0022 71.5251 47.1707 68.0591 57.689 50.4308 30.1557 107.149 67.6659 25.9155 78.696 44.1075 44.6658 78.1899 28.9589
internal_count=1704 1140 773 603 362 564 269 192 77 412 239 173 106 205 126 241 209 162 75 367 152 79 170 93 104 273 94
is_linear=0
shrinkage=0.0144862


Tree=21
num_leaves=28
num_cat=0
split_feature=1 1 1 1 1 1 1 1 1 3 3 3 3 3 3 0 3 3 3 0 1 0 0 0 3 0 0
split_gain=18.353 54.2113 72.2601 47.2417 47.326 27.8546 10.4789 26.7805 8.75454 8.51793 16.8689 12.2169 21.2037 8.76817 7.53769 5.60708 3.42375 3.41131 2.58645 2.30798 2.2963 2.11368 2.09645 1.98039 1.90753 1.52873 1.4215
threshold=-0.36979102111976109 -0.30976332809883261 0.43977337224892188 0.53178439119669474 1.3094291958364745 -0.99189156790407906 2.1137352703750172 1.4140920485755559 2.2907844588158062 -0.45773049097128432 0.26160392451939263 -0.52401811727297753 -0.81449911072536196 0.3295906199428984 1.7724413147135019 1.0583229136861065 -0.77451714262299576 -0.52401811727297753 0.96968499839693922 0.88778833908496113 -0.48979541740326532 -0.30169178207169184 -0.51025422056031999 -0.27665448525149644 1.0000000180025095e-35 0.53564922200162013 1.4564283712933748
decision_type=2 2 2 2 2 2 2 2 2 2 2 2 2 2 2 2 2 2 2 2 2 2 2 2 2 2 2
left_child=5 19 21 15 24 9 7 17 -8 11 -11 12 -1 -12 18 16 -4 -6 -15 25 -7 -3 -19 -24 -5 -2 -21
right_child=1 2 3 4 6 20 8 -9 -10 10 13 -13 -14 14 -16 -17 -18 22 -20 26 -22 -23 23 -25 -26 -27 -28
leaf_value=0.00035712759403694669 -0.0028452364870297066 0.017850459468162716 0.0010482273362192936 0.019914850164099326 0.0086212160335590125 0.017207674401451243 -0.012049251513209083 0.02373962577063353 0.0060369180338036886 0.023767207361374911 0.00068004019200546949 -0.0058905216612072115 0.022682527010112183 0.020806880487996553 0.0036936304888450094 0.0047422360581786697 -0.0082235275501118879 0.0034289100339453594 0.012180972191924105 0.0039798939537647807 0.022920715371983449 0.023017061457238856 -0.0079105269572115437 0.00068766770681054096 0.026365371777239091 -0.0078889934281693753 -0.0023450390175870461
leaf_weight=24.666471585631371 62.703262761235237 25.952483028173447 9.7207072377204877 28.616032779216766 11.28895393013954 44.66501085460186 13.35491579771042 14.623820215463637 9.0514473021030408 16.453650638461113 24.357553631067276 18.829600885510445 13.332631975412367 12.00290669500828 17.021001949906349 10.379380539059637 47.877845257520676 17.360126018524166 18.171765759587288 15.007547274231912 22.984557494521141 52.704019278287888 9.987301826477049 11.807243898510938 15.452663376927374 15.420124650001524 13.956455722451208
leaf_count=78 217 60 32 63 32 104 51 30 26 34 79 67 28 26 51 32 177 55 49 47 48 110 37 38 30 56 47
internal_value=0.00808434 0.00619828 0.00956568 0.00493432 0.00998697 0.0114994 0.00383695 0.00675309 -0.00463622 0.00791794 0.0107273 0.00354984 0.00823297 0.00768905 0.0113021 -0.00484376 -0.00663372 0.00176748 0.0156279 -0.00254221 0.0191492 0.0212888 -0.00026899 -0.0032423 0.0221636 -0.00385073 0.000908841
internal_weight=597.749 385.264 278.177 199.52 131.543 212.485 87.4738 65.0674 22.4064 144.836 88.0069 56.8287 37.9991 71.5532 47.1957 67.9779 57.5986 50.4436 30.1747 107.087 67.6496 78.6565 39.1547 21.7945 44.0687 78.1234 28.964
internal_count=1704 1140 773 603 362 564 269 192 77 412 239 173 106 205 126 241 209 162 75 367 152 170 130 75 93 273 94
is_linear=0
shrinkage=0.0144862


Tree=22
num_leaves=29
num_cat=0
split_feature=4 4 4 4 3 3 3 3 4 4 4 4 4 4 3 1 4 4 4 3 1 4 4 3 3 1 3 3
split_gain=20.2131 56.5771 55.2228 38.0219 15.6063 15.251 16.5932 12.6503 9.81328 48.503 16.5615 17.7358 17.1446 5.21199 4.3582 4.27747 3.62355 16.7608 9.66349 3.20005 2.63634 2.66441 2.30992 1.76135 4.69195 3.21 1.25087 1.24872
threshold=-0.12388201523749372 -0.10117990212194466 -0.57804390007765316 0.26543698238015412 -0.39637255817794798 -0.52401811727297753 -1.1079474925031649 -0.066753148546350963 -1.0904357891992069 -0.67355127501412004 -1.1387745055992011 -1.5882449443731639 -1.6509421024785467 0.81204465305063289 0.96968499839693922 0.43977337224892188 0.92007127330637772 1.3653437089470024 0.81204465305063289 0.26160392451939263 -0.36979102111976109 0.43558507731961271 0.10261202914880686 0.46814851029914545 0.26160392451939263 -0.17917218323731168 0.61794179435526442 1.5763603623635019
decision_type=2 2 2 2 2 2 2 2 2 2 2 2 2 2 2 2 2 2 2 2 2 2 2 2 2 2 2 2
left_child=2 15 8 22 5 6 20 -6 10 -10 11 12 -1 -7 -12 -2 18 -18 -9 -17 -5 -22 -3 24 25 -11 -4 -25
right_child=1 3 26 4 7 13 -8 16 9 23 14 -13 -14 -15 -16 19 17 -19 -20 -21 21 -23 -24 27 -26 -27 -28 -29
leaf_value=0.015481916794783654 -0.0033121139981729664 0.023689399191861724 0.022206330207038598 0.0060393858115289642 0.020706091204152496 0.0014244480188499234 0.016667014404216911 0.0096934847001471629 0.023128253934248933 0.0010430731494679012 0.00041171739311978263 0.020068685036859671 -0.0060381618402081498 -0.0085350633765923674 -0.0095323137009164765 -0.0059472713023950791 0.025607782795572055 0.0034341039160967479 -0.0038386388703815005 -0.015697636095868665 -0.0059060167680254835 0.0025508589970952961 0.017063163680649796 0.0093221724189423306 -0.0040271231445502438 0.0094277850995101563 0.027142686078419916 0.0028118734493181047
leaf_weight=12.609139546751978 37.393150702118874 24.008267760276794 38.270854264497757 20.671262308955193 19.295277923345566 19.033212170004845 22.887075677514076 33.74935294687748 40.408712610602379 19.437539219856262 27.190431773662567 19.774401992559433 18.679175421595573 25.082113906741142 13.488783612847326 14.043166041374208 10.996756419539453 18.529629200696945 15.89917169511318 13.792292863130568 11.841063961386679 21.004744082689285 21.561443522572517 15.905936673283579 16.800568282604218 18.095886096358299 17.281464576721191 9.6775210946798307
leaf_count=31 130 49 80 60 42 62 53 94 83 61 89 43 66 94 51 51 22 56 54 57 42 66 50 46 58 51 33 30
internal_value=0.00797234 0.00557151 0.0109283 0.00854667 0.00604262 0.00254801 0.00644577 0.0103078 0.00756184 0.0102741 0.00399305 0.00945188 0.00272106 -0.00420498 -0.00287379 -0.00647016 0.00774894 0.0117306 0.00534915 -0.0107779 0.00205109 -0.000502075 0.020524 0.00375034 0.0022558 0.00508154 0.0237281 0.0068389
internal_weight=597.408 329.788 267.62 264.559 218.99 120.519 76.4041 98.4702 212.068 120.326 91.7419 51.0627 31.2883 44.1153 40.6792 65.2286 79.1749 29.5264 49.6485 27.8355 53.5171 32.8458 45.5697 79.9175 54.334 37.5334 55.5523 25.5835
internal_count=1704 982 722 744 645 377 221 268 609 329 280 140 97 156 140 238 226 78 148 108 168 108 99 246 170 112 113 76
is_linear=0
shrinkage=0.0144862


Tree=23
num_leaves=30
num_cat=0
split_feature=2 2 2 2 2 2 2 2 2 0 0 0 4 0 0 0 4 4 0 0 0 4 2 4 0 0 0 0 0
split_gain=20.1401 58.8804 74.6172 47.4544 33.1956 32.1589 21.3135 25.2705 22.2769 15.6791 6.14277 5.88572 5.19124 5.00639 8.96925 3.98515 3.17607 2.60166 2.31462 2.27036 3.4573 2.16041 2.13189 1.67788 1.66219 3.64437 1.5717 1.51603 1.21508
threshold=-0.69972874731304169 1.0000000180025095e-35 0.031977609934829745 0.72059368467215046 -0.74937431280164934 -1.2536974192686836 0.81499198357074809 1.3729082814080018 1.5120648737530427 -0.89842377837745824 1.4564283712933748 -0.27665448525149644 -0.12388201523749372 1.4564283712933748 -0.20598741005048568 -0.51025422056031999 0.10261202914880686 -0.12388201523749372 -0.89842377837745824 0.66851444456337983 0.53564922200162013 -0.046575955756256171 -0.38201714431718403 -0.91129731355121979 0.66851444456337983 0.53564922200162013 -0.89842377837745824 -0.36293145898140472 -0.51025422056031999
decision_type=2 2 2 2 2 2 2 2 2 2 2 2 2 2 2 2 2 2 2 2 2 2 2 2 2 2 2 2 2
left_child=4 16 12 21 5 13 9 -8 17 -5 28 15 -3 14 18 -11 -2 -9 -1 20 -13 -4 -18 -10 25 -16 -14 -23 -6
right_child=1 2 3 6 10 -7 7 8 23 11 -12 19 26 -15 24 -17 22 -19 -20 -21 -22 27 -24 -25 -26 -27 -28 -29 -30
leaf_value=0.0030302100957344965 0.023441189393685658 -0.00038722266902440434 0.023348878497359629 0.013164260435286079 -0.009110409138181879 0.019216950012831181 0.022408921965072236 -0.0070645775258334287 0.010504672188169539 -0.0018518089470195547 0.0049926535992756071 0.0031100027654088012 -0.013870893427271432 -0.0045816618201146792 0.0121047505917146 -0.013052459062636057 0.021861258456657772 0.0014582184042509121 -0.0066548614787650577 0.0070886727294860634 -0.0081839224903458557 0.014773770193696025 0.014318861323442967 0.017113149931607237 0.014063826316675297 0.0010597121136275464 -0.0067992019606948166 0.02163079420198203 -0.0039231291448959746
leaf_weight=8.5264384448528308 45.803964868187904 31.125432968139648 40.868830367922783 18.195019945502281 11.076510995626448 41.685477033257484 30.471740394830704 14.694557368755342 13.606836974620817 13.607083484530449 16.401456579566002 16.51224459707737 7.5263955295085898 13.559586986899374 14.017214491963387 12.42426934838295 13.309344753623007 14.533690884709356 11.802171990275381 11.285856917500494 8.1197959482669848 15.058939442038538 19.476639702916145 19.972698464989662 11.016267120838164 10.635991707444191 42.754012957215309 12.791611507534979 56.155625477433205
leaf_count=26 93 104 83 47 42 92 63 53 36 46 50 52 31 46 37 49 28 48 41 33 30 36 47 47 28 34 157 27 198
internal_value=0.00786259 0.00971385 0.0069821 0.0110097 0.00404251 0.00921083 0.00697697 0.011666 0.00643227 0.00150483 -0.00283889 -0.00197373 -0.00498281 0.00320354 0.00508937 -0.00718486 0.0209265 -0.00276282 -0.00249686 0.00179607 -0.000631817 0.0211631 0.0174596 0.0144018 0.00944249 0.00735973 -0.00788015 0.0180018 -0.0047897
internal_weight=597.016 402.139 323.549 242.143 194.877 111.243 173.424 93.2795 62.8078 80.1443 83.6336 61.9493 81.4058 69.5577 55.9981 26.0314 78.5899 29.2282 20.3286 35.9179 24.632 68.7194 32.786 33.5795 35.6695 24.6532 50.2804 27.8506 67.2321
internal_count=1704 1110 942 650 594 304 504 247 184 257 290 210 292 212 166 95 168 101 67 115 82 146 75 83 99 71 188 63 240
is_linear=0
shrinkage=0.0144862


Tree=24
num_leaves=26
num_cat=0
split_feature=2 2 2 2 2 2 2 2 2 3 1 1 1 1 3 3 1 3 3 1 3 3 3 2 2
split_gain=19.6075 57.3254 72.5387 46.2379 32.2534 31.2978 20.7244 24.6476 21.6271 8.2886 6.98944 3.88974 3.54804 3.09365 5.12635 3.94894 3.03749 2.11649 2.05601 1.99969 1.79578 1.78243 4.03076 1.53557 1.42292
threshold=-0.69972874731304169 1.0000000180025095e-35 0.031977609934829745 0.72059368467215046 -0.74937431280164934 -1.2536974192686836 0.81499198357074809 1.3729082814080018 1.5120648737530427 0.96968499839693922 0.8893118293275043 1.0000000180025095e-35 -0.23380133559262892 0.43977337224892188 0.26160392451939263 0.46814851029914545 0.43977337224892188 -0.66989875623872586 -0.69988971929381505 -0.65883284006285803 -0.066753148546350963 0.26160392451939263 0.96968499839693922 2.3318088481973098 -0.38201714431718403
decision_type=2 2 2 2 2 2 2 2 2 2 2 2 2 2 2 2 2 2 2 2 2 2 2 2 2
left_child=4 17 -3 12 5 9 13 -8 19 10 11 18 -4 15 -15 -5 21 -2 -1 -9 -20 -6 -23 -10 -19
right_child=1 2 3 6 16 -7 7 8 23 -11 -12 -13 -14 14 -16 -17 -18 24 20 -21 -22 22 -24 -25 -26
leaf_value=-0.00068670050537280366 0.015519308786179322 -0.0049174288866429151 0.016969334974822409 0.00096222597482513005 -0.0029763675751754495 0.018959421191543941 0.022129174403173003 0.0027317315978800574 0.011849113674290567 -0.0088236705534382193 0.013590623477402622 -0.005274456889386693 0.023716299065158805 0.0039783859924882843 -0.0080528633691664721 0.0096158625964393105 -0.0059156884079737378 0.02490727870126495 0.011264457747320806 -0.0053085317803914806 0.0034166466406547148 0.0074493353117198926 -0.0051304358075591992 0.018301543965830207 0.020186892366023168
leaf_weight=10.153746157884589 14.002390429377554 81.298768535256386 28.520060673356056 35.678835570812225 25.091978698968887 41.642445221543312 30.412622615695 9.0643057525157946 21.378596991300583 9.9605758339166623 15.035799130797384 10.457185596227644 40.084322273731232 13.792635217309 15.133517876267431 15.515525355935095 36.739137917757034 21.849526330828667 10.769188001751894 20.14570127427578 13.186414390802396 13.511480495333673 8.2271522581577283 12.211664289236067 42.613297641277313
leaf_count=33 33 292 65 115 87 92 63 29 55 36 39 35 81 43 55 44 133 43 30 72 39 41 29 28 92
internal_value=0.00775623 0.00958419 0.00688812 0.0108602 0.00398636 0.00908104 0.00688011 0.011506 0.00634008 0.00315699 0.0051767 0.00230663 0.0208926 0.00148382 -0.00228832 0.00359965 -0.00279989 0.0206571 0.00464829 -0.00272472 0.00695335 -0.000376746 0.00263789 0.0141893 0.0218116
internal_weight=596.477 401.702 323.237 241.938 194.775 111.205 173.333 93.2129 62.8003 69.5629 59.6023 44.5665 68.6044 80.1205 28.9262 51.1944 83.5697 78.4652 34.1093 29.21 23.9556 46.8306 21.7386 33.5903 64.4628
internal_count=1704 1110 942 650 594 304 504 247 184 212 176 137 146 257 98 159 290 168 102 101 69 157 70 83 135
is_linear=0
shrinkage=0.0144862


Tree=25
num_leaves=29
num_cat=0
split_feature=2 2 2 2 2 2 2 2 2 0 3 0 0 0 0 3 3 0 0 0 0 0 3 0 0 2 3 2
split_gain=19.0904 55.8325 70.5162 45.0714 31.3378 30.474 20.1653 24.048 20.9984 15.21 8.05847 7.90687 11.1118 5.94835 5.71835 4.75708 4.22261 4.36289 4.09062 3.88035 2.39273 2.13624 2.07606 1.73159 1.68219 1.49512 1.37815 1.28392
threshold=-0.69972874731304169 1.0000000180025095e-35 0.031977609934829745 0.72059368467215046 -0.74937431280164934 -1.2536974192686836 0.81499198357074809 1.3729082814080018 1.5120648737530427 -0.89842377837745824 0.96968499839693922 -0.51025422056031999 1.4564283712933748 1.4564283712933748 -0.27665448525149644 -0.30674666200234618 -0.52401811727297753 0.66851444456337983 -0.89842377837745824 -0.51025422056031999 -0.51025422056031999 0.32358946385195947 -0.66989875623872586 -0.36293145898140472 0.47958235890017104 2.3318088481973098 0.96968499839693922 -0.38201714431718403
decision_type=2 2 2 2 2 2 2 2 2 2 2 2 2 2 2 2 2 2 2 2 2 2 2 2 2 2 2 2
left_child=4 22 18 23 5 10 9 -8 20 -5 11 -1 15 26 19 -13 -16 -18 -3 -11 -9 -20 -2 -4 27 -10 -6 -24
right_child=1 2 3 6 13 -7 7 8 25 14 -12 12 -14 -15 16 -17 17 -19 21 -21 -22 -23 24 -25 -26 -27 -28 -29
leaf_value=-0.0050949001336561741 0.015305072513671377 -0.014370849341590735 0.017160527297689767 0.012938662422025224 -0.0036748935027826864 0.018708457000930698 0.021857738542178373 -0.008277837592516657 0.011673196047254907 -0.0018509817164438758 -0.0087147676196931666 0.0064494458516212464 -0.0035088112104952312 0.0049409524289466622 0.010432796378873654 0.017097853034996446 -0.0047753423098038034 0.0075441328448805772 -0.005622507654325779 -0.012914160661190541 0.00026767464702608741 -0.00047656311124729051 0.023964576081769849 0.022250727782580252 0.025665203791578044 0.018039551906855734 -0.0089006883638025093 0.018554060993051867
leaf_weight=12.184841915965078 13.992695122957228 8.1775076985359174 21.523936972022057 18.212962180376053 54.275076165795326 41.592552468180656 30.346957251429558 10.232540488243105 21.386595100164413 13.603890761733055 9.9437788575887662 16.474858894944184 12.859427809715269 16.410991102457047 8.5235908329486829 18.113751813769348 19.121808826923374 8.2881751060485822 46.99053318798542 12.381251022219658 18.957564473152161 26.033533215522766 13.511130675673483 46.95577298104763 16.07257467508316 12.211182668805121 12.82587745785713 34.752714157104492
leaf_count=41 33 34 49 47 192 92 63 38 55 46 36 49 43 50 24 43 67 24 171 49 63 87 27 97 31 28 48 77
internal_value=0.00765082 0.00945582 0.00679479 0.010712 0.00393044 0.00895258 0.00678376 0.01135 0.00625009 0.00146233 0.00311013 0.00509921 0.00776658 -0.00276163 -0.00196639 0.012021 0.00174609 -0.000988774 -0.00485255 -0.00711021 -0.00268691 -0.00378954 0.0203938 0.0206281 0.0215389 0.0139816 -0.00468494 0.0201216
internal_weight=595.958 401.277 322.948 241.746 194.681 111.169 173.267 93.1348 62.7879 80.1317 69.5767 59.6329 47.448 83.5119 61.9187 34.5886 35.9336 27.41 81.2016 25.9851 29.1901 73.0241 78.3291 68.4797 64.3364 33.5978 67.101 48.2638
internal_count=1704 1110 942 650 594 304 504 247 184 257 212 176 135 290 210 92 115 91 292 95 101 258 168 146 135 83 240 104
is_linear=0
shrinkage=0.0144862


Tree=26
num_leaves=27
num_cat=0
split_feature=1 1 1 1 1 1 1 1 1 3 3 3 3 3 3 0 3 3 3 1 0 0 0 3 0 0
split_gain=16.9393 15.3623 15.8477 49.8809 63.2823 44.1542 41.6032 24.7926 7.8817 7.86142 15.3523 10.8372 19.4426 7.65951 7.1048 5.35245 3.26661 3.16328 2.19311 2.1875 2.13064 1.98502 1.91754 1.87645 1.50904 1.37546
threshold=2.1137352703750172 1.4140920485755559 -0.36979102111976109 -0.30976332809883261 0.43977337224892188 0.53178439119669474 1.3094291958364745 -0.99189156790407906 2.2907844588158062 -0.45773049097128432 0.26160392451939263 -0.52401811727297753 -0.81449911072536196 0.3295906199428984 1.7724413147135019 1.0583229136861065 -0.77451714262299576 0.26160392451939263 0.96968499839693922 -0.48979541740326532 0.88778833908496113 -0.30169178207169184 -0.7083100669291934 1.0000000180025095e-35 0.53564922200162013 1.4564283712933748
decision_type=2 2 2 2 2 2 2 2 2 2 2 2 2 2 2 2 2 2 2 2 2 2 2 2 2 2
left_child=1 2 7 20 21 15 23 9 -2 11 -11 12 -1 -12 18 16 -6 -8 -15 22 24 -5 -9 -7 -4 -22
right_child=8 -3 3 4 5 6 17 19 -10 10 13 -13 -14 14 -16 -17 -18 -19 -20 -21 25 -23 -24 -25 -26 -27
leaf_value=6.7131939198884468e-05 -0.011813454803907168 0.022502522944569222 -0.0027369787502093909 0.016737347640266891 0.0010824890341928151 0.018681382640101184 0.0051503618452030369 0.020872097282860737 0.0053860103832571154 0.022568154582831217 0.00063863892157574418 -0.0057257030065917215 0.021475335205408286 0.019571037744106491 0.003177975956925341 0.0046988788497019842 -0.0079843625204362497 -0.0020550491644194817 0.011606478823640751 0.021690033938113557 0.0038573076670934923 0.021748958628055339 0.014168566692530006 0.025084595810183286 -0.0077550871503664007 -0.0023641108625495049
leaf_weight=24.661902219057083 13.275835156440737 14.516410946846007 62.520974427461624 25.853363662958145 9.7057002633810026 28.411581367254257 25.887293174862862 12.499433994293211 9.0214138776063901 16.357400998473167 24.353018298745155 18.762782469391823 13.269957944750784 11.936420649290087 16.96870394051075 10.381439656019209 47.575986281037331 24.399788305163383 18.157789587974548 22.835102513432503 15.010918095707895 52.312139391899109 32.004328444600105 15.308630943298338 15.37503959238529 13.955405756831167
leaf_count=78 51 30 217 60 32 63 79 27 26 34 79 67 28 26 51 32 177 83 49 48 47 110 77 30 56 47
internal_value=0.00754846 0.00803041 0.00764632 0.00573799 0.00940068 0.00423336 0.0106325 0.0107656 -0.004708 0.00738465 0.0100875 0.00318415 0.00759587 0.00719099 0.010575 -0.0046676 -0.00642342 0.00169495 0.0147793 0.0180015 -0.00247751 0.0200696 0.0161077 0.0209175 -0.00373739 0.000837323
internal_weight=595.319 573.022 558.505 346.698 239.836 161.67 94.0073 211.807 22.2972 144.468 87.7733 56.6946 37.9319 71.4159 47.0629 67.6631 57.2817 50.2871 30.0942 67.3389 106.862 78.1655 44.5038 43.7202 77.896 28.9663
internal_count=1704 1627 1597 1033 666 496 255 564 77 412 239 173 106 205 126 241 209 162 75 152 367 170 104 93 273 94
is_linear=0
shrinkage=0.0144862


Tree=27
num_leaves=27
num_cat=0
split_feature=2 2 2 2 2 2 2 2 2 0 1 1 0 0 1 0 1 0 0 0 0 2 0 0 2 0
split_gain=18.3377 53.1816 67.2291 42.9984 29.4913 29.1994 19.211 22.9829 19.9846 14.6256 5.98221 7.35437 5.75413 5.52212 4.34358 3.99078 3.4916 2.34003 2.27638 2.1113 3.28939 1.74319 1.73704 1.525 1.45838 1.25255
threshold=-0.69972874731304169 1.0000000180025095e-35 0.031977609934829745 0.72059368467215046 -0.74937431280164934 -1.2536974192686836 0.81499198357074809 1.3729082814080018 1.5120648737530427 -0.89842377837745824 0.8893118293275043 -0.36979102111976109 1.4564283712933748 -0.27665448525149644 0.43977337224892188 -0.51025422056031999 -0.23380133559262892 -0.51025422056031999 0.20113937630584797 0.66851444456337983 0.53564922200162013 -0.44487891645451161 0.53564922200162013 0.50571348268548044 2.3318088481973098 0.32358946385195947
decision_type=2 2 2 2 2 2 2 2 2 2 2 2 2 2 2 2 2 2 2 2 2 2 2 2 2 2
left_child=4 21 15 16 5 10 9 -8 17 -5 11 -1 -6 14 -11 -3 18 -9 -4 20 -15 -2 -13 -23 -10 -17
right_child=1 2 3 6 12 -7 7 8 24 13 -12 22 -14 19 -16 25 -18 -19 -20 -21 -22 23 -24 -25 -26 -27
leaf_value=0.0062104668999895321 0.02357985540975573 -0.010013319762867208 0.011863597375203658 0.012665772575897254 -0.004592311449177983 0.01824145770696636 0.021379157384402363 -0.0081657893450612813 0.011359657579611639 -0.0013430272433842517 0.010531419029809475 -0.00083764090599303251 0.0048739394615689427 0.0029994129927347992 -0.01305173039940799 -0.00468477173474655 0.022966752851593174 0.0002922128868655378 0.020058067943464663 0.0067943055149479242 -0.0080267421489946308 0.017151432849821735 -0.0079544500994411065 0.022718304837458108 0.017646379941974346 -0.00045988954918966846
leaf_weight=25.272205993533134 20.910374835133553 21.988153532147408 13.407588407397272 18.2246153652668 66.98258601129055 41.474370524287224 30.208531484007835 10.207763314247133 21.382633045315742 13.345123544335367 16.225557491183281 13.648375540971758 16.423251673579216 16.52344873547554 12.575027391314505 33.030644342303276 39.821739196777344 18.94970691204071 14.980699777603148 11.315434172749518 8.0948929935693759 42.899303495883942 14.430366829037665 14.211914867162703 12.200789928436278 26.027216717600822
leaf_count=73 42 86 33 47 240 92 63 38 55 45 44 44 50 52 50 119 81 63 32 33 30 97 51 29 28 87
internal_value=0.00744667 0.00921863 0.00662083 0.01045 0.00379905 0.00867325 0.00661396 0.0110769 0.00609575 0.00141984 0.00295936 0.000601987 -0.0026973 -0.00194625 -0.00700994 -0.00476243 0.0201576 -0.00262908 0.0162619 0.00169937 -0.000644799 0.0199169 -0.00446905 0.018581 0.0136385 -0.00283027
internal_weight=594.762 400.306 322.284 241.238 194.457 111.051 173.028 92.9494 62.7409 80.0785 69.5765 53.3509 83.4058 61.8539 25.9202 81.046 68.21 29.1575 28.3883 35.9338 24.6183 78.0216 28.0787 57.1112 33.5834 59.0579
internal_count=1704 1110 942 650 594 304 504 247 184 257 212 168 290 210 95 292 146 101 65 115 82 168 95 126 83 206
is_linear=0
shrinkage=0.0144862


Tree=28
num_leaves=28
num_cat=0
split_feature=2 2 2 2 2 2 2 2 2 3 1 1 3 1 3 1 1 1 3 1 3 3 3 3 2 2 3
split_gain=17.8667 51.8353 65.3859 41.9488 28.6615 28.4473 18.696 24.8414 19.4119 7.73108 6.55449 3.76087 3.72379 6.46214 4.95399 3.42229 2.89178 2.18954 2.04533 1.89683 1.8943 1.8265 1.73123 3.90698 1.42164 1.37545 1.25043
threshold=-0.69972874731304169 1.0000000180025095e-35 0.031977609934829745 0.72059368467215046 -0.74937431280164934 -1.2536974192686836 0.89442266433793904 1.3729082814080018 1.5120648737530427 0.96968499839693922 0.8893118293275043 1.0000000180025095e-35 -0.52401811727297753 0.12893343160996845 -0.1351705938880626 -0.23380133559262892 0.43977337224892188 0.68723304325524481 -0.66989875623872586 -0.65883284006285803 -0.69988971929381505 -0.066753148546350963 0.26160392451939263 0.96968499839693922 2.3318088481973098 -0.38201714431718403 0.46814851029914545
decision_type=2 2 2 2 2 2 2 2 2 2 2 2 2 2 2 2 2 2 2 2 2 2 2 2 2 2 2
left_child=4 18 -3 15 5 9 12 -8 19 10 11 20 -5 14 -14 -4 22 -15 -2 -9 -1 -22 -6 -24 -10 -20 -16
right_child=1 2 3 6 16 -7 7 8 24 -11 -12 -13 13 17 26 -17 -18 -19 25 -21 21 -23 23 -25 -26 -27 -28
leaf_value=-0.00073571073022241442 0.014623184216724977 -0.0046998932300504623 0.016055036855039732 0.0076920632367584634 -0.0028611403877929916 0.018008111514550583 0.02233893819902906 0.0027186727776692451 0.011193295024995428 -0.0086740922156481187 0.013003717868027963 -0.0053721683146215728 -0.004186864415774514 -0.011105812276682883 0.003505762250890926 0.022699828134602664 -0.0057077826012283126 -0.0022825745994665557 0.023868590799962501 -0.0051158721078783621 0.010938031068609431 0.0030327054863624118 0.007407698011809574 -0.0049870557140433867 0.017400769071102485 0.019216561294764376 0.0093274502470373135
leaf_weight=10.154915288090697 13.945805534720419 80.941516160964966 28.339892700314522 16.039928242564201 25.038273736834526 41.406120985746384 27.846383944153786 9.0660085082054156 21.386289611458778 9.9303984791040403 15.060244143009184 10.45306622982025 12.545436963438986 10.077705606818201 14.86849555373192 39.70830012857914 36.584943994879723 13.266279265284536 21.60287269949913 20.072007223963737 10.784249573945994 13.203070074319852 13.515607908368112 8.2049577683210355 12.195396572351454 42.298776313662529 15.529891312122343
leaf_count=33 33 292 65 46 87 92 57 29 55 36 39 35 44 39 46 81 133 44 43 72 30 39 41 29 28 92 44
internal_value=0.00734805 0.00909883 0.00653355 0.0103121 0.00374692 0.00855304 0.00652386 0.0110479 0.00601023 0.00291673 0.00486356 0.00208429 0.00153289 5.43889e-06 0.00332093 0.0199141 -0.00266005 -0.00607315 0.0196735 -0.00259323 0.00438495 0.00659549 -0.000295255 0.00267591 0.0134426 0.0208132 0.00647291
internal_weight=594.067 399.731 321.884 240.942 194.336 110.992 172.894 90.5661 62.7197 69.5859 59.6555 44.5953 82.3277 66.2878 42.9438 68.0482 83.3438 23.344 77.8475 29.138 34.1422 23.9873 46.7588 21.7206 33.5817 63.9016 30.3984
internal_count=1704 1110 942 650 594 304 504 241 184 212 176 137 263 217 134 146 290 83 168 101 102 69 157 70 83 135 90
is_linear=0
shrinkage=0.0144862


Tree=29
num_leaves=26
num_cat=0
split_feature=2 2 2 2 2 2 2 2 2 0 1 1 0 0 0 1 0 0 0 0 0 1 1 0 2
split_gain=17.4092 50.5447 63.5909 40.9412 27.8568 27.7246 18.2031 24.2742 18.8562 13.7125 5.61357 7.08017 5.57139 4.97147 3.94851 3.35969 2.26531 2.24069 1.99643 1.72528 1.71608 1.4232 2.6762 4.48709 1.38647
threshold=-0.69972874731304169 1.0000000180025095e-35 0.031977609934829745 0.72059368467215046 -0.74937431280164934 -1.2536974192686836 0.89442266433793904 1.3729082814080018 1.5120648737530427 -0.89842377837745824 0.8893118293275043 -0.36979102111976109 1.4564283712933748 0.62491501389372894 -0.89842377837745824 -0.23380133559262892 -0.51025422056031999 0.20113937630584797 0.32358946385195947 0.1303845022848949 0.53564922200162013 -0.55715926190721443 0.12893343160996845 0.070995917162297806 2.3318088481973098
decision_type=2 2 2 2 2 2 2 2 2 2 2 2 2 2 2 2 2 2 2 2 2 2 2 2 2
left_child=4 19 14 15 5 10 9 -8 16 -5 11 -1 -6 21 -3 17 -9 -4 -16 -2 -13 -11 23 -23 -10
right_child=1 2 3 6 12 -7 7 8 24 13 -12 20 -14 -15 18 -17 -18 -19 -20 -21 -22 22 -24 -25 -26
leaf_value=0.006087139547286337 0.017252407576535581 -0.014041059044450972 0.011487062087770363 0.012441524607486685 -0.0044918175980528368 0.0177802522697529 0.022085399562956649 -0.0080149237189895799 0.011030088989106238 -0.008453894770658511 0.010201717581650368 -0.00078208464158440805 0.0048225841935495093 0.006566410281862489 -0.0053723663267005095 0.022440966773413642 0.00031571645073493615 0.019625770169919034 -0.00039123729619757277 0.021682423593928184 -0.0078589112064417956 0.0072667566825078116 -0.0063433137121502161 -0.0053584288406539589 0.017161045846323279
leaf_weight=25.291052311658859 39.13522133231163 8.09023869037628 13.376557499170305 18.236930444836617 66.854329586029053 41.332188352942467 27.760835126042366 10.176172643899919 21.388564229011536 9.8633179962635023 16.250114858150482 13.641552582383158 16.432391107082367 12.084930896759031 46.757425576448441 39.586456641554832 18.942202344536781 14.914128571748732 25.998501092195511 38.523559361696243 14.409669622778891 11.331756591796877 19.4022067040205 11.403569638729094 12.188247814774511
leaf_count=73 88 34 33 47 240 92 57 38 55 36 44 44 50 35 171 81 63 32 87 80 51 34 71 40 28
internal_value=0.00725037 0.00898028 0.00644689 0.0101754 0.00369496 0.00843446 0.0064342 0.0109023 0.0059261 0.00151065 0.00287372 0.000588378 -0.00262369 -0.0016487 -0.00463767 0.0196756 -0.00255721 0.0158502 -0.00359397 0.0194363 -0.00439178 -0.00359771 -0.00244105 0.000908183 0.0132507
internal_weight=593.372 399.161 321.502 240.656 194.211 110.925 172.779 90.456 62.6952 82.3227 69.5924 53.3423 83.2867 64.0858 80.8462 67.8771 29.1184 28.2907 72.7559 77.6588 28.0512 52.0009 42.1375 22.7353 33.5768
internal_count=1704 1110 942 650 594 304 504 241 184 263 212 168 290 216 292 146 101 65 258 168 95 181 145 74 83
is_linear=0
shrinkage=0.0144862


Tree=30
num_leaves=29
num_cat=0
split_feature=4 4 4 4 2 2 2 2 2 4 4 4 4 4 2 2 2 2 1 4 1 1 4 2 1 2 4 4
split_gain=17.736 48.073 47.7062 32.2485 11.629 19.1341 19.9672 12.8672 15.5311 8.86481 40.815 13.4377 14.9473 15.4952 9.01688 6.84006 6.54019 4.79191 5.98293 3.76769 3.67536 2.52808 2.32712 1.77588 1.76376 3.16754 1.62834 1.25239
threshold=-0.12388201523749372 -0.10117990212194466 -0.57804390007765316 0.26543698238015412 0.057542657545605544 1.0000000180025095e-35 -0.64270501345133713 -0.74937431280164934 -1.2536974192686836 -1.0904357891992069 -0.67355127501412004 -1.1387745055992011 -1.5882449443731639 -1.6509421024785467 0.72059368467215046 0.15045086667480623 1.4782987723741299 0.58587400141658297 -0.36979102111976109 1.3653437089470024 0.12893343160996845 0.43977337224892188 0.10261202914880686 1.4782987723741299 -0.36979102111976109 1.0000000180025095e-35 0.81204465305063289 1.9021124265925964
decision_type=2 2 2 2 2 2 2 2 2 2 2 2 2 2 2 2 2 2 2 2 2 2 2 2 2 2 2 2
left_child=2 16 9 22 5 6 7 8 19 11 -11 12 13 -1 -13 -12 24 -6 -19 20 -5 -9 -3 -17 -2 -26 -7 -21
right_child=1 3 -4 4 17 26 -8 21 -10 10 15 14 -14 -15 -16 23 -18 18 -20 27 -22 -23 -24 -25 25 -27 -28 -29
leaf_value=0.014358166308887876 -0.0034789537149352177 0.021954440490745068 0.021953488681629767 0.00061959240230279738 0.017172231315479042 -0.002910056521196038 0.017503026417430255 -0.0010109931635506808 0.016597463345346251 0.021327472043165194 -0.00032904959143341975 0.00328816693642035 0.01820107491342824 -0.0061342307325304313 -0.010309372355655072 0.010706761981313786 0.0038586342316599101 0.013590979712067021 0.0026605760988852737 -0.005541266060250646 0.012578155956913625 -0.0088751172623548844 0.015291159120610756 0.0040369355527326454 -0.0053352206017400509 -0.013299496295979554 -0.0092954278811907317 0.0017098096040196818
leaf_weight=12.552754133939745 12.058648824691771 23.623117730021477 54.575739845633507 11.490040689706804 17.325954705476761 15.016029015183447 24.544809505343437 25.278290063142776 22.479066759347916 39.689207181334496 44.586582779884338 22.380870416760445 19.462464809417725 18.648598432540894 18.143339082598686 21.863975271582603 10.76496562361717 20.653601199388504 20.533645644783974 12.394865304231645 9.3923344016075117 12.502024441957472 21.352221414446831 13.185099363327025 18.896693274378777 23.089989513158798 18.351402431726456 7.773604989051818
leaf_count=31 42 49 113 36 39 53 55 86 51 83 146 72 43 66 68 60 34 52 64 42 25 47 50 40 69 93 71 24
internal_value=0.0071551 0.00490015 0.00993873 0.00765289 0.00534724 0.0033153 0.00589412 0.00305859 0.00701893 0.00681118 0.00940148 0.00341104 0.00835278 0.00219014 -0.00278072 0.00343518 -0.00623466 0.0108454 0.00816801 0.00175072 0.00598613 -0.0036017 0.0187618 0.0081737 -0.00831689 -0.00972073 -0.0063727 -0.00269456
internal_weight=592.61 327.521 265.089 262.711 217.736 159.222 125.855 101.31 63.5299 210.513 119.325 91.188 50.6638 31.2014 40.5242 79.6357 64.8103 58.5132 41.1872 41.0508 20.8824 37.7803 44.9753 35.0491 54.0453 41.9867 33.3674 20.1685
internal_count=1704 982 722 744 645 490 366 311 178 609 329 280 140 97 140 246 238 155 116 127 61 133 99 100 204 162 124 66
is_linear=0
shrinkage=0.0144862


Tree=31
num_leaves=30
num_cat=0
split_feature=4 4 4 4 2 2 2 2 2 4 4 4 4 4 2 2 2 0 2 0 0 0 2 2 4 0 4 0 0
split_gain=17.2583 46.7479 46.6065 31.4334 11.2901 18.6077 19.4447 12.5074 15.1299 8.61395 39.8732 13.0736 14.572 15.0605 8.77984 6.63679 6.3732 6.16686 4.68266 3.718 4.16566 3.15437 3.16621 3.1465 2.28725 1.81104 1.59065 1.55518 1.62349
threshold=-0.12388201523749372 -0.10117990212194466 -0.57804390007765316 0.26543698238015412 0.057542657545605544 1.0000000180025095e-35 -0.64270501345133713 -0.74937431280164934 -1.2536974192686836 -1.0904357891992069 -0.67355127501412004 -1.1387745055992011 -1.5882449443731639 -1.6509421024785467 0.72059368467215046 0.15045086667480623 1.4782987723741299 0.070995917162297806 0.58587400141658297 -0.51025422056031999 0.53564922200162013 -0.89842377837745824 0.81499198357074809 0.72059368467215046 0.10261202914880686 0.070995917162297806 0.81204465305063289 0.66851444456337983 0.070995917162297806
decision_type=2 2 2 2 2 2 2 2 2 2 2 2 2 2 2 2 2 2 2 2 2 2 2 2 2 2 2 2 2
left_child=2 16 9 24 5 6 7 8 19 11 -11 12 13 -1 -13 27 17 23 -6 -5 -21 -20 -23 -2 -3 -17 -7 28 -12
right_child=1 3 -4 4 18 26 -8 -9 -10 10 15 14 -14 -15 -16 25 -18 -19 21 20 -22 22 -24 -25 -26 -27 -28 -29 -30
leaf_value=0.014153046160073552 -0.010387158668346446 0.021702615704462767 0.021706611529643639 -0.004130984061926306 0.016953949115810073 -0.0028696810149734893 0.017281686445849251 -0.0035530271471629926 0.016386807976949008 0.021086568249944627 0.0019669119813668615 0.0032390539870947002 0.017980844421741419 -0.0060544303945237387 -0.010184871695655077 0.011321245499986759 0.0038022370055867888 -0.0044581920414185437 0.012073638219896807 0.010255608102026449 -0.0010202157013631823 -0.00083202987262609635 0.010249881200423559 -0.022347010661919707 0.015090578137254796 0.0047888714109604593 -0.009185696043353838 0.0030751234968023041 -0.0051493640073011788
leaf_weight=12.553568169474604 13.141208291053774 23.55268332362175 54.4004877358675 14.427030876278875 17.296865195035934 15.005143791437147 24.502173200249672 37.74815322458744 22.441071301698685 39.5643460303545 10.441200897097589 22.396518781781197 19.415932714939117 18.625652372837067 18.10198999941349 17.56600558757782 10.773095831274984 33.892112731933594 20.195384308695793 13.978031247854235 12.651039376854895 11.727444082498552 9.2740147709846479 6.8889163434505454 21.323000490665436 17.510853543877602 18.303362891077995 16.898590758442879 17.244289860129356
leaf_count=31 53 49 113 48 39 53 55 133 51 83 34 72 43 66 68 48 34 121 52 38 41 39 25 30 50 52 71 52 60
internal_value=0.00706133 0.00483569 0.00980924 0.00755097 0.00527495 0.00327125 0.00581451 0.00301665 0.00692181 0.00671933 0.00927365 0.00336577 0.00824435 0.00216002 -0.00274249 0.00338431 -0.00615489 -0.0082154 0.0106928 0.00172546 0.00487952 0.00804818 0.00412326 -0.0145328 0.0185324 0.00804913 -0.00629189 -0.000324561 -0.00244001
internal_weight=591.84 327.121 264.719 262.425 217.55 159.056 125.747 101.245 63.4972 210.319 119.225 91.0937 50.5952 31.1792 40.4985 79.6609 64.6953 53.9222 58.4937 41.0561 26.6291 41.1968 21.0015 20.0301 44.8757 35.0769 33.3085 44.5841 27.6855
internal_count=1704 982 722 744 645 490 366 311 178 609 329 280 140 97 140 246 238 204 155 127 79 116 64 83 99 100 124 146 94
is_linear=0
shrinkage=0.0144862


Tree=32
num_leaves=34
num_cat=0
split_feature=4 4 4 4 3 3 3 3 3 3 3 3 3 3 3 4 3 3 4 1 1 3 4 4 4 1 1 1 4 3 1 1 3
split_gain=16.7979 45.5461 45.4651 30.6462 13.2376 11.6035 12.8334 10.4124 8.6298 15.8873 12.1798 13.4657 12.6111 27.5667 10.3325 9.93113 9.26177 5.60494 4.90687 4.77126 3.81585 2.99833 2.86037 14.879 8.87578 2.3477 2.29038 3.31656 2.24959 1.71213 1.46699 1.34088 1.3339
threshold=-0.12388201523749372 -0.57804390007765316 -0.10117990212194466 0.26543698238015412 -0.39637255817794798 -0.52401811727297753 -1.1079474925031649 -0.066753148546350963 1.7724413147135019 1.1363373556406191 0.96968499839693922 0.46814851029914545 0.26160392451939263 -0.45773049097128432 -0.52401811727297753 -1.0097167494323618 1.9430900739760919 -0.79532475672744429 0.81204465305063289 1.3094291958364745 0.43977337224892188 0.26160392451939263 0.92007127330637772 1.3653437089470024 0.81204465305063289 0.065036890674015163 0.12893343160996845 -0.65883284006285803 0.10261202914880686 0.96968499839693922 0.68723304325524481 0.43977337224892188 0.61794179435526442
decision_type=2 2 2 2 2 2 2 2 2 2 2 2 2 2 2 2 2 2 2 2 2 2 2 2 2 2 2 2 2 2 2 2 2
left_child=1 8 20 28 5 6 26 -6 9 10 11 12 13 14 17 -12 -10 -1 -7 25 -2 -22 24 -24 29 -14 27 -5 -4 -9 -28 -16 -3
right_child=2 32 3 4 7 18 -8 22 16 -11 15 -13 19 -15 31 -17 -18 -19 -20 -21 21 -23 23 -25 -26 -27 30 -29 -30 -31 -32 -33 -34
leaf_value=0.0059490276479073102 -0.0030948534794317476 0.019894288818463817 0.021457858040659923 -0.0015026236325507024 0.018650357025136351 0.0015324177189735978 0.014445102828729482 0.011108769120958118 -0.012949805230864239 0.025160729404929576 -0.010651480322694881 0.020793108513816588 -0.00043637467005775197 0.022373390693095737 -0.0039786318066005353 0.0065024169698698307 0.0057275640366356642 0.017215449866547303 -0.0081667049667547131 -0.0095959113056907526 -0.0055011133825595727 -0.015016363130767043 0.023548601949955814 0.0025639328384059121 -0.0041505364768398834 0.0082078153167443029 -0.0068761401109475873 0.0073478016439267411 0.014894030318960243 0.0041731486686587792 0.0012532541609856375 0.0018197730772123264 0.024979136959327079
leaf_weight=26.09382863342762 37.205217033624649 37.324776887893677 23.477890729904175 14.893169268965719 19.041075333952904 18.931853920221329 22.581372171640396 22.824767336249352 9.0105168074369448 9.7782173752784711 13.978379115462303 15.615147441625593 19.151321470737457 25.357437178492546 16.402512371540077 13.504634350538254 13.113088086247442 13.790294855833045 24.828571483492851 8.6327508091926557 13.890800267457964 13.483695700764654 10.862865909934046 18.453785195946693 15.784148856997488 9.4909362792968768 8.6776342391967791 20.631146028637886 21.291823774576187 10.736441239714621 9.1038215160369855 16.192006528377533 16.890591084957123
leaf_count=75 130 80 49 48 42 62 53 62 35 19 53 33 63 52 56 41 38 31 94 32 51 57 22 56 54 29 31 60 50 32 29 52 33
internal_value=0.00696932 0.00968246 0.00477227 0.00745091 0.00520388 0.00197448 0.00538432 0.00914795 0.00662933 0.00763187 0.00664153 0.00825476 0.00678041 0.00950233 0.00496448 -0.00215459 -0.0018431 0.00986324 -0.00394112 -0.000349665 -0.00607683 -0.0101875 0.00682543 0.0103759 0.00468714 0.0024382 0.00152471 0.00362051 0.0183077 0.00886102 -0.00268138 -0.00105981 0.0214667
internal_weight=591.027 264.326 326.7 262.12 217.351 119.648 75.8871 97.7031 210.111 187.987 178.209 150.726 135.111 97.8361 72.4786 27.483 22.1236 39.8841 43.7604 37.275 64.5797 27.3745 78.662 29.3167 49.3454 28.6423 53.3058 35.5243 44.7697 33.5612 17.7815 32.5945 54.2154
internal_count=1704 722 982 744 645 377 221 268 609 536 517 423 390 266 214 94 73 106 156 124 238 108 226 78 148 92 168 108 99 94 60 108 113
is_linear=0
shrinkage=0.0144862


Tree=33
num_leaves=31
num_cat=0
split_feature=4 4 4 4 1 1 4 4 4 4 4 1 1 1 1 0 0 0 0 4 0 0 0 0 0 0 4 0 1 1
split_gain=16.3682 44.5164 44.208 29.8966 10.3793 11.6912 8.16664 38.2755 12.4065 13.8518 14.3962 7.6806 11.3738 7.15099 12.5638 6.37855 4.44911 4.12157 4.7085 3.09991 3.65259 5.57176 3.00223 4.87372 2.83515 2.54512 2.21397 2.05531 2.03888 1.95842
threshold=-0.12388201523749372 -0.57804390007765316 -0.10117990212194466 0.26543698238015412 -0.36979102111976109 -0.99189156790407906 -1.0904357891992069 -0.67355127501412004 -1.1387745055992011 -1.5882449443731639 -1.6509421024785467 0.53178439119669474 1.3094291958364745 0.43977337224892188 -0.23380133559262892 0.53564922200162013 -0.51025422056031999 0.070995917162297806 -0.78898986588778375 1.3653437089470024 -0.51025422056031999 0.20113937630584797 0.024667406506108647 0.27866573431484637 0.66851444456337983 1.1475009067582735 0.10261202914880686 -0.51025422056031999 1.5282772386870376 -0.36979102111976109
decision_type=2 2 2 2 2 2 2 2 2 2 2 2 2 2 2 2 2 2 2 2 2 2 2 2 2 2 2 2 2 2
left_child=1 6 16 26 5 19 8 -8 9 10 -1 13 -13 14 22 -10 -2 18 -9 20 -5 -22 -6 -24 -19 -26 -4 -21 -14 -18
right_child=2 -3 3 4 11 -7 7 17 15 -11 -12 12 28 -15 -16 -17 29 24 -20 27 21 -23 23 -25 25 -27 -28 -29 -30 -31
leaf_value=0.013833153271784979 -0.01345341001976336 0.02123303053957706 0.021219847859435835 0.014656644278913201 -0.0057571749759024139 0.016958486964395073 0.020654594601745482 0.0012157485287300044 -0.009803131528184782 0.017559113096610613 -0.0059373496042368079 0.018977132633641459 0.0051218502102702004 -0.0072560237933759521 0.011162114129956758 0.0018582007209350516 0.00019964658463151656 -0.002019109314205601 0.012976188348877669 -0.0031597602737042595 -0.0024852078031326612 0.0091388143267746146 0.0080403346886126006 -0.0061589328818884752 0.0095783066102206223 -0.00018406198792768124 0.014701379730415796 0.0059884623885066521 -0.0036286477417907465 -0.005928173007609964
leaf_weight=12.541629612445833 13.11383733153343 54.021206334233284 23.398958250880241 11.267061322927473 22.906278446316719 25.766186133027077 39.312084943056107 12.527848675847055 15.779792368412016 19.313433989882469 18.587841168045998 12.34798353910446 15.06928536295891 21.197955012321472 21.998697385191917 24.665881231427193 15.260524064302443 30.141992628574371 15.497265338897703 11.408195391297342 12.281226083636282 26.280937701463699 11.258731231093408 8.5056805908679944 11.046170875430109 10.458236634731291 21.258788242936134 8.6524894237518293 8.279694050550459 36.093146160244942
leaf_count=31 53 113 49 27 84 59 83 40 60 43 66 27 46 79 55 80 51 100 42 37 40 73 34 30 31 33 50 26 28 134
internal_value=0.00687824 0.00955899 0.00470862 0.00735033 0.00513203 0.0086905 0.00654178 0.00903124 0.00327255 0.00803438 0.00210439 0.0023232 0.00792861 -2.47827e-05 0.00235631 -0.00267964 -0.0059994 0.00327407 0.00769117 0.00562336 0.00753909 0.00542172 -0.00220027 0.00187313 0.00083602 0.00480276 0.0180887 0.000849841 0.00205127 -0.00410623
internal_weight=590.239 263.893 326.346 261.878 217.22 95.6561 209.872 118.984 90.8886 50.4429 31.1295 121.564 35.697 85.8673 64.6694 40.4457 64.4675 79.6715 28.0251 69.8899 49.8292 38.5622 42.6707 19.7644 51.6464 21.5044 44.6577 20.0607 23.349 51.3537
internal_count=1704 722 982 744 645 262 609 329 280 140 97 383 101 282 203 140 238 246 82 203 140 113 148 64 164 64 99 63 74 185
is_linear=0
shrinkage=0.0144862


Tree=34
num_leaves=33
num_cat=0
split_feature=4 4 4 4 3 3 3 3 3 3 3 3 3 3 3 4 3 3 4 1 1 3 4 4 4 4 1 1 1 3 1 3
split_gain=15.9461 43.5336 42.988 29.1724 12.7338 11.0686 12.2727 10.0339 8.36133 15.3693 11.6593 12.9307 12.0193 26.5855 9.82104 9.53434 8.89198 5.38153 4.74153 4.65992 3.68554 2.93984 2.74085 14.4232 8.58143 2.30392 2.21493 2.17087 3.22738 1.65684 1.39892 1.31621
threshold=-0.12388201523749372 -0.57804390007765316 -0.10117990212194466 0.26543698238015412 -0.39637255817794798 -0.52401811727297753 -1.1079474925031649 -0.066753148546350963 1.7724413147135019 1.1363373556406191 0.96968499839693922 0.46814851029914545 0.26160392451939263 -0.45773049097128432 -0.52401811727297753 -1.0097167494323618 1.9430900739760919 -0.79532475672744429 0.81204465305063289 1.3094291958364745 0.43977337224892188 0.26160392451939263 0.92007127330637772 1.3653437089470024 0.81204465305063289 -0.67355127501412004 0.17446091209929657 0.12893343160996845 -0.65883284006285803 0.96968499839693922 0.68723304325524481 0.61794179435526442
decision_type=2 2 2 2 2 2 2 2 2 2 2 2 2 2 2 2 2 2 2 2 2 2 2 2 2 2 2 2 2 2 2 2
left_child=1 8 20 26 5 6 27 -6 9 10 11 12 13 14 17 -12 -10 -1 -7 25 -2 -22 24 -24 29 -14 -4 28 -5 -9 -29 -3
right_child=2 31 3 4 7 18 -8 22 16 -11 15 -13 19 -15 -16 -17 -18 -19 -20 -21 21 -23 23 -25 -26 -27 -28 30 -30 -31 -32 -33
leaf_value=0.0057710253355029327 -0.0029929224427992832 0.019440451999340622 0.01999051081031529 -0.0015597188844530502 0.018277565427493824 0.0014861763972480165 0.014103050573534245 0.010873287775131402 -0.012801213672431847 0.02473737682184789 -0.01048960982538728 0.020372830777353336 0.006013237428165512 0.021955128407438729 -0.0010532272965464167 0.0063256746783701715 0.0055240969582658122 0.01682872992017783 -0.0080520128334305649 -0.00950073680302101 -0.0053341794945457651 -0.014781949244848592 0.023133184839601695 0.0024482960043804665 -0.0041362751521797627 -0.0021300838060078087 0.012843951645021294 -0.0067495062369457249 0.0071693372928373885 0.0040509675126719031 0.0011941512368561225 0.024503567040413617
leaf_weight=26.085835993289948 37.141665935516357 37.057427957653999 31.651150211691856 14.899755030870436 18.978986337780952 18.942949265241623 22.508628457784653 22.830865979194641 8.9786185324192065 9.7185556888580305 13.927509069442749 15.529666244983671 16.021243497729301 25.205101788043976 32.588212609291084 13.528784409165382 13.093628972768782 13.721825316548339 24.763031810522079 8.6160721033811551 13.844969391822817 13.375243678689001 10.823419794440271 18.449048519134521 15.764016553759573 12.635301858186724 12.888933315873144 8.6539517045021075 20.633929565548897 10.734795361757277 9.1056684702634794 16.76039844751358
leaf_count=75 130 80 68 48 42 62 53 62 35 19 53 33 49 52 108 41 38 31 94 32 51 57 22 56 54 43 31 31 60 32 29 33
internal_value=0.00678816 0.00943656 0.00464584 0.00725137 0.00506127 0.00189217 0.00522424 0.00893202 0.00645449 0.00744236 0.00646926 0.00805012 0.00660649 0.00926923 0.00481837 -0.00214019 -0.00189465 0.00960113 -0.00388916 -0.000352207 -0.00592276 -0.00997717 0.00665359 0.0101327 0.00456096 0.00240015 0.0178747 0.00145342 0.00349251 0.00866283 -0.00264495 0.021006
internal_weight=589.459 263.468 325.991 261.629 217.089 119.508 75.8019 97.5811 209.65 187.578 177.86 150.403 134.874 97.601 72.3959 27.4563 22.0722 39.8077 43.706 37.2726 64.3619 27.2202 78.6021 29.2725 49.3297 28.6565 44.5401 53.2933 35.5337 33.5657 17.7596 53.8178
internal_count=1704 722 982 744 645 377 221 268 609 536 517 423 390 266 214 94 73 106 156 124 238 108 226 78 148 92 99 168 108 94 60 113
is_linear=0
shrinkage=0.0144862


Tree=35
num_leaves=25
num_cat=0
split_feature=2 2 2 2 2 2 2 2 2 4 4 4 1 1 4 4 1 4 4 4 1 2 4 4
split_gain=15.6476 44.7526 55.5005 36.0004 23.4082 24.796 16.1373 21.9508 16.9071 7.67175 7.86543 10.6386 5.27049 6.68024 4.53646 3.8797 3.38644 3.05153 2.79235 2.55679 2.33249 2.15752 1.5175 1.51414
threshold=-0.69972874731304169 1.0000000180025095e-35 0.031977609934829745 0.72059368467215046 -0.74937431280164934 -1.2536974192686836 0.89442266433793904 1.3729082814080018 1.5120648737530427 0.10261202914880686 -0.12388201523749372 -1.0097167494323618 0.8893118293275043 -0.36979102111976109 -0.12388201523749372 -0.67355127501412004 -0.23380133559262892 0.10261202914880686 0.43558507731961271 -0.12388201523749372 0.43977337224892188 -0.38201714431718403 1.0000000180025095e-35 -0.91129731355121979
decision_type=2 2 2 2 2 2 2 2 2 2 2 2 2 2 2 2 2 2 2 2 2 2 2 2
left_child=4 17 14 16 5 12 9 -8 19 10 11 -5 13 -1 -3 -6 22 -2 -15 -9 -17 -19 -4 -10
right_child=1 2 3 6 15 -7 7 8 23 -11 -12 -13 -14 18 -16 20 -18 21 -20 -21 -22 -23 -24 -25
leaf_value=0.0055687544528026274 0.020788614424268666 -0.0001166414053746093 0.017331173597165232 -0.0059730575242624446 0.0040927627336947029 0.016599388303038604 0.020952993499780661 -0.0068200585650482108 0.0087483748095502946 0.0075046965946350607 -0.011275171161579702 0.0086100506073482543 0.0095550818142446023 -0.0093422147681362123 -0.0071540734136739783 -0.0016478936432527268 0.021269770746289256 0.019342617165405314 -0.00031233038151677909 0.0016489639315754542 -0.0070447492531791186 0.011727762612273417 0.010438851747231692 0.0150218600302358
leaf_weight=25.305710017681122 44.186511904001236 30.978129014372826 16.632961079478267 20.525945022702214 14.978132858872412 40.795489355921745 27.248085930943489 14.610218539834024 13.565280795097349 27.477259173989296 13.482066377997397 20.562558680772785 16.2054533213377 13.389746695756914 49.422133281826973 38.977756768465042 38.833457306027412 13.005778044462202 14.632278293371199 14.476452961564062 29.043897733092308 19.214427068829536 11.234758660197256 19.823490813374519
leaf_count=73 93 104 37 74 47 92 57 53 36 78 53 58 44 48 188 134 81 28 47 48 109 47 28 47
internal_value=0.00670014 0.0083511 0.00596522 0.00946912 0.00332465 0.00768332 0.00596526 0.0101945 0.00547915 0.00132696 -0.001817 0.00131072 0.00244241 0.000230669 -0.00441428 -0.00247515 0.0184701 0.0182776 -0.00461094 -0.00254944 -0.00395538 0.0148755 0.0146114 0.0124429
internal_weight=588.608 395.28 318.873 238.473 193.328 110.329 171.771 89.7235 62.4754 82.0478 54.5706 41.0885 69.5332 53.3277 80.4003 82.9998 66.7012 76.4067 28.022 29.0867 68.0217 32.2202 27.8677 33.3888
internal_count=1704 1110 942 650 594 304 504 241 184 263 185 132 212 168 292 290 146 168 95 101 243 75 65 83
is_linear=0
shrinkage=0.0144862


Tree=36
num_leaves=27
num_cat=0
split_feature=1 1 1 1 1 1 1 1 3 3 3 3 1 3 3 0 3 3 1 0 0 0 3 3 0 0
split_gain=15.1922 12.9312 12.2357 39.9117 51.0887 35.2221 33.2929 19.8537 6.99682 13.3476 8.79975 16.7272 6.32099 5.99968 6.53489 4.86335 3.21388 2.80643 2.08984 1.95893 1.95524 1.93311 1.90268 1.64409 1.43285 1.31336
threshold=2.1137352703750172 1.4140920485755559 -0.36979102111976109 -0.30976332809883261 0.43977337224892188 0.53178439119669474 1.3094291958364745 -0.99189156790407906 -0.45773049097128432 0.26160392451939263 -0.52401811727297753 -0.81449911072536196 2.2907844588158062 0.3295906199428984 1.7724413147135019 1.0583229136861065 -0.77451714262299576 0.26160392451939263 -0.48979541740326532 -0.7083100669291934 -0.30169178207169184 0.88778833908496113 1.0000000180025095e-35 0.96968499839693922 0.53564922200162013 1.4564283712933748
decision_type=2 2 2 2 2 2 2 2 2 2 2 2 2 2 2 2 2 2 2 2 2 2 2 2 2 2
left_child=1 2 7 21 20 15 22 8 10 -10 11 -1 -2 -11 23 16 -6 -8 19 -9 -5 24 -7 -15 -4 -23
right_child=12 -3 3 4 5 6 17 18 9 13 -12 -13 -14 14 -16 -17 -18 -19 -20 -21 -22 25 -24 -25 -26 -27
leaf_value=-0.00047986835596026695 -0.011456443500505138 0.020522841353542615 -0.0025466204304097927 0.014745768376869988 0.0014871520974709842 0.016568700211816677 0.0047419040451971298 0.018992756528656823 0.020783487041811689 0.00052778911574712963 -0.0055646467256014994 0.019499072747369086 0.0040430853742314454 0.017611937028957601 0.0022192046465600067 0.0046320918129892667 -0.0075438155188361179 -0.0020726574607478204 0.019661045168428891 0.012202958588911843 0.019743724661139998 0.0037947396343664024 0.023064470530794239 0.010651376911633958 -0.0074502386499412151 -0.0022912840814423678
leaf_weight=24.60871984064579 13.136009529232981 14.151093870401381 62.157099232077599 25.411437332630157 9.6297340244054777 27.692946329712868 25.725640192627907 12.33432064950466 16.027333721518517 24.352736204862595 18.68252819776535 13.029514253139494 8.9000928997993451 11.691507399082186 16.808420702815056 10.375680506229399 46.957625091075897 24.156291589140892 22.295638039708138 31.498588874936104 50.984017387032509 14.973657324910166 14.841995909810064 18.028596699237823 15.28538556396961 13.928178593516348
leaf_count=78 51 30 217 60 32 63 79 27 34 79 67 28 26 26 51 32 177 83 48 77 110 47 30 49 56 47
internal_value=0.00661427 0.00707395 0.00672156 0.00503264 0.00835101 0.0036885 0.0094639 0.0094775 0.00644878 0.00901396 0.00247652 0.0064718 -0.00506193 0.00631762 0.00934048 -0.00429167 -0.00598207 0.00147747 0.0160211 0.0141677 0.018061 -0.00232021 0.0188326 0.0134004 -0.00352421 0.000840183
internal_weight=587.665 565.629 551.478 342.12 235.775 159.38 92.4169 209.358 143.229 86.9086 56.3208 37.6382 22.0361 70.8813 46.5285 66.963 56.5874 49.8819 66.1285 43.8329 76.3955 106.344 42.5349 29.7201 77.4425 28.9018
internal_count=1704 1627 1597 1033 666 496 255 564 412 239 173 106 77 205 126 241 209 162 152 104 170 367 93 75 273 94
is_linear=0
shrinkage=0.0144862


Tree=37
num_leaves=26
num_cat=0
split_feature=2 2 2 2 2 2 2 2 2 0 1 1 0 0 0 1 0 0 2 0 0 0 1 1 2
split_gain=15.073 42.8159 52.9837 34.5181 22.0296 23.8427 15.4508 21.133 16.1162 12.2773 5.10684 6.40529 5.09381 4.60716 3.71204 3.32875 2.27122 2.18401 1.83657 1.77145 1.56041 1.55052 1.38996 2.38217 1.32341
threshold=-0.69972874731304169 1.0000000180025095e-35 0.031977609934829745 0.72059368467215046 -0.74937431280164934 -1.2536974192686836 0.89442266433793904 1.3729082814080018 1.5120648737530427 -0.89842377837745824 0.8893118293275043 -0.36979102111976109 1.4564283712933748 0.62491501389372894 -0.89842377837745824 -0.23380133559262892 -0.51025422056031999 0.20113937630584797 -0.44487891645451161 0.32358946385195947 0.53564922200162013 0.50571348268548044 -0.55715926190721443 0.12893343160996845 2.3318088481973098
decision_type=2 2 2 2 2 2 2 2 2 2 2 2 2 2 2 2 2 2 2 2 2 2 2 2 2
left_child=4 18 14 15 5 10 9 -8 16 -5 11 -1 -6 22 -3 17 -9 -4 -2 -16 -13 -20 -11 -24 -10
right_child=1 2 3 6 12 -7 7 8 24 13 -12 20 -14 -15 19 -17 -18 -19 21 -21 -22 -23 23 -25 -26
leaf_value=0.0053629431937774596 0.021691375516430165 -0.013530765471113877 0.0099502028933886929 0.011634890989737662 -0.0042105700821042412 0.016220593802046386 0.020573007605483737 -0.0079591116911632113 0.0099863401733561469 -0.0084091892161211167 0.0093178527089665779 -0.0011654160711259836 0.0046990467046048182 0.0061935003969480432 -0.0050050048814586877 0.020886809308026204 0.00039163044058157563 0.01804167835703294 0.015079147426618729 -0.000303095996685323 -0.0079229855295946672 0.020734559004978743 0.00070609200344509877 -0.0061586133680522018 0.015988815516933895
leaf_weight=25.315779075026512 20.24421700835228 7.9378720372915259 13.174061194062235 18.191402450203896 66.448122352361679 40.583790928125381 27.041439518332481 10.152320772409441 21.262992098927498 9.8284003287553769 16.202530547976494 13.643364220857622 16.447388797998428 12.064980268478392 46.356192231178284 38.532687932252884 18.902904242277145 14.552698686718939 41.888583466410637 25.952564492821693 14.351639941334723 13.770719110965727 22.67415127158165 19.205097824335098 12.064403742551802
leaf_count=73 42 34 33 47 240 92 57 38 55 36 44 44 50 35 171 81 63 32 97 87 51 29 74 71 28
internal_value=0.00652879 0.00815329 0.00581935 0.00925081 0.00321409 0.00744789 0.00582146 0.00996925 0.00534871 0.00128307 0.00231574 0.000138504 -0.00241487 -0.00171589 -0.00432977 0.0180994 -0.0024918 0.0142672 0.0178982 -0.00331895 -0.00460633 0.0165214 -0.00360023 -0.00245212 0.0121559
internal_weight=586.79 393.798 317.894 237.648 192.993 110.097 171.388 89.4241 62.3826 81.964 69.5133 53.3108 82.8955 63.7726 80.2466 66.2594 29.0552 27.7268 75.9035 72.3088 27.995 55.6593 51.7076 41.8792 33.3274
internal_count=1704 1110 942 650 594 304 504 241 184 263 212 168 290 216 292 146 101 65 168 258 95 126 181 145 83
is_linear=0
shrinkage=0.0144862


Tree=38
num_leaves=32
num_cat=0
split_feature=4 4 4 4 3 3 3 3 3 3 4 4 4 4 4 4 3 1 3 3 3 4 4 4 4 1 1 3 3 1 3
split_gain=14.8582 40.7546 39.2672 26.9937 11.7931 9.84878 11.1243 9.28918 7.94879 8.32084 6.46 30.0742 12.7031 8.33262 9.31973 4.58487 4.37709 3.51729 3.41997 3.23291 2.84539 2.42413 13.7866 8.21386 2.24471 2.0988 3.08673 1.62465 1.33476 1.31082 1.23695
threshold=-0.12388201523749372 -0.57804390007765316 -0.10117990212194466 0.26543698238015412 -0.39637255817794798 -0.52401811727297753 -1.1079474925031649 -0.066753148546350963 1.7724413147135019 1.9430900739760919 -0.67355127501412004 -1.0904357891992069 -1.1387745055992011 -1.5882449443731639 -1.6509421024785467 0.81204465305063289 0.46814851029914545 0.43977337224892188 0.26160392451939263 0.96968499839693922 0.26160392451939263 0.92007127330637772 1.3653437089470024 0.81204465305063289 0.10261202914880686 0.12893343160996845 -0.65883284006285803 0.96968499839693922 0.61794179435526442 0.68723304325524481 -0.1351705938880626
decision_type=2 2 2 2 2 2 2 2 2 2 2 2 2 2 2 2 2 2 2 2 2 2 2 2 2 2 2 2 2 2 2
left_child=1 8 17 24 5 6 25 -6 10 -10 11 12 13 14 -1 -7 18 -2 -12 -14 -19 23 -23 27 -4 26 -5 -9 30 -27 -3
right_child=2 28 3 4 7 15 -8 21 9 -11 16 -13 19 -15 -16 -17 -18 20 -20 -21 -22 22 -24 -25 -26 29 -28 -29 -30 -31 -32
leaf_value=0.014231729557197528 -0.0028875273288259552 0.020816020210933841 0.020328210472796652 -0.0016590132488404864 0.017537159761727397 0.0015366168889763073 0.013356512655556992 0.010551486522378847 -0.012605905614754078 0.0051647039708574002 0.0040537683980339644 0.020370497340402961 0.00046671284743921563 0.01737844021306393 -0.0026734678551353199 -0.0078588723346722043 0.0099067446458314268 -0.0051588249310483012 -0.0037417510342103665 -0.0093329089255977903 -0.014488564475188153 0.022381816576464854 0.0020905101707838058 -0.0041820907365512968 0.013736334397546573 -0.0067382789435904604 0.0068849345515913443 0.0037894265784386878 0.023834167965381462 0.00095902878374418826 0.01518452078683512
leaf_weight=11.465145066380501 37.056018859148026 22.688717767596245 23.01300548017025 14.879813641309736 18.804659321904182 18.900196865200996 22.30831977725029 22.753246173262596 8.9347370564937609 13.028713613748549 37.385456219315529 34.864105090498924 27.095781698822975 16.995644837617874 15.555132240056992 24.637146264314651 17.40410304069519 13.784690454602243 16.70283006131649 9.0743557810783368 13.229893386363981 10.716175302863123 18.41738848388195 15.71588161587715 21.030608221888542 8.6279604882001895 20.585254147648811 10.711275309324263 16.517613887786865 9.098383814096449 13.82069183886051
leaf_count=28 130 48 49 48 42 62 53 62 35 38 112 74 89 38 53 94 49 51 58 35 57 22 56 54 50 31 60 32 33 29 32
internal_value=0.00644574 0.0090128 0.00437352 0.00687152 0.00476629 0.00171117 0.00486066 0.00850078 0.0061303 -0.00202969 0.00709649 0.00921869 0.00434505 0.00952866 0.00457598 -0.00375269 0.00368246 -0.00574962 0.00164053 -0.00199094 -0.00972866 0.00630948 0.00959034 0.00433919 0.0171533 0.00127576 0.00328363 0.0083587 0.0202999 -0.00275672 0.0187169
internal_weight=585.803 261.533 324.27 260.199 216.156 119.037 75.4997 97.1186 208.506 21.9635 186.543 115.05 80.1861 44.0159 27.0203 43.5373 71.4924 64.0706 54.0883 36.1701 27.0146 78.314 29.1336 49.1804 44.0436 53.1914 35.4651 33.4645 53.027 17.7263 36.5094
internal_count=1704 722 982 744 645 377 221 268 609 73 536 317 243 119 81 156 219 238 170 124 108 226 78 148 99 168 108 94 113 60 80
is_linear=0
shrinkage=0.0144862


Tree=39
num_leaves=27
num_cat=0
split_feature=1 2 2 2 2 2 2 2 2 2 4 4 4 1 1 1 4 1 4 1 4 4 1 2 4 4
split_gain=14.5927 16.133 36.294 47.5399 28.3564 19.8201 22.8501 13.498 18.5355 13.8315 6.75579 7.14963 8.43219 5.9429 6.20242 5.91609 4.38916 3.17539 2.96677 2.76225 2.72614 2.40726 2.17852 2.11938 1.46723 1.40106
threshold=2.1137352703750172 -0.69972874731304169 1.0000000180025095e-35 0.031977609934829745 0.72059368467215046 -0.74937431280164934 -1.2536974192686836 0.89442266433793904 1.3729082814080018 1.5120648737530427 0.10261202914880686 -0.12388201523749372 -1.0097167494323618 0.8893118293275043 -0.36979102111976109 2.2907844588158062 -0.12388201523749372 -0.23380133559262892 0.10261202914880686 0.43977337224892188 0.053892015937058065 -0.12388201523749372 0.065036890674015163 -0.38201714431718403 1.0000000180025095e-35 -0.12388201523749372
decision_type=2 2 2 2 2 2 2 2 2 2 2 2 2 2 2 2 2 2 2 2 2 2 2 2 2 2
left_child=1 5 18 16 17 6 13 10 -9 21 11 12 -6 14 -1 -2 22 24 -3 25 -16 -10 -4 -20 -5 -7
right_child=15 2 3 4 7 19 -8 8 9 -11 -12 -13 -14 -15 20 -17 -18 -19 23 -21 -22 -23 -24 -25 -26 -27
leaf_value=0.005195584024027991 -0.011304658090960101 0.020037660808135124 -0.0026878864112376806 0.01662455787537194 -0.0047354072790513867 0.0034163789187221013 0.016191497743681841 0.020225365978011296 -0.0058692123061227968 0.012151574728452998 0.007830231827297425 -0.010346712085277867 0.0086448197321705757 0.010770390866582514 -0.01121040303088471 0.0037205534868464292 -0.0063564271690190136 0.020451476318677789 0.018616562130451115 -0.0057355751844730875 -0.0016240799997917651 0.0025195719799660722 0.0052438888433950408 0.011040534477727534 0.0098232379061029933 -0.0018717203472301022
leaf_weight=25.316291972994804 13.080456092953684 42.96688175201416 15.950359508395197 16.408712625503544 19.107270196080204 15.283089607954023 38.360800996422768 26.821288391947746 13.869300261139871 33.010339587926865 26.975231751799583 12.690066292881964 19.523742720484737 13.157615870237349 8.6902291178703326 8.866194009780882 47.213826686143875 37.219027623534203 12.851892948150637 30.077228769659996 19.280998691916466 13.994838923215864 12.618536278605459 19.076682895421982 11.158529028296469 31.311663031578064
leaf_count=73 51 92 55 37 68 48 87 57 50 82 76 50 55 35 32 26 179 79 28 111 63 46 40 47 28 109
internal_value=0.00636296 0.00681472 0.00850546 0.0062968 0.00956065 0.00326165 0.00734264 0.00639109 0.0102787 0.00587256 0.00202345 -0.00106196 0.00201218 0.00222267 5.56295e-05 -0.0051034 -0.00362902 0.0176607 0.0175174 -0.00232354 -0.0046165 -0.00159946 0.000795513 0.0141625 0.0139282 -0.000134857
internal_weight=584.881 562.934 381.457 306.561 230.778 181.478 104.806 165.992 87.6958 60.8745 78.2963 51.3211 38.631 66.4451 53.2875 21.9467 75.7827 64.7863 74.8955 76.672 27.9712 27.8641 28.5689 31.9286 27.5672 46.5948
internal_count=1704 1627 1069 902 628 558 290 484 235 178 249 173 123 203 168 77 274 144 167 268 95 96 95 75 65 157
is_linear=0
shrinkage=0.0144862


Tree=40
num_leaves=35
num_cat=0
split_feature=4 4 4 4 3 3 3 3 3 3 4 4 4 4 4 0 4 0 0 3 0 0 3 3 0 0 0 4 4 0 4 0 3 3
split_gain=14.1942 39.375 37.2999 25.9492 11.3415 9.33852 10.6265 8.94484 7.71195 7.98853 6.25934 28.9291 12.1062 7.97733 8.97327 7.70124 4.46073 6.28752 4.31123 4.21571 3.45497 5.66581 3.27172 2.81402 2.67413 7.16926 4.16428 3.30012 2.74939 2.62673 2.23206 1.65989 1.32943 1.22851
threshold=-0.12388201523749372 -0.57804390007765316 -0.10117990212194466 0.26543698238015412 -0.39637255817794798 -0.52401811727297753 -1.1079474925031649 -0.066753148546350963 1.7724413147135019 1.9430900739760919 -0.67355127501412004 -1.0904357891992069 -1.1387745055992011 -1.5882449443731639 -1.6509421024785467 0.53564922200162013 0.81204465305063289 0.070995917162297806 -0.51025422056031999 0.46814851029914545 -0.27665448525149644 0.53564922200162013 0.26160392451939263 0.26160392451939263 -0.89842377837745824 -1.2754172780727819 0.20113937630584797 0.81204465305063289 0.92007127330637772 0.32358946385195947 0.10261202914880686 1.1475009067582735 0.61794179435526442 -0.1351705938880626
decision_type=2 2 2 2 2 2 2 2 2 2 2 2 2 2 2 2 2 2 2 2 2 2 2 2 2 2 2 2 2 2 2 2 2 2
left_child=1 8 18 30 5 6 20 -6 10 -10 11 12 13 14 -1 -14 -7 -18 -2 22 -5 -22 31 -17 25 28 27 -26 -9 -24 -4 -12 33 -3
right_child=2 32 3 4 7 16 -8 24 9 -11 19 -13 15 -15 -16 23 17 -19 -20 -21 21 -23 29 -25 26 -27 -28 -29 -30 -31 -32 -33 -34 -35
leaf_value=0.013960108375138646 -0.013021770310085102 0.020459597005903048 0.019986984425505991 -0.0029831335013963704 0.017189445627934327 0.0015223894978665174 0.013028617908444524 -0.00037209055948833787 -0.012465719046540417 0.0049714318619860799 0.0056873669084078603 0.020010732625031009 -0.011069991609367367 0.017029543040879506 -0.0026419565447820164 -0.0028582150893563764 -0.01296872685039741 0.0022292372265623169 -0.003760038824437872 0.0096679668360944351 0.010693882427626181 -0.0016944962666218114 -0.0092048007693827476 0.0070490120778061152 0.0054494397093274843 0.018893376683313316 0.012577115393574978 -0.0036654130718952209 0.008830988184806798 0.0020171748932670502 0.013397882649655303 -0.0012010534821527551 0.023483400366926043 0.014831364563928463
leaf_weight=11.438784897327423 12.913179963827131 22.497102111577988 22.832922458648682 23.101907253265381 18.709003239870071 18.893031165003777 22.20593473315239 11.291696622967722 8.9035630673170107 13.002603679895399 27.943019926548004 34.562392115592957 12.405228614807127 16.873281791806221 15.54076911509037 10.014228746294977 16.224438115954403 8.3456286042928678 50.958465501666069 17.410229355096817 14.810273095965387 15.242194607853888 8.6032510101795214 13.706766068935393 17.557660862803459 10.418439030647276 8.1545531153678876 15.057970270514486 15.706739813089369 8.0890525281429273 20.934606894850731 9.4331782311201078 16.36936542391777 13.711128428578375
leaf_count=28 53 48 49 78 42 62 53 36 35 38 82 74 48 38 53 34 66 28 185 49 40 50 32 42 52 23 21 51 43 26 50 30 33 32
internal_value=0.00628229 0.00879693 0.0042547 0.00669229 0.00462975 0.00163144 0.00470122 0.00829666 0.00596615 -0.00208157 0.00691928 0.00901558 0.00423964 0.00931285 0.00447168 -0.00194601 -0.00369339 -0.00775147 -0.00562728 0.00356112 0.00120104 0.00440142 0.00155638 0.00281882 0.00614765 0.0089211 0.00357784 0.00125284 0.00500647 -0.00370984 0.0168082 0.00391674 0.019945 0.0183607
internal_weight=583.863 260.504 323.359 259.487 215.719 118.823 75.3603 96.8961 207.926 21.9062 186.02 114.541 79.9791 43.8528 26.9796 36.1262 43.4631 24.5701 63.8716 71.4787 53.1544 30.0525 54.0685 23.721 78.1871 37.4169 40.7702 32.6156 26.9984 16.6923 43.7675 37.3762 52.5776 36.2082
internal_count=1704 722 982 744 645 377 221 268 609 73 536 317 243 119 81 124 156 94 238 219 168 90 170 76 226 102 124 103 79 58 99 112 113 80
is_linear=0
shrinkage=0.0144862


Tree=41
num_leaves=27
num_cat=0
split_feature=2 2 2 2 2 2 2 2 2 0 3 0 0 3 0 0 0 3 0 3 0 0 0 2 3 2
split_gain=14.0214 39.6205 48.555 31.8337 19.7011 22.1596 14.2325 19.694 14.6942 11.6275 7.13475 7.39424 10.1965 5.21268 5.83193 4.82572 3.56597 3.43242 2.18941 2.01447 1.75977 1.73211 1.66767 1.37118 1.3448 1.28709
threshold=-0.69972874731304169 1.0000000180025095e-35 0.031977609934829745 0.72059368467215046 -0.74937431280164934 -1.2536974192686836 0.89442266433793904 1.3729082814080018 1.5120648737530427 -0.89842377837745824 0.96968499839693922 -0.51025422056031999 1.4564283712933748 -0.52401811727297753 0.66851444456337983 1.4564283712933748 -0.89842377837745824 -0.30674666200234618 -0.51025422056031999 -0.66989875623872586 -0.36293145898140472 0.47958235890017104 0.32358946385195947 -0.38201714431718403 0.96968499839693922 2.3318088481973098
decision_type=2 2 2 2 2 2 2 2 2 2 2 2 2 2 2 2 2 2 2 2 2 2 2 2 2 2
left_child=4 19 16 20 5 10 9 -8 18 -5 11 -1 17 -11 -15 24 -3 -13 -9 -2 -4 23 -18 -21 -6 -10
right_child=1 2 3 6 15 -7 7 8 25 13 -12 12 -14 14 -16 -17 22 -19 -20 21 -22 -23 -24 -25 -26 -27
leaf_value=-0.0058648633525112516 0.012180528425551817 -0.013258958305639584 0.013886575368910694 0.011272535755112004 -0.0030753703849185029 0.015538635875961427 0.019888182873913789 -0.0077750652502973638 0.0094762806431713358 0.0060573820763385102 -0.0090632421634740685 0.0059248129121135572 -0.0042381130864596016 -0.0061139444677826196 0.0069166324035790693 0.0045938324360527286 -0.0048480358844870579 0.014995047006713617 0.00043740826634315161 0.020958432629252829 0.01907415068129938 0.022661826170806788 -0.00028163184029713603 0.015317124381794283 -0.0082714958444381342 0.015403772283469733
leaf_weight=12.247303426265715 13.577065974473951 7.852503076195716 20.718454673886299 18.156897112727165 53.609395772218704 40.129412218928337 26.593320816755295 10.106210872530939 21.18669755756855 13.682031959295271 9.9046239554882032 16.481932342052453 12.872892946004866 41.644066080451012 8.2935891002416593 16.462406828999519 46.172928243875504 17.935221225023277 18.881739988923073 12.842639639973639 44.563254505395889 15.087513566017149 25.937401473522186 33.344609081745148 12.636484041810034 11.987372562289236
leaf_count=41 33 34 49 47 192 92 57 38 55 40 36 49 43 152 24 50 171 43 63 27 97 31 87 77 48 28
internal_value=0.00620212 0.00777758 0.0055315 0.00883435 0.00300156 0.00701776 0.0055445 0.00954582 0.00509794 0.00118918 0.00208354 0.00395744 0.00655031 -0.00173318 -0.00390521 -0.00232481 -0.00419643 0.0106452 -0.0023934 0.0172238 0.0174068 0.0183772 -0.00320714 0.0169367 -0.00407762 0.0116167
internal_weight=582.908 390.628 315.776 235.814 192.28 109.571 170.532 88.7553 62.162 81.7766 69.442 59.5373 47.29 63.6197 49.9377 82.7083 79.9628 34.4172 28.988 74.8518 65.2817 61.2748 72.1103 46.1872 66.2459 33.1741
internal_count=1704 1110 942 650 594 304 504 241 184 263 212 176 135 216 176 290 292 92 101 168 146 135 258 104 240 83
is_linear=0
shrinkage=0.0144862


Tree=42
num_leaves=28
num_cat=0
split_feature=1 2 2 2 2 2 2 2 2 0 2 1 1 1 0 0 1 1 0 0 1 2 0 0 0 0 0
split_gain=13.9043 15.2781 34.0682 44.358 26.5566 18.2949 21.5517 12.6134 17.5119 15.0665 12.8033 5.75711 6.00088 5.53715 4.79459 3.82626 3.18783 2.46055 2.12748 2.02929 3.34516 1.74186 1.57708 4.67345 1.53997 1.49871 1.43584
threshold=2.1137352703750172 -0.69972874731304169 1.0000000180025095e-35 0.031977609934829745 0.72059368467215046 -0.74937431280164934 -1.2536974192686836 0.89442266433793904 1.3729082814080018 -0.89842377837745824 1.5120648737530427 0.8893118293275043 -0.36979102111976109 2.2907844588158062 1.0583229136861065 0.62491501389372894 -0.23380133559262892 0.43977337224892188 0.20113937630584797 0.32358946385195947 -0.36979102111976109 -0.44487891645451161 -0.51025422056031999 -0.27665448525149644 0.50571348268548044 0.53564922200162013 -0.51025422056031999
decision_type=2 2 2 2 2 2 2 2 2 2 2 2 2 2 2 2 2 2 2 2 2 2 2 2 2 2 2
left_child=1 5 21 19 16 6 11 9 -9 -6 26 12 -1 -2 17 22 18 -7 -5 20 -4 -3 -11 -24 -23 -14 -10
right_child=13 2 3 4 7 14 -8 8 10 15 -12 -13 25 -15 -16 -17 -18 -19 -20 -21 -22 24 23 -25 -26 -27 -28
leaf_value=0.004999202292217118 -0.0111121687973801 0.020793249146088662 -0.014133253884615686 0.0091148086807382473 0.014336514911274224 -0.0018305287738452939 0.015681165329011364 0.019703267455209339 -0.0061568569062635638 0.001076762743256621 0.011735098383668596 0.010497173258252349 -0.0012804197843394826 0.0034581163951734111 0.0024002388306271286 0.0059204422606557467 0.019952452858546067 -0.0083449017295690892 0.017151470888662472 -0.00027967991739669547 -0.0036999663702585871 0.01422732438860538 -0.012018950056521106 -0.0010547445761825763 0.01990453587778759 -0.0079097352050057756 0.00071627528385385432
leaf_weight=25.305074527859688 13.012881934642794 19.310990959405899 7.222948729991912 13.020618334412577 15.934313818812369 24.265106037259102 38.02234522998333 26.461381658911705 9.1572354286909121 13.778041824698446 32.898688718676567 13.13249324262142 13.631024628877642 8.8278999775648099 28.484631225466728 12.064748391509054 36.737053990364075 23.804178923368454 14.273871645331381 25.93580549955368 42.415626108646393 41.266882598400116 11.702255487442008 24.680980518460281 13.485412225127218 14.31697718799114 18.654653504490852
leaf_count=73 51 41 29 33 39 85 87 57 34 45 82 35 44 26 91 35 79 92 32 87 158 97 47 83 29 51 62
internal_value=0.00612432 0.00656657 0.00821923 0.00607872 0.0092452 0.00310604 0.00703685 0.00618027 0.00995392 0.00195877 0.00568136 0.00207479 -5.54033e-05 -0.0050951 -0.00226155 -0.00126427 0.0171384 -0.00505411 0.0133856 -0.00351844 -0.00525364 0.0170041 -0.00303097 -0.0046087 0.0156679 -0.00465516 -0.00151196
internal_weight=581.804 559.963 379.002 304.938 229.364 180.962 104.408 165.332 87.172 78.1603 60.7106 66.3856 53.2531 21.8408 76.5539 62.226 64.0315 48.0693 27.2945 75.5744 49.6386 74.0633 50.1613 36.3832 54.7523 27.948 27.8119
internal_count=1704 1627 1069 902 628 558 290 484 235 249 178 203 168 77 268 210 144 177 65 274 187 167 175 130 126 95 96
is_linear=0
shrinkage=0.0144862


Tree=43
num_leaves=27
num_cat=0
split_feature=1 2 2 2 2 2 2 2 2 2 3 1 1 1 1 1 3 3 3 3 3 3 3 3 2 1
split_gain=13.5316 14.9083 33.3187 43.1932 26.0099 17.7958 21.0448 12.2956 17.1839 12.4511 7.00884 6.96391 5.39932 3.55294 3.14401 2.58314 2.19142 2.23154 1.98892 1.64897 2.0587 1.61658 1.58493 3.58406 1.40263 1.35998
threshold=2.1137352703750172 -0.69972874731304169 1.0000000180025095e-35 0.031977609934829745 0.72059368467215046 -0.74937431280164934 -1.2536974192686836 0.89442266433793904 1.3729082814080018 1.5120648737530427 0.96968499839693922 0.8893118293275043 2.2907844588158062 1.0000000180025095e-35 -0.23380133559262892 0.43977337224892188 -0.52401811727297753 -0.1351705938880626 -0.66989875623872586 -0.69988971929381505 -0.066753148546350963 0.26160392451939263 0.26160392451939263 0.96968499839693922 -0.38201714431718403 0.065036890674015163
decision_type=2 2 2 2 2 2 2 2 2 2 2 2 2 2 2 2 2 2 2 2 2 2 2 2 2 2
left_child=1 5 18 25 14 6 10 16 -9 21 11 13 -2 19 -5 22 -6 -18 -3 -1 -21 -10 -7 -24 -20 -4
right_child=12 2 3 4 7 15 -8 8 9 -11 -12 -13 -14 -15 -16 -17 17 -19 24 20 -22 -23 23 -25 -26 -27
leaf_value=-0.0011575505529712322 -0.010985842465424049 0.011809431400572671 -0.0050578173558908377 0.013232343377872293 0.0066324015549678664 -0.0025804356183871109 0.015504771796652007 0.019519397848586251 0.0011754913988323162 0.01157678082764379 -0.0089708134404785263 0.013614927537546567 0.0034109293142738483 -0.0058909213431380461 0.01976609876205996 -0.0055397630989987325 -0.0035304084941250951 0.0024437038921976133 0.021185204022506596 0.010293028555556003 0.001899615228966771 -0.0058912214365459872 0.007246685281776237 -0.0046512962172380419 0.016376965444985913 -0.0010939098191706774
leaf_weight=10.178471684455863 12.974082395434381 13.505172327160833 45.769206166267395 27.213317796587944 16.006812438368797 24.892252624034882 37.899877235293388 26.326541885733604 17.153092816472057 32.868097528815269 9.8886365145444852 11.961024299263952 8.8273213207721692 10.418805509805678 36.548520267009735 29.938445717096329 18.171708688139915 43.942996606230736 19.862391486763954 10.744211286306376 13.184338793158544 10.646753311157225 13.524754583835604 8.142669662833212 40.400949314236641 29.72970812022686
leaf_count=33 51 33 167 65 46 87 87 57 57 82 36 30 26 35 79 111 64 139 42 30 39 39 41 29 92 107
internal_value=0.00604759 0.00648429 0.00811935 0.00600239 0.00913164 0.00306477 0.00694468 0.00609962 0.00983073 0.00560337 0.00204563 0.003994 -0.00503038 0.00136838 0.0169628 -0.00223039 0.00193211 0.000689321 0.016826 0.00360514 0.00567466 -0.00149107 -0.000115266 0.00272837 0.0179851 -0.00347157
internal_weight=580.72 558.919 378.145 304.377 228.878 180.773 104.275 165.116 86.9945 60.6679 66.3755 56.4869 21.8014 44.5258 63.7618 76.4981 78.1215 62.1147 73.7685 34.107 23.9286 27.7998 46.5597 21.6674 60.2633 75.4989
internal_count=1704 1627 1069 902 628 558 290 484 235 178 203 167 77 137 144 268 249 203 167 102 69 96 157 70 134 274
is_linear=0
shrinkage=0.0144862


Tree=44
num_leaves=27
num_cat=0
split_feature=2 2 2 2 2 2 2 2 2 0 3 0 0 3 0 0 0 3 0 3 0 0 0 2 3 2
split_gain=12.9642 37.0877 44.8379 29.9377 18.0966 20.6467 13.1843 18.6015 13.5462 10.9859 6.74376 7.19105 9.88469 4.94366 5.56405 4.57032 3.49138 3.30524 2.08159 1.99387 1.77166 1.729 1.58313 1.33684 1.29406 1.26723
threshold=-0.69972874731304169 1.0000000180025095e-35 0.031977609934829745 0.72059368467215046 -0.74937431280164934 -1.2536974192686836 0.89442266433793904 1.3729082814080018 1.5120648737530427 -0.89842377837745824 0.96968499839693922 -0.51025422056031999 1.4564283712933748 -0.52401811727297753 0.66851444456337983 1.4564283712933748 -0.89842377837745824 -0.30674666200234618 -0.51025422056031999 -0.66989875623872586 -0.36293145898140472 0.47958235890017104 0.32358946385195947 -0.38201714431718403 0.96968499839693922 2.3318088481973098
decision_type=2 2 2 2 2 2 2 2 2 2 2 2 2 2 2 2 2 2 2 2 2 2 2 2 2 2
left_child=4 19 16 20 5 10 9 -8 18 -5 11 -1 17 -11 -15 24 -3 -13 -9 -2 -4 23 -18 -21 -6 -10
right_child=1 2 3 6 15 -7 7 8 25 13 -12 12 -14 14 -16 -17 22 -19 -20 21 -22 -23 -24 -25 -26 -27
leaf_value=-0.0058690851185494467 0.011664513654219198 -0.013046820635342193 0.013339793470159291 0.010933799365981711 -0.0029463008086714534 0.015025064513174965 0.019336502111356266 -0.0075778472698723271 0.0090277566328273891 0.0058698686168527159 -0.0088532701133708473 0.0057822375644215234 -0.0042491757455200762 -0.0059946747469555141 0.0067281822801403572 0.0045087587856168284 -0.0046658580225914853 0.014684389051990335 0.00044125673132829036 0.020407307350740336 0.018565134069838857 0.022164322422155189 -0.00021223256447045746 0.014804724687531676 -0.0080546769297989047 0.014913735036563869
leaf_weight=12.246540784835814 13.475879341363905 7.7873256951570502 20.514377921819687 18.149173155426979 53.464733704924583 39.755051821470261 26.18900141119957 10.061722025275232 21.145876705646515 13.69308680295944 9.8720898777246457 16.500065386295311 12.866899996995924 41.54149229824543 8.3056622147560102 16.476679444313049 45.995853155851364 17.899071902036674 18.880392402410507 12.647745490074156 43.957714512944221 14.823928743600844 25.909628659486771 33.009319230914116 12.573665291070936 11.934117838740347
leaf_count=41 33 34 49 47 192 92 57 38 55 40 36 49 43 152 24 50 171 43 63 27 97 31 87 77 48 28
internal_value=0.00597109 0.00749282 0.0053196 0.00850651 0.00289026 0.00674882 0.00532032 0.00918839 0.00488056 0.00113124 0.00199688 0.00381709 0.00637511 -0.00171182 -0.00383111 -0.0022188 -0.00404121 0.0104081 -0.00231648 0.0166927 0.0168816 0.0178489 -0.00306265 0.0164071 -0.00392982 0.01115
internal_weight=579.677 388.022 314.065 234.373 191.655 109.14 169.901 88.2111 62.0221 81.6894 69.3847 59.5126 47.266 63.5402 49.8472 82.5151 79.6928 34.3991 28.9421 73.9569 64.4721 60.481 71.9055 45.6571 66.0384 33.08
internal_count=1704 1110 942 650 594 304 504 241 184 263 212 176 135 216 176 290 292 92 101 168 146 135 258 104 240 83
is_linear=0
shrinkage=0.0144862


Tree=45
num_leaves=28
num_cat=0
split_feature=1 2 2 2 2 2 2 2 2 0 2 1 1 2 0 0 1 1 0 0 1 2 0 0 0 0 0
split_gain=13.0208 14.222 31.8579 40.9496 24.9106 16.8473 20.0879 11.6691 16.5392 14.2908 11.7664 5.37754 5.79567 5.29049 4.55827 3.5955 3.14171 2.34832 2.10754 1.93416 3.26391 1.70622 1.538 1.53445 4.54973 1.49492 1.38348
threshold=2.1137352703750172 -0.69972874731304169 1.0000000180025095e-35 0.031977609934829745 0.72059368467215046 -0.74937431280164934 -1.2536974192686836 0.89442266433793904 1.3729082814080018 -0.89842377837745824 1.5120648737530427 0.8893118293275043 -0.36979102111976109 1.0000000180025095e-35 1.0583229136861065 0.62491501389372894 -0.23380133559262892 0.43977337224892188 0.20113937630584797 0.32358946385195947 -0.36979102111976109 -0.44487891645451161 0.50571348268548044 -0.51025422056031999 -0.27665448525149644 0.53564922200162013 0.024667406506108647
decision_type=2 2 2 2 2 2 2 2 2 2 2 2 2 2 2 2 2 2 2 2 2 2 2 2 2 2 2
left_child=1 5 21 19 16 6 11 9 -9 -6 26 12 -1 -2 17 23 18 -7 -5 20 -4 -3 -23 -11 -25 -14 -10
right_child=13 2 3 4 7 14 -8 8 10 15 -12 -13 25 -15 -16 -17 -18 -19 -20 -21 -22 22 -24 24 -26 -27 -28
leaf_value=0.004894796641436553 0.0015204733633094197 0.020261022415189654 -0.013874810081488675 0.0086225545118065773 0.013946201680953396 -0.0017519328421994897 0.01516578390245699 0.019163121334387377 0.001204350693345472 0.0010872192532228584 0.01127186079772167 0.010131306497992038 -0.0012248392390671625 -0.012542470911189029 0.0023721035931373326 0.0057094469211031295 0.019434223860082398 -0.0081268538375630379 0.016653687282601099 -0.00021126779951467602 -0.0035369125867218444 0.013713325486560016 0.019415231527737057 -0.011853188072261777 -0.0010196613578137221 -0.0078495173190884348 -0.0052507469066635157
leaf_weight=25.297887712717056 11.542584970593454 18.99699841439724 7.1735456436872473 12.925313189625742 15.92714688181877 24.228510707616806 37.649972766637802 26.048955515027046 16.207721456885341 13.768201470375059 32.80011060833931 13.11932037770748 13.618058115243914 10.186585009098051 28.489268243312836 12.07861691713333 36.188293546438217 23.677510395646095 14.098904982209204 25.908414602279663 42.259472772479057 40.859252616763115 13.298230707645414 11.649749696254721 24.658999517560012 14.294625550508497 11.563968822360037
leaf_count=73 37 41 29 33 39 85 87 57 55 45 82 35 44 40 91 35 79 92 32 87 158 97 29 47 83 51 41
internal_value=0.00589685 0.00632616 0.00792811 0.00585815 0.0089139 0.00298386 0.00676594 0.00594948 0.00959575 0.0018921 0.00545808 0.00198692 -7.23094e-05 -0.00498784 -0.0021701 -0.00124933 0.0166173 -0.00490043 0.0128795 -0.00337357 -0.00507224 0.0164814 0.0151554 -0.00296531 -0.00452381 -0.00459661 -0.00144169
internal_weight=578.516 556.787 376.412 303.257 227.916 180.375 103.98 164.703 86.6208 78.0827 60.5718 66.3299 53.2106 21.7292 76.3953 62.1556 63.2125 47.906 27.0242 75.3414 49.433 73.1545 54.1575 50.077 36.3087 27.9127 27.7717
internal_count=1704 1627 1069 902 628 558 290 484 235 249 178 203 168 77 268 210 144 177 65 274 187 167 126 175 130 95 96
is_linear=0
shrinkage=0.0144862


Tree=46
num_leaves=31
num_cat=0
split_feature=4 4 4 4 3 3 3 3 3 3 4 4 4 4 4 4 3 1 3 3 3 1 4 4 4 1 1 3 3 1
split_gain=13.0473 36.1926 33.0561 23.4679 10.3698 8.08721 7.91118 9.30277 7.08525 7.21171 5.31918 26.5639 10.5683 7.2206 8.41587 4.2471 4.14962 3.26557 3.0533 2.8103 2.7362 2.29851 2.08771 12.8254 7.69208 1.89649 2.90649 1.56251 1.38552 1.8906
threshold=-0.12388201523749372 -0.57804390007765316 -0.10117990212194466 0.26543698238015412 -0.39637255817794798 -0.066753148546350963 -0.52401811727297753 -1.1079474925031649 1.7724413147135019 1.9430900739760919 -0.67355127501412004 -1.0904357891992069 -1.1387745055992011 -1.5882449443731639 -1.6509421024785467 0.81204465305063289 0.46814851029914545 0.43977337224892188 0.96968499839693922 0.26160392451939263 0.26160392451939263 0.17446091209929657 1.3653437089470024 0.92007127330637772 0.81204465305063289 0.12893343160996845 -0.65883284006285803 0.96968499839693922 0.61794179435526442 -0.36979102111976109
decision_type=2 2 2 2 2 2 2 2 2 2 2 2 2 2 2 2 2 2 2 2 2 2 2 2 2 2 2 2 2 2
left_child=1 8 17 21 6 -6 7 25 10 -10 11 12 13 14 -1 -8 19 -2 -14 -12 -19 -4 23 24 27 26 -5 -7 29 -3
right_child=2 28 3 4 5 22 15 -9 9 -11 16 -13 18 -15 -16 -17 -18 20 -20 -21 -22 -23 -24 -25 -26 -27 -28 -29 -30 -31
leaf_value=0.01329551226131544 -0.0026928927476612633 0.01295372267840591 0.01809544128699539 -0.0019677471544168024 0.016288823085771807 0.00995758282403429 0.0015330297905524182 0.012058922829836468 -0.012121252902303562 0.0045327928793197168 0.0035626990690569961 0.019118944442296122 0.000458617880365177 0.016087334225653459 -0.0028272713421592256 -0.0075380216744074767 0.0094419782458831213 -0.0048267804867319977 -0.0090989027222422927 -0.0035198281041360483 -0.014037721712204927 0.010710103695265497 0.0014652219988891691 0.021226261107634311 -0.0043850604328155079 -0.0029207507233805319 0.0063422618011839248 0.0033034718454361656 0.022728120414901905 0.01997202003181104
leaf_weight=11.32686685025692 36.878660440444946 12.758284568786619 30.478427410125732 14.814619973301886 18.379367366433144 22.560600206255913 18.829014912247658 21.838863506913185 8.821337044239046 12.846034601330755 37.226517662405968 33.644984766840935 27.03884693980217 16.463176310062408 15.540782123804092 24.402814164757729 17.29820542037487 13.656867340207102 8.9937357157468778 16.624657317996025 12.987266927957533 12.389765173196791 18.307534262537956 10.473836690187452 15.593744874000548 17.635508924722672 20.463822722434998 10.626892432570456 15.96992242336273 22.525439321994781
leaf_count=28 130 31 68 48 42 62 62 53 35 38 112 74 89 38 53 94 49 51 35 58 57 31 56 22 54 60 60 32 33 49
internal_value=0.0058234 0.0082523 0.00387234 0.00618367 0.00422418 0.00774999 0.00134934 0.00418868 0.00554122 -0.00221479 0.00645908 0.00841 0.00384643 0.00862701 0.00404082 -0.00356229 0.00336128 -0.00545167 -0.0019283 0.00137111 -0.00931745 0.015914 0.00570665 0.00701628 0.00389728 0.000920417 0.00283523 0.00779862 0.0190933 0.0174615
internal_weight=577.396 257.079 320.318 256.795 213.927 95.942 117.985 74.7528 205.825 21.6674 184.158 113.008 79.3634 43.3308 26.8676 43.2318 71.1494 63.5228 36.0326 53.8512 26.6441 42.8682 77.5626 59.2551 48.7812 52.914 35.2784 33.1875 51.2536 35.2837
internal_count=1704 722 982 744 645 268 377 221 609 73 536 317 243 119 81 156 219 238 124 170 108 99 226 170 148 168 108 94 113 80
is_linear=0
shrinkage=0.0144862


Tree=47
num_leaves=35
num_cat=0
split_feature=4 4 4 4 2 2 2 2 2 4 4 0 4 4 4 2 2 0 2 4 0 0 2 2 0 2 4 0 0 0 0 4 4 0
split_gain=12.7256 35.4846 32.1577 22.933 8.52992 12.8422 14.6173 8.63838 11.0966 6.62911 29.6563 10.1783 7.6474 7.95787 7.81381 5.6134 5.50953 5.45799 5.3449 3.41956 7.11704 3.55666 3.34725 3.30555 2.42328 2.45061 2.32537 1.77987 1.51936 5.41585 1.63374 1.3191 1.27315 1.25953
threshold=-0.12388201523749372 -0.57804390007765316 -0.10117990212194466 0.26543698238015412 0.057542657545605544 1.0000000180025095e-35 -0.64270501345133713 -0.74937431280164934 -1.2536974192686836 -1.0904357891992069 -0.67355127501412004 -0.36293145898140472 -1.1387745055992011 -1.5882449443731639 -1.6509421024785467 1.4782987723741299 0.15045086667480623 0.070995917162297806 0.72059368467215046 1.3653437089470024 -0.51025422056031999 0.53564922200162013 0.58587400141658297 0.72059368467215046 -0.89842377837745824 0.81499198357074809 0.10261202914880686 0.070995917162297806 1.4564283712933748 0.66851444456337983 0.070995917162297806 0.81204465305063289 -0.91129731355121979 -0.51025422056031999
decision_type=2 2 2 2 2 2 2 2 2 2 2 2 2 2 2 2 2 2 2 2 2 2 2 2 2 2 2 2 2 2 2 2 2 2
left_child=1 9 15 26 5 6 7 8 19 11 32 -1 13 14 -13 17 28 23 -14 21 -21 -5 -6 -2 -24 -26 -4 -18 29 30 -12 -7 -11 -3
right_child=2 33 3 4 22 31 -8 -9 -10 10 16 12 18 -15 -16 -17 27 -19 -20 20 -22 -23 24 -25 25 -27 -28 -29 -30 -31 -32 -33 -34 -35
leaf_value=-0.0090158104440842355 -0.0090927875417215354 0.022987013804118012 0.019025782117730729 0.010649854546659624 0.01433221844289379 -0.0024799535567447584 0.01469485218399379 -0.0033620521045484818 0.013704086321486434 0.015117588046401811 0.0019082586768450485 0.012264886377025002 0.0036481162921926506 0.016173915390391716 -0.003357966041477495 0.0039859857565920885 0.010268245482959598 -0.0038177336311996687 -0.0083171093553133842 -0.011236356179598435 0.0056218753001268454 -0.0010648918643529209 0.010247966562290574 -0.021549974819295475 -0.0010938953796667261 0.0087177008622803445 0.012239285430157254 0.0037752393803472898 -0.0061667858163449076 0.010323969452639543 -0.0052588529719901902 -0.008276004386616579 0.020694199716728211 0.017586747945828905
leaf_weight=13.246490865945814 12.606215447187425 12.634320586919783 22.206899106502533 10.934438556432726 16.675488516688347 14.891684740781782 23.606070265173912 37.319803804159164 21.617981523275375 15.320950791239737 10.361990958452227 11.564245760440825 20.890898525714874 16.909286305308346 14.736334532499312 10.710089012980459 17.393323376774788 33.434047728776932 11.948056504130362 10.648063123226168 9.5461779087781888 9.9171023815870267 19.927882492542267 6.6621845066547385 11.716122567653658 9.0661877244710904 20.503436714410782 17.406526833772659 8.1365344524383527 8.6915777772665006 17.099816247820854 17.849619433283806 21.809104710817337 38.345718413591385
leaf_count=50 53 26 49 29 39 53 55 133 51 36 34 29 67 39 51 34 48 121 44 38 28 32 52 30 39 25 50 52 28 24 60 71 47 87
internal_value=0.00575019 0.0081521 0.00382231 0.00610337 0.00416757 0.00241224 0.00454359 0.00212677 0.00539561 0.00546976 0.00774287 0.00250237 0.00453292 0.00851966 0.003579 -0.00538238 0.00274107 -0.00734776 -0.00069717 0.000998181 -0.00322636 0.00504363 0.00892297 -0.0134338 0.00669354 0.00323967 0.0157417 0.00701083 -0.00064633 0.000606376 -0.00252198 -0.00560042 0.0183531 0.0189194
internal_weight=576.335 256.495 319.839 256.427 213.717 156.331 123.59 99.9836 62.6638 205.515 116.22 89.2953 76.0488 43.2099 26.3006 63.4125 79.0898 52.7024 32.839 41.0458 20.1942 20.8515 57.3857 19.2684 40.7102 20.7823 42.7103 34.7999 44.2899 36.1534 27.4618 32.7413 37.1301 50.98
internal_count=1704 722 982 744 645 490 366 311 178 609 329 280 230 119 80 238 246 204 111 127 66 61 155 83 116 64 99 100 146 118 94 124 83 113
is_linear=0
shrinkage=0.0144862


Tree=48
num_leaves=27
num_cat=0
split_feature=1 2 2 2 2 2 2 2 2 2 3 1 2 1 1 1 3 3 3 3 3 3 3 3 2 1
split_gain=12.5771 13.444 30.1332 38.1738 23.5219 15.4514 18.9987 10.93 15.8859 11.1475 6.60963 6.51782 5.07437 3.3984 3.13377 2.40791 1.98639 1.96844 1.79444 1.58166 2.03641 1.54369 1.53077 3.41346 1.40568 1.36112
threshold=2.1137352703750172 -0.69972874731304169 1.0000000180025095e-35 0.031977609934829745 0.72059368467215046 -0.74937431280164934 -1.2536974192686836 0.89442266433793904 1.3729082814080018 1.5120648737530427 0.96968499839693922 0.8893118293275043 1.0000000180025095e-35 1.0000000180025095e-35 -0.23380133559262892 0.43977337224892188 -0.66989875623872586 -0.66989875623872586 -0.1351705938880626 -0.69988971929381505 -0.066753148546350963 0.26160392451939263 0.26160392451939263 0.96968499839693922 -0.38201714431718403 0.065036890674015163
decision_type=2 2 2 2 2 2 2 2 2 2 2 2 2 2 2 2 2 2 2 2 2 2 2 2 2 2
left_child=1 5 17 25 14 6 10 16 -9 21 11 13 -2 19 -5 22 -6 -3 -18 -1 -21 -10 -7 -24 -19 -4
right_child=12 2 3 4 7 15 -8 8 9 -11 -12 -13 -14 -15 -16 -17 18 24 -20 20 -22 -23 23 -25 -26 -27
leaf_value=-0.0012758324187344351 0.0013388325587380633 0.011029478821481566 -0.0048560024894248703 0.01241432311765382 0.0065562448177164641 -0.0024742747238431168 0.014706042555573069 0.018744627174626119 0.001138136447260376 0.010919268631037765 -0.0088696134809336056 0.01305989732371716 -0.012461246861467542 -0.0059076892537539422 0.018997550877812575 -0.0052963589959680391 -0.0029147345028494847 0.020451610402734688 0.0023127243065948645 0.010008774551570589 0.0016576239614175918 -0.0057731080847762935 0.0071480906341145015 -0.0044758928200399842 0.015592526643288453 -0.00088137581648005435
leaf_weight=10.184628024697295 11.514862030744554 13.323800802230833 45.559389665722847 26.736600518226624 14.53346626460552 24.836999714374542 37.265102952718735 25.675510078668594 17.157251238822941 32.648480817675591 9.8491523414850217 11.915708258748053 10.132948383688925 10.392751559615133 35.652962446212769 29.753829419612885 19.569011852145195 19.332048043608665 43.78580604493618 10.734717786312098 13.163331821560872 10.616378128528593 13.536410361528398 8.1099304258823377 39.611082538962364 29.576094910502434
leaf_count=33 37 33 167 65 42 87 87 57 57 82 36 30 40 35 79 111 68 42 139 30 39 39 41 29 92 107
internal_value=0.00567897 0.00610259 0.00766743 0.00565368 0.00861856 0.00284916 0.006482 0.00574074 0.00928362 0.00524051 0.00184443 0.00373686 -0.00503808 0.00119797 0.0161622 -0.00208926 0.00181226 0.0160419 0.000693422 0.0033854 0.00541483 -0.0014684 -4.77703e-05 0.00274713 0.0172093 -0.00326735
internal_weight=575.168 553.52 373.778 301.511 226.375 179.743 103.505 163.986 86.0976 60.4221 66.2403 56.3911 21.6478 44.4754 62.3896 76.2372 77.8883 72.2669 63.3548 34.0827 23.898 27.7736 46.4833 21.6463 58.9431 75.1355
internal_count=1704 1627 1069 902 628 558 290 484 235 178 203 167 77 137 144 268 249 167 207 102 69 96 157 70 134 274
is_linear=0
shrinkage=0.0144862


Tree=49
num_leaves=27
num_cat=0
split_feature=1 2 2 2 2 2 2 2 2 0 2 1 1 2 0 0 1 0 0 1 2 0 0 0 0 0
split_gain=12.2417 13.1206 29.5025 37.1683 23.0649 15.0324 18.565 10.6686 15.6048 13.4829 10.8443 5.0295 5.56073 4.94878 4.34217 3.44765 3.09841 2.09539 1.84962 3.18367 1.72368 1.56356 1.48654 1.47776 4.37073 1.38682
threshold=2.1137352703750172 -0.69972874731304169 1.0000000180025095e-35 0.031977609934829745 0.72059368467215046 -0.74937431280164934 -1.2536974192686836 0.89442266433793904 1.3729082814080018 -0.89842377837745824 1.5120648737530427 0.8893118293275043 -0.36979102111976109 1.0000000180025095e-35 1.4564283712933748 0.62491501389372894 -0.23380133559262892 0.20113937630584797 0.32358946385195947 -0.36979102111976109 -0.44487891645451161 0.50571348268548044 0.53564922200162013 -0.51025422056031999 -0.27665448525149644 -0.51025422056031999
decision_type=2 2 2 2 2 2 2 2 2 2 2 2 2 2 2 2 2 2 2 2 2 2 2 2 2 2
left_child=1 5 20 18 16 6 11 9 -9 -6 25 12 -1 -2 -7 23 17 -5 19 -4 -3 -22 -14 -11 -25 -10
right_child=13 2 3 4 7 14 -8 8 10 15 -12 -13 22 -15 -16 -17 -18 -19 -20 -21 21 -23 -24 24 -26 -27
leaf_value=0.0046941934448702398 0.0013206698531095114 0.019714385825544172 -0.013616378795203265 0.0080186813277142964 0.013511369886118195 -0.0038855202962882829 0.014547047789833633 0.018581968127211312 -0.0060148476928295821 0.0010302387989642471 0.010774735148079679 0.0097079141651095283 -0.0012449053362733368 -0.012316833969379503 0.0044251813114708875 0.0055471108788510354 0.018832709612167795 0.016072655684889799 -0.00012930259171342211 -0.0033716238919943332 0.013084660502172022 0.018871618200724426 -0.0078562341541022502 -0.011693847358057091 -0.0010520909574481404 0.00074650055426643135
leaf_weight=25.275612995028496 11.51641131937504 18.611862823367119 7.1203945577144614 12.789610281586649 15.883215114474295 59.70251502096653 37.129912346601486 25.527926817536354 9.1244675070047396 13.733623310923575 32.609812676906586 13.078952327370642 13.603606447577478 10.105527952313421 16.486079439520836 12.071325480937956 35.446403965353966 13.863040179014204 25.870357945561409 42.078450977802277 40.274256452918053 13.056128561496733 14.265506207942961 11.580648809671393 24.630330950021751 18.637808561325073
leaf_count=73 37 41 29 33 39 218 87 57 34 45 82 35 44 40 50 35 79 32 87 158 97 29 51 47 83 62
internal_value=0.00560774 0.00602622 0.00757456 0.00558236 0.00851238 0.002811 0.00639772 0.00566467 0.00917115 0.0017859 0.00516927 0.00181776 -0.000173214 -0.00497159 -0.00206069 -0.00126787 0.0160034 0.0122733 -0.00322281 -0.00488903 0.0158817 0.0145433 -0.00460854 -0.00295168 -0.00448326 -0.001448
internal_weight=574.074 552.452 372.91 300.967 225.898 179.542 103.354 163.799 85.9 77.8991 60.3721 66.2237 53.1447 21.6219 76.1886 62.0159 62.0991 26.6527 75.0692 49.1988 71.9422 53.3304 27.8691 49.9446 36.211 27.7623
internal_count=1704 1627 1069 902 628 558 290 484 235 249 178 203 168 77 268 210 144 65 274 187 167 126 95 175 130 96
is_linear=0
shrinkage=0.0144862


Tree=50
num_leaves=27
num_cat=0
split_feature=1 2 2 2 2 2 2 2 2 2 3 1 1 1 1 1 3 3 3 3 3 3 3 3 2 1
split_gain=11.9178 12.8098 28.8799 36.2058 22.6125 14.6253 18.1401 10.405 15.3313 10.5501 6.4219 6.18627 4.87897 3.25852 3.06186 2.32723 1.97416 1.92931 1.98462 1.52828 1.9981 1.49646 1.49245 3.31267 1.38945 1.31978
threshold=2.1137352703750172 -0.69972874731304169 1.0000000180025095e-35 0.031977609934829745 0.72059368467215046 -0.74937431280164934 -1.2536974192686836 0.89442266433793904 1.3729082814080018 1.5120648737530427 0.96968499839693922 0.8893118293275043 2.2907844588158062 1.0000000180025095e-35 -0.23380133559262892 0.43977337224892188 -0.66989875623872586 -0.52401811727297753 -0.1351705938880626 -0.69988971929381505 -0.066753148546350963 0.26160392451939263 0.26160392451939263 0.96968499839693922 -0.38201714431718403 0.065036890674015163
decision_type=2 2 2 2 2 2 2 2 2 2 2 2 2 2 2 2 2 2 2 2 2 2 2 2 2 2
left_child=1 5 16 25 14 6 10 17 -9 21 11 13 -2 19 -5 22 -3 -6 -19 -1 -21 -10 -7 -24 -18 -4
right_child=12 2 3 4 7 15 -8 8 9 -11 -12 -13 -14 -15 -16 -17 24 18 -20 20 -22 -23 23 -25 -26 -27
leaf_value=-0.0012584879752366664 -0.010602394199021347 0.010694657402340064 -0.0047460989793610417 0.012136910786035782 0.0061719164767795424 -0.0024234030489357801 0.014390639573189088 0.018422674630372757 0.0011371345858530834 0.010632538135176809 -0.0087780665923459251 0.012742601398494707 0.0031434679116408943 -0.0057791655036100609 0.018671350884588093 -0.0051897876981082938 0.02014375735943813 -0.0033965901555364484 0.0022496732606701385 0.0098666308253356119 0.0015961130574598862 -0.0056720464084291898 0.0070652597901701116 -0.0043858096648032117 0.015289152603300181 -0.00082928404730350574
leaf_weight=10.181076139211646 12.833384349942209 13.24220336973667 45.453683435916901 26.564656347036362 15.998304665088652 24.81060066819191 36.99300554394722 25.378516137599945 17.157105177640918 32.569900944828987 9.8325303345918638 11.909769237041472 8.7624015212059003 10.380556493997572 35.237205535173416 29.681436434388161 19.087216585874557 18.089397057890892 43.764903530478477 10.742441773414606 13.161838456988347 10.593388363718985 13.54849946498871 8.0960080772638303 39.287409588694572 29.54304002225399
leaf_count=33 51 33 167 65 46 87 87 57 57 82 36 30 26 35 79 111 42 64 139 30 39 39 41 29 92 107
internal_value=0.00553853 0.00595204 0.00748459 0.00551347 0.00841037 0.00277402 0.00631526 0.00559193 0.00906047 0.0050991 0.00179247 0.00365716 -0.00490604 0.00118371 0.0158486 -0.00203207 0.0157242 0.00176181 0.000591998 0.00332461 0.00531878 -0.001428 -2.54721e-05 0.00273365 0.0168994 -0.00317968
internal_weight=572.9 551.305 371.967 300.35 225.353 179.338 103.201 163.552 85.6989 60.3204 66.2082 56.3757 21.5958 44.4659 61.8019 76.1365 71.6168 77.8526 61.8543 34.0854 23.9043 27.7505 46.4551 21.6445 58.3746 74.9967
internal_count=1704 1627 1069 902 628 558 290 484 235 178 203 167 77 137 144 268 167 249 203 102 69 96 157 70 134 274
is_linear=0
shrinkage=0.0144862


Tree=51
num_leaves=31
num_cat=0
split_feature=4 4 4 4 2 2 2 2 2 4 4 4 4 4 2 2 2 4 1 2 1 4 1 2 1 2 4 4 4 1
split_gain=12.0854 33.649 29.6649 21.4726 7.83134 11.508 13.3192 7.8498 10.0555 6.34546 27.7274 7.87651 9.84789 11.2794 8.39521 5.34995 5.08688 3.27076 3.27565 3.01644 4.57132 2.37788 2.20826 1.52492 1.38501 2.92402 1.29466 1.29211 1.25743 1.23353
threshold=-0.12388201523749372 -0.57804390007765316 -0.10117990212194466 0.26543698238015412 0.057542657545605544 1.0000000180025095e-35 -0.64270501345133713 -0.74937431280164934 -1.2536974192686836 -1.0904357891992069 -0.67355127501412004 -1.1387745055992011 -1.5882449443731639 -1.6509421024785467 0.72059368467215046 1.4782987723741299 0.15045086667480623 1.3653437089470024 0.12893343160996845 0.58587400141658297 -0.36979102111976109 0.10261202914880686 0.43977337224892188 1.4782987723741299 -0.36979102111976109 1.0000000180025095e-35 -0.91129731355121979 0.81204465305063289 1.9021124265925964 -0.40607023418783555
decision_type=2 2 2 2 2 2 2 2 2 2 2 2 2 2 2 2 2 2 2 2 2 2 2 2 2 2 2 2 2 2
left_child=1 9 15 21 5 6 7 8 17 11 26 12 13 -1 -13 24 -12 18 -5 -6 -21 -4 -9 -18 -2 -26 -11 -7 -19 -3
right_child=2 29 3 4 19 27 -8 22 -10 10 16 14 -14 -15 -16 -17 23 28 -20 20 -22 -23 -24 -25 25 -27 -28 -29 -30 -31
leaf_value=0.011785616407827574 -0.0028920652052895034 0.015294492635078559 0.018541335603823667 -0.00020813079228094192 0.013663139097575092 -0.0022813498338113028 0.01402008492528521 -0.00086324561343839861 0.013054753282645095 0.014547555568627085 -0.00063051084431233135 0.0034242575140648892 0.014575410700741148 -0.0058707792887293777 -0.009780102872577183 0.0038750385742198023 0.009097867437882972 -0.0060712531938690098 0.01107234890047889 0.011204813550685668 0.0015798190099181248 0.011636496793321811 -0.0082918829356316819 0.0028980743442268042 -0.0042177900724993302 -0.011993542500045116 0.020208409210610481 -0.0080312013097680948 0.0011939893680130297 0.020184215629888327
leaf_weight=12.235083922743799 11.924970000982283 17.756334915757179 21.822313994169235 11.449540421366693 16.448920056223869 14.834353834390638 23.278123885393143 25.025735512375832 21.336878001689911 15.046045094728468 44.140787243843079 22.245759278535843 18.053655311465263 18.442649707198143 17.816807135939598 10.708742782473562 21.623352289199829 12.408192291855814 9.4026723653078061 20.114340513944626 20.446153447031975 20.238186538219452 12.167365759611128 13.083459436893461 18.38632695376873 22.152772024273872 21.385456413030624 17.730822503566742 7.7762967050075522 32.279337704181671
leaf_count=31 42 42 49 36 39 53 55 86 51 36 146 72 43 66 68 34 60 42 25 52 64 50 47 40 69 93 47 71 24 71
internal_value=0.00546955 0.0078225 0.00358567 0.00578828 0.00391664 0.00223019 0.00425442 0.0019517 0.0050763 0.00521348 0.00744804 0.00230383 0.00619018 0.00123545 -0.00243524 -0.0052681 0.00263039 0.000907419 0.0048641 0.00848853 0.00637546 0.0151923 -0.00328814 0.00673802 -0.00719443 -0.00847213 0.0178308 -0.00537473 -0.00322487 0.0184175
internal_weight=571.761 254.109 317.653 254.48 212.419 155.41 122.845 99.5667 62.3736 204.073 115.279 88.794 48.7314 30.6777 40.0626 63.1728 78.8476 41.0367 20.8522 57.0094 40.5605 42.0605 37.1931 34.7068 52.4641 40.5391 36.4315 32.5652 20.1845 50.0357
internal_count=1704 722 982 744 645 490 366 311 178 609 329 280 140 97 140 238 246 127 61 155 116 99 133 100 204 162 83 124 66 113
is_linear=0
shrinkage=0.0144862


Tree=52
num_leaves=26
num_cat=0
split_feature=1 1 1 1 1 1 1 1 3 3 3 3 1 0 3 3 3 3 1 0 3 0 0 0 0
split_gain=11.5415 10.1797 8.71346 28.5786 38.5393 25.2126 24.6335 14.5956 6.03667 10.8506 6.39017 13.6393 4.6372 4.50203 4.23308 5.83851 3.03324 2.44628 1.99174 2.02476 1.98247 1.93806 1.59689 1.47177 1.23237
threshold=2.1137352703750172 1.4140920485755559 -0.36979102111976109 -0.30976332809883261 0.43977337224892188 0.53178439119669474 1.3094291958364745 -0.99189156790407906 -0.45773049097128432 0.26160392451939263 -0.52401811727297753 -0.81449911072536196 2.2907844588158062 1.0583229136861065 0.3295906199428984 1.7724413147135019 -0.77451714262299576 0.26160392451939263 -0.48979541740326532 -0.7083100669291934 1.0000000180025095e-35 -0.30169178207169184 0.88778833908496113 0.53564922200162013 1.4564283712933748
decision_type=2 2 2 2 2 2 2 2 2 2 2 2 2 2 2 2 2 2 2 2 2 2 2 2 2
left_child=1 2 7 22 21 13 20 8 10 -10 11 -1 -2 16 -11 -16 -6 -8 19 -9 -7 -5 23 -4 -24
right_child=12 -3 3 4 5 6 17 18 9 14 -12 -13 -14 -15 15 -17 -18 -19 -20 -21 -22 -23 24 -25 -26
leaf_value=-0.0012286715255362321 -0.010461681278389081 0.018117932821957217 -0.0022653735743924826 0.012309598594344695 0.0017425884396992863 0.013959346204687088 0.0041374612209969814 0.016762332530269979 0.018585864351474184 0.00040283380435907512 -0.0053257262285559392 0.017121668375892414 0.0029615326418902465 0.0047076495349483985 0.011757397670319423 0.0010415922943709749 -0.0070737651164874708 -0.0022754870614521672 0.017270398983237286 0.0097656868734343569 0.020772202805305159 0.017387825960576801 0.0035792049257131154 -0.0072490303754298912 -0.002323680987040153
leaf_weight=24.380617782473564 12.780773162841799 13.297237545251845 61.515363961458206 24.245985582470894 9.5502334386110288 25.985665023326874 25.350259825587273 11.881296053528784 15.221623003482817 24.301758781075478 18.53311762213707 12.423653841018675 8.7385083734989148 10.339556634426115 28.764664128422737 16.372959837317467 46.100027233362198 23.746460124850273 21.046978756785393 30.242176592350006 13.795862957835196 47.897625640034676 14.923913255333902 15.208083167672156 13.902595907449721
leaf_count=78 51 30 217 60 32 63 79 27 34 79 67 28 26 32 75 51 177 83 48 77 30 110 47 56 47
internal_value=0.0054024 0.0058103 0.00549817 0.00405334 0.00694499 0.00287647 0.00789422 0.0078597 0.00525367 0.00767422 0.00153912 0.004998 -0.00489393 -0.00389001 0.0052493 0.00785061 -0.00553599 0.00106509 0.0136203 0.0117926 0.0163223 0.0156627 -0.0021624 -0.00326321 0.000712272
internal_weight=570.547 549.028 535.73 332.562 227.012 154.868 88.8782 203.169 139.998 84.661 55.3374 36.8043 21.5193 65.9898 69.4394 45.1376 55.6503 49.0967 63.1705 42.1235 39.7815 72.1436 105.55 76.7234 28.8265
internal_count=1704 1627 1597 1033 666 496 255 564 412 239 173 106 77 241 205 126 209 162 152 104 93 170 367 273 94
is_linear=0
shrinkage=0.0144862


Tree=53
num_leaves=34
num_cat=0
split_feature=4 4 4 4 2 2 2 2 2 4 4 0 4 4 4 2 0 2 2 2 0 0 2 4 0 2 0 0 0 0 0 4 4
split_gain=11.7229 32.5547 28.2841 20.6347 7.52611 10.948 12.7913 7.39993 9.66116 6.12246 26.7415 9.54017 6.61276 7.10911 7.0749 5.2206 5.2292 5.1503 4.90773 3.29816 3.25711 3.25276 2.87478 2.35571 2.25669 2.18755 1.78376 1.49021 5.05325 1.63747 1.3162 1.27797 1.2623
threshold=-0.12388201523749372 -0.57804390007765316 -0.10117990212194466 0.26543698238015412 0.057542657545605544 1.0000000180025095e-35 -0.64270501345133713 -0.74937431280164934 -1.2536974192686836 -1.0904357891992069 -0.67355127501412004 -0.36293145898140472 -1.1387745055992011 -1.5882449443731639 -1.6509421024785467 1.4782987723741299 0.070995917162297806 0.72059368467215046 0.15045086667480623 0.72059368467215046 -0.51025422056031999 0.53564922200162013 0.58587400141658297 0.10261202914880686 -0.89842377837745824 0.81499198357074809 0.070995917162297806 1.4564283712933748 0.66851444456337983 0.070995917162297806 -0.51025422056031999 -0.91129731355121979 0.81204465305063289
decision_type=2 2 2 2 2 2 2 2 2 2 2 2 2 2 2 2 2 2 2 2 2 2 2 2 2 2 2 2 2 2 2 2 2
left_child=1 9 15 23 5 6 7 8 20 11 31 -1 13 14 -13 16 19 -14 27 -2 -5 -22 -6 -4 -24 -26 -20 28 29 -12 -3 -11 -7
right_child=2 30 3 4 22 32 -8 -9 -10 10 18 12 17 -15 -16 -17 -18 -19 26 -21 21 -23 24 -25 25 -27 -28 -29 -30 -31 -32 -33 -34
leaf_value=-0.0089710455839007597 -0.0087313799712865608 0.022330020498713327 0.018244331374276355 -0.0046421201458533221 0.013364160664259583 -0.0022238040137914391 0.013728688310256284 -0.0032247321925007477 0.012760118472424113 0.014285020968569432 0.0020337069183247133 0.011619395807570487 0.0036163808755309019 0.015309157399891285 -0.0032960798242683341 0.0038504333114176342 -0.0036324067261977915 -0.008145057228777829 0.00988014399636882 -0.02125375876784024 0.0085506601071060305 -0.0014212813127130884 0.0096699502938306075 0.011347774917488222 -0.0011945815075597962 0.0080989058602503935 0.0033721674347128574 -0.0060977777590869222 0.010022615988118081 -0.0051588040328260903 0.016762185568777361 0.019932655317225531 -0.0079130365342536656
leaf_weight=13.129399150609968 12.448928207159044 12.311873883008955 21.605248138308525 14.446481332182882 16.337952986359596 14.816646859049795 23.120308563113213 37.123745322227478 21.193948775529861 14.920240387320517 10.312858417630197 11.449009716510771 20.88013331592083 16.473193481564525 14.698338553309439 10.712567463517187 33.287872731685638 11.899947345256804 17.317202672362328 6.5686220526695243 13.941627144813539 12.633094757795332 19.803331151604652 20.120208084583282 11.715663507580759 8.97758701443672 17.36282579600811 8.121437802910803 8.6566808670759183 17.012751176953316 37.202995270490646 21.148722484707832 17.670146241784096
leaf_count=50 53 26 49 48 39 53 55 133 51 36 34 29 67 39 51 34 121 44 48 30 38 41 52 50 39 25 52 28 24 60 87 47 71
internal_value=0.00533528 0.00765883 0.00347721 0.00563326 0.00379955 0.00214388 0.00412193 0.00186684 0.00490507 0.00509553 0.00729499 0.00223367 0.00420787 0.00795332 0.00329824 -0.0051776 -0.00708556 -0.000647334 0.00257663 -0.013091 0.000826485 0.00379059 0.00828847 0.0148927 0.00622792 0.0028902 0.00661288 -0.000627609 0.000618136 -0.00241213 0.0181419 0.0175567 -0.005282
internal_weight=569.422 252.898 316.524 253.506 211.781 154.946 122.459 99.3389 62.2152 203.383 114.853 88.53 75.4006 42.6205 26.1473 63.018 52.3054 32.7801 78.7838 19.0176 41.0212 26.5747 56.8345 41.7255 40.4966 20.6933 34.68 44.1037 35.9823 27.3256 49.5149 36.069 32.4868
internal_count=1704 722 982 744 645 490 366 311 178 609 329 280 230 119 80 238 204 111 246 83 127 79 155 99 116 64 100 146 118 94 113 83 124
is_linear=0
shrinkage=0.0144862


Tree=54
num_leaves=28
num_cat=0
split_feature=1 1 3 3 3 3 3 3 1 0 0 1 3 0 0 1 0 1 1 1 1 1 0 3 1 1 1
split_gain=11.1793 9.82248 8.29288 32.3468 25.5577 14.8002 18.1834 13.9124 9.04564 10.0791 7.52166 6.98011 6.27938 5.84971 5.46251 5.43912 5.11767 5.09615 4.64182 5.02253 4.40666 3.33297 2.53341 3.7377 2.4691 1.99633 1.35314
threshold=2.1137352703750172 1.4140920485755559 -0.45773049097128432 0.26160392451939263 -0.52401811727297753 0.3295906199428984 0.96968499839693922 -1.1079474925031649 0.43977337224892188 1.0000000180025095e-35 -0.51025422056031999 0.53178439119669474 1.7724413147135019 -0.27665448525149644 1.2149377170422428 -0.55715926190721443 1.0583229136861065 -0.23380133559262892 -0.23380133559262892 -0.36979102111976109 2.2907844588158062 -0.45032934443813583 -0.89842377837745824 1.1363373556406191 1.3094291958364745 -0.17917218323731168 -0.69814594375292882
decision_type=2 2 2 2 2 2 2 2 2 2 2 2 2 2 2 2 2 2 2 2 2 2 2 2 2 2 2
left_child=1 2 4 10 7 16 21 13 9 17 -4 -10 15 25 18 -11 -5 22 19 -15 -2 -7 -8 -24 -6 -1 -9
right_child=20 -3 3 5 24 6 8 26 11 12 -12 -13 -14 14 -16 -17 -18 -19 -20 -21 -22 -23 23 -25 -26 -27 -28
leaf_value=-0.0075977886794420914 -0.01032107517533179 0.017819352758382215 0.0079115689179587306 -0.0023609631213947872 -0.0037799966319441254 0.010367797260551674 0.012836692113108802 0.017221779340739121 -0.009971450221891949 0.012577024832768234 0.018466712742522779 0.0042945737934077027 -0.0088002856471313135 0.00915818687376194 -0.00044188525612568819 -0.0024730988682926556 0.0066138238081687754 0.0199302127622999 0.014130581496247694 -0.0023092630631073477 0.002789181780808319 0.018329427833888419 -0.00169788482207513 0.010606390825209776 0.0028261540844005746 0.0010577030465814385 0.0117676599824308
leaf_weight=9.6497506499290484 12.728757411241533 13.163250327110289 19.246732845902443 66.294188618659973 75.843748688697815 19.733720719814301 13.853579089045519 12.828201621770857 14.914310276508331 9.3320262283086794 50.941876098513603 13.168419778347015 10.689421743154524 21.998825162649155 20.880105704069138 9.8971274346113223 16.238052815198898 9.6097639054059965 17.991108134388924 11.982366576790808 8.7149768322706205 24.734033480286598 9.363671958446508 10.523211747407911 13.650478526949881 12.112568184733389 38.101803451776505
leaf_count=34 51 30 51 235 272 50 34 29 60 25 115 41 39 60 66 33 48 21 47 40 26 56 32 30 45 39 95
internal_value=0.00526997 0.00567238 0.00536607 0.00696747 0.00333061 0.00432484 0.00709215 0.00706844 0.00370987 0.00637353 0.0155396 -0.0032311 -4.0691e-05 0.00379027 0.00574493 0.00480855 -0.000567204 0.0108176 0.00825211 0.00511445 -0.00488111 0.0147758 0.0081777 0.00485505 -0.00274777 -0.00273964 0.013148
internal_weight=568.186 546.742 533.579 298.54 235.039 228.352 145.819 145.545 101.352 73.2688 70.1886 28.0827 29.9186 94.6147 72.8524 19.2292 82.5322 43.3502 51.9723 33.9812 21.4437 44.4678 33.7405 19.8869 89.4942 21.7623 50.93
internal_count=1704 1627 1597 870 727 704 421 410 315 214 166 101 97 286 213 58 283 117 147 100 77 106 96 62 317 73 124
is_linear=0
shrinkage=0.0144862


Tree=55
num_leaves=26
num_cat=0
split_feature=1 2 2 2 2 2 2 2 2 2 3 1 2 1 1 1 3 3 3 2 3 3 3 3 1
split_gain=10.8791 11.8761 26.3134 32.3013 20.6367 12.5569 16.6491 9.46976 14.3958 9.68512 6.13206 5.82004 4.69363 3.29242 3.0829 2.25063 1.97131 1.77734 1.54529 1.4435 1.43731 1.39666 1.97461 1.37266 1.33732
threshold=2.1137352703750172 -0.69972874731304169 1.0000000180025095e-35 0.031977609934829745 0.72059368467215046 -0.74937431280164934 -1.2536974192686836 0.89442266433793904 1.3729082814080018 1.5120648737530427 0.96968499839693922 0.8893118293275043 1.0000000180025095e-35 1.0000000180025095e-35 -0.23380133559262892 0.43977337224892188 -0.66989875623872586 -0.66989875623872586 -0.1351705938880626 -0.38201714431718403 0.26160392451939263 -0.69988971929381505 -0.066753148546350963 0.26160392451939263 0.065036890674015163
decision_type=2 2 2 2 2 2 2 2 2 2 2 2 2 2 2 2 2 2 2 2 2 2 2 2 2
left_child=1 5 16 24 14 6 10 17 -9 20 11 13 -2 21 -5 23 -3 -6 -19 -18 -10 -1 -23 -7 -4
right_child=12 2 3 4 7 15 -8 8 9 -11 -12 -13 -14 -15 -16 -17 19 18 -20 -21 -22 22 -24 -25 -26
leaf_value=-0.0012785371942152244 0.0013276728104472111 0.00999571050490204 -0.0045914070204758827 0.01142125154969992 0.0061141148477802595 -0.0022500808322663646 0.013668212292005247 0.017823126217730394 0.001062570427033574 0.010129346324966241 -0.0088266322379970622 0.01218830331469146 -0.012022750492570743 -0.0060549323953699424 0.018042582522267168 -0.0050318122054264034 0.019584176134656815 -0.00279475491800797 0.0020690012074309361 0.014590202633313537 -0.0056134973602561637 0.0095388191346588574 0.0013096525612158014 0.0026994202904809549 -0.00064060330545168923
leaf_weight=10.172200068831435 11.425281599164011 13.046756833791731 45.275799185037613 26.080087915062904 14.52079004049301 24.732564389705658 36.292541012167931 24.754600688815117 17.165473490953449 32.282985121011734 9.8000351637601835 11.83488956093788 9.9781439751386625 10.366716101765631 34.320258229970932 29.555456534028053 18.572057321667671 19.455298334360123 43.60841116309166 38.430294170975685 10.575710624456404 10.715760856866831 13.134871631860745 21.641746237874031 29.403244122862816
leaf_count=33 37 33 167 65 42 87 87 57 57 82 36 30 40 35 79 111 42 68 139 92 39 30 39 70 107
internal_value=0.0052037 0.00560104 0.00708861 0.00520739 0.00796703 0.00253472 0.00583562 0.00528 0.00861328 0.00479208 0.00151931 0.00334406 -0.00481956 0.000947528 0.0151697 -0.00191916 0.0150505 0.00162615 0.000564118 0.0162406 -0.00145085 0.00310267 0.0050128 5.27964e-05 -0.00301385
internal_weight=567.142 545.739 367.492 297.443 222.764 178.247 102.317 162.363 84.7788 60.0242 66.0245 56.2244 21.4034 44.3895 60.4003 75.9298 70.0491 77.5845 63.0637 57.0024 27.7412 34.0228 23.8506 46.3743 74.679
internal_count=1704 1627 1069 902 628 558 290 484 235 178 203 167 77 137 144 268 167 249 207 134 96 102 69 157 274
is_linear=0
shrinkage=0.0144862


Tree=56
num_leaves=29
num_cat=0
split_feature=0 0 0 0 3 2 2 0 0 0 0 3 3 3 0 3 2 2 0 2 0 2 0 3 2 3 2 2
split_gain=10.6617 22.8982 13.8744 29.2883 12.2835 11.3109 10.7516 8.33168 20.1752 14.273 15.5141 6.50991 10.4214 6.36333 9.91199 6.16269 4.69792 4.61225 3.63262 3.2243 2.93131 5.00316 2.19691 1.91445 1.62134 1.59817 1.27569 1.21979
threshold=-0.36293145898140472 1.0000000180025095e-35 -0.89842377837745824 -1.2326299864875967 1.7724413147135019 0.81499198357074809 0.057542657545605544 0.1303845022848949 0.53564922200162013 0.59924483391311634 1.0583229136861065 -0.45773049097128432 0.26160392451939263 0.46814851029914545 -0.85624376196354024 0.26160392451939263 1.4782987723741299 -0.59504994101289455 -0.78898986588778375 -0.28656243849252122 -0.51025422056031999 0.72059368467215046 -0.78898986588778375 0.46814851029914545 0.72059368467215046 0.46814851029914545 0.72059368467215046 -1.0134760443179285
decision_type=2 2 2 2 2 2 2 2 2 2 2 2 2 2 2 2 2 2 2 2 2 2 2 2 2 2 2 2
left_child=2 -2 3 6 7 13 19 15 -9 24 -11 17 -13 20 -15 -3 23 27 -7 -1 22 -22 -4 -8 -10 -17 -19 -12
right_child=1 4 5 -5 -6 18 16 8 9 10 11 12 -14 14 -16 25 -18 26 -20 -21 21 -23 -24 -25 -26 -27 -28 -29
leaf_value=-0.0021952837998502404 0.017561255032539989 0.0051982365349582896 -0.0042292060063788281 0.019081142588823482 -0.0091758685970478732 0.0011129025054064424 0.0059642093654530947 0.016633031772056602 0.00036735472733343081 0.0165716785675982 -0.0045926910377928282 0.022000087658146046 0.0047475036470262149 -0.0098423193014842321 0.0070921205628507629 -0.0070443969663350533 -0.0015880421974667361 0.009121295357531466 0.011619892076655383 -0.013025442677400686 -0.0049765686060756816 -0.017860144799318179 0.0036669664297948532 0.013713368917948349 -0.0054412008728038632 -0.00028951126687938486 0.0028215915434940141 0.00087198582745196993
leaf_weight=19.08816429972649 36.343217432498932 43.000534117221832 25.065380543470383 28.695944845676422 11.11363226175308 10.488276690244676 12.92426870763302 40.323211848735809 37.121212914586067 32.041076466441154 13.063308089971537 10.317159861326216 22.586465790867805 9.5010850280523282 26.342234551906586 13.366116315126421 9.9508170187473279 17.234818071126941 18.38833449780941 7.8193099200725547 27.824285537004471 7.8104293495416632 10.004429325461386 13.221811339259146 13.358083888888357 15.430022865533827 10.601439729332922 22.959655061364177
leaf_count=62 83 131 93 64 41 34 36 94 125 75 44 22 68 37 80 50 32 48 49 35 103 34 28 32 48 50 32 74
internal_value=0.00513919 0.00676598 0.00271143 0.00704891 0.00546008 -0.000232846 0.0015457 0.0060295 0.00742895 0.00534648 0.0078977 0.00500867 0.0101971 -0.00241385 0.00252644 0.00175571 0.00666081 0.00230839 0.00774389 -0.00534548 -0.00493075 -0.00784651 -0.00197098 0.0098799 -0.0011563 -0.00340318 0.00669091 -0.00110245
internal_weight=565.985 338.86 227.125 91.7003 302.517 135.424 63.0044 291.403 219.606 179.283 128.804 96.7628 32.9036 106.548 35.8433 71.7967 36.0969 63.8592 28.8766 26.9075 70.7045 35.6347 35.0698 26.1461 50.4793 28.7961 27.8363 36.023
internal_count=1704 985 719 261 902 458 197 861 630 536 363 288 90 375 117 231 100 198 83 97 258 137 121 68 173 100 80 118
is_linear=0
shrinkage=0.0144862


Tree=57
num_leaves=28
num_cat=0
split_feature=1 2 2 2 2 2 2 2 2 0 2 2 1 1 0 0 1 0 2 0 1 0 0 0 0 0 0
split_gain=10.496 11.4417 25.4958 30.8781 19.9217 11.9666 16.0693 9.03272 14.0354 12.1841 9.32945 4.54018 4.42485 5.15173 4.04697 3.19019 3.06825 2.11146 1.78368 1.63001 3.17287 1.60729 1.41616 1.37775 1.33469 4.12491 1.71824
threshold=2.1137352703750172 -0.69972874731304169 1.0000000180025095e-35 0.031977609934829745 0.72059368467215046 -0.74937431280164934 -1.2536974192686836 0.89442266433793904 1.3729082814080018 -0.89842377837745824 1.5120648737530427 1.0000000180025095e-35 0.8893118293275043 -0.36979102111976109 1.4564283712933748 0.66851444456337983 -0.23380133559262892 0.20113937630584797 -0.44487891645451161 0.32358946385195947 -0.36979102111976109 0.50571348268548044 0.53564922200162013 -0.51025422056031999 -0.51025422056031999 -0.27665448525149644 0.53564922200162013
decision_type=2 2 2 2 2 2 2 2 2 2 2 2 2 2 2 2 2 2 2 2 2 2 2 2 2 2 2
left_child=1 5 18 19 16 6 12 9 -9 -6 23 -2 13 -1 -7 24 17 -5 -3 20 -4 -20 -15 -10 -11 -26 -27
right_child=11 2 3 4 7 14 -8 8 10 15 -12 -13 -14 22 -16 -17 -18 -19 21 -21 -22 -23 -24 -25 25 26 -28
leaf_value=0.0042732344357164411 0.0012602625686396337 0.018777022649838281 -0.01329180102357466 0.0068594882332474287 0.012765549882773423 -0.0036624556575640533 0.013413408716873304 0.017571851561328573 -0.0060217049797765595 0.00091030747306886681 0.0099018219008426573 -0.011891046879600051 0.0088777671198299636 -0.0014077569327904829 0.0043652193829296342 0.0054741727042372018 0.017788261163089316 0.015043650532634215 0.01193875967555 -5.8123207537750392e-05 -0.0030153257805417945 0.017894485744838897 -0.0078736516246270712 0.00072039927313913375 -0.01140867545717696 0.0015907745604472304 -0.0062547788179333078
leaf_weight=25.211580023169518 11.407783403992655 17.834736317396164 7.0483020693063727 12.504815250635149 15.782549515366552 59.390208899974823 36.034289702773094 24.478739127516747 9.115031763911249 13.666888028383253 32.186696618795395 9.9319416135549528 12.97498147189617 13.575808122754099 16.486464723944664 11.349255621433256 33.930253967642784 13.386338993906973 39.06123374402523 25.827927470207214 41.698729738593102 12.555459022521971 14.193564578890799 18.628851652145386 11.457752957940093 16.819675028324134 8.4291999340057391
leaf_count=73 37 41 29 33 39 218 87 57 34 45 82 40 35 44 50 33 79 32 97 87 158 29 51 62 47 54 31
internal_value=0.00507416 0.00546536 0.0069302 0.00507847 0.00778614 0.0024537 0.00568355 0.00514902 0.00841443 0.00158148 0.0046513 -0.00478542 0.00144905 -0.000417009 -0.00189344 -0.001326 0.0149036 0.0111549 0.0148044 -0.00296194 -0.00453599 0.0134294 -0.00469435 -0.00147121 -0.00289398 -0.00432995 -0.00107623
internal_weight=564.969 543.629 365.762 296.311 221.736 177.867 101.99 161.915 84.4093 77.5053 59.9306 21.3397 65.9559 52.981 75.8767 61.7228 59.8214 25.8912 69.4514 74.575 48.747 51.6167 27.7694 27.7439 50.3735 36.7066 25.2489
internal_count=1704 1627 1069 902 628 558 290 484 235 249 178 77 203 168 268 210 144 65 167 274 187 126 95 96 177 132 85
is_linear=0
shrinkage=0.0144862


Tree=58
num_leaves=27
num_cat=0
split_feature=0 0 0 0 3 0 0 0 0 0 0 3 3 3 3 3 1 3 0 3 0 1 1 3 1 1
split_gain=10.251 22.2174 13.1681 28.5061 11.9323 8.01422 19.508 13.5544 15.0254 7.71396 14.1512 6.3439 10.177 5.9537 5.05442 4.27807 2.91149 2.84768 2.58831 2.76315 2.34114 1.69815 1.51996 1.51509 1.42673 1.4139
threshold=-0.36293145898140472 1.0000000180025095e-35 -0.89842377837745824 -1.2326299864875967 1.7724413147135019 0.1303845022848949 0.53564922200162013 0.59924483391311634 1.0583229136861065 -0.85624376196354024 -0.56066171805965881 -0.45773049097128432 0.26160392451939263 0.26160392451939263 0.46814851029914545 0.6871190346915893 0.17446091209929657 -0.52401811727297753 1.4564283712933748 -0.52401811727297753 1.9491333991042434 1.3094291958364745 0.43977337224892188 0.46814851029914545 -0.36979102111976109 0.43977337224892188
decision_type=2 2 2 2 2 2 2 2 2 2 2 2 2 2 2 2 2 2 2 2 2 2 2 2 2 2
left_child=2 -2 3 14 5 13 -7 24 -9 21 -11 18 -13 22 -1 17 -17 -12 -10 20 -20 -4 -3 -15 -8 -26
right_child=1 4 9 -5 -6 6 7 8 11 10 15 12 -14 23 -16 16 -18 -19 19 -21 -22 -23 -24 -25 25 -27
leaf_value=-0.0016478116975585308 0.017296314809110487 0.0067134160790133339 -0.0073469199653123972 0.018793571773983067 -0.0091192560081453846 0.016361759334887756 0.0018179937108059581 0.016301018579422538 0.0055196158150299475 0.012745447525666892 0.0016975960847972643 0.021750495354239344 0.0046440723064646418 -0.0069326352152087089 0.006841755799409978 0.0095013882511151906 -0.0011293241442224139 -0.0054120342564766694 0.0061380032579246985 -0.0064875302337766482 -0.0024681335564354437 -0.0010034196272071512 0.00061174230700216227 -0.00034801827938979604 -0.0063513260184758728 -0.00016538016013005027
leaf_weight=40.204372391104698 36.002627477049828 31.615316301584244 29.05465392768383 28.461330085992813 11.082378193736075 39.961455076932907 20.086199641227722 31.713857844471931 27.532408192753792 19.983169198036194 17.229470059275627 10.199453294277189 22.595270618796349 13.333715438842775 22.594184324145317 11.376666679978372 9.5385288596153242 35.481090918183327 14.007980689406393 10.45711834728718 11.762422844767569 12.386855497956274 11.326766818761824 15.40025909245014 14.469326242804529 15.872337698936461
leaf_count=133 83 93 111 64 41 94 66 75 83 49 54 22 68 50 64 34 34 132 40 37 38 44 38 50 53 54
internal_value=0.00501231 0.00661118 0.0026278 0.00686533 0.0053258 0.0058883 0.00726517 0.00521887 0.00771298 -0.000242779 0.00205177 0.0048754 0.010008 0.00169452 0.00143641 -0.000872662 0.00460621 -0.0030725 0.00220946 -0.000329285 0.00218544 -0.00542303 0.00507978 -0.00338228 -0.00111886 -0.00311376
internal_weight=563.729 337.419 226.31 91.2599 301.416 290.334 218.658 178.696 128.269 135.05 93.6089 96.5547 32.7947 71.6761 62.7986 73.6258 20.9152 52.7106 63.7599 36.2275 25.7704 41.4415 42.9421 28.734 50.4279 30.3417
internal_count=1704 985 719 261 902 861 630 536 363 458 303 288 90 231 197 254 68 186 198 115 78 155 131 100 173 107
is_linear=0
shrinkage=0.0144862


Tree=59
num_leaves=28
num_cat=0
split_feature=0 0 0 0 3 2 2 0 0 0 0 3 3 3 0 3 2 2 0 2 0 2 0 3 2 3 2
split_gain=9.98845 21.7845 12.8162 27.8861 11.6142 10.84 10.2882 7.82187 19.1166 13.2021 14.7529 6.18442 10.0253 6.06553 9.40921 5.78349 4.46886 4.33939 3.43321 3.07434 2.74073 4.83546 1.98515 1.80904 1.56803 1.47645 1.23414
threshold=-0.36293145898140472 1.0000000180025095e-35 -0.89842377837745824 -1.2326299864875967 1.7724413147135019 0.81499198357074809 0.057542657545605544 0.1303845022848949 0.53564922200162013 0.59924483391311634 1.0583229136861065 -0.45773049097128432 0.26160392451939263 0.46814851029914545 -0.85624376196354024 0.26160392451939263 1.4782987723741299 -0.59504994101289455 -0.78898986588778375 -0.28656243849252122 -0.51025422056031999 0.72059368467215046 -0.78898986588778375 0.46814851029914545 0.72059368467215046 0.46814851029914545 0.72059368467215046
decision_type=2 2 2 2 2 2 2 2 2 2 2 2 2 2 2 2 2 2 2 2 2 2 2 2 2 2 2
left_child=2 -2 3 6 7 13 19 15 -9 24 -11 17 -13 20 -15 -3 23 -12 -7 -1 22 -22 -4 -8 -10 -17 -19
right_child=1 4 5 -5 -6 18 16 8 9 10 11 12 -14 14 -16 25 -18 26 -20 -21 21 -23 -24 -25 -26 -27 -28
leaf_value=-0.0022620336278196779 0.017140714119571777 0.0050057287423583893 -0.0041257201900068803 0.018611873167169026 -0.0090000308365741355 0.0011261454704022142 0.0057737755393720081 0.016205123031787394 0.00039608897664608476 0.016154724051547321 -0.001129350980350332 0.021591365704973012 0.0045739784412365146 -0.0096344304277306263 0.0068998174926158977 -0.0068458399961641922 -0.0016191248078705231 0.0088364633066326977 0.011359830876501654 -0.012867781179969449 -0.0048518584487812263 -0.017575777496808279 0.0033955092853566026 0.013322877885259685 -0.0053220908570246672 -0.00034252170753159509 0.0026347226101688394
leaf_weight=19.047871768474582 35.806815803050995 42.945846542716026 24.976331725716591 28.324528634548187 11.07210463285446 10.45076495409012 12.89931930601597 39.765690341591835 37.087991088628769 31.540612891316414 35.99950022995472 10.127971202135084 22.607406422495842 9.4538325965404493 26.282132431864738 13.309348136186602 9.9337788522243482 17.151754438877109 18.319014042615891 7.7638998329639426 27.725346192717552 7.7257571816444388 9.9616308063268644 13.132017642259596 13.324392840266226 15.40027132630348 10.595196753740309
leaf_count=62 83 131 93 64 41 34 36 94 125 75 118 22 68 37 80 50 32 48 49 35 103 34 28 32 48 50 32
internal_value=0.00494903 0.00652919 0.00259392 0.00677857 0.00525754 -0.000239185 0.00141621 0.00581315 0.00717574 0.00515143 0.00761671 0.00480891 0.00988221 -0.00237868 0.00245063 0.00167026 0.00642947 0.00217772 0.00758452 -0.00533635 -0.00484269 -0.00767048 -0.00197616 0.00957914 -0.00110293 -0.00333644 0.00643781
internal_weight=562.731 336.735 225.996 91.1014 300.928 134.895 62.7769 289.856 218.201 178.435 128.022 96.4818 32.7354 106.125 35.736 71.6555 35.9651 63.7465 28.7698 26.8118 70.3891 35.4511 34.938 26.0313 50.4124 28.7096 27.747
internal_count=1704 985 719 261 902 458 197 861 630 536 363 288 90 375 117 231 100 198 83 97 258 137 121 68 173 100 80
is_linear=0
shrinkage=0.0144862


Tree=60
num_leaves=31
num_cat=0
split_feature=4 4 4 4 3 3 3 3 3 3 2 4 4 4 4 2 4 4 3 2 4 2 2 4 4 3 4 3 3 2
split_gain=10.8255 30.0479 24.9499 18.2753 8.69376 6.59818 6.07249 5.97134 5.37259 6.9631 4.91435 3.93178 3.8557 21.8491 7.79106 7.31212 5.52825 6.88801 3.84453 3.36474 8.16815 2.60653 8.26194 7.61431 2.42469 2.22632 1.65176 1.54203 1.34786 1.24232
threshold=-0.12388201523749372 -0.57804390007765316 -0.10117990212194466 0.26543698238015412 -0.39637255817794798 -0.066753148546350963 1.7724413147135019 1.9430900739760919 -0.52401811727297753 -1.1079474925031649 1.4782987723741299 0.81204465305063289 -1.0904357891992069 -0.67355127501412004 -1.1387745055992011 1.0000000180025095e-35 -1.5882449443731639 -1.6509421024785467 0.46814851029914545 -0.59504994101289455 1.2768978014360701 0.057542657545605544 -0.28656243849252122 1.3653437089470024 0.10261202914880686 0.26160392451939263 1.2768978014360701 0.61794179435526442 -0.1351705938880626 1.0000000180025095e-35
decision_type=2 2 2 2 2 2 2 2 2 2 2 2 2 2 2 2 2 2 2 2 2 2 2 2 2 2 2 2 2 2
left_child=1 6 10 24 8 -6 12 -8 9 19 29 -10 14 -14 16 -16 17 -1 25 20 -5 22 23 -7 -4 -15 -21 28 -3 -2
right_child=2 27 3 4 5 21 7 -9 11 -11 -12 -13 13 18 15 -17 -18 -19 -20 26 -22 -23 -24 -25 -26 -27 -28 -29 -30 -31
leaf_value=0.011869047968605976 -0.0044314035710039806 0.017901454403845978 0.017443250287220154 -0.014736833535081116 0.014587149493782555 0.0095843830023762556 -0.011640938155695694 0.0036576589212396096 0.0016223246527382685 0.010129272862598626 0.0037021659829070924 -0.0071494313191590112 0.017381392817046183 0.0029722769722136753 0.0070173822281840558 -0.0065533451806615546 0.014120477655075387 -0.0028360634395784953 0.0088158753383546853 0.0054951700959763074 0.0029545032118874805 0.0099151963114787189 -0.0080073250888307562 -0.0027140677308180442 0.010362088606782475 -0.0033515795745186804 -0.0019611452253626505 0.021312293167447569 0.011803029818567077 -0.0089312026866281199
leaf_weight=11.040332242846487 23.365079253911972 20.494503304362297 20.913699433207512 8.5711416751146334 17.573533713817596 34.691191017627716 8.6885384470224398 12.552679777145384 18.688718497753143 20.904239282011986 10.721787944436072 24.07409231364727 31.351426526904106 36.871001809835434 12.361783429980276 23.478676319122314 15.45802418887615 15.481006130576136 17.107874110341072 22.051340416073803 13.509293660521505 16.227174028754234 10.463777139782904 14.610974699258803 19.644253313541412 16.549305930733681 8.1900249272584897 14.975205481052397 12.455258101224898 28.620842024683952
leaf_count=28 87 48 49 33 42 96 35 38 62 53 34 94 74 112 37 87 38 53 49 66 42 42 41 47 50 58 27 33 32 117
internal_value=0.00488671 0.00713965 0.00309286 0.00513852 0.00341658 0.00669148 0.00468256 -0.00256752 0.00076796 0.00313912 -0.00504875 -0.00329477 0.00554474 0.00739665 0.00311952 -0.00181789 0.00732403 0.00334752 0.00293462 0.000328325 -0.00393613 0.00484531 0.00343905 0.0059064 0.0139892 0.00100913 0.00343489 0.0173965 0.0156268 -0.0069101
internal_weight=561.687 248.866 312.821 250.113 209.556 93.5667 200.941 21.2412 115.989 73.226 62.7077 42.7628 179.699 101.88 77.8198 35.8405 41.9794 26.5213 70.5282 52.3218 22.0804 75.9931 59.7659 49.3022 40.558 53.4203 30.2414 47.925 32.9498 51.9859
internal_count=1704 722 982 744 645 268 609 73 377 221 238 156 536 293 243 124 119 81 219 168 75 226 184 143 99 170 93 113 80 204
is_linear=0
shrinkage=0.0144862


Tree=61
num_leaves=35
num_cat=0
split_feature=4 4 4 4 4 0 0 0 0 0 4 2 4 2 0 4 4 0 4 2 4 4 4 2 0 2 2 0 0 0 4 0 2 0
split_gain=10.5652 29.4983 24.2745 17.8822 7.10442 7.5191 11.3424 9.52014 6.83114 6.4561 6.05642 5.74675 5.53379 4.78754 4.91735 4.65287 20.2322 9.89968 6.63612 5.78635 4.38065 7.9636 3.63958 3.44807 4.22485 3.53538 3.25997 3.19064 4.44866 3.16518 2.39681 1.54954 1.3621 1.329
threshold=-0.12388201523749372 -0.57804390007765316 -0.10117990212194466 0.26543698238015412 2.1250364861237432 -0.89842377837745824 -1.2326299864875967 -0.36293145898140472 0.53564922200162013 0.1303845022848949 0.43558507731961271 -0.96104490056638114 0.81204465305063289 1.4782987723741299 0.070995917162297806 -1.0904357891992069 -0.67355127501412004 -0.36293145898140472 -1.1387745055992011 0.72059368467215046 -1.5882449443731639 -1.6509421024785467 0.92007127330637772 1.0000000180025095e-35 -0.56066171805965881 -0.87436949230096472 0.72059368467215046 0.070995917162297806 -0.78898986588778375 0.66851444456337983 0.10261202914880686 1.0583229136861065 0.26574378256368147 -0.51025422056031999
decision_type=2 2 2 2 2 2 2 2 2 2 2 2 2 2 2 2 2 2 2 2 2 2 2 2 2 2 2 2 2 2 2 2 2 2
left_child=1 11 13 30 5 6 22 12 9 10 -9 -1 32 14 26 17 -17 -13 20 -20 21 -19 -5 25 -25 -14 -2 28 -18 -29 -4 -10 -7 -3
right_child=2 33 3 4 -6 7 -8 8 31 -11 -12 15 23 -15 -16 16 27 18 19 -21 -22 -23 -24 24 -26 -27 -28 29 -30 -31 -32 -33 -34 -35
leaf_value=-0.0045956463165114049 -0.008356316924010709 0.021524930306164751 0.017297090692123797 -0.00047265336654088701 -0.0064591108285680003 0.00021106636241801881 0.019320915262370796 -0.0034155706459472073 0.0028864229455787698 0.018272780752620319 0.0099559492039598251 -0.0088314142410525504 -0.0085088448135258159 0.0036480290762910916 -0.003483784360272065 0.016868436693929574 0.00067148505229467411 0.014814849742266271 0.0047354447017478561 -0.0079763457738424425 0.014803228593081122 -0.0020606188665520963 0.0086170888810199551 -0.004151683218847178 -0.018765603623544725 0.0037809986663160989 -0.02091623686732479 -0.0022549456661447942 0.012261601129148713 0.0053509505177878822 0.010241805978030739 -0.0036111380822199911 0.0065417762941950989 0.015844129622786408
leaf_weight=12.823705434799193 12.275748863816263 11.856879144906996 20.786756813526154 16.574478000402451 13.921345412731169 15.806785196065904 14.873946964740751 9.583524361252783 24.30951227247715 12.098200932145117 23.832512676715851 12.805989518761633 8.1017071157693881 10.72920875251293 33.162360772490501 31.746521472930908 12.250366628170013 9.5083373785018885 18.94190908968449 11.842362597584723 15.165331095457079 13.778113275766373 19.746908992528915 9.3325062394142169 6.9876824766397467 11.122877612709997 6.4325146973133078 27.945210039615631 14.959398582577705 18.818359762430191 19.587454006075859 10.708062857389448 12.312655150890349 35.766014918684959
leaf_count=43 53 26 49 53 48 53 33 33 76 27 65 49 28 34 121 76 40 23 60 44 37 47 56 35 30 36 30 94 41 55 50 36 36 87
internal_value=0.00482671 0.00705581 0.0030535 0.00507299 0.00337109 0.00408169 0.00883011 0.00238911 0.0056865 0.0093745 0.00610822 0.0046236 -0.00178526 -0.00498407 -0.00682546 0.00526146 0.00726695 0.00267616 0.00482911 -0.000143892 0.00882196 0.00491054 0.00449513 -0.00557409 -0.0104275 -0.00146098 -0.0127095 0.0031248 0.00702226 0.00082357 0.0138503 0.000908761 0.00296765 0.017255
internal_weight=560.495 248.208 312.287 249.687 209.313 195.391 51.1953 144.196 80.5318 45.5142 33.416 200.586 63.6642 62.5998 51.8706 187.762 105.72 82.042 69.2361 30.7843 38.4518 23.2865 36.3214 35.5448 16.3202 19.2246 18.7083 73.9733 27.2098 46.7636 40.3742 35.0176 28.1194 47.6229
internal_count=1704 722 982 744 645 597 142 455 237 125 98 609 218 238 204 566 306 260 211 104 107 70 109 129 65 64 83 230 81 149 99 112 89 113
is_linear=0
shrinkage=0.0144862


Tree=62
num_leaves=29
num_cat=0
split_feature=1 2 2 2 2 2 2 2 2 0 2 1 1 2 0 1 0 1 0 2 0 0 1 0 0 0 0 0
split_gain=9.9809 10.7718 23.5903 27.9063 18.2386 10.7165 14.9121 8.13682 13.2654 11.1965 8.60065 4.35615 4.95647 4.27629 3.83154 3.10078 2.96493 2.06065 2.04195 1.80159 1.56696 1.43602 3.10701 1.33007 1.3096 1.29819 3.84667 1.58803
threshold=2.1137352703750172 -0.69972874731304169 1.0000000180025095e-35 0.031977609934829745 0.72059368467215046 -0.74937431280164934 -1.2536974192686836 0.89442266433793904 1.3729082814080018 -0.89842377837745824 1.5120648737530427 0.8893118293275043 -0.36979102111976109 1.0000000180025095e-35 1.0583229136861065 -0.23380133559262892 0.66851444456337983 0.43977337224892188 0.20113937630584797 -0.44487891645451161 0.50571348268548044 0.32358946385195947 -0.36979102111976109 -0.51025422056031999 0.53564922200162013 -0.51025422056031999 -0.27665448525149644 0.53564922200162013
decision_type=2 2 2 2 2 2 2 2 2 2 2 2 2 2 2 2 2 2 2 2 2 2 2 2 2 2 2 2
left_child=1 5 19 21 15 6 11 9 -9 -6 23 12 -1 -2 17 18 25 -7 -5 -3 -21 22 -4 -10 -14 -11 -27 -28
right_child=13 2 3 4 7 14 -8 8 10 16 -12 -13 24 -15 -16 -17 -18 -19 -20 20 -22 -23 -24 -25 -26 26 27 -29
leaf_value=0.0039903423869020781 0.0010003051366403658 0.01829090989639243 -0.013034197786348808 0.0062736516822840547 0.012246679695410705 -0.001461136104277174 0.012834046797851922 0.017048069004872827 -0.0059805218795745347 0.0009399223070549206 0.0094394489436691459 0.0086272250779382519 -0.0016556485820885826 -0.01180890726042777 0.0022729367998083703 0.017250873394568739 0.0052532719805482532 -0.0074694563077514799 0.014395203488720306 0.011380193132235612 0.01732761511978537 -0.00012494394474101009 -0.0028247801095614162 0.0006478292167689879 -0.0078839855291087113 -0.01112568008691666 0.0014633670578641177 -0.006100326755508402
leaf_weight=25.141968294978142 11.342931613326074 17.368362426757812 6.9881885498762122 12.334725558757784 15.686752647161482 24.070483908057213 35.3838761895895 23.844753324985504 9.0978080928325671 13.591231867671011 31.8862284719944 12.907102912664412 13.559071362018587 9.8497086018323881 28.476349174976349 33.01626068353653 11.341301828622816 23.250273436307907 13.042848229408262 38.384637519717216 12.220290943980215 25.844662308692932 41.47336257994175 18.632986083626747 14.137566596269606 11.331708163022986 16.773645564913757 8.3689451515674609
leaf_count=73 37 41 29 33 39 85 87 57 34 45 82 35 44 40 91 79 33 92 32 97 29 87 158 62 51 47 54 31
internal_value=0.00476691 0.00515093 0.00658456 0.0048022 0.00740136 0.00222453 0.00530047 0.00488191 0.00800356 0.0014917 0.00436259 0.0012346 -0.000616792 -0.00488007 -0.00188496 0.0143081 -0.00130142 -0.0044111 0.0105114 0.0142485 0.0128581 -0.00284674 -0.00433167 -0.00150545 -0.00481746 -0.00282096 -0.00424202 -0.00110074
internal_weight=559.348 538.155 361.229 293.255 218.949 176.927 101.13 160.555 83.4618 77.0936 59.617 65.7457 52.8386 21.1926 75.7971 58.3938 61.4068 47.3208 25.3776 67.9733 50.6049 74.3062 48.4616 27.7308 27.6966 50.0655 36.4743 25.1426
internal_count=1704 1627 1069 902 628 558 290 484 235 249 178 203 168 77 268 144 210 177 65 167 126 274 187 96 95 177 132 85
is_linear=0
shrinkage=0.0144862


Tree=63
num_leaves=32
num_cat=0
split_feature=4 4 4 4 4 1 1 2 1 1 1 4 2 1 1 1 1 2 4 4 2 1 2 2 2 4 1 1 2 1 1
split_gain=10.2049 28.6925 23.2104 17.2678 6.90094 7.27523 6.21186 5.56006 4.70388 14.6267 5.04243 4.82431 4.6286 4.45546 7.80595 4.3314 8.0327 3.82322 3.42427 9.03556 2.76874 2.76369 4.65066 4.92623 5.64633 2.87403 2.44382 1.67718 1.40431 1.29454 1.248
threshold=-0.12388201523749372 -0.57804390007765316 -0.10117990212194466 0.26543698238015412 2.1250364861237432 -0.36979102111976109 -0.99189156790407906 -0.96104490056638114 -0.30976332809883261 0.43977337224892188 -0.36979102111976109 -0.91129731355121979 1.4782987723741299 0.53178439119669474 1.3094291958364745 0.43977337224892188 -0.23380133559262892 0.72059368467215046 0.92007127330637772 0.81204465305063289 -0.59504994101289455 2.1137352703750172 -0.64270501345133713 0.72059368467215046 0.89442266433793904 -0.76511858289578882 0.17446091209929657 -0.69814594375292882 -0.74937431280164934 -0.40607023418783555 -0.36979102111976109
decision_type=2 2 2 2 2 2 2 2 2 2 2 2 2 2 2 2 2 2 2 2 2 2 2 2 2 2 2 2 2 2 2
left_child=1 7 12 26 5 6 18 -1 10 -10 11 17 30 15 -15 16 -7 -9 19 -5 -16 22 -11 25 -25 -24 -4 -13 -20 -3 -2
right_child=2 29 3 4 -6 13 -8 8 9 21 -12 27 -14 14 20 -17 -18 -19 28 -21 -22 -23 23 24 -26 -27 -28 -29 -30 -31 -32
leaf_value=-0.0045686497087652793 -0.0026321774647701107 0.013774507268394543 0.015921881159541015 0.0068359871057948728 -0.0064224610373758697 -0.0019736650264623253 0.013758835121544152 0.0075461734324305399 0.018214805787080502 -0.0018128073746898779 -0.00093645505433682648 0.0071023914308695531 0.0035788137037950319 0.015702339558128109 -0.0035097411065588202 -0.0060602324555750903 0.0095222033599356125 -0.003663320642367642 0.013568019263590365 -0.0081083366415438882 0.006373568810546547 -0.0027040486048125192 0.016031372704345223 -0.0044987954779249686 0.0092824113462763192 0.006079897547299944 0.0080797116113924903 0.014283842045480334 0.0062502010114524244 0.018890319845983036 -0.0079499100044510152
leaf_weight=12.809854090213774 11.86170771718025 16.840686321258545 28.466321229934692 26.94584932923317 13.899865984916685 39.598747596144676 21.989961385726929 10.758030593395231 20.249150440096855 13.779604375362394 41.031150788068771 17.512493804097179 10.732633754611014 11.080231264233587 12.273932456970215 20.161017835140228 18.261353597044945 14.332353934645651 9.3362759500741976 11.83670763671398 10.715156763792038 9.5176118463277799 15.057350650429726 11.144454523921015 13.060477405786513 9.7697102129459381 11.552729412913321 10.817887440323831 12.603096798062323 30.246917575597763 39.839162394404411
leaf_count=43 42 42 68 77 48 140 53 30 47 47 137 51 34 26 42 77 47 47 23 43 32 34 39 41 37 30 31 26 37 71 162
internal_value=0.00470914 0.00690631 0.00296401 0.00494354 0.00327282 0.00397474 0.00722506 0.00451043 0.00513992 0.00745582 0.00286748 0.00578243 -0.00490489 0.00157292 0.00591004 -0.000335536 0.00166819 0.00119946 0.00484275 0.00225231 0.00114954 0.00441409 0.00550405 0.00758683 0.00297124 0.0120859 0.0136106 0.00985307 0.00935695 0.0170292 -0.00672094
internal_weight=558.082 246.928 311.155 248.721 208.702 194.802 82.7119 199.84 187.03 92.5784 94.4519 53.4208 62.4335 112.09 34.0693 78.0211 57.8601 25.0904 60.7219 38.7826 22.9891 72.3292 62.8116 49.032 24.2049 24.8271 40.0191 28.3304 21.9394 47.0876 51.7009
internal_count=1704 722 982 744 645 597 233 609 566 275 291 154 238 364 100 264 187 77 180 120 74 228 194 147 78 69 99 77 60 113 204
is_linear=0
shrinkage=0.0144862


Tree=64
num_leaves=30
num_cat=0
split_feature=4 4 4 4 3 3 3 3 3 3 2 4 4 4 4 2 4 4 3 2 4 2 2 4 4 3 4 3 3
split_gain=9.94506 28.191 22.5843 16.8905 8.19182 6.26354 5.8206 5.63589 4.88603 6.41999 4.50908 3.75572 3.59416 20.7257 7.19734 7.00086 5.15167 6.46217 3.69742 3.17167 7.95068 2.42858 7.7241 7.44138 2.4236 2.08473 1.59543 1.56297 1.356
threshold=-0.12388201523749372 -0.57804390007765316 -0.10117990212194466 0.26543698238015412 -0.39637255817794798 -0.066753148546350963 1.7724413147135019 1.9430900739760919 -0.52401811727297753 -1.1079474925031649 1.4782987723741299 0.81204465305063289 -1.0904357891992069 -0.67355127501412004 -1.1387745055992011 1.0000000180025095e-35 -1.5882449443731639 -1.6509421024785467 0.46814851029914545 -0.59504994101289455 1.2768978014360701 0.057542657545605544 -0.28656243849252122 1.3653437089470024 0.10261202914880686 0.26160392451939263 1.2768978014360701 0.61794179435526442 -0.1351705938880626
decision_type=2 2 2 2 2 2 2 2 2 2 2 2 2 2 2 2 2 2 2 2 2 2 2 2 2 2 2 2 2
left_child=1 6 10 24 8 -6 12 -8 9 19 -2 -10 14 -14 16 -16 17 -1 25 20 -5 22 23 -7 -4 -15 -21 28 -3
right_child=2 27 3 4 5 21 7 -9 11 -11 -12 -13 13 18 15 -17 -18 -19 -20 26 -22 -23 -24 -25 -26 -27 -28 -29 -30
leaf_value=0.011485240584621177 -0.0066385093327390602 0.017401974596917856 0.016967904718131494 -0.014598876016763197 0.014169680177696922 0.0093000932565195839 -0.01149750174177934 0.0034050905468336282 0.0015807610749592332 0.0096852381873495062 0.003526623962392113 -0.0070026628701249588 0.016959358720212491 0.0027904209368162206 0.0068439263951002053 -0.0064364857692571229 0.013656051461870463 -0.0027901247307310379 0.0085507343936380969 0.0052825684668856383 0.0028794315065586332 0.0095331207266711789 -0.0078341211892014387 -0.002880691517389275 0.0098319869024418183 -0.0033319296826506022 -0.0020584877377464793 0.020878841050141456 0.011225104237872405
leaf_weight=10.963872566819189 51.585852220654488 20.002105534076691 20.468228593468666 8.5341014862060565 17.350855231285095 34.523382723331451 8.6495863795280474 12.469867289066313 18.676868245005608 20.652792617678642 10.739655092358587 23.965609550476074 30.657472297549248 36.80220590531826 12.378094166517256 23.404200419783592 15.170997098088263 15.462549805641176 17.074693709611893 21.965279325842861 13.504359126091002 16.1241405159235 10.408192381262777 14.56142310798168 19.370934993028641 16.540371969342232 8.1605138480663282 14.602930814027784 12.172623783349989
leaf_count=28 204 48 49 33 42 96 35 38 62 53 34 94 74 112 37 87 38 53 49 66 42 42 41 47 50 58 27 33 32
internal_value=0.00465077 0.00682258 0.00292671 0.00488121 0.00322995 0.00642043 0.0044512 -0.00266549 0.000654415 0.00292399 -0.00484185 -0.00322345 0.00529878 0.00709504 0.00295187 -0.00178933 0.00701967 0.00319161 0.00277701 0.000229749 -0.00391199 0.00462301 0.00326341 0.00565357 0.0134742 0.000888048 0.00325381 0.0168945 0.0150954
internal_weight=556.944 246.352 310.592 248.267 208.428 92.968 199.574 21.1195 115.46 72.817 62.3255 42.6425 178.454 101.075 77.3797 35.7823 41.5974 26.4264 70.4173 52.1643 22.0385 75.6171 59.493 49.0848 39.8392 53.3426 30.1258 46.7777 32.1747
internal_count=1704 722 982 744 645 268 609 73 377 221 238 156 536 293 243 124 119 81 219 168 75 226 184 143 99 170 93 113 80
is_linear=0
shrinkage=0.0144862


Tree=65
num_leaves=34
num_cat=0
split_feature=4 4 4 4 4 0 0 0 0 0 4 2 4 4 4 4 4 4 2 2 0 4 2 2 0 0 0 4 0 0 0 2 0
split_gain=9.70743 27.6851 21.9733 16.5301 6.68172 7.02331 10.9835 9.01346 6.45888 6.14644 5.75491 5.45979 5.26746 4.41176 8.25845 5.25117 10.3669 19.0787 8.84308 4.39229 4.87101 3.55565 3.21028 3.20364 3.13859 4.26921 3.02275 2.39648 1.84904 1.50617 1.33087 1.2595 1.23342
threshold=-0.12388201523749372 -0.57804390007765316 -0.10117990212194466 0.26543698238015412 2.1250364861237432 -0.89842377837745824 -1.2326299864875967 -0.36293145898140472 0.53564922200162013 0.1303845022848949 0.43558507731961271 -0.96104490056638114 0.81204465305063289 -1.6509421024785467 -1.5882449443731639 -1.1387745055992011 -1.0904357891992069 -0.67355127501412004 0.72059368467215046 1.4782987723741299 -0.51025422056031999 0.92007127330637772 1.0000000180025095e-35 -0.74937431280164934 0.070995917162297806 -0.78898986588778375 0.66851444456337983 0.10261202914880686 1.0583229136861065 1.0583229136861065 -0.51025422056031999 0.26574378256368147 0.070995917162297806
decision_type=2 2 2 2 2 2 2 2 2 2 2 2 2 2 2 2 2 2 2 2 2 2 2 2 2 2 2 2 2 2 2 2 2
left_child=1 11 19 27 5 6 21 12 9 10 -9 -1 31 -13 28 -16 18 -18 -17 20 -2 -5 23 -14 25 -19 -26 -4 -15 -10 -3 -7 -22
right_child=2 30 3 4 -6 7 -8 8 29 -11 -12 13 22 14 15 16 17 24 -20 -21 32 -23 -24 -25 26 -27 -28 -29 -30 -31 -32 -33 -34
leaf_value=-0.0046026036972285755 -0.016650983441031091 0.021078397138873183 0.016829831692736542 -0.00069505702434956122 -0.0063591137437959454 0.00016045387359209511 0.018892403741769724 -0.003418204163276979 0.0027664327828793695 0.017814228203186653 0.009644955163473334 0.014097145303866541 -0.0078032174427230833 -0.0097027332506271959 0.013208850510701177 0.0046106694272819142 0.016426686359038718 0.00061042701441525076 -0.0093027269761716755 0.0034752518158888638 -0.0088996626789705283 0.0083118310377080142 -0.01023921948071603 0.0038178708251068918 -0.0023263463521046206 0.01197595101152223 0.0051127558376112166 0.0097183246062242049 -0.00046145393935903095 -0.0036456968890048172 0.015334486961805055 0.0062591175753926899 -0.0032450929441168786
leaf_weight=12.794752404093741 8.0895298868417722 11.569649428129194 20.339079007506371 16.511963695287704 13.880598500370978 15.752006575465204 14.674134030938147 9.5600057393312436 24.236640900373459 11.933455511927603 23.68419586122036 10.169544860720633 8.7805191725492495 8.4454223215580004 16.265469089150429 20.10046049952507 31.016448527574539 12.222957924008369 17.573994219303131 10.746516063809393 10.389007672667502 19.622143790125847 16.209248468279839 10.375062420964239 27.89115047454834 14.931476429104805 18.793690010905266 19.313987120985985 9.0066168010234815 10.69265305995941 34.90113639831543 12.265671759843825 32.997214883565903
leaf_count=43 38 26 49 53 48 53 33 33 76 27 65 25 30 32 41 64 76 40 68 34 45 56 65 34 94 41 55 50 30 36 87 36 121
internal_value=0.0045939 0.006743 0.00288954 0.0048192 0.00318706 0.00387905 0.00848714 0.00224084 0.00545856 0.00906308 0.00587783 0.00439538 -0.00182915 0.00502086 0.0044829 0.00552079 0.00462885 0.00696395 -0.00185147 -0.00477961 -0.00655661 0.00422307 -0.00553638 -0.00156342 0.00296876 0.00683845 0.000685226 0.0133426 -0.0048505 0.000812331 0.0167614 0.00281506 -0.0046292
internal_weight=555.736 245.683 310.054 247.831 208.178 194.298 50.8082 143.489 80.107 45.1777 33.2442 199.212 63.3825 186.417 176.248 158.796 142.53 104.856 37.6745 62.2223 51.4758 36.1341 35.3648 19.1556 73.8393 27.1544 46.6848 39.6531 17.452 34.9293 46.4708 28.0177 43.3862
internal_count=1704 722 982 744 645 597 142 455 237 125 98 609 218 566 541 479 438 306 132 238 204 109 129 64 230 81 149 99 62 112 113 89 166
is_linear=0
shrinkage=0.0144862


Tree=66
num_leaves=27
num_cat=0
split_feature=1 1 3 3 3 3 3 3 1 0 0 1 3 1 0 1 0 0 1 1 1 1 1 1 0 1
split_gain=9.48944 8.50227 7.09345 26.7896 19.5691 11.2675 10.5571 15.2442 8.1959 8.66232 7.00965 5.761 5.51042 5.38386 5.00307 5.0334 4.71108 4.34193 3.6363 3.33849 2.7381 2.46527 1.83355 1.60311 1.53731 1.41128
threshold=2.1137352703750172 1.4140920485755559 -0.45773049097128432 0.26160392451939263 -0.52401811727297753 -1.1079474925031649 0.3295906199428984 0.96968499839693922 0.43977337224892188 1.0000000180025095e-35 -0.51025422056031999 0.53178439119669474 1.7724413147135019 -0.55715926190721443 -0.27665448525149644 -0.23380133559262892 0.44263003055698064 1.0583229136861065 2.2907844588158062 -0.45032934443813583 -0.61252139203885436 1.3094291958364745 -0.17917218323731168 -0.36979102111976109 -0.89842377837745824 -0.69814594375292882
decision_type=2 2 2 2 2 2 2 2 2 2 2 2 2 2 2 2 2 2 2 2 2 2 2 2 2 2
left_child=1 2 4 10 5 14 17 19 9 20 -4 -10 13 -11 22 16 -16 -5 -2 -8 -9 -6 -1 -18 -22 -7
right_child=18 -3 3 6 21 25 7 8 11 12 -12 -13 -14 -15 15 -17 23 -19 -20 -21 24 -23 -24 -25 -26 -27
leaf_value=-0.0076113734505564041 -0.009867380387866713 0.016534919883743771 0.0067293706915688692 -0.0020652449054193137 -0.0036144514407680998 0.015918922452620783 0.0088720591487387208 0.0054294641836286489 -0.0097745978356708185 0.011950178472671661 0.01709728632406636 0.003327798735425728 -0.0086910418098925021 -0.0031334333188573109 0.0096399086439190595 0.010195166640921474 0.0016722598362213224 0.0061996657438736121 0.0021518477268682298 0.017011433492866865 0.016863557013511783 0.0030048042498319566 0.00072066983935469182 -0.0047790442172259452 0.0096242923684094293 0.010255531502378379
leaf_weight=9.5541030317544955 12.535479977726938 12.443590894341467 18.721026137471199 65.671011164784431 75.358322903513908 12.296631678938864 18.959224477410316 17.484111383557316 14.766076013445854 9.2036401778459567 48.071167662739754 12.751562431454659 10.486136376857756 9.7380712032318133 12.502264171838759 24.727682888507843 22.301247671246525 16.285352990031242 8.539766773581503 23.436673820018768 11.032475456595419 13.576079502701758 12.024577736854551 12.074555799365045 13.683995395898824 36.33557017147541
leaf_count=34 51 30 51 235 272 29 50 51 60 25 115 41 39 33 34 69 68 48 26 56 26 45 39 42 40 95
internal_value=0.00453739 0.00491405 0.00463019 0.00613612 0.00273443 0.00606795 0.0037313 0.00612062 0.00301736 0.00558439 0.0141587 -0.00365428 -0.000397661 0.00417348 0.00312515 0.00495517 0.00217622 -0.000398009 -0.00489579 0.0133525 0.00977292 -0.0025811 -0.00293299 -0.0005916 0.0128694 0.0116961
internal_weight=554.56 533.485 521.042 290.291 230.751 141.817 223.498 141.542 99.1461 71.6284 66.7922 27.5176 29.4278 18.9417 93.1844 71.6058 46.8781 81.9564 21.0752 42.3959 42.2006 88.9344 21.5787 34.3758 24.7165 48.6322
internal_count=1704 1627 1597 870 727 410 704 421 315 214 166 101 97 58 286 213 144 283 77 106 117 317 73 110 66 124
is_linear=0
shrinkage=0.0144862


Tree=67
num_leaves=26
num_cat=0
split_feature=2 2 2 2 2 2 2 2 2 0 3 0 0 0 3 0 0 3 3 0 0 0 2 2 3
split_gain=8.77603 24.8955 27.0785 20.0286 9.8235 13.8102 8.07176 13.8938 9.00421 7.79441 5.74772 6.09801 8.48591 3.52902 3.50748 4.49003 2.98868 2.27381 2.07999 1.95634 1.87076 1.80615 1.44309 1.27827 1.25938
threshold=-0.69972874731304169 1.0000000180025095e-35 0.031977609934829745 0.72059368467215046 -0.74937431280164934 -1.2536974192686836 0.89442266433793904 1.3729082814080018 1.5120648737530427 -0.89842377837745824 0.96968499839693922 -0.51025422056031999 1.4564283712933748 1.4564283712933748 -0.52401811727297753 0.66851444456337983 -0.89842377837745824 -0.30674666200234618 -0.66989875623872586 -0.51025422056031999 0.47958235890017104 -0.36293145898140472 -0.38201714431718403 2.3318088481973098 0.96968499839693922
decision_type=2 2 2 2 2 2 2 2 2 2 2 2 2 2 2 2 2 2 2 2 2 2 2 2 2
left_child=4 18 16 21 5 10 9 -8 19 -5 11 -1 17 24 -11 -16 -3 -13 -2 -9 22 -4 -20 -10 -6
right_child=1 2 3 6 13 -7 7 8 23 14 -12 12 -14 -15 15 -17 -18 -19 20 -21 -22 -23 -24 -25 -26
leaf_value=-0.0062065177952033449 0.0084774455423423691 -0.011878297622172783 0.010191003498594775 0.0090678075855113605 -0.0023852083466649968 0.011987619582150558 0.01656220944026188 -0.0074498671929212369 0.0066027599649306264 0.0047131108863729494 -0.0090673072609815629 0.0050779182009908878 -0.0047593448079267416 0.0040599311076615604 -0.0054943934409121577 0.0059756436147502881 -0.0024142221704881615 0.012533790239755187 0.017835159917168233 0.00034216171113880741 0.019799308204934529 0.015683031028815506 0.011765182749788166 0.012607237128762938 -0.0074646584186568148
leaf_weight=12.237360417842863 12.542195856571196 7.3870490342378607 18.829491049051285 17.745808273553848 52.752613663673401 36.576730966567993 23.210845559835434 10.000902429223062 20.430314004421238 13.542670771479605 9.7298774719238263 16.442623659968369 12.769097417593001 16.516357690095901 40.565911412239075 8.2748974263668043 70.715925738215446 17.289093837141998 11.28120014071464 18.845010310411453 12.875009536743162 39.051612928509712 30.153017997741703 11.371872141957281 12.352166742086409
leaf_count=41 33 34 49 47 192 92 57 38 55 40 36 49 43 50 152 24 258 43 27 63 31 97 77 28 48
internal_value=0.00448077 0.00578125 0.00399973 0.00657814 0.00192517 0.00484525 0.00399476 0.00712383 0.00348808 0.000709993 0.00101983 0.00271319 0.00510312 -0.00183741 -0.00170176 -0.00351166 -0.00331638 0.00889377 0.0137485 -0.00234135 0.0150013 0.0138761 0.0134698 0.00874991 -0.00335979
internal_weight=553.49 366.824 299.972 221.869 186.666 105.045 163.988 83.8589 60.6481 80.1293 68.4681 58.7382 46.5008 81.6211 62.3835 48.8408 78.103 33.7317 66.8514 28.8459 54.3092 57.8811 41.4342 31.8022 65.1048
internal_count=1704 1110 942 650 594 304 504 241 184 263 212 176 135 290 216 176 292 92 168 101 135 146 104 83 240
is_linear=0
shrinkage=0.0144862


Tree=68
num_leaves=31
num_cat=0
split_feature=4 4 4 4 3 3 3 3 3 3 4 4 4 4 4 4 3 3 1 1 1 1 1 4 4 4 1 1 3 1
split_gain=9.33179 26.5713 20.6292 15.6948 7.68237 5.93432 5.50082 5.28374 4.37302 5.90074 3.6146 3.39629 19.5009 6.54075 4.79643 6.00373 3.55812 2.91214 2.66986 2.46787 2.12499 2.94249 2.46659 1.88373 10.3342 6.90199 1.64822 2.70083 1.59078 2.10029
threshold=-0.12388201523749372 -0.57804390007765316 -0.10117990212194466 0.26543698238015412 -0.39637255817794798 -0.066753148546350963 1.7724413147135019 1.9430900739760919 -0.52401811727297753 -1.1079474925031649 0.81204465305063289 -1.0904357891992069 -0.67355127501412004 -1.1387745055992011 -1.5882449443731639 -1.6509421024785467 0.46814851029914545 0.96968499839693922 0.43977337224892188 0.17446091209929657 -0.17917218323731168 -0.36979102111976109 1.3094291958364745 1.3653437089470024 0.92007127330637772 0.81204465305063289 0.12893343160996845 -0.65883284006285803 0.61794179435526442 -0.36979102111976109
decision_type=2 2 2 2 2 2 2 2 2 2 2 2 2 2 2 2 2 2 2 2 2 2 2 2 2 2 2 2 2 2
left_child=1 6 18 19 8 -6 11 -8 9 26 -10 13 -13 14 15 -1 20 -15 -2 -4 21 -14 -22 24 25 -7 27 -5 29 -3
right_child=2 28 3 4 5 23 7 -9 10 -11 -12 12 16 17 -16 -17 -18 -19 -20 -21 22 -23 -24 -25 -26 -27 -28 -29 -30 -31
leaf_value=0.01104509493094058 -0.0021922072217026925 0.0096743797764912778 0.015343407353748281 -0.0027144739465104007 0.013743950994836968 0.0066381652668330423 -0.011276325061368601 0.0032014960477369197 0.0015838092777132745 0.0092313922042338813 -0.006848717443069037 0.016542478477641905 0.0029543036753231409 0.00061021515664709796 0.013177509308927731 -0.0027497783317145998 0.0083372932338531477 -0.0087837876243731829 -0.0082653047094443793 0.0073833040815996743 0.0078411601160017878 -0.0063535086852555215 -0.0010475997472713277 0.00033806013311932779 0.018928102774481072 -0.0050458104780523828 -0.0034762085946220302 0.0053618162559736053 0.020511946868149538 0.01742394041689533
leaf_weight=10.871396750211714 36.3925491720438 11.48184657096863 27.820821300148964 14.645903676748274 17.109656155109406 32.270357877016068 8.5888023078441638 12.392367467284201 18.652038618922234 20.389476880431175 23.850892677903175 29.939443096518517 13.045305818319321 26.843422681093216 14.866422414779661 15.439557492733003 17.037866696715355 8.8610714673995954 25.638932824134827 11.299099430441855 13.979215279221537 14.661597281694412 11.549916997551916 17.934349447488785 9.7613575756549817 15.233464151620863 17.412260442972183 19.993145316839218 14.255229353904722 19.954193860292435
leaf_count=28 130 31 68 48 42 94 35 38 62 53 94 74 39 89 38 53 49 35 108 31 41 51 39 56 22 54 60 60 33 49
internal_value=0.00442681 0.00654332 0.00275247 0.00462982 0.00304198 0.00614447 0.00424727 -0.00269326 0.000544093 0.00269804 -0.0031293 0.00507485 0.00682942 0.00278712 0.00669284 0.00300938 0.00266817 -0.00172942 -0.00468768 0.0129971 0.000813703 -0.00194873 0.00379546 0.00439612 0.00566857 0.00288293 0.000122121 0.00192986 0.0164508 0.0146185
internal_weight=552.172 243.768 308.404 246.373 207.253 92.3092 198.076 20.9812 114.944 72.4408 42.5029 177.095 100.213 76.8819 41.1774 26.311 70.2739 35.7045 62.0315 39.1199 53.236 27.7069 25.5291 75.1995 57.2652 47.5038 52.0513 34.639 45.6913 31.436
internal_count=1704 722 982 744 645 268 609 73 377 221 156 536 293 243 119 81 219 124 238 99 170 90 80 226 170 148 168 108 113 80
is_linear=0
shrinkage=0.0144862


Tree=69
num_leaves=32
num_cat=0
split_feature=4 4 4 4 3 3 3 3 0 0 0 0 4 3 0 0 4 4 0 3 4 4 4 3 4 4 4 0 3 3 3
split_gain=9.10898 26.1048 20.074 15.355 7.4777 5.81272 5.35506 5.15302 5.13404 9.06169 4.38257 7.17651 5.77289 5.13286 4.19499 4.16143 3.43552 12.271 6.92765 4.9051 4.32797 2.56833 2.42505 2.08094 1.83471 10.1355 6.70706 1.74142 1.57859 1.45319 1.39311
threshold=-0.12388201523749372 -0.57804390007765316 -0.10117990212194466 0.26543698238015412 -0.39637255817794798 -0.066753148546350963 1.7724413147135019 1.9430900739760919 1.4564283712933748 0.64540872178191366 -0.30169178207169184 0.53564922200162013 0.78703980624840864 -0.52401811727297753 1.6010879020007087 -0.51025422056031999 -1.0904357891992069 -0.67355127501412004 -0.36293145898140472 0.46814851029914545 -1.1387745055992011 1.8211092833189537 0.10261202914880686 0.26160392451939263 1.3653437089470024 0.92007127330637772 0.81204465305063289 1.0583229136861065 0.61794179435526442 -0.69988971929381505 -0.1351705938880626
decision_type=2 2 2 2 2 2 2 2 2 2 2 2 2 2 2 2 2 2 2 2 2 2 2 2 2 2 2 2 2 2 2
left_child=1 6 15 22 10 -6 8 -8 9 16 12 -12 -5 21 -10 -2 18 -18 -1 23 -20 -14 -4 -19 25 26 -7 -13 30 -16 -3
right_child=2 28 3 4 5 24 7 -9 14 -11 11 27 13 -15 29 -17 17 19 20 -21 -22 -23 -24 -25 -26 -27 -28 -29 -30 -31 -32
leaf_value=-0.01062469286817086 -0.012078647775797625 0.016863118508682644 0.016415178488505475 0.0042511453649643829 0.013605361626073717 0.0065425274359275322 -0.01115573269134661 0.0031570023078837011 -0.0054801802424501462 0.012410611842399485 0.0083007086410242653 0.0007223927216813877 0.0024249010950388923 -0.011805716608496339 0.00061721876155926877 -0.0027795967368497059 0.016126781690494019 0.0020785676377018053 0.0096932270802055961 0.0087609872143445244 -0.0012835303603095855 -0.0072182621595354018 0.009203441410287656 -0.0051964691100400166 0.00033253424295759436 0.018770973070361876 -0.0049777995753114094 -0.0068105725264839987 0.02038881408017806 0.0083731076205480794 0.010525793495874484
leaf_weight=8.5189364701509458 12.288746893405913 19.428603112697601 19.915220871567726 18.899263888597488 17.036201819777489 32.270324036478996 8.5586352050304431 12.390409350395201 15.557352438569067 36.571642220020294 29.525025323033333 17.411695793271068 14.981765404343607 15.530068323016165 9.6765596866607648 49.645070016384125 18.025493443012238 19.732367932796478 13.882730871438978 16.086085870862007 15.454405084252359 8.84584993124008 19.023480743169785 13.519695594906805 17.934419989585876 9.7031649649143201 15.223486974835394 9.637378513813017 14.1352242231369 9.7379830926656741 11.815486237406732
leaf_count=34 53 48 49 59 42 94 35 38 53 98 84 57 46 66 30 185 45 61 38 46 55 31 50 49 56 22 54 34 33 27 32
internal_value=0.00437283 0.0064673 0.00271765 0.00457135 0.00300206 0.00606567 0.00419403 -0.00265903 0.00501146 0.00623625 0.000536841 0.00339337 -0.00224551 -0.00539857 6.82463e-05 -0.00462733 0.00407821 0.00602911 0.000597596 0.00230446 0.00390168 -0.00120883 0.012869 -0.000870633 0.00433692 0.00559402 0.00284153 -0.00194503 0.0163257 0.00448183 0.0144964
internal_weight=550.963 243.092 307.871 245.937 206.999 92.1676 197.712 20.949 176.763 141.791 114.831 56.5741 58.2569 39.3577 34.9719 61.9338 105.22 67.3636 37.8561 49.3381 29.3371 23.8276 38.9387 33.2521 75.1314 57.197 47.4938 27.0491 45.3793 19.4145 31.2441
internal_count=1704 722 982 744 645 268 609 73 536 426 377 175 202 143 110 238 328 201 127 156 93 77 99 110 226 170 148 91 113 57 80
is_linear=0
shrinkage=0.0144862


Tree=70
num_leaves=24
num_cat=0
split_feature=1 4 1 1 1 1 1 1 1 4 4 4 0 0 0 4 0 0 0 1 0 0 4
split_gain=9.06164 8.40626 7.66803 7.1574 21.6044 32.6074 17.9587 18.9534 8.78449 5.3635 4.39932 3.74046 2.14882 2.86462 10.6413 3.37431 3.06322 5.41139 1.72787 2.63143 1.40287 1.38354 1.24311
threshold=2.1137352703750172 2.1250364861237432 1.4140920485755559 -0.36979102111976109 -0.30976332809883261 0.43977337224892188 0.53178439119669474 1.3094291958364745 -0.99189156790407906 0.26543698238015412 -0.12388201523749372 -0.12388201523749372 -0.89842377837745824 0.1303845022848949 0.53564922200162013 0.10261202914880686 1.0914303853726597 1.0583229136861065 -0.56066171805965881 -0.48979541740326532 0.88778833908496113 1.0583229136861065 0.54135008413308727
decision_type=2 2 2 2 2 2 2 2 2 2 2 2 2 2 2 2 2 2 2 2 2 2 2
left_child=1 2 3 8 20 9 10 -8 12 -6 21 -2 -1 15 -15 -14 17 -16 -10 -20 -5 -7 -12
right_child=11 -3 -4 4 5 6 7 -9 18 -11 22 -13 13 14 16 -17 -18 -19 19 -21 -22 -23 -24
leaf_value=0.010110530890760151 0.00041098051671695224 -0.0062741698823167175 0.016140441382755812 -0.0031502496764238622 0.017242663625977993 -0.0015314676363310778 0.014523959184268123 0.00073656325669696412 0.016139802639410561 0.0081146505213857932 -0.0092279700891619403 -0.011677226271986476 0.0056821990826105293 0.019615541151808327 0.0048156379817316432 -0.0027813924148869388 0.0077730868885528409 -0.0062960942644525201 0.007305712925647934 0.014520707779841375 0.000602512293232059 0.0050358891603855078 -0.0032527987868861646
leaf_weight=14.228820055723189 11.58290281891823 13.817039579153059 12.181492939591406 73.550978019833565 45.875656962394714 23.265572547912598 36.265862986445427 48.217471197247505 13.643524989485739 18.845647767186165 21.600800096988678 9.356476426124571 17.483350992202759 9.7873799353837949 29.056652396917343 21.563331112265587 24.632575616240501 12.913865730166433 25.898331597447392 17.583151251077656 28.725748836994171 8.963573753833769 10.820323482155798
leaf_count=37 39 48 30 265 112 82 92 162 32 50 89 38 53 22 90 72 70 45 70 44 94 27 41
internal_value=0.00431854 0.00468859 0.00498799 0.0047116 0.00338252 0.00599773 0.00227612 0.00665692 0.00695755 0.0145549 -0.00345638 -0.00492879 0.00487373 0.00421165 0.00583671 0.00103114 0.00376421 0.00138332 0.011674 0.010256 -0.0020827 0.000296942 -0.0072161
internal_weight=549.861 528.921 515.104 502.923 316.132 213.855 149.134 84.4833 186.791 64.7213 64.6503 20.9394 129.666 115.437 76.3905 39.0467 66.6031 41.9705 57.125 43.4815 102.277 32.2291 32.4211
internal_count=1704 1627 1579 1549 1014 655 493 254 535 162 239 77 389 352 227 125 205 135 146 114 359 109 130
is_linear=0
shrinkage=0.0144862


Tree=71
num_leaves=33
num_cat=0
split_feature=4 4 4 4 4 0 0 0 0 0 2 4 2 0 4 4 4 4 4 2 4 0 0 2 2 0 4 0 0 0 0 2
split_gain=8.6699 25.4062 19.2126 14.6967 6.1063 6.5462 10.486 8.16863 5.79534 5.77319 5.27976 4.84223 4.27182 4.69179 4.09764 7.66887 4.7095 6.8893 17.4726 15.7302 3.37613 3.05942 4.06545 2.96705 3.14166 2.80426 2.42207 1.76553 1.53045 1.37365 1.35077 1.21553
threshold=-0.12388201523749372 -0.57804390007765316 -0.10117990212194466 0.26543698238015412 2.1250364861237432 -0.89842377837745824 -1.2326299864875967 -0.36293145898140472 0.53564922200162013 0.1303845022848949 -0.96104490056638114 0.81204465305063289 1.4782987723741299 -0.51025422056031999 -1.6509421024785467 -1.5882449443731639 -1.3439458341595358 -1.0904357891992069 -0.67355127501412004 0.72059368467215046 0.92007127330637772 0.070995917162297806 -0.78898986588778375 1.0000000180025095e-35 -0.74937431280164934 0.66851444456337983 0.10261202914880686 1.0583229136861065 0.070995917162297806 1.0583229136861065 -0.51025422056031999 0.26574378256368147
decision_type=2 2 2 2 2 2 2 2 2 2 2 2 2 2 2 2 2 2 2 2 2 2 2 2 2 2 2 2 2 2 2 2
left_child=1 10 12 26 5 6 20 11 9 28 -1 31 13 -2 -12 27 -17 19 -19 -18 -5 22 -20 24 -13 -23 -4 -16 -9 -10 -3 -7
right_child=2 30 3 4 -6 7 -8 8 29 -11 14 23 -14 -15 15 16 17 18 21 -21 -22 25 -24 -25 -26 -27 -28 -29 -30 -31 -32 -33
leaf_value=-0.004800938394733726 -0.016321464083678339 0.020524989149002894 0.016193661503303258 -0.0008946823017704263 -0.0062141537212159455 -1.686472845989961e-05 0.018353794631162362 0.0095789888253682339 0.002559347751133304 0.017123857337750098 0.013510367280217265 -0.0078031771211580893 0.0036013109355392992 -0.0044209913226682142 -0.0095804763899483506 0.014797451025669154 0.0071744855509744557 0.015829492227342808 0.00052775109936847408 -0.010194087363394406 0.0079210386213345151 -0.0023774339275889201 0.011637029809489984 -0.0099906966311838763 0.0037433186211140398 0.0047987286751224678 0.0089554523749475583 -0.00053925347256421081 0.003133992478347186 -0.003575272419597235 0.014648938066200639 0.0059808657445463318
leaf_weight=12.722543343901632 7.9319348037242881 11.156565457582472 19.683974087238312 16.404464289546013 13.810888558626173 15.699251979589464 14.392211407423018 11.622281476855276 24.154617428779602 11.670054763555525 10.029209434986113 8.7377323508262652 10.724275812506674 43.137211203575134 8.4030336737632769 9.5861513465642911 25.057349652051926 29.960226088762283 12.174885436892509 18.746297389268875 19.387211427092552 27.786645695567131 14.884790539741516 16.051091983914375 10.284119263291357 18.740778192877769 18.888982757925987 9.0125697851181013 21.378428310155869 10.652662977576254 33.658993661403656 12.197326108813284
leaf_count=43 38 26 49 53 48 53 33 30 76 27 25 30 34 166 32 24 76 76 40 73 56 94 41 65 34 55 50 30 68 36 87 36
internal_value=0.00426527 0.0063142 0.00264829 0.00446628 0.00293328 0.00359885 0.00807822 0.00201452 0.00509092 0.00853191 0.00407668 -0.0018716 -0.00454456 -0.00630687 0.00469684 0.00417639 0.00518689 0.00454414 0.0065756 -0.000249303 0.0039064 0.00278724 0.00661505 -0.00544442 -0.00161378 0.000529756 0.0126268 -0.00482244 0.00545096 0.000689277 0.0161089 0.00258722
internal_weight=548.729 241.92 306.809 245.015 206.442 192.631 50.1839 142.448 79.478 44.6708 197.104 62.9695 61.7934 51.0691 184.382 174.353 156.937 147.351 103.547 43.8036 35.7917 73.5871 27.0597 35.0729 19.0219 46.5274 38.573 17.4156 33.0007 34.8073 44.8156 27.8966
internal_count=1704 722 982 744 645 597 142 455 237 125 609 218 238 204 566 541 479 455 306 149 109 230 81 129 64 149 99 62 98 112 113 89
is_linear=0
shrinkage=0.0144862


Tree=72
num_leaves=32
num_cat=0
split_feature=4 4 4 4 3 3 3 0 0 3 0 0 4 3 0 0 4 4 0 3 4 4 4 3 4 4 4 0 3 3 3
split_gain=8.46036 24.9635 18.6956 14.3863 7.11229 5.60035 5.20982 5.0676 8.71707 4.88321 4.09388 6.78787 5.52497 4.92084 4.02565 3.99033 3.22759 11.7197 6.59472 4.71285 4.04152 2.39704 2.39571 2.00551 1.81572 9.72668 6.47849 1.64243 1.57905 1.41269 1.39361
threshold=-0.12388201523749372 -0.57804390007765316 -0.10117990212194466 0.26543698238015412 -0.39637255817794798 -0.066753148546350963 1.7724413147135019 1.4564283712933748 0.64540872178191366 1.9430900739760919 -0.30169178207169184 0.53564922200162013 0.78703980624840864 -0.52401811727297753 1.6010879020007087 -0.51025422056031999 -1.0904357891992069 -0.67355127501412004 -0.36293145898140472 0.46814851029914545 -1.1387745055992011 1.8211092833189537 0.10261202914880686 0.26160392451939263 1.3653437089470024 0.92007127330637772 0.81204465305063289 1.0583229136861065 0.61794179435526442 -0.69988971929381505 -0.1351705938880626
decision_type=2 2 2 2 2 2 2 2 2 2 2 2 2 2 2 2 2 2 2 2 2 2 2 2 2 2 2 2 2 2 2
left_child=1 6 15 22 10 -6 7 8 16 -8 12 -12 -5 21 -9 -2 18 -18 -1 23 -20 -14 -4 -19 25 26 -7 -13 30 -16 -3
right_child=2 28 3 4 5 24 9 14 -10 -11 11 27 13 -15 29 -17 17 19 20 -21 -22 -23 -24 -25 -26 -27 -28 -29 -30 -31 -32
leaf_value=-0.010423331000411882 -0.011824590509564607 0.016534175079340057 0.016067495905676851 0.0041527064171240392 0.013328860255398612 0.0064005982563242851 -0.011034585964680899 -0.0055175688312160279 0.012131742298585334 0.0029275529291818308 0.0080378814258144082 0.00064995336192764637 0.002321022626645903 -0.011600716952874224 0.00044122954736864359 -0.0026802691186982872 0.015814978528985887 0.0019966035838035021 0.0094089907656279958 0.008543464284206664 -0.0012220568089759366 -0.0070033798230214207 0.0088521355448952857 -0.0051489352681414538 0.00020788657865543838 0.01845008310663384 -0.0049373569237416582 -0.0066713014473319086 0.020093500786389364 0.0080982854704491868 0.010146169546809304
leaf_weight=8.4764718115329725 12.166591495275496 19.061101421713829 19.553003221750259 18.861063346266747 16.879365235567093 32.199601680040359 8.5262310057878512 15.543171882629393 36.338353350758553 12.332033798098562 29.40258863568306 17.411602258682255 14.929744735360147 15.420121744275091 9.6600232571363431 49.519106894731522 17.686678200960159 19.710441529750824 13.78060746192932 16.078902631998062 15.434321835637094 8.8387570232152921 18.83292093873024 13.50702181458473 17.896426394581795 9.5803939849138242 15.176986858248709 9.6145384013652784 13.82841446995735 9.6967183798551577 11.616419211030008
leaf_count=34 53 48 49 59 42 94 35 53 98 38 84 57 46 66 30 185 45 61 38 46 55 31 50 49 56 22 54 34 33 27 32
internal_value=0.00421297 0.00624011 0.0026147 0.00440956 0.00289437 0.00589035 0.00402501 0.00483345 0.00605533 -0.00274873 0.000487557 0.00325123 -0.0022071 -0.00530056 -7.7845e-05 -0.0044869 0.00393423 0.00583121 0.000553659 0.00221365 0.0037836 -0.00119845 0.0125047 -0.000900483 0.00419418 0.00544844 0.00276017 -0.00193858 0.0159875 0.00425091 0.0141449
internal_weight=547.56 241.277 306.283 244.597 206.211 91.7328 196.771 175.913 141.013 20.8583 114.478 56.4287 58.0497 39.1886 34.8999 61.6857 104.674 66.983 37.6914 49.2964 29.2149 23.7685 38.3859 33.2175 74.8534 56.957 47.3766 27.0261 44.5059 19.3567 30.6775
internal_count=1704 722 982 744 645 268 609 536 426 73 377 175 202 143 110 238 328 201 127 156 93 77 99 110 226 170 148 91 113 57 80
is_linear=0
shrinkage=0.0144862


Tree=73
num_leaves=32
num_cat=0
split_feature=4 4 4 4 3 3 3 0 0 0 0 0 4 3 0 0 4 4 0 3 4 4 4 3 4 4 4 0 3 3 3
split_gain=8.25219 24.5372 18.192 14.0827 6.92487 5.48609 5.06897 4.93632 8.48078 4.85355 3.97929 6.59692 5.37577 4.81155 3.91343 3.90319 3.14533 11.5146 6.42183 4.57665 3.93528 2.36992 2.33107 1.95084 1.76858 9.5432 6.29577 1.59824 1.56974 1.37758 1.37509
threshold=-0.12388201523749372 -0.57804390007765316 -0.10117990212194466 0.26543698238015412 -0.39637255817794798 -0.066753148546350963 1.7724413147135019 1.4564283712933748 0.64540872178191366 0.070995917162297806 -0.30169178207169184 0.53564922200162013 0.78703980624840864 -0.52401811727297753 1.6010879020007087 -0.51025422056031999 -1.0904357891992069 -0.67355127501412004 -0.36293145898140472 0.46814851029914545 -1.1387745055992011 0.10261202914880686 1.8211092833189537 0.26160392451939263 1.3653437089470024 0.92007127330637772 0.81204465305063289 1.0583229136861065 0.61794179435526442 -0.1351705938880626 -0.69988971929381505
decision_type=2 2 2 2 2 2 2 2 2 2 2 2 2 2 2 2 2 2 2 2 2 2 2 2 2 2 2 2 2 2 2
left_child=1 6 15 21 10 -6 7 8 16 -8 12 -12 -5 22 -9 -2 18 -18 -1 23 -20 -4 -14 -19 25 26 -7 -13 29 -3 -16
right_child=2 28 3 4 5 24 9 14 -10 -11 11 27 13 -15 30 -17 17 19 20 -21 -22 -23 -24 -25 -26 -27 -28 -29 -30 -31 -32
leaf_value=-0.010300692788084638 -0.011702756226607162 0.0164129293467036 0.015943131122157728 0.0040925443700265346 0.013195845881279381 0.0063086528598815736 0.003220412699694196 -0.0054422778873170503 0.011976911298556684 -0.010614499762384412 0.0079253748046584707 0.00064090051321132936 0.0022883456744628044 -0.011481217822635269 0.00043376358494978711 -0.0026435559769111459 0.015699490937082859 0.0019679490173785917 0.0092901257480745049 0.0084178805928096529 -0.0012056941186890861 0.0087500082590299243 -0.0069088016322428926 -0.0050820095642204119 0.00020425294545880818 0.018293401677282755 -0.0048708193029406129 -0.0065834759476214822 0.019980760731341491 0.010044852962002485 0.0079899677132980879
leaf_weight=8.4568826258182508 12.117483943700789 18.925491407513618 19.421920418739319 18.865967452526093 16.805158600211143 32.198204383254051 11.834662720561029 15.533681228756903 36.27764268219471 8.9913099110126478 29.390706062316895 17.412968114018444 14.928761571645738 15.357188835740088 9.6600274443626386 49.479251876473427 17.561562240123749 19.712564989924431 13.757331594824789 16.085400223731995 15.429302379488947 18.777042299509048 8.8330313861370069 13.489802077412604 17.896457508206367 9.5204019397497159 15.166978687047957 9.6044351160526258 13.706591874361036 11.563812106847765 9.6881204545497912
leaf_count=34 53 48 49 59 42 94 38 53 98 35 84 57 46 66 30 185 45 61 38 46 55 50 31 49 56 22 54 34 33 32 27
internal_value=0.00416078 0.00616571 0.00258136 0.00435359 0.00285599 0.0058151 0.00397288 0.00477089 0.00597845 -0.00271383 0.000480742 0.00320543 -0.00217793 -0.0052341 -7.70343e-05 -0.00442868 0.00388442 0.00575941 0.000545646 0.00218238 0.00373272 0.0123844 -0.00118186 -0.000888031 0.0041379 0.00537714 0.00272053 -0.00191152 0.0158678 0.0140273 0.00419166
internal_weight=546.45 240.674 305.776 244.179 205.98 91.5872 196.478 175.652 140.77 20.826 114.393 56.4081 57.9849 39.119 34.8818 61.5967 104.493 66.8493 37.6435 49.2878 29.1866 38.199 23.7618 33.2024 74.782 56.8856 47.3652 27.0174 44.1959 30.4893 19.3481
internal_count=1704 722 982 744 645 268 609 536 426 73 377 175 202 143 110 238 328 201 127 156 93 99 77 110 226 170 148 91 113 80 57
is_linear=0
shrinkage=0.0144862


Tree=74
num_leaves=29
num_cat=0
split_feature=1 2 2 2 2 2 2 4 4 2 2 2 1 1 2 2 1 1 4 4 4 2 1 1 4 4 4 4
split_gain=8.71537 9.07878 19.6266 22.5216 14.983 8.09065 12.6176 7.23269 12.235 5.76692 4.79091 8.36609 4.36301 4.6416 3.89303 3.88521 3.81608 3.16904 3.12043 2.73382 2.67058 2.20779 2.06478 1.99727 1.88238 8.56587 1.50997 1.30743
threshold=2.1137352703750172 -0.69972874731304169 1.0000000180025095e-35 0.031977609934829745 0.72059368467215046 -0.74937431280164934 -1.2536974192686836 -1.0904357891992069 -1.3439458341595358 1.0791826756702754 0.89442266433793904 1.3729082814080018 0.8893118293275043 -0.36979102111976109 1.0000000180025095e-35 1.5120648737530427 0.17446091209929657 -0.23380133559262892 0.10261202914880686 0.053892015937058065 -0.12388201523749372 -0.38201714431718403 0.065036890674015163 0.43977337224892188 -0.12388201523749372 0.10261202914880686 1.3653437089470024 1.0000000180025095e-35
decision_type=2 2 2 2 2 2 2 2 2 2 2 2 2 2 2 2 2 2 2 2 2 2 2 2 2 2 2 2
left_child=1 5 18 20 17 6 12 8 9 -6 24 -12 13 26 -2 -13 -10 27 -3 -15 22 -20 -4 -7 -9 -26 -1 -5
right_child=14 2 3 4 7 23 -8 10 16 -11 11 15 -14 19 -16 -17 -18 -19 21 -21 -22 -23 -24 -25 25 -27 -28 -29
leaf_value=0.0060941146843322509 0.00065864541857848656 0.015899488636576004 -0.0026563270248134 0.01195100148960045 -0.0024723687379314542 6.7444515422206692e-05 0.0116214427829487 0.0068149706985414114 -0.01568494720035692 0.012318956309045604 0.016816659604930707 0.00095408704268411357 0.0082428432617501924 -0.011907648421019592 -0.011676731549624437 0.0098198209784530772 -0.0025225593541706726 0.016154063196294706 0.014349164805709585 -0.0021708989972012756 -0.0048764131680385601 0.0062148811047069569 0.0050757399020003903 -0.0047417089834337458 -0.0086678989455166791 0.0058540033913448541 -0.0011635238741883869 0.0052030129607159
leaf_weight=15.826327428221704 11.179444894194605 35.662676706910133 15.877471193671228 13.961350470781328 8.9540796577930468 46.219092175364494 33.810772761702538 19.003217488527298 9.9866992682218569 12.941134274005888 19.041652753949165 20.927186861634254 12.690030857920645 8.3698242753744143 9.6367075443267805 19.748686477541924 8.0861967504024488 30.848293900489807 11.212556809186937 19.091968536376953 45.296171605587006 17.384949892759323 12.604957535862921 29.229252383112907 12.025549739599226 26.472839206457138 9.0744463205337507 10.194167509675024
leaf_count=45 37 92 55 37 30 157 87 55 40 34 48 70 35 32 40 51 30 79 28 63 179 47 40 111 50 76 28 28
internal_value=0.00410915 0.004474 0.00581782 0.00419215 0.0065855 0.00177456 0.00449149 0.00431017 -0.000985636 0.00620043 0.00611776 0.00898375 0.000774096 -0.00107949 -0.00498592 0.00528823 -0.00972725 0.0130674 0.0130275 -0.00516033 -0.00268282 0.00947378 0.000752192 -0.00179064 0.00314077 0.00129197 0.0034019 0.00915532
internal_weight=545.358 524.542 350.23 285.97 212.191 174.312 98.8634 157.187 39.9681 21.8952 117.219 59.7175 65.0526 52.3626 20.8162 40.6759 18.0729 55.0038 64.2602 27.4618 73.7786 28.5975 28.4824 75.4483 57.5016 38.4984 24.9008 24.1555
internal_count=1704 1627 1069 902 628 558 290 484 134 64 350 169 203 168 77 121 70 144 167 95 274 75 95 268 181 126 73 65
is_linear=0
shrinkage=0.0144862


Tree=75
num_leaves=30
num_cat=0
split_feature=4 4 4 4 3 3 2 2 4 3 4 2 4 4 4 4 4 2 2 2 4 2 4 4 4 2 3 2 3
split_gain=7.92564 23.8629 17.2841 13.6003 6.68667 5.31812 5.07542 4.3055 9.89442 6.6058 6.31205 4.14867 3.90115 7.33373 4.50652 6.18316 16.6192 14.9092 2.96855 2.72002 2.36288 2.12787 8.11176 7.93893 6.69336 4.82423 1.57802 1.40817 1.37393
threshold=-0.12388201523749372 -0.57804390007765316 -0.10117990212194466 0.26543698238015412 -0.39637255817794798 -0.066753148546350963 -0.96104490056638114 -0.59504994101289455 0.78703980624840864 -0.66989875623872586 0.43558507731961271 1.4782987723741299 -1.6509421024785467 -1.5882449443731639 -1.3439458341595358 -1.0904357891992069 -0.67355127501412004 0.72059368467215046 0.15045086667480623 -0.79298167870232683 0.10261202914880686 -1.2536974192686836 0.92007127330637772 1.1757980732605351 0.81204465305063289 -0.28656243849252122 0.61794179435526442 1.4782987723741299 -0.1351705938880626
decision_type=2 2 2 2 2 2 2 2 2 2 2 2 2 2 2 2 2 2 2 2 2 2 2 2 2 2 2 2 2
left_child=1 6 11 20 7 -6 -1 10 -9 -10 -5 -2 -8 -14 -15 17 -17 -16 -18 -12 -4 23 24 -7 25 -23 28 -20 -3
right_child=2 26 3 4 5 21 12 8 9 -11 19 -13 13 14 15 16 18 -19 27 -21 -22 22 -24 -25 -26 -27 -28 -29 -30
leaf_value=-0.0048503181938223758 -0.0060782868760549703 0.016212464919391493 0.015752091371359179 -0.011660448618755783 0.012982692526170965 0.0079357376905417141 0.013115786217628182 0.0082550883384809228 0.0024377297603151685 -0.0109166591978484 0.0035075900207930132 0.00370075141286155 -0.0048314661624909274 0.014459209207366186 0.0070214487803243629 0.015440387864294745 -9.8789901046763737e-05 -0.0099259994148433468 0.0079954666207100768 -0.0043902855959939077 0.0085382877068436603 0.012172675177780949 0.013469837052856651 -0.010834416113069919 -0.0070522853743166976 2.1976858198374826e-05 0.0198194734816204 0.0020011706998015314 0.0098196229045764919
leaf_weight=12.673941969871519 50.714914053678513 18.678280100226402 19.190802603960037 12.219711452722548 16.671979144215584 10.303996786475183 9.9407840520143491 33.89779531955719 18.667491808533669 12.70303834974766 21.326254561543461 10.707400903105734 17.396402060985565 9.4241730868816358 25.001227751374245 29.237189739942551 39.359394297003746 18.629624128341675 21.182007551193237 15.343757525086405 18.649560436606407 12.53752164542675 17.601853013038635 7.9753370434045783 12.117151662707327 14.044270843267441 13.510223656892775 12.945442110300062 11.441043660044672
leaf_count=43 204 48 49 47 42 28 25 98 58 53 64 34 62 24 76 76 130 73 60 57 50 34 46 28 45 45 33 40 32
internal_value=0.00405947 0.00603015 0.00250951 0.00424092 0.00277127 0.00568542 0.00387215 0.000435898 0.00285891 -0.00295677 -0.00280376 -0.00433273 0.00448325 0.00397423 0.0049689 0.00434109 0.00627599 -0.000206772 0.00260892 0.000178466 0.0121732 0.00403538 0.00541866 -0.00021344 0.00172652 0.00574258 0.0156674 0.00570316 0.0138136
internal_weight=544.093 239.42 304.673 243.251 205.41 91.2521 195.79 114.158 65.2683 31.3705 48.8897 61.4223 183.116 173.175 155.779 146.355 102.724 43.6309 73.4868 36.67 37.8404 74.5801 56.3008 18.2793 38.6989 26.5818 43.6295 34.1274 30.1193
internal_count=1704 722 982 744 645 268 609 377 209 111 168 238 566 541 479 455 306 149 230 121 99 226 170 56 124 79 113 100 80
is_linear=0
shrinkage=0.0144862


Tree=76
num_leaves=29
num_cat=0
split_feature=4 4 4 4 3 3 2 2 4 3 4 2 4 4 4 4 4 2 3 2 3 4 2 2 4 3 3 3
split_gain=7.73448 23.4537 16.8165 13.3138 6.51147 5.2098 4.94049 4.18635 9.61448 6.43644 6.1521 4.0402 3.80475 7.13895 4.42472 8.15271 16.3408 7.81332 2.88475 2.64439 2.44286 2.33783 2.13384 6.74385 6.77034 1.72514 1.56994 1.35874
threshold=-0.12388201523749372 -0.57804390007765316 -0.10117990212194466 0.26543698238015412 -0.39637255817794798 -0.066753148546350963 -0.96104490056638114 -0.59504994101289455 0.78703980624840864 -0.66989875623872586 0.43558507731961271 1.4782987723741299 -1.6509421024785467 -1.5882449443731639 -1.1387745055992011 -1.0904357891992069 -0.67355127501412004 0.72059368467215046 0.46814851029914545 -0.79298167870232683 0.26160392451939263 0.10261202914880686 0.057542657545605544 -0.28656243849252122 1.3653437089470024 0.26160392451939263 0.61794179435526442 -0.1351705938880626
decision_type=2 2 2 2 2 2 2 2 2 2 2 2 2 2 2 2 2 2 2 2 2 2 2 2 2 2 2 2
left_child=1 6 11 21 7 -6 -1 10 -9 -10 -5 -2 -8 -14 -15 17 -17 -16 20 -12 -18 -4 23 24 -7 -19 27 -3
right_child=2 26 3 4 5 22 12 8 9 -11 19 -13 13 14 15 16 18 25 -20 -21 -22 -23 -24 -25 -26 -27 -28 -29
leaf_value=-0.0047863091421379896 -0.0060029005793302394 0.016095796721138676 0.01563209904334974 -0.011523875598737502 0.012854116634106226 0.0084778704129359547 0.012958059520747894 0.0081382970563425236 0.0024030705251243401 -0.010788980314215074 0.0034572830132151436 0.0036464986861283592 -0.0047715301548176322 0.012144897637262821 0.0043857335572236797 0.015326703986014776 0.0027540096786484555 -0.0034620313391868032 0.0067910726694401079 -0.0043323777824528561 -0.0040390022233282316 0.0084397138087113233 0.0086333218782990908 -0.007699610023744103 -0.0032049865986066009 -0.012599044314484645 0.019713455284483476 0.0097213510287488501
leaf_weight=12.670249685645102 50.610066309571266 18.542856872081757 19.059835165739059 12.188501983880995 16.597470283508301 33.934488251805305 9.9144802689552289 33.888961926102638 18.668713286519051 12.669922783970835 21.326616466045376 10.714751392602919 17.378798186779022 15.526401370763777 20.127557307481766 29.030701369047165 34.917060658335686 7.2064299583435085 22.832483947277069 15.327442154288294 15.738514244556425 18.594391375780106 15.801703646779059 10.328320816159247 14.435752898454664 10.111589431762694 13.387690752744673 11.389486223459246
leaf_count=43 204 48 49 47 42 96 25 98 58 53 64 34 62 41 64 76 106 25 68 57 56 50 42 41 47 43 33 32
internal_value=0.00400973 0.00595955 0.00247766 0.00418711 0.00273447 0.00561322 0.003823 0.000429591 0.00281932 -0.00291741 -0.00276678 -0.0042766 0.0044269 0.00392395 0.00490661 0.00409086 0.00619768 -0.00166206 0.00257107 0.00017579 0.000637574 0.0120578 0.00398144 0.00270247 0.00495906 -0.00873917 0.0155518 0.0136998
internal_weight=542.921 238.774 304.147 242.822 205.168 91.0977 195.454 114.07 65.2276 31.3386 48.8426 61.3248 182.784 172.87 155.491 139.964 102.519 37.4456 73.4881 36.6541 50.6556 37.6542 74.5003 58.6986 48.3702 17.318 43.32 29.9323
internal_count=1704 722 982 744 645 268 609 377 209 111 168 238 566 541 479 438 306 132 230 121 162 99 226 184 143 68 113 80
is_linear=0
shrinkage=0.0144862


Tree=77
num_leaves=25
num_cat=0
split_feature=2 2 2 2 2 2 2 2 2 0 3 0 0 0 3 0 0 2 0 3 0 0 3 2
split_gain=7.48426 21.5717 22.7137 17.1831 7.75676 11.8934 6.80162 12.3899 7.75221 6.9615 5.53154 5.41421 7.70396 3.25525 2.9675 3.98988 2.229 2.05643 1.87196 1.81853 1.73386 1.66406 1.28799 1.26585
threshold=-0.69972874731304169 1.0000000180025095e-35 0.031977609934829745 0.72059368467215046 -0.74937431280164934 -1.2536974192686836 0.89442266433793904 1.3729082814080018 1.5120648737530427 -0.89842377837745824 0.96968499839693922 -0.51025422056031999 1.4564283712933748 1.4564283712933748 -0.66989875623872586 0.66851444456337983 -0.51025422056031999 -0.44487891645451161 -0.51025422056031999 -0.30674666200234618 -0.36293145898140472 0.50571348268548044 0.96968499839693922 2.3318088481973098
decision_type=2 2 2 2 2 2 2 2 2 2 2 2 2 2 2 2 2 2 2 2 2 2 2 2
left_child=4 17 16 20 5 10 9 -8 18 -5 11 -1 19 22 -11 -16 -3 -2 -9 -13 -4 -19 -6 -10
right_child=1 2 3 6 13 -7 7 8 23 14 -12 12 -14 -15 15 -17 -18 21 -20 -21 -22 -23 -24 -25
leaf_value=-0.0060547435856271748 0.017207658674077413 -0.0073091777641605751 0.0092330286964396116 0.0084894293186413439 -0.0022276988127891487 0.011010354149452461 0.015685505963898685 -0.0073369314875597899 0.0058773166670493026 0.0045568395701331629 -0.0092517154052531286 0.0048716660709728311 -0.0047837968848204824 0.0039139963726959525 -0.0051593011939591194 0.0056515128924009587 -0.0017447615624129162 0.0097069496182551358 0.00030081965825138571 0.011584995181547098 0.014725758982406941 0.016041352067410992 -0.0073760597894167446 0.011916370358425925
leaf_weight=12.196314066648482 16.413935720920563 20.096339449286461 18.122526973485947 17.477276146411896 52.48559482395649 35.206233322620392 21.930841848254204 9.9492228180170077 20.03952278196812 12.097072675824164 9.6487231254577619 16.385177016258233 12.692528188228605 16.516268149018288 41.410350650548935 8.2421277761459333 57.498608276247978 36.057383134961128 18.805233836174011 16.914386227726943 36.899519592523575 11.287181004881857 12.292852833867071 11.069461554288862
leaf_count=41 42 86 49 47 192 92 57 38 55 36 36 49 43 50 156 24 206 97 63 43 97 29 48 28
internal_value=0.00396069 0.0051828 0.00352446 0.00593537 0.00159125 0.00422228 0.00354941 0.00646778 0.00306623 0.000527033 0.000689253 0.00236022 0.00463178 -0.00174774 -0.00175896 -0.00332846 -0.00318044 0.0127939 -0.0023274 0.0082761 0.0128966 0.0112599 -0.00321575 0.00802668
internal_weight=541.735 357.397 293.638 216.043 184.338 103.043 161.021 81.7943 59.8634 79.2268 67.8371 58.1884 45.9921 81.2947 61.7496 49.6525 77.5949 63.7585 28.7545 33.2996 55.022 47.3446 64.7784 31.109
internal_count=1704 1110 942 650 594 304 504 241 184 263 212 176 135 290 216 180 292 168 101 92 146 126 240 83
is_linear=0
shrinkage=0.0144862


Tree=78
num_leaves=23
num_cat=0
split_feature=1 2 2 2 2 2 2 2 2 2 3 1 2 1 1 3 1 2 3 3 1 1
split_gain=8.38698 8.34654 18.3712 20.67 13.9833 7.35613 11.6877 6.03074 11.0175 6.58728 5.46445 5.41759 3.74642 3.35603 3.20747 1.97765 1.92528 1.59992 1.47793 2.75031 1.38247 1.26508
threshold=2.1137352703750172 -0.69972874731304169 1.0000000180025095e-35 0.031977609934829745 0.72059368467215046 -0.74937431280164934 -1.2536974192686836 0.89442266433793904 1.3729082814080018 1.5120648737530427 0.96968499839693922 0.8893118293275043 1.0000000180025095e-35 1.0000000180025095e-35 -0.23380133559262892 -0.66989875623872586 0.43977337224892188 -0.38201714431718403 0.13784707996372214 -0.69988971929381505 0.065036890674015163 -0.65883284006285803
decision_type=2 2 2 2 2 2 2 2 2 2 2 2 2 2 2 2 2 2 2 2 2 2
left_child=1 5 15 20 14 6 10 -6 -9 21 11 13 -2 18 -5 -3 -7 -17 19 -1 -4 -10
right_child=12 2 3 4 7 16 -8 8 9 -11 -12 -13 -14 -15 -16 17 -18 -19 -20 -21 -22 -23
leaf_value=-0.0014975072685571892 0.00051577745694171757 0.0074147499425697722 -0.0041974935417884232 0.008689343382842064 0.001188946160859027 0.00010580768875437352 0.01121854329338683 0.015579558985722294 0.0028206424030414565 0.008161966363643653 -0.0091297379425580496 0.011132445724178293 -0.011617810088547786 -0.0069883883804785505 0.015800324166927861 0.017652555308442036 -0.0046224104142338811 0.012107413977004731 -0.0025764604482899642 0.0081534117061009236 -0.00014971769427672438 -0.0036714735140892709
leaf_weight=10.118969514966006 11.130691751837732 12.114909976720808 44.670777589082718 23.718793973326683 75.791103035211563 46.153138861060143 33.266267091035843 21.769645348191261 8.996082156896593 30.822277396917343 9.6326423883438093 11.495678216218947 9.5771025419235212 10.189893946051596 30.099034011363983 16.215375408530235 29.122627764940262 34.638457432389259 8.9164356738328916 14.492029011249548 28.881796106696129 18.623728081583977
leaf_count=33 37 33 167 65 249 157 87 57 29 82 36 30 40 35 79 42 111 92 28 41 107 67
internal_value=0.00391311 0.00427339 0.00557162 0.00399879 0.00631154 0.0016807 0.00428522 0.00411669 0.00687409 0.00360726 0.000717051 0.00245894 -0.00503137 0.000142726 0.0126533 0.0126244 -0.00171874 0.0138992 0.00233415 0.00416134 -0.00259084 -0.00150306
internal_weight=540.437 519.73 346.342 283.373 209.821 173.388 98.1119 156.003 80.2117 58.4421 64.8456 55.213 20.7078 43.7173 53.8178 62.9687 75.2758 50.8538 33.5274 24.611 73.5526 27.6198
internal_count=1704 1627 1069 902 628 558 290 484 235 178 203 167 77 137 144 167 268 134 102 74 274 96
is_linear=0
shrinkage=0.0144862


Tree=79
num_leaves=29
num_cat=0
split_feature=1 2 2 2 2 2 2 4 4 2 2 2 1 1 1 2 2 1 4 4 4 2 1 1 4 4 4 4
split_gain=8.16454 8.14826 18.0131 20.1341 13.733 7.15768 11.4274 6.66064 11.2887 5.45136 4.32948 7.92526 4.10252 4.50037 3.74065 3.65619 3.48683 3.17881 3.08102 2.62834 2.47143 2.14262 1.98628 1.87382 1.73834 7.92125 1.45265 1.24563
threshold=2.1137352703750172 -0.69972874731304169 1.0000000180025095e-35 0.031977609934829745 0.72059368467215046 -0.74937431280164934 -1.2536974192686836 -1.0904357891992069 -1.3439458341595358 1.0791826756702754 0.89442266433793904 1.3729082814080018 0.8893118293275043 -0.36979102111976109 0.17446091209929657 1.0000000180025095e-35 1.5120648737530427 -0.23380133559262892 0.10261202914880686 0.053892015937058065 -0.12388201523749372 -0.38201714431718403 0.065036890674015163 0.43977337224892188 -0.12388201523749372 0.10261202914880686 1.3653437089470024 1.0000000180025095e-35
decision_type=2 2 2 2 2 2 2 2 2 2 2 2 2 2 2 2 2 2 2 2 2 2 2 2 2 2 2 2
left_child=1 5 18 20 17 6 12 8 9 -6 24 -12 13 26 -10 -2 -13 27 -3 -15 22 -20 -4 -7 -9 -26 -1 -5
right_child=15 2 3 4 7 23 -8 10 14 -11 11 16 -14 19 -16 -17 -18 -19 21 -21 -22 -23 -24 -25 25 -27 -28 -29
leaf_value=0.005976352280267971 0.00050944288747787605 0.015422901548949748 -0.0026016089130160803 0.011371111453247587 -0.0025333285176301922 0.00010437078254657026 0.011106242917924593 0.0065136484363767207 -0.015394296830635371 0.011892842478811628 0.016343713950690904 0.00089276680852104289 0.0079673538218333981 -0.011770642732350149 -0.0023109077402110397 -0.011486601491384564 0.0093181165096394066 0.015690225679788731 0.013835921474408331 -0.002192752933081462 -0.0046754153083687269 0.0057464023743434515 0.004981325384972978 -0.004562167450635487 -0.008426134950490452 0.00558143612261455 -0.0011515071717228846 0.0047254733395365534
leaf_weight=15.756832748651506 11.131149217486383 34.516881123185158 15.860154494643213 13.572626903653147 8.933192655444147 46.154259547591209 33.119241252541542 18.956293150782585 9.8988747745752352 12.784379422664641 18.409885913133621 20.931771725416183 12.629212811589239 8.2963465750217456 8.0238569825887662 9.5482941865921003 19.505335435271263 29.872972369194031 10.938354879617693 19.072421088814735 45.017352610826492 17.166062191128731 12.620178893208502 29.08239084482193 11.92984679341316 26.415527209639549 9.0595823824405652 10.064484387636183
leaf_count=45 37 92 55 37 30 157 87 55 40 34 48 70 35 32 30 40 51 79 28 63 179 47 40 111 50 76 28 28
internal_value=0.0038651 0.0042211 0.00550613 0.00394935 0.00623624 0.00165839 0.00423081 0.00406315 -0.00103948 0.00589136 0.00580641 0.00855886 0.00070633 -0.00109277 -0.00947107 -0.00496585 0.00498537 0.0125423 0.0125115 -0.00511772 -0.00255533 0.00896374 0.000745643 -0.00169481 0.00297931 0.00119831 0.00332752 0.00859268
internal_weight=539.268 518.588 345.418 282.797 209.299 173.17 97.9336 155.789 39.6403 21.7176 116.149 58.847 64.8144 52.1852 17.9227 20.6794 40.4371 53.5101 62.6213 27.3688 73.4977 28.1044 28.4803 75.2367 57.3017 38.3454 24.8164 23.6371
internal_count=1704 1627 1069 902 628 558 290 484 134 64 350 169 203 168 70 77 121 144 167 95 274 75 95 268 181 126 73 65
is_linear=0
shrinkage=0.0144862


Tree=80
num_leaves=30
num_cat=0
split_feature=0 0 3 0 0 2 2 0 0 0 0 3 3 0 0 0 2 2 0 0 0 2 2 2 2 3 2 3 2
split_gain=7.08266 16.9767 9.93451 8.93773 23.5049 8.40602 8.16145 6.15805 14.0209 8.98742 11.7738 5.21319 4.73297 7.66755 4.04953 8.73514 3.80324 3.67927 4.1402 2.83991 2.25137 4.5069 2.06709 1.75843 1.41504 1.34736 1.34692 1.31015 1.24759
threshold=-0.36293145898140472 1.0000000180025095e-35 1.7724413147135019 -0.89842377837745824 -1.2326299864875967 0.81499198357074809 0.057542657545605544 0.1303845022848949 0.53564922200162013 0.59924483391311634 1.4564283712933748 0.26160392451939263 0.46814851029914545 -0.85624376196354024 1.0583229136861065 1.0914303853726597 1.4782987723741299 -0.89690988008132255 1.6010879020007087 -0.78898986588778375 -0.51025422056031999 0.72059368467215046 -0.28656243849252122 0.72059368467215046 -0.44487891645451161 0.46814851029914545 0.72059368467215046 -0.63665922088383342 -0.38201714431718403
decision_type=2 2 2 2 2 2 2 2 2 2 2 2 2 2 2 2 2 2 2 2 2 2 2 2 2 2 2 2 2
left_child=3 -2 7 4 6 12 22 11 27 26 14 -3 20 -14 -11 23 25 -12 -19 -7 24 -22 -1 -16 -5 -8 -10 -9 -13
right_child=1 2 -4 5 -6 19 16 8 9 10 17 28 13 -15 15 -17 -18 18 -20 -21 21 -23 -24 -25 -26 -27 -28 -29 -30
leaf_value=-0.0031069131688819794 0.015053329750479561 0.0040796829013205905 -0.0093970645064536465 -0.0063701126855500818 0.016785060917577321 0.00050935940366162347 0.0047145648338179401 0.010041366058229716 0.00035762115809417222 0.014059510136733733 -0.0056986927683252454 -0.0085888106863369548 -0.0091711139956825068 0.0059457347610427091 0.00084290964015665043 0.016327814739006505 -0.0024782743785903938 -0.00150866409749413 0.0086774127825966062 0.009956324075197729 -0.0045545612745751919 -0.01704154451369792 -0.011995672158463548 0.0081499268462137779 -6.966939285014502e-05 0.011371272933782751 -0.004971956817584844 0.015970212606218604 -0.0019954592336247985
leaf_weight=18.513131961226467 32.430278390645981 41.781777754426003 10.614339619874952 10.539479583501814 26.112698808312416 10.224279701709749 12.578283548355104 11.715861052274702 36.813139200210571 28.360735848546028 13.702371403574942 8.2851875722408312 9.2486142516136152 25.36642025411129 23.268796771764755 14.542444318532942 9.6821968257427198 17.911755934357643 14.924763128161429 17.541796028614044 26.991435751318932 7.4609333127737036 7.4057458639144889 9.3432431817054731 23.323753833770752 12.336219593882559 13.148606613278387 24.316681623458862 19.525428831577301
leaf_count=62 83 131 41 38 64 34 36 32 125 75 47 32 37 80 77 37 32 59 42 49 103 34 35 26 83 32 48 62 68
internal_value=0.00381843 0.00518583 0.00406726 0.00180014 0.00539718 -0.000589863 0.000459697 0.00459274 0.00583943 0.0041181 0.00623028 0.000871776 -0.00249888 0.00183705 0.00975386 0.00715598 0.00501941 0.000525723 0.00311606 0.00642641 -0.00470666 -0.00730477 -0.00564979 0.00299294 -0.00206474 0.0080084 -0.00103721 0.0140046 -0.00395989
internal_weight=538.01 320.685 288.255 217.325 86.6283 130.697 60.5156 277.641 208.048 172.016 122.054 69.5924 102.931 34.615 75.5152 47.1545 34.5967 46.5389 32.8365 27.7661 68.3156 34.4524 25.9189 32.612 33.8632 24.9145 49.9617 36.0325 27.8106
internal_count=1704 985 902 719 261 458 197 861 630 536 363 231 375 117 215 140 100 148 101 83 258 137 97 103 121 68 173 94 100
is_linear=0
shrinkage=0.0144862


Tree=81
num_leaves=26
num_cat=0
split_feature=1 4 1 1 1 1 1 1 1 4 4 4 0 1 4 0 4 4 4 0 4 0 0 4 4
split_gain=7.88822 7.33088 6.75794 5.92895 17.6584 27.9844 14.809 15.9915 7.19097 5.38954 3.97709 3.57141 2.61836 2.61125 1.81761 3.86167 2.85886 2.68058 7.56359 2.48587 1.77869 1.29291 1.26461 1.21953 1.21673
threshold=2.1137352703750172 2.1250364861237432 1.4140920485755559 -0.36979102111976109 -0.30976332809883261 0.43977337224892188 0.53178439119669474 1.3094291958364745 -0.99189156790407906 0.26543698238015412 -0.12388201523749372 -0.12388201523749372 -0.7083100669291934 -0.48979541740326532 -0.91129731355121979 1.2149377170422428 -0.19473967275523335 0.92007127330637772 0.81204465305063289 -0.20598741005048568 -0.046575955756256171 1.0583229136861065 0.88778833908496113 -0.67355127501412004 0.54135008413308727
decision_type=2 2 2 2 2 2 2 2 2 2 2 2 2 2 2 2 2 2 2 2 2 2 2 2 2
left_child=1 2 3 8 22 9 10 -8 14 -6 21 -2 -10 -14 15 -1 -16 18 20 -19 -18 -7 -5 -9 -12
right_child=11 -3 -4 4 5 6 7 23 12 -11 24 -13 13 -15 16 -17 17 19 -20 -21 -22 -23 -24 -25 -26
leaf_value=-0.005358861682792147 0.00033050885470292744 -0.0061636084418864008 0.015178450101768498 -0.0030244964503990147 0.016316856308132215 -0.0015087285310104476 0.013480156653472136 -0.0039067343108703011 0.016967227496319629 0.0069851057302508495 -0.0089116750843051245 -0.011575722296537786 0.0062964429565452121 0.013502437619215839 0.0091582897052091081 0.0073773968911781855 0.00073065859541067933 0.0030937163287990811 -0.0081253639992737593 0.012829525605645655 0.0065900770930587644 0.004847859597558137 0.0005454840931987141 0.0017223865579323488 -0.0029620573661795525
leaf_weight=10.879173859953882 11.423339650034906 13.681271001696585 11.49289086461067 73.083902060985565 43.232325062155724 23.176490470767021 34.20831723511219 9.798365116119383 10.536223545670508 18.226381748914719 21.307690516114238 9.1883627176284772 27.555718213319775 16.688395172357563 26.534827247262001 8.4794274717569333 15.862533435225485 10.312295377254488 11.671701923012732 10.914694011211393 32.535497590899467 8.9566857814788801 28.640630796551704 37.849883466959 10.671688184142111
leaf_count=38 39 48 30 265 112 82 92 35 25 50 89 38 77 44 76 24 54 31 43 29 94 27 94 127 41
internal_value=0.00377102 0.00412191 0.00440701 0.00414881 0.00292706 0.00534813 0.00189997 0.00596796 0.00622127 0.0135193 -0.00330102 -0.00492318 0.0105936 0.00904724 0.00433254 0.000281171 0.00506143 0.00371264 0.00214535 0.00808699 0.00465567 0.000264369 -0.00200718 0.00056989 -0.00690881
internal_weight=536.909 516.297 502.616 491.123 309.152 207.428 145.969 81.8566 181.97 61.4587 64.1126 20.6117 54.7803 44.2441 127.19 19.3586 107.832 81.2967 60.0697 21.227 48.398 32.1332 101.725 47.6482 31.9794
internal_count=1704 1627 1579 1549 1014 655 493 254 535 162 239 77 146 121 389 62 327 251 191 60 148 109 359 162 130
is_linear=0
shrinkage=0.0144862


Tree=82
num_leaves=25
num_cat=0
split_feature=1 4 1 1 1 1 1 1 1 4 4 3 4 3 3 3 3 3 4 4 3 3 1 4
split_gain=7.67832 7.13709 6.6346 5.76311 17.2097 27.4049 14.4166 15.6773 7.05411 5.33106 3.87614 8.66741 3.48446 3.12215 2.77434 4.9494 6.32334 9.00295 3.18422 4.1007 2.16031 1.65868 1.56511 1.45149
threshold=2.1137352703750172 2.1250364861237432 1.4140920485755559 -0.36979102111976109 -0.30976332809883261 0.43977337224892188 0.53178439119669474 1.3094291958364745 -0.99189156790407906 0.26543698238015412 -0.12388201523749372 0.96968499839693922 -0.12388201523749372 -0.77451714262299576 -0.81449911072536196 -0.52401811727297753 -0.45773049097128432 0.26160392451939263 -0.91129731355121979 -0.12388201523749372 -1.0000000180025095e-35 0.53389171656532852 -0.48979541740326532 -0.10117990212194466
decision_type=2 2 2 2 2 2 2 2 2 2 2 2 2 2 2 2 2 2 2 2 2 2 2 2
left_child=1 2 3 8 -5 9 10 -8 14 -6 11 -7 -2 -12 -1 -16 -17 -18 -19 -20 -15 -21 23 -10
right_child=12 -3 -4 4 5 6 7 -9 22 -11 13 -13 -14 20 15 16 17 18 19 21 -22 -23 -24 -25
leaf_value=-0.00032486215969680128 0.00032672685666461273 -0.0060832981989116198 0.015061147834636305 -0.0019791066687480327 0.016198071726119829 0.0053537641190892927 0.013365939251295623 0.00056135424459626611 0.0056306576758951054 0.006899764701263412 0.00019222925631703246 -0.010551145553029053 -0.011442470657088782 -0.01431279437160283 0.014210126105652584 -0.0037237866774258365 0.017648503322212641 -0.0023399338213216108 0.011203946567100866 -0.00044608810129418319 -0.0054508834429326967 0.0057991913181305223 0.013981206395527433 0.011388429066245979
leaf_weight=22.322719901800156 11.423742890357973 13.674918815493582 11.417414441704748 101.67151939868927 42.921505838632584 21.968027800321579 34.004181712865829 47.65649825334549 16.8706965893507 18.183928772807121 9.1278828829526919 10.162931114435194 9.1628940999507886 10.853165164589885 11.140296116471289 17.016384065151215 11.29911847412586 13.37333996593952 17.149278640747063 17.753014266490943 11.923593938350674 17.043281048536301 17.954874634742737 19.735286518931389
leaf_count=71 39 48 30 359 112 68 92 162 48 50 32 41 38 47 28 61 28 45 48 58 51 50 47 51
internal_value=0.00372435 0.00407105 0.00435288 0.00409735 0.0028913 0.00528703 0.00187621 0.00589612 0.0061422 0.0134009 -0.00325713 0.000260822 -0.00485844 -0.00682498 0.00427299 0.00525538 0.00416685 0.0059335 0.00386946 0.00547844 -0.00968704 0.00263384 0.0104835 0.00876048
internal_weight=535.81 515.224 501.549 490.132 308.473 206.802 145.696 81.6607 181.658 61.1054 64.0356 32.131 20.5866 31.9046 127.097 104.775 93.6344 76.618 65.3189 51.9456 22.7768 34.7963 54.5609 36.606
internal_count=1704 1627 1579 1549 1014 655 493 254 535 162 239 109 77 130 389 318 290 229 201 156 98 108 146 99
is_linear=0
shrinkage=0.0144862


Tree=83
num_leaves=32
num_cat=0
split_feature=4 4 4 4 2 3 2 4 3 3 2 4 3 4 4 3 3 2 3 2 2 2 4 4 4 4 2 4 3 3 3
split_gain=6.91358 21.7484 14.5441 12.07 7.29504 5.97122 9.14034 7.40538 4.71776 4.24976 3.75583 3.06249 6.47217 2.63328 16.1582 5.45389 3.4585 4.4494 3.06662 2.30364 3.93691 4.34609 4.04254 2.04634 1.72776 1.6725 5.10731 1.66176 1.63616 1.5327 1.39727
threshold=-0.12388201523749372 -0.57804390007765316 -0.10117990212194466 0.10261202914880686 0.057542657545605544 -0.45773049097128432 -0.3262777788761167 0.81204465305063289 1.7724413147135019 1.9430900739760919 1.4782987723741299 0.81204465305063289 -0.30674666200234618 -0.67355127501412004 -1.0904357891992069 0.96968499839693922 -0.39637255817794798 0.72059368467215046 0.46814851029914545 -0.87436949230096472 -0.59504994101289455 1.0000000180025095e-35 0.78703980624840864 -1.4369411359832662 1.2391382024602493 0.92007127330637772 -1.2536974192686836 0.81204465305063289 0.61794179435526442 0.26160392451939263 -0.1351705938880626
decision_type=2 2 2 2 2 2 2 2 2 2 2 2 2 2 2 2 2 2 2 2 2 2 2 2 2 2 2 2 2 2 2
left_child=1 8 10 -4 5 19 7 -7 13 -10 -2 -6 -13 14 15 16 23 -18 29 24 22 -22 -21 -1 -5 -9 -27 -23 30 -15 -3
right_child=2 28 3 4 11 6 -8 25 9 -11 -12 12 -14 18 -16 -17 17 -19 -20 20 21 27 -24 -25 -26 26 -28 -29 -30 -31 -32
leaf_value=0.0052221420353787433 -0.0057516213959821205 0.015542982529154958 0.01499052387454072 -0.0024527940384454056 0.0092689716721412775 0.011814531483654658 -0.0081620047509203646 -0.0029105602106042254 -0.010763763882321725 0.0023616119172063734 0.0035598032486632973 -0.0044677692948423041 0.010705583791115532 0.0020290357859872885 0.015200086208335893 -0.0051426220220098648 0.012868823604938334 0.0021749862328573222 0.0074015690429117247 -0.015936090459851539 0.007347608846927145 0.0010892394698237193 -0.0034722176213879416 -0.0026978321952732393 0.0053025700493164601 -0.0028176745329534271 0.0097149932226992565 -0.0069039189459808208 0.019315630628630849 -0.0032356458603898654 0.0089668726923690344
leaf_weight=11.108508899807932 50.185693398118019 17.793136730790138 18.330729082226753 9.5860081911087054 42.150292411446571 27.557714775204659 10.437288135290144 10.327152520418165 8.4375335425138491 12.075231701135634 10.711910158395765 12.063235312700273 10.663246020674704 36.411958679556847 27.357741624116898 15.932605251669882 15.93131171166897 15.922583565115927 16.869812235236168 7.7750777155160931 11.18367826938629 8.9250445961952227 16.35882081091404 16.322067022323608 14.607151225209234 12.367540791630743 14.075535058975222 12.854438766837118 12.842463403940199 16.482138633728027 10.963733136653902
leaf_count=33 204 48 49 32 115 74 42 35 35 38 34 41 28 112 74 59 44 52 49 32 30 31 60 55 43 39 39 54 33 58 32
internal_value=0.00367896 0.00554138 0.00222299 0.00382952 0.00289177 0.00119434 0.00413792 0.00618048 0.00349304 -0.00300574 -0.00407524 0.00695898 0.00271327 0.0042718 0.00574652 0.00228545 0.00429208 0.00752077 0.00210382 -0.00151818 -0.00310635 0.000127261 -0.0075174 0.00055093 0.00218924 0.00194958 0.00383896 -0.00359168 0.0149896 0.000384879 0.0130652
internal_weight=534.611 234.451 300.161 239.263 220.932 156.055 74.7652 64.3279 192.851 20.5128 60.8976 64.8768 22.7265 172.339 102.575 75.2171 59.2845 31.8539 69.7639 81.2902 57.0971 32.9632 24.1339 27.4306 24.1932 36.7702 26.4431 21.7795 41.5993 52.8941 28.7569
internal_count=1704 722 982 744 695 511 229 187 609 73 238 184 69 536 317 243 184 96 219 282 207 115 92 88 75 113 78 85 113 170 80
is_linear=0
shrinkage=0.0144862


Tree=84
num_leaves=25
num_cat=0
split_feature=2 2 2 2 2 2 2 2 2 0 3 0 0 0 0 3 2 0 0 0 0 3 3 2
split_gain=6.54947 19.2076 19.3874 15.4034 6.40412 10.5286 5.86919 11.4142 6.87295 6.42917 5.21809 5.04795 7.26777 2.97352 2.78894 3.7427 2.09865 2.01836 1.7847 1.73799 1.68679 1.62644 1.2715 1.24124
threshold=-0.69972874731304169 1.0000000180025095e-35 0.031977609934829745 0.72059368467215046 -0.74937431280164934 -1.2536974192686836 0.89442266433793904 1.3729082814080018 1.5120648737530427 -0.89842377837745824 0.96968499839693922 -0.51025422056031999 1.4564283712933748 1.4564283712933748 0.66851444456337983 -0.66989875623872586 -0.44487891645451161 -0.51025422056031999 -0.51025422056031999 -0.36293145898140472 0.50571348268548044 -0.30674666200234618 0.96968499839693922 2.3318088481973098
decision_type=2 2 2 2 2 2 2 2 2 2 2 2 2 2 2 2 2 2 2 2 2 2 2 2
left_child=4 16 17 19 5 10 9 -8 18 -5 11 -1 21 22 15 -11 -2 -3 -9 -4 -18 -13 -6 -10
right_child=1 2 3 6 13 -7 7 8 23 14 -12 12 -14 -15 -16 -17 20 -19 -20 -21 -22 -23 -24 -25
leaf_value=-0.0059823927546150107 0.016669677330833313 -0.0069363716258470879 0.0085141002889124219 0.008113099188657125 -0.0020488244725517368 0.010325460164059158 0.015063076277839399 -0.0072262507043118684 0.0053238604545146184 0.0050216194719294727 -0.0091693543521188976 0.0046964607545724735 -0.0048040123756842284 0.0037838019087196107 0.0046131005744903192 -0.0050894216547548877 0.0089693618004005812 -0.0016121029746919114 0.00024090969508552254 0.014095921887908688 0.015455401608306021 0.011071492064103988 -0.0071790660802470325 0.011341251055420864
leaf_weight=12.175947591662405 15.714319109916685 19.822722002863884 17.611815452575684 17.334642231464386 52.243747249245644 34.225288704037666 20.984639123082161 9.9106452316045779 19.791399434208873 9.0148297846317273 9.5802272558212263 16.366030126810067 12.657183602452276 16.528293892741203 11.280202701687811 41.135148718953133 34.990404665470123 57.289520367980003 18.803106516599655 35.396928235888481 10.838005140423773 16.666787415742881 12.212921574711798 10.886424839496611
leaf_count=41 42 86 49 47 192 92 57 38 55 27 36 49 43 50 33 156 97 206 63 97 29 43 48 28
internal_value=0.00363389 0.00479141 0.00322791 0.00548553 0.00141077 0.00382388 0.00323475 0.00597756 0.00274292 0.000426989 0.000514661 0.0021417 0.00434681 -0.00162256 -0.00177267 -0.00323886 0.0121139 -0.00297633 -0.00232411 0.0122213 0.0105472 0.00790745 -0.00303191 0.00746136
internal_weight=533.461 350.805 289.262 212.15 182.656 101.671 159.141 80.3762 59.3916 78.7648 67.4462 57.8659 45.69 80.985 61.4302 50.15 61.5427 77.1122 28.7138 53.0087 45.8284 33.0328 64.4567 30.6778
internal_count=1704 1110 942 650 594 304 504 241 184 263 212 176 135 290 216 183 168 292 101 146 126 92 240 83
is_linear=0
shrinkage=0.0144862


Tree=85
num_leaves=30
num_cat=0
split_feature=4 4 4 4 2 2 2 2 2 2 0 4 4 4 4 4 2 0 0 4 4 4 0 4 0 0 0 4 2
split_gain=6.6747 21.1521 13.8797 11.7528 6.98459 5.49157 6.51863 4.52741 4.08672 5.38111 3.89243 3.55265 6.58055 3.95892 5.13568 14.4864 13.7624 3.95344 4.25588 2.97994 4.43984 2.71061 5.87776 2.95434 2.06534 1.69991 1.46694 1.42725 1.29541
threshold=-0.12388201523749372 -0.57804390007765316 -0.10117990212194466 0.10261202914880686 0.057542657545605544 1.0000000180025095e-35 -0.64270501345133713 -0.96104490056638114 -0.74937431280164934 -1.2536974192686836 -0.51025422056031999 -1.6509421024785467 -1.5882449443731639 -1.3439458341595358 -1.0904357891992069 -0.69152456002310403 0.72059368467215046 -1.0000000180025095e-35 -0.78898986588778375 0.81204465305063289 0.92007127330637772 1.3653437089470024 -0.51025422056031999 0.43558507731961271 0.66851444456337983 1.0583229136861065 -0.51025422056031999 -0.91129731355121979 0.72059368467215046
decision_type=2 2 2 2 2 2 2 2 2 2 2 2 2 2 2 2 2 2 2 2 2 2 2 2 2 2 2 2 2
left_child=1 7 10 -4 5 6 8 -1 9 21 -2 -9 25 -14 16 27 -15 18 -17 -6 -21 23 -23 -5 -19 -13 -3 -16 -12
right_child=2 26 3 4 19 -7 -8 11 -10 -11 28 12 13 14 15 17 -18 24 -20 20 -22 22 -24 -25 -26 -27 -28 -29 -30
leaf_value=-0.0048677021429556376 -0.011344067350885502 0.01957692472913445 0.014811998413191876 -0.0021701191168399499 0.0090815518094799156 -0.0042256058787262622 0.0089763089363658604 0.012341903254342843 -0.0030050949147243612 0.0090046587274796655 -0.0037788094982585804 -0.0095311591221166874 0.013582863241897216 0.0066912323672663841 0.011321503979588624 0.00031050031289661797 -0.0096835785114686851 -0.002691014071184598 0.01155172856039033 -0.0050533166312456317 0.0077414488940556643 -0.01104702152668852 0.0043263839397640336 0.0084640245568513434 0.0034731044381250561 -0.00063833060744570029 0.013227359867956395 0.018138174247511366 0.0012658946275941492
leaf_weight=12.544461280107496 11.860795989632605 10.251899003982542 18.106548577547073 9.5696711391210574 41.950997859239578 31.449422866106033 25.538450509309769 9.6943903714418393 36.457631841301918 20.859903395175934 33.723264992237091 8.3265887796878832 8.9707182347774488 24.770355120301247 12.392019107937815 12.046003028750421 18.39161641895771 27.590942025184638 15.885798826813689 9.1242586225271243 13.517322093248366 10.554412081837656 9.4991816878318769 11.598679974675177 18.78548064827919 9.0152079015970212 30.809841096401215 13.7350697517395 15.166833207011221
leaf_count=43 53 26 49 31 115 124 69 25 133 56 131 32 24 76 35 40 73 94 44 32 37 38 28 32 56 30 87 37 54
internal_value=0.00359022 0.00542558 0.00215735 0.00373137 0.00280799 0.00114484 0.0025114 0.00340958 0.000823801 0.00307349 -0.00400195 0.00399498 0.00350607 0.0044658 0.00388012 0.00567083 -0.00027974 0.00241517 0.00667478 0.00679703 0.00260135 5.7473e-05 -0.00372987 0.00362034 -0.000176434 -0.00484689 0.0148115 0.0148683 -0.00221258
internal_weight=532.188 233.21 298.977 238.226 220.12 155.527 124.078 192.149 98.5395 62.0818 60.7509 179.604 169.91 152.568 143.597 100.435 43.162 74.3082 27.9318 64.5926 22.6416 41.2219 20.0536 21.1684 46.3764 17.3418 41.0617 26.1271 48.8901
internal_count=1704 722 982 744 695 511 387 609 318 185 238 566 541 479 455 306 149 234 84 184 69 129 66 63 150 62 113 72 185
is_linear=0
shrinkage=0.0144862


Tree=86
num_leaves=26
num_cat=0
split_feature=1 1 3 3 3 3 0 3 3 1 0 3 1 1 1 0 1 1 0 0 1 1 1 1 1
split_gain=7.37953 6.62697 5.31526 20.1073 12.369 8.03264 6.45212 6.12394 11.3364 6.74114 7.3443 4.85188 5.50923 4.17334 4.15436 3.52227 3.33828 3.27407 3.09691 3.91569 2.73961 2.5965 2.29938 1.54557 1.26352
threshold=2.1137352703750172 1.4140920485755559 -0.45773049097128432 0.26160392451939263 -0.52401811727297753 -1.1079474925031649 -0.51025422056031999 0.3295906199428984 0.96968499839693922 0.43977337224892188 1.0000000180025095e-35 1.7724413147135019 -0.55715926190721443 0.53178439119669474 -0.23380133559262892 1.0583229136861065 -0.45032934443813583 0.43977337224892188 -0.27665448525149644 0.44263003055698064 2.2907844588158062 -0.61252139203885436 1.3094291958364745 -0.69814594375292882 -0.36979102111976109
decision_type=2 2 2 2 2 2 2 2 2 2 2 2 2 2 2 2 2 2 2 2 2 2 2 2 2
left_child=1 2 4 6 5 14 -4 15 16 10 21 12 -12 -11 18 -5 -9 -16 -1 -20 -2 -10 -6 -7 -21
right_child=20 -3 3 7 22 23 -8 8 9 13 11 -13 -14 -15 17 -17 -18 -19 19 24 -22 -23 -24 -25 -26
leaf_value=-0.0076332068922099951 -0.0092475366662695766 0.014710675175935294 0.0050172451692680198 -0.0017510976347244742 -0.0032498090227834628 0.014261136806409168 0.015312769479920996 0.0067565169920465271 0.0041848679727955335 -0.0092792783914262249 0.01121816749901711 -0.0090355589081053973 -0.0042831649382425764 0.0021127287992120237 0.013591950548173998 0.0056977594535587289 0.015235924245662788 0.0035796578902080093 0.0082124252108108989 0.00083340213568169506 0.0013490753078846324 0.011586592228993924 0.0031743716352154172 0.008139723121286295 -0.0049317101789049175
leaf_weight=9.4257632941007596 12.225745886564257 11.162187814712523 17.708862617611885 64.830312341451645 74.378692269325256 11.424978241324423 43.330089196562767 17.610954746603966 16.891702041029927 14.425896763801575 8.9551061093807238 10.075626403093336 9.3871133625507372 12.016776651144028 8.7749441564083082 16.318591222167015 21.154886543750763 26.466406136751175 12.221555843949316 21.784133195877068 8.2451903074979764 23.295937895774845 13.455750688910483 33.4185990691185 11.992822229862218
leaf_count=34 51 30 51 235 272 29 115 50 51 60 25 39 33 41 24 48 56 84 34 68 26 66 45 95 42
internal_value=0.00354671 0.00388876 0.00364086 0.00498432 0.00197958 0.00471818 0.0122952 0.00290156 0.00480032 0.00211217 0.00449458 -0.0010945 0.00325752 -0.0040559 0.00224362 -0.000232237 0.0113657 0.00610066 -0.000225988 0.00131042 -0.0048904 0.00846232 -0.00224568 0.00971045 -0.00121183
internal_weight=530.979 510.508 499.346 276.002 223.344 135.509 61.039 214.963 133.814 95.0482 68.6055 28.4178 18.3422 26.4427 90.6656 81.1489 38.7658 35.2414 55.4243 45.9985 20.4709 40.1876 87.8344 44.8436 33.777
internal_count=1704 1627 1597 870 727 410 166 704 421 315 214 97 58 101 286 283 106 108 178 144 77 117 317 124 110
is_linear=0
shrinkage=0.0144862


Tree=87
num_leaves=32
num_cat=0
split_feature=4 4 4 4 2 3 2 4 3 3 2 4 3 3 3 2 3 4 4 3 2 2 4 2 4 3 4 4 4 2 3
split_gain=6.49894 20.5594 13.2652 11.4131 6.73469 5.61446 8.58567 7.1528 4.46057 3.99427 3.6476 2.87315 6.2304 2.46808 12.9218 5.05144 2.91272 2.7509 5.44312 2.65215 2.15771 3.75723 3.94096 3.87423 1.98831 1.67682 1.66644 1.62341 1.60252 4.81817 1.42595
threshold=-0.12388201523749372 -0.57804390007765316 -0.10117990212194466 0.10261202914880686 0.057542657545605544 -0.45773049097128432 -0.3262777788761167 0.81204465305063289 1.7724413147135019 1.9430900739760919 1.4782987723741299 0.81204465305063289 -0.30674666200234618 -0.45773049097128432 0.26160392451939263 0.72059368467215046 -0.52401811727297753 -1.0097167494323618 -1.3439458341595358 -0.69988971929381505 -0.87436949230096472 -0.59504994101289455 0.78703980624840864 1.0000000180025095e-35 -0.67355127501412004 0.61794179435526442 1.2391382024602493 0.81204465305063289 0.92007127330637772 -1.2536974192686836 -0.1351705938880626
decision_type=2 2 2 2 2 2 2 2 2 2 2 2 2 2 2 2 2 2 2 2 2 2 2 2 2 2 2 2 2 2 2
left_child=1 8 10 -4 5 20 7 -7 13 -10 -2 -6 -13 16 -15 24 19 18 -17 -1 26 22 -22 -23 -16 30 -5 -25 -9 -30 -3
right_child=2 25 3 4 11 6 -8 28 9 -11 -12 12 -14 14 15 17 -18 -19 -20 -21 21 23 -24 27 -26 -27 -28 -29 29 -31 -32
leaf_value=0.0022989102619597503 -0.0055963868755384526 0.015201014411926629 0.01462009865928789 -0.002519581754876511 0.0088963112867449286 0.011518064609728674 -0.0080002049128079372 -0.0029845821983580123 -0.010555857644071544 0.0022129267701165912 0.0035868587673944076 -0.0045247943817033663 0.010412928814687011 0.01596735686810331 0.0085421302752058167 0.0022799448774300864 -0.0011770967319255188 0.0034443882709066695 -0.01266031528196968 0.010867878637234336 -0.015750305748315319 0.0069482699894322913 -0.0034090774269276143 0.0011989804817521125 0.0026861922666785772 0.019067377651924417 0.0051045766772667691 -0.0067163697197149159 -0.0028220711641052543 0.0093958120187395047 0.0084856638154468065
leaf_weight=25.478509470820427 49.939373090863228 17.348684027791023 17.879649013280869 9.5691858530044573 41.772540256381035 27.25439690053463 10.372117564082144 10.287961289286612 8.3748161196708697 12.000487536191939 10.702968657016752 12.015963628888132 10.563312813639639 19.609315544366837 27.702274888753891 10.47896572947502 32.331291407346725 14.724574014544485 9.2762693613767642 10.278306528925894 7.7255000919103649 11.049726814031599 16.288541808724403 8.9058337062597293 21.20911730825901 12.502559572458265 14.569737344980238 12.771697595715521 12.329577356576918 13.901385575532915 10.701616033911707
leaf_count=78 204 48 49 32 115 74 42 35 35 38 34 41 28 52 83 33 108 46 40 28 32 30 60 31 68 33 43 54 39 39 32
internal_value=0.00350273 0.00531901 0.00208691 0.00363024 0.00272262 0.00108716 0.00395563 0.00594595 0.00333519 -0.00300485 -0.00393857 0.0066473 0.0025229 0.00409542 0.00550811 0.00302219 0.00195889 -0.00120474 -0.00472341 0.00478278 -0.00154744 -0.00309141 -0.00740962 8.08724e-05 0.00599532 0.0146375 0.00204253 -0.00342921 0.00177846 0.00363859 0.012668
internal_weight=529.916 232.017 297.899 237.257 219.377 155.026 74.1454 63.7733 191.464 20.3753 60.6423 64.3518 22.5793 171.089 103.001 83.3912 68.0881 34.4798 19.7552 35.7568 80.8802 56.7413 24.014 32.7273 48.9114 40.5529 24.1389 21.6775 36.5189 26.231 28.0503
internal_count=1704 722 982 744 695 511 229 187 609 73 238 184 69 536 322 270 214 119 73 106 282 207 92 115 151 113 75 85 113 78 80
is_linear=0
shrinkage=0.0144862


Tree=88
num_leaves=33
num_cat=0
split_feature=4 4 4 4 2 3 2 4 2 2 4 4 4 4 4 2 2 4 3 2 2 4 2 3 4 4 4 2 2 4 3 3
split_gain=6.33684 20.2134 12.9082 11.2026 6.55575 5.46188 8.35958 6.97192 4.43421 3.5517 3.41749 6.32864 3.77347 4.87943 13.9646 13.1174 2.97269 2.79721 6.0719 2.09901 3.65767 3.85703 3.77244 1.67037 1.6195 1.58296 1.55917 4.69611 1.50918 1.43235 1.41095 1.38799
threshold=-0.12388201523749372 -0.57804390007765316 -0.10117990212194466 0.10261202914880686 0.057542657545605544 -0.45773049097128432 -0.3262777788761167 0.81204465305063289 -0.96104490056638114 1.4782987723741299 -1.6509421024785467 -1.5882449443731639 -1.3439458341595358 -1.0904357891992069 -0.69152456002310403 0.72059368467215046 0.15045086667480623 0.81204465305063289 -0.30674666200234618 -0.87436949230096472 -0.59504994101289455 0.78703980624840864 1.0000000180025095e-35 0.61794179435526442 1.2391382024602493 0.81204465305063289 0.92007127330637772 -1.2536974192686836 1.4782987723741299 -0.91129731355121979 -0.1351705938880626 -0.17025876430858886
decision_type=2 2 2 2 2 2 2 2 2 2 2 2 2 2 2 2 2 2 2 2 2 2 2 2 2 2 2 2 2 2 2 2
left_child=1 8 9 -4 5 19 7 -7 -1 -2 -10 -12 -13 15 29 -14 31 -6 -19 24 21 -21 -22 30 -5 -24 -9 -28 -18 -15 -3 -16
right_child=2 23 3 4 17 6 -8 26 10 -11 11 12 13 14 16 -17 28 18 -20 20 22 -23 25 -25 -26 -27 27 -29 -30 -31 -32 -33
leaf_value=-0.0049054844740490534 -0.0055265526752763059 0.015096970344739677 0.014514043775561179 -0.0024852667372870542 0.0087846881585927211 0.011378638867676526 -0.0079075619178135947 -0.0029434414307082514 0.012082446928654438 0.0035343693252179696 -0.0048009468698758506 0.013303184527539111 0.0065095104934331681 0.011075692469267717 -0.0039075261058719273 -0.0095058588443796728 0.0077515797172114011 -0.0044619518975923629 0.010297277563499973 -0.015588708380241253 0.0068666109030837211 -0.0033617892961702884 0.0011824063608085991 0.01897903615738528 0.0050311154929829098 -0.0066369846642644866 -0.0027828595717704183 0.0092870279008980677 0.0015593633199085793 0.017956681337391294 0.0083989857450673996 0.0016545674539272203
leaf_weight=12.506207838654516 49.839970469474792 17.216881647706032 17.752672001719475 9.5668800473213214 41.692664340138435 27.191281720995903 10.346819102764128 10.28604634106159 9.6188360899686796 10.709906011819838 17.315152212977409 8.8360183835029584 24.74606329202652 12.220525279641153 14.390614852309218 18.292127728462219 21.609588667750359 12.013835802674295 10.530375629663466 7.6944275349378612 11.022619709372519 16.276949852705002 8.9088016003370303 12.380323499441145 14.570975944399832 12.73923175036907 12.329539746046065 13.863242685794832 12.855340361595152 13.46314714848995 10.655527532100679 25.323778212070472
leaf_count=43 204 48 49 32 115 74 42 35 25 34 62 24 76 35 49 73 62 41 28 32 30 60 31 33 43 54 39 39 40 37 32 83
internal_value=0.00345993 0.00525593 0.00206079 0.003585 0.00268738 0.00107277 0.00390479 0.00586963 0.0032922 -0.00388738 0.00387372 0.0033936 0.00433903 0.00376857 0.00552078 -0.000290085 0.0023396 0.00656315 0.00249072 -0.00152705 -0.00305212 -0.00731655 8.05004e-05 0.0145341 0.0020129 -0.00338424 0.00175433 0.0035913 0.00542244 0.0146457 0.0125654 -0.000356603
internal_weight=528.766 231.43 297.336 236.786 219.034 154.797 74.0169 63.6701 191.177 60.5499 178.671 169.052 151.737 142.901 99.863 43.0382 74.1793 64.2369 22.5442 80.7799 56.642 23.9714 32.6707 40.2527 24.1379 21.648 36.4788 26.1928 34.4649 25.6837 27.8724 39.7144
internal_count=1704 722 982 744 695 511 229 187 609 238 566 541 479 455 306 149 234 184 69 282 207 92 115 113 75 85 113 78 102 72 80 132
is_linear=0
shrinkage=0.0144862


Tree=89
num_leaves=25
num_cat=0
split_feature=1 2 2 2 2 2 2 2 2 0 2 1 1 2 1 0 0 2 0 0 1 1 0 0
split_gain=7.15955 6.92307 15.3842 16.207 11.7305 5.47126 9.74948 4.96267 9.78144 8.10308 5.5429 3.88662 4.29431 3.50439 3.26968 3.10615 2.42965 2.02984 1.92216 1.69291 1.68248 1.36954 1.28569 1.2493
threshold=2.1137352703750172 -0.69972874731304169 1.0000000180025095e-35 0.031977609934829745 0.72059368467215046 -0.74937431280164934 -1.2536974192686836 0.89442266433793904 1.3729082814080018 -0.89842377837745824 1.5120648737530427 0.8893118293275043 -0.36979102111976109 1.0000000180025095e-35 -0.23380133559262892 1.0583229136861065 0.66851444456337983 -0.44487891645451161 0.20113937630584797 0.50571348268548044 0.43977337224892188 0.065036890674015163 0.024667406506108647 -0.27665448525149644
decision_type=2 2 2 2 2 2 2 2 2 2 2 2 2 2 2 2 2 2 2 2 2 2 2 2
left_child=1 5 17 21 14 6 11 9 -9 -6 22 12 -1 -2 18 20 -11 -3 -5 -19 -7 -4 -10 -16
right_child=13 2 3 4 7 15 -8 8 10 16 -12 -13 -14 -15 23 -17 -18 19 -20 -21 -22 -23 -24 -25
leaf_value=0.0030115932849095611 0.00048465076094365205 0.016238922150405163 -0.0039239699290037448 0.0033335108440674267 0.010307003779003931 -0.0011820141313356857 0.01017868916963739 0.014693278393680028 0.0010236490006687246 -0.0028357337762929249 0.0073765923102633284 0.0075500854264420941 -0.0052703880084638555 -0.011348744268841018 0.011446613738159479 0.002197955561723123 0.0045183554240004484 0.0084843592410070549 0.011640599062712779 0.015066092412861734 -0.0066601802892042048 0.00011848085134274205 -0.0052267079805182184 0.017659261113430989
leaf_weight=24.619228601455688 10.979734987020494 14.824000120162962 44.305008366703987 11.308054506778719 15.07562570273876 23.836275696754456 31.788531273603439 20.384812235832214 16.141299009323124 48.684907227754593 30.097555801272392 12.453641280531881 27.16094546020031 9.392539978027342 12.379614114761354 28.338653147220612 11.252590298652647 34.264589801430702 11.320699974894522 10.519761070609091 22.648567318916321 28.616005167365074 11.423230916261671 15.750655010342596
leaf_count=73 37 41 167 33 39 85 87 57 55 177 82 35 95 40 35 91 33 97 32 29 92 107 41 44
internal_value=0.00341795 0.00375625 0.00496182 0.00352385 0.00561738 0.00138328 0.00366361 0.00361749 0.00616432 0.000958952 0.00312402 0.00042787 -0.00132467 -0.00491212 0.0116271 -0.0015475 -0.00143021 0.0116135 0.00755288 0.0100742 -0.00384944 -0.00232091 -0.00154378 0.014927
internal_weight=527.567 507.194 336.348 276.74 203.819 170.846 96.0223 153.06 78.0469 75.0131 57.6621 64.2338 51.7802 20.3723 50.759 74.8235 59.9375 59.6084 22.6288 44.7844 46.4848 72.921 27.5645 28.1303
internal_count=1704 1627 1069 902 628 558 290 484 235 249 178 203 168 77 144 268 210 167 65 126 177 274 96 79
is_linear=0
shrinkage=0.0144862


Tree=90
num_leaves=23
num_cat=0
split_feature=1 4 1 1 1 1 1 1 1 4 4 4 0 1 4 0 4 4 4 0 4 4
split_gain=6.9706 6.57496 5.9817 4.98685 14.7962 24.4548 12.4237 13.9299 5.97601 5.27531 3.63728 3.32942 2.6584 2.54686 1.65019 3.52204 2.47452 2.45929 6.9399 2.53842 1.34757 1.28274
threshold=2.1137352703750172 2.1250364861237432 1.4140920485755559 -0.36979102111976109 -0.30976332809883261 0.43977337224892188 0.53178439119669474 1.3094291958364745 -0.99189156790407906 0.26543698238015412 -0.12388201523749372 -0.12388201523749372 -0.7083100669291934 -0.48979541740326532 -0.91129731355121979 1.2149377170422428 -0.19473967275523335 0.92007127330637772 0.81204465305063289 -0.20598741005048568 -0.046575955756256171 -0.67355127501412004
decision_type=2 2 2 2 2 2 2 2 2 2 2 2 2 2 2 2 2 2 2 2 2 2
left_child=1 2 3 8 -5 9 10 -8 14 -6 -7 -2 -10 -14 15 -1 -16 18 20 -19 -18 -9
right_child=11 -3 -4 4 5 6 7 21 12 -11 -12 -13 13 -15 16 -17 17 19 -20 -21 -22 -23
leaf_value=-0.0053515268944741888 0.00023973720526543742 -0.0060646495701772154 0.014383832372753725 -0.0018984074940186482 0.015582311707515223 0.00029742399714987857 0.01268599038640089 -0.004173257755011821 0.016270953527808382 0.0061951483721348075 -0.0065899666919267364 -0.011336139415694084 0.0054121164391588601 0.012666455922418695 0.008506699831094585 0.0068654445967565626 0.00088777706103837614 0.0025094485057370027 -0.0079965633229437567 0.012416451067006515 0.0060164523908234286 0.0016317787621508051
leaf_weight=10.762329176068308 11.314299121499063 13.587102755904196 10.909956917166708 101.22250100970268 41.013148576021194 32.016686052083969 32.590697154402733 9.6791289746761304 10.166155278682707 17.752103164792061 31.584364160895348 9.0295187681913358 26.758565604686734 15.927567914128305 25.908515125513077 8.4177870154380781 15.767994433641432 10.12803526222706 11.573868498206137 10.780956685543059 31.881059005856514 37.604655906558037
leaf_count=38 39 48 30 359 112 109 92 35 25 50 130 38 77 44 76 24 54 31 43 29 94 127
internal_value=0.0033767 0.00371102 0.00398562 0.00374411 0.00261426 0.00487402 0.00165421 0.00544346 0.00566656 0.0127165 -0.00311155 -0.0048483 0.00973663 0.00815143 0.00394344 6.6898e-05 0.00464616 0.00338668 0.00187557 0.00760802 0.00430624 0.000445891
internal_weight=526.377 506.033 492.446 481.536 303.463 202.241 143.476 79.8745 178.073 58.7653 63.6011 20.3438 52.8523 42.6861 125.221 19.1801 106.04 80.1319 59.2229 20.909 47.6491 47.2838
internal_count=1704 1627 1579 1549 1014 655 493 254 535 162 239 77 146 121 389 62 327 251 191 60 148 162
is_linear=0
shrinkage=0.0144862


Tree=91
num_leaves=27
num_cat=0
split_feature=0 0 3 0 0 2 2 0 0 3 3 3 3 3 0 2 0 0 2 2 0 0 2 3 3 3
split_gain=5.96137 15.0487 9.12177 7.52128 22.024 7.31431 7.10968 5.28164 12.1085 7.26288 12.6106 4.85263 4.21059 4.17167 3.68002 3.41161 2.61074 1.75397 1.7446 1.52848 1.50916 3.49007 1.36513 1.36498 1.32571 1.32306
threshold=-0.36293145898140472 1.0000000180025095e-35 1.7724413147135019 -0.89842377837745824 -1.2326299864875967 0.81499198357074809 0.057542657545605544 0.1303845022848949 0.53564922200162013 -0.45773049097128432 0.26160392451939263 0.26160392451939263 0.46814851029914545 -0.52401811727297753 1.9491333991042434 1.4782987723741299 -0.78898986588778375 0.66851444456337983 -0.74937431280164934 0.15045086667480623 1.0583229136861065 1.4564283712933748 -0.44487891645451161 -0.63665922088383342 1.7724413147135019 -0.79532475672744429
decision_type=2 2 2 2 2 2 2 2 2 2 2 2 2 2 2 2 2 2 2 2 2 2 2 2 2 2
left_child=3 -2 7 4 6 12 18 11 23 13 -11 -3 19 14 25 -8 -7 -12 -1 22 -15 -22 -5 -9 -14 -10
right_child=1 2 -4 5 -6 16 15 8 9 10 17 -13 24 20 -16 -17 -18 -19 -20 -21 21 -23 -24 -25 -26 -27
leaf_value=-0.00038476715841441001 0.0141630335568697 0.0037198880281571218 -0.0094610491854230892 -0.0057758999490703459 0.016103834957547455 0.00017970988046661125 0.0072003145779183444 0.0089250918509930256 0.0040157440290659683 0.017080279300916195 0.00032080513879097656 -0.0040988990594363851 0.0033454846386074518 -0.0058746698510510958 -0.0037345372512520721 -0.002806778291364033 0.0093042755876321676 0.0058323241312583556 -0.0083737817005072237 -0.0081263465126396855 0.0048564847828782018 -0.0062429951623112533 -0.00094835501726596482 0.015109275139452854 -0.0029668078612014124 0.0097499843704297682
leaf_weight=8.2160115987062472 30.731154516339302 41.107172071933746 10.421417757868765 23.341644525527954 25.051301524043083 10.116228863596918 24.329042017459869 11.165352538228033 40.135086789727211 19.342795878648758 21.756193622946739 27.376755699515343 24.812937915325165 16.049576446413994 11.473475486040114 9.5661817193031293 17.146949231624603 26.365841507911682 17.175606846809387 18.647784113883972 12.753354892134668 10.394998848438261 25.291330739855766 23.018122106790543 9.2286722064018232 10.302267178893088
leaf_count=26 83 131 41 87 64 34 68 32 126 52 74 100 84 60 38 32 49 78 71 74 41 37 97 62 33 30
internal_value=0.00333478 0.00460797 0.00355716 0.00146631 0.00481754 -0.000736996 2.39592e-05 0.00406793 0.00524171 0.0036474 0.00731377 0.000598544 -0.00252991 0.00119199 0.00352043 0.0043232 0.00587006 0.00335985 -0.00573797 -0.00462715 -0.00248982 -0.000153159 -0.00327596 0.0130528 0.00159513 0.00520522
internal_weight=525.317 312.394 281.662 212.924 84.3381 128.586 59.2868 271.241 202.757 168.574 67.4648 68.4839 101.322 101.109 61.9108 33.8952 27.2632 48.122 25.3916 67.2808 39.1979 23.1484 48.633 34.1835 34.0416 50.4374
internal_count=1704 985 902 719 261 458 197 861 630 536 204 231 375 332 194 100 83 152 97 258 138 78 184 94 117 156
is_linear=0
shrinkage=0.0144862


Tree=92
num_leaves=33
num_cat=0
split_feature=4 4 4 4 2 3 2 4 2 2 4 4 4 4 4 2 2 4 3 2 2 4 2 3 4 4 2 4 4 2 3 3
split_gain=5.94611 19.3823 11.9831 10.6953 6.13081 5.17207 7.89332 6.72751 4.30737 3.38049 3.29948 5.98281 3.55047 4.56229 13.3297 12.6883 2.81423 2.69808 5.76741 2.02631 3.4876 3.8044 3.39654 1.69922 1.55025 1.52776 1.47146 1.44639 1.43966 4.53141 1.42504 1.30631
threshold=-0.12388201523749372 -0.57804390007765316 -0.10117990212194466 0.10261202914880686 0.057542657545605544 -0.45773049097128432 -0.3262777788761167 0.81204465305063289 -0.96104490056638114 1.4782987723741299 -1.6509421024785467 -1.5882449443731639 -1.3439458341595358 -1.0904357891992069 -0.69152456002310403 0.72059368467215046 0.15045086667480623 0.81204465305063289 -0.30674666200234618 -0.87436949230096472 -0.59504994101289455 0.78703980624840864 1.0000000180025095e-35 0.61794179435526442 1.2391382024602493 0.81204465305063289 1.4782987723741299 -0.91129731355121979 0.92007127330637772 -1.2536974192686836 -0.1351705938880626 -0.17025876430858886
decision_type=2 2 2 2 2 2 2 2 2 2 2 2 2 2 2 2 2 2 2 2 2 2 2 2 2 2 2 2 2 2 2 2
left_child=1 8 9 -4 5 19 7 -7 -1 -2 -10 -12 -13 15 27 -14 31 -6 -19 24 21 -21 -22 30 -5 -24 -18 -15 -9 -30 -3 -16
right_child=2 23 3 4 17 6 -8 28 10 -11 11 12 13 14 16 -17 26 18 -20 20 22 -23 25 -25 -26 -27 -28 -29 29 -31 -32 -33
leaf_value=-0.0049638794400089174 -0.0054089681674748934 0.014816784880788275 0.014215052759441935 -0.0024870848075809623 0.0084960734772925473 0.011106440968118414 -0.0077664708768445121 -0.0029136068284859192 0.011815833054241713 0.0034308448926746726 -0.0047413088004398321 0.012946146535678917 0.0063682604088986733 0.01074224111594458 -0.0038532848167287226 -0.009415395675833993 0.0075325233519237048 -0.0044832832427856972 0.0099578903008415813 -0.015475201134885421 0.0064929325912897948 -0.0033025716295580305 0.0012061204077298041 0.018781200277458669 0.00487801615080493 -0.0064855494301765274 0.001408134083780098 0.017731719882524033 -0.0028687369722201154 0.0090268112163648401 0.00801911228723747 0.001548023800372299
leaf_weight=12.463443890213965 49.637319818139076 16.808888897299767 17.361952781677246 9.5367473363876361 41.303439259529114 26.898681730031967 10.289500355720518 10.244275227189062 9.5169854760169965 10.719576850533484 17.278776824474335 8.6484915167093259 24.668739959597588 11.982838854193689 14.370122611522666 18.203263685107231 21.496666848659515 11.970652744174005 10.40713909268379 7.6539255976676968 10.890063896775244 16.209971129894257 8.902419790625574 12.076958775520323 14.527521625161169 12.671425282955168 12.830955490469931 13.086009562015532 12.305559426546095 13.698271200060846 10.440787330269815 25.24755638837815
leaf_count=43 204 48 49 32 115 74 42 35 25 34 62 24 76 35 49 73 62 41 28 32 30 60 31 33 43 54 40 37 39 39 32 83
internal_value=0.00329277 0.00504237 0.00193376 0.00341121 0.00253726 0.00097229 0.00374112 0.00566053 0.00312516 -0.00380353 0.00370164 0.00322892 0.00415428 0.00360266 0.00530699 -0.000326631 0.00221825 0.00630292 0.00229022 -0.00156161 -0.00306544 -0.00723759 4.76444e-06 0.0142462 0.00192057 -0.00327821 0.00522485 0.0143528 0.00161046 0.00338354 0.0122412 -0.000407119
internal_weight=524.349 229.12 295.228 234.872 217.51 153.828 73.4363 63.1468 189.794 60.3569 177.33 167.813 150.535 141.886 99.0141 42.872 73.9453 63.6812 22.3778 80.3921 56.3278 23.8639 32.4639 39.3266 24.0643 21.5738 34.3276 25.0688 36.2481 26.0038 27.2497 39.6177
internal_count=1704 722 982 744 695 511 229 187 609 238 566 541 479 455 306 149 234 184 69 282 207 92 115 113 75 85 102 72 113 78 80 132
is_linear=0
shrinkage=0.0144862


Tree=93
num_leaves=32
num_cat=0
split_feature=4 3 3 3 3 0 0 4 0 0 3 3 3 3 3 3 0 0 4 0 4 0 4 4 3 0 0 0 0 0 4
split_gain=5.86281 4.68359 16.5176 5.67201 11.1911 8.39312 7.07273 6.92172 5.44376 11.7887 4.81843 5.6376 4.7174 19.4257 6.86277 5.8405 5.27689 3.99383 3.00949 2.98367 4.87811 4.08217 3.79743 1.89958 1.85753 1.83271 3.50871 1.33614 2.48358 1.56662 1.30308
threshold=2.1250364861237432 1.7724413147135019 1.1363373556406191 0.96968499839693922 0.46814851029914545 -0.36293145898140472 1.0000000180025095e-35 -1.0097167494323618 -0.89842377837745824 -1.2326299864875967 1.9430900739760919 2.505093081842046 -0.45773049097128432 0.26160392451939263 -0.52401811727297753 -0.63665922088383342 1.9491333991042434 0.27866573431484637 1.1757980732605351 -0.51025422056031999 0.81204465305063289 -0.85624376196354024 0.26543698238015412 0.92007127330637772 0.61794179435526442 -0.7083100669291934 -1.0000000180025095e-35 1.4564283712933748 1.0583229136861065 0.53564922200162013 -0.19473967275523335
decision_type=2 2 2 2 2 2 2 2 2 2 2 2 2 2 2 2 2 2 2 2 2 2 2 2 2 2 2 2 2 2 2
left_child=1 2 3 4 5 8 -7 -5 9 23 -3 -12 14 -14 15 16 -8 -15 19 21 -21 22 -10 -1 30 -9 -27 28 29 -16 -6
right_child=-2 10 -4 7 24 6 12 25 18 -11 11 -13 13 17 27 -17 -18 -19 -20 20 -22 -23 -24 -25 -26 26 -28 -29 -30 -31 -32
leaf_value=-0.0029879235884781711 -0.0059977048977596951 -0.008734404484736176 0.017383264777089569 -0.010163567531738636 0.01247289660654706 0.013330752506392872 0.0049768526007444866 -0.0018521037863645428 -0.0085242027575007668 0.017688247751283165 0.01104089018175188 -0.0048862120392733346 0.014949299727956699 -0.0059895398806861476 0.0004614992486010404 0.015092667395213527 -0.0057642366217273873 0.0033147173657712605 -0.0085111334672277987 -0.0010481385577396918 -0.013594670414335907 0.0096674200630113959 0.0031114326796511547 0.0041791735012188472 0.015432805530771834 0.0099071654595676763 -0.0021422054519092755 -0.0061393113061240026 0.0048727675144192321 -0.0057756786776824061 0.0052566438901652272
leaf_weight=18.135569736361507 13.559851720929144 12.628429144620897 17.788711458444595 13.244056239724157 9.7603586763143539 17.963270992040634 73.731475710868835 14.446273013949392 8.7110285907983798 10.149417251348494 8.6090076416730899 9.1309063434600812 34.793836370110512 12.964173674583433 17.02338020503521 9.9940651804208738 10.565503180027006 34.412758812308311 12.200980320572851 31.134718045592308 7.8154438138008109 10.385037690401075 16.217782124876976 12.895388230681418 15.136370137333868 11.605080932378767 8.3221348524093646 10.371884867548941 12.745630189776419 16.011407509446144 10.706353306770325
leaf_count=63 48 51 47 53 27 49 226 52 36 25 23 32 96 50 60 27 36 108 46 114 34 28 57 41 42 35 29 37 41 60 31
internal_value=0.00325283 0.00350318 0.00385278 0.00332356 0.00386788 0.00313624 0.00467458 -0.00139005 0.000116289 0.00442443 -0.00197469 0.00280674 0.00399731 0.00678091 0.00247188 0.00485167 0.0036107 0.000771932 -0.001948 -0.000855388 -0.00360335 0.00217897 -0.000964807 2.82882e-05 0.0115851 0.0020034 0.00483711 -0.00152403 -0.000473618 -0.00255502 0.00875878
internal_weight=523.16 509.6 479.232 461.443 413.826 378.223 250.577 47.6175 127.645 41.1804 30.3683 17.7399 232.614 82.1708 150.443 94.291 84.297 47.3769 86.465 74.264 38.9502 35.3138 24.9288 31.031 35.6031 34.3735 19.9272 56.1523 45.7804 33.0348 20.4667
internal_count=1704 1656 1550 1503 1334 1234 790 169 444 129 106 55 741 254 487 289 262 158 315 269 148 121 93 104 100 116 64 198 161 120 58
is_linear=0
shrinkage=0.0144862


Tree=94
num_leaves=27
num_cat=0
split_feature=1 2 2 2 2 4 4 2 2 2 1 1 1 2 2 2 1 4 1 2 4 1 1 4 4 1
split_gain=6.66091 6.36517 14.2834 14.6744 10.8806 5.39908 9.38305 5.02187 4.75174 9.00579 3.76106 4.12982 3.65824 3.41618 7.0189 3.40724 3.27541 3.12609 2.76494 2.16474 1.84857 1.92975 1.67947 1.44874 6.38966 1.36057
threshold=2.1137352703750172 -0.69972874731304169 1.0000000180025095e-35 0.031977609934829745 0.72059368467215046 -1.0904357891992069 -1.3439458341595358 1.0791826756702754 -0.74937431280164934 -1.2536974192686836 0.8893118293275043 -0.36979102111976109 0.17446091209929657 0.89442266433793904 1.3729082814080018 1.0000000180025095e-35 -0.23380133559262892 0.10261202914880686 -0.36979102111976109 -0.38201714431718403 -0.12388201523749372 0.065036890674015163 0.43977337224892188 -0.12388201523749372 0.10261202914880686 -0.23380133559262892
decision_type=2 2 2 2 2 2 2 2 2 2 2 2 2 2 2 2 2 2 2 2 2 2 2 2 2 2
left_child=1 8 17 20 16 6 7 -6 9 10 11 -1 -8 23 -15 -2 -5 -3 -16 -19 21 -4 -10 -7 -25 -20
right_child=15 2 3 4 5 13 12 -9 22 -11 -12 -13 -14 14 18 -17 -18 19 25 -21 -22 -23 -24 24 -26 -27
leaf_value=0.0028363278986157873 0.00048553274124786045 0.014297033199668767 -0.0026988408758762831 0.0071015020535885442 -0.0029081196856038448 0.0057437092145983804 -0.014886972143141219 0.011086492927382934 0.00023600763040670876 0.0097431098586373919 0.0073324165396396017 -0.0053025737896501418 -0.0018271501650423535 0.015258855810659208 0.0081768763318151132 -0.011226997798290636 0.014570412704574515 0.012645411453015423 -0.0029056132199425473 0.0042973957104808632 -0.0040988962843791421 0.0047741178493059056 -0.0042030494572768088 -0.0078884968292492596 0.004805701422228967 0.0043307957516526977
leaf_weight=24.518350839614868 10.910288468003275 31.508438035845757 15.849473074078562 22.173160344362259 8.8325110524892825 18.679035246372223 9.7138288766145724 12.329607620835302 45.900231212377548 31.141902267932892 12.369374826550482 27.045143082737923 7.8617824167013159 16.824970364570618 18.759813904762268 9.3107983171939832 27.292735129594803 10.239260241389276 10.906759262084963 16.440739274024963 44.228036090731621 12.635051757097242 28.726719617843628 11.686229586601256 26.08901672065258 10.039333790540693
leaf_count=73 37 92 55 65 30 55 40 34 157 87 35 95 30 48 53 40 79 28 37 47 179 40 111 50 76 31
internal_value=0.0032131 0.00354168 0.00470736 0.00332251 0.00533505 0.00341283 -0.00123115 0.00518089 0.00126099 0.00340099 0.000300224 -0.00142516 -0.00898307 0.00500704 0.00751728 -0.00485092 0.01121 0.0112016 0.00420698 0.00757095 -0.00223969 0.000605488 -0.00146955 0.00249282 0.00085539 0.000599803
internal_weight=522.013 501.792 332.09 273.901 201.189 151.723 38.7377 21.1621 169.702 95.0748 63.9329 51.5635 17.5756 112.985 56.5309 20.2211 49.4659 58.1884 39.7059 26.68 72.7126 28.4845 74.627 56.4543 37.7752 20.9461
internal_count=1704 1627 1069 902 628 484 134 64 558 290 203 168 70 350 169 77 144 167 121 75 274 95 268 181 126 68
is_linear=0
shrinkage=0.0144862


Tree=95
num_leaves=25
num_cat=0
split_feature=4 2 2 2 2 4 4 3 2 3 3 3 3 3 3 3 2 2 4 4 3 4 4 4
split_gain=5.68809 4.80859 18.1461 14.3413 13.9967 5.94665 8.24402 5.25503 5.22204 5.11741 6.76263 5.44509 4.57281 3.03527 2.90994 3.94087 5.56781 2.27166 2.28226 1.82284 1.73457 1.71551 1.52889 1.26891
threshold=2.1250364861237432 -0.69972874731304169 1.0000000180025095e-35 0.031977609934829745 0.72059368467215046 -1.0904357891992069 -1.3439458341595358 0.46814851029914545 1.0791826756702754 1.7724413147135019 -0.45773049097128432 0.26160392451939263 0.26160392451939263 -0.39637255817794798 -0.52401811727297753 -1.1079474925031649 1.4782987723741299 -0.44487891645451161 0.10261202914880686 -0.31725931006169161 0.26160392451939263 -0.046575955756256171 -0.12388201523749372 -0.12388201523749372
decision_type=2 2 2 2 2 2 2 2 2 2 2 2 2 2 2 2 2 2 2 2 2 2 2 2
left_child=1 9 17 22 21 6 8 12 -6 10 -1 -12 13 14 15 16 -7 -3 -19 -9 -8 -5 -4 -16
right_child=-2 2 3 4 5 7 20 19 -10 -11 11 -13 -14 -15 23 -17 -18 18 -20 -21 -22 -23 -24 -25
leaf_value=-0.00084927156805649461 -0.0059435394055982697 0.016794464467482003 -1.5278374174571828e-05 0.013988762172871242 -0.0040907581215317091 0.0082979166810145891 -0.0042255258653522603 0.01549521633649178 0.0098249700761405354 -0.0075398678628246681 0.011854309753858526 0.0030061192618603657 -0.0031823862735277683 0.012239089581603101 0.0043409422009183952 0.012474250057039889 -0.0050046883168067408 0.013040954351697035 0.0062764328283036897 0.0070622371787215747 -0.013154293662009807 0.0085034462499085466 -0.0041957876997952819 -0.0023802014501807167
leaf_weight=79.469371765851974 13.540617778897284 14.455193758010862 30.709169521927834 27.948864996433258 9.4540507942438143 15.391286224126814 7.9212000519037273 9.6598408818244952 12.746025323867796 11.945140108466147 18.774756342172623 60.513602435588837 19.611610159277916 9.1260375529527646 8.2627907097339648 12.79597879946232 10.843571707606314 24.284610271453857 18.114887744188309 11.457188233733175 10.170474812388418 21.124488070607185 44.635603085160255 17.879173800349236
leaf_count=271 48 41 104 83 33 44 28 25 36 45 50 196 70 25 25 35 37 71 51 34 45 60 182 65
internal_value=0.00317413 0.00342166 0.00442556 0.00290914 0.00489741 0.00276842 -0.00199812 0.00444002 0.00384364 0.00144235 0.00212856 0.00511381 0.00297283 0.00460746 0.00351092 0.00599705 0.00280469 0.011858 0.0101693 0.010901 -0.00919318 0.0116122 -0.00247901 -0.000203535
internal_weight=520.836 507.295 336.592 279.737 204.393 155.319 40.2918 115.027 22.2001 170.703 158.758 79.2884 93.9104 74.2988 65.1728 39.0308 26.2349 56.8547 42.3995 21.117 18.0917 49.0734 75.3448 26.142
internal_count=1704 1656 1094 931 645 502 142 360 69 562 517 246 301 231 206 116 81 163 122 59 73 143 286 90
is_linear=0
shrinkage=0.0144862


Tree=96
num_leaves=25
num_cat=0
split_feature=0 0 3 0 0 2 2 0 0 3 3 3 3 3 0 2 0 2 0 2 0 0 0 2
split_gain=5.53378 14.0647 8.74718 6.91122 21.0228 6.85302 6.69654 4.98313 11.2715 6.77536 11.8811 4.62118 3.84522 3.65533 3.39686 3.21536 2.49194 1.67232 1.62951 1.61757 1.46389 3.32058 1.37819 1.35798
threshold=-0.36293145898140472 1.0000000180025095e-35 1.7724413147135019 -0.89842377837745824 -1.2326299864875967 0.81499198357074809 0.057542657545605544 0.1303845022848949 0.53564922200162013 -0.45773049097128432 0.26160392451939263 0.26160392451939263 0.46814851029914545 -0.52401811727297753 1.9491333991042434 1.4782987723741299 -0.78898986588778375 -0.74937431280164934 0.66851444456337983 0.15045086667480623 1.0583229136861065 1.4564283712933748 0.44263003055698064 -0.44487891645451161
decision_type=2 2 2 2 2 2 2 2 2 2 2 2 2 2 2 2 2 2 2 2 2 2 2 2
left_child=3 -2 7 4 6 12 17 11 22 13 -11 -3 19 14 -10 -8 -7 -1 -12 23 -15 -22 -9 -5
right_child=1 2 -4 5 -6 16 15 8 9 10 18 -13 -14 20 -16 -17 -18 -19 -20 -21 21 -23 -24 -25
leaf_value=-0.00046537275699650354 0.013744463601098567 0.0035345229767437922 -0.0094565753802783609 -0.0056390885840144943 0.015739691038879282 7.6068448038651865e-05 0.0068911042907920626 0.015049294305356446 0.0049218715243659538 0.016720381577852571 0.00030590321711513609 -0.0041231380985132073 0.0014284042122110203 -0.0056923642704940049 -0.0036910803360580106 -0.0028505362638006257 0.0090101330544684506 -0.0083150976458843621 0.0056269714370333831 -0.0081474683574154789 0.0048337076328087173 -0.006005322293242671 0.009001849737450305 -0.00081155702899113639
leaf_weight=8.1715810596942919 29.899807319045067 40.847837194800377 10.314370557665823 23.252876922488213 24.491726666688919 10.064693927764894 24.088649049401283 20.273341834545135 49.932390138506889 18.70466636121273 21.713137060403824 27.162896767258644 33.820186644792557 15.974413454532622 11.430740550160406 9.5296391695737821 16.983415395021439 17.042935520410538 26.240378335118294 18.52199849486351 12.751749932765962 10.352857872843741 13.078397095203398 25.108323782682419
leaf_count=26 83 131 41 87 64 34 68 56 156 52 74 100 117 60 38 32 49 71 78 74 41 37 38 97
internal_value=0.00313496 0.00437018 0.00335691 0.0013281 0.00456358 -0.000787245 -0.000111483 0.00385971 0.00500829 0.00347344 0.00703983 0.000479886 -0.00252675 0.0010979 0.00329101 0.0040777 0.00563426 -0.00572367 0.00323626 -0.00453649 -0.00234993 -4.77218e-05 0.0126471 -0.00314328
internal_weight=519.753 308.677 278.777 211.076 83.3245 127.751 58.8328 268.463 200.452 167.1 66.6582 68.0107 100.703 100.442 61.3631 33.6183 27.0481 25.2145 47.9535 66.8832 39.079 23.1046 33.3517 48.3612
internal_count=1704 985 902 719 261 458 197 861 630 536 204 231 375 332 194 100 83 97 152 258 138 78 94 184
is_linear=0
shrinkage=0.0144862


Tree=97
num_leaves=25
num_cat=0
split_feature=1 1 3 3 3 3 0 0 3 3 3 3 0 1 0 0 0 0 1 0 0 0 1 0
split_gain=6.4 5.84507 4.45221 15.3017 4.74928 9.84399 7.22035 6.25664 4.38621 18.0116 6.68516 5.72795 4.84908 4.34054 5.38601 7.45298 4.06278 3.78289 3.16462 2.86957 6.07392 6.12144 2.32574 1.42691
threshold=2.1137352703750172 1.4140920485755559 1.7724413147135019 1.1363373556406191 0.96968499839693922 0.46814851029914545 -0.36293145898140472 1.0000000180025095e-35 -0.45773049097128432 0.26160392451939263 -0.52401811727297753 -0.63665922088383342 1.9491333991042434 -0.36979102111976109 0.070995917162297806 -0.7083100669291934 0.070995917162297806 0.27866573431484637 -0.45032934443813583 -1.401028123136814 -0.89842377837745824 -1.2326299864875967 2.2907844588158062 0.44263003055698064
decision_type=2 2 2 2 2 2 2 2 2 2 2 2 2 2 2 2 2 2 2 2 2 2 2 2
left_child=1 2 3 4 5 6 19 -8 10 -10 11 12 23 -6 15 -15 -4 -11 -7 -1 21 -21 -2 -9
right_child=22 -3 16 -5 13 18 7 8 9 17 -12 -13 -14 14 -16 -17 -18 -19 -20 20 -22 -23 -24 -25
leaf_value=-0.0064490507538154601 -0.0088684777332043545 0.013886336019202576 0.001639063102111798 0.0170784551157309 0.0051779095290421769 0.0061524332659137508 0.01301587838652914 0.0077636497393293261 0.01477188778647266 -0.0058346077837146456 -0.0018362364858746957 0.014809386630315479 -0.0056578435069117835 -0.0089060843382886556 -0.012265770424051541 0.0079068317236427859 -0.009448715591686533 0.0032353030858963865 0.014910361037979207 0.0016310362918409678 -0.0013038779481685952 0.015529299099364964 0.00097949010502841171 0.0033030768702091914
leaf_weight=12.68166761100292 12.041927158832552 10.516140669584273 19.218191608786586 16.446262389421463 14.508257716894148 15.609165564179419 15.698821753263472 21.493547692894936 31.85466393828392 12.907067552208899 54.171937987208366 9.7929387092590314 10.546979233622549 10.042448386549948 11.166213095188139 11.357037469744684 10.302323117852209 34.404506906867027 18.750170409679413 18.596280559897426 80.492658779025078 9.7913847267627698 8.0870763808488828 48.34317447245121
leaf_count=44 51 30 63 44 44 46 44 62 90 50 192 27 36 41 45 37 41 108 52 62 291 25 26 153
internal_value=0.00309533 0.00341866 0.00318741 0.00353821 0.00302675 0.00354444 0.0028381 0.00429716 0.00367528 0.00640759 0.00217184 0.00458 0.00330653 -0.00130319 -0.00423982 -2.76589e-05 -0.00222578 0.000762847 0.0109071 -3.22861e-05 0.000722459 0.0064415 -0.00482796 0.00468297
internal_weight=518.821 498.692 488.176 458.655 442.209 395.135 360.776 239.214 223.515 79.1662 144.349 90.1766 80.3837 47.074 32.5657 21.3995 29.5205 47.3116 34.3593 121.562 108.88 28.3877 20.129 69.8367
internal_count=1704 1627 1597 1493 1449 1282 1184 762 718 248 470 278 251 167 123 78 104 158 98 422 378 87 77 215
is_linear=0
shrinkage=0.0144862


Tree=98
num_leaves=20
num_cat=0
split_feature=1 2 2 2 2 3 2 2 2 2 2 1 1 2 1 3 2 1 1
split_gain=6.22933 5.9152 13.4183 13.4953 10.2093 4.61901 4.22386 8.91958 4.89423 4.07768 5.11616 3.34813 4.2183 3.29675 3.28561 2.49248 2.06843 1.33525 1.30044
threshold=2.1137352703750172 -0.69972874731304169 1.0000000180025095e-35 0.031977609934829745 0.72059368467215046 1.7724413147135019 0.89442266433793904 1.3729082814080018 1.5120648737530427 -0.74937431280164934 -1.2536974192686836 0.8893118293275043 -0.58612781837144456 1.0000000180025095e-35 -0.23380133559262892 0.26160392451939263 -0.44487891645451161 0.065036890674015163 1.0000000180025095e-35
decision_type=2 2 2 2 2 2 2 2 2 2 2 2 2 2 2 2 2 2 2
left_child=1 5 16 17 14 9 -6 -8 -9 10 11 12 -1 -2 -5 -11 -3 -4 -14
right_child=13 2 3 4 6 -7 7 8 -10 15 -12 -13 18 -15 -16 -17 -18 -19 -20
leaf_value=0.0053044507488838938 0.00049418343980602529 0.015677059287614176 -0.0037538991188788891 0.0067333716235737934 0.00079778454681088298 -0.007372985295203853 0.014046525757399432 -0.0016058727577689454 0.0068176508692075494 -0.0032161727651263392 0.0089433666681403047 0.0082457257477069751 -0.0011210786455556861 -0.011064473161478445 0.014285692897719719 0.0022787330893461306 0.0092982028014795895 0.00024779775400645863 -0.0072247975017438737
leaf_weight=17.693016871809956 10.856907144188883 14.016343668103216 44.068744704127312 21.820235267281532 74.33975875377655 11.899327486753462 19.319605842232704 27.525159925222397 29.527094036340714 38.776708751916885 28.234248116612434 11.854598730802534 18.083666443824775 9.2338960170745832 26.629339724779129 30.629417359828949 43.020704373717308 28.470972180366516 11.778681069612501
leaf_count=51 37 41 167 65 249 45 57 96 82 142 81 33 59 40 79 105 126 107 42
internal_value=0.00305709 0.00337642 0.00450799 0.00316691 0.00511223 0.00117507 0.00325389 0.00563677 0.00276418 0.00183238 0.00390488 0.00150036 -0.000220098 -0.00476721 0.0108719 -0.000781831 0.0108721 -0.00216792 -0.00352581
internal_weight=517.778 497.688 328.738 271.701 199.161 168.95 150.712 76.3719 57.0523 157.05 87.6442 59.41 47.5554 20.0908 48.4496 69.4061 57.037 72.5397 29.8623
internal_count=1704 1627 1069 902 628 558 484 235 178 513 266 185 152 77 144 247 167 274 101
is_linear=0
shrinkage=0.0144862


Tree=99
num_leaves=29
num_cat=0
split_feature=1 4 1 2 2 2 2 4 4 2 1 1 1 1 1 2 2 2 4 2 1 2 1 4 2 4 4 4
split_gain=6.06316 5.81543 5.40002 4.8107 15.1566 11.1141 10.3608 4.98205 8.28714 4.39113 3.58464 3.55834 5.04896 3.64488 3.61736 5.0958 3.41593 6.53508 3.2394 2.9276 2.81868 2.78522 2.41162 1.99803 1.61415 1.4499 1.4411 5.51404
threshold=2.1137352703750172 2.1250364861237432 1.4140920485755559 -0.69972874731304169 1.0000000180025095e-35 0.031977609934829745 0.72059368467215046 -1.0904357891992069 -1.3439458341595358 1.0791826756702754 0.17446091209929657 0.43977337224892188 -0.23380133559262892 -0.58612781837144456 0.53178439119669474 -0.74937431280164934 0.89442266433793904 1.3729082814080018 -0.12388201523749372 -0.92478234282008265 -0.36979102111976109 -0.44487891645451161 -0.99189156790407906 0.10261202914880686 -0.74937431280164934 -0.12388201523749372 -0.12388201523749372 -1.0000000180025095e-35
decision_type=2 2 2 2 2 2 2 2 2 2 2 2 2 2 2 2 2 2 2 2 2 2 2 2 2 2 2 2
left_child=1 2 3 11 21 25 22 8 9 -8 -10 12 13 24 -13 -16 26 -18 -2 -15 -19 -5 -7 -23 -1 -6 -9 -28
right_child=18 -3 -4 4 5 6 7 16 10 -11 -12 14 -14 19 15 -17 17 20 -20 -21 -22 23 -24 -25 -26 -27 27 -29
leaf_value=0.0067680818269685947 0.00034231245928638735 -0.0058895224581014503 0.01371789460576354 0.01742428432005395 0.00062915107307479567 0.0043658433058963884 -0.0029110959970023928 0.0052153077940068288 -0.014689520778326229 0.010315146390736701 -0.0017249401338743501 -0.0061308956546385724 0.010863385527369415 -0.0062464281403702979 0.0065661235553790415 -0.0057544007532404386 0.01477697575543095 0.0078872695387812632 -0.011157649921104303 0.0013406366272251137 0.00018475127940404797 0.012437488776329308 0.012548555354147261 0.0058662984573635141 0.0013026160402551787 -0.0035622855973212451 -0.0078015773600959397 0.0041031766777884036
leaf_weight=26.546550214290619 11.178894847631456 13.500731721520422 10.388875827193258 12.518544584512709 28.4610855281353 9.2845425307750684 8.8101522177457827 18.236950948834419 9.6447522491216677 11.760524109005926 7.8244539946317664 22.614833414554596 13.746605068445204 15.938876345753664 16.959003016352654 11.399768739938738 15.873900681734083 18.605857655405998 8.883468419313429 30.254462346434597 20.516328707337379 22.444739565253258 35.964196741580963 16.824962541460991 19.240694716572762 42.933926582336426 11.637984842061991 24.746247619390491
leaf_count=76 39 48 30 36 95 29 30 54 40 33 30 89 37 56 49 45 47 53 38 102 67 67 106 48 64 173 50 73
internal_value=0.00301919 0.00333465 0.00359699 0.00336883 0.00439693 0.00299262 0.00479671 0.00293957 -0.00155444 0.00459358 -0.00882523 0.00129474 0.00280494 0.00158217 -0.00183792 0.0015736 0.00450134 0.00704215 -0.00470433 -0.00127813 0.00387371 0.0115334 0.0108329 0.00964231 0.00446144 -0.00187694 0.00194288 0.000272546
internal_weight=516.742 496.68 483.179 472.79 316.089 264.301 192.906 147.657 38.0399 20.5707 17.4692 156.701 105.727 91.9806 50.9736 28.3588 109.617 54.9961 20.0624 46.1933 39.1222 51.7882 45.2487 39.2697 45.7872 71.395 54.6212 36.3842
internal_count=1704 1627 1579 1549 1031 880 612 477 133 63 70 518 335 298 183 94 344 167 77 158 120 151 135 115 140 268 177 123
is_linear=0
shrinkage=0.0144862


Tree=100
num_leaves=25
num_cat=0
split_feature=0 0 3 0 0 2 2 0 0 3 3 3 3 3 0 2 0 2 2 0 0 0 0 2
split_gain=5.20788 13.3047 8.24762 6.5069 20.0631 6.52921 6.36076 4.72516 10.6183 6.41576 11.3806 4.38737 3.59983 3.30395 3.18072 3.07893 2.39502 1.63205 1.62503 1.52607 1.43229 3.25399 1.3785 1.33161
threshold=-0.36293145898140472 1.0000000180025095e-35 1.7724413147135019 -0.89842377837745824 -1.2326299864875967 0.81499198357074809 0.057542657545605544 0.1303845022848949 0.53564922200162013 -0.45773049097128432 0.26160392451939263 0.26160392451939263 0.46814851029914545 -0.52401811727297753 1.9491333991042434 1.4782987723741299 -0.78898986588778375 0.15045086667480623 -0.74937431280164934 0.66851444456337983 1.0583229136861065 1.4564283712933748 0.44263003055698064 -0.44487891645451161
decision_type=2 2 2 2 2 2 2 2 2 2 2 2 2 2 2 2 2 2 2 2 2 2 2 2
left_child=3 -2 7 4 6 12 18 11 22 13 -11 -3 17 14 -10 -8 -7 23 -1 -12 -15 -22 -9 -5
right_child=1 2 -4 5 -6 16 15 8 9 10 19 -13 -14 20 -16 -17 -18 -19 -20 -21 21 -23 -24 -25
leaf_value=-0.00047158527188169896 0.01341483976539477 0.0033790707898107191 -0.0092757732191012694 -0.0055504279866780354 0.015422514779979066 2.1798995347871429e-06 0.0066876465469550717 0.014747204347893816 0.0047001889120372713 0.016453637469559648 0.00029255342225685299 -0.0041040045545640219 0.0013058868840567913 -0.0055706829144036938 -0.0036471768877526273 -0.0028648204323376688 0.0087780504338536881 -0.0081110437501889978 -0.0082288564070490539 0.0054474360779034814 0.0048494467752415466 -0.0058872926077370748 0.0086464200518541496 -0.00076103334425652567
leaf_weight=8.1392147690057772 29.233806639909744 40.63708521425724 10.250506445765494 23.17025126516819 24.042236834764481 10.035767406225206 23.89785660803318 19.828901872038841 49.598064422607422 18.211290746927261 21.686049222946167 26.994311138987541 33.683916956186295 15.922530293464659 11.404299497604368 9.5040935426950437 16.88172909617424 18.448236167430878 16.925204232335091 26.158747032284737 12.747942149639131 10.330968797206877 12.854135587811468 25.005769103765488
leaf_count=26 83 131 41 87 64 34 68 56 156 52 74 100 117 60 38 32 49 74 71 78 41 37 38 97
internal_value=0.00298239 0.00418719 0.00320442 0.00122496 0.00438337 -0.00082824 -0.000178126 0.00369496 0.00481944 0.00333376 0.00682326 0.000395737 -0.00252883 0.00102036 0.00311399 0.00391871 0.00545552 -0.00447706 -0.00566299 0.00312887 -0.00225838 1.46787e-05 0.0123172 -0.00307502
internal_weight=515.593 305.859 276.625 209.734 82.5086 127.226 58.4664 266.374 198.743 166.06 66.0561 67.6314 100.308 100.004 61.0024 33.402 26.9175 66.6243 25.0644 47.8448 39.0014 23.0789 32.683 48.176
internal_count=1704 985 902 719 261 458 197 861 630 536 204 231 375 332 194 100 83 258 97 152 138 78 94 184
is_linear=0
shrinkage=0.0144862


Tree=101
num_leaves=29
num_cat=0
split_feature=1 4 1 1 1 1 1 1 1 4 4 4 4 0 1 4 4 4 4 0 4 0 0 0 0 0 0 0
split_gain=5.85316 5.60973 5.26262 4.00272 12.2063 22.6202 10.2657 11.8824 4.87177 4.74203 4.6756 3.43152 3.14578 2.81289 2.54281 1.87068 2.07776 1.43994 7.50567 2.50352 2.13657 3.30466 2.21021 3.15522 1.58476 3.25643 1.30641 2.3714
threshold=2.1137352703750172 2.1250364861237432 1.4140920485755559 -0.36979102111976109 -0.23380133559262892 0.43977337224892188 0.53178439119669474 1.3094291958364745 -0.99189156790407906 -1.0097167494323618 0.26543698238015412 -0.12388201523749372 -0.12388201523749372 -0.7083100669291934 -0.48979541740326532 -0.12388201523749372 0.26543698238015412 0.92007127330637772 0.81204465305063289 -0.20598741005048568 -0.91129731355121979 1.2149377170422428 1.0000000180025095e-35 0.20113937630584797 1.0583229136861065 1.0914303853726597 0.88778833908496113 0.53564922200162013
decision_type=2 2 2 2 2 2 2 2 2 2 2 2 2 2 2 2 2 2 2 2 2 2 2 2 2 2 2 2
left_child=1 2 3 8 26 10 11 -8 17 -9 -6 -7 -2 -10 -15 -11 -17 18 20 -19 21 -1 -22 -24 -25 -26 27 -5
right_child=12 -3 -4 4 5 6 7 9 13 15 -12 -13 -14 14 -16 16 -18 19 -20 -21 22 -23 23 24 25 -27 -28 -29
leaf_value=-0.0054465104206053621 0.00031724474503322083 -0.005810946303752668 0.013563048864669233 -0.0014399944599713618 0.015314857794993746 0.00035753541374416867 0.011835480927062702 -0.0098328540946250945 0.015641174573411271 0.0067150255905341705 0.0060636741851617928 -0.006357231013847932 -0.011035133100779125 0.0043628657723516484 0.011775309428878637 -0.0045283602663411205 0.0036103066760513947 0.0018134791054403459 -0.0080622877234776576 0.011742488653085199 0.0097639625293348669 0.0064654997576416269 -0.0040821122551603015 0.0080675081773841778 -0.0040205391070524 0.0068099472417049332 0.0008453956808244878 -0.0077477348644054049
leaf_weight=10.562536284327509 11.160403087735178 13.479351326823233 10.270504117012022 59.084171950817108 36.747424244880676 31.906745448708534 30.785609140992165 7.677894562482833 9.778235659003256 13.170439735054964 16.314450427889824 31.222275301814079 8.8391673266887647 25.7891062349081 15.102180346846582 11.219003900885587 14.745928272604941 9.9020646363496798 11.467635154724119 10.606624245643614 17.267506033182144 8.343430280685423 8.4218516051769239 22.602837726473808 8.9193785637617129 14.897720694541929 28.924976691603661 15.460520967841147
leaf_count=38 39 48 30 214 106 109 92 30 25 40 47 130 38 77 44 46 46 31 43 29 49 24 30 69 31 45 95 59
internal_value=0.00294468 0.0032554 0.00351391 0.00328905 0.00226771 0.00440961 0.00137428 0.00488967 0.00503454 0.000315094 0.0124378 -0.00295332 -0.00465664 0.00880057 0.00713355 0.00233425 9.78957e-05 0.00347799 0.00277166 0.00694445 0.00416042 -0.000124028 0.00529594 0.00387191 0.00534078 0.00274677 -0.00174214 -0.00276037
internal_weight=514.67 494.67 481.191 470.921 297.259 193.79 140.728 77.5989 173.661 46.8133 53.0619 63.129 19.9996 50.6695 40.8913 39.1354 25.9649 122.992 102.483 20.5087 91.0153 18.906 72.1093 54.8418 46.4199 23.8171 103.47 74.5447
internal_count=1704 1627 1579 1549 1014 646 493 254 535 162 153 239 77 146 121 132 92 389 329 60 286 62 224 175 145 76 368 273
is_linear=0
shrinkage=0.0144862


Tree=102
num_leaves=26
num_cat=0
split_feature=1 2 2 2 2 4 4 2 2 2 1 1 2 1 4 1 2 2 2 4 1 1 2 4 4
split_gain=5.69715 5.49236 12.5876 12.4127 9.59105 4.90007 8.40001 4.53016 3.82915 8.13228 3.44143 3.74328 3.26764 3.23803 3.11974 4.22172 2.99027 6.49307 2.46888 1.66483 1.82437 1.51628 1.48335 1.29541 5.8323
threshold=2.1137352703750172 -0.69972874731304169 1.0000000180025095e-35 0.031977609934829745 0.72059368467215046 -1.0904357891992069 -1.3439458341595358 1.0791826756702754 -0.74937431280164934 -1.2536974192686836 0.8893118293275043 -0.36979102111976109 1.0000000180025095e-35 -0.23380133559262892 0.10261202914880686 1.0000000180025095e-35 0.89442266433793904 1.3729082814080018 1.5120648737530427 -0.12388201523749372 0.065036890674015163 0.43977337224892188 0.93259231458760772 -0.12388201523749372 0.10261202914880686
decision_type=2 2 2 2 2 2 2 2 2 2 2 2 2 2 2 2 2 2 2 2 2 2 2 2 2
left_child=1 8 14 19 13 6 7 -6 9 10 11 -1 -2 -5 -3 -16 23 -18 -19 20 -4 -10 -8 -7 -25
right_child=12 2 3 4 5 16 22 -9 21 -11 -12 -13 -14 -15 15 -17 17 18 -20 -21 -22 -23 -24 24 -26
leaf_value=0.0025088273451365065 0.00065124318652849819 0.013728966593326574 -0.0026229266846349887 0.0064205740502242389 -0.0029215860314446363 0.0053598967827779374 -0.0048217926091283711 0.010443961311739823 0.00026115098000330104 0.0091645869402386827 0.0068607995630065397 -0.0052635278312472469 -0.010890468849693073 0.013989492535159688 0.010979965752706921 -0.0011091227258208931 0.01469855806629229 0.00047149507975942389 0.0076641261433313358 -0.0038748214041729365 0.0046445682227688537 -0.0039659424629605727 -0.013194316288534347 -0.0076750341978229619 0.0045042738936377702
leaf_weight=24.389935910701752 10.809881880879404 29.986473321914673 15.814565032720568 21.520975828170776 8.7906692922115344 18.570069804787636 9.2312878370285052 12.096720606088637 45.82377578318119 30.270669996738434 12.247518837451933 26.854863077402115 9.1643254756927472 25.938067182898521 17.133628532290462 8.7975061535835248 15.972488075494764 20.959806680679321 18.423127517104149 43.918198078870773 12.648254528641699 28.551488652825356 8.1676328331232053 11.581371337175367 25.93781478703022
leaf_count=73 37 92 55 65 30 55 38 34 157 87 35 95 40 79 47 28 48 70 51 179 40 111 32 50 76
internal_value=0.00290828 0.00321528 0.00431292 0.00301532 0.00489561 0.00309817 -0.00135072 0.00476102 0.00109079 0.00303088 9.53831e-05 -0.00155737 -0.00459567 0.0105457 0.0105446 0.00688513 0.00462862 0.00701043 0.00386256 -0.00210142 0.000596864 -0.00135889 -0.00871717 0.00227718 0.000723409
internal_weight=513.601 493.627 325.489 269.571 197.19 149.731 38.2863 20.8874 168.138 93.763 63.4923 51.2448 19.9742 47.459 55.9176 25.9311 111.445 55.3554 39.3829 72.381 28.4628 74.3753 17.3989 56.0893 37.5192
internal_count=1704 1627 1069 902 628 484 134 64 558 290 203 168 77 144 167 75 350 169 121 274 95 268 70 181 126
is_linear=0
shrinkage=0.0144862


Tree=103
num_leaves=33
num_cat=0
split_feature=4 4 4 4 2 2 0 2 2 0 0 0 4 4 4 4 2 4 4 4 0 0 4 4 0 0 0 0 2 0 0 4
split_gain=5.15832 17.2423 9.77023 9.58649 4.99372 4.06915 3.92209 4.67143 5.79193 3.70864 3.66621 3.23815 3.7137 3.07851 5.38239 3.03412 3.8629 5.64054 3.21724 8.33132 3.26815 3.24993 2.54394 4.0624 2.47902 2.27958 1.70825 1.61995 1.64122 1.32997 1.45061 1.23078
threshold=-0.12388201523749372 -0.57804390007765316 -0.10117990212194466 0.10261202914880686 0.057542657545605544 -0.96104490056638114 -1.401028123136814 1.0000000180025095e-35 -0.64270501345133713 -0.51025422056031999 -0.97085414654564228 -0.51025422056031999 1.0270923166762205 -1.6509421024785467 -1.5882449443731639 -1.3439458341595358 1.4782987723741299 -0.91129731355121979 -0.67355127501412004 -1.0904357891992069 -1.0000000180025095e-35 0.32358946385195947 0.81204465305063289 0.92007127330637772 0.53564922200162013 -0.51025422056031999 1.0583229136861065 -0.51025422056031999 0.15045086667480623 -0.20598741005048568 0.53564922200162013 0.81204465305063289
decision_type=2 2 2 2 2 2 2 2 2 2 2 2 2 2 2 2 2 2 2 2 2 2 2 2 2 2 2 2 2 2 2 2
left_child=1 5 9 -4 6 -1 -5 8 10 -2 -8 -12 29 -7 26 -16 18 -18 19 24 25 -22 -6 -24 -17 -20 -15 -3 -29 -13 -31 -9
right_child=2 27 3 4 22 13 7 31 -10 -11 11 12 -14 14 15 16 17 -19 20 -21 21 -23 23 -25 -26 -27 -28 28 -30 30 -32 -33
leaf_value=-0.0051709150207037121 -0.010867360411850147 0.018758260264232517 0.013495004946971267 -0.0075082398271829913 0.0077399075407175479 0.011253396512053886 0.0078988208472686554 -0.00072125643376832473 0.0095044245953861215 -0.0018474200965521556 -0.0064638934990813336 -0.0058180234066754089 0.0063580336087268405 -0.0094597606278054684 0.012108410748395 -0.0027607828043785948 -0.011230124870242492 0.0032416596186361662 0.0016237726907890602 0.013779108580459769 -0.0075204913078322977 0.0019192443955767377 -0.0057606041110927746 0.006662475878012406 0.0052128349230249607 0.011464016835868455 -0.00050823070350612426 0.01485531819384656 0.0077723876740589332 0.004488535119177686 -0.0018465539264054844 -0.006606788167272966
leaf_weight=12.302641391754149 11.550570100545881 9.2267511188983899 16.377286553382874 10.851180180907248 40.210954666137695 9.2470725327730161 13.742900267243384 14.084090456366541 20.947558984160423 48.304488375782967 13.469126790761946 9.5008364021778018 20.007277607917786 8.2113249003887194 8.1655691564083082 12.25292484462261 8.5906201899051666 14.656782895326614 8.8932231217622757 21.608195438981049 9.7128975540399676 30.500034302473068 8.8663486540317553 13.064598158001898 22.601269066333771 10.148307114839547 8.9849118888378126 15.495064646005632 12.198755770921705 10.851174324750906 22.663404554128647 15.177508339285849
leaf_count=43 53 26 49 40 115 25 41 51 59 185 49 35 59 32 24 49 33 45 29 67 36 96 32 37 71 29 30 46 41 34 77 66
internal_value=0.00287283 0.00452856 0.00159823 0.00295413 0.00213397 0.00273312 0.000713741 0.00136096 0.00271516 -0.00359688 0.00112441 -0.000115288 0.00125626 0.0033019 0.00284224 0.00373731 0.00323081 -0.00210931 0.00431073 0.00677742 0.00195793 -0.000380169 0.00557805 0.00164826 0.00241742 0.00683511 -0.00473104 0.0135181 0.0117684 -0.00112729 0.000212502 -0.00374955
internal_weight=512.466 222.796 289.669 229.814 213.437 185.876 151.295 140.444 111.182 59.8551 90.2347 76.4918 63.0227 173.573 164.326 147.13 138.964 23.2474 115.717 56.4624 59.2545 40.2129 62.1419 21.9309 34.8542 19.0415 17.1962 36.9206 27.6938 43.0154 33.5146 29.2616
internal_count=1704 722 982 744 695 609 511 471 354 238 295 254 205 566 541 479 455 78 377 187 190 132 184 69 120 58 62 113 87 146 111 117
is_linear=0
shrinkage=0.0144862


Tree=104
num_leaves=22
num_cat=0
split_feature=4 3 3 3 3 4 3 3 3 3 3 3 2 3 2 2 2 2 4 4 4
split_gain=5.03141 4.24166 15.0063 4.98517 9.58759 6.39859 4.18286 4.01379 23.3578 8.85622 5.91634 4.00598 3.40434 3.33001 2.60688 5.90373 2.50438 2.17113 1.97483 6.99198 1.24589
threshold=2.1250364861237432 1.7724413147135019 1.1363373556406191 0.96968499839693922 0.53389171656532852 -1.0097167494323618 1.9430900739760919 -0.45773049097128432 0.26160392451939263 -0.52401811727297753 -1.1079474925031649 0.46814851029914545 0.93259231458760772 -0.1351705938880626 0.15045086667480623 1.4782987723741299 -0.44487891645451161 0.58587400141658297 1.0000000180025095e-35 0.78703980624840864 -0.12388201523749372
decision_type=2 2 2 2 2 2 2 2 2 2 2 2 2 2 2 2 2 2 2 2 2
left_child=1 2 3 4 7 -5 -3 9 13 10 14 16 -12 -9 18 17 -10 -16 -1 -20 -7
right_child=-2 6 -4 5 -6 20 -8 8 11 -11 12 -13 -14 -15 15 -17 -18 -19 19 -21 -22
leaf_value=0.003249840069729558 -0.0057644982258019568 -0.0085141110017682743 0.016710781587193729 -0.010011420658041278 0.013532029894259452 0.0049876867291651153 0.0023318646902247215 0.017264738403462185 0.0024487270358616664 -0.0017981960415240008 0.0061455548079101764 0.0072924921970747379 0.015470209828417668 0.0097539090298538588 0.014410385147874851 -0.0026980879112555893 -0.0025477194303261787 0.0057549525910203896 -0.012187820446425286 0.0021730330358163325 -0.000563010148707865
leaf_weight=21.431144177913666 13.452148973941801 12.460591003298761 16.726824551820755 13.099538892507551 18.389283269643784 14.221970304846762 17.334639921784401 18.090776845812798 34.091230317950249 90.642793372273445 32.487331032752991 15.520035699009894 10.548723220825194 38.315069273114204 9.1883522868156451 13.862029939889906 53.570434093475342 16.446326971054077 10.046693965792658 21.784903034567833 19.743405804038048
leaf_count=69 48 51 47 53 55 44 55 53 112 330 99 45 29 112 26 46 199 49 39 71 72
internal_value=0.00283714 0.0030735 0.00341078 0.00291045 0.0034293 -0.00153182 -0.00218802 0.00294146 0.00469857 0.00170107 0.00403686 0.000608248 0.00845549 0.0121656 0.00198161 0.00478033 -0.000598972 0.0088744 -0.00010643 -0.00238878 0.0017525
internal_weight=511.454 498.002 468.207 451.48 404.415 47.0649 29.7952 386.026 159.588 226.438 135.796 103.182 43.0361 56.4058 92.7595 39.4967 87.6617 25.6347 53.2627 31.8316 33.9654
internal_count=1704 1656 1550 1503 1334 169 106 1279 521 758 428 356 128 165 300 121 311 75 179 110 116
is_linear=0
shrinkage=0.0144862


Tree=105
num_leaves=28
num_cat=0
split_feature=1 1 4 1 1 1 1 1 4 1 4 0 0 0 4 4 4 4 0 4 0 4 4 0 1 0 0
split_gain=5.49513 5.28827 5.00173 3.67925 11.2619 21.3459 9.47073 11.1586 4.6541 4.58862 4.55553 3.52831 5.09588 5.28315 3.29974 3.03962 2.32209 4.16819 1.88933 4.93359 3.12343 1.71067 1.97614 1.63762 1.61032 1.24821 2.293
threshold=2.1137352703750172 1.4140920485755559 2.1250364861237432 -0.36979102111976109 -0.23380133559262892 0.43977337224892188 0.53178439119669474 1.3094291958364745 0.26543698238015412 -0.48979541740326532 -1.0097167494323618 -0.56066171805965881 -0.36293145898140472 1.0000000180025095e-35 -0.12388201523749372 -0.12388201523749372 1.0715918975304104 0.63210246353473143 1.0914303853726597 -0.10117990212194466 1.0234850735898584 -0.12388201523749372 0.26543698238015412 1.9491333991042434 -0.99189156790407906 0.88778833908496113 0.53564922200162013
decision_type=2 2 2 2 2 2 2 2 2 2 2 2 2 2 2 2 2 2 2 2 2 2 2 2 2 2 2
left_child=1 2 3 9 25 8 14 -8 -6 11 -9 24 -13 -14 -7 -2 17 18 19 20 -15 -12 -23 -20 -1 26 -5
right_child=15 -3 -4 4 5 6 7 10 -10 -11 21 12 13 16 -16 -17 -18 -19 23 -21 -22 22 -24 -25 -26 -27 -28
leaf_value=0.0059774633097082561 0.00031094499609944545 0.013290919903791621 -0.0056847765091631881 -0.0013928556783004992 0.015039975152783823 0.00037343971769937366 0.011516156385464871 -0.0097053253547589036 0.0057403179577121734 0.012093825743636802 0.0064518954802056097 -0.0052539040545130002 0.014308056436211544 0.00087309018188205106 -0.0062217260287519742 -0.010882204253764471 0.0095614836269338789 -0.007002765316770956 0.0087707280873457194 0.0075433850043019387 -0.0091269863273292073 -0.0044175084576895639 0.0035335558170450795 0.0014497403722423833 0.012872470742326173 0.00083450960780066656 -0.0076051439536245482
leaf_weight=19.168389871716499 11.116578027606012 10.050838217139242 13.445278882980345 58.929570779204369 35.856494545936584 31.866280525922775 30.110018834471703 7.636348918080329 16.128100499510765 16.058750405907631 13.104428991675372 13.595602229237555 9.1261910498142225 28.534491211175911 31.061387240886688 8.7697954475879651 9.9719152450561506 8.6235057115554792 19.081292599439625 19.834006845951087 8.0348461568355543 11.158119693398481 14.730743452906607 9.1951587349176389 10.902107790112497 28.896763071417809 15.409821003675459
leaf_count=56 39 30 48 214 106 109 92 30 47 47 40 49 25 96 130 38 28 31 56 60 29 46 46 29 29 95 59
internal_value=0.0028022 0.00310495 0.00288636 0.00313727 0.00215459 0.00422936 0.00128346 0.00468623 0.012122 0.00481865 0.000268815 0.0040589 0.00299216 0.00400258 -0.00287251 -0.00458338 0.00306675 0.00235171 0.00332682 0.00179753 -0.00134659 0.0022505 0.000110341 0.00636117 0.00848434 -0.00169548 -0.00269259
internal_weight=510.397 490.51 480.46 467.014 294.888 191.652 139.667 76.7397 51.9846 172.126 46.6296 156.068 125.997 112.401 62.9277 19.8864 103.275 93.3033 84.6798 56.4033 36.5693 38.9933 25.8889 28.2765 30.0705 103.236 74.3394
internal_count=1704 1627 1597 1549 1014 646 493 254 153 535 162 488 403 354 239 77 329 301 270 185 125 132 92 85 85 368 273
is_linear=0
shrinkage=0.0144862


Tree=106
num_leaves=21
num_cat=0
split_feature=1 1 2 2 2 2 3 2 2 2 3 2 1 2 2 2 3 1 2 1
split_gain=5.34894 5.18996 4.7584 11.9094 10.3694 8.48352 4.23491 3.64804 8.03282 3.91017 3.32113 3.17454 2.89252 2.72421 2.28674 2.47128 2.16364 1.46282 1.31966 1.28833
threshold=2.1137352703750172 1.4140920485755559 -0.69972874731304169 1.0000000180025095e-35 0.031977609934829745 0.72059368467215046 1.7724413147135019 0.89442266433793904 1.3729082814080018 1.5120648737530427 -0.45773049097128432 1.0000000180025095e-35 -0.99189156790407906 -0.44487891645451161 -0.74937431280164934 -1.0134760443179285 0.26160392451939263 1.0000000180025095e-35 2.3318088481973098 0.065036890674015163
decision_type=2 2 2 2 2 2 2 2 2 2 2 2 2 2 2 2 2 2 2 2
left_child=1 2 6 13 19 12 10 -7 -9 -10 14 -2 -6 -4 15 -1 -12 -15 -11 -5
right_child=11 -3 3 4 5 7 -8 8 9 18 16 -13 -14 17 -16 -17 -18 -19 -20 -21
leaf_value=-0.0003113186726699487 0.00065482505100106507 0.013193022551332534 0.016138904367294971 -0.0035777882129506616 0.0028761101531327789 0.000435046788683909 -0.0073624550205447954 0.013320532645550701 -0.0015848172857815279 0.003689057190332481 0.0077972593099191485 -0.010754981963579973 0.011821602351364754 0.010897554617184363 -0.0031057576686729944 0.0080166542878588997 0.0022225397537520009 0.0052950009780645168 0.010096261218555691 0.00036288838743814235
leaf_weight=27.270869076251984 10.765919700264933 9.9815191775560361 12.24940440058708 43.844958931207657 9.3176235854625684 72.955748215317726 11.78561048209667 17.937454491853714 27.456248715519905 17.972087755799297 19.086448982357979 9.0950952619314176 35.30906917154789 21.47010213136673 38.656048074364662 9.7684752792119962 58.054285258054733 17.715211242437363 10.292546972632406 28.326783806085587
leaf_count=89 37 30 37 167 30 247 45 56 96 52 55 40 108 62 142 28 191 57 28 107
internal_value=0.00276776 0.00306691 0.00285065 0.00389336 0.00264828 0.00441105 0.000856216 0.00272893 0.00499366 0.00228729 0.00149972 -0.0045234 0.00991566 0.0102431 -0.000649243 0.00190269 0.00360953 0.00838555 0.00602896 -0.00201775
internal_weight=509.312 489.45 479.469 314.847 263.413 191.241 164.622 146.614 73.6583 55.7209 152.836 19.861 44.6267 51.4347 75.6954 37.0393 77.1407 39.1853 28.2646 72.1717
internal_count=1704 1627 1597 1047 891 617 550 479 232 176 505 77 138 156 259 117 246 119 80 274
is_linear=0
shrinkage=0.0144862


Tree=107
num_leaves=34
num_cat=0
split_feature=4 4 4 4 3 3 2 2 4 4 4 2 2 4 4 3 3 2 2 4 4 4 2 2 3 2 2 4 2 4 4 3 2
split_gain=4.8799 17.8795 8.49846 9.14647 4.91743 3.96954 3.96397 3.28839 6.49387 2.98481 5.06131 2.81687 2.81571 3.8141 6.58045 3.59787 4.14907 3.061 2.29109 5.87011 5.79184 6.31552 5.28709 3.60664 1.93612 1.51218 2.80499 2.82371 2.25631 1.71822 1.46285 1.46095 1.30331
threshold=-0.19473967275523335 -0.57804390007765316 -0.10117990212194466 0.10261202914880686 -0.39637255817794798 -0.066753148546350963 -0.96104490056638114 0.15045086667480623 0.78703980624840864 -1.6509421024785467 -1.5882449443731639 1.4782987723741299 1.4782987723741299 -0.67355127501412004 -1.0904357891992069 0.96968499839693922 -0.39637255817794798 1.6847929662011427 -1.2536974192686836 1.1757980732605351 0.92007127330637772 0.81204465305063289 -0.3262777788761167 0.22184729476744922 0.46814851029914545 -0.87436949230096472 -0.59504994101289455 0.78703980624840864 1.0000000180025095e-35 1.2391382024602493 0.81204465305063289 0.53389171656532852 1.0000000180025095e-35
decision_type=2 2 2 2 2 2 2 2 2 2 2 2 2 2 2 2 2 2 2 2 2 2 2 2 2 2 2 2 2 2 2 2 2
left_child=1 6 11 -4 7 -6 -1 25 -9 -8 -11 32 13 14 15 16 -12 -14 19 -7 21 22 -20 -24 -15 29 27 -27 -28 -5 -30 -3 -2
right_child=2 31 3 4 5 18 9 8 -10 10 12 -13 17 24 -16 -17 -18 -19 20 -21 -22 -23 23 -25 -26 26 28 -29 30 -31 -32 -33 -34
leaf_value=-0.0052096505579862645 -0.0021660430080231909 0.011806491535583054 0.013210224244901876 -0.0032281770823357533 0.010547177328225925 0.0055833561844302769 0.011036139695769038 0.0078907887745739182 -0.0047786186066671012 -0.0046349232790429389 -0.00067865594755120678 0.0034123209158742718 -0.0064228902865161343 -5.6927892558627342e-05 0.013517326866900723 -0.0021714026929418265 0.010959439037480263 0.0036524041080494797 0.011235577786849086 -0.010608492149426219 0.011702657802439228 -0.0073364049819817515 -0.0070683256031452042 0.0058658109773953252 0.0053896398767753258 -0.01357340831142954 0.0052772893801372664 -0.0031956750936918219 0.0015839288085483844 0.0045105983298358542 -0.0059885179285138739 0.018168413624969636 -0.0067645032156672781
leaf_weight=12.263180792331694 23.930261805653572 21.473122656345367 16.007343128323555 9.6762613505125064 17.695123717188835 10.271523356437685 9.1512465327978116 24.34052000939846 12.459493204951285 17.149198830127716 9.6948305517435021 10.702689051628111 11.044684842228891 38.395921975374229 21.063485726714127 14.294261187314985 17.164172694087036 13.654409825801848 14.706432595849039 7.9131060242652884 16.127959027886391 11.615428313612936 8.451095864176752 8.7681555300950986 20.702962756156921 7.9626006036996868 10.431880801916124 15.998585239052771 8.8312820047140139 14.36016860604286 12.442949637770651 11.909703150391577 27.687683761119843
leaf_count=43 92 68 49 33 50 29 25 71 43 62 33 34 42 126 67 54 53 40 42 28 46 45 32 25 64 33 30 60 31 43 54 36 121
internal_value=0.00273322 0.00436997 0.00150356 0.00279728 0.00199957 0.00442876 0.00260601 3.52295e-06 0.00356124 0.00317056 0.00271706 -0.00322148 0.00359025 0.00449734 0.00699331 0.00363421 0.0067178 -0.000829001 0.00302373 -0.00142775 0.00438673 0.00164897 0.0049451 -0.00042454 0.00186768 -0.0016491 -0.00295926 -0.0066715 -0.000147338 0.00135773 -0.00281732 0.0140626 -0.00463349
internal_weight=508.342 217.961 290.381 228.06 212.053 95.5488 184.578 116.504 36.8 172.315 163.164 62.3206 146.015 121.316 62.2168 41.1533 26.859 24.6991 77.8537 18.1846 59.6691 43.5411 31.9257 17.2193 59.0989 79.7037 55.6673 23.9612 31.7061 24.0364 21.2742 33.3828 51.6179
internal_count=1704 713 991 744 695 297 609 398 114 566 541 247 479 397 207 140 86 82 247 57 190 144 99 57 190 284 208 93 115 76 85 104 213
is_linear=0
shrinkage=0.0144862


Tree=108
num_leaves=34
num_cat=0
split_feature=4 4 4 4 3 3 2 2 4 2 4 4 2 4 4 3 3 2 2 4 4 4 2 2 3 3 3 2 2 4 2 4 4
split_gain=4.75702 16.1609 8.73686 8.97472 4.79022 3.88631 3.85648 3.1974 6.31988 2.99771 2.91334 4.92434 2.73959 3.72961 6.49677 3.49705 4.03649 2.9793 2.23061 5.71167 5.6518 6.1453 5.14933 3.50891 1.88057 1.86904 1.57164 1.47109 2.72993 2.7601 2.19642 1.67005 1.42572
threshold=-0.12388201523749372 -0.57804390007765316 -0.10117990212194466 0.10261202914880686 -0.39637255817794798 -0.066753148546350963 -0.96104490056638114 0.15045086667480623 0.78703980624840864 1.4782987723741299 -1.6509421024785467 -1.5882449443731639 1.4782987723741299 -0.67355127501412004 -1.0904357891992069 0.96968499839693922 -0.39637255817794798 1.6847929662011427 -1.2536974192686836 1.1757980732605351 0.92007127330637772 0.81204465305063289 -0.3262777788761167 0.22184729476744922 0.46814851029914545 0.61794179435526442 -0.1351705938880626 -0.87436949230096472 -0.59504994101289455 0.78703980624840864 1.0000000180025095e-35 1.2391382024602493 0.81204465305063289
decision_type=2 2 2 2 2 2 2 2 2 2 2 2 2 2 2 2 2 2 2 2 2 2 2 2 2 2 2 2 2 2 2 2 2
left_child=1 6 9 -4 7 -6 -1 27 -9 -2 -8 -12 13 14 15 16 -13 -14 19 -7 21 22 -20 -24 -15 26 -3 31 29 -29 -30 -5 -32
right_child=2 25 3 4 5 18 10 8 -10 -11 11 12 17 24 -16 -17 -18 -19 20 -21 -22 -23 23 -25 -26 -27 -28 28 30 -31 32 -33 -34
leaf_value=-0.0051378641311795948 -0.0049803430903484864 0.013795380787091659 0.013114555440847834 -0.0031840509670426915 0.010445446078672102 0.0055071314271924413 0.010912306403862855 0.0077905888203127546 -0.0047117000036491861 0.0033608520733224702 -0.0045737436920821545 -0.0006710361120189286 -0.0063427336188430876 -5.6244420638902886e-05 0.01342897404603215 -0.0021418071020082503 0.010809639446406919 0.0036040304540593615 0.01109711945059929 -0.010471313629153196 0.011571903953750467 -0.0072404498219351071 -0.0069720961123157857 0.0057915755005695643 0.0053112991125225514 0.018145450834934823 0.0063564946246516653 -0.013423672750666022 0.005213853996177153 -0.0031513284762060305 0.0015614308408747274 0.0044461389620907175 -0.0059170107584960918
leaf_weight=12.259429320693014 48.876469448208809 15.317343980073927 15.89079228043556 9.6732646971941012 17.613464370369911 10.267677545547487 9.1237811446189863 24.299113005399704 12.459031388163565 10.709021076560019 17.132069125771523 9.69447317719459 11.025491163134577 38.395707353949554 20.897383570671074 14.289666995406149 17.151920139789588 13.641480967402456 14.676852643489839 7.9036898910999289 16.076643228530884 11.603136569261549 8.4470466077327746 8.7556863427162153 20.706743761897087 10.918037846684454 9.5335688740015048 7.9367281198501614 10.409318879246714 15.987438946962355 8.8353188782930392 14.360176920890806 12.412973955273626
leaf_count=43 204 48 49 33 50 29 25 71 43 34 62 33 42 126 67 54 53 40 42 28 46 45 32 25 64 33 32 33 30 60 31 43 54
internal_value=0.00269961 0.00430064 0.0014716 0.00276263 0.00197392 0.0043746 0.00257194 3.30135e-06 0.00351361 -0.0034494 0.00312952 0.0026815 0.0035436 0.00443908 0.00691275 0.00358269 0.00662356 -0.000818251 0.002985 -0.00140835 0.00433168 0.0016272 0.00488142 -0.000418807 0.00184063 0.0131574 0.0109701 -0.00162717 -0.00292105 -0.00658584 -0.000144744 0.00133805 -0.00277997
internal_weight=507.281 220.087 287.194 227.608 211.718 95.3442 184.318 116.373 36.7581 59.5855 172.059 162.935 145.803 121.136 62.0334 41.1361 26.8464 24.667 77.7307 18.1714 59.5594 43.4827 31.8796 17.2027 59.1025 35.769 24.8509 79.6152 55.5818 23.9242 31.6576 24.0334 21.2483
internal_count=1704 722 982 744 695 297 609 398 114 238 566 541 479 397 207 140 86 82 247 57 190 144 99 57 190 113 80 284 208 93 115 76 85
is_linear=0
shrinkage=0.0144862


Tree=109
num_leaves=29
num_cat=0
split_feature=1 1 2 2 2 2 2 2 0 2 2 2 2 1 2 0 1 1 0 0 0 1 0 1 2 1 0 0
split_gain=5.18389 5.00236 4.47683 11.312 9.60594 8.13981 3.49859 7.72837 5.98931 3.67102 3.0897 2.87648 7.68595 2.87236 2.74646 2.70333 2.50189 3.63191 2.38047 1.94366 1.85945 1.68925 1.56967 1.46479 1.29781 1.24164 1.2117 1.63039
threshold=2.1137352703750172 1.4140920485755559 -0.69972874731304169 1.0000000180025095e-35 0.031977609934829745 0.72059368467215046 0.89442266433793904 1.3729082814080018 -0.89842377837745824 1.5120648737530427 1.0000000180025095e-35 -0.74937431280164934 -1.2536974192686836 -0.23380133559262892 -0.44487891645451161 1.0583229136861065 0.8893118293275043 -0.36979102111976109 0.66851444456337983 0.50571348268548044 0.20113937630584797 -1.0000000180025095e-35 -0.27665448525149644 0.43977337224892188 2.3318088481973098 0.065036890674015163 1.0583229136861065 -1.0000000180025095e-35
decision_type=2 2 2 2 2 2 2 2 2 2 2 2 2 2 2 2 2 2 2 2 2 2 2 2 2 2 2 2
left_child=1 2 11 14 25 13 8 -8 -7 -9 -2 12 16 20 -4 23 17 -1 -10 21 -6 -16 -15 -13 -11 -5 27 -19
right_child=10 -3 3 4 5 6 7 9 18 24 -12 15 -14 22 19 -17 -18 26 -20 -21 -22 -23 -24 -25 -26 -27 -28 -29
leaf_value=0.0023677105823882937 0.0005900408324483222 0.012985221955373926 0.015985866358401206 -0.0034740989297738245 0.0016225791783243866 0.0086981344027800798 0.013106948460666481 -0.0015496041757855554 -0.0030876199862318455 0.0035169774691526023 -0.010689205151258693 -0.00096878285285603076 0.0087528896702887254 0.0089965685204919654 0.0097537122519979931 0.0021992335634893087 0.0059287772340746517 -0.0081055501079781139 0.0042357424412924841 0.01373947931579461 0.01009849650129554 0.0028724155225032613 0.016596223976647534 -0.0061138669932596177 0.0098893166501068646 0.00039885493491103875 -0.010171928233139085 0.00021869400263129174
leaf_weight=24.251729965209961 10.731094613671305 9.8101874589920026 12.010668724775313 43.705735400319099 10.656150922179224 14.138868659734724 17.58480666577816 27.419834926724434 47.510778337717056 17.896142274141315 9.0518886595964414 23.643796920776367 28.283342093229294 10.213240534067156 14.327158287167547 28.265380829572678 10.672049358487127 8.3052294254302996 11.158373922109602 9.3926442712545377 10.291353002190588 14.94858853518963 12.810707509517668 22.240434229373932 10.216994687914847 28.278364986181259 7.4453536719083777 10.954226180911066
leaf_count=73 37 30 37 167 33 38 56 96 176 52 40 85 83 32 41 91 31 30 33 29 32 49 41 92 28 107 29 36
internal_value=0.00266648 0.00296221 0.00275043 0.00376681 0.00255436 0.00425973 0.00261451 0.00484353 0.000368869 0.00220093 -0.00452503 0.000813894 0.00254945 0.00969762 0.0100055 -0.0012942 -0.000308021 -0.00165026 -0.0016716 0.0081329 0.00584507 0.00626992 0.0132229 -0.00346099 0.00583987 -0.0019397 -0.00530978 -0.0034113
internal_weight=506.215 486.432 476.622 312.56 261.881 189.897 145.926 73.1178 72.808 55.533 19.783 164.062 89.9119 43.9715 50.6791 74.1496 61.6286 50.9565 58.6692 38.6684 20.9475 29.2757 23.0239 45.8842 28.1131 71.9841 26.7048 19.2595
internal_count=1704 1627 1597 1047 891 617 479 232 247 176 77 550 282 138 156 268 199 168 209 119 65 90 73 177 80 274 95 66
is_linear=0
shrinkage=0.0144862


Tree=110
num_leaves=28
num_cat=0
split_feature=1 4 1 1 1 1 1 1 4 4 1 0 0 0 4 4 4 4 0 4 0 4 4 0 0 0 0
split_gain=5.04663 5.01235 4.67338 3.36654 10.2069 20.0677 8.68632 10.3833 4.62539 4.45979 4.31489 3.29246 4.79464 5.03991 3.13208 2.99184 2.28533 3.96925 1.81904 4.70173 3.00999 1.595 1.85538 1.55795 1.41927 1.21655 2.21298
threshold=2.1137352703750172 2.1250364861237432 1.4140920485755559 -0.36979102111976109 -0.23380133559262892 0.43977337224892188 0.53178439119669474 1.3094291958364745 0.26543698238015412 -1.0097167494323618 -0.48979541740326532 -0.56066171805965881 -0.36293145898140472 1.0000000180025095e-35 -0.12388201523749372 -0.12388201523749372 1.0715918975304104 0.63210246353473143 1.0914303853726597 -0.10117990212194466 1.0234850735898584 -0.12388201523749372 0.26543698238015412 1.9491333991042434 -1.0977088082255226 0.88778833908496113 0.53564922200162013
decision_type=2 2 2 2 2 2 2 2 2 2 2 2 2 2 2 2 2 2 2 2 2 2 2 2 2 2 2
left_child=1 2 3 10 25 8 14 -8 -6 -9 11 24 -13 -14 -7 -2 17 18 19 20 -15 -11 -23 -20 -1 26 -5
right_child=15 -3 -4 4 5 6 7 9 -10 21 -12 12 13 16 -16 -17 -18 -19 23 -21 -22 22 -24 -25 -26 -27 -28
leaf_value=0.004014197310653631 0.00039502469433798354 -0.0056718693270979377 0.012888735262042681 -0.0013524406015553631 0.014741775818093345 0.0003451163562418075 0.011154893809940733 -0.0096723823859863264 0.00538511310074448 0.0062497567187236097 0.011729542473427565 -0.0052019188112380861 0.013991378461173015 0.00074437034587996297 -0.0060906115334238339 -0.010749359274964893 0.0093524227810746381 -0.0069751666547056617 0.0084969172884697425 0.0072767077031940242 -0.0090947438320851046 -0.0042967494350333426 0.003424767077784299 0.0013311286813143871 0.010538716653743488 0.00085499548888344045 -0.0074676991700249632
leaf_weight=10.7230621278286 11.067435070872309 13.39358079433441 9.7424773424863798 58.713585093617439 34.835991382598877 31.837844029068947 29.323746636509895 7.6136473566293708 15.897909566760061 13.01413688063621 15.658712536096571 13.530179187655447 8.9123618602752668 28.297976255416863 30.892041563987732 8.6874089539051038 9.9056708067655546 8.5771559476852399 18.846070483326915 19.585901185870178 8.0071721225976926 11.087728708982473 14.700270071625708 9.1526733040809614 18.934009328484535 28.83907912671566 15.345934897661207
leaf_count=32 39 48 30 214 106 109 92 30 47 40 47 49 25 96 130 38 28 31 56 60 29 46 46 29 53 95 59
internal_value=0.00263417 0.0029264 0.0031747 0.00296434 0.00202033 0.00401445 0.00116218 0.00445141 0.0117769 0.000208582 0.00458252 0.00384698 0.0028135 0.00380083 -0.00281528 -0.00446641 0.00288904 0.00217589 0.0031337 0.00162685 -0.00144822 0.00217664 0.000108265 0.0061262 0.00815333 -0.00164482 -0.00263139
internal_weight=505.124 485.369 471.975 462.233 292.102 189.203 138.469 75.7395 50.7339 46.4158 170.131 154.472 124.815 111.285 62.7299 19.7548 102.373 92.4669 83.8898 55.891 36.3051 38.8021 25.788 27.9987 29.6571 102.899 74.0595
internal_count=1704 1627 1579 1549 1014 646 493 254 153 162 535 488 403 354 239 77 329 301 270 185 125 132 92 85 85 368 273
is_linear=0
shrinkage=0.0144862


Tree=111
num_leaves=27
num_cat=0
split_feature=1 4 1 2 2 2 2 4 4 2 2 1 1 1 1 2 2 2 2 1 4 2 2 2 4 4
split_gain=4.91212 4.87895 4.58762 3.94125 12.6096 8.44108 8.57753 4.36614 7.33565 4.00298 3.03857 2.95595 4.23804 3.27794 3.02917 2.92562 2.81544 5.73859 2.69975 2.33861 1.99264 1.86854 1.45838 1.30575 1.26336 4.58812
threshold=2.1137352703750172 2.1250364861237432 1.4140920485755559 -0.69972874731304169 1.0000000180025095e-35 0.031977609934829745 0.72059368467215046 -1.0904357891992069 -1.3439458341595358 1.0791826756702754 1.0000000180025095e-35 0.43977337224892188 -0.23380133559262892 -0.58612781837144456 0.53178439119669474 -0.44487891645451161 0.89442266433793904 1.3729082814080018 -0.92478234282008265 -0.23380133559262892 0.10261202914880686 1.5120648737530427 0.93259231458760772 -0.74937431280164934 -0.12388201523749372 0.10261202914880686
decision_type=2 2 2 2 2 2 2 2 2 2 2 2 2 2 2 2 2 2 2 2 2 2 2 2 2 2
left_child=1 2 3 11 15 -6 19 8 9 -8 -2 12 13 23 -13 -5 24 -18 -15 -7 -17 -19 -10 -1 -9 -26
right_child=10 -3 -4 4 5 6 7 16 22 -11 -12 14 -14 18 -16 20 17 21 -20 -21 -22 -23 -24 -25 25 -27
leaf_value=0.0061647597189513851 0.00066266783975701298 -0.0055946593485357949 0.012793989492128585 0.016882201963931937 -0.0016470385250379994 0.0062915579795946282 -0.0030205115881236692 0.0047651847781424259 -0.0047118408170422985 0.0097186945410493893 -0.010539275692825733 -0.0057800689615261072 0.0099646482994276801 -0.0062004573191984536 0.0013187605546088846 0.011539793040572604 0.013974701391296623 0.00052303133769469813 0.0011208081921362573 0.013075408564645095 0.004816091073047717 0.0068522778641118293 -0.013047983408332952 0.001227469283904962 -0.0073298490661284806 0.0036125663083116694
leaf_weight=26.081287667155266 10.720548391342165 13.386627972126005 9.6752179712057096 11.596793144941328 70.842207670211792 19.848762333393097 8.7280828058719653 18.054926246404648 9.1913521289825457 11.426929637789724 9.0091532319784147 22.357974216341972 13.220185771584509 15.79379634559154 27.891411691904068 20.96166156232357 14.655159801244734 20.920828238129616 29.90966181457043 22.699981972575188 16.184451267123222 17.678722783923149 8.0677071809768659 19.206350609660149 11.43508695065975 24.52495439350605
leaf_count=76 37 48 30 36 268 62 30 54 38 33 40 89 37 56 94 67 47 70 102 73 48 50 32 64 50 73
internal_value=0.00260168 0.0028904 0.00313585 0.00292769 0.00387705 0.0026006 0.00420933 0.002529 -0.00171039 0.00414725 -0.00440796 0.00104164 0.00242824 0.00131559 -0.00183382 0.0106056 0.00400991 0.00636615 -0.00141078 0.0098988 0.00863017 0.00344714 -0.00857847 0.00406161 0.00168633 0.000112998
internal_weight=504.07 484.34 470.953 461.278 306.818 258.075 187.232 144.684 37.4141 20.155 19.7297 154.461 104.211 90.9911 50.2494 48.7429 107.27 53.2547 45.7035 42.5487 37.1461 38.5996 17.2591 45.2876 54.015 35.96
internal_count=1704 1627 1579 1549 1031 880 612 477 133 63 77 518 335 298 183 151 344 167 158 135 115 120 70 140 177 123
is_linear=0
shrinkage=0.0144862


Tree=112
num_leaves=35
num_cat=0
split_feature=4 4 4 4 3 2 3 2 4 4 4 4 2 4 4 4 2 2 4 4 4 2 2 3 3 3 3 2 2 4 2 4 4 2
split_gain=4.48923 16.868 7.57288 8.58246 4.5341 3.71531 3.71251 2.94787 6.07987 2.81199 4.72111 2.69966 3.49946 5.33209 2.87075 7.30089 2.63293 2.07582 5.47996 5.47398 5.88804 5.02827 3.32963 1.85262 1.81437 1.63947 1.48504 1.43665 2.62008 2.73745 1.93695 1.6093 1.38279 1.2305
threshold=-0.19473967275523335 -0.57804390007765316 -0.10117990212194466 0.10261202914880686 -0.39637255817794798 -0.96104490056638114 -0.066753148546350963 0.15045086667480623 0.78703980624840864 -1.6509421024785467 -1.5882449443731639 -1.3439458341595358 1.4782987723741299 -0.91129731355121979 -0.67355127501412004 -1.0904357891992069 1.4782987723741299 -1.2536974192686836 1.1757980732605351 0.92007127330637772 0.81204465305063289 -0.3262777788761167 0.22184729476744922 0.96968499839693922 0.46814851029914545 1.0000000180025095e-35 0.53389171656532852 -0.87436949230096472 -0.59504994101289455 0.78703980624840864 1.0000000180025095e-35 1.2391382024602493 0.81204465305063289 1.0000000180025095e-35
decision_type=2 2 2 2 2 2 2 2 2 2 2 2 2 2 2 2 2 2 2 2 2 2 2 2 2 2 2 2 2 2 2 2 2 2
left_child=1 5 16 -4 7 -1 -6 27 -9 -7 -11 -12 14 -14 15 23 33 18 -8 20 21 -19 -23 25 -16 -13 -3 31 29 -29 -30 -5 -32 -2
right_child=2 26 3 4 6 9 17 8 -10 10 11 12 13 -15 24 -17 -18 19 -20 -21 -22 22 -24 -25 -26 -27 -28 28 30 -31 32 -33 -34 -35
leaf_value=-0.0051363784981162007 -0.0020597162586671954 0.011434626743331571 0.012862082225722243 -0.0031537489050647758 0.010175234948343001 0.010689590523023412 0.0053778986670605222 0.0075373182794237388 -0.0047564798390641325 -0.0045544235286053289 0.011477905051397206 8.4990422661305489e-05 -0.011113377482224374 0.003047161038859888 -0.00011018955146340406 0.013162305822623215 0.0033235182140505994 0.010855726154441277 -0.010292899715744555 0.011313000231436228 -0.0072263607765680089 -0.0069693056643912923 0.0055079719031280207 -0.0019502173225019158 0.0051708769684966176 0.008084740124695863 0.017952587795399461 -0.0133498618775326 0.0048766577291763308 -0.0030964057489274127 0.0016097470875721964 0.0043484782166142997 -0.0057658244935856048 -0.0065442219376369544
leaf_weight=12.222573980689047 23.800944820046425 20.841254144906998 15.531456932425497 9.6422902494668978 17.355632841587067 9.0270030796527845 10.241278365254404 24.052178949117661 12.428138062357901 17.100514069199562 7.810913771390914 8.5643629282712954 8.4866796731948853 14.509894698858261 38.296990230679519 20.351457342505448 10.706325903534887 14.529089748859404 7.8837379664182654 15.886340230703352 11.543546244502066 8.401249855756765 8.6784995049238187 13.04834723472595 20.627603709697723 12.97227008640766 11.470938369631765 7.89504146575928 10.280933797359468 15.932747244834898 8.8238813132047671 14.312557637691496 12.347655504941939 27.422648310661316
leaf_count=43 92 68 49 33 50 25 29 71 43 62 24 29 33 45 126 67 34 42 28 46 45 32 25 50 64 41 36 33 30 60 31 43 54 121
internal_value=0.00256963 0.00415001 0.0013857 0.00261496 0.00184662 0.00244685 0.00419401 -7.35195e-05 0.00331028 0.0029973 0.0025563 0.003406 0.00293109 -0.00217662 0.00396965 0.00634423 -0.00308704 0.002835 -0.00140612 0.00414292 0.00147532 0.0046783 -0.000573366 0.00231239 0.00175343 0.00487488 0.0137353 -0.00164221 -0.00292515 -0.00652112 -0.000194514 0.00129231 -0.00266561 -0.00446133
internal_weight=503.027 215.331 287.696 225.766 210.235 183.019 94.5194 115.715 36.4803 170.796 161.769 144.669 136.858 22.9966 113.861 54.9364 61.9299 77.1637 18.125 59.0387 43.1524 31.6088 17.0797 34.585 58.9246 21.5366 32.3122 79.2351 55.2803 23.8278 31.4525 23.9548 21.1715 51.2236
internal_count=1704 713 991 744 695 609 297 398 114 566 541 479 455 78 377 187 247 247 57 190 144 99 57 120 190 70 104 284 208 93 115 76 85 213
is_linear=0
shrinkage=0.0144862


Tree=113
num_leaves=27
num_cat=0
split_feature=1 1 2 2 2 2 2 2 0 2 2 1 2 1 0 0 0 1 0 0 0 0 0 0 0 1
split_gain=4.77999 4.68656 4.13251 10.488 8.73445 7.59684 3.2459 7.30514 5.68534 3.49361 2.96108 2.82521 2.74375 2.66497 5.17104 2.93017 3.72604 2.77589 2.33623 1.9757 1.95664 2.35009 1.94549 1.74956 4.43209 1.7107
threshold=2.1137352703750172 1.4140920485755559 -0.69972874731304169 1.0000000180025095e-35 0.031977609934829745 0.72059368467215046 0.89442266433793904 1.3729082814080018 -0.89842377837745824 2.3318088481973098 1.0000000180025095e-35 -0.99189156790407906 -0.44487891645451161 0.43977337224892188 1.4564283712933748 1.2149377170422428 1.0234850735898584 0.53178439119669474 0.66851444456337983 1.9491333991042434 0.17342421547741396 -0.97085414654564228 0.50571348268548044 0.024667406506108647 -0.85624376196354024 -1.0000000180025095e-35
decision_type=2 2 2 2 2 2 2 2 2 2 2 2 2 2 2 2 2 2 2 2 2 2 2 2 2 2
left_child=1 2 13 12 -5 11 8 -8 -7 23 -2 -6 -4 15 17 16 20 -15 -10 -17 21 -1 25 24 -9 -14
right_child=10 -3 3 4 5 6 7 9 18 -11 -12 -13 22 14 -16 19 -18 -19 -20 -21 -22 -23 -24 -25 -26 -27
leaf_value=0.004936078325526793 0.00062076665887812071 0.012646179543368061 0.015749493909182705 -0.0018499585661680884 0.0023631908123482952 0.0084697035044899779 0.01281446064019501 -0.002991181405255723 -0.0030690705247240573 0.009616267236963634 -0.010453602816512694 0.011322342421841642 0.0094571145795513574 -0.00445999111219286 -0.013280224181501769 0.0088491927016093042 -0.0065043350362161351 0.0028892586065281355 0.0041916727503066922 0.001263708708337128 0.0049370970455563162 -0.0022475721392168969 0.013480146462089783 -0.0031069171828970819 0.0085131464162461583 0.0024802885727306205
leaf_weight=13.491931706666941 10.702928215265276 9.5608089417219144 11.662455335259436 71.787597671151161 9.1031328141689283 14.047582775354384 17.111194625496864 13.831229507923124 47.347080528736115 10.113027587532995 8.9730584472417814 33.971117526292801 14.111038103699682 17.993036136031151 6.965195268392562 18.085950747132305 12.685664519667624 25.654709860682487 11.145620450377463 11.432742834091185 27.032600075006485 29.967732220888141 9.1651903688907606 17.954292252659798 13.382519423961641 14.70112617313862
leaf_count=41 37 30 37 274 30 38 56 48 176 28 40 108 41 73 26 53 47 86 33 36 85 103 29 61 39 49
internal_value=0.00253809 0.00282371 0.00261963 0.00360281 0.0024369 0.00407554 0.0024891 0.0046502 0.000325436 0.00209724 -0.00438579 0.0093915 0.00967872 0.000756518 -0.00199475 0.00199246 0.000603922 -0.000153615 -0.00166266 0.00588518 0.00189977 8.01256e-06 0.00779835 0.000366517 0.00265755 0.00592675
internal_weight=501.981 482.305 472.744 309.434 259.794 188.007 144.933 72.3923 72.5403 55.2811 19.676 43.0743 49.6398 163.31 50.6129 112.697 83.1779 43.6477 58.4927 29.5187 70.4923 43.4597 37.9774 45.168 27.2137 28.8122
internal_count=1704 1627 1597 1047 891 617 479 232 247 176 77 138 156 550 185 365 276 159 209 89 229 144 119 148 87 90
is_linear=0
shrinkage=0.0144862


Tree=114
num_leaves=26
num_cat=0
split_feature=1 1 3 3 3 3 1 3 1 3 3 3 3 3 1 2 2 2 3 1 1 1 1 2 2
split_gain=4.65213 4.59939 4.14255 13.31 3.87643 7.66414 3.89576 3.17266 3.13683 2.97475 16.3877 6.27883 5.04204 4.96649 3.77053 3.62192 2.89018 2.76223 2.62073 2.11809 1.8932 7.2593 1.42209 1.38361 1.42327
threshold=2.1137352703750172 1.4140920485755559 1.7724413147135019 1.1363373556406191 0.96968499839693922 0.46814851029914545 -0.36979102111976109 1.9430900739760919 -0.45032934443813583 0.26160392451939263 -0.45773049097128432 -0.52401811727297753 -0.1351705938880626 -1.1079474925031649 -0.23380133559262892 0.93259231458760772 1.0000000180025095e-35 0.031977609934829745 -0.013160679556227468 1.3094291958364745 -0.36979102111976109 -0.99189156790407906 -0.5252078045793408 -0.44487891645451161 -0.74937431280164934
decision_type=2 2 2 2 2 2 2 2 2 2 2 2 2 2 2 2 2 2 2 2 2 2 2 2 2
left_child=1 2 3 4 5 9 -6 -4 -7 10 11 13 -12 14 20 -15 -2 -16 22 -13 21 -1 -14 24 -11
right_child=16 -3 7 -5 6 8 -8 -9 -10 23 12 19 18 15 17 -17 -18 -19 -20 -21 -22 -23 -24 -25 -26
leaf_value=-0.0029576577296521614 0.00061277492151254375 0.012553256879535006 -0.0082545154568953363 0.016154043776428588 0.0047196236158828977 0.0048526987395165139 -0.0042900337595399808 0.0013478286778471672 0.013872909516868523 -0.0023247237429577699 0.016901672291647636 -0.0027155843882860778 0.0086750651827216373 0.0050039647137187018 0.0015336855705432441 0.014884281105361868 -0.010337408278113521 0.009846440771773329 0.012669068195095796 0.0034953514202592127 -0.0042719355433752252 0.012121385177841776 0.0017678422622462067 -0.0015654162506410357 0.0042456412939139007
leaf_weight=23.468158379197117 10.703502491116526 9.4948539435863477 12.177175015211107 15.000690922141073 14.214291006326674 14.743671864271166 31.969231113791466 16.541851609945297 17.20214855670929 9.4763261973857897 16.146989896893501 73.075352266430855 10.14635543525219 30.185961335897446 18.70054529607296 10.033478215336798 8.9445541799068433 14.584201961755751 12.268683224916456 13.264788299798964 21.718971952795982 8.8326750695705432 15.009298115968704 50.695415541529655 22.438318133354187
leaf_count=78 37 30 50 44 44 46 123 54 52 30 50 272 30 95 63 29 40 45 37 45 76 24 49 186 75
internal_value=0.00250644 0.00278855 0.0025867 0.0029321 0.00246106 0.00293991 -0.00148511 -0.00270548 0.0096877 0.00231938 0.0030606 0.00126644 0.0101963 0.00330382 0.00136792 0.00749525 -0.00432897 0.0051728 0.00729505 -0.0017442 -0.000990697 0.00121048 0.00460116 -7.77459e-05 0.00226353
internal_weight=501.037 481.389 471.895 443.176 428.175 381.991 46.1835 28.719 31.9458 350.046 267.435 213.864 53.5713 127.524 87.3046 40.2194 19.6481 33.2847 37.4243 86.3401 54.0198 32.3008 25.1557 82.6101 31.9146
internal_count=1704 1627 1597 1493 1449 1282 167 104 98 1184 893 727 166 410 286 124 77 108 116 317 178 102 79 291 105
is_linear=0
shrinkage=0.0144862


Tree=115
num_leaves=25
num_cat=0
split_feature=1 4 1 2 2 2 2 4 4 2 4 2 2 2 1 1 1 1 2 1 2 2 4 2
split_gain=4.52844 4.72623 4.29577 3.66057 11.7865 7.60395 8.03051 4.17715 5.9409 3.83588 2.97132 2.92927 5.6156 2.91909 2.76814 3.98762 3.17537 2.80202 2.61277 2.32268 2.27866 2.17785 1.96945 1.21892
threshold=2.1137352703750172 2.1250364861237432 1.4140920485755559 -0.69972874731304169 1.0000000180025095e-35 0.031977609934829745 0.72059368467215046 -0.91129731355121979 -1.3439458341595358 1.0791826756702754 -0.12388201523749372 0.89442266433793904 1.3729082814080018 -0.44487891645451161 0.43977337224892188 -0.23380133559262892 -0.58612781837144456 0.53178439119669474 -0.92478234282008265 -0.23380133559262892 0.93259231458760772 1.5120648737530427 0.10261202914880686 -0.74937431280164934
decision_type=2 2 2 2 2 2 2 2 2 2 2 2 2 2 2 2 2 2 2 2 2 2 2 2
left_child=1 2 3 14 13 -6 19 8 9 -8 -2 -9 -13 -5 15 16 23 -16 -18 -7 -10 -14 -15 -1
right_child=10 -3 -4 4 5 6 7 11 20 -11 -12 12 21 22 17 -17 18 -19 -20 -21 -22 -23 -24 -25
leaf_value=0.0059936614725259324 0.00057972296034488919 -0.0056057933348826932 0.012459833201086061 0.016674413363198842 -0.0015467537935894425 0.0059822229582735297 -0.0030110657233890664 0.0015653765043694887 -0.0024988625013951083 0.0094947637646343903 -0.010566442685377053 0.014446288141474953 0.0004837204063888511 0.011251373040616904 -0.0056146391318400496 0.0096778197392650665 -0.0061589182070686602 0.001224656339143583 0.001053518136673178 0.012807675735642343 -0.012056658611298605 0.0074591907595729541 0.0045146957196944004 0.0012162172587061068
leaf_weight=25.947318971157074 11.013849735260012 13.355041489005087 9.4293687194585782 11.238288879394529 70.648683980107307 19.551727443933487 8.7035850733518618 52.827149644494057 10.781334280967714 11.318650200963019 8.6063594967126829 13.138473734259604 20.925495773553848 20.499668687582016 22.259281858801842 13.065359205007551 15.749440550804133 27.83057177066803 29.826481685042385 22.134816035628319 9.6315052956342679 16.35877300798893 16.001094594597816 19.187532737851143
leaf_count=76 39 48 30 36 268 62 30 174 43 33 38 43 70 67 89 37 56 94 102 73 38 46 48 64
internal_value=0.00247572 0.00275443 0.00299772 0.00279722 0.00371863 0.00248624 0.0040248 0.00240178 -0.00152664 0.00400652 -0.00427379 0.00394202 0.00643096 0.0102981 0.000977934 0.00232306 0.00124618 -0.00180859 -0.00144053 0.00959488 -0.00698761 0.00357237 0.00831848 0.00395386
internal_weight=500.03 480.41 467.055 457.625 303.759 256.02 185.372 143.685 40.4351 20.0222 19.6202 103.25 50.4227 47.7391 153.866 103.776 90.7108 50.0899 45.5759 41.6865 20.4128 37.2843 36.5008 45.1349
internal_count=1704 1627 1579 1549 1031 880 612 477 144 63 77 333 159 151 518 335 298 183 158 135 81 116 115 140
is_linear=0
shrinkage=0.0144862


Tree=116
num_leaves=28
num_cat=0
split_feature=1 4 3 3 3 3 4 3 4 1 1 1 1 4 4 3 1 4 4 1 3 3 3 3 1 3 4
split_gain=4.40722 4.5998 4.75908 12.8258 4.40625 7.78937 5.87557 3.04867 2.89931 2.74538 10.8096 7.33663 5.34334 4.94759 4.54007 6.34368 4.28787 3.5425 2.91765 2.1031 1.43 7.38706 2.47051 1.45047 1.40014 1.37961 1.24429
threshold=2.1137352703750172 2.1250364861237432 1.7724413147135019 1.1363373556406191 0.96968499839693922 0.53389171656532852 -1.0097167494323618 1.9430900739760919 -0.12388201523749372 -0.23380133559262892 0.12893343160996845 -0.36979102111976109 -0.48979541740326532 -0.12388201523749372 0.22622322203401382 -0.1351705938880626 0.53178439119669474 -0.53869556438618782 0.10261202914880686 1.3094291958364745 0.26160392451939263 -0.39637255817794798 -0.52401811727297753 -1.1079474925031649 1.104278276823454 -0.52401811727297753 -0.12388201523749372
decision_type=2 2 2 2 2 2 2 2 2 2 2 2 2 2 2 2 2 2 2 2 2 2 2 2 2 2 2
left_child=1 2 3 4 5 9 -6 -4 -2 11 18 12 20 17 15 24 -16 19 -11 -12 21 22 23 -1 -15 -13 -8
right_child=8 -3 7 -5 6 -7 26 -9 -10 10 13 25 -14 14 16 -17 -18 -19 -20 -21 -22 -23 -24 -25 -26 -27 -28
leaf_value=0.0015004402229901767 0.00057224886586903763 -0.0055294947012581126 -0.0081688738603437339 0.016062492787703907 -0.0096131252740449934 0.012787067268544951 0.0050886982080020132 0.0012580114592902676 -0.010446875928340411 0.017942758172700662 0.0065573088735949485 -0.0047004662371330688 0.012537861476412258 -0.0039500736318377238 -0.0017071781097099021 -0.015771813775555206 0.0068073628980497864 0.014350923949133978 0.0079590751034134283 0.00012009629461109852 0.00048986396174254346 0.012487085089422097 -0.0027584287344512713 0.0069062213457383144 0.0045658458925593431 -0.00041452390536115435 -0.00052493952655773717
leaf_weight=26.361909314990037 11.014592573046686 13.348037093877791 12.14179900288582 15.589277938008307 12.721034735441206 17.178720355033875 13.878073453903196 16.490962088108063 8.5808947682380659 12.780749499797823 31.016370087862015 20.560284107923508 13.496917545795439 7.8907451033592242 23.602805733680725 7.5024661868810645 25.230899721384048 8.5046387761831266 11.401358902454374 15.751120194792746 32.731776297092438 16.758083984255798 17.737223029136658 16.670201495289803 7.541252925992012 63.326636478304863 19.273430407047272
leaf_count=83 39 48 50 47 52 55 43 54 38 38 100 72 41 32 87 38 75 28 35 54 106 50 64 50 27 227 71
internal_value=0.00244482 0.00272012 0.00296054 0.00333503 0.00285709 0.00337367 -0.00136239 -0.00271865 -0.00421783 0.00291645 0.00439919 0.0018346 0.00407144 0.00270986 0.000203128 -0.00507084 0.00268527 0.00595185 0.0132022 0.0043912 0.00301877 0.00408556 0.00174123 0.00359984 0.000162021 -0.00146532 0.00181697
internal_weight=499.082 479.487 466.139 437.506 421.917 376.044 45.8725 28.6328 19.5955 358.865 151.222 207.643 123.756 127.04 71.7682 22.9345 48.8337 55.2721 24.1821 46.7675 110.259 77.5274 60.7693 43.0321 15.432 83.8869 33.1515
internal_count=1704 1627 1579 1475 1428 1262 166 104 77 1207 514 693 394 441 259 97 162 182 73 154 353 247 197 133 59 299 114
is_linear=0
shrinkage=0.0144862


Tree=117
num_leaves=28
num_cat=0
split_feature=0 0 1 0 0 0 0 4 4 1 0 0 1 4 4 0 4 4 0 4 0 0 0 0 0 0 1
split_gain=4.31113 10.9677 6.34726 5.3776 10.9977 4.52398 14.3934 5.83832 4.93711 3.83597 8.36484 8.06162 3.5312 3.49329 5.24577 3.25469 2.69452 1.97259 2.95667 4.13295 1.68496 4.75975 4.12239 1.61871 1.42262 1.25965 1.25918
threshold=-0.36293145898140472 1.0000000180025095e-35 2.1137352703750172 0.1303845022848949 0.44263003055698064 -0.89842377837745824 -1.2326299864875967 1.1757980732605351 2.1250364861237432 -0.23380133559262892 1.4564283712933748 0.64540872178191366 -0.36979102111976109 -0.91129731355121979 -0.12388201523749372 0.88778833908496113 0.92007127330637772 -0.019387997796534596 -0.51025422056031999 0.81204465305063289 1.0914303853726597 1.0583229136861065 0.59924483391311634 -0.60639027011290902 1.9491333991042434 -0.85624376196354024 -0.55715926190721443
decision_type=2 2 2 2 2 2 2 2 2 2 2 2 2 2 2 2 2 2 2 2 2 2 2 2 2 2 2
left_child=2 -2 5 26 -5 6 8 13 16 12 11 -11 20 -7 -15 -14 -1 -16 25 -20 21 22 -6 -9 -22 -19 -3
right_child=1 3 -4 4 9 7 -8 23 -10 10 -12 -13 15 14 17 -17 -18 18 19 -21 24 -23 -24 -25 -26 -27 -28
leaf_value=-0.0009278899478151341 0.012289818417641514 -0.0045595104048447924 -0.0083591218066840917 0.014030561012890993 0.00082748374944465375 -0.0069453454620768554 0.014260280417724472 -0.012682474141336518 -0.0097581743065785192 0.0032965969607241679 -0.0060532136898328532 0.015938533574039918 -0.0072720284437141963 0.0077300093374900762 -0.003831998820519072 0.00091011543819206875 0.0064821158343473725 0.0022695253745750091 0.0028999294294349918 -0.010312429730183892 0.0078228565060328298 -0.0060492515596669459 0.010820398509361229 -0.0038371207627461287 0.0011085172537921876 0.0086333947349739142 0.00018699218556106508
leaf_weight=24.117330998182297 26.860283121466637 14.431342795491217 14.361974209547041 19.686820715665817 26.377578765153885 9.8864891082048398 21.247562184929848 8.0839575380086917 8.369256526231764 24.023871034383774 9.3784966021776182 18.32753486931324 15.266320735216139 23.991054266691208 20.415715768933296 28.77575621008873 17.29115529358387 17.730579316616058 11.119671195745472 8.3430311232805252 21.612151563167576 12.654335454106329 12.378352358937262 8.7737155109643918 9.1107954382896406 9.8536651134490949 55.646810352802277
leaf_count=82 83 52 61 60 89 40 61 33 32 83 33 56 59 74 87 95 54 63 37 36 66 45 38 31 29 28 197
internal_value=0.0024144 0.00353405 0.000794197 0.00264796 0.00386874 0.001498 0.00437924 -0.000234968 0.000136868 0.00273116 0.00603815 0.00877845 0.00136808 0.00107432 0.001961 -0.00192694 0.00216714 -0.000101978 0.00151778 -0.00275386 0.00313609 0.00153752 0.00403874 -0.00803746 0.00580482 0.00455098 -0.000790269
internal_weight=498.116 294.53 203.585 267.67 197.592 189.223 71.0253 118.198 49.7777 177.905 51.7299 42.3514 126.175 101.34 91.4537 44.0421 41.4085 67.4627 47.0469 19.4627 82.1332 51.4103 38.7559 16.8577 30.7229 27.5842 70.0782
internal_count=1704 985 719 902 653 658 229 429 168 593 172 139 421 365 325 154 136 251 164 73 267 172 127 64 95 91 249
is_linear=0
shrinkage=0.0144862


Tree=118
num_leaves=22
num_cat=0
split_feature=1 1 3 3 3 3 1 3 3 3 3 3 2 3 2 3 3 1 2 2 1
split_gain=4.17712 4.35359 3.96107 12.6973 3.61527 7.25045 3.76269 3.57478 13.5307 5.78663 4.6832 4.58026 3.56986 2.93222 2.82597 2.63212 2.57713 1.99574 1.75033 3.67242 1.38336
threshold=2.1137352703750172 1.4140920485755559 1.7724413147135019 1.1363373556406191 0.96968499839693922 0.53389171656532852 -0.36979102111976109 -0.45773049097128432 -0.1351705938880626 -0.52401811727297753 0.26160392451939263 -1.1079474925031649 0.93259231458760772 1.9430900739760919 1.0000000180025095e-35 0.46814851029914545 -0.013160679556227468 1.3094291958364745 0.15045086667480623 1.4782987723741299 -0.5252078045793408
decision_type=2 2 2 2 2 2 2 2 2 2 2 2 2 2 2 2 2 2 2 2 2
left_child=1 2 3 4 5 7 -6 9 -9 11 16 18 -13 -4 -2 -12 20 -11 -1 -20 -10
right_child=14 -3 13 -5 6 -7 -8 8 10 17 15 12 -14 -15 -16 -17 -18 -19 19 -21 -22
leaf_value=-0.00041850657743921973 0.000779087996331942 0.012257658929516661 -0.0080828601693025033 0.015877049583323623 0.0046275692496984362 0.012281556339859587 -0.0042398785921650322 0.016640536137543755 0.0083865485290129833 -0.0026574583911437881 -8.1432164117524233e-05 0.0047234798599864753 0.014623359157683136 0.0011755402069248703 -0.010082709835733115 0.0063346624181257419 0.012403640074705048 0.0033680395802615443 0.0070424170267631018 -0.0026740690701073911 0.0015310847118169984
leaf_weight=51.424906522035599 10.66182601451874 9.2782447040081006 12.108186095952989 14.620379060506819 14.176452681422232 15.807394176721571 31.855346754193306 15.714313849806784 10.000018179416656 72.936384707689285 82.497908279299736 29.810824319720268 9.8248740136623365 16.44145330786705 8.8684560358524305 15.583391666412352 12.03289572894573 13.287151724100111 23.52264079451561 11.921107500791548 14.846338644623756
leaf_count=175 37 30 50 44 44 51 123 50 30 272 291 95 29 54 40 47 37 45 72 39 49
internal_value=0.00238379 0.00265237 0.00245674 0.00279602 0.00233853 0.0028035 -0.00147788 0.00238474 0.00408936 0.00117549 0.00260779 0.00314363 0.00720409 -0.00273318 -0.00411331 0.000951903 0.00698039 -0.00171232 0.00128597 0.00374278 0.00433666
internal_weight=497.22 477.69 468.412 439.862 425.242 379.21 46.0318 363.403 150.675 212.728 134.961 126.504 39.6357 28.5496 19.5303 98.0813 36.8793 86.2235 86.8687 35.4437 24.8464
internal_count=1704 1627 1597 1493 1449 1282 167 1231 504 727 454 410 124 104 77 338 116 317 286 111 79
is_linear=0
shrinkage=0.0144862


Tree=119
num_leaves=25
num_cat=0
split_feature=0 0 0 0 0 2 0 0 0 4 0 0 0 0 2 0 4 0 2 2 4 2 2 2
split_gain=4.20361 5.68954 10.0729 8.45633 10.6634 5.41595 5.21951 10.702 4.41835 3.48507 3.362 8.09305 3.35036 5.05708 3.18717 3.67335 3.0411 2.64546 2.60841 2.60809 1.5352 1.49065 1.22153 1.50741
threshold=-1.401028123136814 -0.89842377837745824 -1.2326299864875967 -0.36293145898140472 1.0000000180025095e-35 0.81499198357074809 0.1303845022848949 0.44263003055698064 -0.85624376196354024 1.8211092833189537 1.4564283712933748 0.59924483391311634 1.0914303853726597 1.0583229136861065 -0.89690988008132255 1.7674227663812838 1.7227347058862532 0.53564922200162013 0.72059368467215046 0.15045086667480623 -0.12388201523749372 0.72059368467215046 -0.69972874731304169 1.3729082814080018
decision_type=2 2 2 2 2 2 2 2 2 2 2 2 2 2 2 2 2 2 2 2 2 2 2 2
left_child=16 2 19 5 -5 9 22 -8 -7 18 11 17 13 -13 -12 -16 -1 -9 20 -2 -3 -15 -6 -24
right_child=1 3 -4 4 6 8 7 10 -10 -11 14 12 -14 21 15 -17 -18 -19 -20 -21 -22 -23 23 -25
leaf_value=-3.7826798647288995e-05 -0.003192067799686173 0.0037610242681148974 0.014465063126942346 0.012143050505055613 -0.0036535479349632557 -0.0036168272558693981 0.013884535576015019 0.0060389890479177139 0.0088672296753063151 -0.011717924272680468 -0.0064765133883764505 0.010819050334327679 0.01400457625190884 0.00019995422081873083 -0.0021079239948217951 0.0078987067631378482 -0.010370713383980346 -0.0013853483486157602 -0.005904115796386159 0.0054260749400397495 -0.0015005926148444686 0.0068546359388843335 0.0016976348032224301 -0.0046985059930229186
leaf_weight=19.48079210519791 12.894104465842249 14.574184045195578 22.322410270571709 26.562421277165413 21.552196383476257 8.4169888049364108 19.448559671640396 12.121883645653723 17.664830476045609 7.7420812994241706 13.719980850815771 23.75351157784462 12.239838704466818 23.949583470821381 19.188908681273464 12.208004012703894 8.1556627601385099 50.661625266075134 23.676290556788445 16.072687804698944 51.944152981042862 9.5179640501737577 39.237683013081551 9.1817641854286176
leaf_count=67 52 49 64 83 80 30 60 39 53 31 49 77 38 81 65 36 30 181 95 48 200 27 137 32
internal_value=0.00235431 0.00267808 0.00721287 0.00211806 0.00345757 -0.00104816 0.00258564 0.00379181 0.00476771 -0.00261279 0.00267251 0.00383425 0.00723151 0.00576119 -0.000727499 0.00178782 -0.00309142 7.59148e-05 -0.00181123 0.00162113 -0.000341078 0.00213991 -0.000803251 0.000460004
internal_weight=496.288 468.652 51.2892 417.362 293.344 124.019 266.782 196.81 26.0818 97.9367 177.361 132.244 69.4609 57.2211 45.1169 31.3969 27.6365 62.7835 90.1946 28.9668 66.5183 33.4675 69.9716 48.4194
internal_count=1704 1607 164 1443 985 458 902 653 83 375 593 443 223 185 150 101 97 220 344 100 249 108 249 169
is_linear=0
shrinkage=0.0144862


Tree=120
num_leaves=30
num_cat=0
split_feature=4 4 4 4 3 2 3 4 4 4 2 2 2 4 4 3 3 4 2 2 4 4 4 2 2 3 3 2 2
split_gain=4.05436 15.5448 6.5992 7.86206 4.05585 3.48656 3.3768 2.65471 4.32761 2.55994 3.11834 2.52935 2.51887 3.21708 5.58599 3.16775 3.79605 2.59835 2.11755 1.94035 5.31574 5.24396 5.6284 4.89335 3.17226 1.73434 1.54283 1.29024 1.55163
threshold=-0.19473967275523335 -0.57804390007765316 -0.10117990212194466 0.10261202914880686 -0.39637255817794798 -0.96104490056638114 -0.066753148546350963 -1.6509421024785467 -1.5882449443731639 2.0283179330793502 -0.59504994101289455 1.4782987723741299 1.4782987723741299 -0.67355127501412004 -1.0904357891992069 0.96968499839693922 -0.39637255817794798 -0.91129731355121979 -0.87436949230096472 -1.2536974192686836 1.1757980732605351 0.92007127330637772 0.81204465305063289 -0.3262777788761167 0.22184729476744922 0.46814851029914545 0.53389171656532852 1.0000000180025095e-35 0.15045086667480623
decision_type=2 2 2 2 2 2 2 2 2 2 2 2 2 2 2 2 2 2 2 2 2 2 2 2 2 2 2 2 2
left_child=1 5 11 -4 9 -1 -6 -7 -9 10 18 -2 13 14 15 16 -10 -14 -5 20 -8 22 23 -21 -25 -15 -3 -12 -29
right_child=2 26 3 4 6 7 19 8 12 -11 27 -13 17 25 -16 -17 -18 -19 -20 21 -22 -23 -24 24 -26 -27 -28 28 -30
leaf_value=-0.0051512333917541758 -0.0043473757237254855 0.010898265261067916 0.012377083069714745 0.00059279699602385978 0.009654501954196669 0.010300524965418979 0.0051764096627651907 -0.0044873650388129599 -0.00085509188493281614 -0.0079388695726271327 0.007276426671471309 0.0032899347411446205 -0.0066983984514789692 -0.00020922534044568006 0.01270579810899399 -0.0021851362964819022 0.010363675963024998 0.0027780562878996101 -0.0058162770935803942 0.010535633236196964 -0.010298165201013279 0.010934559034093924 -0.0073099641340225643 -0.0070827292640671911 0.005169604464448585 0.0049709202066171645 0.017694920444649879 -0.0016275495496447547 0.0033925408154649034
leaf_weight=12.124646604061125 50.816239193081856 19.935294985771183 14.88298526406288 20.989551186561584 16.871096760034561 8.8423029929399473 10.163492262363436 17.028659656643867 9.6010787636041588 7.9429224580526343 9.3317525833845121 10.699987620115278 9.8675193637609482 38.121963351964958 19.406036585569375 13.998198702931402 16.749840930104263 14.364334136247635 21.477039307355881 14.286379754543303 7.8568884283304206 15.592176631093023 11.451161175966261 8.3229066282510811 8.5496420562267286 20.470133408904076 10.883643507957457 20.006752952933311 34.742799356579781
leaf_count=43 213 68 49 67 50 25 29 62 33 31 27 34 37 126 67 54 53 45 84 42 28 46 45 32 25 64 36 79 110
internal_value=0.00232479 0.00384234 0.00119414 0.00235379 0.00162394 0.00221986 0.00386334 0.00275835 0.00232847 -0.000199421 0.000389584 -0.00299144 0.00315177 0.00402248 0.0063803 0.00331876 0.00623908 -0.00106634 -0.00263814 0.00256775 -0.00154063 0.00384561 0.00122415 0.00438585 -0.00082043 0.0016157 0.0132858 0.00240186 0.00155615
internal_weight=495.377 211.394 283.984 222.468 207.585 180.575 93.0937 168.45 159.608 114.491 106.548 61.5162 142.579 118.347 59.7552 40.3491 26.3509 24.2319 42.4666 76.2226 18.0204 58.2023 42.6101 31.1589 16.8725 58.5921 30.8189 64.0813 54.7496
internal_count=1704 713 991 744 695 609 297 566 541 398 367 247 479 397 207 140 86 82 151 247 57 190 144 99 57 190 104 216 189
is_linear=0
shrinkage=0.0144862


Tree=121
num_leaves=23
num_cat=0
split_feature=0 0 0 0 0 3 4 0 0 3 3 3 4 4 3 4 0 0 3 0 4 4
split_gain=4.10896 5.51946 9.88696 8.16128 10.3558 7.48642 4.50152 3.69253 8.31839 6.77466 8.53796 4.22696 3.55883 5.55653 3.37974 3.49959 2.02895 3.99377 1.84816 1.35186 3.23609 2.7714
threshold=-1.401028123136814 -0.89842377837745824 -1.2326299864875967 -0.36293145898140472 1.0000000180025095e-35 1.7724413147135019 1.8211092833189537 0.1303845022848949 0.44263003055698064 -0.45773049097128432 0.26160392451939263 0.26160392451939263 -0.91129731355121979 -0.12388201523749372 -0.066753148546350963 0.92007127330637772 1.4564283712933748 0.59924483391311634 -0.52401811727297753 -0.51025422056031999 0.81204465305063289 1.0000000180025095e-35
decision_type=2 2 2 2 2 2 2 2 2 2 2 2 2 2 2 2 2 2 2 2 2 2
left_child=14 2 -2 6 -5 7 12 11 -9 16 -11 -6 -3 -14 -1 -16 17 18 -10 21 -21 -15
right_child=1 3 -4 4 5 -7 -8 8 9 10 -12 -13 13 19 15 -17 -18 -19 -20 20 -22 -23
leaf_value=-0.010904030954134244 0.0015634875798286975 -0.0080683947919051712 0.014330165959589818 0.011995210909678446 0.0030251203147517091 -0.009571705889483197 -0.011505293085673156 0.013350950600932736 0.0017458454921516558 0.014553576791514799 0.0033812241156320889 -0.0044206743045010852 0.006267718672082128 -0.0078532364367249908 -0.0049899608401491394 0.0071282585988302026 -0.0022298164774421881 0.0053645454591718404 -0.0051270265686808609 -0.0006046797883236672 -0.0096794760747314027 0.0020530501078132148
leaf_weight=7.92749194800854 28.908843323588371 10.931671619415281 22.096889942884445 26.260466188192368 39.538559928536415 9.8956450372934324 7.7075122743844977 17.779287680983543 16.316549226641655 19.538342088460922 50.805172383785248 26.26996836066246 25.861058413982391 6.7608327567577282 11.44136466085911 8.210617318749426 33.6130051612854 36.341665744781494 15.715260714292524 26.467408522963531 11.545967578887938 34.497750699520111
leaf_count=30 100 46 64 83 131 41 31 56 55 63 163 100 82 32 42 25 115 118 60 101 49 117
internal_value=0.00229584 0.00261683 0.00709644 0.00206471 0.00338459 0.0025268 -0.00104779 0.00300493 0.00402777 0.00305333 0.00649955 5.49962e-05 -0.000337998 0.000481069 -0.00309589 6.70126e-05 0.00066965 0.00209392 -0.00160797 -0.00141582 -0.00338008 0.000387717
internal_weight=494.431 466.852 51.0057 415.846 292.074 265.813 123.772 255.918 190.109 172.33 70.3435 65.8085 116.065 105.133 27.5795 19.652 101.986 68.3735 32.0318 79.272 38.0134 41.2586
internal_count=1704 1607 164 1443 985 902 458 861 630 574 226 231 427 381 97 67 348 233 115 299 150 149
is_linear=0
shrinkage=0.0144862


Tree=122
num_leaves=20
num_cat=0
split_feature=1 1 4 2 2 2 2 4 4 2 2 4 2 2 1 1 2 2 4
split_gain=4.05392 4.16208 3.88817 3.23244 10.7474 6.6494 7.28431 3.93067 5.65851 3.6864 2.94796 2.77537 2.65905 5.34275 2.61706 2.34887 2.21426 1.9396 1.93334
threshold=2.1137352703750172 1.4140920485755559 2.1250364861237432 -0.69972874731304169 1.0000000180025095e-35 0.031977609934829745 0.72059368467215046 -0.91129731355121979 -1.3439458341595358 1.0791826756702754 -0.44487891645451161 -0.12388201523749372 0.89442266433793904 1.3729082814080018 -0.58612781837144456 -0.23380133559262892 0.93259231458760772 1.5120648737530427 0.10261202914880686
decision_type=2 2 2 2 2 2 2 2 2 2 2 2 2 2 2 2 2 2 2
left_child=1 2 3 14 10 -6 15 8 9 -8 -5 -2 -9 -14 -1 -7 -10 -15 -12
right_child=11 -3 -4 4 5 6 7 12 16 -11 18 -13 13 17 -16 -17 -18 -19 -20
leaf_value=0.0037820943585764469 0.00054616093880501015 0.012024934171761948 -0.0052664436768535706 0.016396575341493115 -0.0015002165399933577 0.0054602434397756257 -0.0030928487014264686 0.0014247667699276072 -0.002546171368745468 0.009231290566018166 0.010805506071960857 -0.010282373952129911 0.014101135250473143 0.00041990953105108233 -0.00036838293697748551 0.012428942643947333 -0.012007491954104051 0.0070336243076646642 0.0040471067626011775
leaf_weight=44.759918570518494 10.946772515773775 9.0826067179441434 13.272125557065008 10.74091988801956 70.467232778668404 19.035274103283882 8.6483051180839556 52.578537404537201 10.694094821810724 11.138282462954519 19.776007443666458 8.4873943924903852 12.596455007791517 20.91987518966198 107.81896474957466 21.322138667106628 9.552270904183386 16.090867161750793 15.711074560880659
leaf_count=140 39 30 48 36 268 62 30 174 43 33 67 38 43 70 378 73 38 46 48
internal_value=0.00226626 0.00253214 0.00234152 0.00256866 0.00344302 0.00226947 0.00372582 0.00218539 -0.00164415 0.00379326 0.00983742 -0.00414967 0.00368755 0.0060852 0.000853916 0.00913003 -0.00699024 0.00332221 0.00783338
internal_weight=493.639 474.205 465.122 451.85 299.271 253.043 182.576 142.219 40.033 19.7866 46.228 19.4342 102.186 49.6072 152.579 40.3574 20.2464 37.0107 35.4871
internal_count=1704 1627 1597 1549 1031 880 612 477 144 63 151 77 333 159 518 135 81 116 115
is_linear=0
shrinkage=0.0144862


Tree=123
num_leaves=29
num_cat=0
split_feature=0 0 0 0 0 2 0 0 1 0 1 0 0 1 2 0 1 1 2 2 2 2 0 0 0 0 2 1
split_gain=3.96544 5.38049 9.66553 7.8724 10.0937 5.1438 4.91042 10.2125 4.31344 4.27411 3.64342 7.91104 7.79432 3.17911 4.24131 3.11395 2.87855 2.85483 3.51181 2.81748 2.21059 2.11053 1.45885 4.4904 2.20912 1.80173 1.24294 1.21126
threshold=-1.401028123136814 -0.89842377837745824 -1.2326299864875967 -0.36293145898140472 1.0000000180025095e-35 0.81499198357074809 0.1303845022848949 0.44263003055698064 0.12893343160996845 -0.85624376196354024 -0.23380133559262892 1.4564283712933748 0.64540872178191366 -0.36979102111976109 0.72059368467215046 0.88778833908496113 1.5282772386870376 -0.58612781837144456 -0.89690988008132255 0.057542657545605544 -0.69972874731304169 0.72059368467215046 1.0914303853726597 1.0583229136861065 0.59924483391311634 1.9491333991042434 0.26574378256368147 -0.55715926190721443
decision_type=2 2 2 2 2 2 2 2 2 2 2 2 2 2 2 2 2 2 2 2 2 2 2 2 2 2 2 2
left_child=19 2 8 5 -5 16 27 -8 -2 -7 13 12 -12 14 22 20 17 -3 -19 -1 -15 -20 23 24 -9 -24 -10 -6
right_child=1 3 -4 4 6 9 7 10 26 -11 11 -13 -14 15 -16 -17 -18 18 21 -21 -22 -23 25 -25 -26 -27 -28 -29
leaf_value=-0.008503327956110104 0.0078629676785675843 -0.0081722827207847681 0.014188881427665395 0.01185678932731315 -0.0045335397022048538 -0.0036173277958721183 0.013617380379741017 0.0024065342766333374 -0.0075145386794210241 0.008682419361759619 0.003107249383910144 -0.0059668949397201076 0.015650216177966483 -0.0013142715451940103 -0.0037997354636196781 0.00086914947787610376 -0.011178302645654579 -0.0088749748744261225 0.0019242508735342629 0.00075811562237192468 -0.012169446984452431 -0.0036812634821668448 0.0095651244889487196 -0.0062297167121912883 0.010537626718603197 0.0017618060878714494 0.00026673692002574634 0.0001329952568053317
leaf_weight=11.408723816275598 12.328459218144419 12.60698454082012 21.878630205988884 25.977163165807724 14.361164569854735 8.4118076860904711 19.009690493345261 18.812503710389137 7.6190973520278957 17.549742251634598 23.797433286905289 9.3563653230667096 17.882693231105804 6.9794785380363455 15.533795431256292 28.734507441520691 7.1862161308526984 9.6044032871723157 48.808341816067696 16.122186198830605 8.2268212139606458 19.364525258541107 18.764374002814296 8.7198277115821821 10.66025084257126 8.8333866298198682 8.9197095632553083 55.383576706051826
leaf_count=45 39 48 64 83 52 30 60 62 32 53 83 33 56 25 54 95 32 35 184 52 34 76 57 32 34 28 29 197
internal_value=0.00223734 0.00255343 0.00698796 0.00200796 0.00330732 -0.00105121 0.00246232 0.00363864 0.00152665 0.00463034 0.00255021 0.00579791 0.008499 0.00122 0.00291002 -0.00190593 -0.00257827 -0.00187556 -0.000836307 -0.00306342 -0.00714726 0.000320794 0.0045167 0.00268774 0.00536364 0.00704014 -0.00328738 -0.000828087
internal_weight=492.842 465.311 50.7459 414.565 291.033 123.532 265.056 195.311 28.8673 25.9615 176.301 51.0365 41.6801 125.265 81.3241 43.9408 97.5705 90.3843 77.7773 27.5309 15.2063 68.1729 65.7903 38.1926 29.4728 27.5978 16.5388 69.7447
internal_count=1704 1607 164 1443 985 458 902 653 100 83 593 172 139 421 267 154 375 343 295 97 59 260 213 128 96 85 61 249
is_linear=0
shrinkage=0.0144862


Tree=124
num_leaves=28
num_cat=0
split_feature=4 4 4 4 3 2 3 4 4 2 2 4 4 3 3 4 4 2 2 2 4 4 4 2 2 3 3
split_gain=3.84186 14.9456 6.23559 7.50519 3.89894 3.36014 3.2412 2.56385 4.11683 2.43744 2.41255 3.09991 5.35589 3.01831 3.65035 2.41913 2.36564 2.94009 2.04145 1.85642 5.14947 5.06695 5.44495 4.72171 3.07739 1.67663 1.56814
threshold=-0.19473967275523335 -0.57804390007765316 -0.10117990212194466 0.10261202914880686 -0.39637255817794798 -0.96104490056638114 -0.066753148546350963 -1.6509421024785467 -1.5882449443731639 1.4782987723741299 1.4782987723741299 -0.67355127501412004 -1.0904357891992069 0.96968499839693922 -0.39637255817794798 -0.91129731355121979 2.0283179330793502 -0.59504994101289455 -0.87436949230096472 -1.2536974192686836 1.1757980732605351 0.92007127330637772 0.81204465305063289 -0.3262777788761167 0.22184729476744922 0.46814851029914545 0.53389171656532852
decision_type=2 2 2 2 2 2 2 2 2 2 2 2 2 2 2 2 2 2 2 2 2 2 2 2 2 2 2
left_child=1 5 9 -4 16 -1 -6 -7 -9 -2 11 12 13 14 -10 -12 17 18 -5 20 -8 22 23 -21 -25 -13 -3
right_child=2 26 3 4 6 7 19 8 10 -11 15 25 -14 -15 -16 -17 -18 -19 -20 21 -22 -23 -24 24 -26 -27 -28
leaf_value=-0.0051330178300811515 -0.0043002593939708402 0.01064315821127842 0.012146902130579677 0.00053882912538855273 0.0094464135074838508 0.010082087678040549 0.0050651792656949213 -0.0044349069433632831 -0.00087612415183726427 0.0031976693333064885 -0.006563775321933139 -0.00027591930149697735 0.012492278673640222 -0.0021632079262124348 0.010147105824525025 0.0026015375379394639 -0.0077193561160521394 0.0022669150167585273 -0.0057628482448042334 0.01032568770792764 -0.01018736470636819 0.01071995215071239 -0.007278969050906651 -0.0070454248897409066 0.0050511394561319548 0.0048229194500667852 0.017573451818567114
leaf_weight=12.083347856998442 50.671885117888451 19.516934335231785 14.567220404744146 20.9406628459692 16.658862620592117 8.7584319114685041 10.129834145307543 16.993279367685318 9.5897406041622109 10.704321488738058 9.813913568854332 38.050536304712303 18.97580657899379 13.924811854958532 16.629085913300521 14.311348274350166 7.9052900224924079 63.713383555412292 21.406864687800407 14.177333727478979 7.8367535918951026 15.460199430584906 11.386947944760321 8.2850479483604484 8.506444185972212 20.42049777507782 10.601470172405241
leaf_count=43 213 68 49 67 50 25 29 62 33 34 37 126 67 54 53 45 31 216 84 42 28 46 45 32 25 64 36
internal_value=0.00220864 0.0036927 0.00110561 0.00223866 0.00152876 0.00210901 0.00373336 0.00263985 0.00221698 -0.00296572 0.00302388 0.00387948 0.00621138 0.00322344 0.00608104 -0.0011125 -0.000261848 0.000305584 -0.00263668 0.00246397 -0.00155799 0.00371987 0.0011377 0.00425768 -0.000864612 0.00151962 0.0130703
internal_weight=492.02 209.669 282.351 220.975 206.408 179.551 92.4414 167.467 158.709 61.3762 141.716 117.59 59.1194 40.1436 26.2188 24.1253 113.966 106.061 42.3475 75.7826 17.9666 57.816 42.3558 30.9688 16.7915 58.471 30.1184
internal_count=1704 713 991 744 695 609 297 566 541 247 479 397 207 140 86 82 398 367 151 247 57 190 144 99 57 190 104
is_linear=0
shrinkage=0.0144862


Tree=125
num_leaves=34
num_cat=0
split_feature=1 1 4 4 0 0 1 0 1 0 0 4 4 0 4 0 4 4 1 1 0 0 4 0 4 0 1 1 1 0 0 1 4
split_gain=3.88092 4.03647 3.6335 2.67272 2.54201 6.99026 4.73403 2.69302 11.0662 5.28412 10.0158 4.26933 5.57533 9.52379 4.15978 3.67393 3.47017 4.39845 5.36727 5.31165 4.26899 6.48298 3.28502 3.10022 2.68582 5.27424 2.60802 6.0512 2.47165 2.31348 2.13414 1.69138 1.30724
threshold=2.1137352703750172 1.4140920485755559 2.1250364861237432 -0.12388201523749372 1.4564283712933748 1.0914303853726597 0.3822059350685198 0.59924483391311634 -0.17917218323731168 0.53564922200162013 0.1303845022848949 -1.0904357891992069 -0.19473967275523335 0.070995917162297806 -0.10117990212194466 1.0583229136861065 0.81204465305063289 0.54135008413308727 0.17446091209929657 0.80759436784721927 -0.89842377837745824 -1.3357021428156226 -0.42417194551446674 -0.27665448525149644 1.1757980732605351 -0.51025422056031999 -0.55715926190721443 -0.17917218323731168 -0.99189156790407906 1.6010879020007087 -0.56066171805965881 -0.36979102111976109 -0.12388201523749372
decision_type=2 2 2 2 2 2 2 2 2 2 2 2 2 2 2 2 2 2 2 2 2 2 2 2 2 2 2 2 2 2 2 2 2
left_child=1 2 4 -2 5 7 29 9 15 10 11 -1 13 22 30 -9 17 18 28 -20 21 -18 -13 24 25 -22 -12 -28 -16 -6 -14 -11 -17
right_child=3 -3 -4 -5 6 -7 -8 8 -10 31 26 12 14 -15 16 32 20 -19 19 -21 23 -23 -24 -25 -26 -27 27 -29 -30 -31 -32 -33 -34
leaf_value=-0.0040176329549835603 0.0004966809413827157 0.011862628062743333 -0.0051093603853146563 -0.01015998968279818 -0.002186219933199526 0.013607754369433494 -0.01072362303854851 0.0078923441183351255 0.01651398966701521 0.00070432503230736371 0.017155762730891581 0.0078609133804538392 -0.0090095119703794656 -0.0027304508835702661 0.00083329853483798196 0.0013491444838099407 -0.0008637282248637624 0.013340142598043099 -0.0097494753498948063 0.0040753848003747669 0.0052128087192759983 0.012854165982819065 0.017553197138712794 0.0029365467440074077 -0.01004826532564239 -0.01000200483946161 -0.0015993026041311834 0.014101587535509611 0.0091041509843543169 0.0049654942879229736 -0.0011164356671938588 -0.0047102512424908498 -0.0049830947652601933
leaf_weight=23.189717456698418 10.913141340017321 8.9439596682786924 13.237788170576094 8.4217322021722776 18.606470867991447 11.847228288650511 7.8694737553596488 12.883057266473768 13.809049293398855 20.81486451625824 8.9105398654937762 32.754464164376259 9.547721713781355 16.992782667279243 10.468579337000842 15.279801070690153 18.307412311434749 9.9518536180257779 10.558603554964066 12.031134873628616 10.326979547739024 11.327840253710738 9.0907768160104734 14.141877740621579 13.244208037853239 8.2549243718385714 8.1664469838142431 12.496203035116192 24.769394338130954 18.469189360737801 26.029559820890427 27.796944126486778 11.689515292644503
leaf_count=90 39 30 48 38 64 38 29 42 42 71 25 103 43 60 34 48 64 28 42 38 37 32 31 45 52 36 29 41 75 57 105 105 43
internal_value=0.00218084 0.00244164 0.00225442 -0.00411271 0.0024748 0.00283771 -0.000778493 0.00250593 0.00551043 0.002028 0.00276692 0.00186107 0.00243894 0.00629374 0.00116748 0.00165588 0.00226522 0.00463867 0.0031102 -0.00235557 0.000136607 0.00438887 0.00999915 -0.00262004 -0.00512286 -0.00159999 0.0107015 0.00790498 0.00661573 0.00136742 -0.00324106 -0.00237388 -0.00138203
internal_weight=491.143 471.808 462.864 19.3349 449.627 404.681 44.9451 392.834 53.6614 339.173 290.561 260.988 237.798 58.838 178.96 39.8524 143.383 67.7796 57.8277 22.5897 75.6032 29.6353 41.8452 45.968 31.8261 18.5819 29.5732 20.6627 35.238 37.0757 35.5773 48.6118 26.9693
internal_count=1704 1627 1597 77 1549 1399 150 1361 175 1186 1010 915 825 194 631 133 483 217 189 80 266 96 134 170 125 73 95 70 109 121 148 176 91
is_linear=0
shrinkage=0.0144862


Tree=126
num_leaves=21
num_cat=0
split_feature=1 1 4 2 2 2 2 4 4 2 2 2 1 2 2 1 2 4 2 4
split_gain=3.77723 3.95983 3.53601 3.02807 10.1879 6.18775 6.83019 3.71832 5.45707 3.59817 2.93215 2.74338 2.49062 2.47185 5.18727 2.33981 2.13089 1.8811 1.82114 1.20968
threshold=2.1137352703750172 1.4140920485755559 2.1250364861237432 -0.69972874731304169 1.0000000180025095e-35 0.031977609934829745 0.72059368467215046 -0.91129731355121979 -1.3439458341595358 1.0791826756702754 -0.44487891645451161 1.0000000180025095e-35 -0.58612781837144456 0.89442266433793904 1.3729082814080018 -0.23380133559262892 0.93259231458760772 0.10261202914880686 1.5120648737530427 0.14714151563529135
decision_type=2 2 2 2 2 2 2 2 2 2 2 2 2 2 2 2 2 2 2 2
left_child=1 2 3 12 10 -6 15 8 9 -8 -5 -2 -1 -9 -15 -7 -10 -12 -16 -17
right_child=11 -3 -4 4 5 6 7 13 16 -11 17 -13 -14 14 18 19 -18 -19 -20 -21
leaf_value=0.0036450100846909714 0.00079098537544442166 0.011774838464690329 -0.0050398416961968855 0.016225663375785914 -0.0014806716267924064 0.0051785511964887931 -0.0031077493151820497 0.0013658230788107743 -0.0025441131153720897 0.0090958059788456003 0.010552443088141303 -0.00997123404586262 -0.00041192445622927179 0.013895085604748138 0.00036318705887914131 0.014922524038306201 -0.01184793701542093 0.0038408567654155427 0.0067874738234264421 0.0077391242031931802
leaf_weight=44.580343291163445 10.541252866387369 8.8828803151845914 13.230512753129004 10.441549852490423 70.376149043440819 18.752989813685417 8.6199852079153079 52.420052617788315 10.646788358688356 11.06807294487953 19.365490809082985 8.7690135538578016 107.41709671914577 12.276787027716635 20.925077199935913 12.96525450050831 9.5054778307676298 15.582715868949888 15.947206214070318 7.868156135082244
leaf_count=140 37 30 48 36 268 62 30 174 43 33 67 40 378 43 70 48 38 48 46 25
internal_value=0.00215383 0.00241147 0.00222631 0.00244406 0.00329519 0.00215445 0.00356922 0.0020812 -0.00165183 0.00370198 0.00958353 -0.00405891 0.000782535 0.00354733 0.00587327 0.0088604 -0.00691334 0.00757975 0.00316795 0.0121973
internal_weight=490.183 470.873 461.99 448.759 296.762 251.372 180.996 141.409 39.8403 19.6881 45.3898 19.3103 151.997 101.569 49.1491 39.5864 20.1523 34.9482 36.8723 20.8334
internal_count=1704 1627 1597 1549 1031 880 612 477 144 63 151 77 518 333 159 135 81 115 116 73
is_linear=0
shrinkage=0.0144862


Tree=127
num_leaves=22
num_cat=0
split_feature=1 3 3 3 3 1 2 3 3 3 3 3 3 1 2 2 3 1 1 1 1
split_gain=3.67531 4.20439 12.2393 3.5755 7.35717 3.60003 2.67743 2.56192 2.5045 13.1601 5.91263 4.25463 3.52285 5.13345 3.37327 3.00128 2.34769 2.17481 1.94752 1.51157 6.56981
threshold=2.1137352703750172 1.7724413147135019 1.1363373556406191 0.96968499839693922 0.53389171656532852 -0.36979102111976109 1.0000000180025095e-35 1.9430900739760919 -0.45773049097128432 -0.1351705938880626 -0.52401811727297753 0.26160392451939263 -1.1079474925031649 -0.23380133559262892 0.93259231458760772 0.031977609934829745 0.46814851029914545 0.12893343160996845 1.3094291958364745 -0.36979102111976109 -0.99189156790407906
decision_type=2 2 2 2 2 2 2 2 2 2 2 2 2 2 2 2 2 2 2 2 2
left_child=1 2 3 4 8 -5 -2 -3 10 -10 12 17 13 19 -14 -15 -13 -11 -12 20 -1
right_child=6 7 -4 5 -6 -7 -8 -9 9 11 18 16 14 15 -16 -17 -18 -19 -20 -21 -22
leaf_value=-0.0031322368836901272 0.00078049191734112062 -0.0080148029852499768 0.015547202318721002 0.0044619014872383251 0.012165669359820273 -0.0042487962674750291 -0.0098605073721288877 0.00069327206317515043 0.016278567307932909 0.0087531996124312807 -0.0025658400256922454 -0.00025541863260228402 0.0044923375242572079 0.002140245796563875 0.014216433676156649 0.010471232900964161 0.0058609299097345108 0.0011763570024581184 0.0033930749744958237 -0.0041185152229984518 0.01142150129653766
leaf_weight=23.293215408921242 10.542018115520479 12.023053988814356 14.679169803857802 14.054817661643026 16.201617538928986 31.589084982872009 8.7411080747842771 16.125940695405006 15.355755493044851 25.897256642580032 72.646161496639252 82.416068345308304 30.770181775093079 19.87074026465416 9.4425514936447126 16.090933069586754 15.235647141933439 11.064372003078459 13.26142707467079 21.587238639593128 8.5087345838546735
leaf_count=78 37 50 47 44 55 123 40 54 52 82 272 292 101 67 29 51 47 38 45 76 24
internal_value=0.00212633 0.00238069 0.00272652 0.0022786 0.0027365 -0.00153593 -0.00400629 -0.00300727 0.00231203 0.00374748 0.0013112 0.00229756 0.00326117 0.00166185 0.00680508 0.00586296 0.000712067 0.00645677 -0.00162933 -0.00118055 0.000804795
internal_weight=489.397 470.114 441.965 427.286 381.642 45.6439 19.2831 28.149 365.44 149.969 215.471 134.613 129.564 89.3509 40.2127 35.9617 97.6517 36.9616 85.9076 53.3892 31.8019
internal_count=1704 1627 1523 1476 1309 167 77 104 1254 511 743 459 426 296 130 118 339 120 317 178 102
is_linear=0
shrinkage=0.0144862


Tree=128
num_leaves=22
num_cat=0
split_feature=4 4 4 4 3 3 3 3 1 1 4 1 1 1 1 3 3 3 1 1 4
split_gain=3.63814 14.2265 5.76256 7.18781 3.66489 3.28395 3.05389 2.4335 2.4169 5.17055 2.10883 2.99673 2.00744 7.32567 2.5301 2.34676 1.97883 1.58401 1.56714 1.45359 1.40937
threshold=-0.19473967275523335 -0.57804390007765316 -0.10117990212194466 0.10261202914880686 -0.39637255817794798 1.7724413147135019 -0.066753148546350963 1.9430900739760919 0.17446091209929657 0.53178439119669474 0.63210246353473143 -0.65883284006285803 -0.23380133559262892 0.43977337224892188 -0.36979102111976109 0.26160392451939263 -0.63665922088383342 0.53389171656532852 -0.65883284006285803 -0.36979102111976109 1.3653437089470024
decision_type=2 2 2 2 2 2 2 2 2 2 2 2 2 2 2 2 2 2 2 2 2
left_child=1 5 18 -4 8 12 -6 -7 10 -10 19 -12 14 -14 16 -15 -1 -3 -2 -5 -8
right_child=2 17 3 4 6 7 20 -9 9 -11 11 -13 13 15 -16 -17 -18 -19 -20 -21 -22
leaf_value=-0.0024368379422102112 0.0010200486701978559 0.010374888875497014 0.011915927814671299 0.0072803427136086249 0.0091650780324663526 -0.0095681505099572753 0.0034001310650209043 0.00067621370226245549 -0.0094238417467676482 0.001387283124778293 -0.0047012108272428505 0.0024766937932035105 0.01411022088558659 0.0050092724742373295 -0.0017601098292568623 -0.00031774432438191799 0.0051018415736901581 0.017435595901638543 -0.0042543223967486049 0.00071302890100489753 -0.0013002296605444468
leaf_weight=8.9102970808744413 15.555907770991324 19.081698253750805 14.267833784222601 15.298854857683184 16.411812722682953 8.0309980064630526 58.468272432684898 11.158880069851874 16.149706244468689 20.748581498861313 21.296789735555645 27.462682306766514 12.960135556757448 34.838479369878769 36.121354654431343 33.766633063554764 32.66589392721653 10.263761609792708 45.613354131579399 12.51480773091316 16.883733302354813
leaf_count=29 54 68 49 47 50 35 191 38 66 69 77 96 42 115 123 123 104 36 193 43 56
internal_value=0.00210006 0.00355163 0.00102441 0.00211869 0.00142684 0.00201488 0.00357358 -0.0035851 -0.000311489 -0.00334269 0.00114939 -0.000655732 0.00269504 0.00427901 0.00103132 0.00239353 0.00345103 0.0128324 -0.00289469 0.00431088 0.00234258
internal_weight=488.47 207.798 280.672 219.503 205.235 178.453 91.7638 19.1899 113.471 36.8983 76.5731 48.7595 159.263 81.5652 77.6975 68.6051 41.5762 29.3455 61.1693 27.8137 75.352
internal_count=1704 713 991 744 695 609 297 73 398 135 263 173 536 280 256 238 133 104 247 90 247
is_linear=0
shrinkage=0.0144862


Tree=129
num_leaves=22
num_cat=0
split_feature=0 0 0 0 0 3 1 1 0 0 3 3 3 3 0 0 1 1 3 0 0
split_gain=3.81727 5.15582 9.19523 7.24077 9.48642 7.16485 4.16005 4.09624 3.34553 7.61837 6.26077 7.93735 4.09882 3.20446 1.91529 3.61594 3.55346 2.04552 1.70082 1.48364 4.07537
threshold=-1.401028123136814 -0.89842377837745824 -1.2326299864875967 -0.36293145898140472 1.0000000180025095e-35 1.7724413147135019 0.12893343160996845 1.5282772386870376 0.1303845022848949 0.44263003055698064 -0.45773049097128432 0.26160392451939263 0.26160392451939263 -0.066753148546350963 1.4564283712933748 0.59924483391311634 0.26426662399830736 -0.58612781837144456 -0.52401811727297753 -0.85624376196354024 -0.56066171805965881
decision_type=2 2 2 2 2 2 2 2 2 2 2 2 2 2 2 2 2 2 2 2 2
left_child=13 2 6 7 -5 8 -2 19 12 -10 14 -12 -6 -1 15 18 -17 -16 -11 -3 -21
right_child=1 3 -4 4 5 -7 -8 -9 9 10 11 -13 -14 -15 17 16 -18 -19 -20 20 -22
leaf_value=-0.010774154368086382 0.0076821288390612717 -0.0028339200626520638 0.0138919881677188 0.011516909159533613 0.0028788923928150497 -0.0096291902526038451 -0.003303948757005713 -0.01133655493612756 0.012863841753093982 0.0016228511588495551 0.014149342990169098 0.0031911101206589243 -0.004480344625923843 -4.1301629312877935e-05 0.0020109364163557195 0.0026298109109152853 0.013367024018918783 -0.0052059257178174176 -0.0049915467114385187 0.0073308174310835403 -0.00091558548551710028
leaf_weight=7.8715641796588924 12.251134172081949 36.371963858604431 21.35373929142952 25.255045920610428 39.260186031460762 9.7589831501245481 16.42480930685997 7.3141795843839637 17.050958335399628 16.171673700213432 18.663757935166359 50.49426631629467 26.06980374455452 19.428573563694954 13.352043539285658 27.864260472357273 7.9806986749172202 20.084939211606979 15.652528643608095 15.227608904242514 63.837422713637352
leaf_count=30 39 141 64 83 131 41 61 33 56 55 63 163 100 67 43 94 24 72 60 46 238
internal_value=0.00207302 0.00238511 0.0067579 0.00184946 0.00310523 0.00228868 0.00143955 -0.00109138 0.0027593 0.00374287 0.00281723 0.00616404 -5.45265e-05 -0.00314997 0.000521514 0.00191505 0.00505474 -0.00230044 -0.00161258 -0.000427014 0.000685083
internal_weight=487.74 460.44 50.0297 410.41 287.659 262.404 28.6759 122.751 252.645 187.315 170.264 69.158 65.33 27.3001 101.106 67.6692 35.845 33.437 31.8242 115.437 79.065
internal_count=1704 1607 164 1443 985 902 100 458 861 630 574 226 231 97 348 233 118 115 115 425 284
is_linear=0
shrinkage=0.0144862


Tree=130
num_leaves=20
num_cat=0
split_feature=4 4 4 4 2 2 1 1 2 2 4 4 4 2 2 1 2 2 2
split_gain=3.54888 13.8852 5.52073 6.99013 3.26114 3.21067 2.52485 6.28651 2.75399 2.39146 2.25754 2.10077 2.39815 1.84506 2.99741 1.71689 1.22714 1.22544 3.45733
threshold=-0.19473967275523335 -0.57804390007765316 -0.10117990212194466 0.10261202914880686 -0.87436949230096472 0.057542657545605544 -0.30976332809883261 0.43977337224892188 0.93259231458760772 1.4782987723741299 2.1250364861237432 0.81204465305063289 1.0270923166762205 1.0000000180025095e-35 -0.64270501345133713 0.43977337224892188 1.7563395152780161 -0.87436949230096472 -1.2536974192686836
decision_type=2 2 2 2 2 2 2 2 2 2 2 2 2 2 2 2 2 2 2
left_child=1 4 9 -4 -1 10 8 -8 -6 -2 13 15 -13 14 17 -7 -10 18 -5
right_child=2 -3 3 5 6 11 7 -9 16 -11 -12 12 -14 -15 -16 -17 -18 -19 -20
leaf_value=-0.0046075019019422379 -0.0041822349482488787 0.012714385456364304 0.01177855194721442 -0.00045688770352303931 0.002326379121779412 0.0082562214681156827 0.013221969382497561 0.002530061976027319 -0.0073748089441463792 0.0032517764434112873 -0.0058344782030288964 -0.0048728876898961578 0.0047831677143672533 -0.002444887139219724 0.0065308924643460251 0.0016156968836187513 -0.00054388022658171623 -0.0015175567754723554 0.0081521426625156788
leaf_weight=14.115268424153326 50.39057233184576 28.9862996712327 14.098663270473478 33.858083844184868 64.952974319458008 26.576774209737778 13.667476512491701 63.723016202449799 9.7028741836547869 10.691534221172331 11.487811803817747 9.1699352860450762 11.832726642489432 29.239589646458626 20.715684920549393 11.367946192622183 11.840370401740072 37.31414461135865 13.230763390660284
leaf_count=50 213 104 49 108 215 79 45 224 38 34 43 34 35 118 65 36 37 137 40
internal_value=0.00204652 0.0034834 0.000983258 0.0020564 0.00196964 0.00137649 0.00254352 0.00443975 0.000845242 -0.00285488 0.000223299 0.00421828 0.000579138 0.000749511 0.00164428 0.0062483 -0.00360067 0.000434146 0.00197857
internal_weight=486.963 206.988 279.974 218.892 178.002 204.793 163.887 77.3905 86.4962 61.0821 145.846 58.9474 21.0027 134.358 105.119 37.9447 21.5432 84.403 47.0888
internal_count=1704 713 991 744 609 695 559 269 290 247 511 184 69 468 350 115 75 285 148
is_linear=0
shrinkage=0.0144862


Tree=131
num_leaves=20
num_cat=0
split_feature=1 1 4 2 2 2 2 4 4 2 2 4 1 1 2 2 2 4 2
split_gain=3.53522 3.79124 3.32649 2.77868 9.52652 5.58044 6.35653 3.60976 5.31445 3.46816 2.96194 2.59949 2.40108 2.35368 2.31958 4.96326 2.1018 1.84911 1.6481
threshold=2.1137352703750172 1.4140920485755559 2.1250364861237432 -0.69972874731304169 1.0000000180025095e-35 0.031977609934829745 0.72059368467215046 -0.91129731355121979 -1.3439458341595358 1.0791826756702754 -0.44487891645451161 -0.12388201523749372 -0.58612781837144456 -0.23380133559262892 0.89442266433793904 1.3729082814080018 0.93259231458760772 0.10261202914880686 1.5120648737530427
decision_type=2 2 2 2 2 2 2 2 2 2 2 2 2 2 2 2 2 2 2
left_child=1 2 3 12 10 -6 13 8 9 -8 -5 -2 -1 -7 -9 -16 -10 -12 -17
right_child=11 -3 -4 4 5 6 7 14 16 -11 17 -13 -14 -15 15 18 -18 -19 -20
leaf_value=0.0035251360115558434 0.0005411399301540761 0.011537930804894295 -0.0049657910620404888 0.016061414565692819 -0.0014287358616834353 0.0048301987979614287 -0.0031204838566344581 0.0012842575411392445 -0.0025963125356280418 0.0088986003190062116 0.010247309443769904 -0.010014959745355075 -0.00046634291509319216 0.011943482911730493 0.013655357683670166 0.00037672056465499251 -0.011855701481967084 0.0035355916832776405 0.0065102490712192849
leaf_weight=44.404074236750603 10.854131221771242 8.6828943043947202 13.196495622396467 10.12695452570915 70.23720645904541 18.425397008657455 8.5911571383476275 52.245332777500153 10.617601349949839 10.954522326588629 18.888864532113075 8.3242719992995244 106.93335668742657 20.293842881917953 11.908067449927328 20.906970083713531 9.4564055204391462 15.393812447786329 15.757619872689245
leaf_count=140 39 30 48 36 268 62 30 174 43 33 67 38 378 73 43 70 38 48 46
internal_value=0.00202031 0.00227076 0.00209017 0.00230282 0.00312376 0.00202281 0.00337725 0.00194534 -0.00174151 0.00356465 0.00927738 -0.00401044 0.000709244 0.00854637 0.00339637 0.00566746 -0.00694031 0.0072533 0.00303816
internal_weight=486.199 467.021 458.338 445.141 293.804 249.394 179.157 140.438 39.6197 19.5457 44.4096 19.1784 151.337 38.7192 100.818 48.5727 20.074 34.2827 36.6646
internal_count=1704 1627 1597 1549 1031 880 612 477 144 63 151 77 518 135 333 159 81 115 116
is_linear=0
shrinkage=0.0144862


Tree=132
num_leaves=26
num_cat=0
split_feature=0 0 0 0 0 3 4 4 4 0 0 3 3 3 3 4 3 0 0 0 3 4 0 0 0
split_gain=3.68168 5.00633 8.95653 6.92887 9.15554 7.00296 4.06443 3.66614 4.28283 3.23377 7.37783 6.07677 7.74221 3.98843 3.07676 3.46959 2.64341 1.8557 3.47039 1.66655 1.63413 1.57006 2.45228 1.53902 1.38795
threshold=-1.401028123136814 -0.89842377837745824 -1.2326299864875967 -0.36293145898140472 1.0000000180025095e-35 1.7724413147135019 1.1757980732605351 -0.91129731355121979 -0.12388201523749372 0.1303845022848949 0.44263003055698064 -0.45773049097128432 0.26160392451939263 0.26160392451939263 -0.066753148546350963 0.92007127330637772 0.46814851029914545 1.4564283712933748 0.59924483391311634 -0.60639027011290902 -0.52401811727297753 -0.019387997796534596 -0.51025422056031999 -0.85624376196354024 -0.85624376196354024
decision_type=2 2 2 2 2 2 2 2 2 2 2 2 2 2 2 2 2 2 2 2 2 2 2 2 2
left_child=14 2 -2 6 -5 9 7 -3 16 13 -11 17 -13 -6 -1 -16 -9 18 20 -8 -12 24 23 -23 -10
right_child=1 3 -4 4 5 -7 19 8 21 10 11 12 -14 -15 15 -17 -18 -19 -20 -21 -22 22 -24 -25 -26
leaf_value=-0.010617454641729938 0.0013850414557610487 -0.0079196524692547628 0.013726891452649949 0.011334010900429195 0.0028000361479174141 -0.0095977196928640797 -0.012437758378625931 0.00066958530342443683 -0.0099874396705030444 0.012691865400579301 0.0015642317563088466 0.014007294894070613 0.003120766927067439 -0.0044701967367553061 -0.00516738889408371 0.0069877743099760478 0.0099389246368648144 -0.0023077199433466371 0.0049304791733599087 -0.0034032265206197809 -0.0049261359112746572 0.00077726485289207441 -0.0034159859632060833 0.0078029388013953083 -0.0019399173593871262
leaf_weight=7.8580911606550243 28.593302339315414 10.806616082787512 21.081177309155464 24.881170362234116 39.154549539089203 9.7231214642524701 7.9416818469762829 11.06635318696499 6.080907106399537 16.791665852069855 16.131827712059021 18.359055802226067 50.438553616404533 25.987355917692184 11.27292486280203 8.0903811454772931 14.420802801847456 33.380989879369736 35.691625379025936 8.6727509945631009 15.623520210385324 18.906645208597183 20.082127049565319 9.4992224127054197 14.908238261938095
leaf_count=30 100 46 64 83 131 41 33 38 30 56 55 63 163 100 42 25 44 115 118 31 60 69 77 28 62
internal_value=0.00199442 0.00230194 0.00662681 0.00177352 0.00300612 0.0022061 -0.0011066 -6.38671e-05 0.000847321 0.00267254 0.00364256 0.00273471 0.00604224 -9.70736e-05 -0.0031424 -8.88501e-05 0.00588793 0.000471547 0.00184627 -0.00769175 -0.00161157 -0.00100996 0.000413361 0.00313905 -0.00429381
internal_weight=485.445 458.223 49.6745 408.549 286.163 261.282 122.385 105.771 94.9643 251.559 186.417 169.626 68.7976 65.1419 27.2214 19.3633 25.4872 100.828 67.447 16.6144 31.7553 69.4771 48.488 28.4059 20.9891
internal_count=1704 1607 164 1443 985 902 458 394 348 861 630 574 226 231 97 67 82 348 233 64 115 266 174 97 92
is_linear=0
shrinkage=0.0144862


Tree=133
num_leaves=27
num_cat=0
split_feature=0 0 0 0 3 3 3 3 4 4 0 0 0 4 3 3 3 3 3 3 4 4 3 0 3 0
split_gain=3.5819 4.88233 8.79786 6.77429 4.1179 6.72409 6.52418 2.98931 3.3746 2.51721 3.91274 3.04134 4.87172 3.23694 2.29184 3.84776 5.39232 2.66256 2.52418 4.58735 2.20746 2.11908 2.06475 1.55133 1.4961 1.24604
threshold=-1.401028123136814 -0.89842377837745824 -1.2326299864875967 -0.85624376196354024 1.7724413147135019 1.9430900739760919 1.1363373556406191 -0.066753148546350963 0.92007127330637772 0.81204465305063289 -0.27665448525149644 1.4564283712933748 0.64540872178191366 0.43558507731961271 -0.52401811727297753 -0.45773049097128432 -0.066753148546350963 -0.72708080788056562 0.3295906199428984 0.96968499839693922 -0.12388201523749372 1.1330741393238297 -0.1351705938880626 0.070995917162297806 -0.17025876430858886 0.070995917162297806
decision_type=2 2 2 2 2 2 2 2 2 2 2 2 2 2 2 2 2 2 2 2 2 2 2 2 2 2
left_child=7 2 -2 -3 6 -6 9 -1 -9 11 22 12 13 14 17 -16 -17 -5 -18 25 -14 -12 -11 -21 -13 -20
right_child=1 3 -4 4 5 -7 -8 8 -10 10 21 24 20 -15 15 16 18 -19 19 23 -22 -23 -24 -25 -26 -27
leaf_value=-0.010464863643411962 0.0013646444036523376 -0.0039610354133274321 0.013619968048006739 0.0021925987045389199 -0.013622255606326933 0.0037939941618257049 0.014924678428421184 -0.0050918222879122749 0.0068998402963634372 -0.0020629782506940315 -0.0011004592413529563 -0.0021159889598457151 0.009399094324873257 0.0088238947459868128 -0.0031043520237170235 0.011661985928928829 -0.0011543443331628711 0.0099953624597771875 0.013366666164861618 0.0036836911128835725 0.0035907724793569277 0.0065105029468975869 -0.011330553423263312 -0.0034204512675571471 0.003941973981606936 0.0055058520129764232
leaf_weight=7.859863921999934 28.59350922703743 38.997866824269295 20.941486462950706 26.016185134649277 8.4035580456256884 9.5100470036268216 8.5162345319986326 11.277922645211222 8.0782967805862409 14.524710372090341 14.374545156955721 33.136403307318687 36.1196628510952 14.803322941064833 35.68591545522213 11.330661326646803 45.427440494298935 13.704758882522581 8.711403891444208 11.608251795172693 21.858186691999435 15.486322730779646 7.3009754866361609 13.525094792246817 11.033168405294417 7.8410331010818473
leaf_count=30 100 155 64 90 38 32 27 42 25 55 50 114 117 44 135 39 170 46 29 41 75 46 28 51 33 28
internal_value=0.00196879 0.00227258 0.00655011 0.00175064 0.00235728 -0.00433967 0.00270344 -0.00309856 -8.71681e-05 0.00239054 -0.000543794 0.00291357 0.00354028 0.00241127 0.00185484 0.000948819 0.0024224 0.00489523 0.00120003 0.00375909 0.0072008 0.00282977 -0.00517164 -0.000105657 -0.000570805 0.0096142
internal_weight=484.667 457.451 49.535 407.916 368.918 17.9136 351.004 27.2161 19.3562 342.488 51.6866 290.801 246.632 188.654 173.851 134.13 98.4439 39.7209 87.1132 41.6858 57.9778 29.8609 21.8257 25.1333 44.1696 16.5524
internal_count=1704 1607 164 1443 1288 70 1218 97 67 1191 179 1012 865 673 629 493 358 136 319 149 192 96 83 92 147 57
is_linear=0
shrinkage=0.0144862


Tree=134
num_leaves=24
num_cat=0
split_feature=1 3 3 3 3 1 1 1 1 1 1 2 2 3 2 2 2 2 3 3 3 3 2
split_gain=3.38466 3.86847 11.6158 3.32859 6.94456 3.39018 2.59384 8.33378 3.6132 6.01016 3.325 3.43554 2.56471 2.21024 2.10136 1.84391 2.25789 1.64345 1.54305 6.91978 2.26784 2.08016 1.4943
threshold=2.1137352703750172 1.7724413147135019 1.1363373556406191 0.96968499839693922 0.61794179435526442 -0.36979102111976109 -0.23380133559262892 0.12893343160996845 -0.36979102111976109 -0.48979541740326532 0.53178439119669474 0.031977609934829745 1.0000000180025095e-35 1.9430900739760919 1.0000000180025095e-35 -0.74937431280164934 -0.64270501345133713 1.0000000180025095e-35 -0.45773049097128432 0.26160392451939263 -0.52401811727297753 -1.1079474925031649 -0.83159057183178042
decision_type=2 2 2 2 2 2 2 2 2 2 2 2 2 2 2 2 2 2 2 2 2 2 2
left_child=1 2 3 4 6 -5 8 17 9 18 22 15 -2 -3 -10 -12 -17 -8 20 -20 21 -1 -9
right_child=12 13 -4 5 -6 -7 7 10 14 -11 11 -13 -14 -15 -16 16 -18 -19 19 -21 -22 -23 -24
leaf_value=-0.00059563793896389252 0.00073498712285360141 -0.0076970614888360487 0.015251215944475077 0.0042338717372647902 0.013113276219592336 -0.0042394555345038869 0.0070558534943300283 -0.0058379997145194462 0.0016137185061987037 0.011880987056067925 0.0056911534064060165 0.0085533273011566824 -0.0097307517115119112 0.00044086612635893464 -0.0030031722943488913 -0.0058618046053383237 0.0027626803477239373 0.014608487063386711 0.010227241771639133 -0.00047863254119676058 -0.0042419243999691821 0.0058175329918079347 0.00058445838782260231
leaf_weight=27.550768300890915 10.449067443609239 11.856737434864046 14.14445775747299 13.985984295606611 12.18182088434696 31.415072903037071 10.527519702911379 8.4890245646238309 34.039830803871155 12.959350347518919 15.551961630582808 25.100016564130783 8.648383863270281 15.96678541600704 51.361877754330635 9.9922967106103879 16.110015168786052 13.862823233008383 19.516672834753997 34.248302727937698 17.790772825479507 16.644470289349556 51.478479415178299
leaf_count=90 37 50 47 44 42 123 36 31 116 42 47 84 40 54 191 40 61 44 62 113 67 52 191
internal_value=0.00194374 0.00218946 0.00252306 0.00208997 0.00253542 -0.00159908 0.00217545 0.00362657 0.00114965 0.00267913 0.00213463 0.00434936 -0.00396953 -0.00300879 -0.0011556 0.00180858 -0.000539463 0.0113168 0.00163181 0.00341819 7.5641e-05 0.00182257 -0.000335396
internal_weight=483.872 464.775 436.952 422.807 377.406 45.4011 365.224 151.112 214.112 128.71 126.722 66.7543 19.0975 27.8235 85.4017 41.6543 26.1023 24.3903 115.751 53.765 61.986 44.1952 59.9675
internal_count=1704 1627 1523 1476 1309 167 1267 534 733 426 454 232 77 104 307 148 101 80 384 175 209 142 222
is_linear=0
shrinkage=0.0144862


Tree=135
num_leaves=23
num_cat=0
split_feature=0 0 0 0 0 2 0 0 0 4 0 0 0 0 2 0 4 2 2 0 2 2
split_gain=3.52784 4.73453 8.57185 6.52372 8.80402 4.63493 4.25121 9.07589 3.88404 2.96611 2.71281 6.58775 3.00965 4.08045 2.94493 3.53151 2.59107 2.54562 2.34213 1.7734 1.46501 1.29843
threshold=-1.401028123136814 -0.89842377837745824 -1.2326299864875967 -0.36293145898140472 1.0000000180025095e-35 0.81499198357074809 0.1303845022848949 0.44263003055698064 -0.85624376196354024 1.8211092833189537 1.4564283712933748 0.59924483391311634 1.0914303853726597 1.0583229136861065 -0.89690988008132255 1.7674227663812838 1.7227347058862532 0.72059368467215046 0.15045086667480623 0.53564922200162013 0.72059368467215046 -0.89690988008132255
decision_type=2 2 2 2 2 2 2 2 2 2 2 2 2 2 2 2 2 2 2 2 2 2
left_child=16 2 18 5 -5 9 -6 -8 -7 17 11 19 13 -13 -12 -16 -1 21 -2 -9 -15 -3
right_child=1 3 -4 4 6 8 7 10 -10 -11 14 12 -14 20 15 -17 -18 -19 -20 -21 -22 -23
leaf_value=-0.00024704841035882541 -0.003248540729622319 -0.0057843221093075549 0.01347024351124919 0.011140577336409364 -0.00095182631408887244 -0.0035057383365671049 0.012942443359772205 0.0049284526439700854 0.0082845657757336273 -0.011029184463786368 -0.00638371231236188 0.0098329676738790148 0.013143791727707136 -4.6819439416588823e-05 -0.0022409211686028325 0.0076231605919772688 -0.0098440247237261552 -0.0058667890600104773 0.0049743914382582412 -0.0012891637666099353 0.0065473204740848527 0.00041230936655751061
leaf_weight=19.057621985673908 12.73092567920685 7.6975828707218161 20.734812006354332 24.499324083328247 68.901547491550446 8.3691328167915362 17.907860457897186 11.465969249606131 17.141299620270729 7.5934149622917166 13.622130975127218 22.041161060333252 11.262562811374663 23.983725011348724 19.01822625100613 12.063198968768118 8.0912896543741208 23.406370356678963 15.832520976662634 50.367835715413094 9.5038968026638013 57.741965115070343
leaf_count=67 52 27 64 83 249 30 60 39 53 31 49 77 38 81 65 36 30 95 48 181 27 222
internal_value=0.00191933 0.00222148 0.00644403 0.00170701 0.00290698 -0.00109189 0.0021247 0.00323447 0.00435188 -0.00254634 0.00221937 0.00328489 0.00643004 0.0050463 -0.000841493 0.00159231 -0.00311567 -0.00180251 0.00133615 -0.000110794 0.00186509 -0.000335684
internal_weight=483.034 455.885 49.2983 406.587 284.637 121.95 260.138 191.237 25.5104 96.4393 173.329 128.625 66.7913 55.5288 44.7036 31.0814 27.1489 88.8459 28.5634 61.8338 33.4876 65.4395
internal_count=1704 1607 164 1443 985 458 902 653 83 375 593 443 223 185 150 101 97 344 100 220 108 249
is_linear=0
shrinkage=0.0144862


Tree=136
num_leaves=26
num_cat=0
split_feature=1 3 3 3 3 4 4 1 1 1 1 4 1 4 4 1 3 4 3 3 3 3 3 4 3
split_gain=3.29354 3.7842 11.348 3.19901 6.77088 5.16824 3.6046 3.33227 7.85462 4.6592 4.27252 3.63101 3.49608 5.444 4.44987 2.77606 3.61269 2.53288 2.11357 2.03877 1.87738 6.71574 2.27462 1.5488 1.32158
threshold=2.1137352703750172 1.7724413147135019 1.1363373556406191 0.96968499839693922 0.61794179435526442 -1.0097167494323618 1.7227347058862532 -0.23380133559262892 0.12893343160996845 -0.36979102111976109 -0.48979541740326532 0.10261202914880686 0.53178439119669474 -0.12388201523749372 0.54135008413308727 1.3094291958364745 -0.1351705938880626 -0.12388201523749372 1.9430900739760919 -0.52401811727297753 -0.45773049097128432 0.26160392451939263 -0.52401811727297753 0.26543698238015412 -0.45773049097128432
decision_type=2 2 2 2 2 2 2 2 2 2 2 2 2 2 2 2 2 2 2 2 2 2 2 2 2
left_child=1 2 3 4 6 -5 7 9 11 10 20 -9 13 -10 -15 24 -17 -2 -3 -11 22 -22 -1 -7 -14
right_child=17 18 -4 5 -6 23 -8 8 12 19 -12 -13 15 14 -16 16 -18 -19 -20 -21 21 -23 -24 -25 -26
leaf_value=0.0022418467337012807 0.00055703110777173559 -0.0076035308038303346 0.015133937477937488 -0.0093799520016538771 0.012986195995246013 0.0037568715155181075 -0.0028788428216516928 0.01724775966508723 0.005154839512576637 -0.0056290139543088711 0.011176937318484138 0.0056068954251244953 0.0053616575041113912 -0.0080972082368932271 0.0027756159040752395 0.0061612274429663494 -0.0023942574050855041 -0.0098989759819620386 0.0003665804899703523 -0.00014753052267554495 0.011947496454818556 0.00049244504818487817 -0.0041519069781051528 -0.0027123628843758159 0.012636279948164139
leaf_weight=39.242921799421303 10.79712848365307 11.818844705820085 13.95923066139221 12.521940425038336 12.033218562602995 21.086452171206474 27.507967174053192 12.376023784279825 25.253976292908192 18.29270975291729 12.001310110092161 9.8259479701518995 9.2872523739933985 19.474922508001328 12.758508488535879 27.338529855012894 16.105255201458931 8.2506465837359411 15.921949326992033 59.426914274692535 15.658716037869459 31.878159880638123 16.108730062842369 11.727415412664412 11.560499161481856
leaf_count=126 39 50 47 52 42 74 99 41 82 65 40 33 32 84 46 90 59 38 54 213 51 104 60 41 42
internal_value=0.001895 0.00213792 0.00246852 0.00204184 0.00247965 -0.00157698 0.00212523 0.00253705 0.00420206 0.00129118 0.00313966 0.0120541 0.00275767 0.000166088 -0.00376335 0.00506863 0.00298918 -0.00394558 -0.00301094 -0.00144178 0.00218589 0.00428553 0.000374797 0.00141646 0.00937781
internal_weight=482.215 463.167 435.427 421.467 376.132 45.3358 364.098 336.59 143.981 192.609 114.89 22.202 121.779 57.4874 32.2334 64.2915 43.4438 19.0478 27.7408 77.7196 102.889 47.5369 55.3517 32.8139 20.8478
internal_count=1704 1627 1523 1476 1309 167 1267 1168 509 659 381 74 435 212 130 223 149 77 104 278 341 155 186 115 74
is_linear=0
shrinkage=0.0144862


Tree=137
num_leaves=20
num_cat=0
split_feature=0 0 0 0 0 3 4 4 4 0 0 3 3 3 3 4 0 0 3
split_gain=3.41306 4.63383 8.3707 6.27758 8.55804 6.53946 3.841 3.22626 4.71533 2.97764 6.89993 5.68318 7.33279 3.87165 2.85926 3.30924 1.70459 3.19335 1.53467
threshold=-1.401028123136814 -0.89842377837745824 -1.2326299864875967 -0.36293145898140472 1.0000000180025095e-35 1.7724413147135019 1.8211092833189537 -0.91129731355121979 -0.12388201523749372 0.1303845022848949 0.44263003055698064 -0.45773049097128432 0.26160392451939263 0.26160392451939263 -0.066753148546350963 0.92007127330637772 1.4564283712933748 0.59924483391311634 -0.69988971929381505
decision_type=2 2 2 2 2 2 2 2 2 2 2 2 2 2 2 2 2 2 2
left_child=14 2 -2 6 -5 9 7 -3 -9 13 -11 16 -13 -6 -1 -16 17 18 -12
right_child=1 3 -4 4 5 -7 -8 8 -10 10 11 12 -14 -15 15 -17 -18 -19 -20
leaf_value=-0.010297115244161652 0.0013159214370847732 -0.0078585559753252369 0.013343577309453698 0.011003967701361313 0.0027187470137400556 -0.0093966644218174081 -0.010838126608956 0.0057499764523854966 -0.0013973969817674846 0.012337164896107169 0.0020714832501406229 0.013711378717535734 0.0029881132355822041 -0.0044604801990061945 -0.0050966022056420993 0.0068074916479042404 -0.0022679665667143744 0.0046900142836966167 -0.0043065558302885906
leaf_weight=7.8383837640285519 28.510830447077751 10.730137661099432 20.54344417154789 24.234067484736443 39.013844832777977 9.6213667839765531 7.5644573122262946 25.319163084030151 78.100010350346565 16.32453179359436 13.296231627464296 17.779778510332108 50.255033314228058 25.850900858640671 11.227308861911299 8.0358962118625623 33.308367028832436 35.460346750915051 18.340799167752266
leaf_count=30 100 46 64 83 131 41 31 82 299 56 45 63 163 100 42 25 115 118 70
internal_value=0.00187121 0.0021692 0.00635738 0.00165971 0.00284009 0.00207012 -0.00108764 -0.00042674 0.000358801 0.00252201 0.00345859 0.00258597 0.00580696 -0.000139688 -0.00308524 -0.000130465 0.000397274 0.00171964 -0.00160122
internal_weight=481.355 454.253 49.0543 405.199 283.485 259.251 121.714 114.149 103.419 249.63 184.765 168.441 68.0348 64.8647 27.1016 19.2632 100.406 67.0974 31.637
internal_count=1704 1607 164 1443 985 902 458 427 381 861 630 574 226 231 97 67 348 233 115
is_linear=0
shrinkage=0.0144862


Tree=138
num_leaves=21
num_cat=0
split_feature=0 0 0 0 1 2 2 0 1 1 2 0 2 1 0 0 0 0 0 1
split_gain=3.32006 4.51934 8.22195 6.18801 4.06628 3.5382 7.92424 3.8453 3.91419 8.01387 6.00485 4.05239 2.51465 2.30551 2.51049 2.15136 2.48487 1.75064 1.65271 1.5309
threshold=-1.401028123136814 -0.89842377837745824 -1.2326299864875967 -0.85624376196354024 0.12893343160996845 -0.69972874731304169 -0.38201714431718403 -0.56066171805965881 -0.23380133559262892 0.12893343160996845 1.0000000180025095e-35 -0.12679287446258472 0.057542657545605544 -0.58612781837144456 -0.27665448525149644 1.2149377170422428 0.53564922200162013 1.4564283712933748 0.64540872178191366 1.3094291958364745
decision_type=2 2 2 2 2 2 2 2 2 2 2 2 2 2 2 2 2 2 2 2
left_child=12 2 4 19 -2 13 -7 -8 10 -10 -9 -11 -1 15 -15 16 -5 18 -16 -3
right_child=1 3 -4 5 -6 6 7 8 9 11 -12 -13 -14 14 17 -17 -18 -19 -20 -21
leaf_value=-0.008217328595192093 0.0074907570133652488 -0.005729889671021361 0.013238863261351727 0.0058196331546059204 -0.0034025193093108821 0.014817447855950596 0.010735546253636447 0.010175778843867956 0.014273096161944275 -0.0018057887204171019 -0.00027987943942039397 0.0059581785671516388 0.0006014854982069385 -0.0053675665353484104 0.00011176236859252401 0.0077681628379105624 -0.0026316355095846846 -0.0033492517882542008 0.0054200640828531918 0.00045852230789467498
leaf_weight=11.233986400067808 12.175619632005693 27.13293120265007 20.407083183526993 12.278745338320734 16.335356280207634 11.581382438540457 11.491675704717634 12.389363601803778 14.952543094754217 25.317095898091793 116.37676754593849 30.874243795871735 15.861627563834189 19.598906368017197 43.673985123634338 14.239782646298407 16.706480652093887 19.632157117128372 16.680528983473778 11.723092392086981
leaf_count=45 39 111 64 39 61 43 34 41 51 102 414 110 52 76 156 41 58 68 55 44
internal_value=0.00184687 0.00214118 0.0062832 0.00163799 0.0012962 0.00222156 0.0033609 0.0027203 0.00224943 0.00496805 0.000743071 0.00246589 -0.00304193 0.000443065 -0.000769341 0.00322068 0.000974621 0.000365106 0.00158694 -0.00382973
internal_weight=480.663 453.568 48.9181 404.65 28.511 365.794 222.983 211.402 199.91 71.1439 128.766 56.1913 27.0956 142.811 99.5856 43.225 28.9852 79.9867 60.3545 38.856
internal_count=1704 1607 164 1443 100 1288 795 752 718 263 455 212 97 493 355 138 97 279 211 155
is_linear=0
shrinkage=0.0144862


Tree=139
num_leaves=21
num_cat=0
split_feature=0 0 0 0 1 2 2 0 1 1 2 0 2 1 0 0 0 0 0 1
split_gain=3.22946 4.40951 8.07332 6.01851 3.95292 3.44912 7.80865 3.76494 3.81546 7.89393 5.87095 3.9409 2.4455 2.24081 2.44172 2.09011 2.41603 1.70124 1.60663 1.4918
threshold=-1.401028123136814 -0.89842377837745824 -1.2326299864875967 -0.85624376196354024 0.12893343160996845 -0.69972874731304169 -0.38201714431718403 -0.56066171805965881 -0.23380133559262892 0.12893343160996845 1.0000000180025095e-35 -0.12679287446258472 0.057542657545605544 -0.58612781837144456 -0.27665448525149644 1.2149377170422428 0.53564922200162013 1.4564283712933748 0.64540872178191366 1.3094291958364745
decision_type=2 2 2 2 2 2 2 2 2 2 2 2 2 2 2 2 2 2 2 2
left_child=12 2 4 19 -2 13 -7 -8 10 -10 -9 -11 -1 15 -15 16 -5 18 -16 -3
right_child=1 3 -4 5 -6 6 7 8 9 11 -12 -13 -14 14 17 -17 -18 -19 -20 -21
leaf_value=-0.0081049835184331918 0.0073873958271276447 -0.0056576495703893771 0.013135966627429642 0.005740466164530663 -0.0033547095942452116 0.014749397732983723 0.010637644558621087 0.010089637360939596 0.014190347461417226 -0.001780189597105369 -0.00027585150774241785 0.005877979829466938 0.000593454822715925 -0.005296182135738031 0.00011005918001307217 0.0076579920300324511 -0.002594811440679622 -0.0033023241256390648 0.0053446312217657853 0.00045260708826441623
leaf_weight=11.227175034582617 12.170192316174509 27.08313162624836 20.271580949425697 12.27090507745743 16.332547768950462 11.469094693660734 11.432033076882361 12.317360073328016 14.824379831552504 25.315716400742531 116.37555195391178 30.844557903707027 15.85947063565254 19.578530669212341 43.67428682744503 14.237987563014029 16.702702969312668 19.626485779881477 16.67362168431282 11.724639594554899
leaf_count=45 39 111 64 39 61 43 34 41 51 102 414 110 52 76 156 41 58 68 55 44
internal_value=0.00182306 0.00211368 0.0062112 0.00161671 0.00127816 0.00219258 0.00331903 0.00268517 0.00221986 0.00490781 0.000732992 0.00243158 -0.00299857 0.000436848 -0.000758628 0.00317562 0.000961085 0.000359853 0.00156432 -0.00377843
internal_weight=480.012 452.925 48.7743 404.151 28.5027 365.343 222.579 211.11 199.678 70.9847 128.693 56.1603 27.0866 142.765 99.5529 43.2116 28.9736 79.9744 60.3479 38.8078
internal_count=1704 1607 164 1443 100 1288 795 752 718 263 455 212 97 493 355 138 97 279 211 155
is_linear=0
shrinkage=0.0144862


Tree=140
num_leaves=23
num_cat=0
split_feature=1 3 3 1 4 3 3 4 4 3 3 3 3 3 1 3 3 1 4 4 4 4
split_gain=3.13339 3.65918 11.0276 3.06701 2.88917 2.91398 5.53211 5.16152 2.43609 2.42016 11.0069 4.17397 3.2221 3.0557 2.08282 4.15399 1.95676 1.91945 1.31768 1.21218 1.38839 1.37195
threshold=2.1137352703750172 1.7724413147135019 1.1363373556406191 1.4140920485755559 2.1250364861237432 0.96968499839693922 0.61794179435526442 -1.0097167494323618 -0.12388201523749372 -0.45773049097128432 0.26160392451939263 -0.52401811727297753 -0.1351705938880626 -1.1079474925031649 -0.30976332809883261 0.46814851029914545 1.9430900739760919 0.12893343160996845 0.26543698238015412 0.26543698238015412 -0.53869556438618782 0.43558507731961271
decision_type=2 2 2 2 2 2 2 2 2 2 2 2 2 2 2 2 2 2 2 2 2 2
left_child=1 2 3 4 5 6 9 -7 -2 11 12 13 -11 19 -12 -16 -3 -14 -9 20 -1 -21
right_child=8 16 -4 -5 -6 7 -8 18 -10 10 14 -13 17 -15 15 -17 -18 -19 -20 21 -22 -23
leaf_value=0.00052153884229297516 0.00050305180273941023 -0.0074755879512175098 0.014969485780896359 0.010745231969649313 -0.004812677014308109 -0.0092672400928716994 0.012440948421723122 0.0036984159116870809 -0.0097810213173622085 0.015514413091490944 -0.00084032076831072134 -0.0013884456775962149 0.0093124367784144513 0.0063303572574153564 0.0009124863980333076 0.01185113550592241 0.0002182933359529298 0.0013972579416862755 -0.0023142999868836856 -0.0039407226579651795 0.0059058881631762023 0.0015069375235142429
leaf_weight=20.752354525029659 10.76927609741688 11.744012132287027 13.690759629011152 7.7374697327613822 13.120533317327498 12.479022726416586 10.816771432757376 21.034275218844414 8.1822043880820257 13.218690291047094 58.943063795566559 83.256071180105224 21.389084696769718 36.121820524334893 31.060675486922264 9.0875262618064863 15.815288364887236 8.8144329637289029 11.457922175526617 14.787976458668707 18.790843963623047 26.294515773653984
leaf_count=66 39 50 47 27 48 52 38 74 38 49 203 306 72 121 115 30 54 31 40 52 65 87
internal_value=0.00179954 0.00203729 0.00236327 0.00194432 0.00177314 0.00199364 0.0024356 -0.0014634 -0.00391152 0.00211234 0.00355273 0.00108429 0.00960597 0.00284745 0.000891827 0.0034184 -0.00304245 0.00700807 0.00155017 0.00128225 0.00307871 -0.00045517
internal_weight=479.365 460.413 432.854 419.163 411.426 398.305 353.334 44.9712 18.9515 342.517 142.513 200.004 43.4222 116.748 99.0913 40.1482 27.5593 30.2035 32.4922 80.6257 39.5432 41.0825
internal_count=1704 1627 1523 1476 1449 1401 1235 166 77 1197 500 697 152 391 348 145 104 103 114 270 131 139
is_linear=0
shrinkage=0.0144862


Tree=141
num_leaves=28
num_cat=0
split_feature=0 0 0 0 1 4 4 0 0 4 0 0 0 0 1 0 0 1 1 1 0 1 4 0 1 1 1
split_gain=3.12657 4.30795 7.87633 5.76424 3.84282 2.37536 2.35626 3.84655 2.99786 2.71193 2.09006 8.57586 5.04229 8.89393 5.20544 3.31232 7.0715 7.01893 5.54362 4.59565 4.50246 3.66994 1.98098 1.88747 1.73364 1.68557 1.45532
threshold=-1.401028123136814 -0.89842377837745824 -1.2326299864875967 -0.85624376196354024 0.12893343160996845 1.7227347058862532 0.81204465305063289 -0.27665448525149644 -0.51025422056031999 0.43558507731961271 0.1303845022848949 0.44263003055698064 1.0000000180025095e-35 -0.36293145898140472 1.3094291958364745 0.64540872178191366 1.4564283712933748 -0.17917218323731168 0.7572738500727203 0.3822059350685198 1.0914303853726597 -0.55715926190721443 1.1330741393238297 1.6010879020007087 0.12893343160996845 -0.093974670749442532 1.3094291958364745
decision_type=2 2 2 2 2 2 2 2 2 2 2 2 2 2 2 2 2 2 2 2 2 2 2 2 2 2 2
left_child=5 2 4 26 -2 -1 8 -8 -5 10 12 -12 13 14 -10 18 17 20 21 23 -17 -13 -9 -18 -15 -23 -3
right_child=1 3 -4 6 -6 -7 7 22 9 -11 11 15 -14 24 -16 16 19 -19 -20 -21 -22 25 -24 -25 -26 -27 -28
leaf_value=-0.00021356256611149537 0.0072878014912657833 -0.0055712263618461202 0.013007160973377976 0.0092703493915869267 -0.0033117599904064522 -0.0094184931434371129 -0.0052896428970890296 -0.0011573663457940663 0.0028420134270496808 0.0088257036438139872 0.013785539436829447 0.0024659824960557341 -0.0026956965618461256 0.016228048369699339 -0.0080947446555287208 0.0013497982607220721 -0.0018620753719824782 0.014739293877468742 0.0089891855852111489 -0.010567233243124325 0.01313039961572455 -0.0095274282789750576 0.0062240368245782534 0.004648820076294591 0.0071884906751953784 -0.0024349743127384661 0.0004667521826684437
leaf_weight=18.943682275712494 12.149900004267694 27.023441955447197 20.079783767461777 13.194111749529837 16.310191214084625 8.0813676267862302 21.907588094472885 14.315246015787126 33.982075743377209 12.443165525794027 13.92702181637287 15.716734424233431 54.180272057652473 9.3709620982408541 12.046168103814123 33.328692361712449 18.220607817173004 16.703232295811183 9.4250544309616071 7.8286858946084967 8.1159698069095594 14.765586912631985 15.355338141322134 18.266566246747971 8.1923864334821683 12.956250980496414 11.719060733914374
leaf_count=67 39 111 64 41 61 30 84 50 122 38 50 53 204 31 52 114 63 56 31 29 26 59 46 57 32 50 44
internal_value=0.00177682 0.00206333 0.00612372 0.00157184 0.00125882 -0.00297296 0.0021366 -0.000720421 0.0026098 0.00231104 0.00202258 0.00305229 0.000541728 0.00329796 -3.23156e-05 0.00207476 0.00358982 0.00690172 -0.00086021 -0.000747438 0.00371898 -0.00304983 0.00264591 0.0013881 0.0119742 -0.00620572 -0.00371254
internal_weight=478.549 451.524 48.5399 402.984 28.4601 27.025 364.242 51.5782 312.664 299.469 287.026 169.254 117.772 63.5916 46.0282 155.327 102.464 58.1479 52.8636 44.3159 41.4447 43.4386 29.6706 36.4872 17.5633 27.7218 38.7425
internal_count=1704 1607 164 1443 100 97 1288 180 1108 1067 1029 588 441 237 174 538 345 196 193 149 140 162 96 120 63 109 155
is_linear=0
shrinkage=0.0144862


Tree=142
num_leaves=20
num_cat=0
split_feature=1 3 3 1 4 3 3 4 4 3 3 3 3 3 1 3 1 3 4
split_gain=3.04477 3.59108 10.7678 2.97594 2.76196 2.79375 5.38582 5.00709 2.36418 2.34252 10.6078 3.96374 3.19938 2.95118 2.01336 4.03178 1.87403 1.86242 1.2849
threshold=2.1137352703750172 1.7724413147135019 1.1363373556406191 1.4140920485755559 2.1250364861237432 0.96968499839693922 0.61794179435526442 -1.0097167494323618 -0.12388201523749372 -0.45773049097128432 0.26160392451939263 -0.52401811727297753 -0.1351705938880626 -1.1079474925031649 -0.30976332809883261 0.46814851029914545 0.12893343160996845 1.9430900739760919 0.26543698238015412
decision_type=2 2 2 2 2 2 2 2 2 2 2 2 2 2 2 2 2 2 2
left_child=1 2 3 4 5 6 9 -7 -2 11 12 13 -11 -1 -12 -16 -14 -3 -9
right_child=8 17 -4 -5 -6 7 -8 18 -10 10 14 -13 16 -15 15 -17 -18 -19 -20
leaf_value=0.0012370541573547261 0.00046430283255838463 -0.0073848972292908481 0.014852753145209568 0.010616580121142725 -0.0047107032124724495 -0.0091438967873361133 0.012309181078793974 0.0036486064531101189 -0.0096828501433571263 0.015407283939356333 -0.00082441593342576821 -0.00135765648540189 0.009167227312810864 0.006209754685682042 0.00090634884147527007 0.011721251557810883 0.0013276470601798027 0.00013441457990058728 -0.0022913243637856088
leaf_weight=80.515803188085556 10.756951332092287 11.705599173903467 13.506513610482214 7.6546074450016013 13.10510294139385 12.434807077050207 10.689502462744711 21.024184301495552 8.1436360552906972 13.005991250276564 58.90262870490551 83.184179365634932 21.189021825790409 35.894806817173944 31.045512363314629 8.9946764558553678 8.7884272634983045 15.763404637575148 11.445925116539
leaf_count=270 39 50 47 27 48 52 38 74 38 49 203 306 72 121 115 30 31 54 40
internal_value=0.00175447 0.00198932 0.00231282 0.00190028 0.00173205 0.00194816 0.00238192 -0.00143896 -0.0038827 0.00206387 0.0034845 0.00105203 0.0094649 0.00277371 0.000878156 0.00336656 0.00687446 -0.00305113 0.00152703
internal_weight=477.751 458.851 431.382 417.875 410.221 397.115 352.211 44.9049 18.9006 341.521 141.926 199.595 42.9834 116.411 98.9428 40.0402 29.9774 27.469 32.4701
internal_count=1704 1627 1523 1476 1449 1401 1235 166 77 1197 500 697 152 391 348 145 103 104 114
is_linear=0
shrinkage=0.0144862


Tree=143
num_leaves=28
num_cat=0
split_feature=4 4 4 4 2 3 3 2 4 4 4 2 4 4 4 2 4 3 3 2 4 4 4 2 2 2 2
split_gain=3.01193 12.4354 4.61793 6.07767 3.16753 3.1452 2.45952 2.34267 2.3415 3.41802 2.56835 1.86138 2.98792 2.4337 6.80314 1.83276 5.14544 1.68454 2.09694 1.66235 7.15967 4.79784 5.09611 4.57973 2.8811 1.3396 2.04516
threshold=-0.19473967275523335 -0.57804390007765316 -0.10117990212194466 0.10261202914880686 -0.87436949230096472 -0.39637255817794798 -0.066753148546350963 1.4782987723741299 -1.6509421024785467 -1.5882449443731639 -1.1387745055992011 1.4782987723741299 -0.91129731355121979 -0.69152456002310403 -1.0904357891992069 0.15045086667480623 0.78703980624840864 0.53389171656532852 -0.1351705938880626 -1.2536974192686836 1.3653437089470024 0.92007127330637772 0.81204465305063289 -0.3262777788761167 0.22184729476744922 -0.87436949230096472 -0.59504994101289455
decision_type=2 2 2 2 2 2 2 2 2 2 2 2 2 2 2 2 2 2 2 2 2 2 2 2 2 2 2
left_child=1 4 7 -4 -1 15 -7 -2 -6 -10 -11 13 -13 14 -12 25 -17 18 -3 20 -8 22 23 -21 -25 -5 -27
right_child=2 17 3 5 8 6 19 -9 9 10 11 12 -14 -15 -16 16 -18 -19 -20 21 -22 -23 -24 24 -26 26 -28
leaf_value=-0.0048758966698115701 -0.0040930837731982979 0.013432542098267596 0.011096339695631167 0.0011093835120403023 0.0094764199273503925 0.0082977630259964043 0.0056694730360228917 0.0032745889551328666 -0.0042611294094337202 0.009137935129579779 0.0012037535760193391 -0.0088564655288140993 0.0020902714826465749 0.00082892106761193692 0.012880961184610698 0.0062936120760829122 -0.0052348070494200021 0.017098617090566499 0.0034051973589082282 0.0098823963193982369 -0.012581806611044055 0.010177117468387226 -0.0075137592078893542 -0.0073498757483731027 0.004497938187625455 -0.0062300133100257581 -0.00054807320719730841
leaf_weight=13.90189668536186 49.982981294393539 10.789675585925581 13.240196719765661 23.4464291036129 8.4319555759429914 15.569278761744497 10.470895394682886 10.674957573413847 16.842909455299377 11.090032190084456 29.349337607622147 7.7908560931682596 14.023234277963638 57.593511775136001 15.801955521106711 22.622404307126999 12.117121547460554 9.3632619231939298 6.9873627424240139 13.673530265688891 7.259950414299964 14.957920953631399 11.145922064781187 8.1021346449852079 8.2819370329380018 23.16974738240242 30.279509499669075
leaf_count=50 213 41 49 76 25 50 30 34 62 39 105 31 45 191 61 71 43 36 27 42 27 46 45 32 25 93 115
internal_value=0.00173224 0.00307416 0.000745794 0.00174316 0.00165809 0.00111654 0.00313477 -0.00277127 0.00222985 0.00181733 0.00258064 0.0019845 -0.00182303 0.00279819 0.00530555 -0.000502842 0.00223922 0.0121286 0.00952643 0.00203433 -0.0017879 0.00324798 0.000705898 0.00377975 -0.00130901 -0.00175025 -0.00301473
internal_weight=476.961 201.966 274.995 214.337 174.826 201.097 89.4616 60.6579 160.924 152.492 135.649 124.559 21.8141 102.745 45.1513 111.635 34.7395 27.1403 17.777 73.8923 17.7308 56.1614 41.2035 30.0576 16.3841 76.8957 53.4493
internal_count=1704 713 991 744 609 695 297 247 559 534 472 433 76 357 166 398 114 104 68 247 57 190 144 99 57 284 208
is_linear=0
shrinkage=0.0144862


Tree=144
num_leaves=31
num_cat=0
split_feature=0 0 0 0 1 3 3 3 3 0 0 1 1 3 3 3 3 0 0 3 3 3 0 1 0 3 1 1 1 1
split_gain=3.04734 4.18384 7.66813 5.48177 3.71249 3.62242 6.03536 5.79451 2.68128 2.00984 4.73846 7.60993 4.46088 2.52977 3.18669 7.94902 2.68361 2.4524 4.74519 2.32831 2.67633 2.12638 4.22458 2.07914 2.04995 3.54566 1.9686 1.47663 3.21736 1.40645
threshold=-1.401028123136814 -0.89842377837745824 -1.2326299864875967 -0.85624376196354024 0.43977337224892188 1.7724413147135019 1.9430900739760919 1.1363373556406191 -0.066753148546350963 1.4564283712933748 0.64540872178191366 -0.17917218323731168 0.3822059350685198 -0.52401811727297753 -0.45773049097128432 -0.1351705938880626 0.3295906199428984 0.070995917162297806 0.17342421547741396 -0.79532475672744429 0.084667412978545978 -0.69988971929381505 1.6010879020007087 -0.48979541740326532 -0.36293145898140472 0.26160392451939263 0.43977337224892188 1.3094291958364745 0.43977337224892188 1.3094291958364745
decision_type=2 2 2 2 2 2 2 2 2 2 2 2 2 2 2 2 2 2 2 2 2 2 2 2 2 2 2 2 2 2
left_child=8 2 4 29 -2 7 -7 9 -1 10 13 19 21 -5 27 -16 24 23 -19 -12 -21 -11 -23 -18 -17 -26 -25 28 -15 -3
right_child=1 3 -4 5 -6 6 -8 -9 -10 12 11 -13 -14 14 15 16 17 18 -20 20 -22 22 -24 26 25 -27 -28 -29 -30 -31
leaf_value=-0.0099842765054403704 0.00691818217953033 -0.0054798949945021672 0.012860570229860761 0.0039334869461188785 -0.0034628401172218221 -0.013168689070641689 0.0034805494300696508 0.014306470999458849 -0.00011158687624083778 -0.0032039121997480191 -0.0029091656480881314 0.014535108546267892 -0.010444461224318599 -0.0014960464542117995 0.015860768736991451 -0.0048663652818170585 0.00068439224735417005 -0.0069586644020657781 0.0064596680601048569 0.0081300950391217635 -0.00049712584565866924 -0.0012885455375639236 0.010973016930314857 0.014742200648704362 0.0064884059562513871 -0.002125868279362484 0.0050209198810653166 0.0019634560678766988 -0.01138726184458385 0.00045973334731717354
leaf_weight=7.8018662184476879 12.689196661114694 26.946394756436348 19.820590659976006 69.302527755498886 15.699481606483458 8.2271272689104098 9.3675367683172208 7.9607161432504645 19.112817369401455 13.185981795191763 10.287743687629698 16.267124034464359 7.8132368028163901 27.183452755212784 7.6276417374610892 19.571669086813927 8.0541423261165637 10.340487897396089 11.010572776198385 19.702052667737011 11.684181794524191 13.195795476436617 9.9350956678390485 7.7543709725141552 14.591513767838476 29.809468314051628 9.3002064377069456 11.292407825589178 8.842219337821005 11.711232379078863
leaf_count=30 41 111 64 235 59 38 32 27 67 46 34 55 29 101 27 77 27 41 39 68 40 44 29 25 51 108 35 41 39 44
internal_value=0.00171066 0.00199441 0.00600968 0.00150923 0.0012185 0.00206223 -0.00427519 0.00238989 -0.00298698 0.00209969 0.00253386 0.00623125 -0.00076893 0.00161766 0.000643428 0.00191371 0.00092425 0.00356072 -8.97592e-06 0.00296574 0.00489901 0.00134876 0.00398235 0.00661302 -0.000995902 0.000714066 0.00946066 -0.00252013 -0.00395664 -0.00364856
internal_weight=476.089 449.174 48.2093 400.965 28.3887 362.307 17.5947 344.713 26.9147 336.752 292.622 57.9411 44.1301 234.681 165.378 118.06 110.432 46.4598 21.3511 41.674 31.3862 36.3169 23.1309 25.1087 63.9727 44.401 17.0546 47.3181 36.0257 38.6576
internal_count=1704 1607 164 1443 100 1288 70 1218 97 1191 1043 197 148 846 611 430 403 167 80 142 108 119 73 87 236 159 60 181 140 155
is_linear=0
shrinkage=0.0144862


Tree=145
num_leaves=21
num_cat=0
split_feature=3 3 3 3 0 0 0 3 0 3 2 3 3 3 3 0 0 0 3 0
split_gain=2.99326 2.888 12.2172 3.22445 3.14729 3.34024 3.0831 2.60036 4.03436 3.1898 5.13743 4.33634 4.79742 4.77884 3.91642 2.83957 1.58321 2.09189 1.51839 1.32759
threshold=2.505093081842046 -0.45773049097128432 -0.1351705938880626 -0.52401811727297753 -0.78898986588778375 -0.89842377837745824 1.9491333991042434 0.26160392451939263 0.32358946385195947 0.46814851029914545 -1.2536974192686836 0.96968499839693922 1.1363373556406191 1.7724413147135019 1.9430900739760919 0.27866573431484637 -0.7083100669291934 -1.0000000180025095e-35 -0.66989875623872586 -0.7083100669291934
decision_type=2 2 2 2 2 2 2 2 2 2 2 2 2 2 2 2 2 2 2 2
left_child=1 3 -3 4 5 -1 18 8 19 15 -11 -12 16 -14 -15 -9 -13 -18 -6 -4
right_child=-2 2 7 -5 6 -7 -8 9 -10 10 11 12 13 14 -16 -17 17 -19 -20 -21
leaf_value=0.0014925890000442757 -0.0066103596116339081 0.015710386067421915 0.0061210887400349866 -0.0014367801750522721 0.0030964701433380463 -0.010395023474340086 -0.0040195791754332726 -0.0027405171569767676 0.012194874899997082 -0.005948476023538425 0.0092903862297177217 -0.0046986347771343371 0.013866392705265006 -0.0040612592070924988 0.0096947232146744628 0.0026024768431682898 0.0054615659873829582 -0.0023523267063039095 0.0079708756304239618 -0.0006719274781839974
leaf_weight=12.16596929728985 8.5360498279333097 14.365748405456541 9.9533885419368726 91.276279404759407 83.988101668655872 7.781962424516677 11.176470667123793 52.192473858594894 12.568303406238554 11.354163587093351 25.452064633369446 13.922768339514723 11.798842161893846 9.5181740820407885 7.3235364258289328 34.196159452199936 12.822540611028666 15.318590342998517 15.592175193130968 14.020133897662165
leaf_count=40 32 54 32 341 283 31 38 204 43 43 89 55 44 40 22 108 44 56 55 50
internal_value=0.00168883 0.00184467 0.00292886 0.00064849 0.00210437 -0.00313355 0.00305898 0.0021197 0.0056448 0.00145028 0.00311193 0.0042017 0.00235735 0.00689264 0.00199662 -0.000618313 -0.000748116 0.0012035 0.00386932 0.00218793
internal_weight=475.324 466.788 244.807 221.981 130.705 19.9479 110.757 230.441 36.5418 193.899 107.511 96.1565 70.7045 28.6406 16.8417 86.3886 42.0639 28.1411 99.5803 23.9735
internal_count=1704 1672 884 788 447 71 376 830 125 705 393 350 261 106 62 312 155 100 338 82
is_linear=0
shrinkage=0.0144862


Tree=146
num_leaves=23
num_cat=0
split_feature=1 1 4 4 2 2 1 4 4 2 1 1 4 4 2 4 2 4 1 1 2 4
split_gain=2.9463 3.28516 2.79414 3.8132 3.14655 6.56654 2.74305 2.55962 5.2706 2.46183 2.00998 10.3107 7.27988 5.5903 4.8344 3.66078 5.10184 3.84226 2.13654 1.87907 1.42642 1.35136
threshold=2.1137352703750172 1.4140920485755559 0.81204465305063289 0.43558507731961271 -0.69972874731304169 -0.38201714431718403 0.43977337224892188 0.92007127330637772 1.3653437089470024 1.0000000180025095e-35 -0.23380133559262892 0.12893343160996845 -0.12388201523749372 0.22622322203401382 1.0000000180025095e-35 -0.91129731355121979 0.22184729476744922 -1.3439458341595358 0.68723304325524481 0.8893118293275043 0.22184729476744922 2.1250364861237432
decision_type=2 2 2 2 2 2 2 2 2 2 2 2 2 2 2 2 2 2 2 2 2 2
left_child=1 2 3 4 6 -6 -1 -4 -9 -2 14 20 -13 18 -7 17 -17 -16 -14 -8 -12 -10
right_child=9 -3 7 -5 5 10 19 8 21 -11 11 12 13 -15 15 16 -18 -19 -20 -21 -22 -23
leaf_value=0.0017022021399704 0.00075668671402954807 0.010813226405870123 -0.0034012596909047165 0.0084226230857231774 0.015061824242221522 0.011241791276093602 -0.0065453143184826344 0.0093653509023824081 0.00061682744896295993 -0.009572872035809251 0.0097683628263084289 0.0050752694020598493 -0.0059429706231781928 0.0021163332490218437 0.0017894533970379438 -0.0027987665417275568 0.0044593558100532024 -0.0083923159617022396 -0.017446280122003034 -4.2761033973786599e-05 0.018021076835836862 -0.0046900613627829293
leaf_weight=58.374344766139984 10.292486995458605 8.1002977937459928 36.913051635026932 20.066903233528137 8.5412325412034971 9.0108288377523404 18.56834302842617 13.2894030213356 39.134356886148453 8.5225422680377942 8.6315793991088885 48.176318854093552 7.7597950547933578 13.867773741483688 13.677918046712877 30.686789110302925 58.21558703482151 16.998233139514923 5.7040461599826813 18.061760857701302 8.9066784083843213 13.078798100352286
leaf_count=196 37 30 143 62 35 32 75 41 133 40 32 173 37 46 45 114 194 68 28 65 30 48
internal_value=0.0016672 0.00189925 0.00173292 0.0023558 0.00197693 0.00289134 -0.00023669 -0.000364287 0.00134607 -0.00389032 0.00240932 0.00402736 0.00170584 -0.00422821 0.00123551 0.000460784 0.00194596 -0.00382502 -0.0108178 -0.00333065 0.0139217 -0.000717363
internal_weight=474.579 455.764 447.664 345.248 325.181 230.177 95.0044 102.416 65.5026 18.815 221.636 93.0462 75.5079 27.3316 128.589 119.579 88.9024 30.6762 13.4638 36.6301 17.5383 52.2132
internal_count=1704 1627 1597 1232 1170 834 336 365 222 77 799 346 284 111 453 421 308 113 65 140 62 181
is_linear=0
shrinkage=0.0144862


Tree=147
num_leaves=22
num_cat=0
split_feature=3 1 1 3 3 2 1 3 3 2 2 1 1 1 1 3 1 1 1 3 3
split_gain=2.91784 3.03092 3.10543 2.51595 10.6089 3.42044 3.45845 3.20928 2.903 3.57798 2.4027 2.36717 2.16483 2.21592 5.25226 2.63035 2.32744 2.13011 1.85572 1.75188 2.61974
threshold=2.505093081842046 2.1137352703750172 1.4140920485755559 -0.45773049097128432 -0.1351705938880626 -1.2536974192686836 1.3094291958364745 -0.52401811727297753 -1.1079474925031649 0.93259231458760772 1.0000000180025095e-35 -0.58612781837144456 0.53178439119669474 0.43977337224892188 -0.30976332809883261 0.96968499839693922 -0.5252078045793408 0.17446091209929657 1.3094291958364745 0.26160392451939263 0.46814851029914545
decision_type=2 2 2 2 2 2 2 2 2 2 2 2 2 2 2 2 2 2 2 2 2
left_child=1 2 3 7 -5 11 12 8 -1 -10 -3 -6 13 14 16 -15 19 -13 -9 -7 -21
right_child=-2 10 -4 4 5 6 -8 18 9 -11 -12 17 -14 15 -16 -17 -18 -19 -20 20 -22
leaf_value=0.00075635968386613317 -0.0065558047869166735 0.00074667215151732059 0.010734600834463441 0.015430290046926915 0.0033616989015409831 0.009676475729963132 -0.0030545823384473866 -0.0023543124557968082 0.0030773385695556975 0.013492546505162996 -0.009466706304783452 -0.010256609608735619 0.0096981024133552599 0.0031017652976323426 0.010044913111556782 -0.0059744105530233358 -0.00012860621839815904 -0.00074576944078664099 0.0034743707147560083 -0.00081854529271904578 0.0054641038708007359
leaf_weight=84.511517435312271 8.5195693820714933 10.293230473995211 8.0469467639923078 12.996719807386397 9.1776922345161456 9.9206646829843503 18.420990228652954 72.073772892355919 27.549424424767494 8.8075933381915075 8.4952966421842557 9.3945186436176318 10.637845039367674 15.386331290006638 23.1541847884655 11.276976928114891 42.76778918504715 9.6551456004381162 13.215764731168745 21.359418213367462 38.216434612870216
leaf_count=286 32 37 30 50 28 33 72 272 95 29 40 35 39 58 83 48 159 33 45 72 128
internal_value=0.0016459 0.0018001 0.00204009 0.00187553 0.00290812 0.00215341 0.00284744 0.000710879 0.00222565 0.0056299 -0.0038385 -0.00252091 0.00348401 0.00306654 0.00381652 -0.000723477 0.00252024 -0.00542849 -0.00143631 0.00414914 0.00320967
internal_weight=473.878 465.358 446.57 438.523 232.365 219.368 191.141 206.158 120.869 36.357 18.7885 28.2274 172.72 162.082 135.418 26.6633 112.264 19.0497 85.2895 69.4965 59.5759
internal_count=1704 1672 1595 1565 838 788 692 727 410 124 77 96 620 581 475 106 392 68 317 233 200
is_linear=0
shrinkage=0.0144862


Tree=148
num_leaves=28
num_cat=0
split_feature=3 4 4 4 4 3 2 2 3 2 4 4 4 2 4 4 4 4 2 4 4 4 2 3 3 2 2
split_gain=2.83819 3.3586 10.612 4.18718 6.79358 3.05446 2.22457 2.20688 2.15289 1.74784 4.93127 1.72375 2.24799 2.51598 3.82107 5.34256 2.90316 2.22504 1.62241 6.92852 4.4762 5.05231 3.77453 1.588 2.08276 1.28057 1.97975
threshold=2.505093081842046 -0.19473967275523335 -0.57804390007765316 -0.10117990212194466 0.10261202914880686 -0.39637255817794798 -0.87436949230096472 1.4782987723741299 -0.066753148546350963 0.15045086667480623 0.78703980624840864 -1.6509421024785467 -1.5882449443731639 1.4782987723741299 -0.69152456002310403 -1.0904357891992069 -1.1387745055992011 -0.91129731355121979 -1.2536974192686836 1.3653437089470024 0.92007127330637772 0.81204465305063289 -0.3262777788761167 0.53389171656532852 -0.1351705938880626 -0.87436949230096472 -0.59504994101289455
decision_type=2 2 2 2 2 2 2 2 2 2 2 2 2 2 2 2 2 2 2 2 2 2 2 2 2 2 2
left_child=1 2 6 7 -5 9 -1 -3 -7 25 -11 -8 -13 14 15 16 -14 -15 19 -10 21 22 -20 24 -4 -6 -27
right_child=-2 3 23 4 5 8 11 -9 18 10 -12 12 13 17 -16 -17 -18 -19 20 -21 -22 -23 -24 -25 -26 26 -28
leaf_value=-0.0037662355257115773 -0.0064642846445736391 -0.0039147611281342438 0.013226771382561991 0.011790560983809642 0.0010275986935668103 0.0079394773378335375 0.0087860211152581691 0.0032425649630144068 0.0055953372672473802 0.0061230059463731907 -0.0051873461178187875 -0.0030816737116022069 0.010795498406207343 -0.0069686558639473406 0.00096256725570321598 0.013545209896238785 0.0011758106432945368 0.0019679684705674397 0.0095007215026916697 -0.012390779401882731 0.0099519842922867474 -0.0074388698647953498 -0.00089931547515746039 0.016839264774033486 0.0031403644290799613 -0.0061794909698835495 -0.00057826852787890351
leaf_weight=12.976133048534392 8.5190183371305448 49.517788298428059 10.506332479417326 12.719262078404425 23.399527162313461 15.25206111371517 7.937059521675109 10.672993540763853 10.433606937527658 22.466112807393074 12.081484302878378 15.743181943893431 8.1737572848796756 9.4352840334177017 55.715235307812698 15.198024250566958 27.997297033667564 13.967304289340973 13.222377419471737 7.2339967936277381 14.795029997825621 11.080622076988218 15.360092505812649 8.6356277018785459 6.8871449530124691 23.079737931489941 30.165772348642353
leaf_count=46 32 212 41 48 76 50 24 34 30 71 43 57 30 37 185 60 100 45 41 27 46 45 54 35 27 93 115
internal_value=0.00162484 0.00177714 0.00323572 0.000738422 0.00169735 0.00103913 0.00189603 -0.00262111 0.00306024 -0.000551218 0.00213483 0.00237947 0.00202078 0.00264375 0.00358323 0.00642257 0.00340517 -0.00162095 0.00201667 -0.00175424 0.00324686 0.000719656 0.00390833 0.0117719 0.00926667 -0.0017704 -0.0030098
internal_weight=473.172 464.653 193.172 271.48 211.29 198.57 167.143 60.1908 87.3778 111.193 34.5476 154.167 146.23 130.487 107.084 51.3691 36.1711 23.4026 72.1257 17.6676 54.4581 39.6631 28.5825 26.0291 17.3935 76.645 53.2455
internal_count=1704 1672 687 985 739 691 584 246 293 398 114 538 514 457 375 190 130 82 243 57 186 140 95 103 68 284 208
is_linear=0
shrinkage=0.0144862


Tree=149
num_leaves=19
num_cat=0
split_feature=0 0 0 0 0 3 1 1 0 0 3 3 3 3 1 0 0 0
split_gain=2.94364 4.09357 7.41553 5.10096 7.5986 6.12851 3.8396 3.52785 2.62513 6.11548 5.11775 6.43375 3.67591 2.60935 1.6025 1.95146 2.87327 1.25081
threshold=-1.401028123136814 -0.89842377837745824 -1.2326299864875967 -0.36293145898140472 1.0000000180025095e-35 1.7724413147135019 1.5282772386870376 0.12893343160996845 0.1303845022848949 0.44263003055698064 -0.45773049097128432 0.26160392451939263 1.0000000180025095e-35 -0.066753148546350963 0.80759436784721927 0.59924483391311634 1.4564283712933748 1.6010879020007087
decision_type=2 2 2 2 2 2 2 2 2 2 2 2 2 2 2 2 2 2
left_child=13 2 7 6 -5 8 -3 -2 12 -10 14 -12 -6 -1 15 -11 -17 -18
right_child=1 3 -4 4 5 -7 -8 -9 9 10 11 -13 -14 -15 -16 16 17 -19
leaf_value=-0.0099422968244978673 0.0069710365670888974 -0.00043862591295485673 0.012687152507147815 0.010385760514861359 0.002618298894888264 -0.0094640666808362053 -0.011152513779673433 -0.0032260228666761248 0.01170510447135569 -0.0037229909139490347 0.013117607891145456 0.0027930329196995739 -0.0043605959187511334 -0.00017658211208502846 0.0056562141608763996 0.0039907234689128546 -0.0054378832314980943 0.00031564421346750383
leaf_weight=7.767887711524966 12.046175479888918 113.00426322966814 19.487694442272186 23.005319476127625 37.211954772472382 9.4100222289562208 7.1036001443862906 16.187435150146484 15.405745700001715 26.047590151429176 16.547262117266655 49.827773779630661 26.943499401211739 18.966338708996773 9.762656554579733 32.065515868365765 13.436600327491762 18.124212667346001
leaf_count=30 39 425 64 83 126 41 33 61 56 98 63 163 105 67 32 108 50 60
internal_value=0.00160442 0.00188458 0.00587734 0.00140336 0.00248089 0.00176051 -0.00108701 0.00116852 0.0022008 0.00309154 0.00227928 0.00538298 -0.000309334 -0.00302977 0.000201611 -0.000408693 0.000953287 -0.00212522
internal_weight=472.352 445.617 47.7213 397.896 277.788 254.783 120.108 28.2336 245.373 181.217 165.812 66.375 64.1555 26.7342 99.4366 89.6739 63.6263 31.5608
internal_count=1704 1607 164 1443 985 902 458 100 861 630 574 226 231 97 348 316 218 110
is_linear=0
shrinkage=0.0144862


Tree=150
num_leaves=22
num_cat=0
split_feature=4 4 1 4 4 2 2 1 2 4 4 1 2 1 2 4 4 4 1 4 4
split_gain=2.75956 11.6286 4.22024 3.4173 5.43136 2.96418 2.67944 2.45821 2.73188 2.18942 3.13144 2.44504 7.32031 3.83405 2.05604 1.87232 1.7563 2.28339 1.26459 1.24633 3.12887
threshold=-0.19473967275523335 -0.57804390007765316 2.1137352703750172 -0.10117990212194466 0.10261202914880686 -0.87436949230096472 0.057542657545605544 -0.99189156790407906 0.41775517918799898 -1.6509421024785467 -1.5882449443731639 -0.30976332809883261 0.93259231458760772 0.12893343160996845 1.4782987723741299 2.1250364861237432 -0.67355127501412004 -1.0904357891992069 0.3822059350685198 0.92007127330637772 1.3653437089470024
decision_type=2 2 2 2 2 2 2 2 2 2 2 2 2 2 2 2 2 2 2 2 2
left_child=1 5 3 14 -5 -1 15 -8 -9 -7 -11 12 -12 -13 -2 19 17 -15 -10 -6 -21
right_child=2 -3 -4 4 6 9 7 8 18 10 11 13 -14 16 -16 -17 -18 -19 -20 20 -22
leaf_value=-0.0048237492339734617 -0.0034135041953915978 0.011808355599051796 -0.0094638183217389486 0.011192556354435569 -0.00036616821747181112 0.0091500311201870733 -0.00075643888579495302 0.011386688846798032 0.0059173366022355111 -0.0041524912072234913 0.0029906810964193259 0.013197689320694346 -0.0082986263244112964 0.003200468016671113 0.0035589362537320536 -0.0053872311412538794 0.00044357051350503104 0.012489712536406952 -0.00025845287122615979 0.0095028132273931396 0.00048788297251573551
leaf_weight=13.800896927714346 47.829989820718765 26.163741312921047 8.0270735248923284 11.797948479652403 83.554100215435028 8.2941969186067563 16.410334691405296 12.394896149635313 15.80581806600094 16.783512860536575 54.221131548285484 8.63872581720352 15.039622284471987 21.634891971945763 10.504532650113104 11.325654104351996 27.596417695283893 7.1058315336704245 11.727437272667883 10.234570890665053 32.84246551990509
leaf_count=50 201 104 38 46 304 25 55 40 49 62 181 30 57 80 33 43 93 31 37 31 114
internal_value=0.00158343 0.00287764 0.000635964 0.000950479 0.00182617 0.00151739 0.00124574 0.00389695 0.00583363 0.00207405 0.00167451 0.00241124 0.000521605 0.00442395 -0.0021334 0.000158614 0.00304621 0.00552963 0.00330271 0.000662563 0.0026549
internal_weight=471.734 199.279 272.455 264.428 206.093 173.115 194.295 56.3385 39.9282 159.314 151.02 134.237 69.2608 64.9759 58.3345 137.957 56.3371 28.7407 27.5333 126.631 43.077
internal_count=1704 713 991 953 719 609 673 181 126 559 534 472 238 234 234 492 204 111 86 449 145
is_linear=0
shrinkage=0.0144862


Tree=151
num_leaves=19
num_cat=0
split_feature=0 0 0 0 0 3 2 0 0 0 3 3 3 3 3 2 0 0
split_gain=2.84438 3.99638 7.24804 4.91712 7.37854 5.96739 4.16826 3.38995 2.53952 5.96345 4.96013 6.316 3.58478 2.52004 2.42792 2.5706 1.50085 2.72924
threshold=-1.401028123136814 -0.89842377837745824 -1.2326299864875967 -0.36293145898140472 1.0000000180025095e-35 1.7724413147135019 0.81499198357074809 -0.85624376196354024 0.1303845022848949 0.44263003055698064 -0.45773049097128432 0.26160392451939263 1.0000000180025095e-35 -0.066753148546350963 0.46814851029914545 0.15045086667480623 1.4564283712933748 0.59924483391311634
decision_type=2 2 2 2 2 2 2 2 2 2 2 2 2 2 2 2 2 2
left_child=13 2 -2 6 -5 8 14 -8 12 -10 16 -12 -6 -1 15 -3 17 -11
right_child=1 3 -4 4 5 -7 7 -9 9 10 11 -13 -14 -15 -16 -17 -18 -19
leaf_value=-0.0097907563618210309 0.0011448689889343357 -0.0023092025633825427 0.012566420107395108 0.010255304250371026 0.0025724670816120176 -0.0093755575384357505 -0.0032146678722464635 0.007863523956721713 0.011584548823905597 -0.0016416189333518737 0.013010158407851795 0.0027350473383075486 -0.004324471557056099 -0.00018831918184802164 0.0007747463224275084 -0.0087983065693241318 -0.0023277883286365094 0.0042091143125303106
leaf_weight=7.7611729800701168 28.189812779426575 45.713955000042915 19.309877425432205 22.765621289610863 37.175622075796127 9.3842811286449415 8.3207885473966616 16.753571063280106 15.242215886712073 31.398912936449051 16.342369705438614 49.796458005905151 26.893664017319679 18.935890160501003 31.761796295642853 17.437431365251541 33.010261744260788 34.869069941341877
leaf_count=30 100 184 64 83 126 41 30 53 56 115 63 163 105 67 117 74 115 118
internal_value=0.00156299 0.00183896 0.00579356 0.00136332 0.00242383 0.00171557 -0.00108215 0.00412626 0.00215059 0.0030286 0.00222858 0.00529079 -0.000319353 -0.00299507 -0.00247142 -0.00411173 0.000182739 0.00143298
internal_weight=471.063 444.366 47.4997 396.866 276.878 254.113 119.988 25.0744 244.729 180.659 165.417 66.1388 64.0693 26.6971 94.9132 63.1514 99.2782 66.268
internal_count=1704 1607 164 1443 985 902 458 83 861 630 574 226 231 97 375 258 348 233
is_linear=0
shrinkage=0.0144862


Tree=152
num_leaves=19
num_cat=0
split_feature=0 0 0 0 0 3 2 0 0 0 3 3 3 3 3 2 0 0
split_gain=2.76648 3.89654 7.11738 4.78469 7.23298 5.80824 4.0518 3.29999 2.47271 5.85465 4.83267 6.23174 3.48679 2.44938 2.36148 2.504 1.4582 2.65269
threshold=-1.401028123136814 -0.89842377837745824 -1.2326299864875967 -0.36293145898140472 1.0000000180025095e-35 1.7724413147135019 0.81499198357074809 -0.85624376196354024 0.1303845022848949 0.44263003055698064 -0.45773049097128432 0.26160392451939263 0.26160392451939263 -0.066753148546350963 0.46814851029914545 0.15045086667480623 1.4564283712933748 0.59924483391311634
decision_type=2 2 2 2 2 2 2 2 2 2 2 2 2 2 2 2 2 2
left_child=13 2 -2 6 -5 8 14 -8 12 -10 16 -12 -6 -1 15 -3 17 -11
right_child=1 3 -4 4 5 -7 7 -9 9 10 11 -13 -14 -15 -16 -17 -18 -19
leaf_value=-0.0096520718321520364 0.001127991592299834 -0.0022770777647175481 0.012468237648964535 0.010172323673951622 0.0024100623452114854 -0.0092578890053985376 -0.0031727400549960176 0.0077625666313628737 0.011500489710972334 -0.0016185562130405103 0.012934075530555759 0.0026951518914600787 -0.0044481697117056233 -0.0001852372632242976 0.0007637115690770249 -0.0086858072116205182 -0.0022944676972871088 0.0041506443634909112
leaf_weight=7.7612536549568203 28.189890339970589 45.686739534139633 19.182512193918228 22.620513707399368 38.588197097182274 9.3698031306266767 8.3154625445604342 16.727855361998081 15.13638962805271 31.390765890479088 16.202845089137554 49.800710991024971 25.471450090408325 18.936373166739941 31.764215901494026 17.409557491540909 33.00823475420475 34.850726343691349
leaf_count=30 100 184 64 83 131 41 30 53 56 115 63 163 100 67 117 74 115 118
internal_value=0.00154262 0.00181518 0.00572559 0.00134548 0.00239277 0.0016928 -0.00106734 0.00407098 0.00212215 0.00298961 0.00219868 0.00522545 -0.00031483 -0.00295234 -0.00243709 -0.00405601 0.000180064 0.00141281
internal_weight=470.413 443.716 47.3724 396.343 276.44 253.819 119.904 25.0433 244.449 180.39 165.253 66.0036 64.0596 26.6976 94.8605 63.0963 99.2497 66.2415
internal_count=1704 1607 164 1443 985 902 458 83 861 630 574 226 231 97 375 258 348 233
is_linear=0
shrinkage=0.0144862


Tree=153
num_leaves=21
num_cat=0
split_feature=3 1 1 3 3 1 1 3 1 1 0 0 1 3 0 0 1 1 0 1
split_gain=2.76412 2.81083 2.95661 2.26262 10.1174 3.05643 3.29548 2.86663 2.69396 4.17639 3.96917 3.91784 3.85442 2.6721 2.82783 2.56161 1.84649 1.82248 1.39611 1.38217
threshold=2.505093081842046 2.1137352703750172 1.4140920485755559 -0.45773049097128432 -0.1351705938880626 1.3094291958364745 0.53178439119669474 -0.52401811727297753 0.43977337224892188 -0.30976332809883261 -0.97085414654564228 1.2149377170422428 -0.5252078045793408 -1.1079474925031649 -0.51025422056031999 1.2149377170422428 -0.55715926190721443 1.3094291958364745 -0.12679287446258472 2.2907844588158062
decision_type=2 2 2 2 2 2 2 2 2 2 2 2 2 2 2 2 2 2 2 2
left_child=1 2 3 7 -5 6 8 13 9 10 16 12 -12 14 -1 -16 -6 -9 -11 -3
right_child=-2 19 -4 4 5 -7 -8 17 -10 18 11 -13 -14 -15 15 -17 -18 -19 -20 -21
leaf_value=-0.0055650178719980495 -0.0064840006104418986 -0.0070098724835438182 0.010500805228656675 0.015217105283805894 0.0032036705879640798 -0.0030390690839468926 0.0097913580470076148 -0.0023005195766300458 -0.0019729094653295545 0.0052544909287462497 0.0020811988927744254 0.0081586497632090051 -0.0037972386912938261 0.0053750778458336408 0.0034260280777587953 -0.0027191569838149912 0.012051484784890071 0.0034776485941942774 0.011931873382361902 0.00088349262106198997
leaf_weight=12.555166259407995 8.4680719226598722 11.136658303439619 7.8398959189653388 12.492794692516325 9.1608847081661242 22.255247488617897 12.072467282414435 71.907884120941162 28.434374585747719 15.53691576421261 57.12400705367326 12.613623708486555 39.059933751821525 35.812838412821293 52.531398147344589 19.028156772255898 9.9660814851522428 13.21086400747299 11.077193409204481 7.4790951907634726
leaf_count=45 32 51 30 50 29 85 44 272 115 55 199 37 153 124 175 66 30 45 41 26
internal_value=0.00152251 0.00167347 0.00190556 0.00174569 0.00273186 0.00200173 0.00258123 0.00063972 0.00209618 0.0028489 0.00176249 0.00069043 -0.000306507 0.00207942 0.000671548 0.00177984 0.00778171 -0.00138919 0.00803021 -0.00378158
internal_weight=469.764 461.295 442.68 434.84 229.794 217.301 195.045 205.046 182.973 154.539 127.925 108.798 96.1839 119.928 84.1147 71.5596 19.127 85.1187 26.6141 18.6158
internal_count=1704 1672 1595 1565 838 788 703 727 659 544 448 389 352 410 286 241 59 317 96 77
is_linear=0
shrinkage=0.0144862


Tree=154
num_leaves=20
num_cat=0
split_feature=4 4 1 4 4 2 2 1 2 4 4 1 2 1 2 4 2 2 2
split_gain=2.66428 11.2164 4.0316 3.20399 5.21365 2.89223 2.64749 2.43952 2.60079 2.11216 2.98857 2.37432 7.24924 3.65589 1.93962 1.7734 1.66451 1.24849 2.82547
threshold=-0.19473967275523335 -0.57804390007765316 2.1137352703750172 -0.10117990212194466 0.10261202914880686 -0.87436949230096472 0.057542657545605544 -0.99189156790407906 0.41775517918799898 -1.6509421024785467 -1.5882449443731639 -0.30976332809883261 0.93259231458760772 0.12893343160996845 1.4782987723741299 2.1250364861237432 -0.64270501345133713 0.72059368467215046 0.89442266433793904
decision_type=2 2 2 2 2 2 2 2 2 2 2 2 2 2 2 2 2 2 2
left_child=1 5 3 14 -5 -1 15 -8 -9 -7 -11 12 -12 -13 -2 -6 -15 -18 -19
right_child=2 -3 -4 4 6 9 7 8 -10 10 11 13 -14 16 -16 -17 17 18 -20
leaf_value=-0.0048278724792070148 -0.0033576517854885073 0.011642760118940413 -0.0093418257764704242 0.011004828018576116 0.00057328133244499843 0.0089765536884096591 -0.00083740632757302986 0.011212345271631584 0.0032807501808367911 -0.0040911873764154028 0.0029261335681400446 0.012981566508334553 -0.0083253467844000215 -0.0012246509860205294 0.003413983519472751 -0.0053216452333891455 0.0068805692458854322 -0.003358113231610821 0.0071934700992476938
leaf_weight=13.736532241106032 47.688466981053352 25.667239792644978 7.961891643702983 11.565657630562781 126.11394372582436 8.2203937470912916 16.332243159413338 12.21570287644863 27.439675509929657 16.743842512369156 54.111590102314949 8.4718766808509809 14.989403292536734 14.318857491016386 10.513624742627142 11.300184160470961 21.205095663666725 10.328496873378755 10.166934400796888
leaf_count=50 201 104 38 46 449 25 55 40 86 62 181 30 57 51 33 43 78 40 35
internal_value=0.00150289 0.00277926 0.000570147 0.000877801 0.00172913 0.00144849 0.0011632 0.00380768 0.00574502 0.00199973 0.00160723 0.00232949 0.00046775 0.00432277 -0.00211059 8.13831e-05 0.00298163 0.00443359 0.00189865
internal_weight=469.092 197.96 271.131 263.169 204.967 172.293 193.402 55.9876 39.6554 158.556 150.336 133.592 69.101 64.4913 58.2021 137.414 56.0194 41.7005 20.4954
internal_count=1704 713 991 953 719 609 673 181 126 559 534 472 238 234 234 492 204 153 75
is_linear=0
shrinkage=0.0144862


Tree=155
num_leaves=19
num_cat=0
split_feature=4 4 1 4 4 2 2 1 2 4 4 1 2 1 2 4 4 4
split_gain=2.59435 11.0161 3.92971 3.11463 5.11474 2.81159 2.57712 2.37845 2.56165 2.06132 2.90607 2.31374 7.0401 3.59979 1.88628 1.72468 1.63962 2.19044
threshold=-0.19473967275523335 -0.57804390007765316 2.1137352703750172 -0.10117990212194466 0.10261202914880686 -0.87436949230096472 0.057542657545605544 -0.99189156790407906 0.41775517918799898 -1.6509421024785467 -1.5882449443731639 -0.30976332809883261 0.93259231458760772 0.12893343160996845 1.4782987723741299 2.1250364861237432 -0.67355127501412004 -1.0904357891992069
decision_type=2 2 2 2 2 2 2 2 2 2 2 2 2 2 2 2 2 2
left_child=1 5 3 14 -5 -1 15 -8 -9 -7 -11 12 -12 -13 -2 -6 17 -15
right_child=2 -3 -4 4 6 9 7 8 -10 10 11 13 -14 16 -16 -17 -18 -19
leaf_value=-0.0047609859065279973 -0.0033129656526638394 0.011566576402706202 -0.0092385833926202782 0.01092861219448352 0.00056499097587527428 0.0088752991214294807 -0.00082584207386577659 0.011123999708875417 0.003234390065140186 -0.0040368571612355523 0.0028838475899016537 0.012896799911352405 -0.0082012297784890224 0.0030925431359122794 0.0033641955207090769 -0.005250716781166463 0.00043007482835919489 0.01229601635434327
leaf_weight=13.737461596727369 47.633590832352638 25.46556106954813 7.9376408979296675 11.480699524283407 126.11380624771118 8.1964974105358106 16.335574507713318 12.136395409703253 27.429279655218124 16.727913722395897 54.112760961055756 8.4062722921371442 14.99944383651018 21.52175398170948 10.519077166914938 11.290293559432028 27.561573013663295 6.9005399644374839
leaf_count=50 201 104 38 46 449 25 55 40 86 62 181 30 57 80 33 43 93 31
internal_value=0.00148313 0.00274388 0.00056247 0.000866031 0.00170579 0.00142864 0.00114692 0.00375857 0.00567534 0.00197258 0.00158509 0.00229747 0.000460538 0.00426745 -0.00208162 8.00848e-05 0.00294037 0.00535938
internal_weight=468.506 197.63 270.876 262.939 204.786 172.164 193.305 55.9012 39.5657 158.427 150.23 133.502 69.1122 64.3901 58.1527 137.404 55.9839 28.4223
internal_count=1704 713 991 953 719 609 673 181 126 559 534 472 238 234 234 492 204 111
is_linear=0
shrinkage=0.0144862


Tree=156
num_leaves=15
num_cat=0
split_feature=3 4 4 1 4 4 4 3 3 4 4 1 4 1
split_gain=2.69817 3.00164 9.64406 3.88783 2.998 6.05076 2.12225 1.66986 2.14254 1.50727 9.21745 2.28686 1.7274 1.64434
threshold=2.505093081842046 -0.19473967275523335 -0.57804390007765316 2.1137352703750172 -0.10117990212194466 0.10261202914880686 2.1250364861237432 0.53389171656532852 -0.1351705938880626 -1.0904357891992069 -0.69152456002310403 1.1745740324326939 -0.91129731355121979 -0.23380133559262892
decision_type=2 2 2 2 2 2 2 2 2 2 2 2 2 2
left_child=1 2 9 4 -3 -6 -7 8 -4 11 12 13 -11 -1
right_child=-2 3 7 -5 5 6 -8 -9 -10 10 -12 -13 -14 -15
leaf_value=-0.00045340154612427913 -0.0064546342298158052 -0.0019664807885284258 0.012857967381093613 -0.0091280386550783542 0.011920954708836686 0.0015655739355698495 -0.0044060503200820207 0.016681449997416459 0.0024225451685237066 0.0068628489836286095 0.0005541777817333162 -0.0052312497838750962 0.015320799944375447 0.0044873685190732022
leaf_weight=37.612850874662399 8.4505707770585996 57.86808767914772 10.01567303389311 7.9135481566190711 11.18046163022518 178.99284538626671 12.99826994538307 8.200456500053404 6.6313575357198742 9.0050630420446414 72.645546346902847 13.055152535438536 11.251745238900183 22.08360281586647
leaf_count=132 32 233 41 38 45 621 48 35 27 35 242 53 43 79
internal_value=0.00146373 0.00161332 0.00300315 0.000628074 0.000931676 0.00175978 0.00115543 0.0113516 0.00873471 0.00174093 0.00295951 0.000180762 0.0115112 0.00137638
internal_weight=467.905 459.455 190.501 268.953 261.04 203.172 191.991 24.8475 16.647 165.654 92.9024 72.7516 20.2568 59.6965
internal_count=1704 1672 687 985 947 714 669 103 68 584 320 264 78 211
is_linear=0
shrinkage=0.0144862


Tree=157
num_leaves=20
num_cat=0
split_feature=0 0 0 0 0 3 2 0 0 0 3 3 3 3 3 2 2 0 0
split_gain=2.6476 3.80482 6.92699 4.45579 6.86499 5.63866 3.86149 3.18485 2.34808 5.62404 4.58943 6.00929 3.4071 2.34292 2.27751 2.50748 2.15221 1.37705 2.5379
threshold=-1.401028123136814 -0.89842377837745824 -1.2326299864875967 -0.36293145898140472 1.0000000180025095e-35 1.7724413147135019 0.81499198357074809 -0.85624376196354024 0.1303845022848949 0.44263003055698064 -0.45773049097128432 0.26160392451939263 1.0000000180025095e-35 -0.066753148546350963 0.46814851029914545 0.15045086667480623 0.15045086667480623 1.4564283712933748 0.59924483391311634
decision_type=2 2 2 2 2 2 2 2 2 2 2 2 2 2 2 2 2 2 2
left_child=13 2 16 6 -5 8 14 -8 12 -10 17 -12 -6 -1 15 -3 -2 18 -11
right_child=1 3 -4 4 5 -7 7 -9 9 10 11 -13 -14 -15 -16 -17 -18 -19 -20
leaf_value=-0.0095331943555569381 -0.0033554363358491721 -0.0022355587669394697 0.012309421252585122 0.0099269407904886316 0.0024502669340371809 -0.009238924712627208 -0.0031697744153244326 0.0075854244705727686 0.011285567196791814 -0.0016488809524528758 0.012732301643189664 0.0025813344527678512 -0.0042896166508941472 -0.00024909616650406144 0.00072474416699493496 -0.0086640500187146544 0.0045939311912744033 -0.0022930864932874089 0.0040060032193771364
leaf_weight=7.7296346276998547 12.547634720802309 45.546858042478561 18.896573968231678 22.145491003990173 37.060153976082802 9.3129921555519086 8.3105969876050967 16.630745530128479 14.82922127842903 31.318306520581245 15.802489221096037 49.667746365070343 26.732959732413292 18.837008364498615 31.655237719416618 17.313854724168777 15.517893150448797 32.886878162622452 34.629882052540779
leaf_count=30 52 184 64 83 126 41 30 53 56 115 63 163 105 67 117 74 48 115 118
internal_value=0.00144424 0.00171198 0.00559294 0.00124688 0.00226263 0.00158324 -0.00108454 0.00394214 0.00200767 0.00285684 0.00208463 0.00504842 -0.00037117 -0.00296213 -0.0024239 -0.00401689 0.00106206 0.000115665 0.00131666
internal_weight=467.372 440.806 46.9621 393.843 274.386 252.241 119.457 24.9413 242.928 179.135 164.305 65.4702 63.7931 26.5666 94.516 62.8607 28.0655 98.8351 65.9482
internal_count=1704 1607 164 1443 985 902 458 83 861 630 574 226 231 97 375 258 100 348 233
is_linear=0
shrinkage=0.0144862


Tree=158
num_leaves=15
num_cat=0
split_feature=3 4 4 1 4 4 4 3 3 4 4 1 4 1
split_gain=2.62479 2.90057 9.43477 3.77537 2.89121 5.89679 2.03309 1.67665 2.127 1.45821 8.98127 2.2237 1.7119 1.58703
threshold=2.505093081842046 -0.19473967275523335 -0.57804390007765316 2.1137352703750172 -0.10117990212194466 0.10261202914880686 2.1250364861237432 0.53389171656532852 -0.1351705938880626 -1.0904357891992069 -0.69152456002310403 1.1745740324326939 -0.91129731355121979 -0.23380133559262892
decision_type=2 2 2 2 2 2 2 2 2 2 2 2 2 2
left_child=1 2 9 4 -3 -6 -7 8 -4 11 12 13 -11 -1
right_child=-2 3 7 -5 5 6 -8 -9 -10 10 -12 -13 -14 -15
leaf_value=-0.0004562272656511091 -0.0063911358439302981 -0.0019440123826498603 0.012765208636764613 -0.0090327807889194738 0.011813968432780238 0.0015254311025445838 -0.0043234080236646509 0.016633995758106736 0.0023274211362755248 0.0067573451726447107 0.000532556098057229 -0.0051814858841411461 0.015220421492233075 0.0044004231498073493
leaf_weight=37.591335371136665 8.4359361678361875 57.807206898927689 9.8921831920743006 7.8761260956525794 11.042238175868986 178.7299872636795 12.980461105704306 8.0747327208518964 6.5982136577367809 8.9418912231922167 72.586764112114906 13.023071825504301 11.092491813004015 22.050976529717445
leaf_count=132 32 233 41 38 45 621 48 35 27 35 242 53 43 79
internal_value=0.00142545 0.00157325 0.00294223 0.000604222 0.000903267 0.00171765 0.00112367 0.0112511 0.00862221 0.00169738 0.0028984 0.000162526 0.0113947 0.00134134
internal_weight=466.724 458.288 189.852 268.436 260.56 202.753 191.71 24.5651 16.4904 165.287 92.6211 72.6654 20.0344 59.6423
internal_count=1704 1672 687 985 947 714 669 103 68 584 320 264 78 211
is_linear=0
shrinkage=0.0144862


Tree=159
num_leaves=24
num_cat=0
split_feature=0 0 0 0 2 2 0 4 2 2 4 0 0 4 2 2 4 4 2 2 2 4 2
split_gain=2.54101 3.7383 6.79185 4.30009 2.50984 7.04209 3.41915 4.60152 2.07946 2.0276 2.0143 2.47879 1.84323 2.39983 1.81353 5.97702 3.28118 5.97836 4.82007 4.35317 2.69732 2.37383 2.13019
threshold=-1.401028123136814 -0.89842377837745824 -1.2326299864875967 -0.85624376196354024 -0.69972874731304169 -0.38201714431718403 -0.56066171805965881 0.78703980624840864 0.15045086667480623 0.057542657545605544 -1.3439458341595358 0.17342421547741396 1.9491333991042434 -0.67355127501412004 0.72059368467215046 0.031977609934829745 -0.91129731355121979 -1.3439458341595358 0.93259231458760772 1.0791826756702754 -1.0000000180025095e-35 -0.046575955756256171 0.93259231458760772
decision_type=2 2 2 2 2 2 2 2 2 2 2 2 2 2 2 2 2 2 2 2 2 2 2
left_child=9 2 8 -3 10 -6 -7 14 -2 -1 -5 -12 13 -13 15 20 17 19 -19 -16 21 -8 -18
right_child=1 3 -4 4 5 6 7 -9 -10 -11 11 12 -14 -15 16 -17 22 18 -20 -21 -22 -23 -24
leaf_value=-0.0076092459231337914 -0.0033016021859603871 -0.0033781969640671898 0.012210207004523844 -0.0071995984411540211 0.014167247773835318 0.009855560087378987 0.0096177538023224079 -0.0064016976042672886 0.0045177546566171978 0.00039233562270630021 -0.0019428977885024676 0.0089522429012647842 -0.0032892341659076069 0.0018224661148510497 -0.004286558624722386 0.009693458776563935 0.00025549668019576795 -0.0025488331223134705 -0.017992178432744775 0.0093996479152927848 -0.00040233718635823842 -0.00032919542542434127 0.0061870876106705046
leaf_weight=10.999872691929342 12.530860468745233 38.309714630246162 18.746303990483284 6.9618183821439734 10.282409235835074 10.889875739812849 12.799770668148996 13.43581786751747 15.494331464171408 15.538783639669417 49.953475698828697 11.431470856070517 11.00298650562763 60.799920082092285 8.7372429817914981 24.883304834365845 25.880790635943413 10.156564682722093 6.8241136968135825 10.006115704774855 48.48780885338784 7.7971799671649853 24.247207924723625
leaf_count=45 52 155 64 26 43 34 50 53 48 52 187 35 37 208 32 101 90 42 30 32 176 30 82
internal_value=0.00140646 0.00166929 0.00552448 0.00120805 0.00170598 0.00269055 0.00209993 0.00165267 0.00104341 -0.00291326 0.000199952 0.000596469 0.00212448 0.00296753 0.00226361 0.00365174 0.000743565 -0.00259396 -0.0087635 0.00297567 0.00146248 0.0058053 0.00312218
internal_weight=466.198 439.659 46.7715 392.888 354.578 214.428 204.146 193.256 28.0252 26.5387 140.15 133.188 83.2344 72.2314 179.82 93.9681 85.852 35.724 16.9807 18.7434 69.0848 20.597 50.128
internal_count=1704 1607 164 1443 1288 795 752 718 100 97 493 467 280 243 665 357 308 136 72 64 256 80 172
is_linear=0
shrinkage=0.0144862


Tree=160
num_leaves=20
num_cat=0
split_feature=3 1 1 3 3 3 3 0 0 0 0 3 3 3 3 3 3 3 1
split_gain=2.5666 2.4504 2.79874 2.10517 11.4442 2.47674 2.40402 2.70963 2.4436 1.73665 4.83729 4.70864 3.76885 1.49631 3.38788 2.29339 1.32551 1.29851 1.27927
threshold=2.505093081842046 2.1137352703750172 1.4140920485755559 -0.39637255817794798 -0.1351705938880626 -0.52401811727297753 -1.1079474925031649 -0.51025422056031999 1.2149377170422428 0.20113937630584797 0.070995917162297806 0.26160392451939263 0.46814851029914545 0.96968499839693922 1.1363373556406191 1.7724413147135019 0.96968499839693922 0.3295906199428984 2.2907844588158062
decision_type=2 2 2 2 2 2 2 2 2 2 2 2 2 2 2 2 2 2 2
left_child=1 2 3 5 -5 6 7 -1 -9 10 12 -11 -6 -14 -15 -16 17 -13 -3
right_child=-2 18 -4 4 9 -7 -8 8 -10 11 -12 16 13 14 15 -17 -18 -19 -20
leaf_value=-0.0055592562956636978 -0.0063501302369673406 -0.0067143789903715478 0.010230900227477552 0.017105557921697288 -0.00053783222270448487 -0.0013234396397222782 0.0050529186332781235 0.0032592566786888229 -0.0027591891887527196 0.012275738801843204 -0.0041203609213734012 0.0020709659276620389 0.0083436225109483134 0.00010632625650247315 0.013767695624094453 0.0037172891855450879 -0.0015804590090051573 0.0081627578254003224 0.00091947989539620993
leaf_weight=12.491793200373648 8.4160973578691465 10.997385583817961 7.6271590739488593 10.424147754907606 52.842324398458004 86.570804357528687 35.145615644752979 52.239574685692787 18.923607483506203 10.960273116827009 30.774594724178314 33.561919391155243 16.889308497309685 27.460432708263397 8.0478089600801486 10.783585935831068 14.941633030772207 8.985218480229376 7.4089196324348441
leaf_count=45 32 51 30 44 198 323 124 175 66 40 123 106 59 102 32 38 56 34 26
internal_value=0.00138833 0.00153469 0.00175216 0.00159735 0.00256221 0.000536386 0.00189128 0.0005585 0.00164684 0.00184268 0.000953418 0.00374223 0.00230513 0.00468681 0.00334188 0.00801763 0.00208553 0.00337751 -0.00358757
internal_weight=465.492 457.076 438.67 431.043 225.671 205.371 118.801 83.655 71.1632 215.247 146.798 68.449 116.023 63.1811 46.2918 18.8314 57.4888 42.5471 18.4063
internal_count=1704 1672 1595 1565 832 733 410 286 241 788 552 236 429 231 172 70 196 140 77
is_linear=0
shrinkage=0.0144862


Tree=161
num_leaves=25
num_cat=0
split_feature=3 3 0 0 0 3 4 4 3 0 0 3 0 0 0 4 4 4 4 4 4 4 0 3
split_gain=2.51675 9.77547 2.82439 2.79441 3.69663 3.43568 3.41 3.33801 3.08461 2.53457 4.49825 2.51933 2.15667 5.47185 1.8905 3.45194 2.96989 1.52451 2.88899 1.36385 2.80794 1.50888 1.26886 1.23412
threshold=1.7724413147135019 1.1363373556406191 0.070995917162297806 -0.36293145898140472 1.0000000180025095e-35 0.96968499839693922 -0.91129731355121979 -0.12388201523749372 0.46814851029914545 1.4564283712933748 0.64540872178191366 -0.34509536999818141 0.53564922200162013 0.1303845022848949 -0.7083100669291934 -0.046575955756256171 0.52326091479896197 0.78703980624840864 -0.019387997796534596 1.7227347058862532 0.92007127330637772 0.81204465305063289 -0.25794236175130647 -0.17025876430858886
decision_type=2 2 2 2 2 2 2 2 2 2 2 2 2 2 2 2 2 2 2 2 2 2 2 2
left_child=1 3 -2 6 22 9 -1 8 -8 10 12 17 13 -6 15 -13 -16 18 -9 20 21 -17 -5 -11
right_child=2 -3 -4 4 5 -7 7 11 -10 23 -12 14 -14 -15 16 19 -18 -19 -20 -21 -22 -23 -24 -25
leaf_value=-0.0090479648450230449 0.000416745462022478 0.014180819266022368 -0.0092533198285552707 0.0043183201425380461 0.00035041940269960503 -0.004439753173327449 0.0010220522638544872 -0.006887898580883442 0.011271188132171775 -0.0022810262214176514 0.0064356407499577958 -0.0056933928933861387 -0.00095618066206919639 0.0086340919162272451 0.0014541349592264092 0.0058027426712638297 -0.0094130305809761901 -0.0046829788879303412 0.0030382384553367258 -4.4931055327653504e-05 0.011684018529401659 -0.0020064795734667201 0.011865038231181719 0.0037344108073960993
leaf_weight=8.227943539619444 18.105118513107303 12.268285304307936 9.2642069458961469 8.3628533035516757 52.808026134967804 17.123197674751282 14.82820948213339 8.6868861764669436 9.9533319473266584 32.805169656872749 54.329222649335861 8.0488336533308011 47.74270261824131 24.02587952464819 15.036064714193346 12.888869345188141 7.6386808156967154 35.679037556052208 18.651680335402489 10.399860218167303 11.117338493466375 8.1105121150612831 10.070885241031645 8.6940856426954252
leaf_count=36 65 47 41 31 189 65 52 38 31 115 190 39 172 90 57 43 29 143 64 34 36 32 39 26
internal_value=0.00137032 0.00163699 -0.00285983 0.00126818 0.00222219 0.00173667 -0.00017431 0.000289832 0.00514093 0.002222 0.00296972 -0.000598383 0.0014537 0.00294999 0.00122271 0.00277963 -0.00221764 -0.00271638 -0.000160007 0.00442634 0.00589865 0.00279887 0.00840503 -0.000987227
internal_weight=464.867 437.498 27.3693 425.229 255.962 237.528 169.267 161.039 24.7815 220.405 178.906 136.258 124.577 76.8339 73.2402 50.5654 22.6747 63.0176 27.3386 42.5166 32.1167 20.9994 18.4337 41.4993
internal_count=1704 1598 106 1551 917 847 634 598 83 782 641 515 451 279 270 184 86 245 102 145 111 75 70 141
is_linear=0
shrinkage=0.0144862


Tree=162
num_leaves=15
num_cat=0
split_feature=3 4 4 1 4 4 4 3 3 4 4 1 4 1
split_gain=2.47165 2.74971 9.03946 3.6096 2.70869 5.67979 1.88789 1.69085 2.11624 1.32853 8.62671 2.17197 1.69586 1.52891
threshold=2.505093081842046 -0.19473967275523335 -0.57804390007765316 2.1137352703750172 -0.10117990212194466 0.10261202914880686 2.1250364861237432 0.53389171656532852 -0.1351705938880626 -1.0904357891992069 -0.69152456002310403 1.1745740324326939 -0.91129731355121979 -0.23380133559262892
decision_type=2 2 2 2 2 2 2 2 2 2 2 2 2 2
left_child=1 2 9 4 -3 -6 -7 8 -4 11 12 13 -11 -1
right_child=-2 3 7 -5 5 6 -8 -9 -10 10 -12 -13 -14 -15
leaf_value=-0.00044459167277277389 -0.0062431618758713716 -0.0019131635025411609 0.012601056588558843 -0.0089086376039591453 0.011642857163594667 0.0014436317136886773 -0.0042000811002060098 0.016555788754607153 0.0021113525618491474 0.0065617940921066497 0.00046709636102917884 -0.0051425846272384473 0.015061156570135214 0.0043323824893011032
leaf_weight=37.486688271164894 8.4124539196491224 57.708113878965378 9.6802166476845777 7.8145079165697089 10.823387406766413 178.06981572508812 12.946165621280668 7.840245693922042 6.5230786874890336 8.8191043138504046 72.435708999633789 12.950107634067534 10.823160648345945 21.935118436813354
leaf_count=132 32 233 41 38 45 621 48 35 27 35 242 53 43 79
internal_value=0.00135226 0.00149624 0.00283481 0.000551742 0.00084418 0.00163509 0.00105556 0.0110638 0.00841149 0.00162189 0.0027722 0.000154427 0.0111975 0.00132085
internal_weight=464.268 455.855 188.493 267.362 259.547 201.839 191.016 24.0435 16.2033 164.45 92.078 72.3719 19.6423 59.4218
internal_count=1704 1672 687 985 947 714 669 103 68 584 320 264 78 211
is_linear=0
shrinkage=0.0144862


Tree=163
num_leaves=21
num_cat=0
split_feature=3 3 3 3 4 4 2 3 3 3 2 2 3 4 3 2 2 3 4 4
split_gain=2.42737 9.52349 2.38465 5.6956 4.62623 2.51486 1.92547 1.90056 10.0592 3.03194 3.02558 2.62503 2.11946 1.43604 1.42753 1.35456 1.34899 1.34398 1.23946 2.48174
threshold=1.7724413147135019 1.1363373556406191 0.96968499839693922 0.61794179435526442 -1.0097167494323618 0.81204465305063289 -0.69972874731304169 -0.45773049097128432 0.26160392451939263 -0.1351705938880626 0.031977609934829745 1.0000000180025095e-35 -0.52401811727297753 0.26543698238015412 2.2202058546885866 1.3729082814080018 1.7563395152780161 0.3295906199428984 0.92007127330637772 1.7227347058862532
decision_type=2 2 2 2 2 2 2 2 2 2 2 2 2 2 2 2 2 2 2 2
left_child=1 2 3 5 -4 7 -2 10 9 -9 -1 -10 15 -6 -8 -12 -17 -13 -7 -20
right_child=6 -3 4 -5 13 18 14 8 11 -11 12 17 -14 -15 -16 16 -18 -19 19 -21
leaf_value=-0.00097930041697608301 -0.0074592337423829433 0.014065242371490063 -0.009274057845293681 0.011869066033723202 0.0032023093803193433 -0.0029340893270094898 0.0046598280954259852 0.0166412409341366 0.0041669869592605565 0.0072274974841886868 0.0067182135232547293 -0.0021544063931191733 2.656062333650453e-06 -0.003068603471549477 -0.0037052649334929854 -0.0025100131768059268 0.005271078099991609 0.0044462031155391279 0.0032001450721130757 -0.0026999208833713272
leaf_weight=81.091439455747604 10.975482404232027 12.092345893383024 12.527472615242003 10.631655059754847 21.00720077008009 34.08192490786314 7.8204383850097683 10.01864257454872 28.749297320842743 23.705268085002899 30.557097315788269 45.796044617891312 30.100217774510384 11.517852678894995 8.5304585695266706 8.2080635279417056 9.7299873828887922 7.1335298269987097 32.452860370278358 27.027778103947639
leaf_count=296 45 47 53 42 76 134 30 45 97 87 111 174 105 41 31 29 30 25 107 99
internal_value=0.00133421 0.00159653 0.0012343 0.00160836 -0.00190251 0.00130594 -0.00282328 0.00200308 0.00341756 0.0100351 0.000979939 0.000674163 0.00299883 0.000954118 0.000271375 0.00486875 0.00173576 -0.00123853 -0.000741288 0.000512982
internal_weight=463.755 436.429 424.336 379.284 45.0525 368.652 27.3264 275.09 115.403 33.7239 159.687 81.6789 78.5954 32.5251 16.3509 48.4951 17.9381 52.9296 93.5626 59.4806
internal_count=1704 1598 1551 1381 170 1339 106 999 428 132 571 296 275 117 61 170 59 199 340 206
is_linear=0
shrinkage=0.0144862


Tree=164
num_leaves=19
num_cat=0
split_feature=0 0 0 0 0 3 1 1 3 0 0 0 0 1 1 1 1 0
split_gain=2.46805 3.68842 6.57829 3.98491 6.36956 5.22575 3.49409 3.39997 2.17897 2.10441 5.29218 2.17034 4.17223 6.87508 4.11917 3.55668 3.42077 1.73851
threshold=-1.401028123136814 -0.89842377837745824 -1.2326299864875967 -0.36293145898140472 1.0000000180025095e-35 1.7724413147135019 1.5282772386870376 0.12893343160996845 -0.066753148546350963 0.1303845022848949 0.44263003055698064 1.4564283712933748 0.64540872178191366 -0.17917218323731168 0.3822059350685198 0.7572738500727203 -0.55715926190721443 1.6010879020007087
decision_type=2 2 2 2 2 2 2 2 2 2 2 2 2 2 2 2 2 2
left_child=8 2 7 6 -5 9 -3 -2 -1 -6 -11 12 15 -14 17 16 -12 -13
right_child=1 3 -4 4 5 -7 -8 -9 -10 10 11 14 13 -15 -16 -17 -18 -19
leaf_value=-0.0092945423872070436 0.0067502046820305623 -0.00047567594464166323 0.012062069080693847 0.0095828762853833703 -0.00041125340835603349 -0.0090336411782840562 -0.010831084865265881 -0.0033157967428725237 -0.00032059515323703072 0.010963282108244109 0.0031753053978498878 -0.0019308559335748901 0.0026923608514527989 0.013905983209897175 -0.010169312987174038 0.0085066651871408203 -0.0042098703172858349 0.0043726869683093908
leaf_weight=7.6960931271314648 11.901705086231233 111.84489071369171 18.482298538088799 21.493426606059074 63.51068602502346 9.2255083918571454 6.9000014513730994 16.019671142101288 18.68499967455864 14.375103965401648 22.298720732331269 17.935720086097717 41.665871366858482 15.395083539187906 7.758619785308837 9.1051608920097333 30.902354992926128 17.909865185618401
leaf_count=30 39 425 64 83 231 41 33 61 67 56 74 62 145 56 29 31 120 57
internal_value=0.00131698 0.00157698 0.00542189 0.00111762 0.00208461 0.00143377 -0.00109234 0.00101744 -0.00295337 0.00184398 0.0026536 0.00190931 0.0029171 0.00573789 -0.000844409 0.000332146 -0.00110456 0.00120906
internal_weight=463.106 436.725 46.4037 390.321 271.576 250.083 118.745 27.9214 26.3811 240.857 177.347 162.971 119.367 57.061 43.6042 62.3062 53.2011 35.8456
internal_count=1704 1607 164 1443 985 902 458 100 97 861 630 574 426 201 148 225 194 119
is_linear=0
shrinkage=0.0144862


Tree=165
num_leaves=19
num_cat=0
split_feature=0 0 0 0 3 3 3 3 2 0 0 0 0 0 0 0 0 0
split_gain=2.39983 3.59784 6.45594 3.91107 2.76851 5.61134 5.04464 2.11821 1.51341 5.61616 4.0316 2.08275 2.64499 1.57502 1.47481 1.41809 1.94604 1.27783
threshold=-1.401028123136814 -0.89842377837745824 -1.2326299864875967 -0.85624376196354024 1.7724413147135019 1.9430900739760919 1.1363373556406191 -0.066753148546350963 0.89442266433793904 0.024667406506108647 -0.36293145898140472 1.4564283712933748 0.64540872178191366 1.6010879020007087 2.1036410307817657 1.0583229136861065 1.0914303853726597 1.0000000180025095e-35
decision_type=2 2 2 2 2 2 2 2 2 2 2 2 2 2 2 2 2 2
left_child=7 2 -2 -3 6 -6 8 -1 10 -10 -5 12 17 -13 -15 -14 -17 -12
right_child=1 3 -4 4 5 -7 -8 -9 9 -11 11 13 15 14 -16 16 -18 -19
leaf_value=-0.0091638664565286635 0.0010033556687351988 -0.0032784574160340976 0.011966893750657036 -0.0021879746120997963 -0.012707866328780513 0.0035719202628500292 0.013536796435766702 -0.00031562044686902178 0.0094686769784714329 -0.00083206767174273991 0.0058701355678248369 -0.0036139849526092655 0.0093430699957258827 0.0048705929581233844 -0.0027290815651225069 0.002351731604603776 0.010195142783956286 0.0011733881375193276
leaf_weight=7.6953282505273846 27.91255496442318 38.178172945976257 18.361894093453884 57.669733226299286 8.0186077505350131 9.0811112970113737 7.2149095088243476 18.685801170766354 20.949250712990761 22.737224631011486 13.157442033290861 20.820844441652298 14.295932717621325 13.331003814935686 8.3209314942359907 30.370835542678833 8.0750937163829786 117.71127283573151
leaf_count=30 100 155 64 226 38 32 27 67 70 83 51 74 58 42 28 96 33 430
internal_value=0.00129949 0.00155617 0.00535914 0.00110261 0.00158037 -0.00403886 0.00187129 -0.00291154 0.0016059 0.00410492 0.00121875 0.00209002 0.00275866 -0.000786549 0.00191018 0.00548802 0.00404142 0.001655
internal_weight=462.588 436.207 46.2744 389.932 351.754 17.0997 334.654 26.3811 327.44 43.6865 283.753 226.083 183.611 42.4728 21.6519 52.7419 38.4459 130.869
internal_count=1704 1607 164 1443 1288 70 1218 97 1191 153 1038 812 668 144 70 187 129 481
is_linear=0
shrinkage=0.0144862


Tree=166
num_leaves=21
num_cat=0
split_feature=0 0 0 0 1 2 2 0 0 0 2 2 0 2 2 2 0 0 0 1
split_gain=2.33365 3.50733 6.33752 3.80368 3.30546 2.29396 6.77033 3.32082 2.60828 4.90571 2.93243 3.03989 2.01986 4.53578 1.85371 1.86132 1.69437 1.68043 1.95596 1.49369
threshold=-1.401028123136814 -0.89842377837745824 -1.2326299864875967 -0.85624376196354024 0.12893343160996845 -0.69972874731304169 -0.38201714431718403 -0.56066171805965881 -0.36293145898140472 1.0000000180025095e-35 0.81499198357074809 0.72059368467215046 -1.8844447674546261 0.22184729476744922 1.0000000180025095e-35 -0.28656243849252122 0.17342421547741396 1.4564283712933748 0.59924483391311634 1.3094291958364745
decision_type=2 2 2 2 2 2 2 2 2 2 2 2 2 2 2 2 2 2 2 2
left_child=12 2 4 19 -2 16 -7 -8 10 -10 11 -9 -1 -14 15 -11 -5 18 -16 -3
right_child=1 3 -4 5 -6 6 7 8 9 14 -12 -13 13 -15 17 -17 -18 -19 -20 -21
leaf_value=0.002331366433824904 0.0066434779947773396 -0.0051249724435342876 0.011871391287606631 -0.0020146472111839662 -0.0032835017984382299 0.013952257652423283 0.0096318985298929748 -0.00077348248454830646 0.010320707173447134 0.0020890163836809177 0.0042452815311046239 -0.010094811316574859 -0.014456851813279419 0.00042085485910682286 0.00025081531378400078 0.011433318427413764 0.0013055467888874526 -0.0045250301163933847 0.004783751087047562 0.0010408512498105797
leaf_weight=9.5223714709281939 11.894939318299295 26.624277248978615 18.242462575435638 49.871010646224022 16.017624884843826 9.9141448587179166 10.734004080295561 21.832024969160557 14.505527973175047 10.772165402770044 12.779148444533346 10.646830156445501 7.1110999435186413 9.7475031018257123 76.417777523398399 7.1676480323076239 89.522668346762657 10.590804412961004 26.619103394448757 11.513168543577192
leaf_count=31 39 111 64 188 61 43 34 87 58 41 41 49 32 34 283 28 305 38 93 44
internal_value=0.00128235 0.00153577 0.00529575 0.00108801 0.000988268 0.00155943 0.00250785 0.00193292 0.00149089 0.00243082 -0.00153479 -0.00384691 -0.0028698 -0.00587216 0.00154856 0.00582639 0.000117483 0.000863144 0.00142717 -0.00323478
internal_weight=462.046 435.665 46.155 389.51 27.9126 351.373 211.979 202.065 191.331 146.073 45.258 32.4789 26.381 16.8586 131.567 17.9398 139.394 113.628 103.037 38.1374
internal_count=1704 1607 164 1443 100 1288 795 752 718 541 177 136 97 66 483 69 493 414 376 155
is_linear=0
shrinkage=0.0144862


Tree=167
num_leaves=22
num_cat=0
split_feature=0 0 0 0 2 2 0 4 0 4 4 4 2 2 4 4 2 2 4 2 2
split_gain=2.26978 3.42038 6.21923 3.69895 2.23603 6.66481 3.24864 4.3651 1.96578 5.56238 1.85153 2.35859 1.67935 5.50519 3.09592 5.7725 4.80454 4.18124 2.58374 2.74696 1.9572
threshold=-1.401028123136814 -0.89842377837745824 -1.2326299864875967 -0.85624376196354024 -0.69972874731304169 -0.38201714431718403 -0.56066171805965881 0.78703980624840864 -1.8844447674546261 0.81204465305063289 -1.3439458341595358 -0.67355127501412004 0.72059368467215046 0.031977609934829745 -0.91129731355121979 -1.3439458341595358 0.93259231458760772 1.0791826756702754 -0.12388201523749372 1.0000000180025095e-35 0.93259231458760772
decision_type=2 2 2 2 2 2 2 2 2 2 2 2 2 2 2 2 2 2 2 2 2
left_child=8 2 -2 -3 10 -6 -7 12 -1 -10 -5 -12 13 18 15 17 -17 -14 19 -8 -16
right_child=1 3 -4 4 5 6 7 -9 9 -11 11 -13 14 -15 20 16 -18 -19 -20 -21 -22
leaf_value=0.0023000550897375898 0.00097458919946512713 -0.003191458955034351 0.011777482636205238 -0.0069926003259206853 0.013894559327005179 0.0095482096823722717 0.0092590982692364824 -0.006392769452728716 0.0017251900807917528 -0.01462187514567876 0.0052042503467729572 -0.00028721050167713515 -0.0042704352764354513 0.0093357449099805215 0.00018050888846733636 -0.0024987480384328345 -0.017970571718384967 0.0092048299145174647 -0.0019705893558512998 0.0011536999924940717 0.005888960347730174
leaf_weight=9.5183799117803591 27.903680413961411 38.094828486442566 18.124019227921963 6.9229653626680365 9.818108603358267 10.680252745747564 12.437685847282401 13.369477733969687 9.0923377200961131 7.7438357919454566 18.771450877189636 113.6913583278656 8.6821618378162402 24.05681136995554 25.807503297924995 10.077829778194429 6.7802987769246092 9.8773399293422681 28.648904107511051 27.421636134386063 23.935584165155888
leaf_count=31 100 155 64 26 43 34 50 53 33 33 61 406 32 101 90 42 30 32 114 92 82
internal_value=0.00126576 0.00151589 0.00523442 0.00107379 0.00153893 0.00247665 0.00190805 0.00147136 -0.00283144 -0.00579589 0.000115757 0.000497035 0.00207183 0.00342011 0.000605701 -0.0026508 -0.00873179 0.00285266 0.00132984 0.00369816 0.00292459
internal_weight=461.456 435.102 46.0277 389.074 350.979 211.594 201.775 191.095 26.3546 16.8362 139.386 132.463 177.726 92.565 85.1607 35.4176 16.8581 18.5595 68.5082 39.8593 49.7431
internal_count=1704 1607 164 1443 1288 795 752 718 97 66 493 467 665 357 308 136 72 64 256 142 172
is_linear=0
shrinkage=0.0144862


Tree=168
num_leaves=12
num_cat=0
split_feature=3 4 4 1 4 4 4 3 3 1 1
split_gain=2.40046 2.56254 8.55578 3.43082 2.53743 5.36343 1.753 1.7195 2.11421 1.29679 6.35644
threshold=2.505093081842046 -0.19473967275523335 -0.57804390007765316 2.1137352703750172 -0.10117990212194466 0.10261202914880686 2.1250364861237432 0.53389171656532852 -0.1351705938880626 -0.23380133559262892 0.12893343160996845
decision_type=2 2 2 2 2 2 2 2 2 2 2
left_child=1 2 9 4 -3 -6 -7 8 -4 -1 -11
right_child=-2 3 7 -5 5 6 -8 -9 -10 10 -12
leaf_value=0.00026772007705673517 -0.0062688333278379032 -0.0019058328396336117 0.012387786077325921 -0.0087923279857650208 0.011392381739078306 0.0013499169217892171 -0.0040985363522416255 0.016464877540584753 0.0017938256548987845 0.014446947170531296 0.0014223939846642385
leaf_weight=84.253279380500317 8.3489874154329282 57.614824384450912 9.4052009433507919 7.7236430272459975 10.521077141165732 177.04339400678873 12.899808421730993 7.5605481117963782 6.4154840633273134 8.4650487601757032 70.559094503521919
leaf_count=292 32 233 41 38 45 621 48 35 27 31 261
internal_value=0.00124937 0.00139181 0.0026914 0.000478414 0.000763536 0.00153323 0.000974477 0.0108195 0.00812504 0.00151781 0.00284599
internal_weight=460.81 452.461 186.659 265.803 258.079 200.464 189.943 23.3812 15.8207 163.277 79.0241
internal_count=1704 1672 687 985 947 714 669 103 68 584 292
is_linear=0
shrinkage=0.0144862


Tree=169
num_leaves=25
num_cat=0
split_feature=0 0 0 0 0 2 1 0 0 1 1 2 1 0 0 1 0 1 1 0 2 2 0 0
split_gain=2.17937 3.35512 6.10247 3.58565 5.98233 3.41213 3.20264 2.78068 6.78894 2.36135 2.5511 2.92094 2.28054 5.48468 6.27548 2.25291 3.1256 2.12649 1.98413 1.91648 4.342 1.8394 1.32324 4.26318
threshold=-1.401028123136814 -0.89842377837745824 -1.2326299864875967 -0.36293145898140472 1.0000000180025095e-35 0.81499198357074809 0.12893343160996845 0.1303845022848949 0.44263003055698064 1.5282772386870376 -0.58612781837144456 -0.89690988008132255 -0.23380133559262892 1.4564283712933748 0.64540872178191366 -0.58612781837144456 0.59924483391311634 -0.36979102111976109 0.065036890674015163 -1.8844447674546261 0.22184729476744922 0.72059368467215046 1.2149377170422428 1.0583229136861065
decision_type=2 2 2 2 2 2 2 2 2 2 2 2 2 2 2 2 2 2 2 2 2 2 2 2
left_child=19 2 6 5 -5 9 -2 -6 -9 10 -3 -12 15 14 -14 22 -17 -7 -19 -1 -21 -13 23 -10
right_child=1 3 -4 4 7 17 -8 8 12 -11 11 21 13 -15 -16 16 -18 18 -20 20 -22 -23 -24 -25
leaf_value=0.0022845606663689541 0.006527319772394847 -0.0077059879467140527 0.011682785263619981 0.0093164203475410139 -0.0011787728120113583 0.0096066428064716693 -0.003250135620933528 0.011350137111869054 0.0039092726635471444 -0.010424586638237312 -0.0080889390267596065 0.0019472148584781634 0.00171063804560665 -0.0057446473131354302 0.013685505482100863 -0.0068105701082402685 0.00050229157113654982 -0.0044740035567208125 0.0053577931548854868 -0.014146499545762694 0.00043619218476986945 -0.0033854762132417716 0.0051161319478413283 -0.00586640307805876
leaf_weight=9.5068706423044222 11.875886082649233 12.289737597107885 17.984528169035912 21.011864826083183 67.130134701728821 8.1847400963306445 16.004914775490761 15.391203202307222 28.162706851959229 6.6465851366519919 9.3657060563564283 46.619644016027451 22.210571795701981 9.0923961699008924 15.133136101067064 17.304315134882927 39.466122314333916 7.7522625476121929 8.677762456238268 7.0701331570744541 9.7395673990249616 18.706403985619545 21.563040927052498 13.498302116990088
leaf_count=31 39 48 64 83 249 26 61 60 96 32 35 184 83 33 56 68 140 27 30 32 34 76 68 49
internal_value=0.00123254 0.00147803 0.00516759 0.00103994 0.0019605 -0.00106025 0.000955112 0.00133356 0.00226242 -0.00232319 -0.00168569 -0.000676784 0.00141044 0.00412303 0.00657846 0.000355027 -0.00173319 0.00369839 0.000744104 -0.00278474 -0.0057145 0.000409503 0.00222847 0.000728494
internal_weight=460.389 434.072 45.8653 388.207 269.964 118.243 27.8808 248.952 181.822 93.6281 86.9815 74.6918 166.431 46.4361 37.3437 119.994 56.7704 24.6148 16.43 26.3166 16.8097 65.326 63.224 41.661
internal_count=1704 1607 164 1443 985 458 100 902 653 375 343 295 593 172 139 421 208 83 57 97 66 260 213 145
is_linear=0
shrinkage=0.0144862


Tree=170
num_leaves=26
num_cat=0
split_feature=0 0 0 0 1 0 4 4 0 0 4 4 0 0 0 0 0 0 0 0 4 4 1 0 0
split_gain=2.11942 3.27226 5.98805 3.51872 3.11348 1.86522 5.34638 1.65674 3.1652 2.42193 2.18426 1.68982 1.57742 5.07961 1.92966 3.25736 1.85192 6.81137 2.36282 9.34679 1.5247 3.48991 1.47979 1.25615 1.23888
threshold=-1.401028123136814 -0.89842377837745824 -1.2326299864875967 -0.85624376196354024 0.12893343160996845 -1.8844447674546261 0.81204465305063289 0.81204465305063289 -0.27665448525149644 -0.51025422056031999 0.43558507731961271 1.1330741393238297 0.64540872178191366 1.4564283712933748 1.0583229136861065 1.0914303853726597 1.0000000180025095e-35 -0.25794236175130647 0.1303845022848949 0.44263003055698064 -1.0904357891992069 -0.12388201523749372 1.3094291958364745 1.6010879020007087 2.1036410307817657
decision_type=2 2 2 2 2 2 2 2 2 2 2 2 2 2 2 2 2 2 2 2 2 2 2 2 2
left_child=5 2 4 22 -2 -1 -7 9 -9 -5 12 -10 16 14 -14 -16 17 20 -18 -20 -11 -22 -3 -15 -25
right_child=1 3 -4 7 -6 6 -8 8 11 10 -12 -13 13 23 15 -17 18 -19 19 -21 21 -23 -24 24 -26
leaf_value=0.0022563006069344716 0.0064376996251848673 -0.0050211155325239048 0.011590023408262666 0.0080908885184337448 -0.0032044539994561055 0.0017446903801773654 -0.014303266136909333 -0.0051133075505656626 -0.0013758433879356635 -0.0046667214817779166 0.0076725559932014666 0.0054961060279062066 0.010615109161179378 -0.0033339685803916181 0.0020688422942031163 0.011535823252916725 -0.0027803365584628259 0.014806205087613742 0.012631969449565555 -0.0013283890357248449 0.0069312334788034346 -0.0014260325100523188 0.001122950835074846 0.0041788673691741957 -0.002745332495443991
leaf_weight=9.5029446333646792 11.869910523295404 26.544977813959122 17.86830823123455 12.283703982830046 16.00197622179985 9.0689121633768099 7.7181110978126517 21.519724354147911 14.149694219231607 8.8590713739395124 11.618984580039976 15.034798100590704 12.785006843507288 21.469105184078217 32.560585498809814 9.5255066826939565 52.876490458846092 7.9480026066303244 12.083655670285223 51.564580745995045 16.74875587970018 26.611039854586128 11.489003747701643 13.789784654974939 8.3103911280632001
leaf_count=31 39 111 64 41 61 33 33 84 50 39 38 46 54 77 104 38 204 34 50 193 57 107 44 44 28
internal_value=0.00121631 0.00145859 0.00510759 0.00102601 0.000941897 -0.00274704 -0.00563992 0.00148089 -0.000930518 0.00189144 0.00162072 0.00214801 0.00135966 0.0028261 0.00574905 0.00425425 0.000540807 0.00259722 -0.000523911 0.00134897 0.000698422 0.00180941 -0.00313668 -0.000847975 0.00153802
internal_weight=459.803 433.513 45.7402 387.773 27.8719 26.29 16.787 349.739 50.7042 299.035 286.751 29.1845 275.132 98.4404 54.8711 42.0861 176.692 60.1669 116.525 63.6482 52.2189 43.3598 38.034 43.5693 22.1002
internal_count=1704 1607 164 1443 100 97 66 1288 180 1108 1067 96 1029 345 196 142 684 237 447 243 203 164 155 149 72
is_linear=0
shrinkage=0.0144862


Tree=171
num_leaves=10
num_cat=0
split_feature=3 1 1 2 3 3 2 3 3
split_gain=2.34492 2.15854 2.60592 2.32176 1.8942 10.8643 3.19414 2.04438 2.09609
threshold=2.505093081842046 2.1137352703750172 1.4140920485755559 1.0000000180025095e-35 -0.39637255817794798 -0.1351705938880626 -1.2536974192686836 -0.52401811727297753 -1.1079474925031649
decision_type=2 2 2 2 2 2 2 2 2
left_child=1 2 4 -3 7 -6 -7 8 -1
right_child=-2 3 -4 -5 5 6 -8 -9 -10
leaf_value=0.00039023355599916747 -0.0062466590518223206 0.0010847778048283098 0.0098880050169954381 -0.0091482581537645057 0.016976531643495094 -0.0029371690948351318 0.002319349688271668 -0.0012991183492623239 0.0046295749835110287
leaf_weight=82.955704301595688 8.3108543455600721 9.9193307012319583 7.3387631177902213 8.1631615832447988 9.77423247694969 27.52192197740078 184.54336404800415 86.298091232776642 34.267030358314514
leaf_count=286 32 37 30 40 44 96 692 323 124
internal_value=0.00120099 0.00134198 0.00154711 -0.0035079 0.00139859 0.00232361 0.00163371 0.000389602 0.0016325
internal_weight=459.092 450.782 432.699 18.0825 425.36 221.84 212.065 203.521 117.223
internal_count=1704 1672 1595 77 1565 832 788 733 410
is_linear=0
shrinkage=0.0144862


Tree=172
num_leaves=16
num_cat=0
split_feature=3 4 4 4 4 2 2 4 4 2 3 3 2 2 2
split_gain=2.28008 2.41563 8.25557 2.92144 5.20368 2.4341 2.02878 1.88294 2.80287 1.84944 1.73199 2.07034 1.42475 1.34904 2.86295
threshold=2.505093081842046 -0.19473967275523335 -0.57804390007765316 -0.10117990212194466 0.10261202914880686 0.057542657545605544 -0.87436949230096472 0.78703980624840864 0.92007127330637772 1.4782987723741299 0.53389171656532852 -0.1351705938880626 0.41775517918799898 0.72059368467215046 0.031977609934829745
decision_type=2 2 2 2 2 2 2 2 2 2 2 2 2 2 2
left_child=1 2 6 9 -5 -6 -1 12 -9 -3 11 -4 -7 14 -8
right_child=-2 3 10 4 5 7 13 8 -10 -11 -12 -13 -14 -15 -16
leaf_value=-0.004038557155160832 -0.0061598860818429801 -0.003584629287356208 0.012223433101167455 0.010634968616008229 -0.00031577877136920176 0.010481318759780731 0.00213247287729684 -0.0060891434173448175 0.0044215557997246075 0.0029785993723284621 0.016395729126834027 0.0016745884000967778 0.0036931777693235655 0.00044028300309933749 0.010150255830987963
leaf_weight=12.65091612935066 8.3095648437738401 48.73852464556694 9.2016076967120171 11.270048357546328 139.64385728538036 8.3126965165138227 69.868861764669418 8.9808796048164385 11.831352502107618 10.672367274761198 7.3717092573642722 6.3747055530548105 25.33875834941864 69.787779152393341 10.402674958109854
leaf_count=46 32 212 41 48 510 30 244 35 37 34 35 27 79 249 45
internal_value=0.00118459 0.00132371 0.00258928 0.000435591 0.00125294 0.000696468 0.00144211 0.00328342 -0.000101544 -0.00238414 0.0106539 0.00793938 0.00539512 0.00191072 0.00318856
internal_weight=458.756 450.447 185.658 264.788 205.378 194.108 162.71 54.4637 20.8122 59.4109 22.948 15.5763 33.6515 150.059 80.2715
internal_count=1704 1672 687 985 739 691 584 181 72 246 103 68 109 538 289
is_linear=0
shrinkage=0.0144862


Tree=173
num_leaves=17
num_cat=0
split_feature=0 0 0 0 1 2 2 0 0 0 0 2 0 1 0 0
split_gain=2.06593 3.1952 5.8618 3.37168 3.00368 2.04563 6.43145 3.11466 2.39768 4.55078 1.81061 4.13631 1.56644 1.45047 1.26896 3.19982
threshold=-1.401028123136814 -0.89842377837745824 -1.2326299864875967 -0.85624376196354024 0.12893343160996845 -0.69972874731304169 -0.38201714431718403 -0.56066171805965881 -0.36293145898140472 1.0000000180025095e-35 -1.8844447674546261 0.22184729476744922 0.17342421547741396 1.3094291958364745 1.4564283712933748 0.64540872178191366
decision_type=2 2 2 2 2 2 2 2 2 2 2 2 2 2 2 2
left_child=10 2 4 13 -2 12 -7 -8 -9 -10 -1 -12 -5 -3 15 -11
right_child=1 3 -4 5 -6 6 7 8 9 14 11 -13 -14 -15 -16 -17
leaf_value=0.0021856988561656646 0.0063122868580107608 -0.004964488488655122 0.011477692514853054 -0.0019886550715552255 -0.0031660719634681016 0.013720197858963723 0.0093044902917925956 -0.0015606163487872006 0.0099834245853197816 0.00052254436918269158 -0.013860209205579246 0.00040291161503681666 0.0012094900842946864 0.0011216554732776996 -0.0029851043170284817 0.0060525345233771359
leaf_weight=9.4837671518325823 11.847240000963213 26.496191963553429 17.697273433208466 49.6898333132267 15.981191560626028 9.5183947235345823 10.522254317998884 44.998769454658031 14.042246550321577 89.815020307898521 7.0313633829355267 9.7148056477308256 89.215359896421432 11.486130610108374 12.097776263952253 28.648540183901787
leaf_count=31 39 111 64 188 61 43 34 177 58 337 32 34 305 44 44 102
internal_value=0.00116886 0.0014086 0.00502312 0.000980745 0.000908489 0.00142719 0.00232983 0.00177499 0.00134716 0.00225444 -0.00274847 -0.00560252 6.51855e-05 -0.00309675 0.00141087 0.00186611
internal_weight=458.286 432.056 45.5257 386.531 27.8284 348.548 209.643 200.125 189.602 144.604 26.2299 16.7462 138.905 37.9823 130.561 118.464
internal_count=1704 1607 164 1443 100 1288 795 752 718 541 97 66 493 155 483 439
is_linear=0
shrinkage=0.0144862


Tree=174
num_leaves=8
num_cat=0
split_feature=4 4 1 2 4 4 4
split_gain=1.96337 9.08593 3.19743 2.65558 2.32221 4.04421 1.64809
threshold=-0.19473967275523335 -0.57804390007765316 2.1137352703750172 -0.87436949230096472 -0.10117990212194466 0.10261202914880686 2.1250364861237432
decision_type=2 2 2 2 2 2 2
left_child=1 3 4 -1 -2 -6 -7
right_child=2 -3 -4 -5 5 6 -8
leaf_value=-0.0049762433549650599 -0.0019303419819580857 0.010714769081025203 -0.0086609942153084065 0.0016367117094970283 0.0099551681848151375 0.0012380346543782712 -0.0040531874425756339
leaf_weight=13.464979782700537 57.69972887635231 23.113677360117435 7.6250644773244849 155.27815159410238 10.414929524064062 177.35743192583323 12.846276491880415
leaf_count=50 234 104 38 559 46 625 48
internal_value=0.00115347 0.00226923 0.00034781 0.00110248 0.000621199 0.00135749 0.000875234
internal_weight=457.8 191.857 265.943 168.743 258.318 200.619 190.204
internal_count=1704 713 991 609 953 719 673
is_linear=0
shrinkage=0.0144862


Tree=175
num_leaves=16
num_cat=0
split_feature=3 4 4 4 4 2 2 4 4 2 3 3 2 2 2
split_gain=2.23151 2.26466 7.92367 2.73757 4.99515 2.33319 1.90256 1.83534 2.71706 1.80818 1.74947 2.06027 1.39746 1.3077 2.81089
threshold=2.505093081842046 -0.19473967275523335 -0.57804390007765316 -0.10117990212194466 0.10261202914880686 0.057542657545605544 -0.87436949230096472 0.78703980624840864 0.92007127330637772 1.4782987723741299 0.53389171656532852 -0.1351705938880626 0.41775517918799898 0.72059368467215046 0.031977609934829745
decision_type=2 2 2 2 2 2 2 2 2 2 2 2 2 2 2
left_child=1 2 6 9 -5 -6 -1 12 -9 -3 11 -4 -7 14 -8
right_child=-2 3 10 4 5 7 13 8 -10 -11 -12 -13 -14 -15 -16
leaf_value=-0.0039155676787579361 -0.0061380732266293229 -0.0035068012236364435 0.012068929162012614 0.010473527442658675 -0.00032571464864310999 0.010361819232355346 0.0020588938469669337 -0.0060404921836270222 0.0043196570485248206 0.0029848662072036202 0.016329155491769581 0.0014757023358340283 0.0036114078697513578 0.00039351291374219876 0.010040430337192398
leaf_weight=12.656374081969259 8.2868046760559064 48.621812000870705 9.0273685678839684 11.087128378450869 139.47492732107639 8.2264841049909574 69.832950539886951 8.9649107009172457 11.79727330803871 10.669493138790129 7.1953418031334868 6.3109533414244661 25.281260475516319 69.741182826459408 10.291510969400404
leaf_count=46 32 212 41 48 510 30 244 35 37 34 35 27 79 249 45
internal_value=0.00113762 0.00127545 0.00250302 0.000414634 0.00120711 0.000665075 0.00138684 0.0032032 -0.000141877 -0.00231742 0.0104836 0.00774339 0.00529353 0.00184131 0.00310094
internal_weight=457.466 449.179 185.056 264.123 204.832 193.745 162.522 54.2699 20.7622 59.2913 22.5337 15.3383 33.5077 149.866 80.1245
internal_count=1704 1672 687 985 739 691 584 181 72 246 103 68 109 538 289
is_linear=0
shrinkage=0.0144862


Tree=176
num_leaves=18
num_cat=0
split_feature=3 3 3 3 1 2 2 2 1 2 2 1 1 1 2 2 3
split_gain=2.20321 8.76837 2.15012 5.29648 3.24124 1.96455 2.91252 1.76664 1.73333 2.3216 1.76843 3.26603 2.51948 4.10489 1.95602 3.30496 1.38722
threshold=1.7724413147135019 1.1363373556406191 0.96968499839693922 0.61794179435526442 -0.36979102111976109 2.3318088481973098 2.0807676423090671 -0.69972874731304169 2.1137352703750172 1.0000000180025095e-35 0.031977609934829745 0.53178439119669474 0.3822059350685198 -0.23380133559262892 1.0000000180025095e-35 -0.64270501345133713 2.2202058546885866
decision_type=2 2 2 2 2 2 2 2 2 2 2 2 2 2 2 2 2
left_child=1 2 3 5 -4 6 8 -2 10 -10 14 12 13 -12 15 -1 -9
right_child=7 -3 4 -5 -6 -7 -8 16 9 -11 11 -13 -14 -15 -16 -17 -18
leaf_value=0.00038987112406129219 -0.0073456533784904141 0.013678262021645054 0.0038323583043717727 0.011501011275097051 -0.0045371525912582169 0.0079957445578880508 -0.0071010718497256575 0.0044942790098764281 0.0010972320188232865 -0.0095598040988485438 0.0012399674326730771 0.0077882620899505477 -0.0037523682923915913 0.0098577695600894077 -0.0018396809437800465 0.0058340843070187011 -0.0038279217186478229
leaf_weight=127.29690333455801 10.808338642120363 11.419977292418478 13.647842541337011 10.179237417876719 31.079354085028172 8.0808087438344938 8.8202312141656858 7.6658885478973415 9.8842279016971606 7.0391597002744666 71.655683048069477 21.890909753739834 14.973621636629103 13.432137176394461 52.491981253027916 28.250868268311024 8.3879613280296308
leaf_count=445 45 47 44 42 126 25 29 30 37 35 254 81 59 54 206 114 31
internal_value=0.0011225 0.00137395 0.0010314 0.00139021 -0.00195689 0.00110091 0.000939452 -0.00287259 0.00114896 -0.00331975 0.00138113 0.00276408 0.00165594 0.00261701 0.000569348 0.00138391 0.000121678
internal_weight=457.005 430.143 418.723 373.996 44.7272 363.817 355.736 26.8622 346.915 16.9234 329.992 121.952 100.061 85.0878 208.04 155.548 16.0538
internal_count=1704 1598 1551 1381 170 1339 1314 106 1285 72 1213 448 367 308 765 559 61
is_linear=0
shrinkage=0.0144862


Tree=177
num_leaves=23
num_cat=0
split_feature=0 0 0 0 1 0 4 4 0 0 4 4 0 0 0 0 0 0 0 0 1 0
split_gain=2.02031 3.11616 5.70692 3.19064 2.90879 1.77683 5.07211 1.50454 3.09146 2.23979 2.10373 1.63314 1.5036 4.7819 1.85651 3.06925 1.81948 6.5127 2.22478 8.94528 1.41423 1.21641
threshold=-1.401028123136814 -0.89842377837745824 -1.2326299864875967 -0.85624376196354024 0.12893343160996845 -1.8844447674546261 0.81204465305063289 0.81204465305063289 -0.27665448525149644 -0.51025422056031999 0.43558507731961271 1.1330741393238297 0.64540872178191366 1.4564283712933748 1.0914303853726597 1.0583229136861065 1.0000000180025095e-35 -0.25794236175130647 0.1303845022848949 0.44263003055698064 1.3094291958364745 1.6010879020007087
decision_type=2 2 2 2 2 2 2 2 2 2 2 2 2 2 2 2 2 2 2 2 2 2
left_child=5 2 4 20 -2 -1 -7 9 -9 -5 12 -10 16 14 15 -14 17 -11 -18 -20 -3 -15
right_child=1 3 -4 7 -6 6 -8 8 11 10 -12 -13 13 21 -16 -17 18 -19 19 -21 -22 -23
leaf_value=0.0021187865744198729 0.0061970565817243617 -0.0048943870647559628 0.011341843819861855 0.0077720848516241959 -0.0031426602872844898 0.0016218271274054039 -0.014069060653846922 -0.0050836739088297705 -0.0013628712703017841 0.0006438755141371412 0.0074668850993060178 0.0053962688195026542 0.010333441247709 -0.0033406731638356661 0.011325415190835367 0.0019754988816276481 -0.0028168922102343591 0.014658165047742346 0.012418463673675091 -0.001395828747679017 0.0011192615252255927 0.0014607508654371976
leaf_weight=9.4534650295972842 11.816277503967287 26.435151249170303 17.490196466445923 12.057478725910185 15.938372164964674 8.9831425398588198 7.6712901443243018 21.444568887352943 14.143411263823511 51.885448880493641 11.481020599603651 15.009885057806967 12.426270753145216 21.405144393444061 9.2733845338225347 32.565360441803932 52.648644343018532 7.6688403636217108 11.753880515694616 51.395785570144653 11.475237190723417 22.0337755382061
leaf_count=31 39 111 64 41 61 33 33 84 50 203 38 46 54 77 38 104 204 34 50 193 44 72
internal_value=0.00110784 0.00134531 0.00492634 0.000922477 0.000871883 -0.00277508 -0.00561206 0.00135802 -0.000941335 0.0017519 0.0014919 0.00210113 0.00123528 0.00267233 0.00553051 0.00431502 0.000432792 0.00248298 -0.000624439 0.00120184 -0.00304716 -0.000891371
internal_weight=456.456 430.348 45.2448 385.103 27.7546 26.1079 16.6544 347.193 50.5979 296.595 284.538 29.1533 273.057 97.7039 54.265 44.9916 175.353 59.5543 115.798 63.1497 37.9104 43.4389
internal_count=1704 1607 164 1443 100 97 66 1288 180 1108 1067 96 1029 345 196 158 684 237 447 243 155 149
is_linear=0
shrinkage=0.0144862


Tree=178
num_leaves=23
num_cat=0
split_feature=0 0 0 0 0 4 1 1 4 4 0 0 1 0 0 1 0 4 0 4 0 0
split_gain=1.9648 3.03764 5.59871 3.11687 5.44678 3.36564 4.13189 2.83025 2.74151 3.07847 2.45487 6.27974 2.15555 5.19302 5.94811 2.21334 2.90942 1.76757 1.72771 4.93573 1.30572 4.20057
threshold=-1.401028123136814 -0.89842377837745824 -1.2326299864875967 -0.36293145898140472 1.0000000180025095e-35 1.1757980732605351 1.4140920485755559 0.43977337224892188 -0.91129731355121979 -0.12388201523749372 0.1303845022848949 0.44263003055698064 -0.23380133559262892 1.4564283712933748 0.64540872178191366 -0.58612781837144456 0.59924483391311634 -0.019387997796534596 -1.8844447674546261 0.81204465305063289 1.2149377170422428 1.0583229136861065
decision_type=2 2 2 2 2 2 2 2 2 2 2 2 2 2 2 2 2 2 2 2 2 2
left_child=18 2 7 5 -5 6 8 -2 -3 -10 -6 -12 15 14 -14 20 -17 -11 -1 -20 21 -13
right_child=1 3 -4 4 10 -7 -8 -9 9 17 11 12 13 -15 -16 16 -18 -19 19 -21 -22 -23
leaf_value=0.0020902997783825653 0.0059127937621813297 -0.0065784910509729642 0.011250983614301125 0.0089204549289000189 -0.0011828253770083991 -0.0071341865078438918 -0.010604644605007828 -0.0032576493729720097 0.0061594830497854729 -0.0037700654804617615 0.010969175145691241 0.0037610246176212367 0.0016028408598704614 -0.0057028786049779217 0.013372604892847082 -0.0067563047286204204 0.00031427028614644742 0.0014844608867029387 0.0016005309207238548 -0.013882507776209441 0.0049634210595153466 -0.0059588418910414623
leaf_weight=9.449772350490095 12.352936103940012 9.3359485417604429 17.37848386913538 20.290960595011711 66.832388296723366 16.104062467813492 6.9020733833312979 15.392695963382719 22.006575539708138 18.834606766700745 14.829767175018786 28.015966027975082 22.088174730539322 9.0597890317440015 14.709493748843668 17.25768930464983 39.184566207230091 44.251093134284019 8.9814421832561511 7.6639866083860388 21.415573760867119 13.465399622917174
leaf_count=31 41 40 64 83 249 64 34 59 73 85 60 96 83 33 56 68 140 162 33 33 68 49
internal_value=0.00109382 0.00132829 0.00486888 0.000910781 0.00177466 -0.00105295 -7.73841e-05 0.000859831 0.000716145 0.00153553 0.00118117 0.00206004 0.00124865 0.00390501 0.00632272 0.000222455 -0.00185356 -8.68091e-05 -0.00273669 -0.0055346 0.00208402 0.000592259
internal_weight=455.803 429.708 45.1241 384.584 267.15 117.434 101.33 27.7456 94.4282 85.0923 246.859 180.026 165.197 45.8575 36.7977 119.339 56.4423 63.0857 26.0952 16.6454 62.8969 41.4814
internal_count=1704 1607 164 1443 985 458 394 100 360 320 902 653 593 172 139 421 208 247 97 66 213 145
is_linear=0
shrinkage=0.0144862


Tree=179
num_leaves=12
num_cat=0
split_feature=1 1 2 4 4 2 2 4 4 2 2
split_gain=1.85053 2.53052 2.21548 1.84346 2.9775 2.08682 5.48878 1.99578 4.09161 1.52707 1.37482
threshold=2.1137352703750172 1.4140920485755559 1.0000000180025095e-35 0.81204465305063289 0.43558507731961271 -0.69972874731304169 -0.38201714431718403 0.92007127330637772 1.3653437089470024 2.3318088481973098 2.0807676423090671
decision_type=2 2 2 2 2 2 2 2 2 2 2
left_child=1 3 -2 4 5 -1 -7 -5 -9 10 -8
right_child=2 -3 -4 7 -6 6 9 8 -10 -11 -12
leaf_value=-0.00050858136342070122 0.0010661466623426384 0.0096057728307005225 -0.0089849161293738163 -0.0033028314798675762 0.0072017391803467137 0.014275404203199045 0.0016645033985810218 0.0082629323068778709 -0.00086295096662924325 0.0074329478843894589 -0.0038444910213529995
leaf_weight=92.856802403926849 9.8323918431997317 7.1310125738382331 8.0583587661385518 36.162473537027836 18.698257923126221 7.0998896285891524 193.27164629101753 12.453078106045721 51.267623662948608 8.8117215633392316 9.6084951758384687
leaf_count=336 37 30 40 143 62 35 740 41 181 28 31
internal_value=0.00107933 0.0012663 -0.00343699 0.00112363 0.00164469 0.00130725 0.00207861 -0.000597378 0.00093767 0.00165668 0.00139847
internal_weight=455.252 437.361 17.8908 430.23 330.347 311.649 218.792 99.8832 63.7207 211.692 202.88
internal_count=1704 1627 77 1597 1232 1170 834 365 222 799 771
is_linear=0
shrinkage=0.0144862


Tree=180
num_leaves=23
num_cat=0
split_feature=3 3 0 3 3 4 0 0 4 3 3 3 0 0 3 0 4 4 4 4 0 4
split_gain=2.17757 8.5071 2.71539 2.05643 5.11186 4.46601 2.57599 2.49603 3.8166 2.88778 2.54671 2.45944 2.17308 3.46943 1.91845 1.74722 1.62988 2.00188 2.41504 2.67784 1.47041 1.45751
threshold=1.7724413147135019 1.1363373556406191 0.070995917162297806 0.96968499839693922 0.61794179435526442 -1.0097167494323618 -0.36293145898140472 1.4564283712933748 -0.67355127501412004 0.26160392451939263 -0.45773049097128432 0.46814851029914545 0.44263003055698064 0.62491501389372894 -0.69988971929381505 0.32358946385195947 1.7227347058862532 -0.046575955756256171 0.78703980624840864 0.92007127330637772 0.27866573431484637 0.26543698238015412
decision_type=2 2 2 2 2 2 2 2 2 2 2 2 2 2 2 2 2 2 2 2 2 2
left_child=1 3 -2 4 6 -5 11 8 -8 10 12 16 -10 14 -14 -12 17 -1 -19 -20 -11 -7
right_child=2 -3 -4 5 -6 21 7 -9 9 20 15 -13 13 -15 -16 -17 -18 18 19 -21 -22 -23
leaf_value=-0.0029715333984445674 0.00032887112394384467 0.013548107075873679 -0.0092679293059257199 -0.0092061429963728424 0.011349351364317988 0.0031566003312043264 0.0068829048776271337 -0.0012239926207323361 0.0042328914295976152 -0.0057844224210199559 0.0034292255498283284 0.0065385687411383814 0.00013952341320787822 0.0034813857723248716 -0.0075631729067004846 0.012121850038801389 -0.0045690263812169065 0.0042006476503441276 -0.004744246597477058 0.0029882012854502557 0.00036465695221986983 -0.003197795052059194
leaf_weight=37.275283597409725 17.722924217581753 11.212709404528139 9.0286300182342512 12.448842942714689 10.009980119764803 20.791908830404282 36.584564849734306 40.908251687884331 42.610824257135391 13.145483464002607 9.8969864025712031 9.2532031834125501 12.69075775146484 27.025058679282665 13.734098628163341 9.0545807257294637 22.348274454474449 30.442545682191849 20.562754191458225 16.666678085923195 20.12237261235714 11.375691264867781
leaf_count=153 65 47 41 53 42 76 136 140 150 55 40 31 44 93 55 39 86 104 88 58 67 41
internal_value=0.00106473 0.00131536 -0.00291517 0.000979524 0.00133153 -0.00194622 0.00104847 0.00199741 0.0027139 0.0016799 0.0027643 -0.000519914 0.00180677 -0.000133629 -0.00384452 0.00756778 -0.00104692 -0.000290773 0.00119103 -0.00126728 -0.0020574 0.000881712
internal_weight=454.912 428.161 26.7516 416.948 372.332 44.6164 362.322 225.773 184.865 148.28 115.012 136.549 96.0607 53.4499 26.4249 18.9516 127.296 104.947 67.672 37.2294 33.2679 32.1676
internal_count=1704 1598 106 1551 1381 170 1339 819 679 543 421 520 342 192 99 79 489 403 250 146 122 117
is_linear=0
shrinkage=0.0144862


Tree=181
num_leaves=20
num_cat=0
split_feature=0 0 0 0 0 4 4 0 0 4 4 0 0 0 0 0 0 0 0
split_gain=1.90871 2.98806 5.44371 2.99538 1.70189 4.76935 1.38822 2.9159 2.14709 1.98443 1.54208 1.43508 4.49102 1.82197 2.9562 1.75524 6.30544 2.10216 8.55208
threshold=-1.401028123136814 -0.89842377837745824 -1.2326299864875967 -0.85624376196354024 -1.8844447674546261 0.81204465305063289 0.81204465305063289 -0.27665448525149644 -0.51025422056031999 0.43558507731961271 1.1330741393238297 0.64540872178191366 1.4564283712933748 1.0914303853726597 1.0583229136861065 1.0000000180025095e-35 -0.25794236175130647 0.1303845022848949 0.44263003055698064
decision_type=2 2 2 2 2 2 2 2 2 2 2 2 2 2 2 2 2 2 2
left_child=4 2 -2 -3 -1 -6 8 -8 -5 11 -9 15 13 14 -13 16 -10 -17 -19
right_child=1 3 -4 6 5 -7 7 10 9 -11 -12 12 -14 -15 -16 17 -18 18 -20
leaf_value=0.0020641407210762255 0.00085491344681266446 -0.0029829296648610187 0.011133751672124085 0.0075955192327253921 0.0015144841209848155 -0.013731731484083331 -0.0049490111223911663 -0.0013286774379299225 0.00060581255611135299 0.0072531020079200335 0.0052493278646227491 0.010137378308415634 -0.00087519347959603359 0.011151626070301811 0.0018789450038425462 -0.0027883125464864744 0.01452267909191696 0.012225228673970218 -0.0013967746022105786
leaf_weight=9.4310467317700404 27.694416850805283 37.817115895450115 17.210993900895119 11.935564801096914 8.9483510106802004 7.6390745341777793 21.385390415787697 14.108815535902979 51.749310202896595 11.344243139028547 14.953170925378798 12.18372370302677 43.411402016878128 9.1149338483810407 32.574801549315453 52.578367128968239 7.4908396154642096 11.49973454326391 51.318867459893227
leaf_count=31 100 155 64 41 33 33 84 50 203 38 46 54 149 38 104 204 34 50 193
internal_value=0.00105073 0.00128222 0.00480266 0.000867886 -0.00273023 -0.00551312 0.00129122 -0.000920434 0.00167075 0.0014163 0.00203921 0.00116747 0.00257445 0.00535945 0.00415822 0.000381941 0.00240159 -0.000657616 0.00112418
internal_weight=454.39 428.372 44.9054 383.466 26.0185 16.5874 345.649 50.4474 295.202 283.266 29.062 271.922 97.2849 53.8735 44.7585 174.637 59.2401 115.397 62.8186
internal_count=1704 1607 164 1443 97 66 1288 180 1108 1067 96 1029 345 196 158 684 237 447 243
is_linear=0
shrinkage=0.0144862


Tree=182
num_leaves=10
num_cat=0
split_feature=3 1 1 2 3 3 2 3 3
split_gain=2.15077 1.92113 2.35116 2.13162 1.73997 10.4521 2.98651 1.66946 1.82199
threshold=2.505093081842046 2.1137352703750172 1.4140920485755559 1.0000000180025095e-35 -0.39637255817794798 -0.1351705938880626 -1.2536974192686836 -0.52401811727297753 -1.1079474925031649
decision_type=2 2 2 2 2 2 2 2 2
left_child=1 2 4 -3 7 -6 -7 8 -1
right_child=-2 3 -4 -5 5 6 -8 -9 -10
leaf_value=0.0002349260399131097 -0.0061309137012351533 0.00098595025758188288 0.0094535357783789992 -0.0088892907334476509 0.016870481632511525 -0.0029857155431344574 0.0021217204642879663 -0.0012671884875411538 0.0042243264669074021
leaf_weight=82.304068639874458 8.2275917083024961 9.8070684224367159 7.0353702306747428 8.0272286981344205 9.2787987440824491 27.259211629629135 182.31954577565193 86.039610952138901 33.473781287670135
leaf_count=286 32 37 30 40 44 96 692 323 124
internal_value=0.0010373 0.00117325 0.00136771 -0.0034339 0.00122798 0.00212174 0.00145393 0.000258104 0.00139132
internal_weight=453.772 445.545 427.71 17.8343 420.675 218.858 209.579 201.817 115.778
internal_count=1704 1672 1595 77 1565 832 788 733 410
is_linear=0
shrinkage=0.0144862


Tree=183
num_leaves=19
num_cat=0
split_feature=3 3 0 3 3 0 3 0 0 0 0 3 3 3 3 2 3 0
split_gain=2.10133 8.30841 2.65871 1.98517 4.98276 2.45825 2.3687 2.36818 2.28166 2.51511 3.59992 3.69468 3.02879 2.16507 2.04118 1.98368 1.43641 1.37824
threshold=1.7724413147135019 1.1363373556406191 0.070995917162297806 0.96968499839693922 0.61794179435526442 -0.36293145898140472 0.46814851029914545 1.4564283712933748 0.64540872178191366 0.53564922200162013 0.20113937630584797 0.26160392451939263 -0.63665922088383342 -0.45773049097128432 0.084667412978545978 0.81499198357074809 -0.66989875623872586 -1.0000000180025095e-35
decision_type=2 2 2 2 2 2 2 2 2 2 2 2 2 2 2 2 2 2
left_child=1 3 -2 4 5 6 15 8 9 10 11 17 -12 -10 -15 -1 -11 -7
right_child=2 -3 -4 -5 -6 7 -8 -9 13 16 12 -13 -14 14 -16 -17 -18 -19
leaf_value=-0.0020623795616494522 0.00031945018172060285 0.013445365708324608 -0.0091916078457471972 -0.0019366271217547339 0.011233880062327815 0.0076825096776879983 0.0064247326344210711 -0.0012016565881861349 0.0028869126183553332 0.0029465326229919141 0.0015399907942741957 -0.0045488293182357796 0.013063343991953814 0.01458942134510237 0.0051774188133946646 0.0021495562050958274 -0.0025942626528766949 0.0020955086770131004
leaf_weight=96.402113519608974 17.692027702927593 11.056241504848002 8.9934286922216398 44.568147853016853 9.8879076763987523 11.776353105902663 9.1906317472457868 40.890786111354828 31.293070703744888 13.285266190767286 7.5388054102659252 15.722130373120306 11.906960010528563 7.880739890038968 11.646062187850475 30.589649356901646 34.229350015521049 38.90785804390908
leaf_count=384 65 47 41 170 42 48 31 140 109 45 29 65 45 38 37 105 127 136
internal_value=0.00102311 0.0012698 -0.00289122 0.0009392 0.00128593 0.00100732 -0.000526742 0.00193586 0.00263599 0.00164069 0.00311588 0.00151305 0.00854477 0.00523883 0.00899534 -0.00104349 -0.00102355 0.00340617
internal_weight=453.458 426.772 26.6855 415.716 371.148 361.26 136.182 225.077 184.187 133.367 85.8521 66.4063 19.4458 50.8199 19.5268 126.992 47.5146 50.6842
internal_count=1704 1598 106 1551 1381 1339 520 819 679 495 323 249 74 184 75 489 172 184
is_linear=0
shrinkage=0.0144862


Tree=184
num_leaves=12
num_cat=0
split_feature=3 4 4 4 4 2 3 3 4 2 2
split_gain=2.07137 2.07314 7.40004 2.42579 4.56702 1.8492 1.76484 2.0277 1.34806 1.26241 2.54763
threshold=2.505093081842046 -0.19473967275523335 -0.57804390007765316 -0.10117990212194466 0.10261202914880686 -0.87436949230096472 0.53389171656532852 -0.1351705938880626 2.1250364861237432 0.72059368467215046 0.031977609934829745
decision_type=2 2 2 2 2 2 2 2 2 2 2
left_child=1 2 5 -3 -5 -1 7 -4 -6 10 -7
right_child=-2 3 6 4 8 9 -8 -9 -10 -11 -12
leaf_value=-0.0039930383654467579 -0.0060266086380229896 -0.002257666812977341 0.011806684014283815 0.010113185776304394 0.00087936486324586692 0.0019682802430370976 0.01621835517962935 0.0011683914871706033 -0.0039197328830366121 0.00027879111061915649 0.0096926541658932577
leaf_weight=12.548964619636534 8.2231824547052366 59.072578310966492 8.7085089609026909 10.665300309658049 179.28988439589739 69.393048733472824 6.845694698393344 6.2069072425365457 12.772430777549742 69.274039380252361 9.9094861000776273
leaf_count=46 32 246 41 48 643 244 35 27 48 249 45
internal_value=0.00100981 0.00114345 0.00232561 0.000316926 0.00106872 0.00125468 0.0101843 0.00741559 0.00055549 0.00170479 0.00294995
internal_weight=452.91 444.687 182.887 261.8 202.728 161.126 21.7611 14.9154 192.062 148.577 79.3025
internal_count=1704 1672 687 985 739 584 103 68 691 538 289
is_linear=0
shrinkage=0.0144862


Tree=185
num_leaves=7
num_cat=0
split_feature=0 0 0 0 0 4
split_gain=1.84223 2.95117 5.29891 2.82787 1.67026 4.62052
threshold=-1.401028123136814 -0.89842377837745824 -1.2326299864875967 -0.85624376196354024 -1.8844447674546261 0.81204465305063289
decision_type=2 2 2 2 2 2
left_child=4 2 -2 -3 -1 -6
right_child=1 3 -4 -5 5 -7
leaf_value=0.0020308560257577338 0.00084450411252401381 -0.0029320324142340314 0.011021130063477564 0.0012243973131076202 0.0014493830030946992 -0.013582542048133415
leaf_weight=9.4067736119031924 27.65358629822731 37.759318485856056 17.032239012420177 344.16842030733824 8.9088290631771105 7.620001643896102
leaf_count=31 100 155 64 1288 33 33
internal_value=0.000996097 0.00122409 0.00473151 0.00081167 -0.00272423 -0.00548662
internal_weight=452.549 426.614 44.6858 381.928 25.9356 16.5288
internal_count=1704 1607 164 1443 97 66
is_linear=0
shrinkage=0.0144862


Tree=186
num_leaves=15
num_cat=0
split_feature=0 0 0 0 0 0 0 0 2 0 0 0 0 0
split_gain=1.79008 2.87744 5.19912 2.76176 5.08893 2.25636 5.86467 1.62416 3.64416 1.34013 3.52951 2.25245 2.28296 1.30117
threshold=-1.401028123136814 -0.89842377837745824 -1.2326299864875967 -0.36293145898140472 1.0000000180025095e-35 0.1303845022848949 0.44263003055698064 -1.8844447674546261 0.22184729476744922 0.59924483391311634 1.4564283712933748 1.0914303853726597 1.0583229136861065 1.6010879020007087
decision_type=2 2 2 2 2 2 2 2 2 2 2 2 2 2
left_child=7 2 -2 -3 -5 -6 -7 -1 -9 -8 11 12 -11 -12
right_child=1 3 -4 4 5 6 9 8 -10 10 13 -13 -14 -15
leaf_value=0.0020035465969302172 0.00083202968488689836 -0.0010519135559867259 0.010931994510178816 0.008617314348439006 -0.0012214032952430193 0.010640705432311871 -0.00060228039082005456 -0.013229862878536185 0.00025339743392234943 0.0073015013071320916 -0.0035316371725779756 0.010944611305896265 0.00096893807667255776 0.0014248130450814
leaf_weight=9.4032298624515551 27.653556361794472 116.87653432786465 16.924799129366875 19.778395399451256 66.632411897182465 14.384145729243754 60.023403018712997 6.9201828688383129 9.5990278869867307 18.073412336409092 21.608532458543777 8.9300471097230893 33.564862966537476 21.996850073337555
leaf_count=31 100 458 64 83 249 60 220 32 34 77 78 38 108 72
internal_value=0.000982091 0.00120687 0.0046747 0.000800008 0.00161745 0.00104686 0.00189443 -0.00268612 -0.0054111 0.00111668 0.00210731 0.0043634 0.00320244 -0.00101951
internal_weight=452.369 426.447 44.5784 381.869 264.992 245.214 178.581 25.9224 16.5192 164.197 104.174 60.5683 51.6383 43.6054
internal_count=1704 1607 164 1443 985 902 653 97 66 593 373 223 185 150
is_linear=0
shrinkage=0.0144862


Tree=187
num_leaves=6
num_cat=0
split_feature=0 0 0 0 4
split_gain=1.74092 2.80377 5.10097 2.71122 1.59392
threshold=-1.401028123136814 -0.89842377837745824 -1.2326299864875967 -0.85624376196354024 1.7227347058862532
decision_type=2 2 2 2 2
left_child=4 2 -2 -3 -1
right_child=1 3 -4 -5 -6
leaf_value=-0.00031523388587443641 0.00081973772905884895 -0.0028786321046887532 0.010843383392193002 0.0011938436219488297 -0.0079938165025357378
leaf_weight=18.051361769437793 27.653521940112114 37.709007404744625 16.818347945809364 343.76144248992205 7.8448978513479224
leaf_count=67 100 155 64 1288 30
internal_value=0.000969271 0.00119109 0.00461843 0.000789502 -0.00264956
internal_weight=451.839 425.942 44.4719 381.47 25.8963
internal_count=1704 1607 164 1443 97
is_linear=0
shrinkage=0.0144862


Tree=188
num_leaves=19
num_cat=0
split_feature=3 1 2 2 2 3 3 1 1 2 2 3 1 2 2 2 2 3
split_gain=2.05825 1.84907 2.06302 1.65572 4.57294 2.9242 3.37086 2.13055 6.06063 3.31969 2.4903 1.96839 1.83382 1.76486 1.64624 1.64187 1.28938 1.21428
threshold=2.505093081842046 2.1137352703750172 1.0000000180025095e-35 -0.64270501345133713 -0.38201714431718403 1.1363373556406191 1.7724413147135019 -0.23380133559262892 0.12893343160996845 1.0000000180025095e-35 0.057542657545605544 1.7724413147135019 0.53178439119669474 2.0807676423090671 0.22184729476744922 0.031977609934829745 0.30713269391962206 -0.45773049097128432
decision_type=2 2 2 2 2 2 2 2 2 2 2 2 2 2 2 2 2 2
left_child=1 3 -3 11 -5 7 -7 9 14 -6 -11 17 16 -12 -9 -14 -10 -1
right_child=-2 2 -4 4 5 6 -8 8 12 10 13 -13 15 -15 -16 -17 -18 -19
leaf_value=-0.00082088667971585072 -0.006073347024497024 0.0009151500322531305 -0.0088251164359208108 0.011945405473464775 0.0071276591993522176 0.014898642256847887 0.0017910735636273022 0.0066252678244031445 0.0017803113942520068 -0.0035953655006296728 0.0014916491925207036 -0.0066376842917437199 -0.00028012407259775233 -0.0042920077614393816 0.01567331824518382 0.0057611362544843104 -0.0031621344355060796 0.0018095073470518247
leaf_weight=74.414103224873543 8.1884448528289777 9.7609577924013156 7.9825567528605452 8.9224973246455175 12.507687702775 7.0487658008933094 9.0393173694610578 9.0210610926151293 20.880418561398983 39.575507074594498 81.706550993025303 8.2436596602201444 14.719947203993796 12.381066262722014 7.6067610979080191 24.841609731316566 22.740650676190853 72.091185733675957
leaf_count=265 32 37 40 44 46 33 35 36 82 156 293 35 60 42 29 94 90 255
internal_value=0.000955582 0.00108888 -0.00344254 0.00128007 0.00196228 0.00161385 0.00752588 0.00122126 0.00284915 0.000107579 -0.000561589 8.55237e-05 0.0012547 0.000717471 0.0107429 0.00349902 -0.000788059 0.000472904
internal_weight=451.673 443.484 17.7435 425.741 270.992 262.069 16.0881 245.981 99.8104 146.171 133.663 154.749 83.1826 94.0876 16.6278 39.5616 43.6211 146.505
internal_count=1704 1672 77 1595 1040 996 68 928 391 537 491 555 326 335 65 154 172 520
is_linear=0
shrinkage=0.0144862


Tree=189
num_leaves=19
num_cat=0
split_feature=3 1 3 3 1 3 3 1 1 0 0 0 0 0 0 0 0 0
split_gain=2.00151 1.79859 1.33862 10.4189 2.61253 2.13746 3.21737 1.83884 2.65832 1.83514 1.65062 1.85919 1.86445 1.57348 2.71585 1.56752 1.57387 1.45437
threshold=2.505093081842046 2.1137352703750172 -0.39637255817794798 -0.1351705938880626 0.80759436784721927 -0.52401811727297753 -0.63665922088383342 1.3094291958364745 0.53178439119669474 1.2149377170422428 1.9491333991042434 -0.78898986588778375 0.44263003055698064 0.66851444456337983 1.4564283712933748 -0.97085414654564228 -1.3357021428156226 -0.51025422056031999
decision_type=2 2 2 2 2 2 2 2 2 2 2 2 2 2 2 2 2 2
left_child=1 2 4 -4 5 6 10 8 9 15 11 -1 -13 -7 -15 16 -5 -6
right_child=-2 -3 3 7 17 13 -8 -9 -10 -11 -12 12 -14 14 -16 -17 -18 -19
leaf_value=-0.0047552092492195702 -0.0059892102054353007 -0.00339790657732171 0.016745984789297289 0.0020698636443492293 0.0080173777735218655 -0.0036046699521446834 0.0089547444611861107 -0.00233726962362417 0.0086803474324958652 0.0066636914892885726 -0.0051616414376439903 0.004281668868975839 -0.00037771631697744066 0.0052085794835133297 -0.0046477030007125398 0.00036905902440638889 0.0096580160756908565 0.0017058364907392987
leaf_weight=10.117206066846846 8.1867889761924726 17.718818172812462 9.305072568356989 20.871567919850353 12.60840478539467 49.776953965425491 9.4784165620803815 24.276015520095825 10.932093180716036 12.694570049643515 10.05935065448284 32.913636118173599 38.823016948997974 13.15367639064789 9.8951418846845609 134.48687157779932 7.4885912314057341 18.4364979788661
leaf_count=37 32 77 46 72 40 200 36 97 44 39 35 112 140 42 36 519 29 71
internal_value=0.000942789 0.00107436 0.00126298 0.00204728 0.000421748 -0.00026836 0.00108801 0.00138318 0.0018707 0.00143782 0.000259891 0.000939218 0.00176006 -0.00215717 0.0009422 0.00102254 0.00409535 0.00426731
internal_weight=451.223 443.036 425.317 220.055 205.262 174.217 101.392 210.75 186.474 175.542 91.9132 81.8539 71.7367 72.8258 23.0488 162.847 28.3602 31.0449
internal_count=1704 1672 1595 846 749 638 360 800 703 659 324 289 252 278 78 620 101 111
is_linear=0
shrinkage=0.0144862


Tree=190
num_leaves=18
num_cat=0
split_feature=0 0 0 0 0 4 4 4 0 0 0 4 0 0 0 0 0
split_gain=1.71357 2.70903 4.94696 2.6164 4.90941 3.26043 3.13915 2.92469 2.18916 5.68501 1.60361 4.41994 1.2743 3.38157 2.19655 2.21754 1.28161
threshold=-1.401028123136814 -0.89842377837745824 -1.2326299864875967 -0.36293145898140472 1.0000000180025095e-35 1.1757980732605351 -0.91129731355121979 -0.12388201523749372 0.1303845022848949 0.44263003055698064 -1.8844447674546261 0.81204465305063289 0.59924483391311634 1.4564283712933748 1.0914303853726597 1.0583229136861065 1.6010879020007087
decision_type=2 2 2 2 2 2 2 2 2 2 2 2 2 2 2 2 2
left_child=10 2 -2 5 -5 6 -3 -8 -6 -10 -1 -12 -11 14 15 -14 -15
right_child=1 3 -4 4 8 -7 7 -9 9 12 11 -13 13 16 -16 -17 -18
leaf_value=0.0019967896610300776 0.0007958924719773464 -0.0075587389039731123 0.01070408053725839 0.0084705157128839598 -0.001240541212850783 -0.0070533906310389265 0.0050719833320915508 -0.00078550359014718546 0.01050164046968198 -0.00060809764521545782 0.0014226658445566861 -0.013315538134183963 0.0071751532081415987 -0.0035175514288326819 0.010803379310124653 0.00091596003148220753 0.0014049731242399036
leaf_weight=9.3873611390590685 27.609676793217659 10.205234378576277 16.631963081657887 19.547685414552689 66.544792219996452 15.999123394489287 24.044562950730324 66.426466397941113 14.199929416179655 59.959264889359474 8.8610186427831668 7.585105523467063 17.902408435940742 21.588947921991348 8.8015664145350438 33.582326993346214 21.954531654715538
leaf_count=31 100 46 64 83 249 64 82 266 60 220 33 33 77 78 38 108 72
internal_value=0.000930123 0.00115042 0.00452853 0.000755893 0.00155339 -0.00104769 -8.42029e-05 0.000776303 0.000994486 0.00183135 -0.00266453 -0.00538065 0.0010683 0.00203658 0.00425211 0.00310956 -0.00102414
internal_weight=450.832 424.998 44.2416 380.757 264.081 116.675 100.676 90.471 244.534 177.989 25.8335 16.4461 163.789 103.83 60.2863 51.4847 43.5435
internal_count=1704 1607 164 1443 985 458 394 348 902 653 97 66 593 373 223 185 150
is_linear=0
shrinkage=0.0144862


Tree=191
num_leaves=14
num_cat=0
split_feature=3 3 3 3 1 2 2 2 1 2 2 2 3
split_gain=1.97107 7.86711 1.88658 4.77341 3.11171 1.83055 2.73613 1.62872 1.49856 2.04116 1.58587 2.38337 1.31431
threshold=1.7724413147135019 1.1363373556406191 0.96968499839693922 0.61794179435526442 -0.36979102111976109 2.3318088481973098 2.0807676423090671 -0.69972874731304169 2.1137352703750172 1.0000000180025095e-35 0.89442266433793904 1.3729082814080018 2.2202058546885866
decision_type=2 2 2 2 2 2 2 2 2 2 2 2 2
left_child=1 2 3 5 -4 6 8 -2 10 -10 -1 -12 -9
right_child=7 -3 4 -5 -6 -7 -8 12 9 -11 11 -13 -14
leaf_value=0.00080130651689365624 -0.0072104759392470829 0.013204776259417574 0.0037222192120061779 0.011028913989814315 -0.0045044557472217117 0.0076313938028957189 -0.0070545401887807243 0.004289481407478697 0.00092901448274155987 -0.009156695246676623 0.010279441857373034 0.0019371711699120065 -0.0038608636435021409
leaf_weight=286.78511764109135 10.655682832002642 10.691110573709009 13.568928897380827 9.6647790446877462 30.871221952140331 7.9065009206533423 8.7888979613780958 7.5709369629621497 9.7415003329515475 6.8887531980872145 9.0775311887264234 29.793465733528137 8.2866230159997922
leaf_count=1068 45 47 44 42 126 25 29 30 37 35 42 103 31
internal_value=0.000917953 0.0011578 0.000839305 0.00117907 -0.00196768 0.000907684 0.00075147 -0.00288527 0.000956924 -0.00323415 0.00117383 0.00390613 6.9189e-06
internal_weight=450.291 423.778 413.087 368.647 44.4402 358.982 351.075 26.5132 342.286 16.6303 325.656 38.871 15.8576
internal_count=1704 1598 1551 1381 170 1339 1314 106 1285 72 1213 145 61
is_linear=0
shrinkage=0.0144862


end of trees

feature_importances:
Column_0=1082
Column_4=1040
Column_2=1029
Column_3=850
Column_1=701

parameters:
[boosting: gbdt]
[objective: binary]
[metric: binary_logloss]
[tree_learner: serial]
[device_type: cpu]
[data_sample_strategy: bagging]
[data: ]
[valid: ]
[num_iterations: 358]
[learning_rate: 0.0144862]
[num_leaves: 71]
[num_threads: 12]
[seed: 42]
[deterministic: 0]
[force_col_wise: 0]
[force_row_wise: 0]
[histogram_pool_size: -1]
[max_depth: 17]
[min_data_in_leaf: 27]
[min_sum_hessian_in_leaf: 0.001]
[bagging_fraction: 0.89243]
[pos_bagging_fraction: 1]
[neg_bagging_fraction: 1]
[bagging_freq: 0]
[bagging_seed: 400]
[bagging_by_query: 0]
[feature_fraction: 0.569816]
[feature_fraction_bynode: 1]
[feature_fraction_seed: 30056]
[extra_trees: 0]
[extra_seed: 12879]
[early_stopping_round: 0]
[early_stopping_min_delta: 0]
[first_metric_only: 0]
[max_delta_step: 0]
[lambda_l1: 0.00361608]
[lambda_l2: 0.0612132]
[linear_lambda: 0]
[min_gain_to_split: 1.20918]
[drop_rate: 0.1]
[max_drop: 50]
[skip_drop: 0.5]
[xgboost_dart_mode: 0]
[uniform_drop: 0]
[drop_seed: 17869]
[top_rate: 0.2]
[other_rate: 0.1]
[min_data_per_group: 100]
[max_cat_threshold: 32]
[cat_l2: 10]
[cat_smooth: 10]
[max_cat_to_onehot: 4]
[top_k: 20]
[monotone_constraints: ]
[monotone_constraints_method: basic]
[monotone_penalty: 0]
[feature_contri: ]
[forcedsplits_filename: ]
[refit_decay_rate: 0.9]
[cegb_tradeoff: 1]
[cegb_penalty_split: 0]
[cegb_penalty_feature_lazy: ]
[cegb_penalty_feature_coupled: ]
[path_smooth: 0.624173]
[interaction_constraints: ]
[verbosity: -1]
[saved_feature_importance_type: 0]
[use_quantized_grad: 0]
[num_grad_quant_bins: 4]
[quant_train_renew_leaf: 0]
[stochastic_rounding: 1]
[linear_tree: 0]
[max_bin: 255]
[max_bin_by_feature: ]
[min_data_in_bin: 3]
[bin_construct_sample_cnt: 200000]
[data_random_seed: 175]
[is_enable_sparse: 1]
[enable_bundle: 1]
[use_missing: 1]
[zero_as_missing: 0]
[feature_pre_filter: 1]
[pre_partition: 0]
[two_round: 0]
[header: 0]
[label_column: ]
[weight_column: ]
[group_column: ]
[ignore_column: ]
[categorical_feature: ]
[forcedbins_filename: ]
[precise_float_parser: 0]
[parser_config_file: ]
[objective_seed: 16083]
[num_class: 1]
[is_unbalance: 0]
[scale_pos_weight: 2.10716]
[sigmoid: 1]
[boost_from_average: 1]
[reg_sqrt: 0]
[alpha: 0.9]
[fair_c: 1]
[poisson_max_delta_step: 0.7]
[tweedie_variance_power: 1.5]
[lambdarank_truncation_level: 30]
[lambdarank_norm: 1]
[label_gain: ]
[lambdarank_position_bias_regularization: 0]
[eval_at: ]
[multi_error_top_k: 1]
[auc_mu_weights: ]
[num_machines: 1]
[local_listen_port: 12400]
[time_out: 120]
[machine_list_filename: ]
[machines: ]
[gpu_platform_id: -1]
[gpu_device_id: -1]
[gpu_use_dp: 0]
[num_gpu: 1]

end of parameters

pandas_categorical:null
