seq_id,GAAC_Aliphatic,GAAC_Aromatic,GAAC_Positive,GAAC_Negative,GAAC_Uncharged,label
pos_0,0.5,0.083333,0.083333,0.083333,0.25,1
pos_1,0.533333,0.066667,0.133333,0.133333,0.133333,1
pos_2,0.5,0.055556,0.111111,0.166667,0.166667,1
pos_3,0.222222,0.296296,0.148148,0.111111,0.222222,1
pos_4,0.28125,0.125,0.25,0.0625,0.28125,1
pos_5,0.45,0.1,0.2,0.15,0.1,1
pos_6,0.133333,0.333333,0.066667,0.066667,0.4,1
pos_7,0.166667,0.0,0.375,0.25,0.208333,1
pos_8,0.625,0.0625,0.0,0.125,0.1875,1
pos_9,0.333333,0.133333,0.333333,0.133333,0.066667,1
pos_10,0.4,0.0,0.2,0.266667,0.133333,1
pos_11,0.352941,0.0,0.352941,0.235294,0.058824,1
pos_12,0.6,0.1,0.1,0.05,0.15,1
pos_13,0.136364,0.0,0.227273,0.181818,0.454545,1
pos_14,0.375,0.3125,0.0,0.125,0.1875,1
pos_15,0.333333,0.0,0.238095,0.047619,0.380952,1
pos_16,0.333333,0.190476,0.285714,0.047619,0.142857,1
pos_17,0.444444,0.055556,0.111111,0.111111,0.277778,1
pos_18,0.1,0.05,0.15,0.05,0.65,1
pos_19,0.333333,0.066667,0.133333,0.266667,0.2,1
pos_20,0.454545,0.121212,0.151515,0.030303,0.242424,1
pos_21,0.25,0.1,0.15,0.2,0.3,1
pos_22,0.516129,0.064516,0.16129,0.096774,0.16129,1
pos_23,0.466667,0.133333,0.133333,0.133333,0.133333,1
pos_24,0.4,0.133333,0.2,0.0,0.266667,1
pos_25,0.5,0.285714,0.0,0.0,0.214286,1
pos_26,0.333333,0.066667,0.133333,0.066667,0.4,1
pos_27,0.25,0.05,0.1,0.15,0.45,1
pos_28,0.307692,0.076923,0.153846,0.115385,0.346154,1
pos_29,0.6,0.1,0.05,0.0,0.25,1
pos_30,0.388889,0.111111,0.0,0.222222,0.277778,1
pos_31,0.52381,0.095238,0.142857,0.0,0.238095,1
pos_32,0.533333,0.133333,0.2,0.066667,0.066667,1
pos_33,0.466667,0.066667,0.333333,0.066667,0.066667,1
pos_34,0.263158,0.157895,0.263158,0.0,0.315789,1
pos_35,0.25,0.0,0.2,0.05,0.5,1
pos_36,0.35,0.0,0.1,0.15,0.4,1
pos_37,0.266667,0.2,0.066667,0.2,0.266667,1
pos_38,0.6,0.0,0.066667,0.0,0.333333,1
pos_39,0.388889,0.0,0.222222,0.222222,0.166667,1
pos_40,0.583333,0.0,0.083333,0.083333,0.25,1
pos_41,0.1,0.05,0.1,0.2,0.55,1
pos_42,0.5,0.0,0.0,0.214286,0.285714,1
pos_43,0.375,0.125,0.125,0.25,0.125,1
pos_44,0.05,0.25,0.2,0.0,0.5,1
pos_45,0.666667,0.066667,0.066667,0.066667,0.133333,1
pos_46,0.5625,0.0,0.125,0.1875,0.125,1
pos_47,0.466667,0.066667,0.066667,0.0,0.4,1
pos_48,0.266667,0.066667,0.2,0.066667,0.4,1
pos_49,0.470588,0.058824,0.294118,0.0,0.176471,1
pos_50,0.34375,0.0625,0.28125,0.0625,0.25,1
pos_51,0.25,0.1,0.1,0.15,0.4,1
pos_52,0.466667,0.133333,0.266667,0.0,0.133333,1
pos_53,0.533333,0.133333,0.066667,0.066667,0.2,1
pos_54,0.461538,0.153846,0.076923,0.076923,0.230769,1
pos_55,0.333333,0.2,0.133333,0.133333,0.2,1
pos_56,0.416667,0.166667,0.166667,0.083333,0.166667,1
pos_57,0.333333,0.166667,0.166667,0.222222,0.111111,1
pos_58,0.45,0.15,0.1,0.15,0.15,1
pos_59,0.333333,0.166667,0.222222,0.166667,0.111111,1
pos_60,0.333333,0.133333,0.4,0.0,0.133333,1
pos_61,0.333333,0.166667,0.166667,0.166667,0.166667,1
pos_62,0.466667,0.0,0.066667,0.133333,0.333333,1
pos_63,0.4,0.133333,0.133333,0.2,0.133333,1
pos_64,0.4,0.1,0.15,0.05,0.3,1
pos_65,0.2,0.266667,0.066667,0.133333,0.333333,1
pos_66,0.346154,0.038462,0.269231,0.076923,0.269231,1
pos_67,0.375,0.0,0.416667,0.041667,0.166667,1
pos_68,0.333333,0.066667,0.266667,0.066667,0.266667,1
pos_69,0.384615,0.076923,0.230769,0.0,0.307692,1
pos_70,0.555556,0.111111,0.055556,0.0,0.277778,1
pos_71,0.4,0.0,0.2,0.05,0.35,1
pos_72,0.4,0.2,0.066667,0.066667,0.266667,1
pos_73,0.4,0.066667,0.2,0.066667,0.266667,1
pos_74,0.6,0.1,0.1,0.05,0.15,1
pos_75,0.5,0.0,0.071429,0.071429,0.357143,1
pos_76,0.333333,0.066667,0.133333,0.133333,0.333333,1
pos_77,0.4,0.05,0.3,0.05,0.2,1
pos_78,0.5,0.0,0.1,0.05,0.35,1
pos_79,0.153846,0.153846,0.153846,0.153846,0.384615,1
pos_80,0.466667,0.0,0.066667,0.066667,0.4,1
pos_81,0.285714,0.095238,0.095238,0.095238,0.428571,1
pos_82,0.375,0.1875,0.125,0.0625,0.25,1
pos_83,0.375,0.0625,0.125,0.3125,0.125,1
pos_84,0.2,0.333333,0.2,0.066667,0.2,1
pos_85,0.25,0.0,0.083333,0.333333,0.333333,1
pos_86,0.388889,0.166667,0.111111,0.111111,0.222222,1
pos_87,0.5,0.0,0.05,0.0,0.45,1
pos_88,0.421053,0.052632,0.105263,0.0,0.421053,1
pos_89,0.277778,0.055556,0.111111,0.055556,0.5,1
pos_90,0.529412,0.058824,0.117647,0.117647,0.176471,1
pos_91,0.375,0.0625,0.0625,0.125,0.375,1
pos_92,0.307692,0.230769,0.0,0.0,0.461538,1
pos_93,0.4,0.066667,0.2,0.0,0.333333,1
pos_94,0.5,0.1,0.05,0.15,0.2,1
pos_95,1.0,0.0,0.0,0.0,0.0,1
pos_96,0.4,0.066667,0.133333,0.066667,0.333333,1
pos_97,0.416667,0.083333,0.166667,0.0,0.333333,1
pos_98,0.25,0.2,0.05,0.05,0.45,1
pos_99,0.4,0.2,0.1,0.05,0.25,1
pos_100,0.333333,0.0,0.266667,0.133333,0.266667,1
pos_101,0.6,0.0,0.133333,0.066667,0.2,1
pos_102,0.1,0.15,0.05,0.15,0.55,1
pos_103,0.866667,0.0,0.0,0.0,0.133333,1
pos_104,0.258065,0.129032,0.193548,0.064516,0.354839,1
pos_105,0.4375,0.0,0.1875,0.1875,0.1875,1
pos_106,0.272727,0.0,0.363636,0.181818,0.181818,1
pos_107,0.285714,0.047619,0.142857,0.095238,0.428571,1
pos_108,0.222222,0.055556,0.055556,0.111111,0.555556,1
pos_109,0.384615,0.153846,0.076923,0.153846,0.230769,1
pos_110,0.466667,0.0,0.266667,0.0,0.266667,1
pos_111,0.388889,0.111111,0.0,0.111111,0.388889,1
pos_112,0.5,0.0625,0.0625,0.0,0.375,1
pos_113,0.285714,0.142857,0.214286,0.071429,0.285714,1
pos_114,0.538462,0.153846,0.153846,0.076923,0.076923,1
pos_115,0.444444,0.0,0.222222,0.0,0.333333,1
pos_116,0.357143,0.119048,0.142857,0.238095,0.142857,1
pos_117,0.380952,0.142857,0.142857,0.047619,0.285714,1
pos_118,0.466667,0.0,0.133333,0.0,0.4,1
pos_119,0.375,0.083333,0.25,0.083333,0.208333,1
pos_120,0.2,0.066667,0.333333,0.133333,0.266667,1
pos_121,0.210526,0.157895,0.157895,0.157895,0.315789,1
pos_122,0.466667,0.0,0.133333,0.2,0.2,1
pos_123,0.393939,0.151515,0.090909,0.060606,0.30303,1
pos_124,0.333333,0.0,0.266667,0.133333,0.266667,1
pos_125,0.375,0.125,0.0625,0.25,0.1875,1
pos_126,0.35,0.15,0.25,0.15,0.1,1
pos_127,0.583333,0.083333,0.25,0.083333,0.0,1
pos_128,0.3,0.15,0.1,0.2,0.25,1
pos_129,0.416667,0.166667,0.166667,0.083333,0.166667,1
pos_130,0.45,0.15,0.0,0.05,0.35,1
pos_131,0.266667,0.2,0.133333,0.066667,0.333333,1
pos_132,0.333333,0.142857,0.095238,0.095238,0.333333,1
pos_133,0.333333,0.2,0.066667,0.2,0.2,1
pos_134,0.210526,0.157895,0.052632,0.105263,0.473684,1
pos_135,0.416667,0.083333,0.25,0.166667,0.083333,1
pos_136,0.2,0.133333,0.2,0.0,0.466667,1
pos_137,0.266667,0.133333,0.066667,0.133333,0.4,1
pos_138,0.05,0.0,0.2,0.15,0.6,1
pos_139,0.2,0.2,0.2,0.2,0.2,1
pos_140,0.333333,0.0,0.266667,0.066667,0.333333,1
pos_141,0.333333,0.111111,0.222222,0.111111,0.222222,1
pos_142,0.583333,0.0,0.041667,0.041667,0.333333,1
pos_143,0.333333,0.066667,0.266667,0.0,0.333333,1
pos_144,0.5,0.0,0.0625,0.0,0.4375,1
pos_145,0.588235,0.0,0.294118,0.058824,0.058824,1
pos_146,0.5,0.1,0.0,0.0,0.4,1
pos_147,0.444444,0.111111,0.222222,0.111111,0.111111,1
pos_148,0.25,0.083333,0.333333,0.333333,0.0,1
pos_149,0.266667,0.066667,0.066667,0.133333,0.466667,1
pos_150,0.315789,0.210526,0.210526,0.0,0.263158,1
pos_151,0.4,0.1,0.15,0.05,0.3,1
pos_152,0.35,0.05,0.15,0.3,0.15,1
pos_153,0.615385,0.076923,0.230769,0.0,0.076923,1
pos_154,0.409091,0.090909,0.227273,0.0,0.272727,1
pos_155,0.2,0.066667,0.2,0.2,0.333333,1
pos_156,0.333333,0.0,0.133333,0.333333,0.2,1
pos_157,0.35,0.05,0.15,0.1,0.35,1
pos_158,0.1875,0.125,0.0625,0.1875,0.4375,1
pos_159,0.2,0.333333,0.066667,0.066667,0.333333,1
pos_160,0.533333,0.0,0.2,0.066667,0.2,1
pos_161,0.25,0.05,0.25,0.05,0.4,1
pos_162,0.277778,0.333333,0.055556,0.055556,0.277778,1
pos_163,0.357143,0.0,0.285714,0.071429,0.285714,1
pos_164,0.6,0.0,0.15,0.0,0.25,1
pos_165,0.125,0.25,0.125,0.125,0.375,1
pos_166,0.533333,0.133333,0.133333,0.133333,0.066667,1
pos_167,0.2,0.2,0.133333,0.133333,0.333333,1
pos_168,0.4,0.0,0.2,0.133333,0.266667,1
pos_169,0.333333,0.133333,0.266667,0.066667,0.2,1
pos_170,0.285714,0.142857,0.214286,0.0,0.357143,1
pos_171,0.666667,0.066667,0.066667,0.2,0.0,1
pos_172,0.133333,0.066667,0.4,0.133333,0.266667,1
pos_173,0.333333,0.133333,0.133333,0.066667,0.333333,1
pos_174,0.388889,0.111111,0.166667,0.111111,0.222222,1
pos_175,0.388889,0.166667,0.222222,0.055556,0.166667,1
pos_176,0.4,0.0,0.333333,0.2,0.066667,1
pos_177,0.133333,0.133333,0.133333,0.133333,0.466667,1
pos_178,0.333333,0.166667,0.055556,0.055556,0.388889,1
pos_179,0.25,0.0,0.0,0.5,0.25,1
pos_180,0.529412,0.235294,0.0,0.117647,0.117647,1
pos_181,0.333333,0.166667,0.0,0.166667,0.333333,1
pos_182,0.4,0.066667,0.133333,0.266667,0.133333,1
pos_183,0.444444,0.0,0.166667,0.055556,0.333333,1
pos_184,0.4,0.2,0.2,0.066667,0.133333,1
pos_185,0.466667,0.0,0.266667,0.0,0.266667,1
pos_186,0.533333,0.0,0.066667,0.066667,0.333333,1
pos_187,0.45,0.05,0.05,0.15,0.3,1
pos_188,0.444444,0.166667,0.111111,0.055556,0.222222,1
pos_189,0.6875,0.0,0.0,0.0625,0.25,1
pos_190,0.35,0.0,0.05,0.3,0.3,1
pos_191,0.45,0.0,0.15,0.05,0.35,1
pos_192,0.533333,0.0,0.066667,0.066667,0.333333,1
pos_193,0.277778,0.0,0.222222,0.111111,0.388889,1
pos_194,0.333333,0.133333,0.2,0.2,0.133333,1
pos_195,0.4,0.066667,0.133333,0.2,0.2,1
pos_196,0.166667,0.083333,0.25,0.25,0.25,1
pos_197,0.333333,0.133333,0.066667,0.2,0.266667,1
pos_198,0.3125,0.0,0.125,0.25,0.3125,1
pos_199,0.583333,0.0,0.0,0.166667,0.25,1
pos_200,0.266667,0.133333,0.133333,0.133333,0.333333,1
pos_201,0.3,0.1,0.15,0.15,0.3,1
pos_202,0.555556,0.0,0.0,0.111111,0.333333,1
pos_203,0.2,0.1,0.4,0.15,0.15,1
pos_204,0.733333,0.133333,0.066667,0.0,0.066667,1
pos_205,0.45,0.2,0.05,0.1,0.2,1
pos_206,0.266667,0.2,0.133333,0.0,0.4,1
pos_207,0.666667,0.0,0.066667,0.133333,0.133333,1
pos_208,0.3,0.15,0.25,0.1,0.2,1
pos_209,0.45,0.05,0.05,0.25,0.2,1
pos_210,0.35,0.1,0.1,0.3,0.15,1
pos_211,0.5,0.1875,0.0,0.125,0.1875,1
pos_212,0.3,0.05,0.15,0.3,0.2,1
pos_213,0.15,0.0,0.15,0.35,0.35,1
pos_214,0.333333,0.222222,0.111111,0.055556,0.277778,1
pos_215,0.333333,0.266667,0.133333,0.0,0.266667,1
pos_216,0.3,0.1,0.1,0.1,0.4,1
pos_217,0.4,0.2,0.05,0.05,0.3,1
pos_218,0.8,0.133333,0.066667,0.0,0.0,1
pos_219,0.36,0.12,0.04,0.12,0.36,1
pos_220,0.454545,0.090909,0.090909,0.181818,0.181818,1
pos_221,0.375,0.0625,0.125,0.125,0.3125,1
pos_222,0.388889,0.055556,0.222222,0.055556,0.277778,1
pos_223,0.4,0.133333,0.0,0.266667,0.2,1
pos_224,0.466667,0.066667,0.133333,0.2,0.133333,1
pos_225,0.1,0.05,0.1,0.25,0.5,1
pos_226,0.391304,0.043478,0.173913,0.043478,0.347826,1
pos_227,0.347826,0.173913,0.217391,0.086957,0.173913,1
pos_228,0.2,0.05,0.1,0.15,0.5,1
pos_229,0.230769,0.0,0.076923,0.153846,0.538462,1
pos_230,0.529412,0.0,0.176471,0.117647,0.176471,1
pos_231,0.5,0.05,0.1,0.1,0.25,1
pos_232,0.333333,0.0,0.133333,0.266667,0.266667,1
pos_233,0.466667,0.0,0.2,0.2,0.133333,1
pos_234,0.5,0.25,0.0625,0.0,0.1875,1
pos_235,0.294118,0.117647,0.235294,0.0,0.352941,1
pos_236,0.4,0.05,0.15,0.1,0.3,1
pos_237,0.388889,0.222222,0.0,0.166667,0.222222,1
pos_238,0.533333,0.2,0.0,0.0,0.266667,1
pos_239,0.466667,0.2,0.066667,0.133333,0.133333,1
pos_240,0.45,0.05,0.05,0.15,0.3,1
pos_241,0.266667,0.066667,0.266667,0.2,0.2,1
pos_242,0.3,0.25,0.1,0.05,0.3,1
pos_243,0.473684,0.105263,0.210526,0.052632,0.157895,1
pos_244,0.380952,0.0,0.095238,0.142857,0.380952,1
pos_245,0.444444,0.111111,0.111111,0.166667,0.166667,1
pos_246,0.47619,0.142857,0.095238,0.047619,0.238095,1
pos_247,0.222222,0.166667,0.166667,0.222222,0.222222,1
pos_248,0.5,0.055556,0.111111,0.055556,0.277778,1
pos_249,0.5,0.0,0.166667,0.166667,0.166667,1
pos_250,0.333333,0.066667,0.133333,0.4,0.066667,1
pos_251,0.55,0.05,0.1,0.1,0.2,1
pos_252,0.6,0.0,0.133333,0.0,0.266667,1
pos_253,0.5,0.0,0.111111,0.0,0.388889,1
pos_254,0.285714,0.047619,0.095238,0.047619,0.52381,1
pos_255,0.6,0.066667,0.066667,0.133333,0.133333,1
pos_256,0.26087,0.0,0.086957,0.434783,0.217391,1
pos_257,0.666667,0.0,0.095238,0.047619,0.190476,1
pos_258,0.4375,0.0625,0.25,0.0625,0.1875,1
pos_259,0.24,0.12,0.0,0.08,0.56,1
pos_260,0.533333,0.0,0.0,0.2,0.266667,1
pos_261,0.352941,0.117647,0.0,0.117647,0.411765,1
pos_262,0.333333,0.2,0.133333,0.066667,0.266667,1
pos_263,0.4,0.12,0.04,0.08,0.36,1
pos_264,0.352941,0.176471,0.235294,0.0,0.235294,1
pos_265,0.2,0.15,0.15,0.0,0.5,1
pos_266,0.625,0.0,0.0,0.1875,0.1875,1
pos_267,0.4375,0.0,0.0,0.125,0.4375,1
pos_268,0.4,0.0,0.266667,0.133333,0.2,1
pos_269,0.6,0.0,0.066667,0.133333,0.2,1
pos_270,0.333333,0.083333,0.194444,0.222222,0.166667,1
pos_271,0.25,0.05,0.2,0.1,0.4,1
pos_272,0.210526,0.263158,0.157895,0.105263,0.263158,1
pos_273,0.382353,0.088235,0.176471,0.294118,0.058824,1
pos_274,0.5,0.166667,0.166667,0.0,0.166667,1
pos_275,0.45,0.2,0.15,0.05,0.15,1
pos_276,0.458333,0.166667,0.125,0.083333,0.166667,1
pos_277,0.466667,0.066667,0.0,0.0,0.466667,1
pos_278,0.5,0.15,0.1,0.15,0.1,1
pos_279,0.35,0.1,0.2,0.15,0.2,1
pos_280,0.2,0.066667,0.0,0.066667,0.666667,1
pos_281,0.466667,0.066667,0.0,0.133333,0.333333,1
pos_282,0.733333,0.066667,0.066667,0.0,0.133333,1
pos_283,0.4,0.1,0.1,0.1,0.3,1
pos_284,0.3,0.05,0.3,0.1,0.25,1
pos_285,0.315789,0.105263,0.157895,0.052632,0.368421,1
pos_286,0.666667,0.0,0.066667,0.066667,0.2,1
pos_287,0.416667,0.083333,0.083333,0.083333,0.333333,1
pos_288,0.5,0.166667,0.083333,0.0,0.25,1
pos_289,0.444444,0.055556,0.111111,0.055556,0.333333,1
pos_290,0.315789,0.105263,0.052632,0.052632,0.473684,1
pos_291,0.411765,0.117647,0.0,0.176471,0.294118,1
pos_292,0.466667,0.2,0.0,0.0,0.333333,1
pos_293,0.266667,0.2,0.0,0.133333,0.4,1
pos_294,0.4,0.0,0.133333,0.266667,0.2,1
pos_295,0.2,0.0,0.2,0.133333,0.466667,1
pos_296,0.4,0.2,0.066667,0.066667,0.266667,1
pos_297,0.333333,0.166667,0.111111,0.166667,0.222222,1
pos_298,0.263158,0.210526,0.105263,0.210526,0.210526,1
pos_299,0.25,0.1,0.15,0.1,0.4,1
pos_300,0.818182,0.0,0.045455,0.0,0.136364,1
pos_301,0.2,0.0,0.266667,0.0,0.533333,1
pos_302,0.277778,0.055556,0.222222,0.166667,0.277778,1
pos_303,0.44,0.04,0.32,0.0,0.2,1
pos_304,0.6,0.0,0.066667,0.2,0.133333,1
pos_305,0.5,0.0,0.0,0.25,0.25,1
pos_306,0.45,0.1,0.15,0.0,0.3,1
pos_307,0.416667,0.166667,0.083333,0.166667,0.166667,1
pos_308,0.352941,0.0,0.176471,0.0,0.470588,1
pos_309,0.4,0.133333,0.066667,0.133333,0.266667,1
pos_310,0.25,0.05,0.05,0.2,0.45,1
pos_311,0.4,0.0,0.133333,0.2,0.266667,1
pos_312,0.266667,0.2,0.2,0.0,0.333333,1
pos_313,0.470588,0.058824,0.0,0.117647,0.352941,1
pos_314,0.125,0.0,0.25,0.1875,0.4375,1
pos_315,0.2,0.0,0.2,0.2,0.4,1
pos_316,0.25,0.05,0.15,0.15,0.4,1
pos_317,0.333333,0.083333,0.166667,0.166667,0.25,1
pos_318,0.238095,0.190476,0.047619,0.095238,0.428571,1
pos_319,0.107143,0.107143,0.035714,0.071429,0.678571,1
pos_320,0.578947,0.052632,0.157895,0.052632,0.157895,1
pos_321,0.230769,0.076923,0.153846,0.230769,0.307692,1
pos_322,0.4,0.133333,0.066667,0.133333,0.266667,1
pos_323,0.45,0.1,0.15,0.05,0.25,1
pos_324,0.25,0.05,0.15,0.3,0.25,1
pos_325,0.4,0.066667,0.133333,0.066667,0.333333,1
pos_326,0.380952,0.142857,0.190476,0.095238,0.190476,1
pos_327,0.4,0.0,0.2,0.266667,0.133333,1
pos_328,0.75,0.083333,0.083333,0.0,0.083333,1
pos_329,0.666667,0.0,0.111111,0.0,0.222222,1
pos_330,0.444444,0.0,0.055556,0.277778,0.222222,1
pos_331,0.5,0.0625,0.125,0.25,0.0625,1
pos_332,0.368421,0.105263,0.0,0.105263,0.421053,1
pos_333,0.5,0.0,0.166667,0.166667,0.166667,1
pos_334,0.307692,0.076923,0.230769,0.0,0.384615,1
pos_335,0.315789,0.105263,0.263158,0.105263,0.210526,1
pos_336,0.6,0.05,0.1,0.0,0.25,1
pos_337,0.391304,0.195652,0.065217,0.086957,0.26087,1
pos_338,0.25,0.083333,0.166667,0.0,0.5,1
pos_339,0.411765,0.058824,0.117647,0.117647,0.294118,1
pos_340,0.466667,0.0,0.133333,0.133333,0.266667,1
pos_341,0.333333,0.2,0.066667,0.133333,0.266667,1
pos_342,0.384615,0.076923,0.153846,0.153846,0.230769,1
pos_343,0.5625,0.0625,0.0625,0.0,0.3125,1
pos_344,0.2,0.266667,0.133333,0.066667,0.333333,1
pos_345,0.133333,0.2,0.2,0.133333,0.333333,1
pos_346,0.5,0.25,0.166667,0.083333,0.0,1
pos_347,0.2,0.15,0.15,0.1,0.4,1
pos_348,0.555556,0.166667,0.166667,0.0,0.111111,1
pos_349,0.388889,0.111111,0.222222,0.055556,0.222222,1
pos_350,0.45,0.1,0.1,0.1,0.25,1
pos_351,0.26087,0.0,0.086957,0.26087,0.391304,1
pos_352,0.388889,0.055556,0.055556,0.333333,0.166667,1
pos_353,0.457143,0.0,0.428571,0.057143,0.057143,1
pos_354,0.384615,0.0,0.153846,0.230769,0.230769,1
pos_355,0.631579,0.052632,0.210526,0.0,0.105263,1
pos_356,0.25,0.083333,0.166667,0.083333,0.416667,1
pos_357,0.2,0.133333,0.4,0.066667,0.2,1
pos_358,0.47619,0.095238,0.047619,0.095238,0.285714,1
pos_359,0.44,0.0,0.08,0.08,0.4,1
pos_360,0.428571,0.142857,0.214286,0.071429,0.142857,1
pos_361,0.352941,0.235294,0.058824,0.058824,0.294118,1
pos_362,0.3,0.0,0.45,0.2,0.05,1
pos_363,0.210526,0.157895,0.105263,0.052632,0.473684,1
pos_364,0.466667,0.0,0.133333,0.266667,0.133333,1
pos_365,0.466667,0.0,0.0,0.066667,0.466667,1
pos_366,0.466667,0.0,0.066667,0.133333,0.333333,1
pos_367,0.4,0.05,0.1,0.25,0.2,1
pos_368,0.333333,0.083333,0.166667,0.166667,0.25,1
pos_369,0.533333,0.0,0.0,0.133333,0.333333,1
pos_370,0.35,0.1,0.15,0.2,0.2,1
pos_371,0.4,0.1,0.1,0.1,0.3,1
pos_372,0.533333,0.066667,0.066667,0.133333,0.2,1
pos_373,0.529412,0.117647,0.058824,0.0,0.294118,1
pos_374,0.368421,0.105263,0.157895,0.052632,0.315789,1
pos_375,0.454545,0.181818,0.0,0.181818,0.181818,1
pos_376,0.4,0.133333,0.2,0.0,0.266667,1
pos_377,0.2,0.0,0.2,0.15,0.45,1
pos_378,0.266667,0.066667,0.266667,0.133333,0.266667,1
pos_379,0.380952,0.238095,0.285714,0.0,0.095238,1
pos_380,0.153846,0.153846,0.153846,0.205128,0.333333,1
pos_381,0.4,0.0,0.4,0.0,0.2,1
pos_382,0.461538,0.153846,0.076923,0.153846,0.153846,1
pos_383,0.35,0.1,0.2,0.05,0.3,1
pos_384,0.466667,0.0,0.0,0.133333,0.4,1
pos_385,0.333333,0.083333,0.083333,0.083333,0.416667,1
pos_386,0.25,0.2,0.15,0.15,0.25,1
pos_387,0.45,0.1,0.1,0.15,0.2,1
pos_388,0.35,0.15,0.25,0.2,0.05,1
pos_389,0.5,0.0,0.071429,0.357143,0.071429,1
pos_390,0.235294,0.0,0.0,0.117647,0.647059,1
pos_391,0.4,0.066667,0.066667,0.2,0.266667,1
pos_392,0.375,0.125,0.1875,0.1875,0.125,1
pos_393,0.388889,0.0,0.111111,0.166667,0.333333,1
pos_394,0.333333,0.066667,0.2,0.2,0.2,1
pos_395,0.533333,0.066667,0.0,0.066667,0.333333,1
pos_396,0.45,0.05,0.1,0.2,0.2,1
pos_397,0.466667,0.133333,0.133333,0.066667,0.2,1
pos_398,0.4,0.066667,0.0,0.066667,0.466667,1
pos_399,0.6,0.066667,0.2,0.066667,0.066667,1
pos_400,0.5,0.111111,0.111111,0.055556,0.222222,1
pos_401,0.266667,0.133333,0.4,0.066667,0.133333,1
pos_402,0.266667,0.133333,0.2,0.066667,0.333333,1
pos_403,0.375,0.125,0.1875,0.125,0.1875,1
pos_404,0.4,0.2,0.266667,0.133333,0.0,1
pos_405,0.416667,0.0,0.166667,0.166667,0.25,1
pos_406,0.4,0.05,0.2,0.0,0.35,1
pos_407,0.533333,0.066667,0.2,0.0,0.2,1
pos_408,0.4,0.066667,0.2,0.0,0.333333,1
pos_409,0.25,0.0,0.05,0.3,0.4,1
pos_410,0.409091,0.0,0.090909,0.272727,0.227273,1
pos_411,0.416667,0.166667,0.083333,0.083333,0.25,1
pos_412,0.344828,0.034483,0.137931,0.103448,0.37931,1
pos_413,0.266667,0.0,0.133333,0.266667,0.333333,1
pos_414,0.470588,0.058824,0.058824,0.117647,0.294118,1
pos_415,0.380952,0.285714,0.047619,0.095238,0.190476,1
pos_416,0.272727,0.045455,0.318182,0.181818,0.181818,1
pos_417,0.333333,0.166667,0.166667,0.083333,0.25,1
pos_418,0.375,0.125,0.0,0.125,0.375,1
pos_419,0.416667,0.0,0.083333,0.166667,0.333333,1
pos_420,0.45,0.05,0.05,0.1,0.35,1
pos_421,0.315789,0.157895,0.263158,0.052632,0.210526,1
pos_422,0.25,0.25,0.083333,0.166667,0.25,1
pos_423,0.392857,0.071429,0.071429,0.107143,0.357143,1
pos_424,0.5,0.05,0.3,0.0,0.15,1
pos_425,0.1,0.15,0.4,0.25,0.1,1
pos_426,0.3,0.1,0.2,0.1,0.3,1
pos_427,0.37037,0.037037,0.296296,0.0,0.296296,1
pos_428,0.444444,0.055556,0.111111,0.111111,0.277778,1
pos_429,0.354839,0.064516,0.193548,0.225806,0.16129,1
pos_430,0.421053,0.157895,0.105263,0.052632,0.263158,1
pos_431,0.2,0.066667,0.066667,0.133333,0.533333,1
pos_432,0.45,0.1,0.15,0.05,0.25,1
pos_433,0.1,0.0,0.1,0.1,0.7,1
pos_434,0.222222,0.333333,0.055556,0.111111,0.277778,1
pos_435,0.4,0.133333,0.2,0.133333,0.133333,1
pos_436,0.411765,0.0,0.058824,0.058824,0.470588,1
pos_437,0.333333,0.2,0.0,0.066667,0.4,1
pos_438,0.466667,0.066667,0.2,0.066667,0.2,1
pos_439,0.25,0.05,0.25,0.05,0.4,1
pos_440,0.307692,0.076923,0.076923,0.230769,0.307692,1
pos_441,0.352941,0.0,0.352941,0.117647,0.176471,1
pos_442,0.533333,0.066667,0.2,0.066667,0.133333,1
pos_443,0.4,0.1,0.15,0.0,0.35,1
pos_444,0.466667,0.133333,0.133333,0.133333,0.133333,1
pos_445,0.545455,0.090909,0.181818,0.0,0.181818,1
pos_446,0.45,0.2,0.15,0.1,0.1,1
pos_447,0.533333,0.066667,0.2,0.133333,0.066667,1
pos_448,0.625,0.0,0.1875,0.0625,0.125,1
pos_449,0.35,0.05,0.15,0.05,0.4,1
pos_450,0.266667,0.133333,0.133333,0.2,0.266667,1
pos_451,0.4,0.0,0.133333,0.0,0.466667,1
pos_452,0.466667,0.066667,0.133333,0.0,0.333333,1
pos_453,0.1875,0.1875,0.0,0.125,0.5,1
pos_454,0.588235,0.058824,0.235294,0.0,0.117647,1
pos_455,0.55,0.05,0.1,0.1,0.2,1
pos_456,0.541667,0.083333,0.083333,0.083333,0.208333,1
pos_457,0.25,0.0,0.2,0.1,0.45,1
pos_458,0.466667,0.0,0.2,0.066667,0.266667,1
pos_459,0.315789,0.0,0.210526,0.0,0.473684,1
pos_460,0.222222,0.333333,0.055556,0.111111,0.277778,1
pos_461,0.666667,0.066667,0.133333,0.066667,0.066667,1
pos_462,0.416667,0.0,0.25,0.166667,0.166667,1
pos_463,0.555556,0.0,0.055556,0.277778,0.111111,1
pos_464,0.2,0.2,0.2,0.066667,0.333333,1
pos_465,0.2,0.0,0.2,0.133333,0.466667,1
pos_466,0.35,0.0,0.15,0.25,0.25,1
pos_467,0.388889,0.055556,0.222222,0.0,0.333333,1
pos_468,0.444444,0.111111,0.222222,0.055556,0.166667,1
pos_469,0.266667,0.2,0.133333,0.066667,0.333333,1
pos_470,0.4,0.05,0.1,0.2,0.25,1
pos_471,0.266667,0.066667,0.2,0.066667,0.4,1
pos_472,0.52381,0.0,0.142857,0.047619,0.285714,1
pos_473,0.222222,0.166667,0.055556,0.166667,0.388889,1
pos_474,0.3,0.2,0.2,0.05,0.25,1
pos_475,0.45,0.1,0.15,0.1,0.2,1
pos_476,0.47619,0.142857,0.142857,0.095238,0.142857,1
pos_477,0.333333,0.066667,0.133333,0.133333,0.333333,1
pos_478,0.4,0.05,0.1,0.05,0.4,1
pos_479,0.333333,0.111111,0.111111,0.166667,0.277778,1
pos_480,0.555556,0.0,0.222222,0.055556,0.166667,1
pos_481,0.333333,0.166667,0.111111,0.111111,0.277778,1
pos_482,0.473684,0.105263,0.157895,0.0,0.263158,1
pos_483,0.285714,0.095238,0.380952,0.0,0.238095,1
pos_484,0.4,0.0,0.15,0.1,0.35,1
pos_485,0.333333,0.066667,0.2,0.2,0.2,1
pos_486,0.25,0.0,0.125,0.5,0.125,1
pos_487,0.214286,0.142857,0.071429,0.142857,0.428571,1
pos_488,0.727273,0.045455,0.090909,0.045455,0.090909,1
pos_489,0.2,0.15,0.25,0.15,0.25,1
pos_490,0.35,0.0,0.1,0.2,0.35,1
pos_491,0.419355,0.064516,0.193548,0.193548,0.129032,1
pos_492,0.454545,0.090909,0.090909,0.0,0.363636,1
pos_493,0.35,0.05,0.25,0.0,0.35,1
pos_494,0.2,0.05,0.2,0.1,0.45,1
pos_495,0.235294,0.235294,0.294118,0.0,0.235294,1
pos_496,0.333333,0.066667,0.2,0.2,0.2,1
pos_497,0.181818,0.090909,0.181818,0.136364,0.409091,1
pos_498,0.35,0.0,0.15,0.25,0.25,1
pos_499,0.529412,0.058824,0.117647,0.058824,0.235294,1
pos_500,0.444444,0.166667,0.111111,0.055556,0.222222,1
pos_501,0.35,0.1,0.1,0.15,0.3,1
pos_502,0.538462,0.153846,0.153846,0.076923,0.076923,1
pos_503,0.444444,0.0,0.111111,0.277778,0.166667,1
pos_504,0.5,0.0,0.05,0.1,0.35,1
pos_505,0.3,0.1,0.2,0.05,0.35,1
pos_506,0.4,0.266667,0.066667,0.2,0.066667,1
pos_507,0.35,0.15,0.05,0.05,0.4,1
pos_508,0.4,0.066667,0.066667,0.066667,0.4,1
pos_509,0.6,0.066667,0.066667,0.0,0.266667,1
pos_510,0.4375,0.0625,0.0,0.0,0.5,1
pos_511,0.388889,0.055556,0.166667,0.0,0.388889,1
pos_512,0.529412,0.058824,0.117647,0.176471,0.117647,1
pos_513,0.4,0.133333,0.066667,0.2,0.2,1
pos_514,0.533333,0.0,0.466667,0.0,0.0,1
pos_515,0.294118,0.235294,0.058824,0.117647,0.294118,1
pos_516,0.611111,0.111111,0.111111,0.055556,0.111111,1
pos_517,0.454545,0.045455,0.181818,0.045455,0.272727,1
pos_518,0.583333,0.0,0.0,0.25,0.166667,1
pos_519,0.2,0.133333,0.133333,0.2,0.333333,1
pos_520,0.088235,0.176471,0.147059,0.176471,0.411765,1
pos_521,0.210526,0.105263,0.157895,0.105263,0.421053,1
pos_522,0.3125,0.0625,0.125,0.0625,0.4375,1
pos_523,0.2,0.133333,0.0,0.266667,0.4,1
pos_524,0.333333,0.166667,0.166667,0.166667,0.166667,1
pos_525,0.363636,0.181818,0.0,0.181818,0.272727,1
pos_526,0.733333,0.0,0.066667,0.066667,0.133333,1
pos_527,0.473684,0.157895,0.157895,0.0,0.210526,1
pos_528,0.4,0.066667,0.066667,0.133333,0.333333,1
pos_529,0.5,0.0,0.055556,0.055556,0.388889,1
pos_530,0.2,0.1,0.05,0.1,0.55,1
pos_531,0.388889,0.0,0.111111,0.222222,0.277778,1
pos_532,0.125,0.0625,0.09375,0.25,0.46875,1
pos_533,0.55,0.0,0.1,0.1,0.25,1
pos_534,0.52381,0.047619,0.095238,0.142857,0.190476,1
pos_535,0.444444,0.055556,0.055556,0.111111,0.333333,1
pos_536,0.375,0.0,0.25,0.125,0.25,1
pos_537,0.411765,0.058824,0.117647,0.058824,0.352941,1
pos_538,0.25,0.1875,0.1875,0.125,0.25,1
pos_539,0.444444,0.055556,0.166667,0.0,0.333333,1
pos_540,0.583333,0.0,0.166667,0.166667,0.083333,1
pos_541,0.35,0.2,0.05,0.25,0.15,1
pos_542,0.333333,0.066667,0.133333,0.3,0.166667,1
pos_543,0.533333,0.0,0.133333,0.0,0.333333,1
pos_544,0.416667,0.0,0.0,0.083333,0.5,1
pos_545,0.65,0.05,0.1,0.05,0.15,1
pos_546,0.333333,0.133333,0.2,0.133333,0.2,1
pos_547,0.25,0.1,0.05,0.0,0.6,1
pos_548,0.533333,0.066667,0.133333,0.066667,0.2,1
pos_549,0.533333,0.133333,0.066667,0.0,0.266667,1
pos_550,0.315789,0.210526,0.052632,0.157895,0.263158,1
pos_551,0.615385,0.038462,0.153846,0.0,0.192308,1
pos_552,0.416667,0.166667,0.166667,0.083333,0.166667,1
pos_553,0.55,0.1,0.15,0.1,0.1,1
pos_554,0.181818,0.090909,0.272727,0.090909,0.363636,1
pos_555,0.2,0.05,0.25,0.3,0.2,1
pos_556,0.354839,0.032258,0.258065,0.258065,0.096774,1
pos_557,0.52381,0.095238,0.142857,0.047619,0.190476,1
pos_558,0.5,0.055556,0.166667,0.055556,0.222222,1
pos_559,0.264706,0.029412,0.323529,0.029412,0.352941,1
pos_560,0.222222,0.111111,0.0,0.222222,0.444444,1
pos_561,0.26087,0.0,0.086957,0.26087,0.391304,1
pos_562,0.3,0.05,0.2,0.1,0.35,1
pos_563,0.315789,0.052632,0.210526,0.052632,0.368421,1
pos_564,0.263158,0.157895,0.052632,0.105263,0.421053,1
pos_565,0.25,0.1,0.15,0.15,0.35,1
pos_566,0.583333,0.166667,0.166667,0.083333,0.0,1
pos_567,0.5,0.0,0.125,0.125,0.25,1
pos_568,0.533333,0.133333,0.066667,0.133333,0.133333,1
pos_569,0.388889,0.0,0.333333,0.111111,0.166667,1
pos_570,0.5,0.045455,0.090909,0.090909,0.272727,1
pos_571,0.535714,0.071429,0.035714,0.107143,0.25,1
pos_572,0.25,0.25,0.25,0.166667,0.083333,1
pos_573,0.5625,0.125,0.125,0.0625,0.125,1
pos_574,0.45,0.0,0.0,0.1,0.45,1
pos_575,0.416667,0.083333,0.333333,0.083333,0.083333,1
pos_576,0.3,0.1,0.35,0.05,0.2,1
pos_577,0.333333,0.066667,0.266667,0.066667,0.266667,1
pos_578,0.2,0.0,0.2,0.266667,0.333333,1
pos_579,0.533333,0.0,0.066667,0.0,0.4,1
pos_580,0.4,0.133333,0.133333,0.133333,0.2,1
pos_581,0.375,0.041667,0.125,0.0,0.458333,1
pos_582,0.333333,0.066667,0.266667,0.066667,0.266667,1
pos_583,0.35,0.1,0.1,0.1,0.35,1
pos_584,0.3,0.15,0.1,0.3,0.15,1
pos_585,0.4,0.133333,0.066667,0.133333,0.266667,1
pos_586,0.458333,0.041667,0.166667,0.0,0.333333,1
pos_587,0.277778,0.277778,0.0,0.055556,0.388889,1
pos_588,0.466667,0.066667,0.133333,0.066667,0.266667,1
pos_589,0.266667,0.2,0.266667,0.066667,0.2,1
pos_590,0.4,0.1,0.15,0.1,0.25,1
pos_591,0.3,0.0,0.35,0.15,0.2,1
pos_592,0.344828,0.068966,0.172414,0.137931,0.275862,1
pos_593,0.416667,0.166667,0.083333,0.0,0.333333,1
pos_594,0.4,0.15,0.1,0.1,0.25,1
pos_595,0.45,0.15,0.2,0.1,0.1,1
pos_596,0.333333,0.066667,0.133333,0.333333,0.133333,1
pos_597,0.5625,0.0,0.0625,0.25,0.125,1
pos_598,0.55,0.05,0.1,0.1,0.2,1
pos_599,0.5,0.083333,0.166667,0.166667,0.083333,1
pos_600,0.378378,0.135135,0.054054,0.189189,0.243243,1
pos_601,0.4,0.066667,0.133333,0.133333,0.266667,1
pos_602,0.222222,0.055556,0.055556,0.0,0.666667,1
pos_603,0.333333,0.066667,0.088889,0.111111,0.4,1
pos_604,0.35,0.1,0.05,0.15,0.35,1
pos_605,0.533333,0.133333,0.133333,0.0,0.2,1
pos_606,0.333333,0.133333,0.2,0.0,0.333333,1
pos_607,0.344828,0.206897,0.172414,0.172414,0.103448,1
pos_608,0.5,0.083333,0.083333,0.25,0.083333,1
pos_609,0.322581,0.129032,0.193548,0.129032,0.225806,1
pos_610,0.190476,0.190476,0.238095,0.047619,0.333333,1
pos_611,0.533333,0.0,0.133333,0.133333,0.2,1
pos_612,0.357143,0.0,0.142857,0.285714,0.214286,1
pos_613,0.333333,0.0,0.0,0.083333,0.583333,1
pos_614,0.4375,0.0625,0.375,0.0625,0.0625,1
pos_615,0.333333,0.066667,0.133333,0.2,0.266667,1
pos_616,0.48,0.04,0.12,0.04,0.32,1
pos_617,0.466667,0.0,0.066667,0.0,0.466667,1
pos_618,0.25,0.15,0.1,0.25,0.25,1
pos_619,0.5,0.25,0.083333,0.083333,0.083333,1
pos_620,0.611111,0.055556,0.111111,0.055556,0.166667,1
pos_621,0.466667,0.2,0.0,0.133333,0.2,1
pos_622,0.333333,0.066667,0.0,0.0,0.6,1
pos_623,0.333333,0.133333,0.066667,0.133333,0.333333,1
pos_624,0.5,0.05,0.25,0.15,0.05,1
pos_625,0.6,0.0,0.0,0.133333,0.266667,1
pos_626,0.2,0.066667,0.133333,0.066667,0.533333,1
pos_627,0.529412,0.058824,0.176471,0.0,0.235294,1
pos_628,0.666667,0.066667,0.066667,0.0,0.2,1
pos_629,0.15,0.05,0.25,0.25,0.3,1
pos_630,0.266667,0.0,0.2,0.2,0.333333,1
pos_631,0.388889,0.055556,0.166667,0.166667,0.222222,1
pos_632,0.333333,0.066667,0.066667,0.0,0.533333,1
pos_633,0.384615,0.076923,0.153846,0.153846,0.230769,1
pos_634,0.351351,0.054054,0.216216,0.189189,0.189189,1
pos_635,0.4,0.066667,0.0,0.0,0.533333,1
pos_636,0.35,0.2,0.15,0.0,0.3,1
pos_637,0.363636,0.181818,0.0,0.090909,0.363636,1
pos_638,0.35,0.1,0.3,0.05,0.2,1
pos_639,0.631579,0.0,0.052632,0.052632,0.263158,1
pos_640,0.45,0.05,0.1,0.1,0.3,1
pos_641,0.65625,0.125,0.0625,0.0,0.15625,1
pos_642,0.2,0.1,0.2,0.25,0.25,1
pos_643,0.28,0.2,0.08,0.24,0.2,1
pos_644,0.4,0.066667,0.133333,0.066667,0.333333,1
pos_645,0.190476,0.238095,0.095238,0.190476,0.285714,1
pos_646,0.266667,0.0,0.266667,0.266667,0.2,1
pos_647,0.6,0.15,0.15,0.0,0.1,1
pos_648,0.4,0.066667,0.133333,0.066667,0.333333,1
pos_649,0.1,0.05,0.2,0.2,0.45,1
pos_650,0.222222,0.222222,0.111111,0.222222,0.222222,1
pos_651,0.25,0.05,0.05,0.15,0.5,1
pos_652,0.666667,0.047619,0.095238,0.095238,0.095238,1
pos_653,0.533333,0.066667,0.066667,0.066667,0.266667,1
pos_654,0.470588,0.235294,0.058824,0.117647,0.117647,1
pos_655,0.6,0.0,0.066667,0.133333,0.2,1
pos_656,0.5,0.0625,0.25,0.0,0.1875,1
pos_657,0.533333,0.133333,0.133333,0.066667,0.133333,1
pos_658,0.166667,0.083333,0.208333,0.166667,0.375,1
pos_659,0.3,0.15,0.1,0.1,0.35,1
pos_660,0.5,0.166667,0.055556,0.0,0.277778,1
pos_661,0.368421,0.0,0.052632,0.052632,0.526316,1
pos_662,0.318182,0.090909,0.181818,0.045455,0.363636,1
pos_663,0.35,0.05,0.1,0.25,0.25,1
pos_664,0.392857,0.107143,0.107143,0.035714,0.357143,1
pos_665,0.25,0.1,0.15,0.25,0.25,1
pos_666,0.4,0.133333,0.2,0.133333,0.133333,1
pos_667,0.384615,0.076923,0.038462,0.192308,0.307692,1
pos_668,0.4,0.0,0.066667,0.066667,0.466667,1
pos_669,0.4,0.2,0.2,0.066667,0.133333,1
pos_670,0.333333,0.083333,0.166667,0.166667,0.25,1
pos_671,0.583333,0.166667,0.083333,0.166667,0.0,1
pos_672,0.25,0.25,0.1,0.0,0.4,1
pos_673,0.4,0.0,0.1,0.2,0.3,1
pos_674,0.4,0.15,0.05,0.0,0.4,1
pos_675,0.333333,0.277778,0.0,0.055556,0.333333,1
pos_676,0.208333,0.0,0.541667,0.041667,0.208333,1
pos_677,0.210526,0.210526,0.052632,0.105263,0.421053,1
pos_678,0.4,0.04,0.24,0.04,0.28,1
pos_679,0.4,0.133333,0.1,0.233333,0.133333,1
pos_680,0.15,0.15,0.45,0.15,0.1,1
pos_681,0.238095,0.095238,0.190476,0.238095,0.238095,1
pos_682,0.333333,0.0,0.055556,0.166667,0.444444,1
pos_683,0.2,0.2,0.2,0.066667,0.333333,1
pos_684,0.428571,0.0,0.0,0.142857,0.428571,1
pos_685,0.263158,0.0,0.105263,0.210526,0.421053,1
pos_686,0.4,0.04,0.2,0.04,0.32,1
pos_687,0.25,0.0625,0.1875,0.1875,0.3125,1
pos_688,0.45,0.05,0.1,0.15,0.25,1
pos_689,0.6,0.2,0.0,0.0,0.2,1
pos_690,0.277778,0.111111,0.055556,0.166667,0.388889,1
pos_691,0.647059,0.058824,0.058824,0.058824,0.176471,1
pos_692,0.555556,0.111111,0.111111,0.0,0.222222,1
pos_693,0.428571,0.071429,0.071429,0.142857,0.285714,1
pos_694,0.266667,0.066667,0.2,0.266667,0.2,1
pos_695,0.133333,0.2,0.2,0.133333,0.333333,1
pos_696,0.1,0.05,0.15,0.2,0.5,1
pos_697,0.571429,0.071429,0.142857,0.071429,0.142857,1
pos_698,0.444444,0.0,0.055556,0.222222,0.277778,1
pos_699,0.375,0.0,0.125,0.1875,0.3125,1
pos_700,0.4,0.1,0.15,0.1,0.25,1
pos_701,0.6,0.0,0.066667,0.066667,0.266667,1
pos_702,0.541667,0.0,0.083333,0.083333,0.291667,1
pos_703,0.466667,0.066667,0.133333,0.0,0.333333,1
pos_704,0.222222,0.277778,0.166667,0.0,0.333333,1
pos_705,0.466667,0.0,0.133333,0.2,0.2,1
pos_706,0.4,0.066667,0.266667,0.0,0.266667,1
pos_707,0.4,0.08,0.24,0.08,0.2,1
pos_708,0.333333,0.0,0.25,0.166667,0.25,1
pos_709,0.428571,0.095238,0.095238,0.095238,0.285714,1
pos_710,0.65,0.0,0.0,0.05,0.3,1
pos_711,0.263158,0.157895,0.157895,0.052632,0.368421,1
pos_712,0.133333,0.0,0.2,0.333333,0.333333,1
pos_713,0.2,0.1,0.05,0.1,0.55,1
pos_714,0.315789,0.210526,0.105263,0.052632,0.315789,1
pos_715,0.285714,0.0,0.0,0.0,0.714286,1
pos_716,0.333333,0.133333,0.266667,0.066667,0.2,1
pos_717,0.333333,0.076923,0.102564,0.153846,0.333333,1
pos_718,0.5,0.0,0.05,0.0,0.45,1
pos_719,0.366667,0.066667,0.233333,0.1,0.233333,1
pos_720,0.473684,0.210526,0.157895,0.0,0.157895,1
pos_721,0.230769,0.230769,0.153846,0.230769,0.153846,1
pos_722,0.409091,0.090909,0.227273,0.045455,0.227273,1
pos_723,0.5,0.0,0.166667,0.111111,0.222222,1
pos_724,0.416667,0.0,0.25,0.083333,0.25,1
pos_725,0.384615,0.076923,0.076923,0.076923,0.384615,1
pos_726,0.5,0.166667,0.166667,0.0,0.166667,1
pos_727,0.421053,0.210526,0.157895,0.0,0.210526,1
pos_728,0.6,0.066667,0.066667,0.133333,0.133333,1
pos_729,0.5,0.05,0.2,0.1,0.15,1
pos_730,0.166667,0.0,0.416667,0.041667,0.375,1
pos_731,0.3,0.1,0.05,0.2,0.35,1
pos_732,0.333333,0.0,0.066667,0.266667,0.333333,1
pos_733,0.473684,0.105263,0.157895,0.052632,0.210526,1
pos_734,0.4,0.133333,0.0,0.0,0.466667,1
pos_735,0.285714,0.0,0.428571,0.0,0.285714,1
pos_736,0.15,0.05,0.2,0.0,0.6,1
pos_737,0.375,0.3125,0.0,0.125,0.1875,1
pos_738,0.45,0.05,0.1,0.15,0.25,1
pos_739,0.285714,0.047619,0.095238,0.095238,0.47619,1
pos_740,0.35,0.2,0.1,0.2,0.15,1
pos_741,0.333333,0.133333,0.133333,0.2,0.2,1
pos_742,0.105263,0.052632,0.0,0.105263,0.736842,1
pos_743,0.5,0.0,0.05,0.1,0.35,1
pos_744,0.388889,0.111111,0.222222,0.111111,0.166667,1
pos_745,0.421053,0.210526,0.105263,0.052632,0.210526,1
pos_746,0.615385,0.076923,0.076923,0.076923,0.153846,1
pos_747,0.32,0.04,0.28,0.0,0.36,1
pos_748,0.166667,0.083333,0.333333,0.083333,0.333333,1
pos_749,0.35,0.1,0.35,0.1,0.1,1
pos_750,0.466667,0.266667,0.066667,0.066667,0.133333,1
pos_751,0.466667,0.2,0.0,0.066667,0.266667,1
pos_752,0.473684,0.0,0.105263,0.263158,0.157895,1
pos_753,0.133333,0.4,0.0,0.133333,0.333333,1
pos_754,0.5,0.0,0.083333,0.083333,0.333333,1
pos_755,0.75,0.0,0.1875,0.0625,0.0,1
pos_756,0.4,0.2,0.2,0.0,0.2,1
pos_757,0.272727,0.0,0.272727,0.090909,0.363636,1
pos_758,0.5,0.111111,0.111111,0.0,0.277778,1
pos_759,0.3,0.0,0.2,0.2,0.3,1
pos_760,0.4,0.133333,0.066667,0.066667,0.333333,1
pos_761,0.340909,0.045455,0.136364,0.204545,0.272727,1
pos_762,0.25,0.1,0.2,0.1,0.35,1
pos_763,0.5,0.0,0.083333,0.083333,0.333333,1
pos_764,0.5,0.0625,0.0625,0.125,0.25,1
pos_765,0.533333,0.066667,0.266667,0.066667,0.066667,1
pos_766,0.4375,0.0,0.125,0.0625,0.375,1
pos_767,0.5,0.15,0.0,0.15,0.2,1
pos_768,0.333333,0.0,0.066667,0.4,0.2,1
pos_769,0.521739,0.086957,0.043478,0.086957,0.26087,1
pos_770,0.2,0.2,0.2,0.15,0.25,1
pos_771,0.083333,0.25,0.083333,0.166667,0.416667,1
pos_772,0.35,0.1,0.2,0.2,0.15,1
pos_773,0.466667,0.0,0.266667,0.133333,0.133333,1
pos_774,0.466667,0.066667,0.0,0.0,0.466667,1
pos_775,0.357143,0.0,0.285714,0.357143,0.0,1
pos_776,0.583333,0.083333,0.0,0.083333,0.25,1
pos_777,0.5,0.166667,0.0,0.083333,0.25,1
pos_778,0.243243,0.081081,0.189189,0.054054,0.432432,1
pos_779,0.347826,0.0,0.173913,0.086957,0.391304,1
pos_780,0.575758,0.030303,0.090909,0.121212,0.181818,1
pos_781,0.533333,0.0,0.2,0.133333,0.133333,1
pos_782,0.533333,0.066667,0.2,0.133333,0.066667,1
pos_783,0.45,0.2,0.15,0.05,0.15,1
pos_784,0.388889,0.0,0.277778,0.055556,0.277778,1
pos_785,0.5,0.1,0.1,0.1,0.2,1
pos_786,0.35,0.05,0.4,0.1,0.1,1
pos_787,0.4,0.0,0.05,0.1,0.45,1
pos_788,0.133333,0.266667,0.066667,0.0,0.533333,1
pos_789,0.3,0.05,0.2,0.15,0.3,1
pos_790,0.333333,0.0,0.333333,0.166667,0.166667,1
pos_791,0.6,0.066667,0.2,0.066667,0.066667,1
pos_792,0.285714,0.047619,0.285714,0.190476,0.190476,1
pos_793,0.333333,0.0,0.066667,0.2,0.4,1
pos_794,0.2,0.25,0.25,0.1,0.2,1
pos_795,0.222222,0.055556,0.277778,0.166667,0.277778,1
pos_796,0.466667,0.0,0.133333,0.066667,0.333333,1
pos_797,0.315789,0.157895,0.105263,0.157895,0.263158,1
pos_798,0.545455,0.090909,0.090909,0.0,0.272727,1
pos_799,0.6,0.0,0.0,0.133333,0.266667,1
pos_800,0.4,0.1,0.1,0.25,0.15,1
pos_801,0.375,0.125,0.0625,0.125,0.3125,1
pos_802,0.4,0.0,0.0,0.133333,0.466667,1
pos_803,0.333333,0.055556,0.222222,0.055556,0.333333,1
pos_804,0.372093,0.069767,0.093023,0.162791,0.302326,1
pos_805,0.357143,0.0,0.214286,0.285714,0.142857,1
pos_806,0.25,0.2,0.25,0.05,0.25,1
pos_807,0.466667,0.0,0.2,0.133333,0.2,1
pos_808,0.4,0.05,0.15,0.25,0.15,1
pos_809,0.466667,0.0,0.0,0.0,0.533333,1
pos_810,0.466667,0.0,0.2,0.133333,0.2,1
pos_811,0.48,0.12,0.0,0.16,0.24,1
pos_812,0.45,0.05,0.15,0.15,0.2,1
pos_813,0.4,0.05,0.3,0.05,0.2,1
pos_814,0.4,0.066667,0.066667,0.133333,0.333333,1
pos_815,0.451613,0.0,0.225806,0.16129,0.16129,1
pos_816,0.4,0.1,0.1,0.15,0.25,1
pos_817,0.071429,0.285714,0.142857,0.285714,0.214286,1
pos_818,0.444444,0.055556,0.111111,0.055556,0.333333,1
pos_819,0.382353,0.235294,0.029412,0.088235,0.264706,1
pos_820,0.533333,0.066667,0.2,0.0,0.2,1
pos_821,0.466667,0.066667,0.0,0.066667,0.4,1
pos_822,0.55,0.05,0.15,0.0,0.25,1
pos_823,0.409091,0.136364,0.090909,0.045455,0.318182,1
pos_824,0.3,0.0,0.2,0.2,0.3,1
pos_825,0.45,0.05,0.15,0.15,0.2,1
pos_826,0.2,0.1,0.15,0.2,0.35,1
pos_827,0.2,0.1,0.05,0.3,0.35,1
pos_828,0.444444,0.055556,0.222222,0.0,0.277778,1
pos_829,0.380952,0.142857,0.095238,0.095238,0.285714,1
pos_830,0.25,0.15,0.0,0.2,0.4,1
pos_831,0.6,0.0,0.1,0.05,0.25,1
pos_832,0.55,0.05,0.15,0.1,0.15,1
pos_833,0.555556,0.055556,0.0,0.222222,0.166667,1
pos_834,0.45,0.0,0.15,0.15,0.25,1
pos_835,0.458333,0.0,0.208333,0.083333,0.25,1
pos_836,0.47619,0.190476,0.095238,0.095238,0.142857,1
pos_837,0.105263,0.157895,0.052632,0.157895,0.526316,1
pos_838,0.25,0.0,0.25,0.2,0.3,1
pos_839,0.666667,0.0,0.066667,0.133333,0.133333,1
pos_840,0.25,0.05,0.2,0.25,0.25,1
pos_841,0.333333,0.190476,0.238095,0.047619,0.190476,1
pos_842,0.4,0.066667,0.266667,0.066667,0.2,1
pos_843,0.333333,0.266667,0.133333,0.066667,0.2,1
pos_844,0.433333,0.1,0.133333,0.133333,0.2,1
pos_845,0.15,0.0,0.2,0.2,0.45,1
pos_846,0.666667,0.0,0.0,0.066667,0.266667,1
pos_847,0.2,0.266667,0.066667,0.0,0.466667,1
pos_848,0.5,0.055556,0.111111,0.0,0.333333,1
pos_849,0.409091,0.227273,0.0,0.136364,0.227273,1
pos_850,0.36,0.0,0.04,0.16,0.44,1
pos_851,0.64,0.0,0.2,0.12,0.04,1
pos_852,0.47619,0.047619,0.095238,0.047619,0.333333,1
pos_853,0.555556,0.055556,0.0,0.111111,0.277778,1
pos_854,0.3125,0.0625,0.3125,0.0625,0.25,1
pos_855,0.346154,0.115385,0.153846,0.038462,0.346154,1
pos_856,0.222222,0.0,0.222222,0.111111,0.444444,1
pos_857,0.533333,0.266667,0.066667,0.066667,0.066667,1
pos_858,0.533333,0.0,0.2,0.066667,0.2,1
pos_859,0.277778,0.222222,0.166667,0.055556,0.277778,1
pos_860,0.4,0.1,0.2,0.05,0.25,1
pos_861,0.647059,0.058824,0.058824,0.176471,0.058824,1
pos_862,0.733333,0.0,0.133333,0.066667,0.066667,1
pos_863,0.375,0.0625,0.25,0.0625,0.25,1
pos_864,0.4,0.133333,0.2,0.066667,0.2,1
pos_865,0.466667,0.066667,0.266667,0.2,0.0,1
pos_866,0.35,0.1,0.15,0.05,0.35,1
pos_867,0.75,0.0,0.0,0.166667,0.083333,1
pos_868,0.416667,0.083333,0.111111,0.222222,0.166667,1
pos_869,0.333333,0.133333,0.066667,0.0,0.466667,1
pos_870,0.416667,0.0,0.041667,0.208333,0.333333,1
pos_871,0.230769,0.153846,0.076923,0.153846,0.384615,1
pos_872,0.416667,0.166667,0.083333,0.0,0.333333,1
pos_873,0.35,0.1,0.15,0.1,0.3,1
pos_874,0.583333,0.0,0.166667,0.083333,0.166667,1
pos_875,0.533333,0.133333,0.066667,0.066667,0.2,1
pos_876,0.3,0.05,0.25,0.15,0.25,1
pos_877,0.4,0.066667,0.066667,0.066667,0.4,1
pos_878,0.333333,0.133333,0.133333,0.0,0.4,1
pos_879,0.555556,0.055556,0.055556,0.111111,0.222222,1
pos_880,0.45,0.1,0.15,0.0,0.3,1
pos_881,0.439024,0.04878,0.073171,0.04878,0.390244,1
pos_882,0.533333,0.0,0.066667,0.066667,0.333333,1
pos_883,0.066667,0.2,0.333333,0.066667,0.333333,1
pos_884,0.428571,0.2,0.028571,0.142857,0.2,1
pos_885,0.5,0.0,0.0,0.0625,0.4375,1
pos_886,0.15,0.15,0.2,0.25,0.25,1
pos_887,0.4,0.2,0.05,0.1,0.25,1
pos_888,0.416667,0.333333,0.083333,0.083333,0.083333,1
pos_889,0.5,0.083333,0.0,0.0,0.416667,1
pos_890,0.272727,0.227273,0.181818,0.181818,0.136364,1
pos_891,0.533333,0.066667,0.066667,0.066667,0.266667,1
pos_892,0.368421,0.105263,0.105263,0.157895,0.263158,1
pos_893,0.466667,0.133333,0.066667,0.133333,0.2,1
pos_894,0.733333,0.0,0.066667,0.066667,0.133333,1
pos_895,0.3,0.0,0.1,0.15,0.45,1
pos_896,0.5,0.15,0.15,0.0,0.2,1
pos_897,0.55,0.0,0.15,0.0,0.3,1
pos_898,0.5625,0.0625,0.125,0.0625,0.1875,1
pos_899,0.333333,0.066667,0.2,0.2,0.2,1
pos_900,0.5,0.1,0.1,0.2,0.1,1
pos_901,0.363636,0.181818,0.090909,0.090909,0.272727,1
pos_902,0.533333,0.133333,0.066667,0.066667,0.2,1
pos_903,0.4,0.066667,0.2,0.066667,0.266667,1
pos_904,0.466667,0.066667,0.133333,0.133333,0.2,1
pos_905,0.266667,0.2,0.133333,0.2,0.2,1
pos_906,0.533333,0.133333,0.2,0.133333,0.0,1
pos_907,0.3,0.0,0.15,0.15,0.4,1
pos_908,0.307692,0.076923,0.307692,0.153846,0.153846,1
pos_909,0.2,0.0,0.266667,0.133333,0.4,1
pos_910,0.583333,0.0,0.166667,0.0,0.25,1
pos_911,0.583333,0.083333,0.083333,0.083333,0.166667,1
pos_912,0.533333,0.0,0.133333,0.0,0.333333,1
pos_913,0.533333,0.133333,0.2,0.0,0.133333,1
pos_914,0.266667,0.333333,0.0,0.2,0.2,1
pos_915,0.55,0.05,0.1,0.0,0.3,1
pos_916,0.533333,0.0,0.066667,0.066667,0.333333,1
pos_917,0.15,0.1,0.2,0.25,0.3,1
pos_918,0.307692,0.0,0.038462,0.153846,0.5,1
pos_919,0.4,0.066667,0.133333,0.2,0.2,1
pos_920,0.4,0.1,0.1,0.15,0.25,1
pos_921,0.5,0.090909,0.136364,0.0,0.272727,1
pos_922,0.266667,0.066667,0.133333,0.133333,0.4,1
pos_923,0.363636,0.151515,0.181818,0.181818,0.121212,1
pos_924,0.6,0.2,0.0,0.0,0.2,1
pos_925,0.4,0.15,0.05,0.15,0.25,1
pos_926,0.6,0.066667,0.066667,0.066667,0.2,1
pos_927,0.344828,0.172414,0.137931,0.206897,0.137931,1
pos_928,0.454545,0.136364,0.136364,0.090909,0.181818,1
pos_929,0.45,0.0,0.05,0.05,0.45,1
pos_930,0.222222,0.166667,0.222222,0.111111,0.277778,1
pos_931,0.4,0.066667,0.133333,0.0,0.4,1
pos_932,0.388889,0.0,0.277778,0.222222,0.111111,1
pos_933,0.25,0.2,0.15,0.0,0.4,1
pos_934,0.315789,0.315789,0.157895,0.052632,0.157895,1
pos_935,0.666667,0.0,0.066667,0.133333,0.133333,1
pos_936,0.333333,0.066667,0.0,0.266667,0.333333,1
pos_937,0.466667,0.266667,0.066667,0.0,0.2,1
pos_938,0.4,0.133333,0.133333,0.2,0.133333,1
pos_939,0.473684,0.0,0.052632,0.0,0.473684,1
pos_940,0.533333,0.066667,0.2,0.0,0.2,1
pos_941,0.466667,0.0,0.133333,0.133333,0.266667,1
pos_942,0.277778,0.111111,0.222222,0.222222,0.166667,1
pos_943,0.636364,0.090909,0.0,0.0,0.272727,1
pos_944,0.4375,0.0,0.0625,0.0625,0.4375,1
pos_945,0.533333,0.066667,0.0,0.133333,0.266667,1
pos_946,0.25,0.05,0.25,0.25,0.2,1
pos_947,0.571429,0.071429,0.0,0.071429,0.285714,1
pos_948,0.428571,0.071429,0.071429,0.285714,0.142857,1
pos_949,0.4375,0.0625,0.1875,0.125,0.1875,1
pos_950,0.133333,0.066667,0.2,0.066667,0.533333,1
pos_951,0.8,0.0,0.0,0.0,0.2,1
pos_952,0.266667,0.133333,0.333333,0.066667,0.2,1
pos_953,0.15,0.2,0.25,0.25,0.15,1
pos_954,0.25,0.0,0.0,0.2,0.55,1
pos_955,0.25,0.0,0.25,0.083333,0.416667,1
pos_956,0.583333,0.0,0.083333,0.0,0.333333,1
pos_957,0.333333,0.133333,0.133333,0.2,0.2,1
pos_958,0.266667,0.2,0.0,0.133333,0.4,1
pos_959,0.266667,0.2,0.066667,0.133333,0.333333,1
pos_960,0.533333,0.066667,0.2,0.133333,0.066667,1
pos_961,0.681818,0.045455,0.090909,0.0,0.181818,1
pos_962,0.466667,0.066667,0.2,0.0,0.266667,1
pos_963,0.466667,0.266667,0.066667,0.066667,0.133333,1
pos_964,0.35,0.1,0.05,0.3,0.2,1
pos_965,0.444444,0.0,0.111111,0.0,0.444444,1
pos_966,0.266667,0.0,0.0,0.066667,0.666667,1
pos_967,0.466667,0.066667,0.066667,0.133333,0.266667,1
pos_968,0.368421,0.157895,0.157895,0.105263,0.210526,1
pos_969,0.533333,0.133333,0.0,0.066667,0.266667,1
pos_970,0.24,0.0,0.4,0.04,0.32,1
pos_971,0.6,0.066667,0.066667,0.133333,0.133333,1
pos_972,0.25,0.2,0.05,0.05,0.45,1
pos_973,0.4,0.0,0.0,0.066667,0.533333,1
neg_0,0.466667,0.0,0.2,0.066667,0.266667,0
neg_1,0.4,0.0,0.266667,0.133333,0.2,0
neg_2,0.6,0.133333,0.0,0.0,0.266667,0
neg_3,0.5,0.05,0.15,0.1,0.2,0
neg_4,0.333333,0.133333,0.2,0.133333,0.2,0
neg_5,0.2,0.2,0.066667,0.133333,0.4,0
neg_6,0.333333,0.133333,0.133333,0.133333,0.266667,0
neg_7,0.2,0.266667,0.133333,0.066667,0.333333,0
neg_8,0.333333,0.066667,0.066667,0.066667,0.466667,0
neg_9,0.4,0.0,0.0,0.266667,0.333333,0
neg_10,0.333333,0.2,0.066667,0.133333,0.266667,0
neg_11,0.55,0.1,0.1,0.0,0.25,0
neg_12,0.133333,0.4,0.066667,0.0,0.4,0
neg_13,0.4,0.066667,0.2,0.066667,0.266667,0
neg_14,0.333333,0.066667,0.0,0.133333,0.466667,0
neg_15,0.4,0.0,0.2,0.2,0.2,0
neg_16,0.333333,0.0,0.0,0.066667,0.6,0
neg_17,0.4,0.066667,0.133333,0.266667,0.133333,0
neg_18,0.4,0.0,0.066667,0.066667,0.466667,0
neg_19,0.666667,0.0,0.066667,0.133333,0.133333,0
neg_20,0.6,0.0,0.133333,0.133333,0.133333,0
neg_21,0.466667,0.133333,0.133333,0.2,0.066667,0
neg_22,0.466667,0.133333,0.2,0.133333,0.066667,0
neg_23,0.266667,0.133333,0.133333,0.266667,0.2,0
neg_24,0.133333,0.133333,0.266667,0.066667,0.4,0
neg_25,0.4,0.0,0.15,0.3,0.15,0
neg_26,0.333333,0.066667,0.2,0.133333,0.266667,0
neg_27,0.466667,0.0,0.133333,0.133333,0.266667,0
neg_28,0.4,0.2,0.066667,0.133333,0.2,0
neg_29,0.733333,0.0,0.0,0.0,0.266667,0
neg_30,0.333333,0.066667,0.0,0.0,0.6,0
neg_31,0.333333,0.066667,0.066667,0.133333,0.4,0
neg_32,0.4,0.066667,0.0,0.2,0.333333,0
neg_33,0.333333,0.0,0.133333,0.466667,0.066667,0
neg_34,0.266667,0.2,0.133333,0.0,0.4,0
neg_35,0.133333,0.266667,0.133333,0.2,0.266667,0
neg_36,0.466667,0.066667,0.266667,0.066667,0.133333,0
neg_37,0.2,0.2,0.2,0.133333,0.266667,0
neg_38,0.333333,0.2,0.133333,0.133333,0.2,0
neg_39,0.333333,0.2,0.133333,0.066667,0.266667,0
neg_40,0.466667,0.066667,0.066667,0.133333,0.266667,0
neg_41,0.333333,0.133333,0.066667,0.266667,0.2,0
neg_42,0.4,0.133333,0.066667,0.2,0.2,0
neg_43,0.4,0.0,0.266667,0.0,0.333333,0
neg_44,0.733333,0.066667,0.0,0.066667,0.133333,0
neg_45,0.3,0.1,0.15,0.1,0.35,0
neg_46,0.333333,0.0,0.266667,0.0,0.4,0
neg_47,0.388889,0.055556,0.111111,0.111111,0.333333,0
neg_48,0.0,0.133333,0.133333,0.066667,0.666667,0
neg_49,0.266667,0.066667,0.133333,0.066667,0.466667,0
neg_50,0.333333,0.066667,0.2,0.066667,0.333333,0
neg_51,0.333333,0.133333,0.066667,0.4,0.066667,0
neg_52,0.733333,0.066667,0.066667,0.0,0.133333,0
neg_53,0.733333,0.133333,0.0,0.0,0.133333,0
neg_54,0.333333,0.2,0.2,0.133333,0.133333,0
neg_55,0.333333,0.066667,0.133333,0.066667,0.4,0
neg_56,0.266667,0.0,0.266667,0.0,0.466667,0
neg_57,0.4,0.066667,0.266667,0.0,0.266667,0
neg_58,0.157895,0.052632,0.157895,0.052632,0.578947,0
neg_59,0.25,0.05,0.1,0.2,0.4,0
neg_60,0.666667,0.066667,0.066667,0.0,0.2,0
neg_61,0.466667,0.2,0.066667,0.066667,0.2,0
neg_62,0.4,0.0,0.266667,0.266667,0.066667,0
neg_63,0.266667,0.066667,0.133333,0.066667,0.466667,0
neg_64,0.533333,0.066667,0.133333,0.133333,0.133333,0
neg_65,0.266667,0.133333,0.2,0.066667,0.333333,0
neg_66,0.4,0.066667,0.2,0.133333,0.2,0
neg_67,0.466667,0.0,0.133333,0.066667,0.333333,0
neg_68,0.15,0.2,0.1,0.15,0.4,0
neg_69,0.2,0.333333,0.266667,0.0,0.2,0
neg_70,0.4,0.066667,0.066667,0.0,0.466667,0
neg_71,0.555556,0.111111,0.166667,0.0,0.166667,0
neg_72,0.333333,0.066667,0.2,0.066667,0.333333,0
neg_73,0.4,0.066667,0.2,0.066667,0.266667,0
neg_74,0.333333,0.0,0.133333,0.133333,0.4,0
neg_75,0.4,0.066667,0.2,0.133333,0.2,0
neg_76,0.333333,0.0,0.0,0.133333,0.533333,0
neg_77,0.4,0.133333,0.066667,0.133333,0.266667,0
neg_78,0.230769,0.0,0.153846,0.0,0.615385,0
neg_79,0.266667,0.2,0.133333,0.133333,0.266667,0
neg_80,0.266667,0.0,0.066667,0.066667,0.6,0
neg_81,0.266667,0.133333,0.133333,0.066667,0.4,0
neg_82,0.266667,0.0,0.2,0.2,0.333333,0
neg_83,0.4,0.266667,0.266667,0.0,0.066667,0
neg_84,0.4,0.066667,0.066667,0.066667,0.4,0
neg_85,0.333333,0.0,0.066667,0.2,0.4,0
neg_86,0.466667,0.066667,0.066667,0.133333,0.266667,0
neg_87,0.333333,0.2,0.066667,0.0,0.4,0
neg_88,0.466667,0.0,0.066667,0.066667,0.4,0
neg_89,0.4,0.133333,0.133333,0.133333,0.2,0
neg_90,0.4,0.2,0.133333,0.066667,0.2,0
neg_91,0.266667,0.133333,0.333333,0.0,0.266667,0
neg_92,0.266667,0.0,0.133333,0.0,0.6,0
neg_93,0.266667,0.0,0.066667,0.133333,0.533333,0
neg_94,0.4,0.0,0.333333,0.2,0.066667,0
neg_95,0.133333,0.133333,0.266667,0.066667,0.4,0
neg_96,0.666667,0.066667,0.066667,0.0,0.2,0
neg_97,0.333333,0.2,0.066667,0.066667,0.333333,0
neg_98,0.266667,0.133333,0.133333,0.133333,0.333333,0
neg_99,0.45,0.1,0.05,0.05,0.35,0
neg_100,0.4,0.066667,0.066667,0.266667,0.2,0
neg_101,0.444444,0.277778,0.0,0.0,0.277778,0
neg_102,0.4,0.2,0.066667,0.066667,0.266667,0
neg_103,0.133333,0.133333,0.0,0.133333,0.6,0
neg_104,0.222222,0.111111,0.0,0.166667,0.5,0
neg_105,0.466667,0.2,0.066667,0.066667,0.2,0
neg_106,0.4,0.15,0.1,0.05,0.3,0
neg_107,0.2,0.133333,0.066667,0.2,0.4,0
neg_108,0.466667,0.133333,0.0,0.066667,0.333333,0
neg_109,0.4,0.0,0.0,0.133333,0.466667,0
neg_110,0.533333,0.0,0.066667,0.066667,0.333333,0
neg_111,0.619048,0.047619,0.095238,0.047619,0.190476,0
neg_112,0.3,0.05,0.15,0.15,0.35,0
neg_113,0.333333,0.2,0.133333,0.066667,0.266667,0
neg_114,0.333333,0.2,0.0,0.266667,0.2,0
neg_115,0.4,0.066667,0.333333,0.066667,0.133333,0
neg_116,0.466667,0.133333,0.066667,0.2,0.133333,0
neg_117,0.333333,0.066667,0.266667,0.066667,0.266667,0
neg_118,0.6,0.2,0.0,0.133333,0.066667,0
neg_119,0.533333,0.066667,0.066667,0.066667,0.266667,0
neg_120,0.333333,0.2,0.066667,0.133333,0.266667,0
neg_121,0.4,0.0,0.133333,0.4,0.066667,0
neg_122,0.533333,0.066667,0.066667,0.066667,0.266667,0
neg_123,0.266667,0.066667,0.133333,0.0,0.533333,0
neg_124,0.6,0.066667,0.066667,0.0,0.266667,0
neg_125,0.6,0.0,0.133333,0.066667,0.2,0
neg_126,0.466667,0.0,0.133333,0.0,0.4,0
neg_127,0.333333,0.133333,0.2,0.333333,0.0,0
neg_128,0.35,0.05,0.3,0.15,0.15,0
neg_129,0.733333,0.0,0.0,0.0,0.266667,0
neg_130,0.4,0.266667,0.066667,0.066667,0.2,0
neg_131,0.6,0.066667,0.0,0.133333,0.2,0
neg_132,0.4,0.2,0.066667,0.0,0.333333,0
neg_133,0.157895,0.052632,0.0,0.105263,0.684211,0
neg_134,0.466667,0.0,0.133333,0.0,0.4,0
neg_135,0.466667,0.2,0.066667,0.133333,0.133333,0
neg_136,0.466667,0.133333,0.066667,0.2,0.133333,0
neg_137,0.4,0.066667,0.133333,0.066667,0.333333,0
neg_138,0.266667,0.133333,0.266667,0.133333,0.2,0
neg_139,0.533333,0.066667,0.066667,0.133333,0.2,0
neg_140,0.6,0.0,0.133333,0.0,0.266667,0
neg_141,0.266667,0.066667,0.133333,0.133333,0.4,0
neg_142,0.266667,0.133333,0.133333,0.066667,0.4,0
neg_143,0.533333,0.133333,0.066667,0.133333,0.133333,0
neg_144,0.333333,0.0,0.166667,0.055556,0.444444,0
neg_145,0.066667,0.0,0.333333,0.133333,0.466667,0
neg_146,0.266667,0.133333,0.133333,0.066667,0.4,0
neg_147,0.333333,0.133333,0.066667,0.2,0.266667,0
neg_148,0.15,0.1,0.0,0.1,0.65,0
neg_149,0.2,0.066667,0.2,0.066667,0.466667,0
neg_150,0.3,0.15,0.15,0.15,0.25,0
neg_151,0.466667,0.0,0.066667,0.133333,0.333333,0
neg_152,0.45,0.05,0.2,0.0,0.3,0
neg_153,0.533333,0.066667,0.066667,0.066667,0.266667,0
neg_154,0.2,0.2,0.133333,0.066667,0.4,0
neg_155,0.333333,0.066667,0.2,0.133333,0.266667,0
neg_156,0.266667,0.266667,0.133333,0.0,0.333333,0
neg_157,0.466667,0.066667,0.066667,0.133333,0.266667,0
neg_158,0.4,0.133333,0.066667,0.133333,0.266667,0
neg_159,0.133333,0.466667,0.066667,0.066667,0.266667,0
neg_160,0.1,0.1,0.2,0.15,0.45,0
neg_161,0.4,0.0,0.4,0.133333,0.066667,0
neg_162,0.4,0.066667,0.266667,0.066667,0.2,0
neg_163,0.466667,0.066667,0.066667,0.133333,0.266667,0
neg_164,0.266667,0.2,0.066667,0.2,0.266667,0
neg_165,0.466667,0.0,0.066667,0.133333,0.333333,0
neg_166,0.4,0.2,0.133333,0.066667,0.2,0
neg_167,0.266667,0.2,0.133333,0.133333,0.266667,0
neg_168,0.45,0.05,0.15,0.15,0.2,0
neg_169,0.266667,0.133333,0.2,0.133333,0.266667,0
neg_170,0.333333,0.266667,0.133333,0.0,0.266667,0
neg_171,0.333333,0.133333,0.2,0.2,0.133333,0
neg_172,0.533333,0.133333,0.0,0.066667,0.266667,0
neg_173,0.210526,0.157895,0.0,0.105263,0.526316,0
neg_174,0.333333,0.0,0.2,0.066667,0.4,0
neg_175,0.133333,0.133333,0.2,0.133333,0.4,0
neg_176,0.266667,0.066667,0.2,0.2,0.266667,0
neg_177,0.333333,0.133333,0.133333,0.133333,0.266667,0
neg_178,0.2,0.266667,0.2,0.133333,0.2,0
neg_179,0.266667,0.133333,0.2,0.0,0.4,0
neg_180,0.5,0.0,0.05,0.1,0.35,0
neg_181,0.466667,0.266667,0.2,0.066667,0.0,0
neg_182,0.333333,0.133333,0.2,0.2,0.133333,0
neg_183,0.6,0.066667,0.133333,0.0,0.2,0
neg_184,0.4,0.066667,0.2,0.066667,0.266667,0
neg_185,0.533333,0.066667,0.133333,0.133333,0.133333,0
neg_186,0.333333,0.133333,0.0,0.066667,0.466667,0
neg_187,0.333333,0.133333,0.066667,0.133333,0.333333,0
neg_188,0.333333,0.133333,0.066667,0.066667,0.4,0
neg_189,0.4,0.0,0.0,0.2,0.4,0
neg_190,0.4,0.133333,0.2,0.066667,0.2,0
neg_191,0.133333,0.2,0.066667,0.066667,0.533333,0
neg_192,0.466667,0.0,0.2,0.2,0.133333,0
neg_193,0.333333,0.111111,0.111111,0.055556,0.388889,0
neg_194,0.214286,0.0,0.285714,0.071429,0.428571,0
neg_195,0.266667,0.066667,0.266667,0.133333,0.266667,0
neg_196,0.2,0.466667,0.066667,0.066667,0.2,0
neg_197,0.333333,0.333333,0.133333,0.066667,0.133333,0
neg_198,0.466667,0.066667,0.133333,0.2,0.133333,0
neg_199,0.6,0.066667,0.133333,0.133333,0.066667,0
neg_200,0.4,0.066667,0.2,0.133333,0.2,0
neg_201,0.4,0.066667,0.266667,0.066667,0.2,0
neg_202,0.4,0.066667,0.266667,0.066667,0.2,0
neg_203,0.533333,0.066667,0.0,0.2,0.2,0
neg_204,0.466667,0.0,0.066667,0.0,0.466667,0
neg_205,0.333333,0.0,0.333333,0.066667,0.266667,0
neg_206,0.266667,0.133333,0.2,0.066667,0.333333,0
neg_207,0.2,0.133333,0.0,0.066667,0.6,0
neg_208,0.666667,0.133333,0.066667,0.0,0.133333,0
neg_209,0.4,0.2,0.133333,0.066667,0.2,0
neg_210,0.533333,0.066667,0.2,0.133333,0.066667,0
neg_211,0.4,0.066667,0.2,0.266667,0.066667,0
neg_212,0.55,0.0,0.0,0.15,0.3,0
neg_213,0.533333,0.066667,0.133333,0.066667,0.2,0
neg_214,0.2,0.133333,0.133333,0.2,0.333333,0
neg_215,0.055556,0.0,0.111111,0.0,0.833333,0
neg_216,0.333333,0.133333,0.133333,0.266667,0.133333,0
neg_217,0.7,0.025,0.125,0.025,0.125,0
neg_218,0.333333,0.066667,0.2,0.133333,0.266667,0
neg_219,0.35,0.15,0.05,0.0,0.45,0
neg_220,0.333333,0.2,0.2,0.066667,0.2,0
neg_221,0.2,0.2,0.133333,0.133333,0.333333,0
neg_222,0.315789,0.0,0.0,0.105263,0.578947,0
neg_223,0.266667,0.2,0.2,0.133333,0.2,0
neg_224,0.533333,0.066667,0.066667,0.2,0.133333,0
neg_225,0.555556,0.0,0.0,0.111111,0.333333,0
neg_226,0.133333,0.2,0.266667,0.133333,0.266667,0
neg_227,0.4,0.133333,0.266667,0.066667,0.133333,0
neg_228,0.266667,0.2,0.2,0.133333,0.2,0
neg_229,0.266667,0.266667,0.0,0.066667,0.4,0
neg_230,0.6,0.0,0.133333,0.0,0.266667,0
neg_231,0.6,0.0,0.0,0.066667,0.333333,0
neg_232,0.466667,0.066667,0.133333,0.2,0.133333,0
neg_233,0.4,0.066667,0.2,0.2,0.133333,0
neg_234,0.277778,0.111111,0.0,0.055556,0.555556,0
neg_235,0.466667,0.066667,0.066667,0.066667,0.333333,0
neg_236,0.6,0.066667,0.066667,0.133333,0.133333,0
neg_237,0.266667,0.066667,0.266667,0.133333,0.266667,0
neg_238,0.333333,0.0,0.2,0.333333,0.133333,0
neg_239,0.266667,0.066667,0.266667,0.066667,0.333333,0
neg_240,0.2,0.1,0.0,0.1,0.6,0
neg_241,0.4,0.133333,0.133333,0.133333,0.2,0
neg_242,0.466667,0.066667,0.0,0.066667,0.4,0
neg_243,0.2,0.2,0.066667,0.133333,0.4,0
neg_244,0.190476,0.095238,0.095238,0.047619,0.571429,0
neg_245,0.4,0.0,0.2,0.2,0.2,0
neg_246,0.733333,0.133333,0.0,0.0,0.133333,0
neg_247,0.2,0.066667,0.066667,0.133333,0.533333,0
neg_248,0.466667,0.133333,0.0,0.066667,0.333333,0
neg_249,0.6,0.066667,0.0,0.266667,0.066667,0
neg_250,0.266667,0.2,0.133333,0.066667,0.333333,0
neg_251,0.466667,0.0,0.2,0.133333,0.2,0
neg_252,0.466667,0.133333,0.2,0.0,0.2,0
neg_253,0.6,0.066667,0.0,0.0,0.333333,0
neg_254,0.333333,0.2,0.0,0.2,0.266667,0
neg_255,0.466667,0.066667,0.133333,0.133333,0.2,0
neg_256,0.466667,0.066667,0.266667,0.066667,0.133333,0
neg_257,0.3,0.0,0.05,0.15,0.5,0
neg_258,0.266667,0.066667,0.066667,0.066667,0.533333,0
neg_259,0.315789,0.052632,0.0,0.105263,0.526316,0
neg_260,0.333333,0.2,0.066667,0.066667,0.333333,0
neg_261,0.266667,0.133333,0.133333,0.066667,0.4,0
neg_262,0.4,0.066667,0.266667,0.066667,0.2,0
neg_263,0.333333,0.066667,0.0,0.133333,0.466667,0
neg_264,0.266667,0.133333,0.2,0.133333,0.266667,0
neg_265,0.266667,0.133333,0.133333,0.066667,0.4,0
neg_266,0.35,0.15,0.2,0.2,0.1,0
neg_267,0.4,0.066667,0.133333,0.0,0.4,0
neg_268,0.466667,0.0,0.266667,0.066667,0.2,0
neg_269,0.533333,0.2,0.133333,0.0,0.133333,0
neg_270,0.277778,0.166667,0.055556,0.055556,0.444444,0
neg_271,0.533333,0.066667,0.066667,0.066667,0.266667,0
neg_272,0.6,0.0,0.2,0.066667,0.133333,0
neg_273,0.4,0.2,0.066667,0.2,0.133333,0
neg_274,0.466667,0.0,0.066667,0.066667,0.4,0
neg_275,0.4,0.133333,0.133333,0.0,0.333333,0
neg_276,0.333333,0.0,0.4,0.066667,0.2,0
neg_277,0.466667,0.0,0.066667,0.133333,0.333333,0
neg_278,0.315789,0.105263,0.0,0.0,0.578947,0
neg_279,0.333333,0.066667,0.266667,0.0,0.333333,0
neg_280,0.4,0.266667,0.066667,0.066667,0.2,0
neg_281,0.235294,0.0,0.176471,0.470588,0.117647,0
neg_282,0.3,0.15,0.05,0.1,0.4,0
neg_283,0.266667,0.133333,0.2,0.2,0.2,0
neg_284,0.333333,0.0,0.2,0.2,0.266667,0
neg_285,0.4,0.066667,0.0,0.0,0.533333,0
neg_286,0.4,0.066667,0.2,0.066667,0.266667,0
neg_287,0.2,0.2,0.266667,0.066667,0.266667,0
neg_288,0.266667,0.333333,0.2,0.066667,0.133333,0
neg_289,0.4,0.066667,0.2,0.066667,0.266667,0
neg_290,0.333333,0.133333,0.133333,0.133333,0.266667,0
neg_291,0.2,0.066667,0.066667,0.133333,0.533333,0
neg_292,0.333333,0.066667,0.066667,0.133333,0.4,0
neg_293,0.388889,0.111111,0.166667,0.111111,0.222222,0
neg_294,0.333333,0.133333,0.133333,0.066667,0.333333,0
neg_295,0.3,0.1,0.05,0.2,0.35,0
neg_296,0.4,0.066667,0.333333,0.0,0.2,0
neg_297,0.333333,0.266667,0.066667,0.0,0.333333,0
neg_298,0.466667,0.066667,0.266667,0.0,0.2,0
neg_299,0.466667,0.133333,0.066667,0.133333,0.2,0
neg_300,0.266667,0.066667,0.333333,0.066667,0.266667,0
neg_301,0.466667,0.0,0.2,0.133333,0.2,0
neg_302,0.466667,0.066667,0.0,0.133333,0.333333,0
neg_303,0.4,0.0,0.133333,0.133333,0.333333,0
neg_304,0.666667,0.0,0.266667,0.0,0.066667,0
neg_305,0.4,0.0,0.133333,0.0,0.466667,0
neg_306,0.4,0.133333,0.066667,0.2,0.2,0
neg_307,0.4,0.2,0.066667,0.066667,0.266667,0
neg_308,0.470588,0.235294,0.0,0.117647,0.176471,0
neg_309,0.533333,0.066667,0.133333,0.0,0.266667,0
neg_310,0.533333,0.066667,0.2,0.066667,0.133333,0
neg_311,0.533333,0.0,0.066667,0.066667,0.333333,0
neg_312,0.4,0.066667,0.133333,0.133333,0.266667,0
neg_313,0.4,0.0,0.266667,0.2,0.133333,0
neg_314,0.266667,0.133333,0.0,0.266667,0.333333,0
neg_315,0.333333,0.133333,0.066667,0.0,0.466667,0
neg_316,0.4,0.133333,0.333333,0.0,0.133333,0
neg_317,0.466667,0.066667,0.066667,0.066667,0.333333,0
neg_318,0.333333,0.066667,0.066667,0.133333,0.4,0
neg_319,0.466667,0.0,0.266667,0.133333,0.133333,0
neg_320,0.533333,0.2,0.0,0.066667,0.2,0
neg_321,0.4,0.0,0.1,0.1,0.4,0
neg_322,0.333333,0.133333,0.066667,0.0,0.466667,0
neg_323,0.190476,0.047619,0.095238,0.142857,0.52381,0
neg_324,0.533333,0.0,0.133333,0.0,0.333333,0
neg_325,0.6,0.0,0.133333,0.133333,0.133333,0
neg_326,0.2,0.2,0.2,0.0,0.4,0
neg_327,0.4,0.0,0.066667,0.266667,0.266667,0
neg_328,0.333333,0.066667,0.2,0.066667,0.333333,0
neg_329,0.2,0.2,0.266667,0.133333,0.2,0
neg_330,0.533333,0.066667,0.133333,0.133333,0.133333,0
neg_331,0.466667,0.0,0.066667,0.266667,0.2,0
neg_332,0.333333,0.2,0.066667,0.2,0.2,0
neg_333,0.266667,0.266667,0.133333,0.066667,0.266667,0
neg_334,0.466667,0.133333,0.2,0.133333,0.066667,0
neg_335,0.333333,0.266667,0.2,0.0,0.2,0
neg_336,0.4,0.066667,0.2,0.0,0.333333,0
neg_337,0.333333,0.266667,0.066667,0.0,0.333333,0
neg_338,0.333333,0.2,0.2,0.2,0.066667,0
neg_339,0.533333,0.133333,0.066667,0.0,0.266667,0
neg_340,0.34375,0.0,0.3125,0.03125,0.3125,0
neg_341,0.466667,0.066667,0.2,0.133333,0.133333,0
neg_342,0.4,0.066667,0.266667,0.2,0.066667,0
neg_343,0.2,0.2,0.2,0.133333,0.266667,0
neg_344,0.333333,0.133333,0.066667,0.066667,0.4,0
neg_345,0.466667,0.0,0.2,0.2,0.133333,0
neg_346,0.333333,0.0,0.133333,0.2,0.333333,0
neg_347,0.333333,0.133333,0.133333,0.2,0.2,0
neg_348,0.133333,0.333333,0.0,0.066667,0.466667,0
neg_349,0.333333,0.066667,0.133333,0.066667,0.4,0
neg_350,0.466667,0.066667,0.133333,0.2,0.133333,0
neg_351,0.266667,0.066667,0.0,0.2,0.466667,0
neg_352,0.6,0.066667,0.2,0.0,0.133333,0
neg_353,0.6,0.133333,0.066667,0.0,0.2,0
neg_354,0.466667,0.133333,0.066667,0.0,0.333333,0
neg_355,0.333333,0.066667,0.133333,0.0,0.466667,0
neg_356,0.0,0.0,0.35,0.25,0.4,0
neg_357,0.4,0.133333,0.133333,0.0,0.333333,0
neg_358,0.2,0.133333,0.2,0.066667,0.4,0
neg_359,0.466667,0.133333,0.066667,0.0,0.333333,0
neg_360,0.4,0.133333,0.133333,0.0,0.333333,0
neg_361,0.6,0.133333,0.0,0.066667,0.2,0
neg_362,0.333333,0.2,0.133333,0.066667,0.266667,0
neg_363,0.2,0.0,0.6,0.0,0.2,0
neg_364,0.2,0.0,0.2,0.133333,0.466667,0
neg_365,0.266667,0.2,0.133333,0.2,0.2,0
neg_366,0.473684,0.105263,0.210526,0.052632,0.157895,0
neg_367,0.4,0.0,0.066667,0.133333,0.4,0
neg_368,0.266667,0.133333,0.133333,0.066667,0.4,0
neg_369,0.266667,0.2,0.133333,0.266667,0.133333,0
neg_370,0.3,0.05,0.0,0.15,0.5,0
neg_371,0.466667,0.333333,0.066667,0.066667,0.066667,0
neg_372,0.266667,0.2,0.0,0.0,0.533333,0
neg_373,0.266667,0.066667,0.266667,0.0,0.4,0
neg_374,0.266667,0.066667,0.066667,0.066667,0.533333,0
neg_375,0.105263,0.105263,0.0,0.105263,0.684211,0
neg_376,0.533333,0.0,0.2,0.133333,0.133333,0
neg_377,0.466667,0.133333,0.066667,0.133333,0.2,0
neg_378,0.6,0.0,0.066667,0.0,0.333333,0
neg_379,0.2,0.0,0.333333,0.0,0.466667,0
neg_380,0.6,0.066667,0.066667,0.2,0.066667,0
neg_381,0.466667,0.066667,0.2,0.0,0.266667,0
neg_382,0.533333,0.0,0.066667,0.2,0.2,0
neg_383,0.466667,0.066667,0.133333,0.066667,0.266667,0
neg_384,0.533333,0.0,0.133333,0.2,0.133333,0
neg_385,0.4,0.2,0.2,0.0,0.2,0
neg_386,0.4,0.066667,0.133333,0.2,0.2,0
neg_387,0.0,0.0,0.071429,0.0,0.928571,0
neg_388,0.333333,0.066667,0.0,0.066667,0.533333,0
neg_389,0.533333,0.066667,0.0,0.133333,0.266667,0
neg_390,0.266667,0.133333,0.066667,0.0,0.533333,0
neg_391,0.315789,0.0,0.157895,0.052632,0.473684,0
neg_392,0.666667,0.066667,0.066667,0.0,0.2,0
neg_393,0.533333,0.0,0.0,0.0,0.466667,0
neg_394,0.333333,0.0,0.133333,0.0,0.533333,0
neg_395,0.333333,0.133333,0.133333,0.0,0.4,0
neg_396,0.266667,0.2,0.266667,0.0,0.266667,0
neg_397,0.4,0.0,0.266667,0.0,0.333333,0
neg_398,0.266667,0.0,0.133333,0.4,0.2,0
neg_399,0.6,0.0,0.066667,0.266667,0.066667,0
neg_400,0.35,0.1,0.2,0.05,0.3,0
neg_401,0.133333,0.266667,0.266667,0.2,0.133333,0
neg_402,0.533333,0.0,0.2,0.066667,0.2,0
neg_403,0.466667,0.066667,0.133333,0.2,0.133333,0
neg_404,0.266667,0.133333,0.066667,0.333333,0.2,0
neg_405,0.4,0.066667,0.266667,0.0,0.266667,0
neg_406,0.538462,0.0,0.076923,0.076923,0.307692,0
neg_407,0.3,0.05,0.3,0.05,0.3,0
neg_408,0.380952,0.095238,0.0,0.047619,0.47619,0
neg_409,0.133333,0.066667,0.066667,0.066667,0.666667,0
neg_410,0.133333,0.266667,0.333333,0.2,0.066667,0
neg_411,0.266667,0.266667,0.2,0.133333,0.133333,0
neg_412,0.6,0.066667,0.066667,0.0,0.266667,0
neg_413,0.266667,0.2,0.133333,0.133333,0.266667,0
neg_414,0.4,0.066667,0.0,0.133333,0.4,0
neg_415,0.333333,0.066667,0.133333,0.066667,0.4,0
neg_416,0.333333,0.133333,0.2,0.2,0.133333,0
neg_417,0.466667,0.066667,0.2,0.066667,0.2,0
neg_418,0.6,0.0,0.133333,0.133333,0.133333,0
neg_419,0.4,0.066667,0.133333,0.133333,0.266667,0
neg_420,0.533333,0.2,0.066667,0.066667,0.133333,0
neg_421,0.333333,0.166667,0.222222,0.055556,0.222222,0
neg_422,0.333333,0.266667,0.066667,0.066667,0.266667,0
neg_423,0.533333,0.0,0.2,0.0,0.266667,0
neg_424,0.333333,0.066667,0.2,0.133333,0.266667,0
neg_425,0.466667,0.0,0.066667,0.266667,0.2,0
neg_426,0.266667,0.133333,0.066667,0.133333,0.4,0
neg_427,0.333333,0.0,0.333333,0.066667,0.266667,0
neg_428,0.266667,0.133333,0.266667,0.0,0.333333,0
neg_429,0.333333,0.2,0.066667,0.066667,0.333333,0
neg_430,0.733333,0.0,0.0,0.133333,0.133333,0
neg_431,0.466667,0.0,0.266667,0.266667,0.0,0
neg_432,0.266667,0.066667,0.133333,0.2,0.333333,0
neg_433,0.4,0.133333,0.133333,0.2,0.133333,0
neg_434,0.4,0.066667,0.266667,0.133333,0.133333,0
neg_435,0.466667,0.133333,0.333333,0.066667,0.0,0
neg_436,0.733333,0.133333,0.0,0.133333,0.0,0
neg_437,0.4,0.0,0.133333,0.066667,0.4,0
neg_438,0.466667,0.133333,0.133333,0.0,0.266667,0
neg_439,0.4,0.0,0.266667,0.066667,0.266667,0
neg_440,0.8,0.15,0.0,0.0,0.05,0
neg_441,0.266667,0.266667,0.266667,0.0,0.2,0
neg_442,0.533333,0.066667,0.133333,0.066667,0.2,0
neg_443,0.4,0.0,0.1,0.15,0.35,0
neg_444,0.333333,0.066667,0.2,0.0,0.4,0
neg_445,0.333333,0.2,0.133333,0.066667,0.266667,0
neg_446,0.2,0.2,0.133333,0.066667,0.4,0
neg_447,0.266667,0.133333,0.266667,0.2,0.133333,0
neg_448,0.35,0.25,0.1,0.0,0.3,0
neg_449,0.15,0.0,0.05,0.3,0.5,0
neg_450,0.333333,0.0,0.266667,0.266667,0.133333,0
neg_451,0.6,0.133333,0.066667,0.066667,0.133333,0
neg_452,0.2,0.0,0.333333,0.2,0.266667,0
neg_453,0.4,0.0,0.2,0.133333,0.266667,0
neg_454,0.533333,0.0,0.066667,0.133333,0.266667,0
neg_455,0.4,0.066667,0.066667,0.266667,0.2,0
neg_456,0.466667,0.2,0.133333,0.0,0.2,0
neg_457,0.333333,0.133333,0.133333,0.333333,0.066667,0
neg_458,0.333333,0.066667,0.133333,0.2,0.266667,0
neg_459,0.466667,0.066667,0.266667,0.0,0.2,0
neg_460,0.266667,0.066667,0.133333,0.2,0.333333,0
neg_461,0.333333,0.0,0.133333,0.133333,0.4,0
neg_462,0.2,0.133333,0.266667,0.066667,0.333333,0
neg_463,0.45,0.05,0.05,0.05,0.4,0
neg_464,0.533333,0.066667,0.2,0.133333,0.066667,0
neg_465,0.428571,0.071429,0.0,0.071429,0.428571,0
neg_466,0.333333,0.066667,0.2,0.066667,0.333333,0
neg_467,0.2,0.2,0.133333,0.2,0.266667,0
neg_468,0.533333,0.0,0.0,0.266667,0.2,0
neg_469,0.533333,0.066667,0.133333,0.066667,0.2,0
neg_470,0.466667,0.066667,0.133333,0.066667,0.266667,0
neg_471,0.266667,0.133333,0.133333,0.066667,0.4,0
neg_472,0.333333,0.133333,0.2,0.2,0.133333,0
neg_473,0.533333,0.0,0.2,0.133333,0.133333,0
neg_474,0.466667,0.066667,0.066667,0.2,0.2,0
neg_475,0.6,0.066667,0.066667,0.2,0.066667,0
neg_476,0.533333,0.0,0.066667,0.2,0.2,0
neg_477,0.466667,0.2,0.2,0.133333,0.0,0
neg_478,0.2,0.1,0.15,0.15,0.4,0
neg_479,0.4,0.133333,0.066667,0.133333,0.266667,0
neg_480,0.733333,0.0,0.2,0.0,0.066667,0
neg_481,0.466667,0.2,0.066667,0.0,0.266667,0
neg_482,0.533333,0.133333,0.066667,0.066667,0.2,0
neg_483,0.6,0.066667,0.133333,0.133333,0.066667,0
neg_484,0.2,0.2,0.333333,0.0,0.266667,0
neg_485,0.333333,0.133333,0.066667,0.066667,0.4,0
neg_486,0.466667,0.0,0.066667,0.133333,0.333333,0
neg_487,0.2,0.133333,0.133333,0.2,0.333333,0
neg_488,0.266667,0.0,0.066667,0.133333,0.533333,0
neg_489,0.466667,0.0,0.133333,0.2,0.2,0
neg_490,0.8,0.0,0.0,0.066667,0.133333,0
neg_491,0.2,0.133333,0.2,0.2,0.266667,0
neg_492,0.368421,0.0,0.105263,0.157895,0.368421,0
neg_493,0.6,0.0,0.066667,0.0,0.333333,0
neg_494,0.733333,0.133333,0.0,0.0,0.133333,0
neg_495,0.533333,0.066667,0.2,0.0,0.2,0
neg_496,0.466667,0.066667,0.0,0.133333,0.333333,0
neg_497,0.533333,0.0,0.133333,0.133333,0.2,0
neg_498,0.266667,0.133333,0.066667,0.0,0.533333,0
neg_499,0.466667,0.0,0.066667,0.133333,0.333333,0
neg_500,0.466667,0.066667,0.133333,0.0,0.333333,0
neg_501,0.4,0.0,0.133333,0.0,0.466667,0
neg_502,0.3,0.1,0.05,0.4,0.15,0
neg_503,0.266667,0.133333,0.2,0.2,0.2,0
neg_504,0.466667,0.2,0.066667,0.066667,0.2,0
neg_505,0.45,0.05,0.2,0.0,0.3,0
neg_506,0.4,0.066667,0.133333,0.066667,0.333333,0
neg_507,0.466667,0.066667,0.0,0.066667,0.4,0
neg_508,0.2,0.066667,0.133333,0.133333,0.466667,0
neg_509,0.6,0.066667,0.0,0.2,0.133333,0
neg_510,0.266667,0.2,0.133333,0.066667,0.333333,0
neg_511,0.4,0.2,0.133333,0.066667,0.2,0
neg_512,0.066667,0.2,0.2,0.0,0.533333,0
neg_513,0.533333,0.0,0.133333,0.0,0.333333,0
neg_514,0.333333,0.333333,0.0,0.0,0.333333,0
neg_515,0.4,0.2,0.066667,0.066667,0.266667,0
neg_516,0.333333,0.266667,0.0,0.0,0.4,0
neg_517,0.533333,0.066667,0.133333,0.0,0.266667,0
neg_518,0.266667,0.133333,0.0,0.066667,0.533333,0
neg_519,0.466667,0.0,0.133333,0.0,0.4,0
neg_520,0.333333,0.0,0.2,0.2,0.266667,0
neg_521,0.266667,0.0,0.2,0.4,0.133333,0
neg_522,0.266667,0.0,0.2,0.133333,0.4,0
neg_523,0.333333,0.066667,0.133333,0.2,0.266667,0
neg_524,0.6,0.066667,0.066667,0.066667,0.2,0
neg_525,0.4,0.0,0.133333,0.2,0.266667,0
neg_526,0.227273,0.090909,0.0,0.409091,0.272727,0
neg_527,0.333333,0.066667,0.0,0.066667,0.533333,0
neg_528,0.333333,0.0,0.2,0.333333,0.133333,0
neg_529,0.866667,0.133333,0.0,0.0,0.0,0
neg_530,0.333333,0.0,0.133333,0.266667,0.266667,0
neg_531,0.466667,0.066667,0.2,0.133333,0.133333,0
neg_532,0.666667,0.066667,0.133333,0.0,0.133333,0
neg_533,0.315789,0.0,0.157895,0.0,0.526316,0
neg_534,0.133333,0.266667,0.133333,0.133333,0.333333,0
neg_535,0.6,0.066667,0.2,0.066667,0.066667,0
neg_536,0.4,0.133333,0.266667,0.066667,0.133333,0
neg_537,0.533333,0.066667,0.0,0.133333,0.266667,0
neg_538,0.333333,0.066667,0.333333,0.066667,0.2,0
neg_539,0.666667,0.066667,0.066667,0.066667,0.133333,0
neg_540,0.333333,0.2,0.2,0.0,0.266667,0
neg_541,0.333333,0.133333,0.266667,0.2,0.066667,0
neg_542,0.2,0.0,0.0,0.066667,0.733333,0
neg_543,0.15,0.0,0.2,0.25,0.4,0
neg_544,0.266667,0.066667,0.2,0.2,0.266667,0
neg_545,0.8,0.0,0.0,0.0,0.2,0
neg_546,0.2,0.333333,0.2,0.0,0.266667,0
neg_547,0.333333,0.2,0.2,0.066667,0.2,0
neg_548,0.266667,0.066667,0.133333,0.133333,0.4,0
neg_549,0.2,0.133333,0.066667,0.133333,0.466667,0
neg_550,0.227273,0.136364,0.0,0.227273,0.409091,0
neg_551,0.333333,0.266667,0.066667,0.133333,0.2,0
neg_552,0.333333,0.0,0.133333,0.2,0.333333,0
neg_553,0.4,0.066667,0.066667,0.066667,0.4,0
neg_554,0.2,0.266667,0.133333,0.133333,0.266667,0
neg_555,0.266667,0.066667,0.133333,0.133333,0.4,0
neg_556,0.4,0.333333,0.0,0.2,0.066667,0
neg_557,0.466667,0.0,0.133333,0.0,0.4,0
neg_558,0.266667,0.2,0.2,0.2,0.133333,0
neg_559,0.4,0.0,0.066667,0.133333,0.4,0
neg_560,0.315789,0.052632,0.0,0.157895,0.473684,0
neg_561,0.266667,0.066667,0.2,0.2,0.266667,0
neg_562,0.066667,0.266667,0.066667,0.0,0.6,0
neg_563,0.4,0.05,0.15,0.0,0.4,0
neg_564,0.4,0.133333,0.333333,0.066667,0.066667,0
neg_565,0.6,0.0,0.266667,0.0,0.133333,0
neg_566,0.066667,0.266667,0.2,0.133333,0.333333,0
neg_567,0.466667,0.0,0.2,0.133333,0.2,0
neg_568,0.4,0.133333,0.2,0.133333,0.133333,0
neg_569,0.266667,0.2,0.133333,0.066667,0.333333,0
neg_570,0.466667,0.133333,0.0,0.133333,0.266667,0
neg_571,0.25,0.2,0.2,0.05,0.3,0
neg_572,0.333333,0.133333,0.2,0.066667,0.266667,0
neg_573,0.333333,0.066667,0.266667,0.266667,0.066667,0
neg_574,0.2,0.133333,0.066667,0.133333,0.466667,0
neg_575,0.333333,0.133333,0.2,0.2,0.133333,0
neg_576,0.4,0.2,0.0,0.0,0.4,0
neg_577,0.533333,0.066667,0.066667,0.066667,0.266667,0
neg_578,0.4,0.2,0.066667,0.066667,0.266667,0
neg_579,0.4,0.066667,0.2,0.0,0.333333,0
neg_580,0.333333,0.2,0.133333,0.066667,0.266667,0
neg_581,0.368421,0.105263,0.0,0.105263,0.421053,0
neg_582,0.266667,0.066667,0.133333,0.333333,0.2,0
neg_583,0.266667,0.066667,0.0,0.266667,0.4,0
neg_584,0.066667,0.2,0.2,0.2,0.333333,0
neg_585,0.4,0.066667,0.2,0.0,0.333333,0
neg_586,0.333333,0.066667,0.133333,0.2,0.266667,0
neg_587,0.3,0.1,0.05,0.1,0.45,0
neg_588,0.533333,0.066667,0.066667,0.2,0.133333,0
neg_589,0.466667,0.0,0.133333,0.066667,0.333333,0
neg_590,0.15,0.0,0.0,0.15,0.7,0
neg_591,0.533333,0.066667,0.066667,0.066667,0.266667,0
neg_592,0.466667,0.066667,0.066667,0.2,0.2,0
neg_593,0.15,0.0,0.15,0.3,0.4,0
neg_594,0.4,0.2,0.066667,0.0,0.333333,0
neg_595,0.333333,0.133333,0.133333,0.2,0.2,0
neg_596,0.266667,0.066667,0.066667,0.0,0.6,0
neg_597,0.533333,0.066667,0.066667,0.0,0.333333,0
neg_598,0.4,0.0,0.066667,0.066667,0.466667,0
neg_599,0.333333,0.133333,0.266667,0.0,0.266667,0
neg_600,0.4,0.0,0.066667,0.2,0.333333,0
neg_601,0.266667,0.066667,0.133333,0.0,0.533333,0
neg_602,0.4,0.133333,0.066667,0.133333,0.266667,0
neg_603,0.333333,0.266667,0.2,0.066667,0.133333,0
neg_604,0.35,0.15,0.1,0.1,0.3,0
neg_605,0.666667,0.0,0.0,0.066667,0.266667,0
neg_606,0.133333,0.4,0.066667,0.133333,0.266667,0
neg_607,0.533333,0.0,0.066667,0.133333,0.266667,0
neg_608,0.533333,0.133333,0.066667,0.066667,0.2,0
neg_609,0.315789,0.052632,0.368421,0.105263,0.157895,0
neg_610,0.388889,0.111111,0.111111,0.055556,0.333333,0
neg_611,0.266667,0.266667,0.0,0.133333,0.333333,0
neg_612,0.333333,0.2,0.2,0.133333,0.133333,0
neg_613,0.266667,0.066667,0.2,0.066667,0.4,0
neg_614,0.0,0.0,0.066667,0.2,0.733333,0
neg_615,0.4,0.066667,0.2,0.133333,0.2,0
neg_616,0.333333,0.0,0.266667,0.133333,0.266667,0
neg_617,0.4,0.133333,0.133333,0.133333,0.2,0
neg_618,0.25,0.1,0.15,0.1,0.4,0
neg_619,0.266667,0.066667,0.2,0.2,0.266667,0
neg_620,0.333333,0.166667,0.166667,0.055556,0.277778,0
neg_621,0.2,0.0,0.333333,0.0,0.466667,0
neg_622,0.4,0.133333,0.066667,0.133333,0.266667,0
neg_623,0.6,0.0,0.133333,0.133333,0.133333,0
neg_624,0.533333,0.0,0.133333,0.066667,0.266667,0
neg_625,0.266667,0.2,0.066667,0.0,0.466667,0
neg_626,0.529412,0.058824,0.058824,0.117647,0.235294,0
neg_627,0.333333,0.133333,0.066667,0.2,0.266667,0
neg_628,0.6,0.0,0.2,0.133333,0.066667,0
neg_629,0.466667,0.066667,0.066667,0.066667,0.333333,0
neg_630,0.4,0.066667,0.266667,0.066667,0.2,0
neg_631,0.4,0.05,0.15,0.15,0.25,0
neg_632,0.866667,0.0,0.0,0.133333,0.0,0
neg_633,0.4,0.133333,0.0,0.133333,0.333333,0
neg_634,0.466667,0.066667,0.0,0.333333,0.133333,0
neg_635,0.6,0.0,0.066667,0.066667,0.266667,0
neg_636,0.466667,0.066667,0.133333,0.133333,0.2,0
neg_637,0.333333,0.133333,0.0,0.4,0.133333,0
neg_638,0.6,0.0,0.133333,0.133333,0.133333,0
neg_639,0.266667,0.066667,0.133333,0.0,0.533333,0
neg_640,0.466667,0.0,0.266667,0.0,0.266667,0
neg_641,0.4,0.066667,0.133333,0.2,0.2,0
neg_642,0.266667,0.066667,0.2,0.0,0.466667,0
neg_643,0.266667,0.2,0.0,0.0,0.533333,0
neg_644,0.4,0.066667,0.2,0.066667,0.266667,0
neg_645,0.6,0.066667,0.133333,0.066667,0.133333,0
neg_646,0.35,0.05,0.1,0.1,0.4,0
neg_647,0.333333,0.066667,0.066667,0.133333,0.4,0
neg_648,0.266667,0.066667,0.066667,0.266667,0.333333,0
neg_649,0.133333,0.266667,0.133333,0.2,0.266667,0
neg_650,0.333333,0.133333,0.2,0.066667,0.266667,0
neg_651,0.466667,0.0,0.266667,0.133333,0.133333,0
neg_652,0.4,0.266667,0.133333,0.0,0.2,0
neg_653,0.4,0.066667,0.133333,0.2,0.2,0
neg_654,0.266667,0.0,0.466667,0.2,0.066667,0
neg_655,0.35,0.25,0.1,0.05,0.25,0
neg_656,0.466667,0.0,0.066667,0.133333,0.333333,0
neg_657,0.333333,0.066667,0.4,0.133333,0.066667,0
neg_658,0.2,0.133333,0.333333,0.266667,0.066667,0
neg_659,0.466667,0.0,0.2,0.133333,0.2,0
neg_660,0.133333,0.2,0.266667,0.133333,0.266667,0
neg_661,0.266667,0.133333,0.2,0.2,0.2,0
neg_662,0.333333,0.133333,0.133333,0.133333,0.266667,0
neg_663,0.333333,0.2,0.0,0.133333,0.333333,0
neg_664,0.6,0.066667,0.0,0.0,0.333333,0
neg_665,0.333333,0.066667,0.066667,0.2,0.333333,0
neg_666,0.333333,0.133333,0.2,0.133333,0.2,0
neg_667,0.4,0.133333,0.133333,0.066667,0.266667,0
neg_668,0.2,0.066667,0.133333,0.133333,0.466667,0
neg_669,0.266667,0.2,0.2,0.0,0.333333,0
neg_670,0.4,0.066667,0.133333,0.133333,0.266667,0
neg_671,0.533333,0.066667,0.133333,0.133333,0.133333,0
neg_672,0.473684,0.052632,0.052632,0.157895,0.263158,0
neg_673,0.533333,0.066667,0.066667,0.066667,0.266667,0
neg_674,0.466667,0.0,0.066667,0.0,0.466667,0
neg_675,0.266667,0.133333,0.133333,0.066667,0.4,0
neg_676,0.533333,0.0,0.066667,0.133333,0.266667,0
neg_677,0.266667,0.2,0.0,0.0,0.533333,0
neg_678,0.4,0.133333,0.0,0.2,0.266667,0
neg_679,0.266667,0.2,0.066667,0.2,0.266667,0
neg_680,0.466667,0.0,0.133333,0.0,0.4,0
neg_681,0.4,0.0,0.066667,0.2,0.333333,0
neg_682,0.266667,0.133333,0.133333,0.266667,0.2,0
neg_683,0.333333,0.0,0.066667,0.2,0.4,0
neg_684,0.533333,0.0,0.266667,0.066667,0.133333,0
neg_685,0.333333,0.0,0.266667,0.266667,0.133333,0
neg_686,0.533333,0.0,0.0,0.2,0.266667,0
neg_687,0.533333,0.0,0.133333,0.2,0.133333,0
neg_688,0.4,0.133333,0.2,0.2,0.066667,0
neg_689,0.533333,0.0,0.2,0.133333,0.133333,0
neg_690,0.333333,0.0,0.2,0.133333,0.333333,0
neg_691,0.266667,0.133333,0.066667,0.2,0.333333,0
neg_692,0.388889,0.0,0.166667,0.055556,0.388889,0
neg_693,0.4,0.066667,0.266667,0.066667,0.2,0
neg_694,0.6,0.0,0.066667,0.133333,0.2,0
neg_695,0.466667,0.066667,0.266667,0.066667,0.133333,0
neg_696,0.2,0.066667,0.133333,0.0,0.6,0
neg_697,0.181818,0.090909,0.227273,0.136364,0.363636,0
neg_698,0.266667,0.066667,0.333333,0.0,0.333333,0
neg_699,0.466667,0.066667,0.133333,0.066667,0.266667,0
neg_700,0.4,0.133333,0.066667,0.066667,0.333333,0
neg_701,0.466667,0.2,0.066667,0.133333,0.133333,0
neg_702,0.333333,0.066667,0.066667,0.066667,0.466667,0
neg_703,0.666667,0.0,0.133333,0.066667,0.133333,0
neg_704,0.391304,0.043478,0.26087,0.043478,0.26087,0
neg_705,0.4,0.066667,0.133333,0.066667,0.333333,0
neg_706,0.133333,0.066667,0.266667,0.133333,0.4,0
neg_707,0.466667,0.0,0.066667,0.066667,0.4,0
neg_708,0.533333,0.066667,0.066667,0.066667,0.266667,0
neg_709,0.4,0.133333,0.066667,0.2,0.2,0
neg_710,0.733333,0.133333,0.133333,0.0,0.0,0
neg_711,0.333333,0.133333,0.066667,0.133333,0.333333,0
neg_712,0.466667,0.0,0.0,0.266667,0.266667,0
neg_713,0.466667,0.0,0.133333,0.133333,0.266667,0
neg_714,0.266667,0.266667,0.0,0.066667,0.4,0
neg_715,0.333333,0.266667,0.133333,0.133333,0.133333,0
neg_716,0.35,0.0,0.05,0.2,0.4,0
neg_717,0.4,0.1,0.1,0.15,0.25,0
neg_718,0.333333,0.133333,0.066667,0.2,0.266667,0
neg_719,0.4,0.066667,0.066667,0.2,0.266667,0
neg_720,0.133333,0.066667,0.066667,0.066667,0.666667,0
neg_721,0.4,0.0,0.2,0.266667,0.133333,0
neg_722,0.5,0.071429,0.071429,0.0,0.357143,0
neg_723,0.333333,0.133333,0.2,0.066667,0.266667,0
neg_724,0.7,0.2,0.0,0.05,0.05,0
neg_725,0.133333,0.2,0.2,0.066667,0.4,0
neg_726,0.4,0.2,0.066667,0.2,0.133333,0
neg_727,0.466667,0.0,0.133333,0.133333,0.266667,0
neg_728,0.6,0.133333,0.066667,0.0,0.2,0
neg_729,0.4,0.133333,0.133333,0.0,0.333333,0
neg_730,0.466667,0.066667,0.2,0.0,0.266667,0
neg_731,0.333333,0.0,0.133333,0.066667,0.466667,0
neg_732,0.333333,0.2,0.133333,0.066667,0.266667,0
neg_733,0.466667,0.0,0.266667,0.066667,0.2,0
neg_734,0.333333,0.266667,0.2,0.133333,0.066667,0
neg_735,0.45,0.05,0.15,0.05,0.3,0
neg_736,0.533333,0.066667,0.066667,0.066667,0.266667,0
neg_737,0.4,0.133333,0.066667,0.266667,0.133333,0
neg_738,0.533333,0.066667,0.2,0.0,0.2,0
neg_739,0.45,0.05,0.25,0.1,0.15,0
neg_740,0.2,0.2,0.066667,0.133333,0.4,0
neg_741,0.285714,0.047619,0.0,0.142857,0.52381,0
neg_742,0.4,0.0,0.2,0.133333,0.266667,0
neg_743,0.466667,0.066667,0.066667,0.333333,0.066667,0
neg_744,0.4,0.133333,0.133333,0.066667,0.266667,0
neg_745,0.333333,0.0,0.266667,0.0,0.4,0
neg_746,0.35,0.1,0.05,0.15,0.35,0
neg_747,0.35,0.05,0.1,0.25,0.25,0
neg_748,0.2,0.066667,0.333333,0.066667,0.333333,0
neg_749,0.4,0.066667,0.066667,0.0,0.466667,0
neg_750,0.6,0.0,0.266667,0.066667,0.066667,0
neg_751,0.4,0.066667,0.133333,0.2,0.2,0
neg_752,0.315789,0.0,0.157895,0.052632,0.473684,0
neg_753,0.533333,0.066667,0.2,0.133333,0.066667,0
neg_754,0.533333,0.0,0.2,0.266667,0.0,0
neg_755,0.2,0.066667,0.133333,0.066667,0.533333,0
neg_756,0.266667,0.066667,0.133333,0.2,0.333333,0
neg_757,0.333333,0.0,0.066667,0.0,0.6,0
neg_758,0.533333,0.133333,0.133333,0.066667,0.133333,0
neg_759,0.466667,0.0,0.133333,0.0,0.4,0
neg_760,0.4,0.133333,0.066667,0.133333,0.266667,0
neg_761,0.266667,0.2,0.066667,0.066667,0.4,0
neg_762,0.266667,0.066667,0.2,0.133333,0.333333,0
neg_763,0.333333,0.2,0.333333,0.066667,0.066667,0
neg_764,0.4,0.066667,0.133333,0.133333,0.266667,0
neg_765,0.466667,0.133333,0.0,0.2,0.2,0
neg_766,0.789474,0.105263,0.052632,0.0,0.052632,0
neg_767,0.266667,0.2,0.133333,0.133333,0.266667,0
neg_768,0.466667,0.066667,0.133333,0.2,0.133333,0
neg_769,0.45,0.15,0.05,0.15,0.2,0
neg_770,0.466667,0.066667,0.0,0.0,0.466667,0
neg_771,0.6,0.0,0.0,0.0,0.4,0
neg_772,0.4,0.066667,0.2,0.066667,0.266667,0
neg_773,0.533333,0.0,0.266667,0.0,0.2,0
neg_774,0.210526,0.105263,0.0,0.105263,0.578947,0
neg_775,0.266667,0.066667,0.2,0.2,0.266667,0
neg_776,0.533333,0.0,0.066667,0.066667,0.333333,0
neg_777,0.466667,0.066667,0.066667,0.066667,0.333333,0
neg_778,0.2,0.266667,0.266667,0.0,0.266667,0
neg_779,0.333333,0.2,0.066667,0.133333,0.266667,0
neg_780,0.333333,0.0,0.2,0.133333,0.333333,0
neg_781,0.466667,0.066667,0.133333,0.133333,0.2,0
neg_782,0.333333,0.277778,0.055556,0.111111,0.222222,0
neg_783,0.466667,0.0,0.333333,0.0,0.2,0
neg_784,0.2,0.05,0.05,0.2,0.5,0
neg_785,0.333333,0.2,0.066667,0.133333,0.266667,0
neg_786,0.4,0.0,0.066667,0.333333,0.2,0
neg_787,0.1875,0.125,0.1875,0.0,0.5,0
neg_788,0.45,0.1,0.1,0.05,0.3,0
neg_789,0.3,0.15,0.2,0.25,0.1,0
neg_790,0.4,0.0,0.266667,0.0,0.333333,0
neg_791,0.333333,0.133333,0.066667,0.133333,0.333333,0
neg_792,0.133333,0.066667,0.266667,0.2,0.333333,0
neg_793,0.4,0.066667,0.133333,0.066667,0.333333,0
neg_794,0.8,0.0,0.066667,0.0,0.133333,0
neg_795,0.133333,0.133333,0.066667,0.066667,0.6,0
neg_796,0.333333,0.0,0.2,0.066667,0.4,0
neg_797,0.533333,0.066667,0.066667,0.133333,0.2,0
neg_798,0.4,0.0,0.0,0.4,0.2,0
neg_799,0.157895,0.0,0.105263,0.0,0.736842,0
neg_800,0.4,0.066667,0.2,0.0,0.333333,0
neg_801,0.533333,0.0,0.066667,0.2,0.2,0
neg_802,0.333333,0.0,0.066667,0.266667,0.333333,0
neg_803,0.2,0.266667,0.066667,0.133333,0.333333,0
neg_804,0.266667,0.066667,0.0,0.2,0.466667,0
neg_805,0.466667,0.0,0.0,0.066667,0.466667,0
neg_806,0.2,0.133333,0.133333,0.4,0.133333,0
neg_807,0.333333,0.133333,0.133333,0.0,0.4,0
neg_808,0.466667,0.066667,0.133333,0.0,0.333333,0
neg_809,0.266667,0.2,0.2,0.0,0.333333,0
neg_810,0.266667,0.133333,0.066667,0.2,0.333333,0
neg_811,0.266667,0.133333,0.0,0.0,0.6,0
neg_812,0.4,0.0,0.266667,0.2,0.133333,0
neg_813,0.666667,0.2,0.0,0.133333,0.0,0
neg_814,0.333333,0.0,0.133333,0.2,0.333333,0
neg_815,0.266667,0.133333,0.2,0.4,0.0,0
neg_816,0.733333,0.0,0.0,0.0,0.266667,0
neg_817,0.333333,0.133333,0.133333,0.066667,0.333333,0
neg_818,0.533333,0.0,0.066667,0.066667,0.333333,0
neg_819,0.2,0.133333,0.133333,0.133333,0.4,0
neg_820,0.6,0.066667,0.066667,0.066667,0.2,0
neg_821,0.533333,0.066667,0.266667,0.0,0.133333,0
neg_822,0.333333,0.066667,0.2,0.133333,0.266667,0
neg_823,0.333333,0.133333,0.133333,0.133333,0.266667,0
neg_824,0.266667,0.133333,0.266667,0.0,0.333333,0
neg_825,0.6,0.133333,0.0,0.066667,0.2,0
neg_826,0.166667,0.111111,0.0,0.111111,0.611111,0
neg_827,0.6,0.066667,0.066667,0.066667,0.2,0
neg_828,0.4,0.133333,0.133333,0.2,0.133333,0
neg_829,0.4,0.05,0.2,0.1,0.25,0
neg_830,0.466667,0.066667,0.133333,0.066667,0.266667,0
neg_831,0.6,0.066667,0.133333,0.0,0.2,0
neg_832,0.4,0.0,0.266667,0.066667,0.266667,0
neg_833,0.266667,0.066667,0.133333,0.0,0.533333,0
neg_834,0.4,0.2,0.2,0.133333,0.066667,0
neg_835,0.333333,0.0,0.066667,0.066667,0.533333,0
neg_836,0.266667,0.066667,0.2,0.066667,0.4,0
neg_837,0.4,0.0,0.2,0.2,0.2,0
neg_838,0.6,0.066667,0.0,0.0,0.333333,0
neg_839,0.533333,0.066667,0.133333,0.2,0.066667,0
neg_840,0.333333,0.066667,0.066667,0.133333,0.4,0
neg_841,0.266667,0.333333,0.066667,0.0,0.333333,0
neg_842,0.533333,0.133333,0.066667,0.066667,0.2,0
neg_843,0.466667,0.066667,0.133333,0.133333,0.2,0
neg_844,0.3,0.05,0.2,0.15,0.3,0
neg_845,0.333333,0.133333,0.133333,0.2,0.2,0
neg_846,0.533333,0.0,0.066667,0.066667,0.333333,0
neg_847,0.533333,0.0,0.133333,0.066667,0.266667,0
neg_848,0.333333,0.2,0.133333,0.2,0.133333,0
neg_849,0.4,0.2,0.133333,0.066667,0.2,0
neg_850,0.2,0.0,0.133333,0.066667,0.6,0
neg_851,0.4,0.133333,0.0,0.0,0.466667,0
neg_852,0.333333,0.2,0.066667,0.133333,0.266667,0
neg_853,0.2,0.2,0.2,0.2,0.2,0
neg_854,0.533333,0.0,0.2,0.133333,0.133333,0
neg_855,0.133333,0.133333,0.066667,0.2,0.466667,0
neg_856,0.466667,0.066667,0.066667,0.133333,0.266667,0
neg_857,0.533333,0.066667,0.133333,0.066667,0.2,0
neg_858,0.333333,0.0,0.133333,0.133333,0.4,0
neg_859,0.533333,0.0,0.066667,0.266667,0.133333,0
neg_860,0.333333,0.066667,0.0,0.0,0.6,0
neg_861,0.266667,0.066667,0.266667,0.133333,0.266667,0
neg_862,0.333333,0.066667,0.133333,0.266667,0.2,0
neg_863,0.266667,0.2,0.2,0.133333,0.2,0
neg_864,0.2,0.0,0.133333,0.133333,0.533333,0
neg_865,0.6,0.0,0.133333,0.133333,0.133333,0
neg_866,0.533333,0.0,0.133333,0.2,0.133333,0
neg_867,0.6,0.066667,0.066667,0.0,0.266667,0
neg_868,0.444444,0.055556,0.222222,0.166667,0.111111,0
neg_869,0.333333,0.066667,0.133333,0.066667,0.4,0
neg_870,0.266667,0.066667,0.133333,0.2,0.333333,0
neg_871,0.4,0.066667,0.2,0.133333,0.2,0
neg_872,0.266667,0.066667,0.066667,0.066667,0.533333,0
neg_873,0.466667,0.066667,0.0,0.066667,0.4,0
neg_874,0.333333,0.066667,0.133333,0.133333,0.333333,0
neg_875,0.666667,0.066667,0.133333,0.066667,0.066667,0
neg_876,0.666667,0.0,0.066667,0.0,0.266667,0
neg_877,0.466667,0.0,0.2,0.0,0.333333,0
neg_878,0.4,0.0,0.133333,0.4,0.066667,0
neg_879,0.266667,0.066667,0.133333,0.133333,0.4,0
neg_880,0.266667,0.066667,0.2,0.133333,0.333333,0
neg_881,0.333333,0.066667,0.0,0.133333,0.466667,0
neg_882,0.266667,0.266667,0.266667,0.0,0.2,0
neg_883,0.3,0.0,0.05,0.25,0.4,0
neg_884,0.333333,0.0,0.066667,0.133333,0.466667,0
neg_885,0.4,0.066667,0.2,0.066667,0.266667,0
neg_886,0.6,0.066667,0.0,0.066667,0.266667,0
neg_887,0.066667,0.466667,0.133333,0.066667,0.266667,0
neg_888,0.466667,0.0,0.066667,0.066667,0.4,0
neg_889,0.4,0.066667,0.133333,0.266667,0.133333,0
neg_890,0.666667,0.066667,0.066667,0.0,0.2,0
neg_891,0.45,0.0,0.1,0.15,0.3,0
neg_892,0.4,0.133333,0.133333,0.2,0.133333,0
neg_893,0.4,0.066667,0.133333,0.133333,0.266667,0
neg_894,0.2,0.133333,0.333333,0.066667,0.266667,0
neg_895,0.466667,0.0,0.133333,0.133333,0.266667,0
neg_896,0.333333,0.133333,0.133333,0.066667,0.333333,0
neg_897,0.266667,0.266667,0.2,0.066667,0.2,0
neg_898,0.2,0.133333,0.133333,0.266667,0.266667,0
neg_899,0.6,0.133333,0.0,0.066667,0.2,0
neg_900,0.347826,0.130435,0.173913,0.043478,0.304348,0
neg_901,0.266667,0.2,0.133333,0.133333,0.266667,0
neg_902,0.333333,0.0,0.133333,0.066667,0.466667,0
neg_903,0.333333,0.133333,0.133333,0.066667,0.333333,0
neg_904,0.266667,0.0,0.333333,0.133333,0.266667,0
neg_905,0.294118,0.117647,0.117647,0.117647,0.352941,0
neg_906,0.444444,0.0,0.277778,0.166667,0.111111,0
neg_907,0.45,0.05,0.2,0.05,0.25,0
neg_908,0.4,0.066667,0.066667,0.066667,0.4,0
neg_909,0.466667,0.066667,0.2,0.066667,0.2,0
neg_910,0.4,0.0,0.133333,0.133333,0.333333,0
neg_911,0.333333,0.133333,0.066667,0.266667,0.2,0
neg_912,0.266667,0.066667,0.133333,0.066667,0.466667,0
neg_913,0.333333,0.066667,0.133333,0.2,0.266667,0
neg_914,0.266667,0.333333,0.2,0.133333,0.066667,0
neg_915,0.266667,0.066667,0.2,0.266667,0.2,0
neg_916,0.5,0.3,0.05,0.05,0.1,0
neg_917,0.333333,0.266667,0.133333,0.066667,0.2,0
neg_918,0.4,0.133333,0.066667,0.066667,0.333333,0
neg_919,0.8,0.0,0.066667,0.0,0.133333,0
neg_920,0.466667,0.133333,0.333333,0.066667,0.0,0
neg_921,0.333333,0.2,0.0,0.133333,0.333333,0
neg_922,0.4,0.066667,0.266667,0.133333,0.133333,0
neg_923,0.533333,0.0,0.133333,0.2,0.133333,0
neg_924,0.066667,0.066667,0.266667,0.066667,0.533333,0
neg_925,0.263158,0.0,0.0,0.105263,0.631579,0
neg_926,0.333333,0.066667,0.066667,0.133333,0.4,0
neg_927,0.533333,0.066667,0.066667,0.0,0.333333,0
neg_928,0.55,0.0,0.1,0.05,0.3,0
neg_929,0.4,0.066667,0.133333,0.133333,0.266667,0
neg_930,0.4,0.066667,0.066667,0.2,0.266667,0
neg_931,0.1,0.0,0.15,0.45,0.3,0
neg_932,0.4,0.066667,0.2,0.2,0.133333,0
neg_933,0.421053,0.052632,0.105263,0.052632,0.368421,0
neg_934,0.4,0.0,0.266667,0.133333,0.2,0
neg_935,0.4,0.0,0.0,0.066667,0.533333,0
neg_936,0.466667,0.133333,0.266667,0.133333,0.0,0
neg_937,0.466667,0.133333,0.066667,0.133333,0.2,0
neg_938,0.4,0.0,0.133333,0.133333,0.333333,0
neg_939,0.133333,0.133333,0.066667,0.266667,0.4,0
neg_940,0.266667,0.066667,0.266667,0.066667,0.333333,0
neg_941,0.266667,0.066667,0.133333,0.133333,0.4,0
neg_942,0.6,0.0,0.0,0.066667,0.333333,0
neg_943,0.133333,0.266667,0.2,0.066667,0.333333,0
neg_944,0.4,0.133333,0.2,0.133333,0.133333,0
neg_945,0.2,0.066667,0.0,0.2,0.533333,0
neg_946,0.2,0.266667,0.133333,0.133333,0.266667,0
neg_947,0.5,0.0,0.0625,0.0625,0.375,0
neg_948,0.333333,0.066667,0.266667,0.066667,0.266667,0
neg_949,0.533333,0.066667,0.133333,0.0,0.266667,0
neg_950,0.4,0.0,0.05,0.25,0.3,0
neg_951,0.533333,0.066667,0.066667,0.066667,0.266667,0
neg_952,0.4,0.2,0.066667,0.2,0.133333,0
neg_953,0.3,0.0,0.1,0.15,0.45,0
neg_954,0.533333,0.2,0.0,0.0,0.266667,0
neg_955,0.4,0.066667,0.133333,0.066667,0.333333,0
neg_956,0.466667,0.2,0.0,0.2,0.133333,0
neg_957,0.333333,0.133333,0.2,0.133333,0.2,0
neg_958,0.4,0.133333,0.066667,0.133333,0.266667,0
neg_959,0.6,0.0,0.133333,0.066667,0.2,0
neg_960,0.466667,0.0,0.133333,0.333333,0.066667,0
neg_961,0.333333,0.133333,0.266667,0.0,0.266667,0
neg_962,0.133333,0.066667,0.133333,0.0,0.666667,0
neg_963,0.533333,0.0,0.2,0.0,0.266667,0
neg_964,0.6,0.0,0.133333,0.2,0.066667,0
neg_965,0.4,0.05,0.05,0.05,0.45,0
neg_966,0.533333,0.0,0.066667,0.0,0.4,0
neg_967,0.4375,0.0625,0.0,0.0,0.5,0
neg_968,0.388889,0.111111,0.055556,0.0,0.444444,0
neg_969,0.266667,0.0,0.133333,0.2,0.4,0
neg_970,0.266667,0.0,0.2,0.066667,0.466667,0
neg_971,0.333333,0.0,0.0,0.2,0.466667,0
neg_972,0.4,0.0,0.133333,0.066667,0.4,0
neg_973,0.4,0.066667,0.133333,0.2,0.2,0
neg_974,0.2,0.2,0.2,0.066667,0.333333,0
neg_975,0.4,0.066667,0.133333,0.2,0.2,0
neg_976,0.266667,0.133333,0.266667,0.133333,0.2,0
neg_977,0.466667,0.0,0.066667,0.066667,0.4,0
neg_978,0.266667,0.133333,0.2,0.133333,0.266667,0
neg_979,0.533333,0.0,0.066667,0.066667,0.333333,0
neg_980,0.266667,0.133333,0.066667,0.2,0.333333,0
neg_981,0.533333,0.0,0.266667,0.133333,0.066667,0
neg_982,0.266667,0.133333,0.133333,0.066667,0.4,0
neg_983,0.6,0.066667,0.2,0.066667,0.066667,0
neg_984,0.466667,0.066667,0.2,0.066667,0.2,0
neg_985,0.4,0.133333,0.133333,0.066667,0.266667,0
neg_986,0.2,0.0,0.066667,0.0,0.733333,0
neg_987,0.133333,0.2,0.133333,0.266667,0.266667,0
neg_988,0.2,0.2,0.0,0.133333,0.466667,0
neg_989,0.4,0.066667,0.333333,0.066667,0.133333,0
neg_990,0.4,0.066667,0.2,0.2,0.133333,0
neg_991,0.4,0.066667,0.133333,0.133333,0.266667,0
neg_992,0.4,0.066667,0.133333,0.133333,0.266667,0
neg_993,0.466667,0.0,0.2,0.066667,0.266667,0
neg_994,0.333333,0.133333,0.266667,0.133333,0.133333,0
neg_995,0.4,0.0,0.133333,0.133333,0.333333,0
neg_996,0.133333,0.133333,0.2,0.066667,0.466667,0
neg_997,0.466667,0.0,0.066667,0.133333,0.333333,0
neg_998,0.4,0.133333,0.133333,0.133333,0.2,0
neg_999,0.266667,0.0,0.133333,0.2,0.4,0
neg_1000,0.533333,0.066667,0.2,0.066667,0.133333,0
neg_1001,0.066667,0.333333,0.266667,0.0,0.333333,0
neg_1002,0.2,0.05,0.05,0.35,0.35,0
neg_1003,0.277778,0.055556,0.222222,0.055556,0.388889,0
neg_1004,0.4,0.066667,0.066667,0.133333,0.333333,0
neg_1005,0.266667,0.2,0.2,0.2,0.133333,0
neg_1006,0.0,0.0,0.0,0.133333,0.866667,0
neg_1007,0.333333,0.066667,0.066667,0.133333,0.4,0
neg_1008,0.4,0.2,0.133333,0.066667,0.2,0
neg_1009,0.4,0.266667,0.133333,0.066667,0.133333,0
neg_1010,0.466667,0.133333,0.066667,0.0,0.333333,0
neg_1011,0.375,0.25,0.0625,0.1875,0.125,0
neg_1012,0.333333,0.066667,0.066667,0.133333,0.4,0
neg_1013,0.333333,0.2,0.066667,0.0,0.4,0
neg_1014,0.4,0.066667,0.2,0.066667,0.266667,0
neg_1015,0.2,0.133333,0.133333,0.2,0.333333,0
neg_1016,0.466667,0.0,0.4,0.0,0.133333,0
neg_1017,0.333333,0.066667,0.133333,0.2,0.266667,0
neg_1018,0.45,0.05,0.1,0.2,0.2,0
neg_1019,0.333333,0.066667,0.133333,0.333333,0.133333,0
neg_1020,0.266667,0.133333,0.2,0.266667,0.133333,0
neg_1021,0.2,0.2,0.066667,0.133333,0.4,0
neg_1022,0.266667,0.333333,0.133333,0.066667,0.2,0
neg_1023,0.35,0.2,0.05,0.1,0.3,0
neg_1024,0.266667,0.066667,0.533333,0.066667,0.066667,0
neg_1025,0.133333,0.266667,0.333333,0.0,0.266667,0
neg_1026,0.333333,0.066667,0.066667,0.133333,0.4,0
neg_1027,0.533333,0.0,0.066667,0.133333,0.266667,0
neg_1028,0.157895,0.0,0.0,0.105263,0.736842,0
neg_1029,0.6,0.066667,0.0,0.266667,0.066667,0
neg_1030,0.333333,0.066667,0.133333,0.066667,0.4,0
neg_1031,0.666667,0.0,0.066667,0.066667,0.2,0
neg_1032,0.333333,0.133333,0.133333,0.2,0.2,0
neg_1033,0.466667,0.066667,0.2,0.066667,0.2,0
neg_1034,0.333333,0.133333,0.066667,0.0,0.466667,0
neg_1035,0.466667,0.066667,0.266667,0.0,0.2,0
neg_1036,0.0,0.0,0.071429,0.0,0.928571,0
neg_1037,0.333333,0.2,0.2,0.133333,0.133333,0
neg_1038,0.4,0.0,0.266667,0.066667,0.266667,0
neg_1039,0.318182,0.0,0.090909,0.136364,0.454545,0
neg_1040,0.666667,0.0,0.066667,0.066667,0.2,0
neg_1041,0.285714,0.142857,0.0,0.0,0.571429,0
neg_1042,0.266667,0.133333,0.133333,0.133333,0.333333,0
neg_1043,0.133333,0.333333,0.133333,0.2,0.2,0
neg_1044,0.466667,0.133333,0.133333,0.0,0.266667,0
neg_1045,0.533333,0.0,0.2,0.066667,0.2,0
neg_1046,0.2,0.2,0.2,0.133333,0.266667,0
neg_1047,0.466667,0.0,0.066667,0.066667,0.4,0
neg_1048,0.466667,0.066667,0.133333,0.133333,0.2,0
neg_1049,0.4,0.133333,0.133333,0.2,0.133333,0
neg_1050,0.533333,0.066667,0.0,0.133333,0.266667,0
neg_1051,0.4,0.0,0.266667,0.0,0.333333,0
neg_1052,0.333333,0.0,0.133333,0.2,0.333333,0
neg_1053,0.133333,0.2,0.2,0.133333,0.333333,0
neg_1054,0.266667,0.133333,0.2,0.133333,0.266667,0
neg_1055,0.473684,0.0,0.263158,0.0,0.263158,0
neg_1056,0.533333,0.066667,0.2,0.066667,0.133333,0
neg_1057,0.533333,0.0,0.266667,0.0,0.2,0
neg_1058,0.1,0.0,0.05,0.1,0.75,0
neg_1059,0.333333,0.0,0.133333,0.0,0.533333,0
neg_1060,0.466667,0.133333,0.133333,0.0,0.266667,0
neg_1061,0.388889,0.111111,0.055556,0.111111,0.333333,0
neg_1062,0.533333,0.066667,0.066667,0.133333,0.2,0
neg_1063,0.466667,0.133333,0.0,0.066667,0.333333,0
neg_1064,0.4,0.0,0.2,0.133333,0.266667,0
neg_1065,0.666667,0.0,0.0,0.066667,0.266667,0
neg_1066,0.133333,0.2,0.4,0.133333,0.133333,0
neg_1067,0.266667,0.066667,0.2,0.066667,0.4,0
neg_1068,0.333333,0.2,0.0,0.2,0.266667,0
neg_1069,0.181818,0.090909,0.181818,0.136364,0.409091,0
neg_1070,0.333333,0.2,0.133333,0.133333,0.2,0
neg_1071,0.4,0.133333,0.2,0.0,0.266667,0
neg_1072,0.333333,0.133333,0.066667,0.133333,0.333333,0
neg_1073,0.666667,0.133333,0.066667,0.0,0.133333,0
neg_1074,0.333333,0.2,0.133333,0.133333,0.2,0
neg_1075,0.466667,0.0,0.2,0.133333,0.2,0
neg_1076,0.4,0.133333,0.066667,0.066667,0.333333,0
neg_1077,0.333333,0.133333,0.133333,0.066667,0.333333,0
neg_1078,0.4,0.0,0.15,0.15,0.3,0
neg_1079,0.466667,0.133333,0.0,0.2,0.2,0
neg_1080,0.266667,0.133333,0.266667,0.133333,0.2,0
neg_1081,0.466667,0.0,0.266667,0.133333,0.133333,0
neg_1082,0.333333,0.133333,0.066667,0.266667,0.2,0
neg_1083,0.333333,0.2,0.066667,0.133333,0.266667,0
neg_1084,0.333333,0.066667,0.133333,0.133333,0.333333,0
neg_1085,0.133333,0.266667,0.133333,0.266667,0.2,0
neg_1086,0.466667,0.066667,0.0,0.0,0.466667,0
neg_1087,0.333333,0.0,0.2,0.333333,0.133333,0
neg_1088,0.4,0.2,0.0,0.266667,0.133333,0
neg_1089,0.2,0.133333,0.2,0.0,0.466667,0
neg_1090,0.6,0.2,0.066667,0.0,0.133333,0
neg_1091,0.533333,0.0,0.266667,0.066667,0.133333,0
neg_1092,0.733333,0.066667,0.066667,0.066667,0.066667,0
neg_1093,0.466667,0.0,0.333333,0.0,0.2,0
neg_1094,0.666667,0.0,0.066667,0.0,0.266667,0
neg_1095,0.4,0.133333,0.0,0.133333,0.333333,0
neg_1096,0.368421,0.105263,0.210526,0.105263,0.210526,0
neg_1097,0.266667,0.2,0.2,0.066667,0.266667,0
neg_1098,0.266667,0.133333,0.133333,0.2,0.266667,0
neg_1099,0.555556,0.055556,0.055556,0.0,0.333333,0
neg_1100,0.333333,0.066667,0.133333,0.066667,0.4,0
neg_1101,0.666667,0.0,0.0,0.0,0.333333,0
neg_1102,0.533333,0.066667,0.0,0.0,0.4,0
neg_1103,0.266667,0.266667,0.066667,0.066667,0.333333,0
neg_1104,0.2,0.2,0.2,0.066667,0.333333,0
neg_1105,0.6,0.066667,0.2,0.066667,0.066667,0
neg_1106,0.4,0.066667,0.0,0.0,0.533333,0
neg_1107,0.466667,0.0,0.2,0.2,0.133333,0
neg_1108,0.333333,0.066667,0.133333,0.0,0.466667,0
neg_1109,0.333333,0.066667,0.133333,0.266667,0.2,0
neg_1110,0.333333,0.0,0.0,0.266667,0.4,0
neg_1111,0.266667,0.333333,0.066667,0.066667,0.266667,0
neg_1112,0.466667,0.133333,0.2,0.066667,0.133333,0
neg_1113,0.466667,0.133333,0.133333,0.066667,0.2,0
neg_1114,0.066667,0.2,0.133333,0.2,0.4,0
neg_1115,0.266667,0.066667,0.4,0.133333,0.133333,0
neg_1116,0.266667,0.133333,0.2,0.133333,0.266667,0
neg_1117,0.4,0.066667,0.066667,0.266667,0.2,0
neg_1118,0.4,0.2,0.0,0.2,0.2,0
neg_1119,0.2,0.133333,0.066667,0.133333,0.466667,0
neg_1120,0.333333,0.133333,0.133333,0.133333,0.266667,0
neg_1121,0.333333,0.133333,0.2,0.266667,0.066667,0
neg_1122,0.266667,0.0,0.4,0.133333,0.2,0
neg_1123,0.533333,0.0,0.133333,0.066667,0.266667,0
neg_1124,0.4,0.0,0.2,0.133333,0.266667,0
neg_1125,0.266667,0.266667,0.066667,0.0,0.4,0
neg_1126,0.333333,0.133333,0.066667,0.2,0.266667,0
neg_1127,0.133333,0.266667,0.133333,0.4,0.066667,0
neg_1128,0.266667,0.133333,0.266667,0.0,0.333333,0
neg_1129,0.352941,0.058824,0.117647,0.058824,0.411765,0
neg_1130,0.2,0.0,0.2,0.0,0.6,0
neg_1131,0.1875,0.1875,0.4375,0.0625,0.125,0
neg_1132,0.4,0.0,0.266667,0.133333,0.2,0
neg_1133,0.333333,0.266667,0.066667,0.0,0.333333,0
neg_1134,0.533333,0.066667,0.066667,0.266667,0.066667,0
neg_1135,0.333333,0.133333,0.266667,0.066667,0.2,0
neg_1136,0.0,0.466667,0.0,0.066667,0.466667,0
neg_1137,0.4,0.066667,0.133333,0.2,0.2,0
neg_1138,0.4,0.2,0.066667,0.2,0.133333,0
neg_1139,0.533333,0.0,0.066667,0.0,0.4,0
neg_1140,0.066667,0.4,0.066667,0.266667,0.2,0
neg_1141,0.533333,0.0,0.133333,0.0,0.333333,0
neg_1142,0.333333,0.2,0.266667,0.066667,0.133333,0
neg_1143,0.6,0.0,0.066667,0.0,0.333333,0
neg_1144,0.65,0.2,0.0,0.05,0.1,0
neg_1145,0.333333,0.066667,0.266667,0.066667,0.266667,0
neg_1146,0.333333,0.2,0.2,0.2,0.066667,0
neg_1147,0.4,0.133333,0.066667,0.066667,0.333333,0
neg_1148,0.133333,0.266667,0.066667,0.133333,0.4,0
neg_1149,0.4,0.2,0.066667,0.133333,0.2,0
neg_1150,0.466667,0.0,0.0,0.266667,0.266667,0
neg_1151,0.466667,0.066667,0.0,0.0,0.466667,0
neg_1152,0.466667,0.066667,0.266667,0.133333,0.066667,0
neg_1153,0.466667,0.066667,0.133333,0.133333,0.2,0
neg_1154,0.4,0.0,0.066667,0.266667,0.266667,0
neg_1155,0.466667,0.066667,0.2,0.133333,0.133333,0
neg_1156,0.333333,0.066667,0.133333,0.066667,0.4,0
neg_1157,0.4,0.066667,0.333333,0.066667,0.133333,0
neg_1158,0.466667,0.0,0.066667,0.2,0.266667,0
neg_1159,0.6,0.066667,0.066667,0.066667,0.2,0
neg_1160,0.466667,0.0,0.2,0.266667,0.066667,0
neg_1161,0.333333,0.066667,0.2,0.133333,0.266667,0
neg_1162,0.133333,0.133333,0.133333,0.333333,0.266667,0
neg_1163,0.6,0.066667,0.2,0.066667,0.066667,0
neg_1164,0.6,0.0,0.133333,0.066667,0.2,0
neg_1165,0.4,0.0,0.0,0.4,0.2,0
neg_1166,0.2,0.066667,0.133333,0.066667,0.533333,0
neg_1167,0.466667,0.133333,0.066667,0.066667,0.266667,0
neg_1168,0.266667,0.133333,0.133333,0.066667,0.4,0
neg_1169,0.266667,0.133333,0.133333,0.2,0.266667,0
neg_1170,0.266667,0.133333,0.266667,0.0,0.333333,0
neg_1171,0.333333,0.066667,0.266667,0.0,0.333333,0
neg_1172,0.333333,0.066667,0.0,0.133333,0.466667,0
neg_1173,0.333333,0.133333,0.133333,0.066667,0.333333,0
neg_1174,0.466667,0.066667,0.066667,0.266667,0.133333,0
neg_1175,0.466667,0.066667,0.0,0.0,0.466667,0
neg_1176,0.6,0.133333,0.066667,0.066667,0.133333,0
neg_1177,0.466667,0.0,0.0,0.133333,0.4,0
neg_1178,0.266667,0.066667,0.2,0.2,0.266667,0
neg_1179,0.466667,0.0,0.0,0.066667,0.466667,0
neg_1180,0.333333,0.0,0.2,0.066667,0.4,0
neg_1181,0.4,0.066667,0.066667,0.266667,0.2,0
neg_1182,0.466667,0.0,0.0,0.133333,0.4,0
neg_1183,0.4,0.133333,0.2,0.066667,0.2,0
neg_1184,0.266667,0.066667,0.133333,0.066667,0.466667,0
neg_1185,0.333333,0.0,0.2,0.066667,0.4,0
neg_1186,0.466667,0.066667,0.133333,0.2,0.133333,0
neg_1187,0.466667,0.133333,0.066667,0.066667,0.266667,0
neg_1188,0.266667,0.066667,0.066667,0.066667,0.533333,0
neg_1189,0.315789,0.157895,0.105263,0.105263,0.315789,0
neg_1190,0.266667,0.066667,0.266667,0.2,0.2,0
neg_1191,0.466667,0.133333,0.066667,0.066667,0.266667,0
neg_1192,0.2,0.266667,0.2,0.066667,0.266667,0
neg_1193,0.866667,0.0,0.0,0.0,0.133333,0
neg_1194,0.45,0.0,0.2,0.15,0.2,0
neg_1195,0.533333,0.0,0.2,0.066667,0.2,0
neg_1196,0.466667,0.066667,0.0,0.133333,0.333333,0
neg_1197,0.466667,0.066667,0.133333,0.133333,0.2,0
neg_1198,0.45,0.15,0.1,0.1,0.2,0
neg_1199,0.411765,0.058824,0.176471,0.117647,0.235294,0
neg_1200,0.333333,0.066667,0.133333,0.0,0.466667,0
neg_1201,0.6,0.0,0.066667,0.066667,0.266667,0
neg_1202,0.3,0.1,0.1,0.35,0.15,0
neg_1203,0.15,0.0,0.15,0.4,0.3,0
neg_1204,0.4,0.0,0.133333,0.0,0.466667,0
neg_1205,0.45,0.05,0.1,0.3,0.1,0
neg_1206,0.466667,0.0,0.133333,0.133333,0.266667,0
neg_1207,0.333333,0.2,0.133333,0.066667,0.266667,0
neg_1208,0.266667,0.266667,0.2,0.133333,0.133333,0
neg_1209,0.666667,0.0,0.0,0.0,0.333333,0
neg_1210,0.466667,0.0,0.133333,0.2,0.2,0
neg_1211,0.6,0.2,0.066667,0.066667,0.066667,0
neg_1212,0.4,0.0,0.2,0.333333,0.066667,0
neg_1213,0.533333,0.0,0.133333,0.133333,0.2,0
neg_1214,0.333333,0.133333,0.2,0.066667,0.266667,0
neg_1215,0.466667,0.066667,0.2,0.066667,0.2,0
neg_1216,0.333333,0.066667,0.333333,0.066667,0.2,0
neg_1217,0.266667,0.2,0.2,0.066667,0.266667,0
neg_1218,0.333333,0.066667,0.133333,0.133333,0.333333,0
neg_1219,0.2,0.0,0.133333,0.066667,0.6,0
neg_1220,0.4,0.066667,0.133333,0.133333,0.266667,0
neg_1221,0.4,0.133333,0.2,0.066667,0.2,0
neg_1222,0.4,0.133333,0.066667,0.066667,0.333333,0
neg_1223,0.2,0.2,0.266667,0.266667,0.066667,0
neg_1224,0.333333,0.133333,0.066667,0.2,0.266667,0
neg_1225,0.6,0.0,0.2,0.066667,0.133333,0
neg_1226,0.7,0.15,0.05,0.0,0.1,0
neg_1227,0.333333,0.133333,0.2,0.0,0.333333,0
neg_1228,0.466667,0.0,0.2,0.133333,0.2,0
neg_1229,0.533333,0.066667,0.0,0.066667,0.333333,0
neg_1230,0.4,0.133333,0.066667,0.2,0.2,0
neg_1231,0.2,0.266667,0.2,0.066667,0.266667,0
neg_1232,0.2,0.133333,0.0,0.2,0.466667,0
neg_1233,0.2,0.266667,0.2,0.066667,0.266667,0
neg_1234,0.4,0.0,0.066667,0.133333,0.4,0
neg_1235,0.466667,0.2,0.066667,0.0,0.266667,0
neg_1236,0.4,0.066667,0.2,0.133333,0.2,0
neg_1237,0.4,0.133333,0.0,0.0,0.466667,0
neg_1238,0.6,0.0,0.2,0.066667,0.133333,0
neg_1239,0.333333,0.0,0.266667,0.2,0.2,0
neg_1240,0.266667,0.0,0.2,0.2,0.333333,0
neg_1241,0.333333,0.066667,0.0,0.066667,0.533333,0
neg_1242,0.6,0.0,0.2,0.133333,0.066667,0
neg_1243,0.3,0.05,0.2,0.1,0.35,0
neg_1244,0.533333,0.066667,0.066667,0.133333,0.2,0
neg_1245,0.466667,0.066667,0.133333,0.133333,0.2,0
neg_1246,0.1,0.15,0.1,0.1,0.55,0
neg_1247,0.333333,0.111111,0.111111,0.166667,0.277778,0
neg_1248,0.266667,0.0,0.266667,0.133333,0.333333,0
neg_1249,0.4,0.1,0.1,0.2,0.2,0
neg_1250,0.266667,0.133333,0.2,0.066667,0.333333,0
neg_1251,0.333333,0.0,0.2,0.133333,0.333333,0
neg_1252,0.333333,0.066667,0.4,0.0,0.2,0
neg_1253,0.133333,0.0,0.333333,0.066667,0.466667,0
neg_1254,0.466667,0.2,0.133333,0.066667,0.133333,0
neg_1255,0.333333,0.066667,0.266667,0.0,0.333333,0
neg_1256,0.333333,0.0,0.2,0.2,0.266667,0
neg_1257,0.466667,0.066667,0.333333,0.066667,0.066667,0
neg_1258,0.466667,0.066667,0.266667,0.133333,0.066667,0
neg_1259,0.466667,0.066667,0.2,0.133333,0.133333,0
neg_1260,0.2,0.066667,0.133333,0.066667,0.533333,0
neg_1261,0.466667,0.0,0.133333,0.066667,0.333333,0
neg_1262,0.333333,0.066667,0.2,0.0,0.4,0
neg_1263,0.6,0.066667,0.066667,0.0,0.266667,0
neg_1264,0.266667,0.2,0.133333,0.133333,0.266667,0
neg_1265,0.533333,0.0,0.4,0.0,0.066667,0
neg_1266,0.466667,0.0,0.133333,0.066667,0.333333,0
neg_1267,0.533333,0.0,0.133333,0.2,0.133333,0
neg_1268,0.333333,0.0,0.333333,0.066667,0.266667,0
neg_1269,0.666667,0.066667,0.0,0.0,0.266667,0
neg_1270,0.4,0.066667,0.133333,0.066667,0.333333,0
neg_1271,0.533333,0.066667,0.133333,0.066667,0.2,0
neg_1272,0.133333,0.2,0.2,0.2,0.266667,0
neg_1273,0.6,0.0,0.133333,0.133333,0.133333,0
neg_1274,0.333333,0.2,0.2,0.0,0.266667,0
neg_1275,0.6,0.133333,0.066667,0.133333,0.066667,0
neg_1276,0.133333,0.266667,0.2,0.133333,0.266667,0
neg_1277,0.4,0.066667,0.0,0.0,0.533333,0
neg_1278,0.266667,0.066667,0.133333,0.333333,0.2,0
neg_1279,0.333333,0.133333,0.066667,0.066667,0.4,0
neg_1280,0.4,0.133333,0.0,0.2,0.266667,0
neg_1281,0.4,0.0,0.133333,0.266667,0.2,0
neg_1282,0.6,0.0,0.0,0.2,0.2,0
neg_1283,0.533333,0.066667,0.2,0.066667,0.133333,0
neg_1284,0.533333,0.0,0.0,0.2,0.266667,0
neg_1285,0.2,0.066667,0.066667,0.066667,0.6,0
neg_1286,0.333333,0.066667,0.333333,0.066667,0.2,0
neg_1287,0.266667,0.4,0.066667,0.0,0.266667,0
neg_1288,0.466667,0.333333,0.0,0.0,0.2,0
neg_1289,0.133333,0.133333,0.133333,0.2,0.4,0
neg_1290,0.466667,0.133333,0.133333,0.066667,0.2,0
neg_1291,0.666667,0.133333,0.066667,0.0,0.133333,0
neg_1292,0.4,0.133333,0.133333,0.066667,0.266667,0
neg_1293,0.266667,0.2,0.133333,0.066667,0.333333,0
neg_1294,0.7,0.2,0.0,0.05,0.05,0
neg_1295,0.533333,0.0,0.066667,0.066667,0.333333,0
neg_1296,0.466667,0.2,0.066667,0.0,0.266667,0
neg_1297,0.2,0.2,0.2,0.133333,0.266667,0
neg_1298,0.6,0.066667,0.066667,0.2,0.066667,0
neg_1299,0.333333,0.066667,0.133333,0.0,0.466667,0
neg_1300,0.2,0.266667,0.066667,0.0,0.466667,0
neg_1301,0.277778,0.222222,0.055556,0.055556,0.388889,0
neg_1302,0.35,0.1,0.15,0.1,0.3,0
neg_1303,0.533333,0.0,0.0,0.0,0.466667,0
neg_1304,0.466667,0.066667,0.0,0.333333,0.133333,0
neg_1305,0.466667,0.066667,0.0,0.133333,0.333333,0
neg_1306,0.6,0.05,0.1,0.05,0.2,0
neg_1307,0.266667,0.133333,0.066667,0.133333,0.4,0
neg_1308,0.6,0.0,0.0,0.0,0.4,0
neg_1309,0.4,0.133333,0.266667,0.0,0.2,0
neg_1310,0.466667,0.066667,0.0,0.066667,0.4,0
neg_1311,0.466667,0.066667,0.066667,0.0,0.4,0
neg_1312,0.6,0.05,0.15,0.0,0.2,0
neg_1313,0.45,0.15,0.1,0.0,0.3,0
neg_1314,0.333333,0.0,0.2,0.066667,0.4,0
neg_1315,0.066667,0.0,0.2,0.066667,0.666667,0
neg_1316,0.333333,0.266667,0.066667,0.066667,0.266667,0
neg_1317,0.666667,0.0,0.0,0.0,0.333333,0
neg_1318,0.4,0.066667,0.133333,0.266667,0.133333,0
neg_1319,0.266667,0.2,0.0,0.133333,0.4,0
neg_1320,0.533333,0.0,0.333333,0.0,0.133333,0
neg_1321,0.466667,0.066667,0.0,0.066667,0.4,0
neg_1322,0.333333,0.133333,0.2,0.066667,0.266667,0
neg_1323,0.2,0.133333,0.333333,0.2,0.133333,0
neg_1324,0.4,0.133333,0.2,0.066667,0.2,0
neg_1325,0.3,0.15,0.15,0.05,0.35,0
neg_1326,0.533333,0.0,0.066667,0.266667,0.133333,0
neg_1327,0.466667,0.066667,0.133333,0.133333,0.2,0
neg_1328,0.266667,0.066667,0.333333,0.066667,0.266667,0
neg_1329,0.466667,0.0,0.066667,0.4,0.066667,0
neg_1330,0.466667,0.0,0.133333,0.133333,0.266667,0
neg_1331,0.2,0.266667,0.2,0.133333,0.2,0
neg_1332,0.45,0.1,0.1,0.05,0.3,0
neg_1333,0.388889,0.055556,0.055556,0.222222,0.277778,0
neg_1334,0.466667,0.0,0.2,0.066667,0.266667,0
neg_1335,0.533333,0.066667,0.066667,0.066667,0.266667,0
neg_1336,0.8,0.0,0.0,0.0,0.2,0
neg_1337,0.333333,0.133333,0.133333,0.133333,0.266667,0
neg_1338,0.333333,0.066667,0.266667,0.133333,0.2,0
neg_1339,0.4,0.133333,0.2,0.133333,0.133333,0
neg_1340,0.466667,0.133333,0.133333,0.066667,0.2,0
neg_1341,0.4,0.066667,0.2,0.133333,0.2,0
neg_1342,0.466667,0.066667,0.133333,0.2,0.133333,0
neg_1343,0.4,0.2,0.0,0.133333,0.266667,0
neg_1344,0.2,0.2,0.266667,0.133333,0.2,0
neg_1345,0.2,0.2,0.133333,0.133333,0.333333,0
neg_1346,0.333333,0.2,0.2,0.266667,0.0,0
neg_1347,0.533333,0.266667,0.066667,0.0,0.133333,0
neg_1348,0.533333,0.066667,0.066667,0.133333,0.2,0
neg_1349,0.266667,0.133333,0.266667,0.0,0.333333,0
neg_1350,0.533333,0.133333,0.133333,0.133333,0.066667,0
neg_1351,0.4,0.066667,0.266667,0.133333,0.133333,0
neg_1352,0.466667,0.0,0.2,0.066667,0.266667,0
neg_1353,0.4,0.066667,0.066667,0.066667,0.4,0
neg_1354,0.4,0.066667,0.133333,0.133333,0.266667,0
neg_1355,0.266667,0.133333,0.266667,0.133333,0.2,0
neg_1356,0.32,0.04,0.2,0.04,0.4,0
neg_1357,0.4,0.066667,0.066667,0.066667,0.4,0
neg_1358,0.333333,0.133333,0.133333,0.133333,0.266667,0
neg_1359,0.1,0.0,0.25,0.3,0.35,0
neg_1360,0.466667,0.0,0.2,0.133333,0.2,0
neg_1361,0.333333,0.066667,0.333333,0.0,0.266667,0
neg_1362,0.6,0.2,0.066667,0.066667,0.066667,0
neg_1363,0.2,0.333333,0.133333,0.0,0.333333,0
neg_1364,0.6,0.133333,0.0,0.2,0.066667,0
neg_1365,0.4,0.066667,0.133333,0.133333,0.266667,0
neg_1366,0.666667,0.0,0.133333,0.0,0.2,0
neg_1367,0.266667,0.133333,0.066667,0.133333,0.4,0
neg_1368,0.466667,0.133333,0.066667,0.066667,0.266667,0
neg_1369,0.466667,0.133333,0.133333,0.0,0.266667,0
neg_1370,0.533333,0.0,0.066667,0.066667,0.333333,0
neg_1371,0.266667,0.333333,0.2,0.066667,0.133333,0
neg_1372,0.466667,0.0,0.066667,0.133333,0.333333,0
neg_1373,0.4,0.066667,0.133333,0.133333,0.266667,0
neg_1374,0.466667,0.066667,0.066667,0.066667,0.333333,0
neg_1375,0.2,0.0,0.133333,0.066667,0.6,0
neg_1376,0.6,0.066667,0.066667,0.066667,0.2,0
neg_1377,0.333333,0.133333,0.066667,0.066667,0.4,0
neg_1378,0.333333,0.0,0.266667,0.066667,0.333333,0
neg_1379,0.333333,0.2,0.2,0.133333,0.133333,0
neg_1380,0.333333,0.133333,0.0,0.133333,0.4,0
neg_1381,0.4,0.133333,0.133333,0.133333,0.2,0
neg_1382,0.333333,0.133333,0.2,0.0,0.333333,0
neg_1383,0.315789,0.052632,0.0,0.105263,0.526316,0
neg_1384,0.4,0.066667,0.2,0.066667,0.266667,0
neg_1385,0.5,0.05,0.15,0.05,0.25,0
neg_1386,0.466667,0.066667,0.333333,0.0,0.133333,0
neg_1387,0.4,0.2,0.066667,0.066667,0.266667,0
neg_1388,0.6,0.066667,0.0,0.0,0.333333,0
neg_1389,0.55,0.05,0.2,0.15,0.05,0
neg_1390,0.733333,0.0,0.0,0.0,0.266667,0
neg_1391,0.2,0.066667,0.2,0.066667,0.466667,0
neg_1392,0.466667,0.0,0.133333,0.133333,0.266667,0
neg_1393,0.6,0.066667,0.066667,0.0,0.266667,0
neg_1394,0.333333,0.066667,0.2,0.133333,0.266667,0
neg_1395,0.333333,0.133333,0.2,0.266667,0.066667,0
neg_1396,0.466667,0.0,0.066667,0.266667,0.2,0
neg_1397,0.466667,0.133333,0.2,0.066667,0.133333,0
neg_1398,0.2,0.133333,0.333333,0.066667,0.266667,0
neg_1399,0.4,0.266667,0.066667,0.133333,0.133333,0
neg_1400,0.466667,0.0,0.066667,0.066667,0.4,0
neg_1401,0.611111,0.055556,0.222222,0.0,0.111111,0
neg_1402,0.315789,0.052632,0.0,0.157895,0.473684,0
neg_1403,0.333333,0.133333,0.2,0.133333,0.2,0
neg_1404,0.266667,0.133333,0.133333,0.066667,0.4,0
neg_1405,0.5,0.071429,0.0,0.285714,0.142857,0
neg_1406,0.466667,0.2,0.066667,0.066667,0.2,0
neg_1407,0.2,0.2,0.133333,0.2,0.266667,0
neg_1408,0.4,0.066667,0.2,0.133333,0.2,0
neg_1409,0.266667,0.266667,0.133333,0.133333,0.2,0
neg_1410,0.7,0.05,0.05,0.05,0.15,0
neg_1411,0.4,0.1,0.1,0.2,0.2,0
neg_1412,0.466667,0.133333,0.133333,0.2,0.066667,0
neg_1413,0.333333,0.066667,0.2,0.133333,0.266667,0
neg_1414,0.333333,0.266667,0.066667,0.133333,0.2,0
neg_1415,0.2,0.133333,0.133333,0.133333,0.4,0
neg_1416,0.266667,0.2,0.133333,0.133333,0.266667,0
neg_1417,0.333333,0.2,0.066667,0.066667,0.333333,0
neg_1418,0.4,0.066667,0.066667,0.0,0.466667,0
neg_1419,0.333333,0.066667,0.133333,0.133333,0.333333,0
neg_1420,0.105263,0.105263,0.157895,0.0,0.631579,0
neg_1421,0.4,0.0,0.133333,0.133333,0.333333,0
neg_1422,0.333333,0.133333,0.066667,0.333333,0.133333,0
neg_1423,0.466667,0.0,0.133333,0.066667,0.333333,0
neg_1424,0.5,0.0,0.111111,0.0,0.388889,0
neg_1425,0.55,0.1,0.15,0.05,0.15,0
neg_1426,0.333333,0.133333,0.2,0.2,0.133333,0
neg_1427,0.133333,0.066667,0.2,0.333333,0.266667,0
neg_1428,0.266667,0.066667,0.266667,0.133333,0.266667,0
neg_1429,0.333333,0.2,0.133333,0.2,0.133333,0
neg_1430,0.466667,0.066667,0.133333,0.0,0.333333,0
neg_1431,0.466667,0.0,0.133333,0.133333,0.266667,0
neg_1432,0.466667,0.133333,0.266667,0.066667,0.066667,0
neg_1433,0.105263,0.157895,0.0,0.105263,0.631579,0
neg_1434,0.266667,0.066667,0.066667,0.133333,0.466667,0
neg_1435,0.533333,0.0,0.333333,0.0,0.133333,0
neg_1436,0.214286,0.214286,0.071429,0.142857,0.357143,0
neg_1437,0.4,0.133333,0.2,0.066667,0.2,0
neg_1438,0.466667,0.0,0.2,0.066667,0.266667,0
neg_1439,0.333333,0.066667,0.066667,0.266667,0.266667,0
neg_1440,0.533333,0.133333,0.0,0.0,0.333333,0
neg_1441,0.35,0.15,0.05,0.2,0.25,0
neg_1442,0.133333,0.2,0.133333,0.2,0.333333,0
neg_1443,0.4,0.0,0.066667,0.066667,0.466667,0
neg_1444,0.5,0.071429,0.142857,0.0,0.285714,0
neg_1445,0.533333,0.066667,0.066667,0.066667,0.266667,0
neg_1446,0.444444,0.083333,0.111111,0.083333,0.277778,0
neg_1447,0.133333,0.2,0.133333,0.0,0.533333,0
neg_1448,0.157895,0.052632,0.0,0.105263,0.684211,0
neg_1449,0.466667,0.0,0.0,0.0,0.533333,0
neg_1450,0.6,0.066667,0.066667,0.066667,0.2,0
neg_1451,0.133333,0.266667,0.066667,0.066667,0.466667,0
neg_1452,0.333333,0.2,0.066667,0.133333,0.266667,0
neg_1453,0.466667,0.2,0.0,0.066667,0.266667,0
neg_1454,0.368421,0.0,0.210526,0.052632,0.368421,0
neg_1455,0.466667,0.0,0.266667,0.0,0.266667,0
neg_1456,0.25,0.0,0.05,0.15,0.55,0
neg_1457,0.466667,0.0,0.133333,0.133333,0.266667,0
neg_1458,0.4,0.0,0.066667,0.2,0.333333,0
neg_1459,0.733333,0.066667,0.0,0.0,0.2,0
neg_1460,0.4,0.0,0.2,0.0,0.4,0
